sample_id	sample_uid	field	value	source	ref	scope	quote	verified
MM1_C1D15_PBPC_050819	geo:GSE168948:MM1_C1D15_PBPC_050819	donor_id	<column donor_token>	column	work/fp-c85a667f273b/cell_metadata_from_column_names.tsv/donor_token			True
MM1_C1D15_PBPC_051519	geo:GSE168948:MM1_C1D15_PBPC_051519	donor_id	<column donor_token>	column	work/fp-c85a667f273b/cell_metadata_from_column_names.tsv/donor_token			True
MM1_C1D8_PBPC_050819	geo:GSE168948:MM1_C1D8_PBPC_050819	donor_id	<column donor_token>	column	work/fp-c85a667f273b/cell_metadata_from_column_names.tsv/donor_token			True
MM1_C4D1_PBPC_092319	geo:GSE168948:MM1_C4D1_PBPC_092319	donor_id	<column donor_token>	column	work/fp-c85a667f273b/cell_metadata_from_column_names.tsv/donor_token			True
MM1_EoT_PBPC_121819	geo:GSE168948:MM1_EoT_PBPC_121819	donor_id	<column donor_token>	column	work/fp-c85a667f273b/cell_metadata_from_column_names.tsv/donor_token			True
MM1_screen_BMPC_042219	geo:GSE168948:MM1_screen_BMPC_042219	donor_id	<column donor_token>	column	work/fp-c85a667f273b/cell_metadata_from_column_names.tsv/donor_token			True
MM2_C1D8_PBPC_091817	geo:GSE168948:MM2_C1D8_PBPC_091817	donor_id	<column donor_token>	column	work/fp-c85a667f273b/cell_metadata_from_column_names.tsv/donor_token			True
MM2_screen_PBPC_091117	geo:GSE168948:MM2_screen_PBPC_091117	donor_id	<column donor_token>	column	work/fp-c85a667f273b/cell_metadata_from_column_names.tsv/donor_token			True
MM3_C1D8_PBPC_050918	geo:GSE168948:MM3_C1D8_PBPC_050918	donor_id	<column donor_token>	column	work/fp-c85a667f273b/cell_metadata_from_column_names.tsv/donor_token			True
MM3_C4D1_PBPC_080118	geo:GSE168948:MM3_C4D1_PBPC_080118	donor_id	<column donor_token>	column	work/fp-c85a667f273b/cell_metadata_from_column_names.tsv/donor_token			True
MM3_C7D1_PBPC_103118	geo:GSE168948:MM3_C7D1_PBPC_103118	donor_id	<column donor_token>	column	work/fp-c85a667f273b/cell_metadata_from_column_names.tsv/donor_token			True
MM3_EoT_BMPC_110718	geo:GSE168948:MM3_EoT_BMPC_110718	donor_id	<column donor_token>	column	work/fp-c85a667f273b/cell_metadata_from_column_names.tsv/donor_token			True
MM3_screen_BMPC_041918	geo:GSE168948:MM3_screen_BMPC_041918	donor_id	<column donor_token>	column	work/fp-c85a667f273b/cell_metadata_from_column_names.tsv/donor_token			True
MM3_screen_PBPC_042418	geo:GSE168948:MM3_screen_PBPC_042418	donor_id	<column donor_token>	column	work/fp-c85a667f273b/cell_metadata_from_column_names.tsv/donor_token			True
MM3_wk4_PBPC_051618	geo:GSE168948:MM3_wk4_PBPC_051618	donor_id	<column donor_token>	column	work/fp-c85a667f273b/cell_metadata_from_column_names.tsv/donor_token			True
ND_C5D1_BME_081618	geo:GSE168948:ND_C5D1_BME_081618	donor_id	<column donor_token>	column	work/fp-c85a667f273b/cell_metadata_from_column_names.tsv/donor_token			True
ND_Normal_BME_040419	geo:GSE168948:ND_Normal_BME_040419	donor_id	<column donor_token>	column	work/fp-c85a667f273b/cell_metadata_from_column_names.tsv/donor_token			True
ND_Screening_BME_081618	geo:GSE168948:ND_Screening_BME_081618	donor_id	<column donor_token>	column	work/fp-c85a667f273b/cell_metadata_from_column_names.tsv/donor_token			True
ND_Screening_BM_PC_081618	geo:GSE168948:ND_Screening_BM_PC_081618	donor_id	<column donor_token>	column	work/fp-c85a667f273b/cell_metadata_from_column_names.tsv/donor_token			True
MM1_C1D15_PBPC_050819	geo:GSE168948:MM1_C1D15_PBPC_050819	disease_free_text	<column donor_token>	column	work/fp-c85a667f273b/cell_metadata_from_column_names.tsv/donor_token			True
MM1_C1D15_PBPC_051519	geo:GSE168948:MM1_C1D15_PBPC_051519	disease_free_text	<column donor_token>	column	work/fp-c85a667f273b/cell_metadata_from_column_names.tsv/donor_token			True
MM1_C1D8_PBPC_050819	geo:GSE168948:MM1_C1D8_PBPC_050819	disease_free_text	<column donor_token>	column	work/fp-c85a667f273b/cell_metadata_from_column_names.tsv/donor_token			True
MM1_C4D1_PBPC_092319	geo:GSE168948:MM1_C4D1_PBPC_092319	disease_free_text	<column donor_token>	column	work/fp-c85a667f273b/cell_metadata_from_column_names.tsv/donor_token			True
MM1_EoT_PBPC_121819	geo:GSE168948:MM1_EoT_PBPC_121819	disease_free_text	<column donor_token>	column	work/fp-c85a667f273b/cell_metadata_from_column_names.tsv/donor_token			True
MM1_screen_BMPC_042219	geo:GSE168948:MM1_screen_BMPC_042219	disease_free_text	<column donor_token>	column	work/fp-c85a667f273b/cell_metadata_from_column_names.tsv/donor_token			True
MM2_C1D8_PBPC_091817	geo:GSE168948:MM2_C1D8_PBPC_091817	disease_free_text	<column donor_token>	column	work/fp-c85a667f273b/cell_metadata_from_column_names.tsv/donor_token			True
MM2_screen_PBPC_091117	geo:GSE168948:MM2_screen_PBPC_091117	disease_free_text	<column donor_token>	column	work/fp-c85a667f273b/cell_metadata_from_column_names.tsv/donor_token			True
MM3_C1D8_PBPC_050918	geo:GSE168948:MM3_C1D8_PBPC_050918	disease_free_text	<column donor_token>	column	work/fp-c85a667f273b/cell_metadata_from_column_names.tsv/donor_token			True
MM3_C4D1_PBPC_080118	geo:GSE168948:MM3_C4D1_PBPC_080118	disease_free_text	<column donor_token>	column	work/fp-c85a667f273b/cell_metadata_from_column_names.tsv/donor_token			True
MM3_C7D1_PBPC_103118	geo:GSE168948:MM3_C7D1_PBPC_103118	disease_free_text	<column donor_token>	column	work/fp-c85a667f273b/cell_metadata_from_column_names.tsv/donor_token			True
MM3_EoT_BMPC_110718	geo:GSE168948:MM3_EoT_BMPC_110718	disease_free_text	<column donor_token>	column	work/fp-c85a667f273b/cell_metadata_from_column_names.tsv/donor_token			True
MM3_screen_BMPC_041918	geo:GSE168948:MM3_screen_BMPC_041918	disease_free_text	<column donor_token>	column	work/fp-c85a667f273b/cell_metadata_from_column_names.tsv/donor_token			True
MM3_screen_PBPC_042418	geo:GSE168948:MM3_screen_PBPC_042418	disease_free_text	<column donor_token>	column	work/fp-c85a667f273b/cell_metadata_from_column_names.tsv/donor_token			True
MM3_wk4_PBPC_051618	geo:GSE168948:MM3_wk4_PBPC_051618	disease_free_text	<column donor_token>	column	work/fp-c85a667f273b/cell_metadata_from_column_names.tsv/donor_token			True
ND_C5D1_BME_081618	geo:GSE168948:ND_C5D1_BME_081618	disease_free_text	<column donor_token>	column	work/fp-c85a667f273b/cell_metadata_from_column_names.tsv/donor_token			True
ND_Normal_BME_040419	geo:GSE168948:ND_Normal_BME_040419	disease_free_text	<column donor_token>	column	work/fp-c85a667f273b/cell_metadata_from_column_names.tsv/donor_token			True
ND_Screening_BME_081618	geo:GSE168948:ND_Screening_BME_081618	disease_free_text	<column donor_token>	column	work/fp-c85a667f273b/cell_metadata_from_column_names.tsv/donor_token			True
ND_Screening_BM_PC_081618	geo:GSE168948:ND_Screening_BM_PC_081618	disease_free_text	<column donor_token>	column	work/fp-c85a667f273b/cell_metadata_from_column_names.tsv/donor_token			True
MM1_C1D15_PBPC_050819	geo:GSE168948:MM1_C1D15_PBPC_050819	disease_stage	<column donor_token>	column	work/fp-c85a667f273b/cell_metadata_from_column_names.tsv/donor_token			True
MM1_C1D15_PBPC_051519	geo:GSE168948:MM1_C1D15_PBPC_051519	disease_stage	<column donor_token>	column	work/fp-c85a667f273b/cell_metadata_from_column_names.tsv/donor_token			True
MM1_C1D8_PBPC_050819	geo:GSE168948:MM1_C1D8_PBPC_050819	disease_stage	<column donor_token>	column	work/fp-c85a667f273b/cell_metadata_from_column_names.tsv/donor_token			True
MM1_C4D1_PBPC_092319	geo:GSE168948:MM1_C4D1_PBPC_092319	disease_stage	<column donor_token>	column	work/fp-c85a667f273b/cell_metadata_from_column_names.tsv/donor_token			True
MM1_EoT_PBPC_121819	geo:GSE168948:MM1_EoT_PBPC_121819	disease_stage	<column donor_token>	column	work/fp-c85a667f273b/cell_metadata_from_column_names.tsv/donor_token			True
MM1_screen_BMPC_042219	geo:GSE168948:MM1_screen_BMPC_042219	disease_stage	<column donor_token>	column	work/fp-c85a667f273b/cell_metadata_from_column_names.tsv/donor_token			True
MM2_C1D8_PBPC_091817	geo:GSE168948:MM2_C1D8_PBPC_091817	disease_stage	<column donor_token>	column	work/fp-c85a667f273b/cell_metadata_from_column_names.tsv/donor_token			True
MM2_screen_PBPC_091117	geo:GSE168948:MM2_screen_PBPC_091117	disease_stage	<column donor_token>	column	work/fp-c85a667f273b/cell_metadata_from_column_names.tsv/donor_token			True
MM3_C1D8_PBPC_050918	geo:GSE168948:MM3_C1D8_PBPC_050918	disease_stage	<column donor_token>	column	work/fp-c85a667f273b/cell_metadata_from_column_names.tsv/donor_token			True
MM3_C4D1_PBPC_080118	geo:GSE168948:MM3_C4D1_PBPC_080118	disease_stage	<column donor_token>	column	work/fp-c85a667f273b/cell_metadata_from_column_names.tsv/donor_token			True
MM3_C7D1_PBPC_103118	geo:GSE168948:MM3_C7D1_PBPC_103118	disease_stage	<column donor_token>	column	work/fp-c85a667f273b/cell_metadata_from_column_names.tsv/donor_token			True
MM3_EoT_BMPC_110718	geo:GSE168948:MM3_EoT_BMPC_110718	disease_stage	<column donor_token>	column	work/fp-c85a667f273b/cell_metadata_from_column_names.tsv/donor_token			True
MM3_screen_BMPC_041918	geo:GSE168948:MM3_screen_BMPC_041918	disease_stage	<column donor_token>	column	work/fp-c85a667f273b/cell_metadata_from_column_names.tsv/donor_token			True
MM3_screen_PBPC_042418	geo:GSE168948:MM3_screen_PBPC_042418	disease_stage	<column donor_token>	column	work/fp-c85a667f273b/cell_metadata_from_column_names.tsv/donor_token			True
MM3_wk4_PBPC_051618	geo:GSE168948:MM3_wk4_PBPC_051618	disease_stage	<column donor_token>	column	work/fp-c85a667f273b/cell_metadata_from_column_names.tsv/donor_token			True
ND_C5D1_BME_081618	geo:GSE168948:ND_C5D1_BME_081618	disease_stage	<column donor_token>	column	work/fp-c85a667f273b/cell_metadata_from_column_names.tsv/donor_token			True
ND_Normal_BME_040419	geo:GSE168948:ND_Normal_BME_040419	disease_stage	<column donor_token>	column	work/fp-c85a667f273b/cell_metadata_from_column_names.tsv/donor_token			True
ND_Screening_BME_081618	geo:GSE168948:ND_Screening_BME_081618	disease_stage	<column donor_token>	column	work/fp-c85a667f273b/cell_metadata_from_column_names.tsv/donor_token			True
ND_Screening_BM_PC_081618	geo:GSE168948:ND_Screening_BM_PC_081618	disease_stage	<column donor_token>	column	work/fp-c85a667f273b/cell_metadata_from_column_names.tsv/donor_token			True
MM1_C1D15_PBPC_050819	geo:GSE168948:MM1_C1D15_PBPC_050819	sex_ontology_term_id	<column donor_token>	column	work/fp-c85a667f273b/cell_metadata_from_column_names.tsv/donor_token			True
MM1_C1D15_PBPC_051519	geo:GSE168948:MM1_C1D15_PBPC_051519	sex_ontology_term_id	<column donor_token>	column	work/fp-c85a667f273b/cell_metadata_from_column_names.tsv/donor_token			True
MM1_C1D8_PBPC_050819	geo:GSE168948:MM1_C1D8_PBPC_050819	sex_ontology_term_id	<column donor_token>	column	work/fp-c85a667f273b/cell_metadata_from_column_names.tsv/donor_token			True
MM1_C4D1_PBPC_092319	geo:GSE168948:MM1_C4D1_PBPC_092319	sex_ontology_term_id	<column donor_token>	column	work/fp-c85a667f273b/cell_metadata_from_column_names.tsv/donor_token			True
MM1_EoT_PBPC_121819	geo:GSE168948:MM1_EoT_PBPC_121819	sex_ontology_term_id	<column donor_token>	column	work/fp-c85a667f273b/cell_metadata_from_column_names.tsv/donor_token			True
MM1_screen_BMPC_042219	geo:GSE168948:MM1_screen_BMPC_042219	sex_ontology_term_id	<column donor_token>	column	work/fp-c85a667f273b/cell_metadata_from_column_names.tsv/donor_token			True
MM2_C1D8_PBPC_091817	geo:GSE168948:MM2_C1D8_PBPC_091817	sex_ontology_term_id	<column donor_token>	column	work/fp-c85a667f273b/cell_metadata_from_column_names.tsv/donor_token			True
MM2_screen_PBPC_091117	geo:GSE168948:MM2_screen_PBPC_091117	sex_ontology_term_id	<column donor_token>	column	work/fp-c85a667f273b/cell_metadata_from_column_names.tsv/donor_token			True
MM3_C1D8_PBPC_050918	geo:GSE168948:MM3_C1D8_PBPC_050918	sex_ontology_term_id	<column donor_token>	column	work/fp-c85a667f273b/cell_metadata_from_column_names.tsv/donor_token			True
MM3_C4D1_PBPC_080118	geo:GSE168948:MM3_C4D1_PBPC_080118	sex_ontology_term_id	<column donor_token>	column	work/fp-c85a667f273b/cell_metadata_from_column_names.tsv/donor_token			True
MM3_C7D1_PBPC_103118	geo:GSE168948:MM3_C7D1_PBPC_103118	sex_ontology_term_id	<column donor_token>	column	work/fp-c85a667f273b/cell_metadata_from_column_names.tsv/donor_token			True
MM3_EoT_BMPC_110718	geo:GSE168948:MM3_EoT_BMPC_110718	sex_ontology_term_id	<column donor_token>	column	work/fp-c85a667f273b/cell_metadata_from_column_names.tsv/donor_token			True
MM3_screen_BMPC_041918	geo:GSE168948:MM3_screen_BMPC_041918	sex_ontology_term_id	<column donor_token>	column	work/fp-c85a667f273b/cell_metadata_from_column_names.tsv/donor_token			True
MM3_screen_PBPC_042418	geo:GSE168948:MM3_screen_PBPC_042418	sex_ontology_term_id	<column donor_token>	column	work/fp-c85a667f273b/cell_metadata_from_column_names.tsv/donor_token			True
MM3_wk4_PBPC_051618	geo:GSE168948:MM3_wk4_PBPC_051618	sex_ontology_term_id	<column donor_token>	column	work/fp-c85a667f273b/cell_metadata_from_column_names.tsv/donor_token			True
ND_C5D1_BME_081618	geo:GSE168948:ND_C5D1_BME_081618	sex_ontology_term_id	<column donor_token>	column	work/fp-c85a667f273b/cell_metadata_from_column_names.tsv/donor_token			True
ND_Normal_BME_040419	geo:GSE168948:ND_Normal_BME_040419	sex_ontology_term_id	<column donor_token>	column	work/fp-c85a667f273b/cell_metadata_from_column_names.tsv/donor_token			True
ND_Screening_BME_081618	geo:GSE168948:ND_Screening_BME_081618	sex_ontology_term_id	<column donor_token>	column	work/fp-c85a667f273b/cell_metadata_from_column_names.tsv/donor_token			True
ND_Screening_BM_PC_081618	geo:GSE168948:ND_Screening_BM_PC_081618	sex_ontology_term_id	<column donor_token>	column	work/fp-c85a667f273b/cell_metadata_from_column_names.tsv/donor_token			True
MM1_C1D15_PBPC_050819	geo:GSE168948:MM1_C1D15_PBPC_050819	development_stage_ontology_term_id	<column donor_token>	column	work/fp-c85a667f273b/cell_metadata_from_column_names.tsv/donor_token			True
MM1_C1D15_PBPC_051519	geo:GSE168948:MM1_C1D15_PBPC_051519	development_stage_ontology_term_id	<column donor_token>	column	work/fp-c85a667f273b/cell_metadata_from_column_names.tsv/donor_token			True
MM1_C1D8_PBPC_050819	geo:GSE168948:MM1_C1D8_PBPC_050819	development_stage_ontology_term_id	<column donor_token>	column	work/fp-c85a667f273b/cell_metadata_from_column_names.tsv/donor_token			True
MM1_C4D1_PBPC_092319	geo:GSE168948:MM1_C4D1_PBPC_092319	development_stage_ontology_term_id	<column donor_token>	column	work/fp-c85a667f273b/cell_metadata_from_column_names.tsv/donor_token			True
MM1_EoT_PBPC_121819	geo:GSE168948:MM1_EoT_PBPC_121819	development_stage_ontology_term_id	<column donor_token>	column	work/fp-c85a667f273b/cell_metadata_from_column_names.tsv/donor_token			True
MM1_screen_BMPC_042219	geo:GSE168948:MM1_screen_BMPC_042219	development_stage_ontology_term_id	<column donor_token>	column	work/fp-c85a667f273b/cell_metadata_from_column_names.tsv/donor_token			True
MM2_C1D8_PBPC_091817	geo:GSE168948:MM2_C1D8_PBPC_091817	development_stage_ontology_term_id	<column donor_token>	column	work/fp-c85a667f273b/cell_metadata_from_column_names.tsv/donor_token			True
MM2_screen_PBPC_091117	geo:GSE168948:MM2_screen_PBPC_091117	development_stage_ontology_term_id	<column donor_token>	column	work/fp-c85a667f273b/cell_metadata_from_column_names.tsv/donor_token			True
MM3_C1D8_PBPC_050918	geo:GSE168948:MM3_C1D8_PBPC_050918	development_stage_ontology_term_id	<column donor_token>	column	work/fp-c85a667f273b/cell_metadata_from_column_names.tsv/donor_token			True
MM3_C4D1_PBPC_080118	geo:GSE168948:MM3_C4D1_PBPC_080118	development_stage_ontology_term_id	<column donor_token>	column	work/fp-c85a667f273b/cell_metadata_from_column_names.tsv/donor_token			True
MM3_C7D1_PBPC_103118	geo:GSE168948:MM3_C7D1_PBPC_103118	development_stage_ontology_term_id	<column donor_token>	column	work/fp-c85a667f273b/cell_metadata_from_column_names.tsv/donor_token			True
MM3_EoT_BMPC_110718	geo:GSE168948:MM3_EoT_BMPC_110718	development_stage_ontology_term_id	<column donor_token>	column	work/fp-c85a667f273b/cell_metadata_from_column_names.tsv/donor_token			True
MM3_screen_BMPC_041918	geo:GSE168948:MM3_screen_BMPC_041918	development_stage_ontology_term_id	<column donor_token>	column	work/fp-c85a667f273b/cell_metadata_from_column_names.tsv/donor_token			True
MM3_screen_PBPC_042418	geo:GSE168948:MM3_screen_PBPC_042418	development_stage_ontology_term_id	<column donor_token>	column	work/fp-c85a667f273b/cell_metadata_from_column_names.tsv/donor_token			True
MM3_wk4_PBPC_051618	geo:GSE168948:MM3_wk4_PBPC_051618	development_stage_ontology_term_id	<column donor_token>	column	work/fp-c85a667f273b/cell_metadata_from_column_names.tsv/donor_token			True
ND_C5D1_BME_081618	geo:GSE168948:ND_C5D1_BME_081618	development_stage_ontology_term_id	<column donor_token>	column	work/fp-c85a667f273b/cell_metadata_from_column_names.tsv/donor_token			True
ND_Normal_BME_040419	geo:GSE168948:ND_Normal_BME_040419	development_stage_ontology_term_id	<column donor_token>	column	work/fp-c85a667f273b/cell_metadata_from_column_names.tsv/donor_token			True
ND_Screening_BME_081618	geo:GSE168948:ND_Screening_BME_081618	development_stage_ontology_term_id	<column donor_token>	column	work/fp-c85a667f273b/cell_metadata_from_column_names.tsv/donor_token			True
ND_Screening_BM_PC_081618	geo:GSE168948:ND_Screening_BM_PC_081618	development_stage_ontology_term_id	<column donor_token>	column	work/fp-c85a667f273b/cell_metadata_from_column_names.tsv/donor_token			True
MM1_C1D15_PBPC_050819	geo:GSE168948:MM1_C1D15_PBPC_050819	tissue_free_text	<column site_token>	column	work/fp-c85a667f273b/cell_metadata_from_column_names.tsv/site_token			True
MM1_C1D15_PBPC_051519	geo:GSE168948:MM1_C1D15_PBPC_051519	tissue_free_text	<column site_token>	column	work/fp-c85a667f273b/cell_metadata_from_column_names.tsv/site_token			True
MM1_C1D8_PBPC_050819	geo:GSE168948:MM1_C1D8_PBPC_050819	tissue_free_text	<column site_token>	column	work/fp-c85a667f273b/cell_metadata_from_column_names.tsv/site_token			True
MM1_C4D1_PBPC_092319	geo:GSE168948:MM1_C4D1_PBPC_092319	tissue_free_text	<column site_token>	column	work/fp-c85a667f273b/cell_metadata_from_column_names.tsv/site_token			True
MM1_EoT_PBPC_121819	geo:GSE168948:MM1_EoT_PBPC_121819	tissue_free_text	<column site_token>	column	work/fp-c85a667f273b/cell_metadata_from_column_names.tsv/site_token			True
MM1_screen_BMPC_042219	geo:GSE168948:MM1_screen_BMPC_042219	tissue_free_text	<column site_token>	column	work/fp-c85a667f273b/cell_metadata_from_column_names.tsv/site_token			True
MM2_C1D8_PBPC_091817	geo:GSE168948:MM2_C1D8_PBPC_091817	tissue_free_text	<column site_token>	column	work/fp-c85a667f273b/cell_metadata_from_column_names.tsv/site_token			True
MM2_screen_PBPC_091117	geo:GSE168948:MM2_screen_PBPC_091117	tissue_free_text	<column site_token>	column	work/fp-c85a667f273b/cell_metadata_from_column_names.tsv/site_token			True
MM3_C1D8_PBPC_050918	geo:GSE168948:MM3_C1D8_PBPC_050918	tissue_free_text	<column site_token>	column	work/fp-c85a667f273b/cell_metadata_from_column_names.tsv/site_token			True
MM3_C4D1_PBPC_080118	geo:GSE168948:MM3_C4D1_PBPC_080118	tissue_free_text	<column site_token>	column	work/fp-c85a667f273b/cell_metadata_from_column_names.tsv/site_token			True
MM3_C7D1_PBPC_103118	geo:GSE168948:MM3_C7D1_PBPC_103118	tissue_free_text	<column site_token>	column	work/fp-c85a667f273b/cell_metadata_from_column_names.tsv/site_token			True
MM3_EoT_BMPC_110718	geo:GSE168948:MM3_EoT_BMPC_110718	tissue_free_text	<column site_token>	column	work/fp-c85a667f273b/cell_metadata_from_column_names.tsv/site_token			True
MM3_screen_BMPC_041918	geo:GSE168948:MM3_screen_BMPC_041918	tissue_free_text	<column site_token>	column	work/fp-c85a667f273b/cell_metadata_from_column_names.tsv/site_token			True
MM3_screen_PBPC_042418	geo:GSE168948:MM3_screen_PBPC_042418	tissue_free_text	<column site_token>	column	work/fp-c85a667f273b/cell_metadata_from_column_names.tsv/site_token			True
MM3_wk4_PBPC_051618	geo:GSE168948:MM3_wk4_PBPC_051618	tissue_free_text	<column site_token>	column	work/fp-c85a667f273b/cell_metadata_from_column_names.tsv/site_token			True
ND_C5D1_BME_081618	geo:GSE168948:ND_C5D1_BME_081618	tissue_free_text	<column site_token>	column	work/fp-c85a667f273b/cell_metadata_from_column_names.tsv/site_token			True
ND_Normal_BME_040419	geo:GSE168948:ND_Normal_BME_040419	tissue_free_text	<column site_token>	column	work/fp-c85a667f273b/cell_metadata_from_column_names.tsv/site_token			True
ND_Screening_BME_081618	geo:GSE168948:ND_Screening_BME_081618	tissue_free_text	<column site_token>	column	work/fp-c85a667f273b/cell_metadata_from_column_names.tsv/site_token			True
ND_Screening_BM_PC_081618	geo:GSE168948:ND_Screening_BM_PC_081618	tissue_free_text	<column site_token>	column	work/fp-c85a667f273b/cell_metadata_from_column_names.tsv/site_token			True
MM1_C1D15_PBPC_050819	geo:GSE168948:MM1_C1D15_PBPC_050819	tissue_ontology_term_id	<column site_token>	column	work/fp-c85a667f273b/cell_metadata_from_column_names.tsv/site_token			True
MM1_C1D15_PBPC_051519	geo:GSE168948:MM1_C1D15_PBPC_051519	tissue_ontology_term_id	<column site_token>	column	work/fp-c85a667f273b/cell_metadata_from_column_names.tsv/site_token			True
MM1_C1D8_PBPC_050819	geo:GSE168948:MM1_C1D8_PBPC_050819	tissue_ontology_term_id	<column site_token>	column	work/fp-c85a667f273b/cell_metadata_from_column_names.tsv/site_token			True
MM1_C4D1_PBPC_092319	geo:GSE168948:MM1_C4D1_PBPC_092319	tissue_ontology_term_id	<column site_token>	column	work/fp-c85a667f273b/cell_metadata_from_column_names.tsv/site_token			True
MM1_EoT_PBPC_121819	geo:GSE168948:MM1_EoT_PBPC_121819	tissue_ontology_term_id	<column site_token>	column	work/fp-c85a667f273b/cell_metadata_from_column_names.tsv/site_token			True
MM1_screen_BMPC_042219	geo:GSE168948:MM1_screen_BMPC_042219	tissue_ontology_term_id	<column site_token>	column	work/fp-c85a667f273b/cell_metadata_from_column_names.tsv/site_token			True
MM2_C1D8_PBPC_091817	geo:GSE168948:MM2_C1D8_PBPC_091817	tissue_ontology_term_id	<column site_token>	column	work/fp-c85a667f273b/cell_metadata_from_column_names.tsv/site_token			True
MM2_screen_PBPC_091117	geo:GSE168948:MM2_screen_PBPC_091117	tissue_ontology_term_id	<column site_token>	column	work/fp-c85a667f273b/cell_metadata_from_column_names.tsv/site_token			True
MM3_C1D8_PBPC_050918	geo:GSE168948:MM3_C1D8_PBPC_050918	tissue_ontology_term_id	<column site_token>	column	work/fp-c85a667f273b/cell_metadata_from_column_names.tsv/site_token			True
MM3_C4D1_PBPC_080118	geo:GSE168948:MM3_C4D1_PBPC_080118	tissue_ontology_term_id	<column site_token>	column	work/fp-c85a667f273b/cell_metadata_from_column_names.tsv/site_token			True
MM3_C7D1_PBPC_103118	geo:GSE168948:MM3_C7D1_PBPC_103118	tissue_ontology_term_id	<column site_token>	column	work/fp-c85a667f273b/cell_metadata_from_column_names.tsv/site_token			True
MM3_EoT_BMPC_110718	geo:GSE168948:MM3_EoT_BMPC_110718	tissue_ontology_term_id	<column site_token>	column	work/fp-c85a667f273b/cell_metadata_from_column_names.tsv/site_token			True
MM3_screen_BMPC_041918	geo:GSE168948:MM3_screen_BMPC_041918	tissue_ontology_term_id	<column site_token>	column	work/fp-c85a667f273b/cell_metadata_from_column_names.tsv/site_token			True
MM3_screen_PBPC_042418	geo:GSE168948:MM3_screen_PBPC_042418	tissue_ontology_term_id	<column site_token>	column	work/fp-c85a667f273b/cell_metadata_from_column_names.tsv/site_token			True
MM3_wk4_PBPC_051618	geo:GSE168948:MM3_wk4_PBPC_051618	tissue_ontology_term_id	<column site_token>	column	work/fp-c85a667f273b/cell_metadata_from_column_names.tsv/site_token			True
ND_C5D1_BME_081618	geo:GSE168948:ND_C5D1_BME_081618	tissue_ontology_term_id	<column site_token>	column	work/fp-c85a667f273b/cell_metadata_from_column_names.tsv/site_token			True
ND_Normal_BME_040419	geo:GSE168948:ND_Normal_BME_040419	tissue_ontology_term_id	<column site_token>	column	work/fp-c85a667f273b/cell_metadata_from_column_names.tsv/site_token			True
ND_Screening_BME_081618	geo:GSE168948:ND_Screening_BME_081618	tissue_ontology_term_id	<column site_token>	column	work/fp-c85a667f273b/cell_metadata_from_column_names.tsv/site_token			True
ND_Screening_BM_PC_081618	geo:GSE168948:ND_Screening_BM_PC_081618	tissue_ontology_term_id	<column site_token>	column	work/fp-c85a667f273b/cell_metadata_from_column_names.tsv/site_token			True
MM1_C1D15_PBPC_050819	geo:GSE168948:MM1_C1D15_PBPC_050819	cell_enrichment	<column donor_sort>	column	work/fp-c85a667f273b/cell_metadata_from_column_names.tsv/donor_sort			True
MM1_C1D15_PBPC_051519	geo:GSE168948:MM1_C1D15_PBPC_051519	cell_enrichment	<column donor_sort>	column	work/fp-c85a667f273b/cell_metadata_from_column_names.tsv/donor_sort			True
MM1_C1D8_PBPC_050819	geo:GSE168948:MM1_C1D8_PBPC_050819	cell_enrichment	<column donor_sort>	column	work/fp-c85a667f273b/cell_metadata_from_column_names.tsv/donor_sort			True
MM1_C4D1_PBPC_092319	geo:GSE168948:MM1_C4D1_PBPC_092319	cell_enrichment	<column donor_sort>	column	work/fp-c85a667f273b/cell_metadata_from_column_names.tsv/donor_sort			True
MM1_EoT_PBPC_121819	geo:GSE168948:MM1_EoT_PBPC_121819	cell_enrichment	<column donor_sort>	column	work/fp-c85a667f273b/cell_metadata_from_column_names.tsv/donor_sort			True
MM1_screen_BMPC_042219	geo:GSE168948:MM1_screen_BMPC_042219	cell_enrichment	<column donor_sort>	column	work/fp-c85a667f273b/cell_metadata_from_column_names.tsv/donor_sort			True
MM2_C1D8_PBPC_091817	geo:GSE168948:MM2_C1D8_PBPC_091817	cell_enrichment	<column donor_sort>	column	work/fp-c85a667f273b/cell_metadata_from_column_names.tsv/donor_sort			True
MM2_screen_PBPC_091117	geo:GSE168948:MM2_screen_PBPC_091117	cell_enrichment	<column donor_sort>	column	work/fp-c85a667f273b/cell_metadata_from_column_names.tsv/donor_sort			True
MM3_C1D8_PBPC_050918	geo:GSE168948:MM3_C1D8_PBPC_050918	cell_enrichment	<column donor_sort>	column	work/fp-c85a667f273b/cell_metadata_from_column_names.tsv/donor_sort			True
MM3_C4D1_PBPC_080118	geo:GSE168948:MM3_C4D1_PBPC_080118	cell_enrichment	<column donor_sort>	column	work/fp-c85a667f273b/cell_metadata_from_column_names.tsv/donor_sort			True
MM3_C7D1_PBPC_103118	geo:GSE168948:MM3_C7D1_PBPC_103118	cell_enrichment	<column donor_sort>	column	work/fp-c85a667f273b/cell_metadata_from_column_names.tsv/donor_sort			True
MM3_EoT_BMPC_110718	geo:GSE168948:MM3_EoT_BMPC_110718	cell_enrichment	<column donor_sort>	column	work/fp-c85a667f273b/cell_metadata_from_column_names.tsv/donor_sort			True
MM3_screen_BMPC_041918	geo:GSE168948:MM3_screen_BMPC_041918	cell_enrichment	<column donor_sort>	column	work/fp-c85a667f273b/cell_metadata_from_column_names.tsv/donor_sort			True
MM3_screen_PBPC_042418	geo:GSE168948:MM3_screen_PBPC_042418	cell_enrichment	<column donor_sort>	column	work/fp-c85a667f273b/cell_metadata_from_column_names.tsv/donor_sort			True
MM3_wk4_PBPC_051618	geo:GSE168948:MM3_wk4_PBPC_051618	cell_enrichment	<column donor_sort>	column	work/fp-c85a667f273b/cell_metadata_from_column_names.tsv/donor_sort			True
ND_C5D1_BME_081618	geo:GSE168948:ND_C5D1_BME_081618	cell_enrichment	<column donor_sort>	column	work/fp-c85a667f273b/cell_metadata_from_column_names.tsv/donor_sort			True
ND_Normal_BME_040419	geo:GSE168948:ND_Normal_BME_040419	cell_enrichment	<column donor_sort>	column	work/fp-c85a667f273b/cell_metadata_from_column_names.tsv/donor_sort			True
ND_Screening_BME_081618	geo:GSE168948:ND_Screening_BME_081618	cell_enrichment	<column donor_sort>	column	work/fp-c85a667f273b/cell_metadata_from_column_names.tsv/donor_sort			True
ND_Screening_BM_PC_081618	geo:GSE168948:ND_Screening_BM_PC_081618	cell_enrichment	<column donor_sort>	column	work/fp-c85a667f273b/cell_metadata_from_column_names.tsv/donor_sort			True
MM1_C1D15_PBPC_050819	geo:GSE168948:MM1_C1D15_PBPC_050819	treatment	<column donor_token>	column	work/fp-c85a667f273b/cell_metadata_from_column_names.tsv/donor_token			True
MM1_C1D15_PBPC_051519	geo:GSE168948:MM1_C1D15_PBPC_051519	treatment	<column donor_token>	column	work/fp-c85a667f273b/cell_metadata_from_column_names.tsv/donor_token			True
MM1_C1D8_PBPC_050819	geo:GSE168948:MM1_C1D8_PBPC_050819	treatment	<column donor_token>	column	work/fp-c85a667f273b/cell_metadata_from_column_names.tsv/donor_token			True
MM1_C4D1_PBPC_092319	geo:GSE168948:MM1_C4D1_PBPC_092319	treatment	<column donor_token>	column	work/fp-c85a667f273b/cell_metadata_from_column_names.tsv/donor_token			True
MM1_EoT_PBPC_121819	geo:GSE168948:MM1_EoT_PBPC_121819	treatment	<column donor_token>	column	work/fp-c85a667f273b/cell_metadata_from_column_names.tsv/donor_token			True
MM1_screen_BMPC_042219	geo:GSE168948:MM1_screen_BMPC_042219	treatment	<column donor_token>	column	work/fp-c85a667f273b/cell_metadata_from_column_names.tsv/donor_token			True
MM2_C1D8_PBPC_091817	geo:GSE168948:MM2_C1D8_PBPC_091817	treatment	<column donor_token>	column	work/fp-c85a667f273b/cell_metadata_from_column_names.tsv/donor_token			True
MM2_screen_PBPC_091117	geo:GSE168948:MM2_screen_PBPC_091117	treatment	<column donor_token>	column	work/fp-c85a667f273b/cell_metadata_from_column_names.tsv/donor_token			True
MM3_C1D8_PBPC_050918	geo:GSE168948:MM3_C1D8_PBPC_050918	treatment	<column donor_token>	column	work/fp-c85a667f273b/cell_metadata_from_column_names.tsv/donor_token			True
MM3_C4D1_PBPC_080118	geo:GSE168948:MM3_C4D1_PBPC_080118	treatment	<column donor_token>	column	work/fp-c85a667f273b/cell_metadata_from_column_names.tsv/donor_token			True
MM3_C7D1_PBPC_103118	geo:GSE168948:MM3_C7D1_PBPC_103118	treatment	<column donor_token>	column	work/fp-c85a667f273b/cell_metadata_from_column_names.tsv/donor_token			True
MM3_EoT_BMPC_110718	geo:GSE168948:MM3_EoT_BMPC_110718	treatment	<column donor_token>	column	work/fp-c85a667f273b/cell_metadata_from_column_names.tsv/donor_token			True
MM3_screen_BMPC_041918	geo:GSE168948:MM3_screen_BMPC_041918	treatment	<column donor_token>	column	work/fp-c85a667f273b/cell_metadata_from_column_names.tsv/donor_token			True
MM3_screen_PBPC_042418	geo:GSE168948:MM3_screen_PBPC_042418	treatment	<column donor_token>	column	work/fp-c85a667f273b/cell_metadata_from_column_names.tsv/donor_token			True
MM3_wk4_PBPC_051618	geo:GSE168948:MM3_wk4_PBPC_051618	treatment	<column donor_token>	column	work/fp-c85a667f273b/cell_metadata_from_column_names.tsv/donor_token			True
ND_C5D1_BME_081618	geo:GSE168948:ND_C5D1_BME_081618	treatment	<column donor_token>	column	work/fp-c85a667f273b/cell_metadata_from_column_names.tsv/donor_token			True
ND_Normal_BME_040419	geo:GSE168948:ND_Normal_BME_040419	treatment	<column donor_token>	column	work/fp-c85a667f273b/cell_metadata_from_column_names.tsv/donor_token			True
ND_Screening_BME_081618	geo:GSE168948:ND_Screening_BME_081618	treatment	<column donor_token>	column	work/fp-c85a667f273b/cell_metadata_from_column_names.tsv/donor_token			True
ND_Screening_BM_PC_081618	geo:GSE168948:ND_Screening_BM_PC_081618	treatment	<column donor_token>	column	work/fp-c85a667f273b/cell_metadata_from_column_names.tsv/donor_token			True
MM1_C1D15_PBPC_050819	geo:GSE168948:MM1_C1D15_PBPC_050819	treatment_status	<column donor_timepoint>	column	work/fp-c85a667f273b/cell_metadata_from_column_names.tsv/donor_timepoint			True
MM1_C1D15_PBPC_051519	geo:GSE168948:MM1_C1D15_PBPC_051519	treatment_status	<column donor_timepoint>	column	work/fp-c85a667f273b/cell_metadata_from_column_names.tsv/donor_timepoint			True
MM1_C1D8_PBPC_050819	geo:GSE168948:MM1_C1D8_PBPC_050819	treatment_status	<column donor_timepoint>	column	work/fp-c85a667f273b/cell_metadata_from_column_names.tsv/donor_timepoint			True
MM1_C4D1_PBPC_092319	geo:GSE168948:MM1_C4D1_PBPC_092319	treatment_status	<column donor_timepoint>	column	work/fp-c85a667f273b/cell_metadata_from_column_names.tsv/donor_timepoint			True
MM1_EoT_PBPC_121819	geo:GSE168948:MM1_EoT_PBPC_121819	treatment_status	<column donor_timepoint>	column	work/fp-c85a667f273b/cell_metadata_from_column_names.tsv/donor_timepoint			True
MM1_screen_BMPC_042219	geo:GSE168948:MM1_screen_BMPC_042219	treatment_status	<column donor_timepoint>	column	work/fp-c85a667f273b/cell_metadata_from_column_names.tsv/donor_timepoint			True
MM2_C1D8_PBPC_091817	geo:GSE168948:MM2_C1D8_PBPC_091817	treatment_status	<column donor_timepoint>	column	work/fp-c85a667f273b/cell_metadata_from_column_names.tsv/donor_timepoint			True
MM2_screen_PBPC_091117	geo:GSE168948:MM2_screen_PBPC_091117	treatment_status	<column donor_timepoint>	column	work/fp-c85a667f273b/cell_metadata_from_column_names.tsv/donor_timepoint			True
MM3_C1D8_PBPC_050918	geo:GSE168948:MM3_C1D8_PBPC_050918	treatment_status	<column donor_timepoint>	column	work/fp-c85a667f273b/cell_metadata_from_column_names.tsv/donor_timepoint			True
MM3_C4D1_PBPC_080118	geo:GSE168948:MM3_C4D1_PBPC_080118	treatment_status	<column donor_timepoint>	column	work/fp-c85a667f273b/cell_metadata_from_column_names.tsv/donor_timepoint			True
MM3_C7D1_PBPC_103118	geo:GSE168948:MM3_C7D1_PBPC_103118	treatment_status	<column donor_timepoint>	column	work/fp-c85a667f273b/cell_metadata_from_column_names.tsv/donor_timepoint			True
MM3_EoT_BMPC_110718	geo:GSE168948:MM3_EoT_BMPC_110718	treatment_status	<column donor_timepoint>	column	work/fp-c85a667f273b/cell_metadata_from_column_names.tsv/donor_timepoint			True
MM3_screen_BMPC_041918	geo:GSE168948:MM3_screen_BMPC_041918	treatment_status	<column donor_timepoint>	column	work/fp-c85a667f273b/cell_metadata_from_column_names.tsv/donor_timepoint			True
MM3_screen_PBPC_042418	geo:GSE168948:MM3_screen_PBPC_042418	treatment_status	<column donor_timepoint>	column	work/fp-c85a667f273b/cell_metadata_from_column_names.tsv/donor_timepoint			True
MM3_wk4_PBPC_051618	geo:GSE168948:MM3_wk4_PBPC_051618	treatment_status	<column donor_timepoint>	column	work/fp-c85a667f273b/cell_metadata_from_column_names.tsv/donor_timepoint			True
ND_C5D1_BME_081618	geo:GSE168948:ND_C5D1_BME_081618	treatment_status	<column donor_timepoint>	column	work/fp-c85a667f273b/cell_metadata_from_column_names.tsv/donor_timepoint			True
ND_Normal_BME_040419	geo:GSE168948:ND_Normal_BME_040419	treatment_status	<column donor_timepoint>	column	work/fp-c85a667f273b/cell_metadata_from_column_names.tsv/donor_timepoint			True
ND_Screening_BME_081618	geo:GSE168948:ND_Screening_BME_081618	treatment_status	<column donor_timepoint>	column	work/fp-c85a667f273b/cell_metadata_from_column_names.tsv/donor_timepoint			True
ND_Screening_BM_PC_081618	geo:GSE168948:ND_Screening_BM_PC_081618	treatment_status	<column donor_timepoint>	column	work/fp-c85a667f273b/cell_metadata_from_column_names.tsv/donor_timepoint			True
MM1_C1D15_PBPC_050819	geo:GSE168948:MM1_C1D15_PBPC_050819	timepoint	<column donor_timepoint>	column	work/fp-c85a667f273b/cell_metadata_from_column_names.tsv/donor_timepoint			True
MM1_C1D15_PBPC_051519	geo:GSE168948:MM1_C1D15_PBPC_051519	timepoint	<column donor_timepoint>	column	work/fp-c85a667f273b/cell_metadata_from_column_names.tsv/donor_timepoint			True
MM1_C1D8_PBPC_050819	geo:GSE168948:MM1_C1D8_PBPC_050819	timepoint	<column donor_timepoint>	column	work/fp-c85a667f273b/cell_metadata_from_column_names.tsv/donor_timepoint			True
MM1_C4D1_PBPC_092319	geo:GSE168948:MM1_C4D1_PBPC_092319	timepoint	<column donor_timepoint>	column	work/fp-c85a667f273b/cell_metadata_from_column_names.tsv/donor_timepoint			True
MM1_EoT_PBPC_121819	geo:GSE168948:MM1_EoT_PBPC_121819	timepoint	<column donor_timepoint>	column	work/fp-c85a667f273b/cell_metadata_from_column_names.tsv/donor_timepoint			True
MM1_screen_BMPC_042219	geo:GSE168948:MM1_screen_BMPC_042219	timepoint	<column donor_timepoint>	column	work/fp-c85a667f273b/cell_metadata_from_column_names.tsv/donor_timepoint			True
MM2_C1D8_PBPC_091817	geo:GSE168948:MM2_C1D8_PBPC_091817	timepoint	<column donor_timepoint>	column	work/fp-c85a667f273b/cell_metadata_from_column_names.tsv/donor_timepoint			True
MM2_screen_PBPC_091117	geo:GSE168948:MM2_screen_PBPC_091117	timepoint	<column donor_timepoint>	column	work/fp-c85a667f273b/cell_metadata_from_column_names.tsv/donor_timepoint			True
MM3_C1D8_PBPC_050918	geo:GSE168948:MM3_C1D8_PBPC_050918	timepoint	<column donor_timepoint>	column	work/fp-c85a667f273b/cell_metadata_from_column_names.tsv/donor_timepoint			True
MM3_C4D1_PBPC_080118	geo:GSE168948:MM3_C4D1_PBPC_080118	timepoint	<column donor_timepoint>	column	work/fp-c85a667f273b/cell_metadata_from_column_names.tsv/donor_timepoint			True
MM3_C7D1_PBPC_103118	geo:GSE168948:MM3_C7D1_PBPC_103118	timepoint	<column donor_timepoint>	column	work/fp-c85a667f273b/cell_metadata_from_column_names.tsv/donor_timepoint			True
MM3_EoT_BMPC_110718	geo:GSE168948:MM3_EoT_BMPC_110718	timepoint	<column donor_timepoint>	column	work/fp-c85a667f273b/cell_metadata_from_column_names.tsv/donor_timepoint			True
MM3_screen_BMPC_041918	geo:GSE168948:MM3_screen_BMPC_041918	timepoint	<column donor_timepoint>	column	work/fp-c85a667f273b/cell_metadata_from_column_names.tsv/donor_timepoint			True
MM3_screen_PBPC_042418	geo:GSE168948:MM3_screen_PBPC_042418	timepoint	<column donor_timepoint>	column	work/fp-c85a667f273b/cell_metadata_from_column_names.tsv/donor_timepoint			True
MM3_wk4_PBPC_051618	geo:GSE168948:MM3_wk4_PBPC_051618	timepoint	<column donor_timepoint>	column	work/fp-c85a667f273b/cell_metadata_from_column_names.tsv/donor_timepoint			True
ND_C5D1_BME_081618	geo:GSE168948:ND_C5D1_BME_081618	timepoint	<column donor_timepoint>	column	work/fp-c85a667f273b/cell_metadata_from_column_names.tsv/donor_timepoint			True
ND_Normal_BME_040419	geo:GSE168948:ND_Normal_BME_040419	timepoint	<column donor_timepoint>	column	work/fp-c85a667f273b/cell_metadata_from_column_names.tsv/donor_timepoint			True
ND_Screening_BME_081618	geo:GSE168948:ND_Screening_BME_081618	timepoint	<column donor_timepoint>	column	work/fp-c85a667f273b/cell_metadata_from_column_names.tsv/donor_timepoint			True
ND_Screening_BM_PC_081618	geo:GSE168948:ND_Screening_BM_PC_081618	timepoint	<column donor_timepoint>	column	work/fp-c85a667f273b/cell_metadata_from_column_names.tsv/donor_timepoint			True
MM1_C1D15_PBPC_050819	geo:GSE168948:MM1_C1D15_PBPC_050819	response	<column donor_token>	column	work/fp-c85a667f273b/cell_metadata_from_column_names.tsv/donor_token			True
MM1_C1D15_PBPC_051519	geo:GSE168948:MM1_C1D15_PBPC_051519	response	<column donor_token>	column	work/fp-c85a667f273b/cell_metadata_from_column_names.tsv/donor_token			True
MM1_C1D8_PBPC_050819	geo:GSE168948:MM1_C1D8_PBPC_050819	response	<column donor_token>	column	work/fp-c85a667f273b/cell_metadata_from_column_names.tsv/donor_token			True
MM1_C4D1_PBPC_092319	geo:GSE168948:MM1_C4D1_PBPC_092319	response	<column donor_token>	column	work/fp-c85a667f273b/cell_metadata_from_column_names.tsv/donor_token			True
MM1_EoT_PBPC_121819	geo:GSE168948:MM1_EoT_PBPC_121819	response	<column donor_token>	column	work/fp-c85a667f273b/cell_metadata_from_column_names.tsv/donor_token			True
MM1_screen_BMPC_042219	geo:GSE168948:MM1_screen_BMPC_042219	response	<column donor_token>	column	work/fp-c85a667f273b/cell_metadata_from_column_names.tsv/donor_token			True
MM2_C1D8_PBPC_091817	geo:GSE168948:MM2_C1D8_PBPC_091817	response	<column donor_token>	column	work/fp-c85a667f273b/cell_metadata_from_column_names.tsv/donor_token			True
MM2_screen_PBPC_091117	geo:GSE168948:MM2_screen_PBPC_091117	response	<column donor_token>	column	work/fp-c85a667f273b/cell_metadata_from_column_names.tsv/donor_token			True
MM3_C1D8_PBPC_050918	geo:GSE168948:MM3_C1D8_PBPC_050918	response	<column donor_token>	column	work/fp-c85a667f273b/cell_metadata_from_column_names.tsv/donor_token			True
MM3_C4D1_PBPC_080118	geo:GSE168948:MM3_C4D1_PBPC_080118	response	<column donor_token>	column	work/fp-c85a667f273b/cell_metadata_from_column_names.tsv/donor_token			True
MM3_C7D1_PBPC_103118	geo:GSE168948:MM3_C7D1_PBPC_103118	response	<column donor_token>	column	work/fp-c85a667f273b/cell_metadata_from_column_names.tsv/donor_token			True
MM3_EoT_BMPC_110718	geo:GSE168948:MM3_EoT_BMPC_110718	response	<column donor_token>	column	work/fp-c85a667f273b/cell_metadata_from_column_names.tsv/donor_token			True
MM3_screen_BMPC_041918	geo:GSE168948:MM3_screen_BMPC_041918	response	<column donor_token>	column	work/fp-c85a667f273b/cell_metadata_from_column_names.tsv/donor_token			True
MM3_screen_PBPC_042418	geo:GSE168948:MM3_screen_PBPC_042418	response	<column donor_token>	column	work/fp-c85a667f273b/cell_metadata_from_column_names.tsv/donor_token			True
MM3_wk4_PBPC_051618	geo:GSE168948:MM3_wk4_PBPC_051618	response	<column donor_token>	column	work/fp-c85a667f273b/cell_metadata_from_column_names.tsv/donor_token			True
ND_C5D1_BME_081618	geo:GSE168948:ND_C5D1_BME_081618	response	<column donor_token>	column	work/fp-c85a667f273b/cell_metadata_from_column_names.tsv/donor_token			True
ND_Normal_BME_040419	geo:GSE168948:ND_Normal_BME_040419	response	<column donor_token>	column	work/fp-c85a667f273b/cell_metadata_from_column_names.tsv/donor_token			True
ND_Screening_BME_081618	geo:GSE168948:ND_Screening_BME_081618	response	<column donor_token>	column	work/fp-c85a667f273b/cell_metadata_from_column_names.tsv/donor_token			True
ND_Screening_BM_PC_081618	geo:GSE168948:ND_Screening_BM_PC_081618	response	<column donor_token>	column	work/fp-c85a667f273b/cell_metadata_from_column_names.tsv/donor_token			True
MM1_C1D15_PBPC_050819	geo:GSE168948:MM1_C1D15_PBPC_050819	sex_ontology_term_id	PATO:0000383	derived	sex_map		female	True
MM1_C1D15_PBPC_051519	geo:GSE168948:MM1_C1D15_PBPC_051519	sex_ontology_term_id	PATO:0000383	derived	sex_map		female	True
MM1_C1D8_PBPC_050819	geo:GSE168948:MM1_C1D8_PBPC_050819	sex_ontology_term_id	PATO:0000383	derived	sex_map		female	True
MM1_C4D1_PBPC_092319	geo:GSE168948:MM1_C4D1_PBPC_092319	sex_ontology_term_id	PATO:0000383	derived	sex_map		female	True
MM1_EoT_PBPC_121819	geo:GSE168948:MM1_EoT_PBPC_121819	sex_ontology_term_id	PATO:0000383	derived	sex_map		female	True
MM1_screen_BMPC_042219	geo:GSE168948:MM1_screen_BMPC_042219	sex_ontology_term_id	PATO:0000383	derived	sex_map		female	True
MM2_C1D8_PBPC_091817	geo:GSE168948:MM2_C1D8_PBPC_091817	sex_ontology_term_id	PATO:0000383	derived	sex_map		female	True
MM2_screen_PBPC_091117	geo:GSE168948:MM2_screen_PBPC_091117	sex_ontology_term_id	PATO:0000383	derived	sex_map		female	True
MM3_C1D8_PBPC_050918	geo:GSE168948:MM3_C1D8_PBPC_050918	sex_ontology_term_id	PATO:0000383	derived	sex_map		female	True
MM3_C4D1_PBPC_080118	geo:GSE168948:MM3_C4D1_PBPC_080118	sex_ontology_term_id	PATO:0000383	derived	sex_map		female	True
MM3_C7D1_PBPC_103118	geo:GSE168948:MM3_C7D1_PBPC_103118	sex_ontology_term_id	PATO:0000383	derived	sex_map		female	True
MM3_EoT_BMPC_110718	geo:GSE168948:MM3_EoT_BMPC_110718	sex_ontology_term_id	PATO:0000383	derived	sex_map		female	True
MM3_screen_BMPC_041918	geo:GSE168948:MM3_screen_BMPC_041918	sex_ontology_term_id	PATO:0000383	derived	sex_map		female	True
MM3_screen_PBPC_042418	geo:GSE168948:MM3_screen_PBPC_042418	sex_ontology_term_id	PATO:0000383	derived	sex_map		female	True
MM3_wk4_PBPC_051618	geo:GSE168948:MM3_wk4_PBPC_051618	sex_ontology_term_id	PATO:0000383	derived	sex_map		female	True
ND_C5D1_BME_081618	geo:GSE168948:ND_C5D1_BME_081618	sex_ontology_term_id	PATO:0000383	derived	sex_map		female	True
ND_Normal_BME_040419	geo:GSE168948:ND_Normal_BME_040419	sex_ontology_term_id	PATO:0000383	derived	sex_map		female	True
ND_Screening_BME_081618	geo:GSE168948:ND_Screening_BME_081618	sex_ontology_term_id	PATO:0000383	derived	sex_map		female	True
ND_Screening_BM_PC_081618	geo:GSE168948:ND_Screening_BM_PC_081618	sex_ontology_term_id	PATO:0000383	derived	sex_map		female	True
MM1_C1D15_PBPC_050819	geo:GSE168948:MM1_C1D15_PBPC_050819	assay_ontology_term_id	EFO:0008931	derived	ols:efo		Smart-seq2	True
MM1_C1D15_PBPC_051519	geo:GSE168948:MM1_C1D15_PBPC_051519	assay_ontology_term_id	EFO:0008931	derived	ols:efo		Smart-seq2	True
MM1_C1D8_PBPC_050819	geo:GSE168948:MM1_C1D8_PBPC_050819	assay_ontology_term_id	EFO:0008931	derived	ols:efo		Smart-seq2	True
MM1_C4D1_PBPC_092319	geo:GSE168948:MM1_C4D1_PBPC_092319	assay_ontology_term_id	EFO:0008931	derived	ols:efo		Smart-seq2	True
MM1_EoT_PBPC_121819	geo:GSE168948:MM1_EoT_PBPC_121819	assay_ontology_term_id	EFO:0008931	derived	ols:efo		Smart-seq2	True
MM1_screen_BMPC_042219	geo:GSE168948:MM1_screen_BMPC_042219	assay_ontology_term_id	EFO:0008931	derived	ols:efo		Smart-seq2	True
MM2_C1D8_PBPC_091817	geo:GSE168948:MM2_C1D8_PBPC_091817	assay_ontology_term_id	EFO:0008931	derived	ols:efo		Smart-seq2	True
MM2_screen_PBPC_091117	geo:GSE168948:MM2_screen_PBPC_091117	assay_ontology_term_id	EFO:0008931	derived	ols:efo		Smart-seq2	True
MM3_C1D8_PBPC_050918	geo:GSE168948:MM3_C1D8_PBPC_050918	assay_ontology_term_id	EFO:0008931	derived	ols:efo		Smart-seq2	True
MM3_C4D1_PBPC_080118	geo:GSE168948:MM3_C4D1_PBPC_080118	assay_ontology_term_id	EFO:0008931	derived	ols:efo		Smart-seq2	True
MM3_C7D1_PBPC_103118	geo:GSE168948:MM3_C7D1_PBPC_103118	assay_ontology_term_id	EFO:0008931	derived	ols:efo		Smart-seq2	True
MM3_EoT_BMPC_110718	geo:GSE168948:MM3_EoT_BMPC_110718	assay_ontology_term_id	EFO:0008931	derived	ols:efo		Smart-seq2	True
MM3_screen_BMPC_041918	geo:GSE168948:MM3_screen_BMPC_041918	assay_ontology_term_id	EFO:0008931	derived	ols:efo		Smart-seq2	True
MM3_screen_PBPC_042418	geo:GSE168948:MM3_screen_PBPC_042418	assay_ontology_term_id	EFO:0008931	derived	ols:efo		Smart-seq2	True
MM3_wk4_PBPC_051618	geo:GSE168948:MM3_wk4_PBPC_051618	assay_ontology_term_id	EFO:0008931	derived	ols:efo		Smart-seq2	True
ND_C5D1_BME_081618	geo:GSE168948:ND_C5D1_BME_081618	assay_ontology_term_id	EFO:0008931	derived	ols:efo		Smart-seq2	True
ND_Normal_BME_040419	geo:GSE168948:ND_Normal_BME_040419	assay_ontology_term_id	EFO:0008931	derived	ols:efo		Smart-seq2	True
ND_Screening_BME_081618	geo:GSE168948:ND_Screening_BME_081618	assay_ontology_term_id	EFO:0008931	derived	ols:efo		Smart-seq2	True
ND_Screening_BM_PC_081618	geo:GSE168948:ND_Screening_BM_PC_081618	assay_ontology_term_id	EFO:0008931	derived	ols:efo		Smart-seq2	True
MM1_C1D15_PBPC_050819	geo:GSE168948:MM1_C1D15_PBPC_050819	development_stage_ontology_term_id	HsapDv:0000154	derived	age_in_years:'60-year-old stage':ols:hsapdv		60	True
MM1_C1D15_PBPC_051519	geo:GSE168948:MM1_C1D15_PBPC_051519	development_stage_ontology_term_id	HsapDv:0000154	derived	age_in_years:'60-year-old stage':ols:hsapdv		60	True
MM1_C1D8_PBPC_050819	geo:GSE168948:MM1_C1D8_PBPC_050819	development_stage_ontology_term_id	HsapDv:0000154	derived	age_in_years:'60-year-old stage':ols:hsapdv		60	True
MM1_C4D1_PBPC_092319	geo:GSE168948:MM1_C4D1_PBPC_092319	development_stage_ontology_term_id	HsapDv:0000154	derived	age_in_years:'60-year-old stage':ols:hsapdv		60	True
MM1_EoT_PBPC_121819	geo:GSE168948:MM1_EoT_PBPC_121819	development_stage_ontology_term_id	HsapDv:0000154	derived	age_in_years:'60-year-old stage':ols:hsapdv		60	True
MM1_screen_BMPC_042219	geo:GSE168948:MM1_screen_BMPC_042219	development_stage_ontology_term_id	HsapDv:0000154	derived	age_in_years:'60-year-old stage':ols:hsapdv		60	True
MM2_C1D8_PBPC_091817	geo:GSE168948:MM2_C1D8_PBPC_091817	development_stage_ontology_term_id	HsapDv:0000154	derived	age_in_years:'60-year-old stage':ols:hsapdv		60	True
MM2_screen_PBPC_091117	geo:GSE168948:MM2_screen_PBPC_091117	development_stage_ontology_term_id	HsapDv:0000154	derived	age_in_years:'60-year-old stage':ols:hsapdv		60	True
MM3_C1D8_PBPC_050918	geo:GSE168948:MM3_C1D8_PBPC_050918	development_stage_ontology_term_id	HsapDv:0000154	derived	age_in_years:'60-year-old stage':ols:hsapdv		60	True
MM3_C4D1_PBPC_080118	geo:GSE168948:MM3_C4D1_PBPC_080118	development_stage_ontology_term_id	HsapDv:0000154	derived	age_in_years:'60-year-old stage':ols:hsapdv		60	True
MM3_C7D1_PBPC_103118	geo:GSE168948:MM3_C7D1_PBPC_103118	development_stage_ontology_term_id	HsapDv:0000154	derived	age_in_years:'60-year-old stage':ols:hsapdv		60	True
MM3_EoT_BMPC_110718	geo:GSE168948:MM3_EoT_BMPC_110718	development_stage_ontology_term_id	HsapDv:0000154	derived	age_in_years:'60-year-old stage':ols:hsapdv		60	True
MM3_screen_BMPC_041918	geo:GSE168948:MM3_screen_BMPC_041918	development_stage_ontology_term_id	HsapDv:0000154	derived	age_in_years:'60-year-old stage':ols:hsapdv		60	True
MM3_screen_PBPC_042418	geo:GSE168948:MM3_screen_PBPC_042418	development_stage_ontology_term_id	HsapDv:0000154	derived	age_in_years:'60-year-old stage':ols:hsapdv		60	True
MM3_wk4_PBPC_051618	geo:GSE168948:MM3_wk4_PBPC_051618	development_stage_ontology_term_id	HsapDv:0000154	derived	age_in_years:'60-year-old stage':ols:hsapdv		60	True
ND_C5D1_BME_081618	geo:GSE168948:ND_C5D1_BME_081618	development_stage_ontology_term_id	HsapDv:0000154	derived	age_in_years:'60-year-old stage':ols:hsapdv		60	True
ND_Normal_BME_040419	geo:GSE168948:ND_Normal_BME_040419	development_stage_ontology_term_id	HsapDv:0000154	derived	age_in_years:'60-year-old stage':ols:hsapdv		60	True
ND_Screening_BME_081618	geo:GSE168948:ND_Screening_BME_081618	development_stage_ontology_term_id	HsapDv:0000154	derived	age_in_years:'60-year-old stage':ols:hsapdv		60	True
ND_Screening_BM_PC_081618	geo:GSE168948:ND_Screening_BM_PC_081618	development_stage_ontology_term_id	HsapDv:0000154	derived	age_in_years:'60-year-old stage':ols:hsapdv		60	True
MM1_C1D15_PBPC_050819	geo:GSE168948:MM1_C1D15_PBPC_050819	development_stage_ontology_term_id	HsapDv:0000159	derived	age_in_years:'65-year-old stage':ols:hsapdv		65	True
MM1_C1D15_PBPC_051519	geo:GSE168948:MM1_C1D15_PBPC_051519	development_stage_ontology_term_id	HsapDv:0000159	derived	age_in_years:'65-year-old stage':ols:hsapdv		65	True
MM1_C1D8_PBPC_050819	geo:GSE168948:MM1_C1D8_PBPC_050819	development_stage_ontology_term_id	HsapDv:0000159	derived	age_in_years:'65-year-old stage':ols:hsapdv		65	True
MM1_C4D1_PBPC_092319	geo:GSE168948:MM1_C4D1_PBPC_092319	development_stage_ontology_term_id	HsapDv:0000159	derived	age_in_years:'65-year-old stage':ols:hsapdv		65	True
MM1_EoT_PBPC_121819	geo:GSE168948:MM1_EoT_PBPC_121819	development_stage_ontology_term_id	HsapDv:0000159	derived	age_in_years:'65-year-old stage':ols:hsapdv		65	True
MM1_screen_BMPC_042219	geo:GSE168948:MM1_screen_BMPC_042219	development_stage_ontology_term_id	HsapDv:0000159	derived	age_in_years:'65-year-old stage':ols:hsapdv		65	True
MM2_C1D8_PBPC_091817	geo:GSE168948:MM2_C1D8_PBPC_091817	development_stage_ontology_term_id	HsapDv:0000159	derived	age_in_years:'65-year-old stage':ols:hsapdv		65	True
MM2_screen_PBPC_091117	geo:GSE168948:MM2_screen_PBPC_091117	development_stage_ontology_term_id	HsapDv:0000159	derived	age_in_years:'65-year-old stage':ols:hsapdv		65	True
MM3_C1D8_PBPC_050918	geo:GSE168948:MM3_C1D8_PBPC_050918	development_stage_ontology_term_id	HsapDv:0000159	derived	age_in_years:'65-year-old stage':ols:hsapdv		65	True
MM3_C4D1_PBPC_080118	geo:GSE168948:MM3_C4D1_PBPC_080118	development_stage_ontology_term_id	HsapDv:0000159	derived	age_in_years:'65-year-old stage':ols:hsapdv		65	True
MM3_C7D1_PBPC_103118	geo:GSE168948:MM3_C7D1_PBPC_103118	development_stage_ontology_term_id	HsapDv:0000159	derived	age_in_years:'65-year-old stage':ols:hsapdv		65	True
MM3_EoT_BMPC_110718	geo:GSE168948:MM3_EoT_BMPC_110718	development_stage_ontology_term_id	HsapDv:0000159	derived	age_in_years:'65-year-old stage':ols:hsapdv		65	True
MM3_screen_BMPC_041918	geo:GSE168948:MM3_screen_BMPC_041918	development_stage_ontology_term_id	HsapDv:0000159	derived	age_in_years:'65-year-old stage':ols:hsapdv		65	True
MM3_screen_PBPC_042418	geo:GSE168948:MM3_screen_PBPC_042418	development_stage_ontology_term_id	HsapDv:0000159	derived	age_in_years:'65-year-old stage':ols:hsapdv		65	True
MM3_wk4_PBPC_051618	geo:GSE168948:MM3_wk4_PBPC_051618	development_stage_ontology_term_id	HsapDv:0000159	derived	age_in_years:'65-year-old stage':ols:hsapdv		65	True
ND_C5D1_BME_081618	geo:GSE168948:ND_C5D1_BME_081618	development_stage_ontology_term_id	HsapDv:0000159	derived	age_in_years:'65-year-old stage':ols:hsapdv		65	True
ND_Normal_BME_040419	geo:GSE168948:ND_Normal_BME_040419	development_stage_ontology_term_id	HsapDv:0000159	derived	age_in_years:'65-year-old stage':ols:hsapdv		65	True
ND_Screening_BME_081618	geo:GSE168948:ND_Screening_BME_081618	development_stage_ontology_term_id	HsapDv:0000159	derived	age_in_years:'65-year-old stage':ols:hsapdv		65	True
ND_Screening_BM_PC_081618	geo:GSE168948:ND_Screening_BM_PC_081618	development_stage_ontology_term_id	HsapDv:0000159	derived	age_in_years:'65-year-old stage':ols:hsapdv		65	True
MM1_C1D15_PBPC_050819	geo:GSE168948:MM1_C1D15_PBPC_050819	development_stage_ontology_term_id	HsapDv:0000158	derived	age_in_years:'64-year-old stage':ols:hsapdv		64	True
MM1_C1D15_PBPC_051519	geo:GSE168948:MM1_C1D15_PBPC_051519	development_stage_ontology_term_id	HsapDv:0000158	derived	age_in_years:'64-year-old stage':ols:hsapdv		64	True
MM1_C1D8_PBPC_050819	geo:GSE168948:MM1_C1D8_PBPC_050819	development_stage_ontology_term_id	HsapDv:0000158	derived	age_in_years:'64-year-old stage':ols:hsapdv		64	True
MM1_C4D1_PBPC_092319	geo:GSE168948:MM1_C4D1_PBPC_092319	development_stage_ontology_term_id	HsapDv:0000158	derived	age_in_years:'64-year-old stage':ols:hsapdv		64	True
MM1_EoT_PBPC_121819	geo:GSE168948:MM1_EoT_PBPC_121819	development_stage_ontology_term_id	HsapDv:0000158	derived	age_in_years:'64-year-old stage':ols:hsapdv		64	True
MM1_screen_BMPC_042219	geo:GSE168948:MM1_screen_BMPC_042219	development_stage_ontology_term_id	HsapDv:0000158	derived	age_in_years:'64-year-old stage':ols:hsapdv		64	True
MM2_C1D8_PBPC_091817	geo:GSE168948:MM2_C1D8_PBPC_091817	development_stage_ontology_term_id	HsapDv:0000158	derived	age_in_years:'64-year-old stage':ols:hsapdv		64	True
MM2_screen_PBPC_091117	geo:GSE168948:MM2_screen_PBPC_091117	development_stage_ontology_term_id	HsapDv:0000158	derived	age_in_years:'64-year-old stage':ols:hsapdv		64	True
MM3_C1D8_PBPC_050918	geo:GSE168948:MM3_C1D8_PBPC_050918	development_stage_ontology_term_id	HsapDv:0000158	derived	age_in_years:'64-year-old stage':ols:hsapdv		64	True
MM3_C4D1_PBPC_080118	geo:GSE168948:MM3_C4D1_PBPC_080118	development_stage_ontology_term_id	HsapDv:0000158	derived	age_in_years:'64-year-old stage':ols:hsapdv		64	True
MM3_C7D1_PBPC_103118	geo:GSE168948:MM3_C7D1_PBPC_103118	development_stage_ontology_term_id	HsapDv:0000158	derived	age_in_years:'64-year-old stage':ols:hsapdv		64	True
MM3_EoT_BMPC_110718	geo:GSE168948:MM3_EoT_BMPC_110718	development_stage_ontology_term_id	HsapDv:0000158	derived	age_in_years:'64-year-old stage':ols:hsapdv		64	True
MM3_screen_BMPC_041918	geo:GSE168948:MM3_screen_BMPC_041918	development_stage_ontology_term_id	HsapDv:0000158	derived	age_in_years:'64-year-old stage':ols:hsapdv		64	True
MM3_screen_PBPC_042418	geo:GSE168948:MM3_screen_PBPC_042418	development_stage_ontology_term_id	HsapDv:0000158	derived	age_in_years:'64-year-old stage':ols:hsapdv		64	True
MM3_wk4_PBPC_051618	geo:GSE168948:MM3_wk4_PBPC_051618	development_stage_ontology_term_id	HsapDv:0000158	derived	age_in_years:'64-year-old stage':ols:hsapdv		64	True
ND_C5D1_BME_081618	geo:GSE168948:ND_C5D1_BME_081618	development_stage_ontology_term_id	HsapDv:0000158	derived	age_in_years:'64-year-old stage':ols:hsapdv		64	True
ND_Normal_BME_040419	geo:GSE168948:ND_Normal_BME_040419	development_stage_ontology_term_id	HsapDv:0000158	derived	age_in_years:'64-year-old stage':ols:hsapdv		64	True
ND_Screening_BME_081618	geo:GSE168948:ND_Screening_BME_081618	development_stage_ontology_term_id	HsapDv:0000158	derived	age_in_years:'64-year-old stage':ols:hsapdv		64	True
ND_Screening_BM_PC_081618	geo:GSE168948:ND_Screening_BM_PC_081618	development_stage_ontology_term_id	HsapDv:0000158	derived	age_in_years:'64-year-old stage':ols:hsapdv		64	True
MM1_C1D15_PBPC_050819	geo:GSE168948:MM1_C1D15_PBPC_050819	disease_ontology_term_id	MONDO:0009693	derived	ols:mondo		multiple myeloma	True
MM1_C1D15_PBPC_051519	geo:GSE168948:MM1_C1D15_PBPC_051519	disease_ontology_term_id	MONDO:0009693	derived	ols:mondo		multiple myeloma	True
MM1_C1D8_PBPC_050819	geo:GSE168948:MM1_C1D8_PBPC_050819	disease_ontology_term_id	MONDO:0009693	derived	ols:mondo		multiple myeloma	True
MM1_C4D1_PBPC_092319	geo:GSE168948:MM1_C4D1_PBPC_092319	disease_ontology_term_id	MONDO:0009693	derived	ols:mondo		multiple myeloma	True
MM1_EoT_PBPC_121819	geo:GSE168948:MM1_EoT_PBPC_121819	disease_ontology_term_id	MONDO:0009693	derived	ols:mondo		multiple myeloma	True
MM1_screen_BMPC_042219	geo:GSE168948:MM1_screen_BMPC_042219	disease_ontology_term_id	MONDO:0009693	derived	ols:mondo		multiple myeloma	True
MM2_C1D8_PBPC_091817	geo:GSE168948:MM2_C1D8_PBPC_091817	disease_ontology_term_id	MONDO:0009693	derived	ols:mondo		multiple myeloma	True
MM2_screen_PBPC_091117	geo:GSE168948:MM2_screen_PBPC_091117	disease_ontology_term_id	MONDO:0009693	derived	ols:mondo		multiple myeloma	True
MM3_C1D8_PBPC_050918	geo:GSE168948:MM3_C1D8_PBPC_050918	disease_ontology_term_id	MONDO:0009693	derived	ols:mondo		multiple myeloma	True
MM3_C4D1_PBPC_080118	geo:GSE168948:MM3_C4D1_PBPC_080118	disease_ontology_term_id	MONDO:0009693	derived	ols:mondo		multiple myeloma	True
MM3_C7D1_PBPC_103118	geo:GSE168948:MM3_C7D1_PBPC_103118	disease_ontology_term_id	MONDO:0009693	derived	ols:mondo		multiple myeloma	True
MM3_EoT_BMPC_110718	geo:GSE168948:MM3_EoT_BMPC_110718	disease_ontology_term_id	MONDO:0009693	derived	ols:mondo		multiple myeloma	True
MM3_screen_BMPC_041918	geo:GSE168948:MM3_screen_BMPC_041918	disease_ontology_term_id	MONDO:0009693	derived	ols:mondo		multiple myeloma	True
MM3_screen_PBPC_042418	geo:GSE168948:MM3_screen_PBPC_042418	disease_ontology_term_id	MONDO:0009693	derived	ols:mondo		multiple myeloma	True
MM3_wk4_PBPC_051618	geo:GSE168948:MM3_wk4_PBPC_051618	disease_ontology_term_id	MONDO:0009693	derived	ols:mondo		multiple myeloma	True
ND_C5D1_BME_081618	geo:GSE168948:ND_C5D1_BME_081618	disease_ontology_term_id	MONDO:0009693	derived	ols:mondo		multiple myeloma	True
ND_Normal_BME_040419	geo:GSE168948:ND_Normal_BME_040419	disease_ontology_term_id	MONDO:0009693	derived	ols:mondo		multiple myeloma	True
ND_Screening_BME_081618	geo:GSE168948:ND_Screening_BME_081618	disease_ontology_term_id	MONDO:0009693	derived	ols:mondo		multiple myeloma	True
ND_Screening_BM_PC_081618	geo:GSE168948:ND_Screening_BM_PC_081618	disease_ontology_term_id	MONDO:0009693	derived	ols:mondo		multiple myeloma	True
MM1_C1D15_PBPC_050819	geo:GSE168948:MM1_C1D15_PBPC_050819	disease_ontology_term_id	PATO:0000461	derived	pato_normal		normal	True
MM1_C1D15_PBPC_051519	geo:GSE168948:MM1_C1D15_PBPC_051519	disease_ontology_term_id	PATO:0000461	derived	pato_normal		normal	True
MM1_C1D8_PBPC_050819	geo:GSE168948:MM1_C1D8_PBPC_050819	disease_ontology_term_id	PATO:0000461	derived	pato_normal		normal	True
MM1_C4D1_PBPC_092319	geo:GSE168948:MM1_C4D1_PBPC_092319	disease_ontology_term_id	PATO:0000461	derived	pato_normal		normal	True
MM1_EoT_PBPC_121819	geo:GSE168948:MM1_EoT_PBPC_121819	disease_ontology_term_id	PATO:0000461	derived	pato_normal		normal	True
MM1_screen_BMPC_042219	geo:GSE168948:MM1_screen_BMPC_042219	disease_ontology_term_id	PATO:0000461	derived	pato_normal		normal	True
MM2_C1D8_PBPC_091817	geo:GSE168948:MM2_C1D8_PBPC_091817	disease_ontology_term_id	PATO:0000461	derived	pato_normal		normal	True
MM2_screen_PBPC_091117	geo:GSE168948:MM2_screen_PBPC_091117	disease_ontology_term_id	PATO:0000461	derived	pato_normal		normal	True
MM3_C1D8_PBPC_050918	geo:GSE168948:MM3_C1D8_PBPC_050918	disease_ontology_term_id	PATO:0000461	derived	pato_normal		normal	True
MM3_C4D1_PBPC_080118	geo:GSE168948:MM3_C4D1_PBPC_080118	disease_ontology_term_id	PATO:0000461	derived	pato_normal		normal	True
MM3_C7D1_PBPC_103118	geo:GSE168948:MM3_C7D1_PBPC_103118	disease_ontology_term_id	PATO:0000461	derived	pato_normal		normal	True
MM3_EoT_BMPC_110718	geo:GSE168948:MM3_EoT_BMPC_110718	disease_ontology_term_id	PATO:0000461	derived	pato_normal		normal	True
MM3_screen_BMPC_041918	geo:GSE168948:MM3_screen_BMPC_041918	disease_ontology_term_id	PATO:0000461	derived	pato_normal		normal	True
MM3_screen_PBPC_042418	geo:GSE168948:MM3_screen_PBPC_042418	disease_ontology_term_id	PATO:0000461	derived	pato_normal		normal	True
MM3_wk4_PBPC_051618	geo:GSE168948:MM3_wk4_PBPC_051618	disease_ontology_term_id	PATO:0000461	derived	pato_normal		normal	True
ND_C5D1_BME_081618	geo:GSE168948:ND_C5D1_BME_081618	disease_ontology_term_id	PATO:0000461	derived	pato_normal		normal	True
ND_Normal_BME_040419	geo:GSE168948:ND_Normal_BME_040419	disease_ontology_term_id	PATO:0000461	derived	pato_normal		normal	True
ND_Screening_BME_081618	geo:GSE168948:ND_Screening_BME_081618	disease_ontology_term_id	PATO:0000461	derived	pato_normal		normal	True
ND_Screening_BM_PC_081618	geo:GSE168948:ND_Screening_BM_PC_081618	disease_ontology_term_id	PATO:0000461	derived	pato_normal		normal	True
		organism	Homo sapiens	file	raw/fp-c85a667f273b/GSE168948_family.soft.gz		!Sample_organism_ch1 = Homo sapiens	True
MM1_C1D15_PBPC_050819	geo:GSE168948:MM1_C1D15_PBPC_050819	assay	Smart-seq2	file	raw/fp-c85a667f273b/GSE168948_family.soft.gz		!Sample_extract_protocol_ch1 = Full-length single-cell RNA-seq libraries were prepared using Smart-seq2.	True
MM1_C1D15_PBPC_051519	geo:GSE168948:MM1_C1D15_PBPC_051519	assay	Smart-seq2	file	raw/fp-c85a667f273b/GSE168948_family.soft.gz		!Sample_extract_protocol_ch1 = Full-length single-cell RNA-seq libraries were prepared using Smart-seq2.	True
MM1_C1D8_PBPC_050819	geo:GSE168948:MM1_C1D8_PBPC_050819	assay	Smart-seq2	file	raw/fp-c85a667f273b/GSE168948_family.soft.gz		!Sample_extract_protocol_ch1 = Full-length single-cell RNA-seq libraries were prepared using Smart-seq2.	True
MM1_C4D1_PBPC_092319	geo:GSE168948:MM1_C4D1_PBPC_092319	assay	Smart-seq2	file	raw/fp-c85a667f273b/GSE168948_family.soft.gz		!Sample_extract_protocol_ch1 = Full-length single-cell RNA-seq libraries were prepared using Smart-seq2.	True
MM1_EoT_PBPC_121819	geo:GSE168948:MM1_EoT_PBPC_121819	assay	Smart-seq2	file	raw/fp-c85a667f273b/GSE168948_family.soft.gz		!Sample_extract_protocol_ch1 = Full-length single-cell RNA-seq libraries were prepared using Smart-seq2.	True
MM1_screen_BMPC_042219	geo:GSE168948:MM1_screen_BMPC_042219	assay	Smart-seq2	file	raw/fp-c85a667f273b/GSE168948_family.soft.gz		!Sample_extract_protocol_ch1 = Full-length single-cell RNA-seq libraries were prepared using Smart-seq2.	True
MM2_C1D8_PBPC_091817	geo:GSE168948:MM2_C1D8_PBPC_091817	assay	Smart-seq2	file	raw/fp-c85a667f273b/GSE168948_family.soft.gz		!Sample_extract_protocol_ch1 = Full-length single-cell RNA-seq libraries were prepared using Smart-seq2.	True
MM2_screen_PBPC_091117	geo:GSE168948:MM2_screen_PBPC_091117	assay	Smart-seq2	file	raw/fp-c85a667f273b/GSE168948_family.soft.gz		!Sample_extract_protocol_ch1 = Full-length single-cell RNA-seq libraries were prepared using Smart-seq2.	True
MM3_C1D8_PBPC_050918	geo:GSE168948:MM3_C1D8_PBPC_050918	assay	Smart-seq2	file	raw/fp-c85a667f273b/GSE168948_family.soft.gz		!Sample_extract_protocol_ch1 = Full-length single-cell RNA-seq libraries were prepared using Smart-seq2.	True
MM3_C4D1_PBPC_080118	geo:GSE168948:MM3_C4D1_PBPC_080118	assay	Smart-seq2	file	raw/fp-c85a667f273b/GSE168948_family.soft.gz		!Sample_extract_protocol_ch1 = Full-length single-cell RNA-seq libraries were prepared using Smart-seq2.	True
MM3_C7D1_PBPC_103118	geo:GSE168948:MM3_C7D1_PBPC_103118	assay	Smart-seq2	file	raw/fp-c85a667f273b/GSE168948_family.soft.gz		!Sample_extract_protocol_ch1 = Full-length single-cell RNA-seq libraries were prepared using Smart-seq2.	True
MM3_EoT_BMPC_110718	geo:GSE168948:MM3_EoT_BMPC_110718	assay	Smart-seq2	file	raw/fp-c85a667f273b/GSE168948_family.soft.gz		!Sample_extract_protocol_ch1 = Full-length single-cell RNA-seq libraries were prepared using Smart-seq2.	True
MM3_screen_BMPC_041918	geo:GSE168948:MM3_screen_BMPC_041918	assay	Smart-seq2	file	raw/fp-c85a667f273b/GSE168948_family.soft.gz		!Sample_extract_protocol_ch1 = Full-length single-cell RNA-seq libraries were prepared using Smart-seq2.	True
MM3_screen_PBPC_042418	geo:GSE168948:MM3_screen_PBPC_042418	assay	Smart-seq2	file	raw/fp-c85a667f273b/GSE168948_family.soft.gz		!Sample_extract_protocol_ch1 = Full-length single-cell RNA-seq libraries were prepared using Smart-seq2.	True
MM3_wk4_PBPC_051618	geo:GSE168948:MM3_wk4_PBPC_051618	assay	Smart-seq2	file	raw/fp-c85a667f273b/GSE168948_family.soft.gz		!Sample_extract_protocol_ch1 = Full-length single-cell RNA-seq libraries were prepared using Smart-seq2.	True
ND_C5D1_BME_081618	geo:GSE168948:ND_C5D1_BME_081618	assay	Smart-seq2	file	raw/fp-c85a667f273b/GSE168948_family.soft.gz		!Sample_extract_protocol_ch1 = Full-length single-cell RNA-seq libraries were prepared using Smart-seq2.	True
ND_Normal_BME_040419	geo:GSE168948:ND_Normal_BME_040419	assay	Smart-seq2	file	raw/fp-c85a667f273b/GSE168948_family.soft.gz		!Sample_extract_protocol_ch1 = Full-length single-cell RNA-seq libraries were prepared using Smart-seq2.	True
ND_Screening_BME_081618	geo:GSE168948:ND_Screening_BME_081618	assay	Smart-seq2	file	raw/fp-c85a667f273b/GSE168948_family.soft.gz		!Sample_extract_protocol_ch1 = Full-length single-cell RNA-seq libraries were prepared using Smart-seq2.	True
ND_Screening_BM_PC_081618	geo:GSE168948:ND_Screening_BM_PC_081618	assay	Smart-seq2	file	raw/fp-c85a667f273b/GSE168948_family.soft.gz		!Sample_extract_protocol_ch1 = Full-length single-cell RNA-seq libraries were prepared using Smart-seq2.	True
MM1_C1D15_PBPC_050819	geo:GSE168948:MM1_C1D15_PBPC_050819	suspension_type	cell	file	evidence/PMC8639639.txt		Single cells were sorted into 96-well plates containing TCL buffer (Qiagen) on a Sony SH800 sorter.	True
MM1_C1D15_PBPC_051519	geo:GSE168948:MM1_C1D15_PBPC_051519	suspension_type	cell	file	evidence/PMC8639639.txt		Single cells were sorted into 96-well plates containing TCL buffer (Qiagen) on a Sony SH800 sorter.	True
MM1_C1D8_PBPC_050819	geo:GSE168948:MM1_C1D8_PBPC_050819	suspension_type	cell	file	evidence/PMC8639639.txt		Single cells were sorted into 96-well plates containing TCL buffer (Qiagen) on a Sony SH800 sorter.	True
MM1_C4D1_PBPC_092319	geo:GSE168948:MM1_C4D1_PBPC_092319	suspension_type	cell	file	evidence/PMC8639639.txt		Single cells were sorted into 96-well plates containing TCL buffer (Qiagen) on a Sony SH800 sorter.	True
MM1_EoT_PBPC_121819	geo:GSE168948:MM1_EoT_PBPC_121819	suspension_type	cell	file	evidence/PMC8639639.txt		Single cells were sorted into 96-well plates containing TCL buffer (Qiagen) on a Sony SH800 sorter.	True
MM1_screen_BMPC_042219	geo:GSE168948:MM1_screen_BMPC_042219	suspension_type	cell	file	evidence/PMC8639639.txt		Single cells were sorted into 96-well plates containing TCL buffer (Qiagen) on a Sony SH800 sorter.	True
MM2_C1D8_PBPC_091817	geo:GSE168948:MM2_C1D8_PBPC_091817	suspension_type	cell	file	evidence/PMC8639639.txt		Single cells were sorted into 96-well plates containing TCL buffer (Qiagen) on a Sony SH800 sorter.	True
MM2_screen_PBPC_091117	geo:GSE168948:MM2_screen_PBPC_091117	suspension_type	cell	file	evidence/PMC8639639.txt		Single cells were sorted into 96-well plates containing TCL buffer (Qiagen) on a Sony SH800 sorter.	True
MM3_C1D8_PBPC_050918	geo:GSE168948:MM3_C1D8_PBPC_050918	suspension_type	cell	file	evidence/PMC8639639.txt		Single cells were sorted into 96-well plates containing TCL buffer (Qiagen) on a Sony SH800 sorter.	True
MM3_C4D1_PBPC_080118	geo:GSE168948:MM3_C4D1_PBPC_080118	suspension_type	cell	file	evidence/PMC8639639.txt		Single cells were sorted into 96-well plates containing TCL buffer (Qiagen) on a Sony SH800 sorter.	True
MM3_C7D1_PBPC_103118	geo:GSE168948:MM3_C7D1_PBPC_103118	suspension_type	cell	file	evidence/PMC8639639.txt		Single cells were sorted into 96-well plates containing TCL buffer (Qiagen) on a Sony SH800 sorter.	True
MM3_EoT_BMPC_110718	geo:GSE168948:MM3_EoT_BMPC_110718	suspension_type	cell	file	evidence/PMC8639639.txt		Single cells were sorted into 96-well plates containing TCL buffer (Qiagen) on a Sony SH800 sorter.	True
MM3_screen_BMPC_041918	geo:GSE168948:MM3_screen_BMPC_041918	suspension_type	cell	file	evidence/PMC8639639.txt		Single cells were sorted into 96-well plates containing TCL buffer (Qiagen) on a Sony SH800 sorter.	True
MM3_screen_PBPC_042418	geo:GSE168948:MM3_screen_PBPC_042418	suspension_type	cell	file	evidence/PMC8639639.txt		Single cells were sorted into 96-well plates containing TCL buffer (Qiagen) on a Sony SH800 sorter.	True
MM3_wk4_PBPC_051618	geo:GSE168948:MM3_wk4_PBPC_051618	suspension_type	cell	file	evidence/PMC8639639.txt		Single cells were sorted into 96-well plates containing TCL buffer (Qiagen) on a Sony SH800 sorter.	True
ND_C5D1_BME_081618	geo:GSE168948:ND_C5D1_BME_081618	suspension_type	cell	file	evidence/PMC8639639.txt		Single cells were sorted into 96-well plates containing TCL buffer (Qiagen) on a Sony SH800 sorter.	True
ND_Normal_BME_040419	geo:GSE168948:ND_Normal_BME_040419	suspension_type	cell	file	evidence/PMC8639639.txt		Single cells were sorted into 96-well plates containing TCL buffer (Qiagen) on a Sony SH800 sorter.	True
ND_Screening_BME_081618	geo:GSE168948:ND_Screening_BME_081618	suspension_type	cell	file	evidence/PMC8639639.txt		Single cells were sorted into 96-well plates containing TCL buffer (Qiagen) on a Sony SH800 sorter.	True
ND_Screening_BM_PC_081618	geo:GSE168948:ND_Screening_BM_PC_081618	suspension_type	cell	file	evidence/PMC8639639.txt		Single cells were sorted into 96-well plates containing TCL buffer (Qiagen) on a Sony SH800 sorter.	True
MM1_C1D15_PBPC_050819	geo:GSE168948:MM1_C1D15_PBPC_050819	tissue_type	tissue	file	raw/fp-c85a667f273b/GSE168948_family.soft.gz		!Sample_treatment_protocol_ch1 = Myeloma cells were isolated from the bone marrow or peripheral blood before dabrafenib/ trametinib, at day 7 of treatment and at end of treatment.	True
MM1_C1D15_PBPC_051519	geo:GSE168948:MM1_C1D15_PBPC_051519	tissue_type	tissue	file	raw/fp-c85a667f273b/GSE168948_family.soft.gz		!Sample_treatment_protocol_ch1 = Myeloma cells were isolated from the bone marrow or peripheral blood before dabrafenib/ trametinib, at day 7 of treatment and at end of treatment.	True
MM1_C1D8_PBPC_050819	geo:GSE168948:MM1_C1D8_PBPC_050819	tissue_type	tissue	file	raw/fp-c85a667f273b/GSE168948_family.soft.gz		!Sample_treatment_protocol_ch1 = Myeloma cells were isolated from the bone marrow or peripheral blood before dabrafenib/ trametinib, at day 7 of treatment and at end of treatment.	True
MM1_C4D1_PBPC_092319	geo:GSE168948:MM1_C4D1_PBPC_092319	tissue_type	tissue	file	raw/fp-c85a667f273b/GSE168948_family.soft.gz		!Sample_treatment_protocol_ch1 = Myeloma cells were isolated from the bone marrow or peripheral blood before dabrafenib/ trametinib, at day 7 of treatment and at end of treatment.	True
MM1_EoT_PBPC_121819	geo:GSE168948:MM1_EoT_PBPC_121819	tissue_type	tissue	file	raw/fp-c85a667f273b/GSE168948_family.soft.gz		!Sample_treatment_protocol_ch1 = Myeloma cells were isolated from the bone marrow or peripheral blood before dabrafenib/ trametinib, at day 7 of treatment and at end of treatment.	True
MM1_screen_BMPC_042219	geo:GSE168948:MM1_screen_BMPC_042219	tissue_type	tissue	file	raw/fp-c85a667f273b/GSE168948_family.soft.gz		!Sample_treatment_protocol_ch1 = Myeloma cells were isolated from the bone marrow or peripheral blood before dabrafenib/ trametinib, at day 7 of treatment and at end of treatment.	True
MM2_C1D8_PBPC_091817	geo:GSE168948:MM2_C1D8_PBPC_091817	tissue_type	tissue	file	raw/fp-c85a667f273b/GSE168948_family.soft.gz		!Sample_treatment_protocol_ch1 = Myeloma cells were isolated from the bone marrow or peripheral blood before dabrafenib/ trametinib, at day 7 of treatment and at end of treatment.	True
MM2_screen_PBPC_091117	geo:GSE168948:MM2_screen_PBPC_091117	tissue_type	tissue	file	raw/fp-c85a667f273b/GSE168948_family.soft.gz		!Sample_treatment_protocol_ch1 = Myeloma cells were isolated from the bone marrow or peripheral blood before dabrafenib/ trametinib, at day 7 of treatment and at end of treatment.	True
MM3_C1D8_PBPC_050918	geo:GSE168948:MM3_C1D8_PBPC_050918	tissue_type	tissue	file	raw/fp-c85a667f273b/GSE168948_family.soft.gz		!Sample_treatment_protocol_ch1 = Myeloma cells were isolated from the bone marrow or peripheral blood before dabrafenib/ trametinib, at day 7 of treatment and at end of treatment.	True
MM3_C4D1_PBPC_080118	geo:GSE168948:MM3_C4D1_PBPC_080118	tissue_type	tissue	file	raw/fp-c85a667f273b/GSE168948_family.soft.gz		!Sample_treatment_protocol_ch1 = Myeloma cells were isolated from the bone marrow or peripheral blood before dabrafenib/ trametinib, at day 7 of treatment and at end of treatment.	True
MM3_C7D1_PBPC_103118	geo:GSE168948:MM3_C7D1_PBPC_103118	tissue_type	tissue	file	raw/fp-c85a667f273b/GSE168948_family.soft.gz		!Sample_treatment_protocol_ch1 = Myeloma cells were isolated from the bone marrow or peripheral blood before dabrafenib/ trametinib, at day 7 of treatment and at end of treatment.	True
MM3_EoT_BMPC_110718	geo:GSE168948:MM3_EoT_BMPC_110718	tissue_type	tissue	file	raw/fp-c85a667f273b/GSE168948_family.soft.gz		!Sample_treatment_protocol_ch1 = Myeloma cells were isolated from the bone marrow or peripheral blood before dabrafenib/ trametinib, at day 7 of treatment and at end of treatment.	True
MM3_screen_BMPC_041918	geo:GSE168948:MM3_screen_BMPC_041918	tissue_type	tissue	file	raw/fp-c85a667f273b/GSE168948_family.soft.gz		!Sample_treatment_protocol_ch1 = Myeloma cells were isolated from the bone marrow or peripheral blood before dabrafenib/ trametinib, at day 7 of treatment and at end of treatment.	True
MM3_screen_PBPC_042418	geo:GSE168948:MM3_screen_PBPC_042418	tissue_type	tissue	file	raw/fp-c85a667f273b/GSE168948_family.soft.gz		!Sample_treatment_protocol_ch1 = Myeloma cells were isolated from the bone marrow or peripheral blood before dabrafenib/ trametinib, at day 7 of treatment and at end of treatment.	True
MM3_wk4_PBPC_051618	geo:GSE168948:MM3_wk4_PBPC_051618	tissue_type	tissue	file	raw/fp-c85a667f273b/GSE168948_family.soft.gz		!Sample_treatment_protocol_ch1 = Myeloma cells were isolated from the bone marrow or peripheral blood before dabrafenib/ trametinib, at day 7 of treatment and at end of treatment.	True
ND_C5D1_BME_081618	geo:GSE168948:ND_C5D1_BME_081618	tissue_type	tissue	file	raw/fp-c85a667f273b/GSE168948_family.soft.gz		!Sample_treatment_protocol_ch1 = Myeloma cells were isolated from the bone marrow or peripheral blood before dabrafenib/ trametinib, at day 7 of treatment and at end of treatment.	True
ND_Normal_BME_040419	geo:GSE168948:ND_Normal_BME_040419	tissue_type	tissue	file	raw/fp-c85a667f273b/GSE168948_family.soft.gz		!Sample_treatment_protocol_ch1 = Myeloma cells were isolated from the bone marrow or peripheral blood before dabrafenib/ trametinib, at day 7 of treatment and at end of treatment.	True
ND_Screening_BME_081618	geo:GSE168948:ND_Screening_BME_081618	tissue_type	tissue	file	raw/fp-c85a667f273b/GSE168948_family.soft.gz		!Sample_treatment_protocol_ch1 = Myeloma cells were isolated from the bone marrow or peripheral blood before dabrafenib/ trametinib, at day 7 of treatment and at end of treatment.	True
ND_Screening_BM_PC_081618	geo:GSE168948:ND_Screening_BM_PC_081618	tissue_type	tissue	file	raw/fp-c85a667f273b/GSE168948_family.soft.gz		!Sample_treatment_protocol_ch1 = Myeloma cells were isolated from the bone marrow or peripheral blood before dabrafenib/ trametinib, at day 7 of treatment and at end of treatment.	True
MM1_C1D15_PBPC_050819	geo:GSE168948:MM1_C1D15_PBPC_050819	disease_free_text	<map of column donor_token>	file	evidence/PMC8639639.txt		demonstrating distinct clustering of myeloma cells from different patients (MM1,2,3) and from normal donor plasma cells (ND)	True
MM1_C1D15_PBPC_051519	geo:GSE168948:MM1_C1D15_PBPC_051519	disease_free_text	<map of column donor_token>	file	evidence/PMC8639639.txt		demonstrating distinct clustering of myeloma cells from different patients (MM1,2,3) and from normal donor plasma cells (ND)	True
MM1_C1D8_PBPC_050819	geo:GSE168948:MM1_C1D8_PBPC_050819	disease_free_text	<map of column donor_token>	file	evidence/PMC8639639.txt		demonstrating distinct clustering of myeloma cells from different patients (MM1,2,3) and from normal donor plasma cells (ND)	True
MM1_C4D1_PBPC_092319	geo:GSE168948:MM1_C4D1_PBPC_092319	disease_free_text	<map of column donor_token>	file	evidence/PMC8639639.txt		demonstrating distinct clustering of myeloma cells from different patients (MM1,2,3) and from normal donor plasma cells (ND)	True
MM1_EoT_PBPC_121819	geo:GSE168948:MM1_EoT_PBPC_121819	disease_free_text	<map of column donor_token>	file	evidence/PMC8639639.txt		demonstrating distinct clustering of myeloma cells from different patients (MM1,2,3) and from normal donor plasma cells (ND)	True
MM1_screen_BMPC_042219	geo:GSE168948:MM1_screen_BMPC_042219	disease_free_text	<map of column donor_token>	file	evidence/PMC8639639.txt		demonstrating distinct clustering of myeloma cells from different patients (MM1,2,3) and from normal donor plasma cells (ND)	True
MM2_C1D8_PBPC_091817	geo:GSE168948:MM2_C1D8_PBPC_091817	disease_free_text	<map of column donor_token>	file	evidence/PMC8639639.txt		demonstrating distinct clustering of myeloma cells from different patients (MM1,2,3) and from normal donor plasma cells (ND)	True
MM2_screen_PBPC_091117	geo:GSE168948:MM2_screen_PBPC_091117	disease_free_text	<map of column donor_token>	file	evidence/PMC8639639.txt		demonstrating distinct clustering of myeloma cells from different patients (MM1,2,3) and from normal donor plasma cells (ND)	True
MM3_C1D8_PBPC_050918	geo:GSE168948:MM3_C1D8_PBPC_050918	disease_free_text	<map of column donor_token>	file	evidence/PMC8639639.txt		demonstrating distinct clustering of myeloma cells from different patients (MM1,2,3) and from normal donor plasma cells (ND)	True
MM3_C4D1_PBPC_080118	geo:GSE168948:MM3_C4D1_PBPC_080118	disease_free_text	<map of column donor_token>	file	evidence/PMC8639639.txt		demonstrating distinct clustering of myeloma cells from different patients (MM1,2,3) and from normal donor plasma cells (ND)	True
MM3_C7D1_PBPC_103118	geo:GSE168948:MM3_C7D1_PBPC_103118	disease_free_text	<map of column donor_token>	file	evidence/PMC8639639.txt		demonstrating distinct clustering of myeloma cells from different patients (MM1,2,3) and from normal donor plasma cells (ND)	True
MM3_EoT_BMPC_110718	geo:GSE168948:MM3_EoT_BMPC_110718	disease_free_text	<map of column donor_token>	file	evidence/PMC8639639.txt		demonstrating distinct clustering of myeloma cells from different patients (MM1,2,3) and from normal donor plasma cells (ND)	True
MM3_screen_BMPC_041918	geo:GSE168948:MM3_screen_BMPC_041918	disease_free_text	<map of column donor_token>	file	evidence/PMC8639639.txt		demonstrating distinct clustering of myeloma cells from different patients (MM1,2,3) and from normal donor plasma cells (ND)	True
MM3_screen_PBPC_042418	geo:GSE168948:MM3_screen_PBPC_042418	disease_free_text	<map of column donor_token>	file	evidence/PMC8639639.txt		demonstrating distinct clustering of myeloma cells from different patients (MM1,2,3) and from normal donor plasma cells (ND)	True
MM3_wk4_PBPC_051618	geo:GSE168948:MM3_wk4_PBPC_051618	disease_free_text	<map of column donor_token>	file	evidence/PMC8639639.txt		demonstrating distinct clustering of myeloma cells from different patients (MM1,2,3) and from normal donor plasma cells (ND)	True
ND_C5D1_BME_081618	geo:GSE168948:ND_C5D1_BME_081618	disease_free_text	<map of column donor_token>	file	evidence/PMC8639639.txt		demonstrating distinct clustering of myeloma cells from different patients (MM1,2,3) and from normal donor plasma cells (ND)	True
ND_Normal_BME_040419	geo:GSE168948:ND_Normal_BME_040419	disease_free_text	<map of column donor_token>	file	evidence/PMC8639639.txt		demonstrating distinct clustering of myeloma cells from different patients (MM1,2,3) and from normal donor plasma cells (ND)	True
ND_Screening_BME_081618	geo:GSE168948:ND_Screening_BME_081618	disease_free_text	<map of column donor_token>	file	evidence/PMC8639639.txt		demonstrating distinct clustering of myeloma cells from different patients (MM1,2,3) and from normal donor plasma cells (ND)	True
ND_Screening_BM_PC_081618	geo:GSE168948:ND_Screening_BM_PC_081618	disease_free_text	<map of column donor_token>	file	evidence/PMC8639639.txt		demonstrating distinct clustering of myeloma cells from different patients (MM1,2,3) and from normal donor plasma cells (ND)	True
MM1_C1D15_PBPC_050819	geo:GSE168948:MM1_C1D15_PBPC_050819	disease_free_text	<map of column donor_token>	file	evidence/PMC8639639.txt		Samples were collected from patients with relapsed/ refractory multiple myeloma (RRMM) harboring activating BRAF mutations	True
MM1_C1D15_PBPC_051519	geo:GSE168948:MM1_C1D15_PBPC_051519	disease_free_text	<map of column donor_token>	file	evidence/PMC8639639.txt		Samples were collected from patients with relapsed/ refractory multiple myeloma (RRMM) harboring activating BRAF mutations	True
MM1_C1D8_PBPC_050819	geo:GSE168948:MM1_C1D8_PBPC_050819	disease_free_text	<map of column donor_token>	file	evidence/PMC8639639.txt		Samples were collected from patients with relapsed/ refractory multiple myeloma (RRMM) harboring activating BRAF mutations	True
MM1_C4D1_PBPC_092319	geo:GSE168948:MM1_C4D1_PBPC_092319	disease_free_text	<map of column donor_token>	file	evidence/PMC8639639.txt		Samples were collected from patients with relapsed/ refractory multiple myeloma (RRMM) harboring activating BRAF mutations	True
MM1_EoT_PBPC_121819	geo:GSE168948:MM1_EoT_PBPC_121819	disease_free_text	<map of column donor_token>	file	evidence/PMC8639639.txt		Samples were collected from patients with relapsed/ refractory multiple myeloma (RRMM) harboring activating BRAF mutations	True
MM1_screen_BMPC_042219	geo:GSE168948:MM1_screen_BMPC_042219	disease_free_text	<map of column donor_token>	file	evidence/PMC8639639.txt		Samples were collected from patients with relapsed/ refractory multiple myeloma (RRMM) harboring activating BRAF mutations	True
MM2_C1D8_PBPC_091817	geo:GSE168948:MM2_C1D8_PBPC_091817	disease_free_text	<map of column donor_token>	file	evidence/PMC8639639.txt		Samples were collected from patients with relapsed/ refractory multiple myeloma (RRMM) harboring activating BRAF mutations	True
MM2_screen_PBPC_091117	geo:GSE168948:MM2_screen_PBPC_091117	disease_free_text	<map of column donor_token>	file	evidence/PMC8639639.txt		Samples were collected from patients with relapsed/ refractory multiple myeloma (RRMM) harboring activating BRAF mutations	True
MM3_C1D8_PBPC_050918	geo:GSE168948:MM3_C1D8_PBPC_050918	disease_free_text	<map of column donor_token>	file	evidence/PMC8639639.txt		Samples were collected from patients with relapsed/ refractory multiple myeloma (RRMM) harboring activating BRAF mutations	True
MM3_C4D1_PBPC_080118	geo:GSE168948:MM3_C4D1_PBPC_080118	disease_free_text	<map of column donor_token>	file	evidence/PMC8639639.txt		Samples were collected from patients with relapsed/ refractory multiple myeloma (RRMM) harboring activating BRAF mutations	True
MM3_C7D1_PBPC_103118	geo:GSE168948:MM3_C7D1_PBPC_103118	disease_free_text	<map of column donor_token>	file	evidence/PMC8639639.txt		Samples were collected from patients with relapsed/ refractory multiple myeloma (RRMM) harboring activating BRAF mutations	True
MM3_EoT_BMPC_110718	geo:GSE168948:MM3_EoT_BMPC_110718	disease_free_text	<map of column donor_token>	file	evidence/PMC8639639.txt		Samples were collected from patients with relapsed/ refractory multiple myeloma (RRMM) harboring activating BRAF mutations	True
MM3_screen_BMPC_041918	geo:GSE168948:MM3_screen_BMPC_041918	disease_free_text	<map of column donor_token>	file	evidence/PMC8639639.txt		Samples were collected from patients with relapsed/ refractory multiple myeloma (RRMM) harboring activating BRAF mutations	True
MM3_screen_PBPC_042418	geo:GSE168948:MM3_screen_PBPC_042418	disease_free_text	<map of column donor_token>	file	evidence/PMC8639639.txt		Samples were collected from patients with relapsed/ refractory multiple myeloma (RRMM) harboring activating BRAF mutations	True
MM3_wk4_PBPC_051618	geo:GSE168948:MM3_wk4_PBPC_051618	disease_free_text	<map of column donor_token>	file	evidence/PMC8639639.txt		Samples were collected from patients with relapsed/ refractory multiple myeloma (RRMM) harboring activating BRAF mutations	True
ND_C5D1_BME_081618	geo:GSE168948:ND_C5D1_BME_081618	disease_free_text	<map of column donor_token>	file	evidence/PMC8639639.txt		Samples were collected from patients with relapsed/ refractory multiple myeloma (RRMM) harboring activating BRAF mutations	True
ND_Normal_BME_040419	geo:GSE168948:ND_Normal_BME_040419	disease_free_text	<map of column donor_token>	file	evidence/PMC8639639.txt		Samples were collected from patients with relapsed/ refractory multiple myeloma (RRMM) harboring activating BRAF mutations	True
ND_Screening_BME_081618	geo:GSE168948:ND_Screening_BME_081618	disease_free_text	<map of column donor_token>	file	evidence/PMC8639639.txt		Samples were collected from patients with relapsed/ refractory multiple myeloma (RRMM) harboring activating BRAF mutations	True
ND_Screening_BM_PC_081618	geo:GSE168948:ND_Screening_BM_PC_081618	disease_free_text	<map of column donor_token>	file	evidence/PMC8639639.txt		Samples were collected from patients with relapsed/ refractory multiple myeloma (RRMM) harboring activating BRAF mutations	True
MM1_C1D15_PBPC_050819	geo:GSE168948:MM1_C1D15_PBPC_050819	disease_stage	<map of column donor_token>	file	evidence/PMC8639639.txt		Samples were collected from patients with relapsed/ refractory multiple myeloma (RRMM) harboring activating BRAF mutations	True
MM1_C1D15_PBPC_051519	geo:GSE168948:MM1_C1D15_PBPC_051519	disease_stage	<map of column donor_token>	file	evidence/PMC8639639.txt		Samples were collected from patients with relapsed/ refractory multiple myeloma (RRMM) harboring activating BRAF mutations	True
MM1_C1D8_PBPC_050819	geo:GSE168948:MM1_C1D8_PBPC_050819	disease_stage	<map of column donor_token>	file	evidence/PMC8639639.txt		Samples were collected from patients with relapsed/ refractory multiple myeloma (RRMM) harboring activating BRAF mutations	True
MM1_C4D1_PBPC_092319	geo:GSE168948:MM1_C4D1_PBPC_092319	disease_stage	<map of column donor_token>	file	evidence/PMC8639639.txt		Samples were collected from patients with relapsed/ refractory multiple myeloma (RRMM) harboring activating BRAF mutations	True
MM1_EoT_PBPC_121819	geo:GSE168948:MM1_EoT_PBPC_121819	disease_stage	<map of column donor_token>	file	evidence/PMC8639639.txt		Samples were collected from patients with relapsed/ refractory multiple myeloma (RRMM) harboring activating BRAF mutations	True
MM1_screen_BMPC_042219	geo:GSE168948:MM1_screen_BMPC_042219	disease_stage	<map of column donor_token>	file	evidence/PMC8639639.txt		Samples were collected from patients with relapsed/ refractory multiple myeloma (RRMM) harboring activating BRAF mutations	True
MM2_C1D8_PBPC_091817	geo:GSE168948:MM2_C1D8_PBPC_091817	disease_stage	<map of column donor_token>	file	evidence/PMC8639639.txt		Samples were collected from patients with relapsed/ refractory multiple myeloma (RRMM) harboring activating BRAF mutations	True
MM2_screen_PBPC_091117	geo:GSE168948:MM2_screen_PBPC_091117	disease_stage	<map of column donor_token>	file	evidence/PMC8639639.txt		Samples were collected from patients with relapsed/ refractory multiple myeloma (RRMM) harboring activating BRAF mutations	True
MM3_C1D8_PBPC_050918	geo:GSE168948:MM3_C1D8_PBPC_050918	disease_stage	<map of column donor_token>	file	evidence/PMC8639639.txt		Samples were collected from patients with relapsed/ refractory multiple myeloma (RRMM) harboring activating BRAF mutations	True
MM3_C4D1_PBPC_080118	geo:GSE168948:MM3_C4D1_PBPC_080118	disease_stage	<map of column donor_token>	file	evidence/PMC8639639.txt		Samples were collected from patients with relapsed/ refractory multiple myeloma (RRMM) harboring activating BRAF mutations	True
MM3_C7D1_PBPC_103118	geo:GSE168948:MM3_C7D1_PBPC_103118	disease_stage	<map of column donor_token>	file	evidence/PMC8639639.txt		Samples were collected from patients with relapsed/ refractory multiple myeloma (RRMM) harboring activating BRAF mutations	True
MM3_EoT_BMPC_110718	geo:GSE168948:MM3_EoT_BMPC_110718	disease_stage	<map of column donor_token>	file	evidence/PMC8639639.txt		Samples were collected from patients with relapsed/ refractory multiple myeloma (RRMM) harboring activating BRAF mutations	True
MM3_screen_BMPC_041918	geo:GSE168948:MM3_screen_BMPC_041918	disease_stage	<map of column donor_token>	file	evidence/PMC8639639.txt		Samples were collected from patients with relapsed/ refractory multiple myeloma (RRMM) harboring activating BRAF mutations	True
MM3_screen_PBPC_042418	geo:GSE168948:MM3_screen_PBPC_042418	disease_stage	<map of column donor_token>	file	evidence/PMC8639639.txt		Samples were collected from patients with relapsed/ refractory multiple myeloma (RRMM) harboring activating BRAF mutations	True
MM3_wk4_PBPC_051618	geo:GSE168948:MM3_wk4_PBPC_051618	disease_stage	<map of column donor_token>	file	evidence/PMC8639639.txt		Samples were collected from patients with relapsed/ refractory multiple myeloma (RRMM) harboring activating BRAF mutations	True
ND_C5D1_BME_081618	geo:GSE168948:ND_C5D1_BME_081618	disease_stage	<map of column donor_token>	file	evidence/PMC8639639.txt		Samples were collected from patients with relapsed/ refractory multiple myeloma (RRMM) harboring activating BRAF mutations	True
ND_Normal_BME_040419	geo:GSE168948:ND_Normal_BME_040419	disease_stage	<map of column donor_token>	file	evidence/PMC8639639.txt		Samples were collected from patients with relapsed/ refractory multiple myeloma (RRMM) harboring activating BRAF mutations	True
ND_Screening_BME_081618	geo:GSE168948:ND_Screening_BME_081618	disease_stage	<map of column donor_token>	file	evidence/PMC8639639.txt		Samples were collected from patients with relapsed/ refractory multiple myeloma (RRMM) harboring activating BRAF mutations	True
ND_Screening_BM_PC_081618	geo:GSE168948:ND_Screening_BM_PC_081618	disease_stage	<map of column donor_token>	file	evidence/PMC8639639.txt		Samples were collected from patients with relapsed/ refractory multiple myeloma (RRMM) harboring activating BRAF mutations	True
MM1_C1D15_PBPC_050819	geo:GSE168948:MM1_C1D15_PBPC_050819	disease_stage	<map of column donor_token>	file	evidence/PMC8639639.txt		demonstrating distinct clustering of myeloma cells from different patients (MM1,2,3) and from normal donor plasma cells (ND)	True
MM1_C1D15_PBPC_051519	geo:GSE168948:MM1_C1D15_PBPC_051519	disease_stage	<map of column donor_token>	file	evidence/PMC8639639.txt		demonstrating distinct clustering of myeloma cells from different patients (MM1,2,3) and from normal donor plasma cells (ND)	True
MM1_C1D8_PBPC_050819	geo:GSE168948:MM1_C1D8_PBPC_050819	disease_stage	<map of column donor_token>	file	evidence/PMC8639639.txt		demonstrating distinct clustering of myeloma cells from different patients (MM1,2,3) and from normal donor plasma cells (ND)	True
MM1_C4D1_PBPC_092319	geo:GSE168948:MM1_C4D1_PBPC_092319	disease_stage	<map of column donor_token>	file	evidence/PMC8639639.txt		demonstrating distinct clustering of myeloma cells from different patients (MM1,2,3) and from normal donor plasma cells (ND)	True
MM1_EoT_PBPC_121819	geo:GSE168948:MM1_EoT_PBPC_121819	disease_stage	<map of column donor_token>	file	evidence/PMC8639639.txt		demonstrating distinct clustering of myeloma cells from different patients (MM1,2,3) and from normal donor plasma cells (ND)	True
MM1_screen_BMPC_042219	geo:GSE168948:MM1_screen_BMPC_042219	disease_stage	<map of column donor_token>	file	evidence/PMC8639639.txt		demonstrating distinct clustering of myeloma cells from different patients (MM1,2,3) and from normal donor plasma cells (ND)	True
MM2_C1D8_PBPC_091817	geo:GSE168948:MM2_C1D8_PBPC_091817	disease_stage	<map of column donor_token>	file	evidence/PMC8639639.txt		demonstrating distinct clustering of myeloma cells from different patients (MM1,2,3) and from normal donor plasma cells (ND)	True
MM2_screen_PBPC_091117	geo:GSE168948:MM2_screen_PBPC_091117	disease_stage	<map of column donor_token>	file	evidence/PMC8639639.txt		demonstrating distinct clustering of myeloma cells from different patients (MM1,2,3) and from normal donor plasma cells (ND)	True
MM3_C1D8_PBPC_050918	geo:GSE168948:MM3_C1D8_PBPC_050918	disease_stage	<map of column donor_token>	file	evidence/PMC8639639.txt		demonstrating distinct clustering of myeloma cells from different patients (MM1,2,3) and from normal donor plasma cells (ND)	True
MM3_C4D1_PBPC_080118	geo:GSE168948:MM3_C4D1_PBPC_080118	disease_stage	<map of column donor_token>	file	evidence/PMC8639639.txt		demonstrating distinct clustering of myeloma cells from different patients (MM1,2,3) and from normal donor plasma cells (ND)	True
MM3_C7D1_PBPC_103118	geo:GSE168948:MM3_C7D1_PBPC_103118	disease_stage	<map of column donor_token>	file	evidence/PMC8639639.txt		demonstrating distinct clustering of myeloma cells from different patients (MM1,2,3) and from normal donor plasma cells (ND)	True
MM3_EoT_BMPC_110718	geo:GSE168948:MM3_EoT_BMPC_110718	disease_stage	<map of column donor_token>	file	evidence/PMC8639639.txt		demonstrating distinct clustering of myeloma cells from different patients (MM1,2,3) and from normal donor plasma cells (ND)	True
MM3_screen_BMPC_041918	geo:GSE168948:MM3_screen_BMPC_041918	disease_stage	<map of column donor_token>	file	evidence/PMC8639639.txt		demonstrating distinct clustering of myeloma cells from different patients (MM1,2,3) and from normal donor plasma cells (ND)	True
MM3_screen_PBPC_042418	geo:GSE168948:MM3_screen_PBPC_042418	disease_stage	<map of column donor_token>	file	evidence/PMC8639639.txt		demonstrating distinct clustering of myeloma cells from different patients (MM1,2,3) and from normal donor plasma cells (ND)	True
MM3_wk4_PBPC_051618	geo:GSE168948:MM3_wk4_PBPC_051618	disease_stage	<map of column donor_token>	file	evidence/PMC8639639.txt		demonstrating distinct clustering of myeloma cells from different patients (MM1,2,3) and from normal donor plasma cells (ND)	True
ND_C5D1_BME_081618	geo:GSE168948:ND_C5D1_BME_081618	disease_stage	<map of column donor_token>	file	evidence/PMC8639639.txt		demonstrating distinct clustering of myeloma cells from different patients (MM1,2,3) and from normal donor plasma cells (ND)	True
ND_Normal_BME_040419	geo:GSE168948:ND_Normal_BME_040419	disease_stage	<map of column donor_token>	file	evidence/PMC8639639.txt		demonstrating distinct clustering of myeloma cells from different patients (MM1,2,3) and from normal donor plasma cells (ND)	True
ND_Screening_BME_081618	geo:GSE168948:ND_Screening_BME_081618	disease_stage	<map of column donor_token>	file	evidence/PMC8639639.txt		demonstrating distinct clustering of myeloma cells from different patients (MM1,2,3) and from normal donor plasma cells (ND)	True
ND_Screening_BM_PC_081618	geo:GSE168948:ND_Screening_BM_PC_081618	disease_stage	<map of column donor_token>	file	evidence/PMC8639639.txt		demonstrating distinct clustering of myeloma cells from different patients (MM1,2,3) and from normal donor plasma cells (ND)	True
MM1_C1D15_PBPC_050819	geo:GSE168948:MM1_C1D15_PBPC_050819	sex	<map of column donor_token>	file	evidence/PMC8639639.txt		Table 1. Primary patient characteristics MM1 MM2 MM3 Age (years) 64 60 65 Gender female female female	True
MM1_C1D15_PBPC_051519	geo:GSE168948:MM1_C1D15_PBPC_051519	sex	<map of column donor_token>	file	evidence/PMC8639639.txt		Table 1. Primary patient characteristics MM1 MM2 MM3 Age (years) 64 60 65 Gender female female female	True
MM1_C1D8_PBPC_050819	geo:GSE168948:MM1_C1D8_PBPC_050819	sex	<map of column donor_token>	file	evidence/PMC8639639.txt		Table 1. Primary patient characteristics MM1 MM2 MM3 Age (years) 64 60 65 Gender female female female	True
MM1_C4D1_PBPC_092319	geo:GSE168948:MM1_C4D1_PBPC_092319	sex	<map of column donor_token>	file	evidence/PMC8639639.txt		Table 1. Primary patient characteristics MM1 MM2 MM3 Age (years) 64 60 65 Gender female female female	True
MM1_EoT_PBPC_121819	geo:GSE168948:MM1_EoT_PBPC_121819	sex	<map of column donor_token>	file	evidence/PMC8639639.txt		Table 1. Primary patient characteristics MM1 MM2 MM3 Age (years) 64 60 65 Gender female female female	True
MM1_screen_BMPC_042219	geo:GSE168948:MM1_screen_BMPC_042219	sex	<map of column donor_token>	file	evidence/PMC8639639.txt		Table 1. Primary patient characteristics MM1 MM2 MM3 Age (years) 64 60 65 Gender female female female	True
MM2_C1D8_PBPC_091817	geo:GSE168948:MM2_C1D8_PBPC_091817	sex	<map of column donor_token>	file	evidence/PMC8639639.txt		Table 1. Primary patient characteristics MM1 MM2 MM3 Age (years) 64 60 65 Gender female female female	True
MM2_screen_PBPC_091117	geo:GSE168948:MM2_screen_PBPC_091117	sex	<map of column donor_token>	file	evidence/PMC8639639.txt		Table 1. Primary patient characteristics MM1 MM2 MM3 Age (years) 64 60 65 Gender female female female	True
MM3_C1D8_PBPC_050918	geo:GSE168948:MM3_C1D8_PBPC_050918	sex	<map of column donor_token>	file	evidence/PMC8639639.txt		Table 1. Primary patient characteristics MM1 MM2 MM3 Age (years) 64 60 65 Gender female female female	True
MM3_C4D1_PBPC_080118	geo:GSE168948:MM3_C4D1_PBPC_080118	sex	<map of column donor_token>	file	evidence/PMC8639639.txt		Table 1. Primary patient characteristics MM1 MM2 MM3 Age (years) 64 60 65 Gender female female female	True
MM3_C7D1_PBPC_103118	geo:GSE168948:MM3_C7D1_PBPC_103118	sex	<map of column donor_token>	file	evidence/PMC8639639.txt		Table 1. Primary patient characteristics MM1 MM2 MM3 Age (years) 64 60 65 Gender female female female	True
MM3_EoT_BMPC_110718	geo:GSE168948:MM3_EoT_BMPC_110718	sex	<map of column donor_token>	file	evidence/PMC8639639.txt		Table 1. Primary patient characteristics MM1 MM2 MM3 Age (years) 64 60 65 Gender female female female	True
MM3_screen_BMPC_041918	geo:GSE168948:MM3_screen_BMPC_041918	sex	<map of column donor_token>	file	evidence/PMC8639639.txt		Table 1. Primary patient characteristics MM1 MM2 MM3 Age (years) 64 60 65 Gender female female female	True
MM3_screen_PBPC_042418	geo:GSE168948:MM3_screen_PBPC_042418	sex	<map of column donor_token>	file	evidence/PMC8639639.txt		Table 1. Primary patient characteristics MM1 MM2 MM3 Age (years) 64 60 65 Gender female female female	True
MM3_wk4_PBPC_051618	geo:GSE168948:MM3_wk4_PBPC_051618	sex	<map of column donor_token>	file	evidence/PMC8639639.txt		Table 1. Primary patient characteristics MM1 MM2 MM3 Age (years) 64 60 65 Gender female female female	True
ND_C5D1_BME_081618	geo:GSE168948:ND_C5D1_BME_081618	sex	<map of column donor_token>	file	evidence/PMC8639639.txt		Table 1. Primary patient characteristics MM1 MM2 MM3 Age (years) 64 60 65 Gender female female female	True
ND_Normal_BME_040419	geo:GSE168948:ND_Normal_BME_040419	sex	<map of column donor_token>	file	evidence/PMC8639639.txt		Table 1. Primary patient characteristics MM1 MM2 MM3 Age (years) 64 60 65 Gender female female female	True
ND_Screening_BME_081618	geo:GSE168948:ND_Screening_BME_081618	sex	<map of column donor_token>	file	evidence/PMC8639639.txt		Table 1. Primary patient characteristics MM1 MM2 MM3 Age (years) 64 60 65 Gender female female female	True
ND_Screening_BM_PC_081618	geo:GSE168948:ND_Screening_BM_PC_081618	sex	<map of column donor_token>	file	evidence/PMC8639639.txt		Table 1. Primary patient characteristics MM1 MM2 MM3 Age (years) 64 60 65 Gender female female female	True
MM1_C1D15_PBPC_050819	geo:GSE168948:MM1_C1D15_PBPC_050819	age	<map of column donor_token>	file	evidence/PMC8639639.txt		Table 1. Primary patient characteristics MM1 MM2 MM3 Age (years) 64 60 65 Gender female female female	True
MM1_C1D15_PBPC_051519	geo:GSE168948:MM1_C1D15_PBPC_051519	age	<map of column donor_token>	file	evidence/PMC8639639.txt		Table 1. Primary patient characteristics MM1 MM2 MM3 Age (years) 64 60 65 Gender female female female	True
MM1_C1D8_PBPC_050819	geo:GSE168948:MM1_C1D8_PBPC_050819	age	<map of column donor_token>	file	evidence/PMC8639639.txt		Table 1. Primary patient characteristics MM1 MM2 MM3 Age (years) 64 60 65 Gender female female female	True
MM1_C4D1_PBPC_092319	geo:GSE168948:MM1_C4D1_PBPC_092319	age	<map of column donor_token>	file	evidence/PMC8639639.txt		Table 1. Primary patient characteristics MM1 MM2 MM3 Age (years) 64 60 65 Gender female female female	True
MM1_EoT_PBPC_121819	geo:GSE168948:MM1_EoT_PBPC_121819	age	<map of column donor_token>	file	evidence/PMC8639639.txt		Table 1. Primary patient characteristics MM1 MM2 MM3 Age (years) 64 60 65 Gender female female female	True
MM1_screen_BMPC_042219	geo:GSE168948:MM1_screen_BMPC_042219	age	<map of column donor_token>	file	evidence/PMC8639639.txt		Table 1. Primary patient characteristics MM1 MM2 MM3 Age (years) 64 60 65 Gender female female female	True
MM2_C1D8_PBPC_091817	geo:GSE168948:MM2_C1D8_PBPC_091817	age	<map of column donor_token>	file	evidence/PMC8639639.txt		Table 1. Primary patient characteristics MM1 MM2 MM3 Age (years) 64 60 65 Gender female female female	True
MM2_screen_PBPC_091117	geo:GSE168948:MM2_screen_PBPC_091117	age	<map of column donor_token>	file	evidence/PMC8639639.txt		Table 1. Primary patient characteristics MM1 MM2 MM3 Age (years) 64 60 65 Gender female female female	True
MM3_C1D8_PBPC_050918	geo:GSE168948:MM3_C1D8_PBPC_050918	age	<map of column donor_token>	file	evidence/PMC8639639.txt		Table 1. Primary patient characteristics MM1 MM2 MM3 Age (years) 64 60 65 Gender female female female	True
MM3_C4D1_PBPC_080118	geo:GSE168948:MM3_C4D1_PBPC_080118	age	<map of column donor_token>	file	evidence/PMC8639639.txt		Table 1. Primary patient characteristics MM1 MM2 MM3 Age (years) 64 60 65 Gender female female female	True
MM3_C7D1_PBPC_103118	geo:GSE168948:MM3_C7D1_PBPC_103118	age	<map of column donor_token>	file	evidence/PMC8639639.txt		Table 1. Primary patient characteristics MM1 MM2 MM3 Age (years) 64 60 65 Gender female female female	True
MM3_EoT_BMPC_110718	geo:GSE168948:MM3_EoT_BMPC_110718	age	<map of column donor_token>	file	evidence/PMC8639639.txt		Table 1. Primary patient characteristics MM1 MM2 MM3 Age (years) 64 60 65 Gender female female female	True
MM3_screen_BMPC_041918	geo:GSE168948:MM3_screen_BMPC_041918	age	<map of column donor_token>	file	evidence/PMC8639639.txt		Table 1. Primary patient characteristics MM1 MM2 MM3 Age (years) 64 60 65 Gender female female female	True
MM3_screen_PBPC_042418	geo:GSE168948:MM3_screen_PBPC_042418	age	<map of column donor_token>	file	evidence/PMC8639639.txt		Table 1. Primary patient characteristics MM1 MM2 MM3 Age (years) 64 60 65 Gender female female female	True
MM3_wk4_PBPC_051618	geo:GSE168948:MM3_wk4_PBPC_051618	age	<map of column donor_token>	file	evidence/PMC8639639.txt		Table 1. Primary patient characteristics MM1 MM2 MM3 Age (years) 64 60 65 Gender female female female	True
ND_C5D1_BME_081618	geo:GSE168948:ND_C5D1_BME_081618	age	<map of column donor_token>	file	evidence/PMC8639639.txt		Table 1. Primary patient characteristics MM1 MM2 MM3 Age (years) 64 60 65 Gender female female female	True
ND_Normal_BME_040419	geo:GSE168948:ND_Normal_BME_040419	age	<map of column donor_token>	file	evidence/PMC8639639.txt		Table 1. Primary patient characteristics MM1 MM2 MM3 Age (years) 64 60 65 Gender female female female	True
ND_Screening_BME_081618	geo:GSE168948:ND_Screening_BME_081618	age	<map of column donor_token>	file	evidence/PMC8639639.txt		Table 1. Primary patient characteristics MM1 MM2 MM3 Age (years) 64 60 65 Gender female female female	True
ND_Screening_BM_PC_081618	geo:GSE168948:ND_Screening_BM_PC_081618	age	<map of column donor_token>	file	evidence/PMC8639639.txt		Table 1. Primary patient characteristics MM1 MM2 MM3 Age (years) 64 60 65 Gender female female female	True
MM1_C1D15_PBPC_050819	geo:GSE168948:MM1_C1D15_PBPC_050819	tissue_free_text	<map of column site_token>	file	raw/fp-c85a667f273b/GSE168948_family.soft.gz		!Sample_treatment_protocol_ch1 = Myeloma cells were isolated from the bone marrow or peripheral blood before dabrafenib/ trametinib, at day 7 of treatment and at end of treatment.	True
MM1_C1D15_PBPC_051519	geo:GSE168948:MM1_C1D15_PBPC_051519	tissue_free_text	<map of column site_token>	file	raw/fp-c85a667f273b/GSE168948_family.soft.gz		!Sample_treatment_protocol_ch1 = Myeloma cells were isolated from the bone marrow or peripheral blood before dabrafenib/ trametinib, at day 7 of treatment and at end of treatment.	True
MM1_C1D8_PBPC_050819	geo:GSE168948:MM1_C1D8_PBPC_050819	tissue_free_text	<map of column site_token>	file	raw/fp-c85a667f273b/GSE168948_family.soft.gz		!Sample_treatment_protocol_ch1 = Myeloma cells were isolated from the bone marrow or peripheral blood before dabrafenib/ trametinib, at day 7 of treatment and at end of treatment.	True
MM1_C4D1_PBPC_092319	geo:GSE168948:MM1_C4D1_PBPC_092319	tissue_free_text	<map of column site_token>	file	raw/fp-c85a667f273b/GSE168948_family.soft.gz		!Sample_treatment_protocol_ch1 = Myeloma cells were isolated from the bone marrow or peripheral blood before dabrafenib/ trametinib, at day 7 of treatment and at end of treatment.	True
MM1_EoT_PBPC_121819	geo:GSE168948:MM1_EoT_PBPC_121819	tissue_free_text	<map of column site_token>	file	raw/fp-c85a667f273b/GSE168948_family.soft.gz		!Sample_treatment_protocol_ch1 = Myeloma cells were isolated from the bone marrow or peripheral blood before dabrafenib/ trametinib, at day 7 of treatment and at end of treatment.	True
MM1_screen_BMPC_042219	geo:GSE168948:MM1_screen_BMPC_042219	tissue_free_text	<map of column site_token>	file	raw/fp-c85a667f273b/GSE168948_family.soft.gz		!Sample_treatment_protocol_ch1 = Myeloma cells were isolated from the bone marrow or peripheral blood before dabrafenib/ trametinib, at day 7 of treatment and at end of treatment.	True
MM2_C1D8_PBPC_091817	geo:GSE168948:MM2_C1D8_PBPC_091817	tissue_free_text	<map of column site_token>	file	raw/fp-c85a667f273b/GSE168948_family.soft.gz		!Sample_treatment_protocol_ch1 = Myeloma cells were isolated from the bone marrow or peripheral blood before dabrafenib/ trametinib, at day 7 of treatment and at end of treatment.	True
MM2_screen_PBPC_091117	geo:GSE168948:MM2_screen_PBPC_091117	tissue_free_text	<map of column site_token>	file	raw/fp-c85a667f273b/GSE168948_family.soft.gz		!Sample_treatment_protocol_ch1 = Myeloma cells were isolated from the bone marrow or peripheral blood before dabrafenib/ trametinib, at day 7 of treatment and at end of treatment.	True
MM3_C1D8_PBPC_050918	geo:GSE168948:MM3_C1D8_PBPC_050918	tissue_free_text	<map of column site_token>	file	raw/fp-c85a667f273b/GSE168948_family.soft.gz		!Sample_treatment_protocol_ch1 = Myeloma cells were isolated from the bone marrow or peripheral blood before dabrafenib/ trametinib, at day 7 of treatment and at end of treatment.	True
MM3_C4D1_PBPC_080118	geo:GSE168948:MM3_C4D1_PBPC_080118	tissue_free_text	<map of column site_token>	file	raw/fp-c85a667f273b/GSE168948_family.soft.gz		!Sample_treatment_protocol_ch1 = Myeloma cells were isolated from the bone marrow or peripheral blood before dabrafenib/ trametinib, at day 7 of treatment and at end of treatment.	True
MM3_C7D1_PBPC_103118	geo:GSE168948:MM3_C7D1_PBPC_103118	tissue_free_text	<map of column site_token>	file	raw/fp-c85a667f273b/GSE168948_family.soft.gz		!Sample_treatment_protocol_ch1 = Myeloma cells were isolated from the bone marrow or peripheral blood before dabrafenib/ trametinib, at day 7 of treatment and at end of treatment.	True
MM3_EoT_BMPC_110718	geo:GSE168948:MM3_EoT_BMPC_110718	tissue_free_text	<map of column site_token>	file	raw/fp-c85a667f273b/GSE168948_family.soft.gz		!Sample_treatment_protocol_ch1 = Myeloma cells were isolated from the bone marrow or peripheral blood before dabrafenib/ trametinib, at day 7 of treatment and at end of treatment.	True
MM3_screen_BMPC_041918	geo:GSE168948:MM3_screen_BMPC_041918	tissue_free_text	<map of column site_token>	file	raw/fp-c85a667f273b/GSE168948_family.soft.gz		!Sample_treatment_protocol_ch1 = Myeloma cells were isolated from the bone marrow or peripheral blood before dabrafenib/ trametinib, at day 7 of treatment and at end of treatment.	True
MM3_screen_PBPC_042418	geo:GSE168948:MM3_screen_PBPC_042418	tissue_free_text	<map of column site_token>	file	raw/fp-c85a667f273b/GSE168948_family.soft.gz		!Sample_treatment_protocol_ch1 = Myeloma cells were isolated from the bone marrow or peripheral blood before dabrafenib/ trametinib, at day 7 of treatment and at end of treatment.	True
MM3_wk4_PBPC_051618	geo:GSE168948:MM3_wk4_PBPC_051618	tissue_free_text	<map of column site_token>	file	raw/fp-c85a667f273b/GSE168948_family.soft.gz		!Sample_treatment_protocol_ch1 = Myeloma cells were isolated from the bone marrow or peripheral blood before dabrafenib/ trametinib, at day 7 of treatment and at end of treatment.	True
ND_C5D1_BME_081618	geo:GSE168948:ND_C5D1_BME_081618	tissue_free_text	<map of column site_token>	file	raw/fp-c85a667f273b/GSE168948_family.soft.gz		!Sample_treatment_protocol_ch1 = Myeloma cells were isolated from the bone marrow or peripheral blood before dabrafenib/ trametinib, at day 7 of treatment and at end of treatment.	True
ND_Normal_BME_040419	geo:GSE168948:ND_Normal_BME_040419	tissue_free_text	<map of column site_token>	file	raw/fp-c85a667f273b/GSE168948_family.soft.gz		!Sample_treatment_protocol_ch1 = Myeloma cells were isolated from the bone marrow or peripheral blood before dabrafenib/ trametinib, at day 7 of treatment and at end of treatment.	True
ND_Screening_BME_081618	geo:GSE168948:ND_Screening_BME_081618	tissue_free_text	<map of column site_token>	file	raw/fp-c85a667f273b/GSE168948_family.soft.gz		!Sample_treatment_protocol_ch1 = Myeloma cells were isolated from the bone marrow or peripheral blood before dabrafenib/ trametinib, at day 7 of treatment and at end of treatment.	True
ND_Screening_BM_PC_081618	geo:GSE168948:ND_Screening_BM_PC_081618	tissue_free_text	<map of column site_token>	file	raw/fp-c85a667f273b/GSE168948_family.soft.gz		!Sample_treatment_protocol_ch1 = Myeloma cells were isolated from the bone marrow or peripheral blood before dabrafenib/ trametinib, at day 7 of treatment and at end of treatment.	True
MM1_C1D15_PBPC_050819	geo:GSE168948:MM1_C1D15_PBPC_050819	tissue_free_text	<map of column site_token>	file	evidence/PMC8639639.txt		We isolated myeloma cells from the bone marrow or peripheral blood of these patients before and at various time points after the treatment was started	True
MM1_C1D15_PBPC_051519	geo:GSE168948:MM1_C1D15_PBPC_051519	tissue_free_text	<map of column site_token>	file	evidence/PMC8639639.txt		We isolated myeloma cells from the bone marrow or peripheral blood of these patients before and at various time points after the treatment was started	True
MM1_C1D8_PBPC_050819	geo:GSE168948:MM1_C1D8_PBPC_050819	tissue_free_text	<map of column site_token>	file	evidence/PMC8639639.txt		We isolated myeloma cells from the bone marrow or peripheral blood of these patients before and at various time points after the treatment was started	True
MM1_C4D1_PBPC_092319	geo:GSE168948:MM1_C4D1_PBPC_092319	tissue_free_text	<map of column site_token>	file	evidence/PMC8639639.txt		We isolated myeloma cells from the bone marrow or peripheral blood of these patients before and at various time points after the treatment was started	True
MM1_EoT_PBPC_121819	geo:GSE168948:MM1_EoT_PBPC_121819	tissue_free_text	<map of column site_token>	file	evidence/PMC8639639.txt		We isolated myeloma cells from the bone marrow or peripheral blood of these patients before and at various time points after the treatment was started	True
MM1_screen_BMPC_042219	geo:GSE168948:MM1_screen_BMPC_042219	tissue_free_text	<map of column site_token>	file	evidence/PMC8639639.txt		We isolated myeloma cells from the bone marrow or peripheral blood of these patients before and at various time points after the treatment was started	True
MM2_C1D8_PBPC_091817	geo:GSE168948:MM2_C1D8_PBPC_091817	tissue_free_text	<map of column site_token>	file	evidence/PMC8639639.txt		We isolated myeloma cells from the bone marrow or peripheral blood of these patients before and at various time points after the treatment was started	True
MM2_screen_PBPC_091117	geo:GSE168948:MM2_screen_PBPC_091117	tissue_free_text	<map of column site_token>	file	evidence/PMC8639639.txt		We isolated myeloma cells from the bone marrow or peripheral blood of these patients before and at various time points after the treatment was started	True
MM3_C1D8_PBPC_050918	geo:GSE168948:MM3_C1D8_PBPC_050918	tissue_free_text	<map of column site_token>	file	evidence/PMC8639639.txt		We isolated myeloma cells from the bone marrow or peripheral blood of these patients before and at various time points after the treatment was started	True
MM3_C4D1_PBPC_080118	geo:GSE168948:MM3_C4D1_PBPC_080118	tissue_free_text	<map of column site_token>	file	evidence/PMC8639639.txt		We isolated myeloma cells from the bone marrow or peripheral blood of these patients before and at various time points after the treatment was started	True
MM3_C7D1_PBPC_103118	geo:GSE168948:MM3_C7D1_PBPC_103118	tissue_free_text	<map of column site_token>	file	evidence/PMC8639639.txt		We isolated myeloma cells from the bone marrow or peripheral blood of these patients before and at various time points after the treatment was started	True
MM3_EoT_BMPC_110718	geo:GSE168948:MM3_EoT_BMPC_110718	tissue_free_text	<map of column site_token>	file	evidence/PMC8639639.txt		We isolated myeloma cells from the bone marrow or peripheral blood of these patients before and at various time points after the treatment was started	True
MM3_screen_BMPC_041918	geo:GSE168948:MM3_screen_BMPC_041918	tissue_free_text	<map of column site_token>	file	evidence/PMC8639639.txt		We isolated myeloma cells from the bone marrow or peripheral blood of these patients before and at various time points after the treatment was started	True
MM3_screen_PBPC_042418	geo:GSE168948:MM3_screen_PBPC_042418	tissue_free_text	<map of column site_token>	file	evidence/PMC8639639.txt		We isolated myeloma cells from the bone marrow or peripheral blood of these patients before and at various time points after the treatment was started	True
MM3_wk4_PBPC_051618	geo:GSE168948:MM3_wk4_PBPC_051618	tissue_free_text	<map of column site_token>	file	evidence/PMC8639639.txt		We isolated myeloma cells from the bone marrow or peripheral blood of these patients before and at various time points after the treatment was started	True
ND_C5D1_BME_081618	geo:GSE168948:ND_C5D1_BME_081618	tissue_free_text	<map of column site_token>	file	evidence/PMC8639639.txt		We isolated myeloma cells from the bone marrow or peripheral blood of these patients before and at various time points after the treatment was started	True
ND_Normal_BME_040419	geo:GSE168948:ND_Normal_BME_040419	tissue_free_text	<map of column site_token>	file	evidence/PMC8639639.txt		We isolated myeloma cells from the bone marrow or peripheral blood of these patients before and at various time points after the treatment was started	True
ND_Screening_BME_081618	geo:GSE168948:ND_Screening_BME_081618	tissue_free_text	<map of column site_token>	file	evidence/PMC8639639.txt		We isolated myeloma cells from the bone marrow or peripheral blood of these patients before and at various time points after the treatment was started	True
ND_Screening_BM_PC_081618	geo:GSE168948:ND_Screening_BM_PC_081618	tissue_free_text	<map of column site_token>	file	evidence/PMC8639639.txt		We isolated myeloma cells from the bone marrow or peripheral blood of these patients before and at various time points after the treatment was started	True
MM1_C1D15_PBPC_050819	geo:GSE168948:MM1_C1D15_PBPC_050819	tissue_free_text	<map of column site_token>	file	evidence/PMC8639639.txt		BM PC infiltration 80% 90% 80%	True
MM1_C1D15_PBPC_051519	geo:GSE168948:MM1_C1D15_PBPC_051519	tissue_free_text	<map of column site_token>	file	evidence/PMC8639639.txt		BM PC infiltration 80% 90% 80%	True
MM1_C1D8_PBPC_050819	geo:GSE168948:MM1_C1D8_PBPC_050819	tissue_free_text	<map of column site_token>	file	evidence/PMC8639639.txt		BM PC infiltration 80% 90% 80%	True
MM1_C4D1_PBPC_092319	geo:GSE168948:MM1_C4D1_PBPC_092319	tissue_free_text	<map of column site_token>	file	evidence/PMC8639639.txt		BM PC infiltration 80% 90% 80%	True
MM1_EoT_PBPC_121819	geo:GSE168948:MM1_EoT_PBPC_121819	tissue_free_text	<map of column site_token>	file	evidence/PMC8639639.txt		BM PC infiltration 80% 90% 80%	True
MM1_screen_BMPC_042219	geo:GSE168948:MM1_screen_BMPC_042219	tissue_free_text	<map of column site_token>	file	evidence/PMC8639639.txt		BM PC infiltration 80% 90% 80%	True
MM2_C1D8_PBPC_091817	geo:GSE168948:MM2_C1D8_PBPC_091817	tissue_free_text	<map of column site_token>	file	evidence/PMC8639639.txt		BM PC infiltration 80% 90% 80%	True
MM2_screen_PBPC_091117	geo:GSE168948:MM2_screen_PBPC_091117	tissue_free_text	<map of column site_token>	file	evidence/PMC8639639.txt		BM PC infiltration 80% 90% 80%	True
MM3_C1D8_PBPC_050918	geo:GSE168948:MM3_C1D8_PBPC_050918	tissue_free_text	<map of column site_token>	file	evidence/PMC8639639.txt		BM PC infiltration 80% 90% 80%	True
MM3_C4D1_PBPC_080118	geo:GSE168948:MM3_C4D1_PBPC_080118	tissue_free_text	<map of column site_token>	file	evidence/PMC8639639.txt		BM PC infiltration 80% 90% 80%	True
MM3_C7D1_PBPC_103118	geo:GSE168948:MM3_C7D1_PBPC_103118	tissue_free_text	<map of column site_token>	file	evidence/PMC8639639.txt		BM PC infiltration 80% 90% 80%	True
MM3_EoT_BMPC_110718	geo:GSE168948:MM3_EoT_BMPC_110718	tissue_free_text	<map of column site_token>	file	evidence/PMC8639639.txt		BM PC infiltration 80% 90% 80%	True
MM3_screen_BMPC_041918	geo:GSE168948:MM3_screen_BMPC_041918	tissue_free_text	<map of column site_token>	file	evidence/PMC8639639.txt		BM PC infiltration 80% 90% 80%	True
MM3_screen_PBPC_042418	geo:GSE168948:MM3_screen_PBPC_042418	tissue_free_text	<map of column site_token>	file	evidence/PMC8639639.txt		BM PC infiltration 80% 90% 80%	True
MM3_wk4_PBPC_051618	geo:GSE168948:MM3_wk4_PBPC_051618	tissue_free_text	<map of column site_token>	file	evidence/PMC8639639.txt		BM PC infiltration 80% 90% 80%	True
ND_C5D1_BME_081618	geo:GSE168948:ND_C5D1_BME_081618	tissue_free_text	<map of column site_token>	file	evidence/PMC8639639.txt		BM PC infiltration 80% 90% 80%	True
ND_Normal_BME_040419	geo:GSE168948:ND_Normal_BME_040419	tissue_free_text	<map of column site_token>	file	evidence/PMC8639639.txt		BM PC infiltration 80% 90% 80%	True
ND_Screening_BME_081618	geo:GSE168948:ND_Screening_BME_081618	tissue_free_text	<map of column site_token>	file	evidence/PMC8639639.txt		BM PC infiltration 80% 90% 80%	True
ND_Screening_BM_PC_081618	geo:GSE168948:ND_Screening_BM_PC_081618	tissue_free_text	<map of column site_token>	file	evidence/PMC8639639.txt		BM PC infiltration 80% 90% 80%	True
MM1_C1D15_PBPC_050819	geo:GSE168948:MM1_C1D15_PBPC_050819	tissue_ontology_term_id	<map of column site_token>	file	raw/fp-c85a667f273b/GSE168948_family.soft.gz		!Sample_treatment_protocol_ch1 = Myeloma cells were isolated from the bone marrow or peripheral blood before dabrafenib/ trametinib, at day 7 of treatment and at end of treatment.	True
MM1_C1D15_PBPC_051519	geo:GSE168948:MM1_C1D15_PBPC_051519	tissue_ontology_term_id	<map of column site_token>	file	raw/fp-c85a667f273b/GSE168948_family.soft.gz		!Sample_treatment_protocol_ch1 = Myeloma cells were isolated from the bone marrow or peripheral blood before dabrafenib/ trametinib, at day 7 of treatment and at end of treatment.	True
MM1_C1D8_PBPC_050819	geo:GSE168948:MM1_C1D8_PBPC_050819	tissue_ontology_term_id	<map of column site_token>	file	raw/fp-c85a667f273b/GSE168948_family.soft.gz		!Sample_treatment_protocol_ch1 = Myeloma cells were isolated from the bone marrow or peripheral blood before dabrafenib/ trametinib, at day 7 of treatment and at end of treatment.	True
MM1_C4D1_PBPC_092319	geo:GSE168948:MM1_C4D1_PBPC_092319	tissue_ontology_term_id	<map of column site_token>	file	raw/fp-c85a667f273b/GSE168948_family.soft.gz		!Sample_treatment_protocol_ch1 = Myeloma cells were isolated from the bone marrow or peripheral blood before dabrafenib/ trametinib, at day 7 of treatment and at end of treatment.	True
MM1_EoT_PBPC_121819	geo:GSE168948:MM1_EoT_PBPC_121819	tissue_ontology_term_id	<map of column site_token>	file	raw/fp-c85a667f273b/GSE168948_family.soft.gz		!Sample_treatment_protocol_ch1 = Myeloma cells were isolated from the bone marrow or peripheral blood before dabrafenib/ trametinib, at day 7 of treatment and at end of treatment.	True
MM1_screen_BMPC_042219	geo:GSE168948:MM1_screen_BMPC_042219	tissue_ontology_term_id	<map of column site_token>	file	raw/fp-c85a667f273b/GSE168948_family.soft.gz		!Sample_treatment_protocol_ch1 = Myeloma cells were isolated from the bone marrow or peripheral blood before dabrafenib/ trametinib, at day 7 of treatment and at end of treatment.	True
MM2_C1D8_PBPC_091817	geo:GSE168948:MM2_C1D8_PBPC_091817	tissue_ontology_term_id	<map of column site_token>	file	raw/fp-c85a667f273b/GSE168948_family.soft.gz		!Sample_treatment_protocol_ch1 = Myeloma cells were isolated from the bone marrow or peripheral blood before dabrafenib/ trametinib, at day 7 of treatment and at end of treatment.	True
MM2_screen_PBPC_091117	geo:GSE168948:MM2_screen_PBPC_091117	tissue_ontology_term_id	<map of column site_token>	file	raw/fp-c85a667f273b/GSE168948_family.soft.gz		!Sample_treatment_protocol_ch1 = Myeloma cells were isolated from the bone marrow or peripheral blood before dabrafenib/ trametinib, at day 7 of treatment and at end of treatment.	True
MM3_C1D8_PBPC_050918	geo:GSE168948:MM3_C1D8_PBPC_050918	tissue_ontology_term_id	<map of column site_token>	file	raw/fp-c85a667f273b/GSE168948_family.soft.gz		!Sample_treatment_protocol_ch1 = Myeloma cells were isolated from the bone marrow or peripheral blood before dabrafenib/ trametinib, at day 7 of treatment and at end of treatment.	True
MM3_C4D1_PBPC_080118	geo:GSE168948:MM3_C4D1_PBPC_080118	tissue_ontology_term_id	<map of column site_token>	file	raw/fp-c85a667f273b/GSE168948_family.soft.gz		!Sample_treatment_protocol_ch1 = Myeloma cells were isolated from the bone marrow or peripheral blood before dabrafenib/ trametinib, at day 7 of treatment and at end of treatment.	True
MM3_C7D1_PBPC_103118	geo:GSE168948:MM3_C7D1_PBPC_103118	tissue_ontology_term_id	<map of column site_token>	file	raw/fp-c85a667f273b/GSE168948_family.soft.gz		!Sample_treatment_protocol_ch1 = Myeloma cells were isolated from the bone marrow or peripheral blood before dabrafenib/ trametinib, at day 7 of treatment and at end of treatment.	True
MM3_EoT_BMPC_110718	geo:GSE168948:MM3_EoT_BMPC_110718	tissue_ontology_term_id	<map of column site_token>	file	raw/fp-c85a667f273b/GSE168948_family.soft.gz		!Sample_treatment_protocol_ch1 = Myeloma cells were isolated from the bone marrow or peripheral blood before dabrafenib/ trametinib, at day 7 of treatment and at end of treatment.	True
MM3_screen_BMPC_041918	geo:GSE168948:MM3_screen_BMPC_041918	tissue_ontology_term_id	<map of column site_token>	file	raw/fp-c85a667f273b/GSE168948_family.soft.gz		!Sample_treatment_protocol_ch1 = Myeloma cells were isolated from the bone marrow or peripheral blood before dabrafenib/ trametinib, at day 7 of treatment and at end of treatment.	True
MM3_screen_PBPC_042418	geo:GSE168948:MM3_screen_PBPC_042418	tissue_ontology_term_id	<map of column site_token>	file	raw/fp-c85a667f273b/GSE168948_family.soft.gz		!Sample_treatment_protocol_ch1 = Myeloma cells were isolated from the bone marrow or peripheral blood before dabrafenib/ trametinib, at day 7 of treatment and at end of treatment.	True
MM3_wk4_PBPC_051618	geo:GSE168948:MM3_wk4_PBPC_051618	tissue_ontology_term_id	<map of column site_token>	file	raw/fp-c85a667f273b/GSE168948_family.soft.gz		!Sample_treatment_protocol_ch1 = Myeloma cells were isolated from the bone marrow or peripheral blood before dabrafenib/ trametinib, at day 7 of treatment and at end of treatment.	True
ND_C5D1_BME_081618	geo:GSE168948:ND_C5D1_BME_081618	tissue_ontology_term_id	<map of column site_token>	file	raw/fp-c85a667f273b/GSE168948_family.soft.gz		!Sample_treatment_protocol_ch1 = Myeloma cells were isolated from the bone marrow or peripheral blood before dabrafenib/ trametinib, at day 7 of treatment and at end of treatment.	True
ND_Normal_BME_040419	geo:GSE168948:ND_Normal_BME_040419	tissue_ontology_term_id	<map of column site_token>	file	raw/fp-c85a667f273b/GSE168948_family.soft.gz		!Sample_treatment_protocol_ch1 = Myeloma cells were isolated from the bone marrow or peripheral blood before dabrafenib/ trametinib, at day 7 of treatment and at end of treatment.	True
ND_Screening_BME_081618	geo:GSE168948:ND_Screening_BME_081618	tissue_ontology_term_id	<map of column site_token>	file	raw/fp-c85a667f273b/GSE168948_family.soft.gz		!Sample_treatment_protocol_ch1 = Myeloma cells were isolated from the bone marrow or peripheral blood before dabrafenib/ trametinib, at day 7 of treatment and at end of treatment.	True
ND_Screening_BM_PC_081618	geo:GSE168948:ND_Screening_BM_PC_081618	tissue_ontology_term_id	<map of column site_token>	file	raw/fp-c85a667f273b/GSE168948_family.soft.gz		!Sample_treatment_protocol_ch1 = Myeloma cells were isolated from the bone marrow or peripheral blood before dabrafenib/ trametinib, at day 7 of treatment and at end of treatment.	True
MM1_C1D15_PBPC_050819	geo:GSE168948:MM1_C1D15_PBPC_050819	tissue_ontology_term_id	<map of column site_token>	file	evidence/PMC8639639.txt		BM PC infiltration 80% 90% 80%	True
MM1_C1D15_PBPC_051519	geo:GSE168948:MM1_C1D15_PBPC_051519	tissue_ontology_term_id	<map of column site_token>	file	evidence/PMC8639639.txt		BM PC infiltration 80% 90% 80%	True
MM1_C1D8_PBPC_050819	geo:GSE168948:MM1_C1D8_PBPC_050819	tissue_ontology_term_id	<map of column site_token>	file	evidence/PMC8639639.txt		BM PC infiltration 80% 90% 80%	True
MM1_C4D1_PBPC_092319	geo:GSE168948:MM1_C4D1_PBPC_092319	tissue_ontology_term_id	<map of column site_token>	file	evidence/PMC8639639.txt		BM PC infiltration 80% 90% 80%	True
MM1_EoT_PBPC_121819	geo:GSE168948:MM1_EoT_PBPC_121819	tissue_ontology_term_id	<map of column site_token>	file	evidence/PMC8639639.txt		BM PC infiltration 80% 90% 80%	True
MM1_screen_BMPC_042219	geo:GSE168948:MM1_screen_BMPC_042219	tissue_ontology_term_id	<map of column site_token>	file	evidence/PMC8639639.txt		BM PC infiltration 80% 90% 80%	True
MM2_C1D8_PBPC_091817	geo:GSE168948:MM2_C1D8_PBPC_091817	tissue_ontology_term_id	<map of column site_token>	file	evidence/PMC8639639.txt		BM PC infiltration 80% 90% 80%	True
MM2_screen_PBPC_091117	geo:GSE168948:MM2_screen_PBPC_091117	tissue_ontology_term_id	<map of column site_token>	file	evidence/PMC8639639.txt		BM PC infiltration 80% 90% 80%	True
MM3_C1D8_PBPC_050918	geo:GSE168948:MM3_C1D8_PBPC_050918	tissue_ontology_term_id	<map of column site_token>	file	evidence/PMC8639639.txt		BM PC infiltration 80% 90% 80%	True
MM3_C4D1_PBPC_080118	geo:GSE168948:MM3_C4D1_PBPC_080118	tissue_ontology_term_id	<map of column site_token>	file	evidence/PMC8639639.txt		BM PC infiltration 80% 90% 80%	True
MM3_C7D1_PBPC_103118	geo:GSE168948:MM3_C7D1_PBPC_103118	tissue_ontology_term_id	<map of column site_token>	file	evidence/PMC8639639.txt		BM PC infiltration 80% 90% 80%	True
MM3_EoT_BMPC_110718	geo:GSE168948:MM3_EoT_BMPC_110718	tissue_ontology_term_id	<map of column site_token>	file	evidence/PMC8639639.txt		BM PC infiltration 80% 90% 80%	True
MM3_screen_BMPC_041918	geo:GSE168948:MM3_screen_BMPC_041918	tissue_ontology_term_id	<map of column site_token>	file	evidence/PMC8639639.txt		BM PC infiltration 80% 90% 80%	True
MM3_screen_PBPC_042418	geo:GSE168948:MM3_screen_PBPC_042418	tissue_ontology_term_id	<map of column site_token>	file	evidence/PMC8639639.txt		BM PC infiltration 80% 90% 80%	True
MM3_wk4_PBPC_051618	geo:GSE168948:MM3_wk4_PBPC_051618	tissue_ontology_term_id	<map of column site_token>	file	evidence/PMC8639639.txt		BM PC infiltration 80% 90% 80%	True
ND_C5D1_BME_081618	geo:GSE168948:ND_C5D1_BME_081618	tissue_ontology_term_id	<map of column site_token>	file	evidence/PMC8639639.txt		BM PC infiltration 80% 90% 80%	True
ND_Normal_BME_040419	geo:GSE168948:ND_Normal_BME_040419	tissue_ontology_term_id	<map of column site_token>	file	evidence/PMC8639639.txt		BM PC infiltration 80% 90% 80%	True
ND_Screening_BME_081618	geo:GSE168948:ND_Screening_BME_081618	tissue_ontology_term_id	<map of column site_token>	file	evidence/PMC8639639.txt		BM PC infiltration 80% 90% 80%	True
ND_Screening_BM_PC_081618	geo:GSE168948:ND_Screening_BM_PC_081618	tissue_ontology_term_id	<map of column site_token>	file	evidence/PMC8639639.txt		BM PC infiltration 80% 90% 80%	True
MM1_C1D15_PBPC_050819	geo:GSE168948:MM1_C1D15_PBPC_050819	cell_enrichment	<map of column donor_sort>	file	raw/fp-c85a667f273b/GSE168948_family.soft.gz		!Sample_characteristics_ch1 = cell type: CD138+/CD38+ myeloma and normal plasma cells	True
MM1_C1D15_PBPC_051519	geo:GSE168948:MM1_C1D15_PBPC_051519	cell_enrichment	<map of column donor_sort>	file	raw/fp-c85a667f273b/GSE168948_family.soft.gz		!Sample_characteristics_ch1 = cell type: CD138+/CD38+ myeloma and normal plasma cells	True
MM1_C1D8_PBPC_050819	geo:GSE168948:MM1_C1D8_PBPC_050819	cell_enrichment	<map of column donor_sort>	file	raw/fp-c85a667f273b/GSE168948_family.soft.gz		!Sample_characteristics_ch1 = cell type: CD138+/CD38+ myeloma and normal plasma cells	True
MM1_C4D1_PBPC_092319	geo:GSE168948:MM1_C4D1_PBPC_092319	cell_enrichment	<map of column donor_sort>	file	raw/fp-c85a667f273b/GSE168948_family.soft.gz		!Sample_characteristics_ch1 = cell type: CD138+/CD38+ myeloma and normal plasma cells	True
MM1_EoT_PBPC_121819	geo:GSE168948:MM1_EoT_PBPC_121819	cell_enrichment	<map of column donor_sort>	file	raw/fp-c85a667f273b/GSE168948_family.soft.gz		!Sample_characteristics_ch1 = cell type: CD138+/CD38+ myeloma and normal plasma cells	True
MM1_screen_BMPC_042219	geo:GSE168948:MM1_screen_BMPC_042219	cell_enrichment	<map of column donor_sort>	file	raw/fp-c85a667f273b/GSE168948_family.soft.gz		!Sample_characteristics_ch1 = cell type: CD138+/CD38+ myeloma and normal plasma cells	True
MM2_C1D8_PBPC_091817	geo:GSE168948:MM2_C1D8_PBPC_091817	cell_enrichment	<map of column donor_sort>	file	raw/fp-c85a667f273b/GSE168948_family.soft.gz		!Sample_characteristics_ch1 = cell type: CD138+/CD38+ myeloma and normal plasma cells	True
MM2_screen_PBPC_091117	geo:GSE168948:MM2_screen_PBPC_091117	cell_enrichment	<map of column donor_sort>	file	raw/fp-c85a667f273b/GSE168948_family.soft.gz		!Sample_characteristics_ch1 = cell type: CD138+/CD38+ myeloma and normal plasma cells	True
MM3_C1D8_PBPC_050918	geo:GSE168948:MM3_C1D8_PBPC_050918	cell_enrichment	<map of column donor_sort>	file	raw/fp-c85a667f273b/GSE168948_family.soft.gz		!Sample_characteristics_ch1 = cell type: CD138+/CD38+ myeloma and normal plasma cells	True
MM3_C4D1_PBPC_080118	geo:GSE168948:MM3_C4D1_PBPC_080118	cell_enrichment	<map of column donor_sort>	file	raw/fp-c85a667f273b/GSE168948_family.soft.gz		!Sample_characteristics_ch1 = cell type: CD138+/CD38+ myeloma and normal plasma cells	True
MM3_C7D1_PBPC_103118	geo:GSE168948:MM3_C7D1_PBPC_103118	cell_enrichment	<map of column donor_sort>	file	raw/fp-c85a667f273b/GSE168948_family.soft.gz		!Sample_characteristics_ch1 = cell type: CD138+/CD38+ myeloma and normal plasma cells	True
MM3_EoT_BMPC_110718	geo:GSE168948:MM3_EoT_BMPC_110718	cell_enrichment	<map of column donor_sort>	file	raw/fp-c85a667f273b/GSE168948_family.soft.gz		!Sample_characteristics_ch1 = cell type: CD138+/CD38+ myeloma and normal plasma cells	True
MM3_screen_BMPC_041918	geo:GSE168948:MM3_screen_BMPC_041918	cell_enrichment	<map of column donor_sort>	file	raw/fp-c85a667f273b/GSE168948_family.soft.gz		!Sample_characteristics_ch1 = cell type: CD138+/CD38+ myeloma and normal plasma cells	True
MM3_screen_PBPC_042418	geo:GSE168948:MM3_screen_PBPC_042418	cell_enrichment	<map of column donor_sort>	file	raw/fp-c85a667f273b/GSE168948_family.soft.gz		!Sample_characteristics_ch1 = cell type: CD138+/CD38+ myeloma and normal plasma cells	True
MM3_wk4_PBPC_051618	geo:GSE168948:MM3_wk4_PBPC_051618	cell_enrichment	<map of column donor_sort>	file	raw/fp-c85a667f273b/GSE168948_family.soft.gz		!Sample_characteristics_ch1 = cell type: CD138+/CD38+ myeloma and normal plasma cells	True
ND_C5D1_BME_081618	geo:GSE168948:ND_C5D1_BME_081618	cell_enrichment	<map of column donor_sort>	file	raw/fp-c85a667f273b/GSE168948_family.soft.gz		!Sample_characteristics_ch1 = cell type: CD138+/CD38+ myeloma and normal plasma cells	True
ND_Normal_BME_040419	geo:GSE168948:ND_Normal_BME_040419	cell_enrichment	<map of column donor_sort>	file	raw/fp-c85a667f273b/GSE168948_family.soft.gz		!Sample_characteristics_ch1 = cell type: CD138+/CD38+ myeloma and normal plasma cells	True
ND_Screening_BME_081618	geo:GSE168948:ND_Screening_BME_081618	cell_enrichment	<map of column donor_sort>	file	raw/fp-c85a667f273b/GSE168948_family.soft.gz		!Sample_characteristics_ch1 = cell type: CD138+/CD38+ myeloma and normal plasma cells	True
ND_Screening_BM_PC_081618	geo:GSE168948:ND_Screening_BM_PC_081618	cell_enrichment	<map of column donor_sort>	file	raw/fp-c85a667f273b/GSE168948_family.soft.gz		!Sample_characteristics_ch1 = cell type: CD138+/CD38+ myeloma and normal plasma cells	True
MM1_C1D15_PBPC_050819	geo:GSE168948:MM1_C1D15_PBPC_050819	cell_enrichment	<map of column donor_sort>	file	evidence/PMC8639639.txt		A total of 1495 single CD138+/CD38+ myeloma and normal plasma cells from three patients and one normal donor were examined by full-length single-cell RNA sequencing	True
MM1_C1D15_PBPC_051519	geo:GSE168948:MM1_C1D15_PBPC_051519	cell_enrichment	<map of column donor_sort>	file	evidence/PMC8639639.txt		A total of 1495 single CD138+/CD38+ myeloma and normal plasma cells from three patients and one normal donor were examined by full-length single-cell RNA sequencing	True
MM1_C1D8_PBPC_050819	geo:GSE168948:MM1_C1D8_PBPC_050819	cell_enrichment	<map of column donor_sort>	file	evidence/PMC8639639.txt		A total of 1495 single CD138+/CD38+ myeloma and normal plasma cells from three patients and one normal donor were examined by full-length single-cell RNA sequencing	True
MM1_C4D1_PBPC_092319	geo:GSE168948:MM1_C4D1_PBPC_092319	cell_enrichment	<map of column donor_sort>	file	evidence/PMC8639639.txt		A total of 1495 single CD138+/CD38+ myeloma and normal plasma cells from three patients and one normal donor were examined by full-length single-cell RNA sequencing	True
MM1_EoT_PBPC_121819	geo:GSE168948:MM1_EoT_PBPC_121819	cell_enrichment	<map of column donor_sort>	file	evidence/PMC8639639.txt		A total of 1495 single CD138+/CD38+ myeloma and normal plasma cells from three patients and one normal donor were examined by full-length single-cell RNA sequencing	True
MM1_screen_BMPC_042219	geo:GSE168948:MM1_screen_BMPC_042219	cell_enrichment	<map of column donor_sort>	file	evidence/PMC8639639.txt		A total of 1495 single CD138+/CD38+ myeloma and normal plasma cells from three patients and one normal donor were examined by full-length single-cell RNA sequencing	True
MM2_C1D8_PBPC_091817	geo:GSE168948:MM2_C1D8_PBPC_091817	cell_enrichment	<map of column donor_sort>	file	evidence/PMC8639639.txt		A total of 1495 single CD138+/CD38+ myeloma and normal plasma cells from three patients and one normal donor were examined by full-length single-cell RNA sequencing	True
MM2_screen_PBPC_091117	geo:GSE168948:MM2_screen_PBPC_091117	cell_enrichment	<map of column donor_sort>	file	evidence/PMC8639639.txt		A total of 1495 single CD138+/CD38+ myeloma and normal plasma cells from three patients and one normal donor were examined by full-length single-cell RNA sequencing	True
MM3_C1D8_PBPC_050918	geo:GSE168948:MM3_C1D8_PBPC_050918	cell_enrichment	<map of column donor_sort>	file	evidence/PMC8639639.txt		A total of 1495 single CD138+/CD38+ myeloma and normal plasma cells from three patients and one normal donor were examined by full-length single-cell RNA sequencing	True
MM3_C4D1_PBPC_080118	geo:GSE168948:MM3_C4D1_PBPC_080118	cell_enrichment	<map of column donor_sort>	file	evidence/PMC8639639.txt		A total of 1495 single CD138+/CD38+ myeloma and normal plasma cells from three patients and one normal donor were examined by full-length single-cell RNA sequencing	True
MM3_C7D1_PBPC_103118	geo:GSE168948:MM3_C7D1_PBPC_103118	cell_enrichment	<map of column donor_sort>	file	evidence/PMC8639639.txt		A total of 1495 single CD138+/CD38+ myeloma and normal plasma cells from three patients and one normal donor were examined by full-length single-cell RNA sequencing	True
MM3_EoT_BMPC_110718	geo:GSE168948:MM3_EoT_BMPC_110718	cell_enrichment	<map of column donor_sort>	file	evidence/PMC8639639.txt		A total of 1495 single CD138+/CD38+ myeloma and normal plasma cells from three patients and one normal donor were examined by full-length single-cell RNA sequencing	True
MM3_screen_BMPC_041918	geo:GSE168948:MM3_screen_BMPC_041918	cell_enrichment	<map of column donor_sort>	file	evidence/PMC8639639.txt		A total of 1495 single CD138+/CD38+ myeloma and normal plasma cells from three patients and one normal donor were examined by full-length single-cell RNA sequencing	True
MM3_screen_PBPC_042418	geo:GSE168948:MM3_screen_PBPC_042418	cell_enrichment	<map of column donor_sort>	file	evidence/PMC8639639.txt		A total of 1495 single CD138+/CD38+ myeloma and normal plasma cells from three patients and one normal donor were examined by full-length single-cell RNA sequencing	True
MM3_wk4_PBPC_051618	geo:GSE168948:MM3_wk4_PBPC_051618	cell_enrichment	<map of column donor_sort>	file	evidence/PMC8639639.txt		A total of 1495 single CD138+/CD38+ myeloma and normal plasma cells from three patients and one normal donor were examined by full-length single-cell RNA sequencing	True
ND_C5D1_BME_081618	geo:GSE168948:ND_C5D1_BME_081618	cell_enrichment	<map of column donor_sort>	file	evidence/PMC8639639.txt		A total of 1495 single CD138+/CD38+ myeloma and normal plasma cells from three patients and one normal donor were examined by full-length single-cell RNA sequencing	True
ND_Normal_BME_040419	geo:GSE168948:ND_Normal_BME_040419	cell_enrichment	<map of column donor_sort>	file	evidence/PMC8639639.txt		A total of 1495 single CD138+/CD38+ myeloma and normal plasma cells from three patients and one normal donor were examined by full-length single-cell RNA sequencing	True
ND_Screening_BME_081618	geo:GSE168948:ND_Screening_BME_081618	cell_enrichment	<map of column donor_sort>	file	evidence/PMC8639639.txt		A total of 1495 single CD138+/CD38+ myeloma and normal plasma cells from three patients and one normal donor were examined by full-length single-cell RNA sequencing	True
ND_Screening_BM_PC_081618	geo:GSE168948:ND_Screening_BM_PC_081618	cell_enrichment	<map of column donor_sort>	file	evidence/PMC8639639.txt		A total of 1495 single CD138+/CD38+ myeloma and normal plasma cells from three patients and one normal donor were examined by full-length single-cell RNA sequencing	True
MM1_C1D15_PBPC_050819	geo:GSE168948:MM1_C1D15_PBPC_050819	treatment	<map of column donor_token>	file	evidence/PMC8639639.txt		Patients were treated with the BRAF inhibitor dabrafenib and the MEK inhibitor trametinib.	True
MM1_C1D15_PBPC_051519	geo:GSE168948:MM1_C1D15_PBPC_051519	treatment	<map of column donor_token>	file	evidence/PMC8639639.txt		Patients were treated with the BRAF inhibitor dabrafenib and the MEK inhibitor trametinib.	True
MM1_C1D8_PBPC_050819	geo:GSE168948:MM1_C1D8_PBPC_050819	treatment	<map of column donor_token>	file	evidence/PMC8639639.txt		Patients were treated with the BRAF inhibitor dabrafenib and the MEK inhibitor trametinib.	True
MM1_C4D1_PBPC_092319	geo:GSE168948:MM1_C4D1_PBPC_092319	treatment	<map of column donor_token>	file	evidence/PMC8639639.txt		Patients were treated with the BRAF inhibitor dabrafenib and the MEK inhibitor trametinib.	True
MM1_EoT_PBPC_121819	geo:GSE168948:MM1_EoT_PBPC_121819	treatment	<map of column donor_token>	file	evidence/PMC8639639.txt		Patients were treated with the BRAF inhibitor dabrafenib and the MEK inhibitor trametinib.	True
MM1_screen_BMPC_042219	geo:GSE168948:MM1_screen_BMPC_042219	treatment	<map of column donor_token>	file	evidence/PMC8639639.txt		Patients were treated with the BRAF inhibitor dabrafenib and the MEK inhibitor trametinib.	True
MM2_C1D8_PBPC_091817	geo:GSE168948:MM2_C1D8_PBPC_091817	treatment	<map of column donor_token>	file	evidence/PMC8639639.txt		Patients were treated with the BRAF inhibitor dabrafenib and the MEK inhibitor trametinib.	True
MM2_screen_PBPC_091117	geo:GSE168948:MM2_screen_PBPC_091117	treatment	<map of column donor_token>	file	evidence/PMC8639639.txt		Patients were treated with the BRAF inhibitor dabrafenib and the MEK inhibitor trametinib.	True
MM3_C1D8_PBPC_050918	geo:GSE168948:MM3_C1D8_PBPC_050918	treatment	<map of column donor_token>	file	evidence/PMC8639639.txt		Patients were treated with the BRAF inhibitor dabrafenib and the MEK inhibitor trametinib.	True
MM3_C4D1_PBPC_080118	geo:GSE168948:MM3_C4D1_PBPC_080118	treatment	<map of column donor_token>	file	evidence/PMC8639639.txt		Patients were treated with the BRAF inhibitor dabrafenib and the MEK inhibitor trametinib.	True
MM3_C7D1_PBPC_103118	geo:GSE168948:MM3_C7D1_PBPC_103118	treatment	<map of column donor_token>	file	evidence/PMC8639639.txt		Patients were treated with the BRAF inhibitor dabrafenib and the MEK inhibitor trametinib.	True
MM3_EoT_BMPC_110718	geo:GSE168948:MM3_EoT_BMPC_110718	treatment	<map of column donor_token>	file	evidence/PMC8639639.txt		Patients were treated with the BRAF inhibitor dabrafenib and the MEK inhibitor trametinib.	True
MM3_screen_BMPC_041918	geo:GSE168948:MM3_screen_BMPC_041918	treatment	<map of column donor_token>	file	evidence/PMC8639639.txt		Patients were treated with the BRAF inhibitor dabrafenib and the MEK inhibitor trametinib.	True
MM3_screen_PBPC_042418	geo:GSE168948:MM3_screen_PBPC_042418	treatment	<map of column donor_token>	file	evidence/PMC8639639.txt		Patients were treated with the BRAF inhibitor dabrafenib and the MEK inhibitor trametinib.	True
MM3_wk4_PBPC_051618	geo:GSE168948:MM3_wk4_PBPC_051618	treatment	<map of column donor_token>	file	evidence/PMC8639639.txt		Patients were treated with the BRAF inhibitor dabrafenib and the MEK inhibitor trametinib.	True
ND_C5D1_BME_081618	geo:GSE168948:ND_C5D1_BME_081618	treatment	<map of column donor_token>	file	evidence/PMC8639639.txt		Patients were treated with the BRAF inhibitor dabrafenib and the MEK inhibitor trametinib.	True
ND_Normal_BME_040419	geo:GSE168948:ND_Normal_BME_040419	treatment	<map of column donor_token>	file	evidence/PMC8639639.txt		Patients were treated with the BRAF inhibitor dabrafenib and the MEK inhibitor trametinib.	True
ND_Screening_BME_081618	geo:GSE168948:ND_Screening_BME_081618	treatment	<map of column donor_token>	file	evidence/PMC8639639.txt		Patients were treated with the BRAF inhibitor dabrafenib and the MEK inhibitor trametinib.	True
ND_Screening_BM_PC_081618	geo:GSE168948:ND_Screening_BM_PC_081618	treatment	<map of column donor_token>	file	evidence/PMC8639639.txt		Patients were treated with the BRAF inhibitor dabrafenib and the MEK inhibitor trametinib.	True
MM1_C1D15_PBPC_050819	geo:GSE168948:MM1_C1D15_PBPC_050819	treatment_status	<map of column donor_timepoint>	file	raw/fp-c85a667f273b/GSE168948_family.soft.gz		!Sample_treatment_protocol_ch1 = Myeloma cells were isolated from the bone marrow or peripheral blood before dabrafenib/ trametinib, at day 7 of treatment and at end of treatment.	True
MM1_C1D15_PBPC_051519	geo:GSE168948:MM1_C1D15_PBPC_051519	treatment_status	<map of column donor_timepoint>	file	raw/fp-c85a667f273b/GSE168948_family.soft.gz		!Sample_treatment_protocol_ch1 = Myeloma cells were isolated from the bone marrow or peripheral blood before dabrafenib/ trametinib, at day 7 of treatment and at end of treatment.	True
MM1_C1D8_PBPC_050819	geo:GSE168948:MM1_C1D8_PBPC_050819	treatment_status	<map of column donor_timepoint>	file	raw/fp-c85a667f273b/GSE168948_family.soft.gz		!Sample_treatment_protocol_ch1 = Myeloma cells were isolated from the bone marrow or peripheral blood before dabrafenib/ trametinib, at day 7 of treatment and at end of treatment.	True
MM1_C4D1_PBPC_092319	geo:GSE168948:MM1_C4D1_PBPC_092319	treatment_status	<map of column donor_timepoint>	file	raw/fp-c85a667f273b/GSE168948_family.soft.gz		!Sample_treatment_protocol_ch1 = Myeloma cells were isolated from the bone marrow or peripheral blood before dabrafenib/ trametinib, at day 7 of treatment and at end of treatment.	True
MM1_EoT_PBPC_121819	geo:GSE168948:MM1_EoT_PBPC_121819	treatment_status	<map of column donor_timepoint>	file	raw/fp-c85a667f273b/GSE168948_family.soft.gz		!Sample_treatment_protocol_ch1 = Myeloma cells were isolated from the bone marrow or peripheral blood before dabrafenib/ trametinib, at day 7 of treatment and at end of treatment.	True
MM1_screen_BMPC_042219	geo:GSE168948:MM1_screen_BMPC_042219	treatment_status	<map of column donor_timepoint>	file	raw/fp-c85a667f273b/GSE168948_family.soft.gz		!Sample_treatment_protocol_ch1 = Myeloma cells were isolated from the bone marrow or peripheral blood before dabrafenib/ trametinib, at day 7 of treatment and at end of treatment.	True
MM2_C1D8_PBPC_091817	geo:GSE168948:MM2_C1D8_PBPC_091817	treatment_status	<map of column donor_timepoint>	file	raw/fp-c85a667f273b/GSE168948_family.soft.gz		!Sample_treatment_protocol_ch1 = Myeloma cells were isolated from the bone marrow or peripheral blood before dabrafenib/ trametinib, at day 7 of treatment and at end of treatment.	True
MM2_screen_PBPC_091117	geo:GSE168948:MM2_screen_PBPC_091117	treatment_status	<map of column donor_timepoint>	file	raw/fp-c85a667f273b/GSE168948_family.soft.gz		!Sample_treatment_protocol_ch1 = Myeloma cells were isolated from the bone marrow or peripheral blood before dabrafenib/ trametinib, at day 7 of treatment and at end of treatment.	True
MM3_C1D8_PBPC_050918	geo:GSE168948:MM3_C1D8_PBPC_050918	treatment_status	<map of column donor_timepoint>	file	raw/fp-c85a667f273b/GSE168948_family.soft.gz		!Sample_treatment_protocol_ch1 = Myeloma cells were isolated from the bone marrow or peripheral blood before dabrafenib/ trametinib, at day 7 of treatment and at end of treatment.	True
MM3_C4D1_PBPC_080118	geo:GSE168948:MM3_C4D1_PBPC_080118	treatment_status	<map of column donor_timepoint>	file	raw/fp-c85a667f273b/GSE168948_family.soft.gz		!Sample_treatment_protocol_ch1 = Myeloma cells were isolated from the bone marrow or peripheral blood before dabrafenib/ trametinib, at day 7 of treatment and at end of treatment.	True
MM3_C7D1_PBPC_103118	geo:GSE168948:MM3_C7D1_PBPC_103118	treatment_status	<map of column donor_timepoint>	file	raw/fp-c85a667f273b/GSE168948_family.soft.gz		!Sample_treatment_protocol_ch1 = Myeloma cells were isolated from the bone marrow or peripheral blood before dabrafenib/ trametinib, at day 7 of treatment and at end of treatment.	True
MM3_EoT_BMPC_110718	geo:GSE168948:MM3_EoT_BMPC_110718	treatment_status	<map of column donor_timepoint>	file	raw/fp-c85a667f273b/GSE168948_family.soft.gz		!Sample_treatment_protocol_ch1 = Myeloma cells were isolated from the bone marrow or peripheral blood before dabrafenib/ trametinib, at day 7 of treatment and at end of treatment.	True
MM3_screen_BMPC_041918	geo:GSE168948:MM3_screen_BMPC_041918	treatment_status	<map of column donor_timepoint>	file	raw/fp-c85a667f273b/GSE168948_family.soft.gz		!Sample_treatment_protocol_ch1 = Myeloma cells were isolated from the bone marrow or peripheral blood before dabrafenib/ trametinib, at day 7 of treatment and at end of treatment.	True
MM3_screen_PBPC_042418	geo:GSE168948:MM3_screen_PBPC_042418	treatment_status	<map of column donor_timepoint>	file	raw/fp-c85a667f273b/GSE168948_family.soft.gz		!Sample_treatment_protocol_ch1 = Myeloma cells were isolated from the bone marrow or peripheral blood before dabrafenib/ trametinib, at day 7 of treatment and at end of treatment.	True
MM3_wk4_PBPC_051618	geo:GSE168948:MM3_wk4_PBPC_051618	treatment_status	<map of column donor_timepoint>	file	raw/fp-c85a667f273b/GSE168948_family.soft.gz		!Sample_treatment_protocol_ch1 = Myeloma cells were isolated from the bone marrow or peripheral blood before dabrafenib/ trametinib, at day 7 of treatment and at end of treatment.	True
ND_C5D1_BME_081618	geo:GSE168948:ND_C5D1_BME_081618	treatment_status	<map of column donor_timepoint>	file	raw/fp-c85a667f273b/GSE168948_family.soft.gz		!Sample_treatment_protocol_ch1 = Myeloma cells were isolated from the bone marrow or peripheral blood before dabrafenib/ trametinib, at day 7 of treatment and at end of treatment.	True
ND_Normal_BME_040419	geo:GSE168948:ND_Normal_BME_040419	treatment_status	<map of column donor_timepoint>	file	raw/fp-c85a667f273b/GSE168948_family.soft.gz		!Sample_treatment_protocol_ch1 = Myeloma cells were isolated from the bone marrow or peripheral blood before dabrafenib/ trametinib, at day 7 of treatment and at end of treatment.	True
ND_Screening_BME_081618	geo:GSE168948:ND_Screening_BME_081618	treatment_status	<map of column donor_timepoint>	file	raw/fp-c85a667f273b/GSE168948_family.soft.gz		!Sample_treatment_protocol_ch1 = Myeloma cells were isolated from the bone marrow or peripheral blood before dabrafenib/ trametinib, at day 7 of treatment and at end of treatment.	True
ND_Screening_BM_PC_081618	geo:GSE168948:ND_Screening_BM_PC_081618	treatment_status	<map of column donor_timepoint>	file	raw/fp-c85a667f273b/GSE168948_family.soft.gz		!Sample_treatment_protocol_ch1 = Myeloma cells were isolated from the bone marrow or peripheral blood before dabrafenib/ trametinib, at day 7 of treatment and at end of treatment.	True
MM1_C1D15_PBPC_050819	geo:GSE168948:MM1_C1D15_PBPC_050819	treatment_status	<map of column donor_timepoint>	file	evidence/PMC8639639.txt		Samples were retrieved at screening, after one week of treatment and at the time of clinical progression. Clinical progression for patients MM1, MM2 and MM3 was measured at cycle 4 day 1 (MM1), week 1 (MM2) and cycle 7 day 1 (MM3).	True
MM1_C1D15_PBPC_051519	geo:GSE168948:MM1_C1D15_PBPC_051519	treatment_status	<map of column donor_timepoint>	file	evidence/PMC8639639.txt		Samples were retrieved at screening, after one week of treatment and at the time of clinical progression. Clinical progression for patients MM1, MM2 and MM3 was measured at cycle 4 day 1 (MM1), week 1 (MM2) and cycle 7 day 1 (MM3).	True
MM1_C1D8_PBPC_050819	geo:GSE168948:MM1_C1D8_PBPC_050819	treatment_status	<map of column donor_timepoint>	file	evidence/PMC8639639.txt		Samples were retrieved at screening, after one week of treatment and at the time of clinical progression. Clinical progression for patients MM1, MM2 and MM3 was measured at cycle 4 day 1 (MM1), week 1 (MM2) and cycle 7 day 1 (MM3).	True
MM1_C4D1_PBPC_092319	geo:GSE168948:MM1_C4D1_PBPC_092319	treatment_status	<map of column donor_timepoint>	file	evidence/PMC8639639.txt		Samples were retrieved at screening, after one week of treatment and at the time of clinical progression. Clinical progression for patients MM1, MM2 and MM3 was measured at cycle 4 day 1 (MM1), week 1 (MM2) and cycle 7 day 1 (MM3).	True
MM1_EoT_PBPC_121819	geo:GSE168948:MM1_EoT_PBPC_121819	treatment_status	<map of column donor_timepoint>	file	evidence/PMC8639639.txt		Samples were retrieved at screening, after one week of treatment and at the time of clinical progression. Clinical progression for patients MM1, MM2 and MM3 was measured at cycle 4 day 1 (MM1), week 1 (MM2) and cycle 7 day 1 (MM3).	True
MM1_screen_BMPC_042219	geo:GSE168948:MM1_screen_BMPC_042219	treatment_status	<map of column donor_timepoint>	file	evidence/PMC8639639.txt		Samples were retrieved at screening, after one week of treatment and at the time of clinical progression. Clinical progression for patients MM1, MM2 and MM3 was measured at cycle 4 day 1 (MM1), week 1 (MM2) and cycle 7 day 1 (MM3).	True
MM2_C1D8_PBPC_091817	geo:GSE168948:MM2_C1D8_PBPC_091817	treatment_status	<map of column donor_timepoint>	file	evidence/PMC8639639.txt		Samples were retrieved at screening, after one week of treatment and at the time of clinical progression. Clinical progression for patients MM1, MM2 and MM3 was measured at cycle 4 day 1 (MM1), week 1 (MM2) and cycle 7 day 1 (MM3).	True
MM2_screen_PBPC_091117	geo:GSE168948:MM2_screen_PBPC_091117	treatment_status	<map of column donor_timepoint>	file	evidence/PMC8639639.txt		Samples were retrieved at screening, after one week of treatment and at the time of clinical progression. Clinical progression for patients MM1, MM2 and MM3 was measured at cycle 4 day 1 (MM1), week 1 (MM2) and cycle 7 day 1 (MM3).	True
MM3_C1D8_PBPC_050918	geo:GSE168948:MM3_C1D8_PBPC_050918	treatment_status	<map of column donor_timepoint>	file	evidence/PMC8639639.txt		Samples were retrieved at screening, after one week of treatment and at the time of clinical progression. Clinical progression for patients MM1, MM2 and MM3 was measured at cycle 4 day 1 (MM1), week 1 (MM2) and cycle 7 day 1 (MM3).	True
MM3_C4D1_PBPC_080118	geo:GSE168948:MM3_C4D1_PBPC_080118	treatment_status	<map of column donor_timepoint>	file	evidence/PMC8639639.txt		Samples were retrieved at screening, after one week of treatment and at the time of clinical progression. Clinical progression for patients MM1, MM2 and MM3 was measured at cycle 4 day 1 (MM1), week 1 (MM2) and cycle 7 day 1 (MM3).	True
MM3_C7D1_PBPC_103118	geo:GSE168948:MM3_C7D1_PBPC_103118	treatment_status	<map of column donor_timepoint>	file	evidence/PMC8639639.txt		Samples were retrieved at screening, after one week of treatment and at the time of clinical progression. Clinical progression for patients MM1, MM2 and MM3 was measured at cycle 4 day 1 (MM1), week 1 (MM2) and cycle 7 day 1 (MM3).	True
MM3_EoT_BMPC_110718	geo:GSE168948:MM3_EoT_BMPC_110718	treatment_status	<map of column donor_timepoint>	file	evidence/PMC8639639.txt		Samples were retrieved at screening, after one week of treatment and at the time of clinical progression. Clinical progression for patients MM1, MM2 and MM3 was measured at cycle 4 day 1 (MM1), week 1 (MM2) and cycle 7 day 1 (MM3).	True
MM3_screen_BMPC_041918	geo:GSE168948:MM3_screen_BMPC_041918	treatment_status	<map of column donor_timepoint>	file	evidence/PMC8639639.txt		Samples were retrieved at screening, after one week of treatment and at the time of clinical progression. Clinical progression for patients MM1, MM2 and MM3 was measured at cycle 4 day 1 (MM1), week 1 (MM2) and cycle 7 day 1 (MM3).	True
MM3_screen_PBPC_042418	geo:GSE168948:MM3_screen_PBPC_042418	treatment_status	<map of column donor_timepoint>	file	evidence/PMC8639639.txt		Samples were retrieved at screening, after one week of treatment and at the time of clinical progression. Clinical progression for patients MM1, MM2 and MM3 was measured at cycle 4 day 1 (MM1), week 1 (MM2) and cycle 7 day 1 (MM3).	True
MM3_wk4_PBPC_051618	geo:GSE168948:MM3_wk4_PBPC_051618	treatment_status	<map of column donor_timepoint>	file	evidence/PMC8639639.txt		Samples were retrieved at screening, after one week of treatment and at the time of clinical progression. Clinical progression for patients MM1, MM2 and MM3 was measured at cycle 4 day 1 (MM1), week 1 (MM2) and cycle 7 day 1 (MM3).	True
ND_C5D1_BME_081618	geo:GSE168948:ND_C5D1_BME_081618	treatment_status	<map of column donor_timepoint>	file	evidence/PMC8639639.txt		Samples were retrieved at screening, after one week of treatment and at the time of clinical progression. Clinical progression for patients MM1, MM2 and MM3 was measured at cycle 4 day 1 (MM1), week 1 (MM2) and cycle 7 day 1 (MM3).	True
ND_Normal_BME_040419	geo:GSE168948:ND_Normal_BME_040419	treatment_status	<map of column donor_timepoint>	file	evidence/PMC8639639.txt		Samples were retrieved at screening, after one week of treatment and at the time of clinical progression. Clinical progression for patients MM1, MM2 and MM3 was measured at cycle 4 day 1 (MM1), week 1 (MM2) and cycle 7 day 1 (MM3).	True
ND_Screening_BME_081618	geo:GSE168948:ND_Screening_BME_081618	treatment_status	<map of column donor_timepoint>	file	evidence/PMC8639639.txt		Samples were retrieved at screening, after one week of treatment and at the time of clinical progression. Clinical progression for patients MM1, MM2 and MM3 was measured at cycle 4 day 1 (MM1), week 1 (MM2) and cycle 7 day 1 (MM3).	True
ND_Screening_BM_PC_081618	geo:GSE168948:ND_Screening_BM_PC_081618	treatment_status	<map of column donor_timepoint>	file	evidence/PMC8639639.txt		Samples were retrieved at screening, after one week of treatment and at the time of clinical progression. Clinical progression for patients MM1, MM2 and MM3 was measured at cycle 4 day 1 (MM1), week 1 (MM2) and cycle 7 day 1 (MM3).	True
MM1_C1D15_PBPC_050819	geo:GSE168948:MM1_C1D15_PBPC_050819	treatment_status	<map of column donor_timepoint>	file	evidence/PMC8639639.txt		on a 28-day cycle until progression	True
MM1_C1D15_PBPC_051519	geo:GSE168948:MM1_C1D15_PBPC_051519	treatment_status	<map of column donor_timepoint>	file	evidence/PMC8639639.txt		on a 28-day cycle until progression	True
MM1_C1D8_PBPC_050819	geo:GSE168948:MM1_C1D8_PBPC_050819	treatment_status	<map of column donor_timepoint>	file	evidence/PMC8639639.txt		on a 28-day cycle until progression	True
MM1_C4D1_PBPC_092319	geo:GSE168948:MM1_C4D1_PBPC_092319	treatment_status	<map of column donor_timepoint>	file	evidence/PMC8639639.txt		on a 28-day cycle until progression	True
MM1_EoT_PBPC_121819	geo:GSE168948:MM1_EoT_PBPC_121819	treatment_status	<map of column donor_timepoint>	file	evidence/PMC8639639.txt		on a 28-day cycle until progression	True
MM1_screen_BMPC_042219	geo:GSE168948:MM1_screen_BMPC_042219	treatment_status	<map of column donor_timepoint>	file	evidence/PMC8639639.txt		on a 28-day cycle until progression	True
MM2_C1D8_PBPC_091817	geo:GSE168948:MM2_C1D8_PBPC_091817	treatment_status	<map of column donor_timepoint>	file	evidence/PMC8639639.txt		on a 28-day cycle until progression	True
MM2_screen_PBPC_091117	geo:GSE168948:MM2_screen_PBPC_091117	treatment_status	<map of column donor_timepoint>	file	evidence/PMC8639639.txt		on a 28-day cycle until progression	True
MM3_C1D8_PBPC_050918	geo:GSE168948:MM3_C1D8_PBPC_050918	treatment_status	<map of column donor_timepoint>	file	evidence/PMC8639639.txt		on a 28-day cycle until progression	True
MM3_C4D1_PBPC_080118	geo:GSE168948:MM3_C4D1_PBPC_080118	treatment_status	<map of column donor_timepoint>	file	evidence/PMC8639639.txt		on a 28-day cycle until progression	True
MM3_C7D1_PBPC_103118	geo:GSE168948:MM3_C7D1_PBPC_103118	treatment_status	<map of column donor_timepoint>	file	evidence/PMC8639639.txt		on a 28-day cycle until progression	True
MM3_EoT_BMPC_110718	geo:GSE168948:MM3_EoT_BMPC_110718	treatment_status	<map of column donor_timepoint>	file	evidence/PMC8639639.txt		on a 28-day cycle until progression	True
MM3_screen_BMPC_041918	geo:GSE168948:MM3_screen_BMPC_041918	treatment_status	<map of column donor_timepoint>	file	evidence/PMC8639639.txt		on a 28-day cycle until progression	True
MM3_screen_PBPC_042418	geo:GSE168948:MM3_screen_PBPC_042418	treatment_status	<map of column donor_timepoint>	file	evidence/PMC8639639.txt		on a 28-day cycle until progression	True
MM3_wk4_PBPC_051618	geo:GSE168948:MM3_wk4_PBPC_051618	treatment_status	<map of column donor_timepoint>	file	evidence/PMC8639639.txt		on a 28-day cycle until progression	True
ND_C5D1_BME_081618	geo:GSE168948:ND_C5D1_BME_081618	treatment_status	<map of column donor_timepoint>	file	evidence/PMC8639639.txt		on a 28-day cycle until progression	True
ND_Normal_BME_040419	geo:GSE168948:ND_Normal_BME_040419	treatment_status	<map of column donor_timepoint>	file	evidence/PMC8639639.txt		on a 28-day cycle until progression	True
ND_Screening_BME_081618	geo:GSE168948:ND_Screening_BME_081618	treatment_status	<map of column donor_timepoint>	file	evidence/PMC8639639.txt		on a 28-day cycle until progression	True
ND_Screening_BM_PC_081618	geo:GSE168948:ND_Screening_BM_PC_081618	treatment_status	<map of column donor_timepoint>	file	evidence/PMC8639639.txt		on a 28-day cycle until progression	True
MM1_C1D15_PBPC_050819	geo:GSE168948:MM1_C1D15_PBPC_050819	treatment_status	<map of column donor_timepoint>	file	evidence/PMC8639639.txt		in single cells at end of treatment versus screening	True
MM1_C1D15_PBPC_051519	geo:GSE168948:MM1_C1D15_PBPC_051519	treatment_status	<map of column donor_timepoint>	file	evidence/PMC8639639.txt		in single cells at end of treatment versus screening	True
MM1_C1D8_PBPC_050819	geo:GSE168948:MM1_C1D8_PBPC_050819	treatment_status	<map of column donor_timepoint>	file	evidence/PMC8639639.txt		in single cells at end of treatment versus screening	True
MM1_C4D1_PBPC_092319	geo:GSE168948:MM1_C4D1_PBPC_092319	treatment_status	<map of column donor_timepoint>	file	evidence/PMC8639639.txt		in single cells at end of treatment versus screening	True
MM1_EoT_PBPC_121819	geo:GSE168948:MM1_EoT_PBPC_121819	treatment_status	<map of column donor_timepoint>	file	evidence/PMC8639639.txt		in single cells at end of treatment versus screening	True
MM1_screen_BMPC_042219	geo:GSE168948:MM1_screen_BMPC_042219	treatment_status	<map of column donor_timepoint>	file	evidence/PMC8639639.txt		in single cells at end of treatment versus screening	True
MM2_C1D8_PBPC_091817	geo:GSE168948:MM2_C1D8_PBPC_091817	treatment_status	<map of column donor_timepoint>	file	evidence/PMC8639639.txt		in single cells at end of treatment versus screening	True
MM2_screen_PBPC_091117	geo:GSE168948:MM2_screen_PBPC_091117	treatment_status	<map of column donor_timepoint>	file	evidence/PMC8639639.txt		in single cells at end of treatment versus screening	True
MM3_C1D8_PBPC_050918	geo:GSE168948:MM3_C1D8_PBPC_050918	treatment_status	<map of column donor_timepoint>	file	evidence/PMC8639639.txt		in single cells at end of treatment versus screening	True
MM3_C4D1_PBPC_080118	geo:GSE168948:MM3_C4D1_PBPC_080118	treatment_status	<map of column donor_timepoint>	file	evidence/PMC8639639.txt		in single cells at end of treatment versus screening	True
MM3_C7D1_PBPC_103118	geo:GSE168948:MM3_C7D1_PBPC_103118	treatment_status	<map of column donor_timepoint>	file	evidence/PMC8639639.txt		in single cells at end of treatment versus screening	True
MM3_EoT_BMPC_110718	geo:GSE168948:MM3_EoT_BMPC_110718	treatment_status	<map of column donor_timepoint>	file	evidence/PMC8639639.txt		in single cells at end of treatment versus screening	True
MM3_screen_BMPC_041918	geo:GSE168948:MM3_screen_BMPC_041918	treatment_status	<map of column donor_timepoint>	file	evidence/PMC8639639.txt		in single cells at end of treatment versus screening	True
MM3_screen_PBPC_042418	geo:GSE168948:MM3_screen_PBPC_042418	treatment_status	<map of column donor_timepoint>	file	evidence/PMC8639639.txt		in single cells at end of treatment versus screening	True
MM3_wk4_PBPC_051618	geo:GSE168948:MM3_wk4_PBPC_051618	treatment_status	<map of column donor_timepoint>	file	evidence/PMC8639639.txt		in single cells at end of treatment versus screening	True
ND_C5D1_BME_081618	geo:GSE168948:ND_C5D1_BME_081618	treatment_status	<map of column donor_timepoint>	file	evidence/PMC8639639.txt		in single cells at end of treatment versus screening	True
ND_Normal_BME_040419	geo:GSE168948:ND_Normal_BME_040419	treatment_status	<map of column donor_timepoint>	file	evidence/PMC8639639.txt		in single cells at end of treatment versus screening	True
ND_Screening_BME_081618	geo:GSE168948:ND_Screening_BME_081618	treatment_status	<map of column donor_timepoint>	file	evidence/PMC8639639.txt		in single cells at end of treatment versus screening	True
ND_Screening_BM_PC_081618	geo:GSE168948:ND_Screening_BM_PC_081618	treatment_status	<map of column donor_timepoint>	file	evidence/PMC8639639.txt		in single cells at end of treatment versus screening	True
MM1_C1D15_PBPC_050819	geo:GSE168948:MM1_C1D15_PBPC_050819	treatment_status	<map of column donor_timepoint>	file	evidence/PMC8639639.txt		Untreated normal donor plasma cells served as control	True
MM1_C1D15_PBPC_051519	geo:GSE168948:MM1_C1D15_PBPC_051519	treatment_status	<map of column donor_timepoint>	file	evidence/PMC8639639.txt		Untreated normal donor plasma cells served as control	True
MM1_C1D8_PBPC_050819	geo:GSE168948:MM1_C1D8_PBPC_050819	treatment_status	<map of column donor_timepoint>	file	evidence/PMC8639639.txt		Untreated normal donor plasma cells served as control	True
MM1_C4D1_PBPC_092319	geo:GSE168948:MM1_C4D1_PBPC_092319	treatment_status	<map of column donor_timepoint>	file	evidence/PMC8639639.txt		Untreated normal donor plasma cells served as control	True
MM1_EoT_PBPC_121819	geo:GSE168948:MM1_EoT_PBPC_121819	treatment_status	<map of column donor_timepoint>	file	evidence/PMC8639639.txt		Untreated normal donor plasma cells served as control	True
MM1_screen_BMPC_042219	geo:GSE168948:MM1_screen_BMPC_042219	treatment_status	<map of column donor_timepoint>	file	evidence/PMC8639639.txt		Untreated normal donor plasma cells served as control	True
MM2_C1D8_PBPC_091817	geo:GSE168948:MM2_C1D8_PBPC_091817	treatment_status	<map of column donor_timepoint>	file	evidence/PMC8639639.txt		Untreated normal donor plasma cells served as control	True
MM2_screen_PBPC_091117	geo:GSE168948:MM2_screen_PBPC_091117	treatment_status	<map of column donor_timepoint>	file	evidence/PMC8639639.txt		Untreated normal donor plasma cells served as control	True
MM3_C1D8_PBPC_050918	geo:GSE168948:MM3_C1D8_PBPC_050918	treatment_status	<map of column donor_timepoint>	file	evidence/PMC8639639.txt		Untreated normal donor plasma cells served as control	True
MM3_C4D1_PBPC_080118	geo:GSE168948:MM3_C4D1_PBPC_080118	treatment_status	<map of column donor_timepoint>	file	evidence/PMC8639639.txt		Untreated normal donor plasma cells served as control	True
MM3_C7D1_PBPC_103118	geo:GSE168948:MM3_C7D1_PBPC_103118	treatment_status	<map of column donor_timepoint>	file	evidence/PMC8639639.txt		Untreated normal donor plasma cells served as control	True
MM3_EoT_BMPC_110718	geo:GSE168948:MM3_EoT_BMPC_110718	treatment_status	<map of column donor_timepoint>	file	evidence/PMC8639639.txt		Untreated normal donor plasma cells served as control	True
MM3_screen_BMPC_041918	geo:GSE168948:MM3_screen_BMPC_041918	treatment_status	<map of column donor_timepoint>	file	evidence/PMC8639639.txt		Untreated normal donor plasma cells served as control	True
MM3_screen_PBPC_042418	geo:GSE168948:MM3_screen_PBPC_042418	treatment_status	<map of column donor_timepoint>	file	evidence/PMC8639639.txt		Untreated normal donor plasma cells served as control	True
MM3_wk4_PBPC_051618	geo:GSE168948:MM3_wk4_PBPC_051618	treatment_status	<map of column donor_timepoint>	file	evidence/PMC8639639.txt		Untreated normal donor plasma cells served as control	True
ND_C5D1_BME_081618	geo:GSE168948:ND_C5D1_BME_081618	treatment_status	<map of column donor_timepoint>	file	evidence/PMC8639639.txt		Untreated normal donor plasma cells served as control	True
ND_Normal_BME_040419	geo:GSE168948:ND_Normal_BME_040419	treatment_status	<map of column donor_timepoint>	file	evidence/PMC8639639.txt		Untreated normal donor plasma cells served as control	True
ND_Screening_BME_081618	geo:GSE168948:ND_Screening_BME_081618	treatment_status	<map of column donor_timepoint>	file	evidence/PMC8639639.txt		Untreated normal donor plasma cells served as control	True
ND_Screening_BM_PC_081618	geo:GSE168948:ND_Screening_BM_PC_081618	treatment_status	<map of column donor_timepoint>	file	evidence/PMC8639639.txt		Untreated normal donor plasma cells served as control	True
MM1_C1D15_PBPC_050819	geo:GSE168948:MM1_C1D15_PBPC_050819	timepoint	<map of column donor_timepoint>	file	evidence/PMC8639639.txt		Samples were retrieved at screening, after one week of treatment and at the time of clinical progression. Clinical progression for patients MM1, MM2 and MM3 was measured at cycle 4 day 1 (MM1), week 1 (MM2) and cycle 7 day 1 (MM3).	True
MM1_C1D15_PBPC_051519	geo:GSE168948:MM1_C1D15_PBPC_051519	timepoint	<map of column donor_timepoint>	file	evidence/PMC8639639.txt		Samples were retrieved at screening, after one week of treatment and at the time of clinical progression. Clinical progression for patients MM1, MM2 and MM3 was measured at cycle 4 day 1 (MM1), week 1 (MM2) and cycle 7 day 1 (MM3).	True
MM1_C1D8_PBPC_050819	geo:GSE168948:MM1_C1D8_PBPC_050819	timepoint	<map of column donor_timepoint>	file	evidence/PMC8639639.txt		Samples were retrieved at screening, after one week of treatment and at the time of clinical progression. Clinical progression for patients MM1, MM2 and MM3 was measured at cycle 4 day 1 (MM1), week 1 (MM2) and cycle 7 day 1 (MM3).	True
MM1_C4D1_PBPC_092319	geo:GSE168948:MM1_C4D1_PBPC_092319	timepoint	<map of column donor_timepoint>	file	evidence/PMC8639639.txt		Samples were retrieved at screening, after one week of treatment and at the time of clinical progression. Clinical progression for patients MM1, MM2 and MM3 was measured at cycle 4 day 1 (MM1), week 1 (MM2) and cycle 7 day 1 (MM3).	True
MM1_EoT_PBPC_121819	geo:GSE168948:MM1_EoT_PBPC_121819	timepoint	<map of column donor_timepoint>	file	evidence/PMC8639639.txt		Samples were retrieved at screening, after one week of treatment and at the time of clinical progression. Clinical progression for patients MM1, MM2 and MM3 was measured at cycle 4 day 1 (MM1), week 1 (MM2) and cycle 7 day 1 (MM3).	True
MM1_screen_BMPC_042219	geo:GSE168948:MM1_screen_BMPC_042219	timepoint	<map of column donor_timepoint>	file	evidence/PMC8639639.txt		Samples were retrieved at screening, after one week of treatment and at the time of clinical progression. Clinical progression for patients MM1, MM2 and MM3 was measured at cycle 4 day 1 (MM1), week 1 (MM2) and cycle 7 day 1 (MM3).	True
MM2_C1D8_PBPC_091817	geo:GSE168948:MM2_C1D8_PBPC_091817	timepoint	<map of column donor_timepoint>	file	evidence/PMC8639639.txt		Samples were retrieved at screening, after one week of treatment and at the time of clinical progression. Clinical progression for patients MM1, MM2 and MM3 was measured at cycle 4 day 1 (MM1), week 1 (MM2) and cycle 7 day 1 (MM3).	True
MM2_screen_PBPC_091117	geo:GSE168948:MM2_screen_PBPC_091117	timepoint	<map of column donor_timepoint>	file	evidence/PMC8639639.txt		Samples were retrieved at screening, after one week of treatment and at the time of clinical progression. Clinical progression for patients MM1, MM2 and MM3 was measured at cycle 4 day 1 (MM1), week 1 (MM2) and cycle 7 day 1 (MM3).	True
MM3_C1D8_PBPC_050918	geo:GSE168948:MM3_C1D8_PBPC_050918	timepoint	<map of column donor_timepoint>	file	evidence/PMC8639639.txt		Samples were retrieved at screening, after one week of treatment and at the time of clinical progression. Clinical progression for patients MM1, MM2 and MM3 was measured at cycle 4 day 1 (MM1), week 1 (MM2) and cycle 7 day 1 (MM3).	True
MM3_C4D1_PBPC_080118	geo:GSE168948:MM3_C4D1_PBPC_080118	timepoint	<map of column donor_timepoint>	file	evidence/PMC8639639.txt		Samples were retrieved at screening, after one week of treatment and at the time of clinical progression. Clinical progression for patients MM1, MM2 and MM3 was measured at cycle 4 day 1 (MM1), week 1 (MM2) and cycle 7 day 1 (MM3).	True
MM3_C7D1_PBPC_103118	geo:GSE168948:MM3_C7D1_PBPC_103118	timepoint	<map of column donor_timepoint>	file	evidence/PMC8639639.txt		Samples were retrieved at screening, after one week of treatment and at the time of clinical progression. Clinical progression for patients MM1, MM2 and MM3 was measured at cycle 4 day 1 (MM1), week 1 (MM2) and cycle 7 day 1 (MM3).	True
MM3_EoT_BMPC_110718	geo:GSE168948:MM3_EoT_BMPC_110718	timepoint	<map of column donor_timepoint>	file	evidence/PMC8639639.txt		Samples were retrieved at screening, after one week of treatment and at the time of clinical progression. Clinical progression for patients MM1, MM2 and MM3 was measured at cycle 4 day 1 (MM1), week 1 (MM2) and cycle 7 day 1 (MM3).	True
MM3_screen_BMPC_041918	geo:GSE168948:MM3_screen_BMPC_041918	timepoint	<map of column donor_timepoint>	file	evidence/PMC8639639.txt		Samples were retrieved at screening, after one week of treatment and at the time of clinical progression. Clinical progression for patients MM1, MM2 and MM3 was measured at cycle 4 day 1 (MM1), week 1 (MM2) and cycle 7 day 1 (MM3).	True
MM3_screen_PBPC_042418	geo:GSE168948:MM3_screen_PBPC_042418	timepoint	<map of column donor_timepoint>	file	evidence/PMC8639639.txt		Samples were retrieved at screening, after one week of treatment and at the time of clinical progression. Clinical progression for patients MM1, MM2 and MM3 was measured at cycle 4 day 1 (MM1), week 1 (MM2) and cycle 7 day 1 (MM3).	True
MM3_wk4_PBPC_051618	geo:GSE168948:MM3_wk4_PBPC_051618	timepoint	<map of column donor_timepoint>	file	evidence/PMC8639639.txt		Samples were retrieved at screening, after one week of treatment and at the time of clinical progression. Clinical progression for patients MM1, MM2 and MM3 was measured at cycle 4 day 1 (MM1), week 1 (MM2) and cycle 7 day 1 (MM3).	True
ND_C5D1_BME_081618	geo:GSE168948:ND_C5D1_BME_081618	timepoint	<map of column donor_timepoint>	file	evidence/PMC8639639.txt		Samples were retrieved at screening, after one week of treatment and at the time of clinical progression. Clinical progression for patients MM1, MM2 and MM3 was measured at cycle 4 day 1 (MM1), week 1 (MM2) and cycle 7 day 1 (MM3).	True
ND_Normal_BME_040419	geo:GSE168948:ND_Normal_BME_040419	timepoint	<map of column donor_timepoint>	file	evidence/PMC8639639.txt		Samples were retrieved at screening, after one week of treatment and at the time of clinical progression. Clinical progression for patients MM1, MM2 and MM3 was measured at cycle 4 day 1 (MM1), week 1 (MM2) and cycle 7 day 1 (MM3).	True
ND_Screening_BME_081618	geo:GSE168948:ND_Screening_BME_081618	timepoint	<map of column donor_timepoint>	file	evidence/PMC8639639.txt		Samples were retrieved at screening, after one week of treatment and at the time of clinical progression. Clinical progression for patients MM1, MM2 and MM3 was measured at cycle 4 day 1 (MM1), week 1 (MM2) and cycle 7 day 1 (MM3).	True
ND_Screening_BM_PC_081618	geo:GSE168948:ND_Screening_BM_PC_081618	timepoint	<map of column donor_timepoint>	file	evidence/PMC8639639.txt		Samples were retrieved at screening, after one week of treatment and at the time of clinical progression. Clinical progression for patients MM1, MM2 and MM3 was measured at cycle 4 day 1 (MM1), week 1 (MM2) and cycle 7 day 1 (MM3).	True
MM1_C1D15_PBPC_050819	geo:GSE168948:MM1_C1D15_PBPC_050819	timepoint	<map of column donor_timepoint>	file	evidence/PMC8639639.txt		on a 28-day cycle until progression	True
MM1_C1D15_PBPC_051519	geo:GSE168948:MM1_C1D15_PBPC_051519	timepoint	<map of column donor_timepoint>	file	evidence/PMC8639639.txt		on a 28-day cycle until progression	True
MM1_C1D8_PBPC_050819	geo:GSE168948:MM1_C1D8_PBPC_050819	timepoint	<map of column donor_timepoint>	file	evidence/PMC8639639.txt		on a 28-day cycle until progression	True
MM1_C4D1_PBPC_092319	geo:GSE168948:MM1_C4D1_PBPC_092319	timepoint	<map of column donor_timepoint>	file	evidence/PMC8639639.txt		on a 28-day cycle until progression	True
MM1_EoT_PBPC_121819	geo:GSE168948:MM1_EoT_PBPC_121819	timepoint	<map of column donor_timepoint>	file	evidence/PMC8639639.txt		on a 28-day cycle until progression	True
MM1_screen_BMPC_042219	geo:GSE168948:MM1_screen_BMPC_042219	timepoint	<map of column donor_timepoint>	file	evidence/PMC8639639.txt		on a 28-day cycle until progression	True
MM2_C1D8_PBPC_091817	geo:GSE168948:MM2_C1D8_PBPC_091817	timepoint	<map of column donor_timepoint>	file	evidence/PMC8639639.txt		on a 28-day cycle until progression	True
MM2_screen_PBPC_091117	geo:GSE168948:MM2_screen_PBPC_091117	timepoint	<map of column donor_timepoint>	file	evidence/PMC8639639.txt		on a 28-day cycle until progression	True
MM3_C1D8_PBPC_050918	geo:GSE168948:MM3_C1D8_PBPC_050918	timepoint	<map of column donor_timepoint>	file	evidence/PMC8639639.txt		on a 28-day cycle until progression	True
MM3_C4D1_PBPC_080118	geo:GSE168948:MM3_C4D1_PBPC_080118	timepoint	<map of column donor_timepoint>	file	evidence/PMC8639639.txt		on a 28-day cycle until progression	True
MM3_C7D1_PBPC_103118	geo:GSE168948:MM3_C7D1_PBPC_103118	timepoint	<map of column donor_timepoint>	file	evidence/PMC8639639.txt		on a 28-day cycle until progression	True
MM3_EoT_BMPC_110718	geo:GSE168948:MM3_EoT_BMPC_110718	timepoint	<map of column donor_timepoint>	file	evidence/PMC8639639.txt		on a 28-day cycle until progression	True
MM3_screen_BMPC_041918	geo:GSE168948:MM3_screen_BMPC_041918	timepoint	<map of column donor_timepoint>	file	evidence/PMC8639639.txt		on a 28-day cycle until progression	True
MM3_screen_PBPC_042418	geo:GSE168948:MM3_screen_PBPC_042418	timepoint	<map of column donor_timepoint>	file	evidence/PMC8639639.txt		on a 28-day cycle until progression	True
MM3_wk4_PBPC_051618	geo:GSE168948:MM3_wk4_PBPC_051618	timepoint	<map of column donor_timepoint>	file	evidence/PMC8639639.txt		on a 28-day cycle until progression	True
ND_C5D1_BME_081618	geo:GSE168948:ND_C5D1_BME_081618	timepoint	<map of column donor_timepoint>	file	evidence/PMC8639639.txt		on a 28-day cycle until progression	True
ND_Normal_BME_040419	geo:GSE168948:ND_Normal_BME_040419	timepoint	<map of column donor_timepoint>	file	evidence/PMC8639639.txt		on a 28-day cycle until progression	True
ND_Screening_BME_081618	geo:GSE168948:ND_Screening_BME_081618	timepoint	<map of column donor_timepoint>	file	evidence/PMC8639639.txt		on a 28-day cycle until progression	True
ND_Screening_BM_PC_081618	geo:GSE168948:ND_Screening_BM_PC_081618	timepoint	<map of column donor_timepoint>	file	evidence/PMC8639639.txt		on a 28-day cycle until progression	True
MM1_C1D15_PBPC_050819	geo:GSE168948:MM1_C1D15_PBPC_050819	timepoint	<map of column donor_timepoint>	file	raw/fp-c85a667f273b/GSE168948_family.soft.gz		!Sample_treatment_protocol_ch1 = Myeloma cells were isolated from the bone marrow or peripheral blood before dabrafenib/ trametinib, at day 7 of treatment and at end of treatment.	True
MM1_C1D15_PBPC_051519	geo:GSE168948:MM1_C1D15_PBPC_051519	timepoint	<map of column donor_timepoint>	file	raw/fp-c85a667f273b/GSE168948_family.soft.gz		!Sample_treatment_protocol_ch1 = Myeloma cells were isolated from the bone marrow or peripheral blood before dabrafenib/ trametinib, at day 7 of treatment and at end of treatment.	True
MM1_C1D8_PBPC_050819	geo:GSE168948:MM1_C1D8_PBPC_050819	timepoint	<map of column donor_timepoint>	file	raw/fp-c85a667f273b/GSE168948_family.soft.gz		!Sample_treatment_protocol_ch1 = Myeloma cells were isolated from the bone marrow or peripheral blood before dabrafenib/ trametinib, at day 7 of treatment and at end of treatment.	True
MM1_C4D1_PBPC_092319	geo:GSE168948:MM1_C4D1_PBPC_092319	timepoint	<map of column donor_timepoint>	file	raw/fp-c85a667f273b/GSE168948_family.soft.gz		!Sample_treatment_protocol_ch1 = Myeloma cells were isolated from the bone marrow or peripheral blood before dabrafenib/ trametinib, at day 7 of treatment and at end of treatment.	True
MM1_EoT_PBPC_121819	geo:GSE168948:MM1_EoT_PBPC_121819	timepoint	<map of column donor_timepoint>	file	raw/fp-c85a667f273b/GSE168948_family.soft.gz		!Sample_treatment_protocol_ch1 = Myeloma cells were isolated from the bone marrow or peripheral blood before dabrafenib/ trametinib, at day 7 of treatment and at end of treatment.	True
MM1_screen_BMPC_042219	geo:GSE168948:MM1_screen_BMPC_042219	timepoint	<map of column donor_timepoint>	file	raw/fp-c85a667f273b/GSE168948_family.soft.gz		!Sample_treatment_protocol_ch1 = Myeloma cells were isolated from the bone marrow or peripheral blood before dabrafenib/ trametinib, at day 7 of treatment and at end of treatment.	True
MM2_C1D8_PBPC_091817	geo:GSE168948:MM2_C1D8_PBPC_091817	timepoint	<map of column donor_timepoint>	file	raw/fp-c85a667f273b/GSE168948_family.soft.gz		!Sample_treatment_protocol_ch1 = Myeloma cells were isolated from the bone marrow or peripheral blood before dabrafenib/ trametinib, at day 7 of treatment and at end of treatment.	True
MM2_screen_PBPC_091117	geo:GSE168948:MM2_screen_PBPC_091117	timepoint	<map of column donor_timepoint>	file	raw/fp-c85a667f273b/GSE168948_family.soft.gz		!Sample_treatment_protocol_ch1 = Myeloma cells were isolated from the bone marrow or peripheral blood before dabrafenib/ trametinib, at day 7 of treatment and at end of treatment.	True
MM3_C1D8_PBPC_050918	geo:GSE168948:MM3_C1D8_PBPC_050918	timepoint	<map of column donor_timepoint>	file	raw/fp-c85a667f273b/GSE168948_family.soft.gz		!Sample_treatment_protocol_ch1 = Myeloma cells were isolated from the bone marrow or peripheral blood before dabrafenib/ trametinib, at day 7 of treatment and at end of treatment.	True
MM3_C4D1_PBPC_080118	geo:GSE168948:MM3_C4D1_PBPC_080118	timepoint	<map of column donor_timepoint>	file	raw/fp-c85a667f273b/GSE168948_family.soft.gz		!Sample_treatment_protocol_ch1 = Myeloma cells were isolated from the bone marrow or peripheral blood before dabrafenib/ trametinib, at day 7 of treatment and at end of treatment.	True
MM3_C7D1_PBPC_103118	geo:GSE168948:MM3_C7D1_PBPC_103118	timepoint	<map of column donor_timepoint>	file	raw/fp-c85a667f273b/GSE168948_family.soft.gz		!Sample_treatment_protocol_ch1 = Myeloma cells were isolated from the bone marrow or peripheral blood before dabrafenib/ trametinib, at day 7 of treatment and at end of treatment.	True
MM3_EoT_BMPC_110718	geo:GSE168948:MM3_EoT_BMPC_110718	timepoint	<map of column donor_timepoint>	file	raw/fp-c85a667f273b/GSE168948_family.soft.gz		!Sample_treatment_protocol_ch1 = Myeloma cells were isolated from the bone marrow or peripheral blood before dabrafenib/ trametinib, at day 7 of treatment and at end of treatment.	True
MM3_screen_BMPC_041918	geo:GSE168948:MM3_screen_BMPC_041918	timepoint	<map of column donor_timepoint>	file	raw/fp-c85a667f273b/GSE168948_family.soft.gz		!Sample_treatment_protocol_ch1 = Myeloma cells were isolated from the bone marrow or peripheral blood before dabrafenib/ trametinib, at day 7 of treatment and at end of treatment.	True
MM3_screen_PBPC_042418	geo:GSE168948:MM3_screen_PBPC_042418	timepoint	<map of column donor_timepoint>	file	raw/fp-c85a667f273b/GSE168948_family.soft.gz		!Sample_treatment_protocol_ch1 = Myeloma cells were isolated from the bone marrow or peripheral blood before dabrafenib/ trametinib, at day 7 of treatment and at end of treatment.	True
MM3_wk4_PBPC_051618	geo:GSE168948:MM3_wk4_PBPC_051618	timepoint	<map of column donor_timepoint>	file	raw/fp-c85a667f273b/GSE168948_family.soft.gz		!Sample_treatment_protocol_ch1 = Myeloma cells were isolated from the bone marrow or peripheral blood before dabrafenib/ trametinib, at day 7 of treatment and at end of treatment.	True
ND_C5D1_BME_081618	geo:GSE168948:ND_C5D1_BME_081618	timepoint	<map of column donor_timepoint>	file	raw/fp-c85a667f273b/GSE168948_family.soft.gz		!Sample_treatment_protocol_ch1 = Myeloma cells were isolated from the bone marrow or peripheral blood before dabrafenib/ trametinib, at day 7 of treatment and at end of treatment.	True
ND_Normal_BME_040419	geo:GSE168948:ND_Normal_BME_040419	timepoint	<map of column donor_timepoint>	file	raw/fp-c85a667f273b/GSE168948_family.soft.gz		!Sample_treatment_protocol_ch1 = Myeloma cells were isolated from the bone marrow or peripheral blood before dabrafenib/ trametinib, at day 7 of treatment and at end of treatment.	True
ND_Screening_BME_081618	geo:GSE168948:ND_Screening_BME_081618	timepoint	<map of column donor_timepoint>	file	raw/fp-c85a667f273b/GSE168948_family.soft.gz		!Sample_treatment_protocol_ch1 = Myeloma cells were isolated from the bone marrow or peripheral blood before dabrafenib/ trametinib, at day 7 of treatment and at end of treatment.	True
ND_Screening_BM_PC_081618	geo:GSE168948:ND_Screening_BM_PC_081618	timepoint	<map of column donor_timepoint>	file	raw/fp-c85a667f273b/GSE168948_family.soft.gz		!Sample_treatment_protocol_ch1 = Myeloma cells were isolated from the bone marrow or peripheral blood before dabrafenib/ trametinib, at day 7 of treatment and at end of treatment.	True
MM1_C1D15_PBPC_050819	geo:GSE168948:MM1_C1D15_PBPC_050819	timepoint	<map of column donor_timepoint>	file	evidence/PMC8639639.txt		in single cells at end of treatment versus screening	True
MM1_C1D15_PBPC_051519	geo:GSE168948:MM1_C1D15_PBPC_051519	timepoint	<map of column donor_timepoint>	file	evidence/PMC8639639.txt		in single cells at end of treatment versus screening	True
MM1_C1D8_PBPC_050819	geo:GSE168948:MM1_C1D8_PBPC_050819	timepoint	<map of column donor_timepoint>	file	evidence/PMC8639639.txt		in single cells at end of treatment versus screening	True
MM1_C4D1_PBPC_092319	geo:GSE168948:MM1_C4D1_PBPC_092319	timepoint	<map of column donor_timepoint>	file	evidence/PMC8639639.txt		in single cells at end of treatment versus screening	True
MM1_EoT_PBPC_121819	geo:GSE168948:MM1_EoT_PBPC_121819	timepoint	<map of column donor_timepoint>	file	evidence/PMC8639639.txt		in single cells at end of treatment versus screening	True
MM1_screen_BMPC_042219	geo:GSE168948:MM1_screen_BMPC_042219	timepoint	<map of column donor_timepoint>	file	evidence/PMC8639639.txt		in single cells at end of treatment versus screening	True
MM2_C1D8_PBPC_091817	geo:GSE168948:MM2_C1D8_PBPC_091817	timepoint	<map of column donor_timepoint>	file	evidence/PMC8639639.txt		in single cells at end of treatment versus screening	True
MM2_screen_PBPC_091117	geo:GSE168948:MM2_screen_PBPC_091117	timepoint	<map of column donor_timepoint>	file	evidence/PMC8639639.txt		in single cells at end of treatment versus screening	True
MM3_C1D8_PBPC_050918	geo:GSE168948:MM3_C1D8_PBPC_050918	timepoint	<map of column donor_timepoint>	file	evidence/PMC8639639.txt		in single cells at end of treatment versus screening	True
MM3_C4D1_PBPC_080118	geo:GSE168948:MM3_C4D1_PBPC_080118	timepoint	<map of column donor_timepoint>	file	evidence/PMC8639639.txt		in single cells at end of treatment versus screening	True
MM3_C7D1_PBPC_103118	geo:GSE168948:MM3_C7D1_PBPC_103118	timepoint	<map of column donor_timepoint>	file	evidence/PMC8639639.txt		in single cells at end of treatment versus screening	True
MM3_EoT_BMPC_110718	geo:GSE168948:MM3_EoT_BMPC_110718	timepoint	<map of column donor_timepoint>	file	evidence/PMC8639639.txt		in single cells at end of treatment versus screening	True
MM3_screen_BMPC_041918	geo:GSE168948:MM3_screen_BMPC_041918	timepoint	<map of column donor_timepoint>	file	evidence/PMC8639639.txt		in single cells at end of treatment versus screening	True
MM3_screen_PBPC_042418	geo:GSE168948:MM3_screen_PBPC_042418	timepoint	<map of column donor_timepoint>	file	evidence/PMC8639639.txt		in single cells at end of treatment versus screening	True
MM3_wk4_PBPC_051618	geo:GSE168948:MM3_wk4_PBPC_051618	timepoint	<map of column donor_timepoint>	file	evidence/PMC8639639.txt		in single cells at end of treatment versus screening	True
ND_C5D1_BME_081618	geo:GSE168948:ND_C5D1_BME_081618	timepoint	<map of column donor_timepoint>	file	evidence/PMC8639639.txt		in single cells at end of treatment versus screening	True
ND_Normal_BME_040419	geo:GSE168948:ND_Normal_BME_040419	timepoint	<map of column donor_timepoint>	file	evidence/PMC8639639.txt		in single cells at end of treatment versus screening	True
ND_Screening_BME_081618	geo:GSE168948:ND_Screening_BME_081618	timepoint	<map of column donor_timepoint>	file	evidence/PMC8639639.txt		in single cells at end of treatment versus screening	True
ND_Screening_BM_PC_081618	geo:GSE168948:ND_Screening_BM_PC_081618	timepoint	<map of column donor_timepoint>	file	evidence/PMC8639639.txt		in single cells at end of treatment versus screening	True
MM1_C1D15_PBPC_050819	geo:GSE168948:MM1_C1D15_PBPC_050819	response	<map of column donor_token>	file	evidence/PMC8639639.txt		Table 1. Primary patient characteristics MM1 MM2 MM3	True
MM1_C1D15_PBPC_051519	geo:GSE168948:MM1_C1D15_PBPC_051519	response	<map of column donor_token>	file	evidence/PMC8639639.txt		Table 1. Primary patient characteristics MM1 MM2 MM3	True
MM1_C1D8_PBPC_050819	geo:GSE168948:MM1_C1D8_PBPC_050819	response	<map of column donor_token>	file	evidence/PMC8639639.txt		Table 1. Primary patient characteristics MM1 MM2 MM3	True
MM1_C4D1_PBPC_092319	geo:GSE168948:MM1_C4D1_PBPC_092319	response	<map of column donor_token>	file	evidence/PMC8639639.txt		Table 1. Primary patient characteristics MM1 MM2 MM3	True
MM1_EoT_PBPC_121819	geo:GSE168948:MM1_EoT_PBPC_121819	response	<map of column donor_token>	file	evidence/PMC8639639.txt		Table 1. Primary patient characteristics MM1 MM2 MM3	True
MM1_screen_BMPC_042219	geo:GSE168948:MM1_screen_BMPC_042219	response	<map of column donor_token>	file	evidence/PMC8639639.txt		Table 1. Primary patient characteristics MM1 MM2 MM3	True
MM2_C1D8_PBPC_091817	geo:GSE168948:MM2_C1D8_PBPC_091817	response	<map of column donor_token>	file	evidence/PMC8639639.txt		Table 1. Primary patient characteristics MM1 MM2 MM3	True
MM2_screen_PBPC_091117	geo:GSE168948:MM2_screen_PBPC_091117	response	<map of column donor_token>	file	evidence/PMC8639639.txt		Table 1. Primary patient characteristics MM1 MM2 MM3	True
MM3_C1D8_PBPC_050918	geo:GSE168948:MM3_C1D8_PBPC_050918	response	<map of column donor_token>	file	evidence/PMC8639639.txt		Table 1. Primary patient characteristics MM1 MM2 MM3	True
MM3_C4D1_PBPC_080118	geo:GSE168948:MM3_C4D1_PBPC_080118	response	<map of column donor_token>	file	evidence/PMC8639639.txt		Table 1. Primary patient characteristics MM1 MM2 MM3	True
MM3_C7D1_PBPC_103118	geo:GSE168948:MM3_C7D1_PBPC_103118	response	<map of column donor_token>	file	evidence/PMC8639639.txt		Table 1. Primary patient characteristics MM1 MM2 MM3	True
MM3_EoT_BMPC_110718	geo:GSE168948:MM3_EoT_BMPC_110718	response	<map of column donor_token>	file	evidence/PMC8639639.txt		Table 1. Primary patient characteristics MM1 MM2 MM3	True
MM3_screen_BMPC_041918	geo:GSE168948:MM3_screen_BMPC_041918	response	<map of column donor_token>	file	evidence/PMC8639639.txt		Table 1. Primary patient characteristics MM1 MM2 MM3	True
MM3_screen_PBPC_042418	geo:GSE168948:MM3_screen_PBPC_042418	response	<map of column donor_token>	file	evidence/PMC8639639.txt		Table 1. Primary patient characteristics MM1 MM2 MM3	True
MM3_wk4_PBPC_051618	geo:GSE168948:MM3_wk4_PBPC_051618	response	<map of column donor_token>	file	evidence/PMC8639639.txt		Table 1. Primary patient characteristics MM1 MM2 MM3	True
ND_C5D1_BME_081618	geo:GSE168948:ND_C5D1_BME_081618	response	<map of column donor_token>	file	evidence/PMC8639639.txt		Table 1. Primary patient characteristics MM1 MM2 MM3	True
ND_Normal_BME_040419	geo:GSE168948:ND_Normal_BME_040419	response	<map of column donor_token>	file	evidence/PMC8639639.txt		Table 1. Primary patient characteristics MM1 MM2 MM3	True
ND_Screening_BME_081618	geo:GSE168948:ND_Screening_BME_081618	response	<map of column donor_token>	file	evidence/PMC8639639.txt		Table 1. Primary patient characteristics MM1 MM2 MM3	True
ND_Screening_BM_PC_081618	geo:GSE168948:ND_Screening_BM_PC_081618	response	<map of column donor_token>	file	evidence/PMC8639639.txt		Table 1. Primary patient characteristics MM1 MM2 MM3	True
MM1_C1D15_PBPC_050819	geo:GSE168948:MM1_C1D15_PBPC_050819	response	<map of column donor_token>	file	evidence/PMC8639639.txt		Best IMWG response on treatment stable disease (SD) progressive disease (PD very good partial response (VGPR)	True
MM1_C1D15_PBPC_051519	geo:GSE168948:MM1_C1D15_PBPC_051519	response	<map of column donor_token>	file	evidence/PMC8639639.txt		Best IMWG response on treatment stable disease (SD) progressive disease (PD very good partial response (VGPR)	True
MM1_C1D8_PBPC_050819	geo:GSE168948:MM1_C1D8_PBPC_050819	response	<map of column donor_token>	file	evidence/PMC8639639.txt		Best IMWG response on treatment stable disease (SD) progressive disease (PD very good partial response (VGPR)	True
MM1_C4D1_PBPC_092319	geo:GSE168948:MM1_C4D1_PBPC_092319	response	<map of column donor_token>	file	evidence/PMC8639639.txt		Best IMWG response on treatment stable disease (SD) progressive disease (PD very good partial response (VGPR)	True
MM1_EoT_PBPC_121819	geo:GSE168948:MM1_EoT_PBPC_121819	response	<map of column donor_token>	file	evidence/PMC8639639.txt		Best IMWG response on treatment stable disease (SD) progressive disease (PD very good partial response (VGPR)	True
MM1_screen_BMPC_042219	geo:GSE168948:MM1_screen_BMPC_042219	response	<map of column donor_token>	file	evidence/PMC8639639.txt		Best IMWG response on treatment stable disease (SD) progressive disease (PD very good partial response (VGPR)	True
MM2_C1D8_PBPC_091817	geo:GSE168948:MM2_C1D8_PBPC_091817	response	<map of column donor_token>	file	evidence/PMC8639639.txt		Best IMWG response on treatment stable disease (SD) progressive disease (PD very good partial response (VGPR)	True
MM2_screen_PBPC_091117	geo:GSE168948:MM2_screen_PBPC_091117	response	<map of column donor_token>	file	evidence/PMC8639639.txt		Best IMWG response on treatment stable disease (SD) progressive disease (PD very good partial response (VGPR)	True
MM3_C1D8_PBPC_050918	geo:GSE168948:MM3_C1D8_PBPC_050918	response	<map of column donor_token>	file	evidence/PMC8639639.txt		Best IMWG response on treatment stable disease (SD) progressive disease (PD very good partial response (VGPR)	True
MM3_C4D1_PBPC_080118	geo:GSE168948:MM3_C4D1_PBPC_080118	response	<map of column donor_token>	file	evidence/PMC8639639.txt		Best IMWG response on treatment stable disease (SD) progressive disease (PD very good partial response (VGPR)	True
MM3_C7D1_PBPC_103118	geo:GSE168948:MM3_C7D1_PBPC_103118	response	<map of column donor_token>	file	evidence/PMC8639639.txt		Best IMWG response on treatment stable disease (SD) progressive disease (PD very good partial response (VGPR)	True
MM3_EoT_BMPC_110718	geo:GSE168948:MM3_EoT_BMPC_110718	response	<map of column donor_token>	file	evidence/PMC8639639.txt		Best IMWG response on treatment stable disease (SD) progressive disease (PD very good partial response (VGPR)	True
MM3_screen_BMPC_041918	geo:GSE168948:MM3_screen_BMPC_041918	response	<map of column donor_token>	file	evidence/PMC8639639.txt		Best IMWG response on treatment stable disease (SD) progressive disease (PD very good partial response (VGPR)	True
MM3_screen_PBPC_042418	geo:GSE168948:MM3_screen_PBPC_042418	response	<map of column donor_token>	file	evidence/PMC8639639.txt		Best IMWG response on treatment stable disease (SD) progressive disease (PD very good partial response (VGPR)	True
MM3_wk4_PBPC_051618	geo:GSE168948:MM3_wk4_PBPC_051618	response	<map of column donor_token>	file	evidence/PMC8639639.txt		Best IMWG response on treatment stable disease (SD) progressive disease (PD very good partial response (VGPR)	True
ND_C5D1_BME_081618	geo:GSE168948:ND_C5D1_BME_081618	response	<map of column donor_token>	file	evidence/PMC8639639.txt		Best IMWG response on treatment stable disease (SD) progressive disease (PD very good partial response (VGPR)	True
ND_Normal_BME_040419	geo:GSE168948:ND_Normal_BME_040419	response	<map of column donor_token>	file	evidence/PMC8639639.txt		Best IMWG response on treatment stable disease (SD) progressive disease (PD very good partial response (VGPR)	True
ND_Screening_BME_081618	geo:GSE168948:ND_Screening_BME_081618	response	<map of column donor_token>	file	evidence/PMC8639639.txt		Best IMWG response on treatment stable disease (SD) progressive disease (PD very good partial response (VGPR)	True
ND_Screening_BM_PC_081618	geo:GSE168948:ND_Screening_BM_PC_081618	response	<map of column donor_token>	file	evidence/PMC8639639.txt		Best IMWG response on treatment stable disease (SD) progressive disease (PD very good partial response (VGPR)	True
