sample_id	sample_uid	field	value	source	ref	scope	quote	verified
GSM9269956	geo:GSE309595:GSM9269956	sex_ontology_term_id	PATO:0000384	derived	sex_map		male	True
GSM9269956	geo:GSE309595:GSM9269956	assay_ontology_term_id	EFO:0030003	derived	ols:efo		10x 3' transcription profiling	True
GSM9269956	geo:GSE309595:GSM9269956	self_reported_ethnicity_ontology_term_id	HANCESTRO:0568	derived	ols:hancestro		African American	True
GSM9269956	geo:GSE309595:GSM9269956	tissue_ontology_term_id	UBERON:0000178	derived	ols:uberon		Blood	True
GSM9269956	geo:GSE309595:GSM9269956	disease_ontology_term_id	MONDO:0009693	derived	ols:mondo		multiple myeloma	True
GSM9269956	geo:GSE309595:GSM9269956	author_cell_type	<column seurat_pbmc_type>	column	work/fp-53430067aac0/aifi_converted/GSM9269956_B227-P1_PB06425-001_2024-09-18T17_31_38.256889485Z_labeled.cells.tsv.gz/seurat_pbmc_type			True
GSM9269957	geo:GSE309595:GSM9269957	sex_ontology_term_id	PATO:0000383	derived	sex_map		female	True
GSM9269957	geo:GSE309595:GSM9269957	assay_ontology_term_id	EFO:0030003	derived	ols:efo		10x 3' transcription profiling	True
GSM9269957	geo:GSE309595:GSM9269957	tissue_ontology_term_id	UBERON:0000178	derived	ols:uberon		Blood	True
GSM9269957	geo:GSE309595:GSM9269957	disease_ontology_term_id	MONDO:0009693	derived	ols:mondo		multiple myeloma	True
GSM9269957	geo:GSE309595:GSM9269957	author_cell_type	<column seurat_pbmc_type>	column	work/fp-53430067aac0/aifi_converted/GSM9269957_B017-P1_PB00135-01_2021-06-15T23_04_55.760038239Z_labeled.cells.tsv.gz/seurat_pbmc_type			True
GSM9269958	geo:GSE309595:GSM9269958	sex_ontology_term_id	PATO:0000383	derived	sex_map		female	True
GSM9269958	geo:GSE309595:GSM9269958	assay_ontology_term_id	EFO:0030003	derived	ols:efo		10x 3' transcription profiling	True
GSM9269958	geo:GSE309595:GSM9269958	tissue_ontology_term_id	UBERON:0000178	derived	ols:uberon		Blood	True
GSM9269958	geo:GSE309595:GSM9269958	disease_ontology_term_id	MONDO:0009693	derived	ols:mondo		multiple myeloma	True
GSM9269958	geo:GSE309595:GSM9269958	author_cell_type	<column seurat_pbmc_type>	column	work/fp-53430067aac0/aifi_converted/GSM9269958_B017-P1_PB00132-01_2021-06-15T23_04_55.760038239Z_labeled.cells.tsv.gz/seurat_pbmc_type			True
GSM9269959	geo:GSE309595:GSM9269959	sex_ontology_term_id	PATO:0000383	derived	sex_map		female	True
GSM9269959	geo:GSE309595:GSM9269959	assay_ontology_term_id	EFO:0030003	derived	ols:efo		10x 3' transcription profiling	True
GSM9269959	geo:GSE309595:GSM9269959	tissue_ontology_term_id	UBERON:0000178	derived	ols:uberon		Blood	True
GSM9269959	geo:GSE309595:GSM9269959	disease_ontology_term_id	MONDO:0009693	derived	ols:mondo		multiple myeloma	True
GSM9269959	geo:GSE309595:GSM9269959	author_cell_type	<column seurat_pbmc_type>	column	work/fp-53430067aac0/aifi_converted/GSM9269959_B095-P2_PB00133-01_2021-11-25T03_04_54.542561181Z_labeled.cells.tsv.gz/seurat_pbmc_type			True
GSM9269960	geo:GSE309595:GSM9269960	sex_ontology_term_id	PATO:0000383	derived	sex_map		female	True
GSM9269960	geo:GSE309595:GSM9269960	assay_ontology_term_id	EFO:0030003	derived	ols:efo		10x 3' transcription profiling	True
GSM9269960	geo:GSE309595:GSM9269960	tissue_ontology_term_id	UBERON:0000178	derived	ols:uberon		Blood	True
GSM9269960	geo:GSE309595:GSM9269960	disease_ontology_term_id	MONDO:0009693	derived	ols:mondo		multiple myeloma	True
GSM9269960	geo:GSE309595:GSM9269960	author_cell_type	<column seurat_pbmc_type>	column	work/fp-53430067aac0/aifi_converted/GSM9269960_B043-P2_PB00233-01_2021-01-28T01_05_29.483567255Z_labeled.cells.tsv.gz/seurat_pbmc_type			True
GSM9269961	geo:GSE309595:GSM9269961	sex_ontology_term_id	PATO:0000383	derived	sex_map		female	True
GSM9269961	geo:GSE309595:GSM9269961	assay_ontology_term_id	EFO:0030003	derived	ols:efo		10x 3' transcription profiling	True
GSM9269961	geo:GSE309595:GSM9269961	tissue_ontology_term_id	UBERON:0000178	derived	ols:uberon		Blood	True
GSM9269961	geo:GSE309595:GSM9269961	disease_ontology_term_id	MONDO:0009693	derived	ols:mondo		multiple myeloma	True
GSM9269961	geo:GSE309595:GSM9269961	author_cell_type	<column seurat_pbmc_type>	column	work/fp-53430067aac0/aifi_converted/GSM9269961_B043-P2_PB00234-01_2021-01-28T01_05_29.483567255Z_labeled.cells.tsv.gz/seurat_pbmc_type			True
GSM9269962	geo:GSE309595:GSM9269962	sex_ontology_term_id	PATO:0000383	derived	sex_map		female	True
GSM9269962	geo:GSE309595:GSM9269962	assay_ontology_term_id	EFO:0030003	derived	ols:efo		10x 3' transcription profiling	True
GSM9269962	geo:GSE309595:GSM9269962	tissue_ontology_term_id	UBERON:0000178	derived	ols:uberon		Blood	True
GSM9269962	geo:GSE309595:GSM9269962	disease_ontology_term_id	MONDO:0009693	derived	ols:mondo		multiple myeloma	True
GSM9269962	geo:GSE309595:GSM9269962	author_cell_type	<column seurat_pbmc_type>	column	work/fp-53430067aac0/aifi_converted/GSM9269962_B043-P2_PB00236-01_2021-01-28T01_05_29.483567255Z_labeled.cells.tsv.gz/seurat_pbmc_type			True
GSM9269963	geo:GSE309595:GSM9269963	sex_ontology_term_id	PATO:0000383	derived	sex_map		female	True
GSM9269963	geo:GSE309595:GSM9269963	assay_ontology_term_id	EFO:0030003	derived	ols:efo		10x 3' transcription profiling	True
GSM9269963	geo:GSE309595:GSM9269963	tissue_ontology_term_id	UBERON:0000178	derived	ols:uberon		Blood	True
GSM9269963	geo:GSE309595:GSM9269963	disease_ontology_term_id	MONDO:0009693	derived	ols:mondo		multiple myeloma	True
GSM9269963	geo:GSE309595:GSM9269963	author_cell_type	<column seurat_pbmc_type>	column	work/fp-53430067aac0/aifi_converted/GSM9269963_B095-P2_PB00237-01_2021-11-25T03_04_54.542561181Z_labeled.cells.tsv.gz/seurat_pbmc_type			True
GSM9269964	geo:GSE309595:GSM9269964	sex_ontology_term_id	PATO:0000384	derived	sex_map		male	True
GSM9269964	geo:GSE309595:GSM9269964	assay_ontology_term_id	EFO:0030003	derived	ols:efo		10x 3' transcription profiling	True
GSM9269964	geo:GSE309595:GSM9269964	tissue_ontology_term_id	UBERON:0000178	derived	ols:uberon		Blood	True
GSM9269964	geo:GSE309595:GSM9269964	disease_ontology_term_id	MONDO:0009693	derived	ols:mondo		multiple myeloma	True
GSM9269964	geo:GSE309595:GSM9269964	author_cell_type	<column seurat_pbmc_type>	column	work/fp-53430067aac0/aifi_converted/GSM9269964_B043-P2_PB00238-01_2021-01-28T01_05_29.483567255Z_labeled.cells.tsv.gz/seurat_pbmc_type			True
GSM9269965	geo:GSE309595:GSM9269965	sex_ontology_term_id	PATO:0000384	derived	sex_map		male	True
GSM9269965	geo:GSE309595:GSM9269965	assay_ontology_term_id	EFO:0030003	derived	ols:efo		10x 3' transcription profiling	True
GSM9269965	geo:GSE309595:GSM9269965	tissue_ontology_term_id	UBERON:0000178	derived	ols:uberon		Blood	True
GSM9269965	geo:GSE309595:GSM9269965	disease_ontology_term_id	MONDO:0009693	derived	ols:mondo		multiple myeloma	True
GSM9269965	geo:GSE309595:GSM9269965	author_cell_type	<column seurat_pbmc_type>	column	work/fp-53430067aac0/aifi_converted/GSM9269965_B071-P1_PB00239-01_2021-06-11T05_29_20.313239902Z_labeled.cells.tsv.gz/seurat_pbmc_type			True
GSM9269966	geo:GSE309595:GSM9269966	sex_ontology_term_id	PATO:0000383	derived	sex_map		female	True
GSM9269966	geo:GSE309595:GSM9269966	assay_ontology_term_id	EFO:0030003	derived	ols:efo		10x 3' transcription profiling	True
GSM9269966	geo:GSE309595:GSM9269966	tissue_ontology_term_id	UBERON:0000178	derived	ols:uberon		Blood	True
GSM9269966	geo:GSE309595:GSM9269966	disease_ontology_term_id	MONDO:0009693	derived	ols:mondo		multiple myeloma	True
GSM9269966	geo:GSE309595:GSM9269966	author_cell_type	<column seurat_pbmc_type>	column	work/fp-53430067aac0/aifi_converted/GSM9269966_B043-P1_PB00242-01_2021-01-28T01_04_59.754710921Z_labeled.cells.tsv.gz/seurat_pbmc_type			True
GSM9269967	geo:GSE309595:GSM9269967	sex_ontology_term_id	PATO:0000384	derived	sex_map		male	True
GSM9269967	geo:GSE309595:GSM9269967	assay_ontology_term_id	EFO:0030003	derived	ols:efo		10x 3' transcription profiling	True
GSM9269967	geo:GSE309595:GSM9269967	tissue_ontology_term_id	UBERON:0000178	derived	ols:uberon		Blood	True
GSM9269967	geo:GSE309595:GSM9269967	disease_ontology_term_id	MONDO:0009693	derived	ols:mondo		multiple myeloma	True
GSM9269967	geo:GSE309595:GSM9269967	author_cell_type	<column seurat_pbmc_type>	column	work/fp-53430067aac0/aifi_converted/GSM9269967_B071-P1_PB00243-01_2021-06-11T05_29_20.313239902Z_labeled.cells.tsv.gz/seurat_pbmc_type			True
GSM9269968	geo:GSE309595:GSM9269968	sex_ontology_term_id	PATO:0000383	derived	sex_map		female	True
GSM9269968	geo:GSE309595:GSM9269968	assay_ontology_term_id	EFO:0030003	derived	ols:efo		10x 3' transcription profiling	True
GSM9269968	geo:GSE309595:GSM9269968	tissue_ontology_term_id	UBERON:0000178	derived	ols:uberon		Blood	True
GSM9269968	geo:GSE309595:GSM9269968	disease_ontology_term_id	MONDO:0009693	derived	ols:mondo		multiple myeloma	True
GSM9269968	geo:GSE309595:GSM9269968	author_cell_type	<column seurat_pbmc_type>	column	work/fp-53430067aac0/aifi_converted/GSM9269968_B071-P1_PB00245-01_2021-06-11T05_29_20.313239902Z_labeled.cells.tsv.gz/seurat_pbmc_type			True
GSM9269969	geo:GSE309595:GSM9269969	sex_ontology_term_id	PATO:0000383	derived	sex_map		female	True
GSM9269969	geo:GSE309595:GSM9269969	assay_ontology_term_id	EFO:0030003	derived	ols:efo		10x 3' transcription profiling	True
GSM9269969	geo:GSE309595:GSM9269969	tissue_ontology_term_id	UBERON:0000178	derived	ols:uberon		Blood	True
GSM9269969	geo:GSE309595:GSM9269969	disease_ontology_term_id	MONDO:0009693	derived	ols:mondo		multiple myeloma	True
GSM9269969	geo:GSE309595:GSM9269969	author_cell_type	<column seurat_pbmc_type>	column	work/fp-53430067aac0/aifi_converted/GSM9269969_B095-P2_PB00247-01_2021-11-25T03_04_54.542561181Z_labeled.cells.tsv.gz/seurat_pbmc_type			True
GSM9269970	geo:GSE309595:GSM9269970	sex_ontology_term_id	PATO:0000384	derived	sex_map		male	True
GSM9269970	geo:GSE309595:GSM9269970	assay_ontology_term_id	EFO:0030003	derived	ols:efo		10x 3' transcription profiling	True
GSM9269970	geo:GSE309595:GSM9269970	tissue_ontology_term_id	UBERON:0000178	derived	ols:uberon		Blood	True
GSM9269970	geo:GSE309595:GSM9269970	disease_ontology_term_id	MONDO:0009693	derived	ols:mondo		multiple myeloma	True
GSM9269970	geo:GSE309595:GSM9269970	author_cell_type	<column seurat_pbmc_type>	column	work/fp-53430067aac0/aifi_converted/GSM9269970_B071-P1_PB00248-01_2021-06-11T05_29_20.313239902Z_labeled.cells.tsv.gz/seurat_pbmc_type			True
GSM9269971	geo:GSE309595:GSM9269971	sex_ontology_term_id	PATO:0000383	derived	sex_map		female	True
GSM9269971	geo:GSE309595:GSM9269971	assay_ontology_term_id	EFO:0030003	derived	ols:efo		10x 3' transcription profiling	True
GSM9269971	geo:GSE309595:GSM9269971	tissue_ontology_term_id	UBERON:0000178	derived	ols:uberon		Blood	True
GSM9269971	geo:GSE309595:GSM9269971	disease_ontology_term_id	MONDO:0009693	derived	ols:mondo		multiple myeloma	True
GSM9269971	geo:GSE309595:GSM9269971	author_cell_type	<column seurat_pbmc_type>	column	work/fp-53430067aac0/aifi_converted/GSM9269971_B071-P1_PB00249-01_2021-06-11T05_29_20.313239902Z_labeled.cells.tsv.gz/seurat_pbmc_type			True
GSM9269972	geo:GSE309595:GSM9269972	sex_ontology_term_id	PATO:0000384	derived	sex_map		male	True
GSM9269972	geo:GSE309595:GSM9269972	assay_ontology_term_id	EFO:0030003	derived	ols:efo		10x 3' transcription profiling	True
GSM9269972	geo:GSE309595:GSM9269972	tissue_ontology_term_id	UBERON:0000178	derived	ols:uberon		Blood	True
GSM9269972	geo:GSE309595:GSM9269972	disease_ontology_term_id	MONDO:0009693	derived	ols:mondo		multiple myeloma	True
GSM9269972	geo:GSE309595:GSM9269972	author_cell_type	<column seurat_pbmc_type>	column	work/fp-53430067aac0/aifi_converted/GSM9269972_B064-P1_PB00251-01_2021-06-13T18_07_41.688427174Z_labeled.cells.tsv.gz/seurat_pbmc_type			True
GSM9269973	geo:GSE309595:GSM9269973	sex_ontology_term_id	PATO:0000384	derived	sex_map		male	True
GSM9269973	geo:GSE309595:GSM9269973	assay_ontology_term_id	EFO:0030003	derived	ols:efo		10x 3' transcription profiling	True
GSM9269973	geo:GSE309595:GSM9269973	tissue_ontology_term_id	UBERON:0000178	derived	ols:uberon		Blood	True
GSM9269973	geo:GSE309595:GSM9269973	disease_ontology_term_id	MONDO:0009693	derived	ols:mondo		multiple myeloma	True
GSM9269973	geo:GSE309595:GSM9269973	author_cell_type	<column seurat_pbmc_type>	column	work/fp-53430067aac0/aifi_converted/GSM9269973_B095-P2_PB01315-01_2021-11-25T03_04_54.542561181Z_labeled.cells.tsv.gz/seurat_pbmc_type			True
GSM9269974	geo:GSE309595:GSM9269974	sex_ontology_term_id	PATO:0000383	derived	sex_map		female	True
GSM9269974	geo:GSE309595:GSM9269974	assay_ontology_term_id	EFO:0030003	derived	ols:efo		10x 3' transcription profiling	True
GSM9269974	geo:GSE309595:GSM9269974	tissue_ontology_term_id	UBERON:0000178	derived	ols:uberon		Blood	True
GSM9269974	geo:GSE309595:GSM9269974	disease_ontology_term_id	MONDO:0009693	derived	ols:mondo		multiple myeloma	True
GSM9269974	geo:GSE309595:GSM9269974	author_cell_type	<column seurat_pbmc_type>	column	work/fp-53430067aac0/aifi_converted/GSM9269974_B071-P1_PB01322-01_2021-06-11T05_29_20.313239902Z_labeled.cells.tsv.gz/seurat_pbmc_type			True
GSM9269975	geo:GSE309595:GSM9269975	sex_ontology_term_id	PATO:0000384	derived	sex_map		male	True
GSM9269975	geo:GSE309595:GSM9269975	assay_ontology_term_id	EFO:0030003	derived	ols:efo		10x 3' transcription profiling	True
GSM9269975	geo:GSE309595:GSM9269975	tissue_ontology_term_id	UBERON:0000178	derived	ols:uberon		Blood	True
GSM9269975	geo:GSE309595:GSM9269975	disease_ontology_term_id	MONDO:0009693	derived	ols:mondo		multiple myeloma	True
GSM9269975	geo:GSE309595:GSM9269975	author_cell_type	<column seurat_pbmc_type>	column	work/fp-53430067aac0/aifi_converted/GSM9269975_B064-P1_PB01328-01_2021-06-13T18_07_41.688427174Z_labeled.cells.tsv.gz/seurat_pbmc_type			True
GSM9269976	geo:GSE309595:GSM9269976	sex_ontology_term_id	PATO:0000384	derived	sex_map		male	True
GSM9269976	geo:GSE309595:GSM9269976	assay_ontology_term_id	EFO:0030003	derived	ols:efo		10x 3' transcription profiling	True
GSM9269976	geo:GSE309595:GSM9269976	tissue_ontology_term_id	UBERON:0000178	derived	ols:uberon		Blood	True
GSM9269976	geo:GSE309595:GSM9269976	disease_ontology_term_id	MONDO:0009693	derived	ols:mondo		multiple myeloma	True
GSM9269976	geo:GSE309595:GSM9269976	author_cell_type	<column seurat_pbmc_type>	column	work/fp-53430067aac0/aifi_converted/GSM9269976_B095-P2_PB01329-01_2021-11-25T03_04_54.542561181Z_labeled.cells.tsv.gz/seurat_pbmc_type			True
GSM9269977	geo:GSE309595:GSM9269977	sex_ontology_term_id	PATO:0000384	derived	sex_map		male	True
GSM9269977	geo:GSE309595:GSM9269977	assay_ontology_term_id	EFO:0030003	derived	ols:efo		10x 3' transcription profiling	True
GSM9269977	geo:GSE309595:GSM9269977	tissue_ontology_term_id	UBERON:0000178	derived	ols:uberon		Blood	True
GSM9269977	geo:GSE309595:GSM9269977	disease_ontology_term_id	MONDO:0009693	derived	ols:mondo		multiple myeloma	True
GSM9269977	geo:GSE309595:GSM9269977	author_cell_type	<column seurat_pbmc_type>	column	work/fp-53430067aac0/aifi_converted/GSM9269977_B095-P2_PB01333-01_2021-11-25T03_04_54.542561181Z_labeled.cells.tsv.gz/seurat_pbmc_type			True
GSM9269978	geo:GSE309595:GSM9269978	sex_ontology_term_id	PATO:0000383	derived	sex_map		female	True
GSM9269978	geo:GSE309595:GSM9269978	assay_ontology_term_id	EFO:0030003	derived	ols:efo		10x 3' transcription profiling	True
GSM9269978	geo:GSE309595:GSM9269978	tissue_ontology_term_id	UBERON:0000178	derived	ols:uberon		Blood	True
GSM9269978	geo:GSE309595:GSM9269978	disease_ontology_term_id	MONDO:0009693	derived	ols:mondo		multiple myeloma	True
GSM9269978	geo:GSE309595:GSM9269978	author_cell_type	<column seurat_pbmc_type>	column	work/fp-53430067aac0/aifi_converted/GSM9269978_B095-P1_PB01357-01_2021-11-25T03_04_27.818763587Z_labeled.cells.tsv.gz/seurat_pbmc_type			True
GSM9269979	geo:GSE309595:GSM9269979	sex_ontology_term_id	PATO:0000384	derived	sex_map		male	True
GSM9269979	geo:GSE309595:GSM9269979	assay_ontology_term_id	EFO:0030003	derived	ols:efo		10x 3' transcription profiling	True
GSM9269979	geo:GSE309595:GSM9269979	tissue_ontology_term_id	UBERON:0000178	derived	ols:uberon		Blood	True
GSM9269979	geo:GSE309595:GSM9269979	disease_ontology_term_id	MONDO:0009693	derived	ols:mondo		multiple myeloma	True
GSM9269979	geo:GSE309595:GSM9269979	author_cell_type	<column seurat_pbmc_type>	column	work/fp-53430067aac0/aifi_converted/GSM9269979_B095-P1_PB01364-01_2021-11-25T03_04_27.818763587Z_labeled.cells.tsv.gz/seurat_pbmc_type			True
GSM9269980	geo:GSE309595:GSM9269980	sex_ontology_term_id	PATO:0000384	derived	sex_map		male	True
GSM9269980	geo:GSE309595:GSM9269980	assay_ontology_term_id	EFO:0030003	derived	ols:efo		10x 3' transcription profiling	True
GSM9269980	geo:GSE309595:GSM9269980	tissue_ontology_term_id	UBERON:0000178	derived	ols:uberon		Blood	True
GSM9269980	geo:GSE309595:GSM9269980	disease_ontology_term_id	MONDO:0009693	derived	ols:mondo		multiple myeloma	True
GSM9269980	geo:GSE309595:GSM9269980	author_cell_type	<column seurat_pbmc_type>	column	work/fp-53430067aac0/aifi_converted/GSM9269980_B125-P2_PB02050-01_2022-08-15T23_46_43.839377545Z_labeled.cells.tsv.gz/seurat_pbmc_type			True
GSM9269981	geo:GSE309595:GSM9269981	sex_ontology_term_id	PATO:0000383	derived	sex_map		female	True
GSM9269981	geo:GSE309595:GSM9269981	assay_ontology_term_id	EFO:0030003	derived	ols:efo		10x 3' transcription profiling	True
GSM9269981	geo:GSE309595:GSM9269981	tissue_ontology_term_id	UBERON:0000178	derived	ols:uberon		Blood	True
GSM9269981	geo:GSE309595:GSM9269981	disease_ontology_term_id	MONDO:0009693	derived	ols:mondo		multiple myeloma	True
GSM9269981	geo:GSE309595:GSM9269981	author_cell_type	<column seurat_pbmc_type>	column	work/fp-53430067aac0/aifi_converted/GSM9269981_B145-P1_PB02066-01_2023-02-11T00_48_05.343423653Z_labeled.cells.tsv.gz/seurat_pbmc_type			True
GSM9269982	geo:GSE309595:GSM9269982	sex_ontology_term_id	PATO:0000384	derived	sex_map		male	True
GSM9269982	geo:GSE309595:GSM9269982	assay_ontology_term_id	EFO:0030003	derived	ols:efo		10x 3' transcription profiling	True
GSM9269982	geo:GSE309595:GSM9269982	tissue_ontology_term_id	UBERON:0000178	derived	ols:uberon		Blood	True
GSM9269982	geo:GSE309595:GSM9269982	disease_ontology_term_id	MONDO:0009693	derived	ols:mondo		multiple myeloma	True
GSM9269982	geo:GSE309595:GSM9269982	author_cell_type	<column seurat_pbmc_type>	column	work/fp-53430067aac0/aifi_converted/GSM9269982_B125-P1_PB02068-01_2022-06-13T18_04_07.358772921Z_labeled.cells.tsv.gz/seurat_pbmc_type			True
GSM9269983	geo:GSE309595:GSM9269983	sex_ontology_term_id	PATO:0000384	derived	sex_map		male	True
GSM9269983	geo:GSE309595:GSM9269983	assay_ontology_term_id	EFO:0030003	derived	ols:efo		10x 3' transcription profiling	True
GSM9269983	geo:GSE309595:GSM9269983	tissue_ontology_term_id	UBERON:0000178	derived	ols:uberon		Blood	True
GSM9269983	geo:GSE309595:GSM9269983	disease_ontology_term_id	MONDO:0009693	derived	ols:mondo		multiple myeloma	True
GSM9269983	geo:GSE309595:GSM9269983	author_cell_type	<column seurat_pbmc_type>	column	work/fp-53430067aac0/aifi_converted/GSM9269983_B150-P2_PB02073-01_2023-06-01T03_45_54.03804727Z_labeled.cells.tsv.gz/seurat_pbmc_type			True
GSM9269984	geo:GSE309595:GSM9269984	sex_ontology_term_id	PATO:0000384	derived	sex_map		male	True
GSM9269984	geo:GSE309595:GSM9269984	assay_ontology_term_id	EFO:0030003	derived	ols:efo		10x 3' transcription profiling	True
GSM9269984	geo:GSE309595:GSM9269984	tissue_ontology_term_id	UBERON:0000178	derived	ols:uberon		Blood	True
GSM9269984	geo:GSE309595:GSM9269984	disease_ontology_term_id	MONDO:0009693	derived	ols:mondo		multiple myeloma	True
GSM9269984	geo:GSE309595:GSM9269984	author_cell_type	<column seurat_pbmc_type>	column	work/fp-53430067aac0/aifi_converted/GSM9269984_B145-P1_PB02076-01_2023-02-11T00_48_05.343423653Z_labeled.cells.tsv.gz/seurat_pbmc_type			True
GSM9269985	geo:GSE309595:GSM9269985	sex_ontology_term_id	PATO:0000383	derived	sex_map		female	True
GSM9269985	geo:GSE309595:GSM9269985	assay_ontology_term_id	EFO:0030003	derived	ols:efo		10x 3' transcription profiling	True
GSM9269985	geo:GSE309595:GSM9269985	tissue_ontology_term_id	UBERON:0000178	derived	ols:uberon		Blood	True
GSM9269985	geo:GSE309595:GSM9269985	disease_ontology_term_id	MONDO:0009693	derived	ols:mondo		multiple myeloma	True
GSM9269985	geo:GSE309595:GSM9269985	author_cell_type	<column seurat_pbmc_type>	column	work/fp-53430067aac0/aifi_converted/GSM9269985_B125-P1_PB02079-01_2022-06-13T18_04_07.358772921Z_labeled.cells.tsv.gz/seurat_pbmc_type			True
GSM9269986	geo:GSE309595:GSM9269986	sex_ontology_term_id	PATO:0000383	derived	sex_map		female	True
GSM9269986	geo:GSE309595:GSM9269986	assay_ontology_term_id	EFO:0030003	derived	ols:efo		10x 3' transcription profiling	True
GSM9269986	geo:GSE309595:GSM9269986	tissue_ontology_term_id	UBERON:0000178	derived	ols:uberon		Blood	True
GSM9269986	geo:GSE309595:GSM9269986	disease_ontology_term_id	MONDO:0009693	derived	ols:mondo		multiple myeloma	True
GSM9269986	geo:GSE309595:GSM9269986	author_cell_type	<column seurat_pbmc_type>	column	work/fp-53430067aac0/aifi_converted/GSM9269986_B145-P1_PB02082-01_2023-02-11T00_48_05.343423653Z_labeled.cells.tsv.gz/seurat_pbmc_type			True
GSM9269987	geo:GSE309595:GSM9269987	sex_ontology_term_id	PATO:0000384	derived	sex_map		male	True
GSM9269987	geo:GSE309595:GSM9269987	assay_ontology_term_id	EFO:0030003	derived	ols:efo		10x 3' transcription profiling	True
GSM9269987	geo:GSE309595:GSM9269987	tissue_ontology_term_id	UBERON:0000178	derived	ols:uberon		Blood	True
GSM9269987	geo:GSE309595:GSM9269987	disease_ontology_term_id	MONDO:0009693	derived	ols:mondo		multiple myeloma	True
GSM9269987	geo:GSE309595:GSM9269987	author_cell_type	<column seurat_pbmc_type>	column	work/fp-53430067aac0/aifi_converted/GSM9269987_B125-P1_PB02088-01_2022-06-13T18_04_07.358772921Z_labeled.cells.tsv.gz/seurat_pbmc_type			True
GSM9269988	geo:GSE309595:GSM9269988	sex_ontology_term_id	PATO:0000384	derived	sex_map		male	True
GSM9269988	geo:GSE309595:GSM9269988	assay_ontology_term_id	EFO:0030003	derived	ols:efo		10x 3' transcription profiling	True
GSM9269988	geo:GSE309595:GSM9269988	tissue_ontology_term_id	UBERON:0000178	derived	ols:uberon		Blood	True
GSM9269988	geo:GSE309595:GSM9269988	disease_ontology_term_id	MONDO:0009693	derived	ols:mondo		multiple myeloma	True
GSM9269988	geo:GSE309595:GSM9269988	author_cell_type	<column seurat_pbmc_type>	column	work/fp-53430067aac0/aifi_converted/GSM9269988_B125-P1_PB02094-01_2022-06-13T18_04_07.358772921Z_labeled.cells.tsv.gz/seurat_pbmc_type			True
GSM9269989	geo:GSE309595:GSM9269989	sex_ontology_term_id	PATO:0000384	derived	sex_map		male	True
GSM9269989	geo:GSE309595:GSM9269989	assay_ontology_term_id	EFO:0030003	derived	ols:efo		10x 3' transcription profiling	True
GSM9269989	geo:GSE309595:GSM9269989	tissue_ontology_term_id	UBERON:0000178	derived	ols:uberon		Blood	True
GSM9269989	geo:GSE309595:GSM9269989	disease_ontology_term_id	MONDO:0009693	derived	ols:mondo		multiple myeloma	True
GSM9269989	geo:GSE309595:GSM9269989	author_cell_type	<column seurat_pbmc_type>	column	work/fp-53430067aac0/aifi_converted/GSM9269989_B125-P1_PB02686-001_2022-06-13T18_04_07.358772921Z_labeled.cells.tsv.gz/seurat_pbmc_type			True
GSM9269990	geo:GSE309595:GSM9269990	sex_ontology_term_id	PATO:0000383	derived	sex_map		female	True
GSM9269990	geo:GSE309595:GSM9269990	assay_ontology_term_id	EFO:0030003	derived	ols:efo		10x 3' transcription profiling	True
GSM9269990	geo:GSE309595:GSM9269990	tissue_ontology_term_id	UBERON:0000178	derived	ols:uberon		Blood	True
GSM9269990	geo:GSE309595:GSM9269990	disease_ontology_term_id	MONDO:0009693	derived	ols:mondo		multiple myeloma	True
GSM9269990	geo:GSE309595:GSM9269990	author_cell_type	<column seurat_pbmc_type>	column	work/fp-53430067aac0/aifi_converted/GSM9269990_B201-P1_PB02691-001_2024-01-08T18_56_07.606875695Z_labeled.cells.tsv.gz/seurat_pbmc_type			True
GSM9269991	geo:GSE309595:GSM9269991	sex_ontology_term_id	PATO:0000384	derived	sex_map		male	True
GSM9269991	geo:GSE309595:GSM9269991	assay_ontology_term_id	EFO:0030003	derived	ols:efo		10x 3' transcription profiling	True
GSM9269991	geo:GSE309595:GSM9269991	tissue_ontology_term_id	UBERON:0000178	derived	ols:uberon		Blood	True
GSM9269991	geo:GSE309595:GSM9269991	disease_ontology_term_id	MONDO:0009693	derived	ols:mondo		multiple myeloma	True
GSM9269991	geo:GSE309595:GSM9269991	author_cell_type	<column seurat_pbmc_type>	column	work/fp-53430067aac0/aifi_converted/GSM9269991_B150-P2_PB02695-001_2023-06-01T03_45_54.03804727Z_labeled.cells.tsv.gz/seurat_pbmc_type			True
GSM9269992	geo:GSE309595:GSM9269992	sex_ontology_term_id	PATO:0000383	derived	sex_map		female	True
GSM9269992	geo:GSE309595:GSM9269992	assay_ontology_term_id	EFO:0030003	derived	ols:efo		10x 3' transcription profiling	True
GSM9269992	geo:GSE309595:GSM9269992	tissue_ontology_term_id	UBERON:0000178	derived	ols:uberon		Blood	True
GSM9269992	geo:GSE309595:GSM9269992	disease_ontology_term_id	MONDO:0009693	derived	ols:mondo		multiple myeloma	True
GSM9269992	geo:GSE309595:GSM9269992	author_cell_type	<column seurat_pbmc_type>	column	work/fp-53430067aac0/aifi_converted/GSM9269992_B125-P1_PB02697-001_2022-06-13T18_04_07.358772921Z_labeled.cells.tsv.gz/seurat_pbmc_type			True
GSM9269993	geo:GSE309595:GSM9269993	sex_ontology_term_id	PATO:0000384	derived	sex_map		male	True
GSM9269993	geo:GSE309595:GSM9269993	assay_ontology_term_id	EFO:0030003	derived	ols:efo		10x 3' transcription profiling	True
GSM9269993	geo:GSE309595:GSM9269993	self_reported_ethnicity_ontology_term_id	HANCESTRO:0568	derived	ols:hancestro		African American	True
GSM9269993	geo:GSE309595:GSM9269993	tissue_ontology_term_id	UBERON:0000178	derived	ols:uberon		Blood	True
GSM9269993	geo:GSE309595:GSM9269993	disease_ontology_term_id	MONDO:0009693	derived	ols:mondo		multiple myeloma	True
GSM9269993	geo:GSE309595:GSM9269993	author_cell_type	<column seurat_pbmc_type>	column	work/fp-53430067aac0/aifi_converted/GSM9269993_B150-P2_PB02709-001_2023-06-01T03_45_54.03804727Z_labeled.cells.tsv.gz/seurat_pbmc_type			True
GSM9269994	geo:GSE309595:GSM9269994	sex_ontology_term_id	PATO:0000383	derived	sex_map		female	True
GSM9269994	geo:GSE309595:GSM9269994	assay_ontology_term_id	EFO:0030003	derived	ols:efo		10x 3' transcription profiling	True
GSM9269994	geo:GSE309595:GSM9269994	tissue_ontology_term_id	UBERON:0000178	derived	ols:uberon		Blood	True
GSM9269994	geo:GSE309595:GSM9269994	disease_ontology_term_id	MONDO:0009693	derived	ols:mondo		multiple myeloma	True
GSM9269994	geo:GSE309595:GSM9269994	author_cell_type	<column seurat_pbmc_type>	column	work/fp-53430067aac0/aifi_converted/GSM9269994_B150-P2_PB02726-001_2023-06-01T03_45_54.03804727Z_labeled.cells.tsv.gz/seurat_pbmc_type			True
GSM9269995	geo:GSE309595:GSM9269995	sex_ontology_term_id	PATO:0000383	derived	sex_map		female	True
GSM9269995	geo:GSE309595:GSM9269995	assay_ontology_term_id	EFO:0030003	derived	ols:efo		10x 3' transcription profiling	True
GSM9269995	geo:GSE309595:GSM9269995	tissue_ontology_term_id	UBERON:0000178	derived	ols:uberon		Blood	True
GSM9269995	geo:GSE309595:GSM9269995	disease_ontology_term_id	MONDO:0009693	derived	ols:mondo		multiple myeloma	True
GSM9269995	geo:GSE309595:GSM9269995	author_cell_type	<column seurat_pbmc_type>	column	work/fp-53430067aac0/aifi_converted/GSM9269995_B150-P2_PB02728-001_2023-06-01T03_45_54.03804727Z_labeled.cells.tsv.gz/seurat_pbmc_type			True
GSM9269996	geo:GSE309595:GSM9269996	sex_ontology_term_id	PATO:0000384	derived	sex_map		male	True
GSM9269996	geo:GSE309595:GSM9269996	assay_ontology_term_id	EFO:0030003	derived	ols:efo		10x 3' transcription profiling	True
GSM9269996	geo:GSE309595:GSM9269996	tissue_ontology_term_id	UBERON:0000178	derived	ols:uberon		Blood	True
GSM9269996	geo:GSE309595:GSM9269996	disease_ontology_term_id	MONDO:0009693	derived	ols:mondo		multiple myeloma	True
GSM9269996	geo:GSE309595:GSM9269996	author_cell_type	<column seurat_pbmc_type>	column	work/fp-53430067aac0/aifi_converted/GSM9269996_B150-P1_PB02739-001_2023-05-02T16_02_21.78356165Z_labeled.cells.tsv.gz/seurat_pbmc_type			True
GSM9269997	geo:GSE309595:GSM9269997	sex_ontology_term_id	PATO:0000383	derived	sex_map		female	True
GSM9269997	geo:GSE309595:GSM9269997	assay_ontology_term_id	EFO:0030003	derived	ols:efo		10x 3' transcription profiling	True
GSM9269997	geo:GSE309595:GSM9269997	tissue_ontology_term_id	UBERON:0000178	derived	ols:uberon		Blood	True
GSM9269997	geo:GSE309595:GSM9269997	disease_ontology_term_id	MONDO:0009693	derived	ols:mondo		multiple myeloma	True
GSM9269997	geo:GSE309595:GSM9269997	author_cell_type	<column seurat_pbmc_type>	column	work/fp-53430067aac0/aifi_converted/GSM9269997_B150-P1_PB02745-001_2023-05-02T16_02_21.78356165Z_labeled.cells.tsv.gz/seurat_pbmc_type			True
GSM9269998	geo:GSE309595:GSM9269998	sex_ontology_term_id	PATO:0000383	derived	sex_map		female	True
GSM9269998	geo:GSE309595:GSM9269998	assay_ontology_term_id	EFO:0030003	derived	ols:efo		10x 3' transcription profiling	True
GSM9269998	geo:GSE309595:GSM9269998	tissue_ontology_term_id	UBERON:0000178	derived	ols:uberon		Blood	True
GSM9269998	geo:GSE309595:GSM9269998	disease_ontology_term_id	MONDO:0009693	derived	ols:mondo		multiple myeloma	True
GSM9269998	geo:GSE309595:GSM9269998	author_cell_type	<column seurat_pbmc_type>	column	work/fp-53430067aac0/aifi_converted/GSM9269998_B150-P1_PB02750-001_2023-05-02T16_02_21.78356165Z_labeled.cells.tsv.gz/seurat_pbmc_type			True
GSM9269999	geo:GSE309595:GSM9269999	sex_ontology_term_id	PATO:0000383	derived	sex_map		female	True
GSM9269999	geo:GSE309595:GSM9269999	assay_ontology_term_id	EFO:0030003	derived	ols:efo		10x 3' transcription profiling	True
GSM9269999	geo:GSE309595:GSM9269999	tissue_ontology_term_id	UBERON:0000178	derived	ols:uberon		Blood	True
GSM9269999	geo:GSE309595:GSM9269999	disease_ontology_term_id	MONDO:0009693	derived	ols:mondo		multiple myeloma	True
GSM9269999	geo:GSE309595:GSM9269999	author_cell_type	<column seurat_pbmc_type>	column	work/fp-53430067aac0/aifi_converted/GSM9269999_B150-P1_PB02772-001_2023-05-02T16_02_21.78356165Z_labeled.cells.tsv.gz/seurat_pbmc_type			True
GSM9270000	geo:GSE309595:GSM9270000	sex_ontology_term_id	PATO:0000383	derived	sex_map		female	True
GSM9270000	geo:GSE309595:GSM9270000	assay_ontology_term_id	EFO:0030003	derived	ols:efo		10x 3' transcription profiling	True
GSM9270000	geo:GSE309595:GSM9270000	tissue_ontology_term_id	UBERON:0000178	derived	ols:uberon		Blood	True
GSM9270000	geo:GSE309595:GSM9270000	disease_ontology_term_id	MONDO:0009693	derived	ols:mondo		multiple myeloma	True
GSM9270000	geo:GSE309595:GSM9270000	author_cell_type	<column seurat_pbmc_type>	column	work/fp-53430067aac0/aifi_converted/GSM9270000_B196-P1_PB04527-001_2023-12-11T22_20_10.692390023Z_labeled.cells.tsv.gz/seurat_pbmc_type			True
GSM9270001	geo:GSE309595:GSM9270001	sex_ontology_term_id	PATO:0000384	derived	sex_map		male	True
GSM9270001	geo:GSE309595:GSM9270001	assay_ontology_term_id	EFO:0030003	derived	ols:efo		10x 3' transcription profiling	True
GSM9270001	geo:GSE309595:GSM9270001	tissue_ontology_term_id	UBERON:0000178	derived	ols:uberon		Blood	True
GSM9270001	geo:GSE309595:GSM9270001	disease_ontology_term_id	MONDO:0009693	derived	ols:mondo		multiple myeloma	True
GSM9270001	geo:GSE309595:GSM9270001	author_cell_type	<column seurat_pbmc_type>	column	work/fp-53430067aac0/aifi_converted/GSM9270001_B196-P2_PB04531-001_2023-12-12T21_58_32.925283761Z_labeled.cells.tsv.gz/seurat_pbmc_type			True
GSM9270002	geo:GSE309595:GSM9270002	sex_ontology_term_id	PATO:0000383	derived	sex_map		female	True
GSM9270002	geo:GSE309595:GSM9270002	assay_ontology_term_id	EFO:0030003	derived	ols:efo		10x 3' transcription profiling	True
GSM9270002	geo:GSE309595:GSM9270002	tissue_ontology_term_id	UBERON:0000178	derived	ols:uberon		Blood	True
GSM9270002	geo:GSE309595:GSM9270002	disease_ontology_term_id	MONDO:0009693	derived	ols:mondo		multiple myeloma	True
GSM9270002	geo:GSE309595:GSM9270002	author_cell_type	<column seurat_pbmc_type>	column	work/fp-53430067aac0/aifi_converted/GSM9270002_B196-P1_PB04532-001_2023-12-11T22_20_10.692390023Z_labeled.cells.tsv.gz/seurat_pbmc_type			True
GSM9270003	geo:GSE309595:GSM9270003	sex_ontology_term_id	PATO:0000383	derived	sex_map		female	True
GSM9270003	geo:GSE309595:GSM9270003	assay_ontology_term_id	EFO:0030003	derived	ols:efo		10x 3' transcription profiling	True
GSM9270003	geo:GSE309595:GSM9270003	tissue_ontology_term_id	UBERON:0000178	derived	ols:uberon		Blood	True
GSM9270003	geo:GSE309595:GSM9270003	disease_ontology_term_id	MONDO:0009693	derived	ols:mondo		multiple myeloma	True
GSM9270003	geo:GSE309595:GSM9270003	author_cell_type	<column seurat_pbmc_type>	column	work/fp-53430067aac0/aifi_converted/GSM9270003_B196-P1_PB04615-001_2023-12-11T22_20_10.692390023Z_labeled.cells.tsv.gz/seurat_pbmc_type			True
GSM9270004	geo:GSE309595:GSM9270004	sex_ontology_term_id	PATO:0000383	derived	sex_map		female	True
GSM9270004	geo:GSE309595:GSM9270004	assay_ontology_term_id	EFO:0030003	derived	ols:efo		10x 3' transcription profiling	True
GSM9270004	geo:GSE309595:GSM9270004	tissue_ontology_term_id	UBERON:0000178	derived	ols:uberon		Blood	True
GSM9270004	geo:GSE309595:GSM9270004	disease_ontology_term_id	MONDO:0009693	derived	ols:mondo		multiple myeloma	True
GSM9270004	geo:GSE309595:GSM9270004	author_cell_type	<column seurat_pbmc_type>	column	work/fp-53430067aac0/aifi_converted/GSM9270004_B204-P1_PB04681-001_2024-03-20T00_34_45.589875783Z_labeled.cells.tsv.gz/seurat_pbmc_type			True
GSM9270005	geo:GSE309595:GSM9270005	sex_ontology_term_id	PATO:0000383	derived	sex_map		female	True
GSM9270005	geo:GSE309595:GSM9270005	assay_ontology_term_id	EFO:0030003	derived	ols:efo		10x 3' transcription profiling	True
GSM9270005	geo:GSE309595:GSM9270005	tissue_ontology_term_id	UBERON:0000178	derived	ols:uberon		Blood	True
GSM9270005	geo:GSE309595:GSM9270005	disease_ontology_term_id	MONDO:0009693	derived	ols:mondo		multiple myeloma	True
GSM9270005	geo:GSE309595:GSM9270005	author_cell_type	<column seurat_pbmc_type>	column	work/fp-53430067aac0/aifi_converted/GSM9270005_B205-P1_PB04683-001_2024-03-13T17_23_39.641623796Z_labeled.cells.tsv.gz/seurat_pbmc_type			True
GSM9270006	geo:GSE309595:GSM9270006	sex_ontology_term_id	PATO:0000383	derived	sex_map		female	True
GSM9270006	geo:GSE309595:GSM9270006	assay_ontology_term_id	EFO:0030003	derived	ols:efo		10x 3' transcription profiling	True
GSM9270006	geo:GSE309595:GSM9270006	tissue_ontology_term_id	UBERON:0000178	derived	ols:uberon		Blood	True
GSM9270006	geo:GSE309595:GSM9270006	disease_ontology_term_id	MONDO:0009693	derived	ols:mondo		multiple myeloma	True
GSM9270006	geo:GSE309595:GSM9270006	author_cell_type	<column seurat_pbmc_type>	column	work/fp-53430067aac0/aifi_converted/GSM9270006_B227-P1_PB04684-002_2024-09-18T17_31_38.256889485Z_labeled.cells.tsv.gz/seurat_pbmc_type			True
GSM9270007	geo:GSE309595:GSM9270007	sex_ontology_term_id	PATO:0000383	derived	sex_map		female	True
GSM9270007	geo:GSE309595:GSM9270007	assay_ontology_term_id	EFO:0030003	derived	ols:efo		10x 3' transcription profiling	True
GSM9270007	geo:GSE309595:GSM9270007	tissue_ontology_term_id	UBERON:0000178	derived	ols:uberon		Blood	True
GSM9270007	geo:GSE309595:GSM9270007	disease_ontology_term_id	MONDO:0009693	derived	ols:mondo		multiple myeloma	True
GSM9270007	geo:GSE309595:GSM9270007	author_cell_type	<column seurat_pbmc_type>	column	work/fp-53430067aac0/aifi_converted/GSM9270007_B150-P1_PB04685-001_2023-05-02T16_02_21.78356165Z_labeled.cells.tsv.gz/seurat_pbmc_type			True
GSM9270008	geo:GSE309595:GSM9270008	sex_ontology_term_id	PATO:0000383	derived	sex_map		female	True
GSM9270008	geo:GSE309595:GSM9270008	assay_ontology_term_id	EFO:0030003	derived	ols:efo		10x 3' transcription profiling	True
GSM9270008	geo:GSE309595:GSM9270008	tissue_ontology_term_id	UBERON:0000178	derived	ols:uberon		Blood	True
GSM9270008	geo:GSE309595:GSM9270008	disease_ontology_term_id	MONDO:0009693	derived	ols:mondo		multiple myeloma	True
GSM9270008	geo:GSE309595:GSM9270008	author_cell_type	<column seurat_pbmc_type>	column	work/fp-53430067aac0/aifi_converted/GSM9270008_B201-P1_PB04692-001_2024-01-08T18_56_07.606875695Z_labeled.cells.tsv.gz/seurat_pbmc_type			True
GSM9270009	geo:GSE309595:GSM9270009	sex_ontology_term_id	PATO:0000384	derived	sex_map		male	True
GSM9270009	geo:GSE309595:GSM9270009	assay_ontology_term_id	EFO:0030003	derived	ols:efo		10x 3' transcription profiling	True
GSM9270009	geo:GSE309595:GSM9270009	tissue_ontology_term_id	UBERON:0000178	derived	ols:uberon		Blood	True
GSM9270009	geo:GSE309595:GSM9270009	disease_ontology_term_id	MONDO:0009693	derived	ols:mondo		multiple myeloma	True
GSM9270009	geo:GSE309595:GSM9270009	author_cell_type	<column seurat_pbmc_type>	column	work/fp-53430067aac0/aifi_converted/GSM9270009_B205-P1_PB04696-001_2024-03-13T17_23_39.641623796Z_labeled.cells.tsv.gz/seurat_pbmc_type			True
GSM9270010	geo:GSE309595:GSM9270010	sex_ontology_term_id	PATO:0000384	derived	sex_map		male	True
GSM9270010	geo:GSE309595:GSM9270010	assay_ontology_term_id	EFO:0030003	derived	ols:efo		10x 3' transcription profiling	True
GSM9270010	geo:GSE309595:GSM9270010	tissue_ontology_term_id	UBERON:0000178	derived	ols:uberon		Blood	True
GSM9270010	geo:GSE309595:GSM9270010	disease_ontology_term_id	MONDO:0009693	derived	ols:mondo		multiple myeloma	True
GSM9270010	geo:GSE309595:GSM9270010	author_cell_type	<column seurat_pbmc_type>	column	work/fp-53430067aac0/aifi_converted/GSM9270010_B204-P1_PB04697-001_2024-03-20T00_34_45.589875783Z_labeled.cells.tsv.gz/seurat_pbmc_type			True
GSM9270011	geo:GSE309595:GSM9270011	sex_ontology_term_id	PATO:0000384	derived	sex_map		male	True
GSM9270011	geo:GSE309595:GSM9270011	assay_ontology_term_id	EFO:0030003	derived	ols:efo		10x 3' transcription profiling	True
GSM9270011	geo:GSE309595:GSM9270011	tissue_ontology_term_id	UBERON:0000178	derived	ols:uberon		Blood	True
GSM9270011	geo:GSE309595:GSM9270011	disease_ontology_term_id	MONDO:0009693	derived	ols:mondo		multiple myeloma	True
GSM9270011	geo:GSE309595:GSM9270011	author_cell_type	<column seurat_pbmc_type>	column	work/fp-53430067aac0/aifi_converted/GSM9270011_B204-P1_PB04700-001_2024-03-20T00_34_45.589875783Z_labeled.cells.tsv.gz/seurat_pbmc_type			True
GSM9270012	geo:GSE309595:GSM9270012	sex_ontology_term_id	PATO:0000384	derived	sex_map		male	True
GSM9270012	geo:GSE309595:GSM9270012	assay_ontology_term_id	EFO:0030003	derived	ols:efo		10x 3' transcription profiling	True
GSM9270012	geo:GSE309595:GSM9270012	tissue_ontology_term_id	UBERON:0000178	derived	ols:uberon		Blood	True
GSM9270012	geo:GSE309595:GSM9270012	disease_ontology_term_id	MONDO:0009693	derived	ols:mondo		multiple myeloma	True
GSM9270012	geo:GSE309595:GSM9270012	author_cell_type	<column seurat_pbmc_type>	column	work/fp-53430067aac0/aifi_converted/GSM9270012_B201-P1_PB04824-001_2024-01-08T18_56_07.606875695Z_labeled.cells.tsv.gz/seurat_pbmc_type			True
GSM9270013	geo:GSE309595:GSM9270013	sex_ontology_term_id	PATO:0000384	derived	sex_map		male	True
GSM9270013	geo:GSE309595:GSM9270013	assay_ontology_term_id	EFO:0030003	derived	ols:efo		10x 3' transcription profiling	True
GSM9270013	geo:GSE309595:GSM9270013	tissue_ontology_term_id	UBERON:0000178	derived	ols:uberon		Blood	True
GSM9270013	geo:GSE309595:GSM9270013	disease_ontology_term_id	MONDO:0009693	derived	ols:mondo		multiple myeloma	True
GSM9270013	geo:GSE309595:GSM9270013	author_cell_type	<column seurat_pbmc_type>	column	work/fp-53430067aac0/aifi_converted/GSM9270013_B201-P2_PB04825-001_2024-01-08T18_58_27.327712363Z_labeled.cells.tsv.gz/seurat_pbmc_type			True
GSM9270014	geo:GSE309595:GSM9270014	sex_ontology_term_id	PATO:0000384	derived	sex_map		male	True
GSM9270014	geo:GSE309595:GSM9270014	assay_ontology_term_id	EFO:0030003	derived	ols:efo		10x 3' transcription profiling	True
GSM9270014	geo:GSE309595:GSM9270014	tissue_ontology_term_id	UBERON:0000178	derived	ols:uberon		Blood	True
GSM9270014	geo:GSE309595:GSM9270014	disease_ontology_term_id	MONDO:0009693	derived	ols:mondo		multiple myeloma	True
GSM9270014	geo:GSE309595:GSM9270014	author_cell_type	<column seurat_pbmc_type>	column	work/fp-53430067aac0/aifi_converted/GSM9270014_B201-P2_PB04840-001_2024-01-08T18_58_27.327712363Z_labeled.cells.tsv.gz/seurat_pbmc_type			True
GSM9270015	geo:GSE309595:GSM9270015	sex_ontology_term_id	PATO:0000384	derived	sex_map		male	True
GSM9270015	geo:GSE309595:GSM9270015	assay_ontology_term_id	EFO:0030003	derived	ols:efo		10x 3' transcription profiling	True
GSM9270015	geo:GSE309595:GSM9270015	tissue_ontology_term_id	UBERON:0000178	derived	ols:uberon		Blood	True
GSM9270015	geo:GSE309595:GSM9270015	disease_ontology_term_id	MONDO:0009693	derived	ols:mondo		multiple myeloma	True
GSM9270015	geo:GSE309595:GSM9270015	author_cell_type	<column seurat_pbmc_type>	column	work/fp-53430067aac0/aifi_converted/GSM9270015_B201-P1_PB04842-001_2024-01-08T18_56_07.606875695Z_labeled.cells.tsv.gz/seurat_pbmc_type			True
GSM9270016	geo:GSE309595:GSM9270016	sex_ontology_term_id	PATO:0000384	derived	sex_map		male	True
GSM9270016	geo:GSE309595:GSM9270016	assay_ontology_term_id	EFO:0030003	derived	ols:efo		10x 3' transcription profiling	True
GSM9270016	geo:GSE309595:GSM9270016	tissue_ontology_term_id	UBERON:0000178	derived	ols:uberon		Blood	True
GSM9270016	geo:GSE309595:GSM9270016	disease_ontology_term_id	MONDO:0009693	derived	ols:mondo		multiple myeloma	True
GSM9270016	geo:GSE309595:GSM9270016	author_cell_type	<column seurat_pbmc_type>	column	work/fp-53430067aac0/aifi_converted/GSM9270016_B201-P1_PB05006-001_2024-01-08T18_56_07.606875695Z_labeled.cells.tsv.gz/seurat_pbmc_type			True
GSM9270017	geo:GSE309595:GSM9270017	sex_ontology_term_id	PATO:0000384	derived	sex_map		male	True
GSM9270017	geo:GSE309595:GSM9270017	assay_ontology_term_id	EFO:0030003	derived	ols:efo		10x 3' transcription profiling	True
GSM9270017	geo:GSE309595:GSM9270017	tissue_ontology_term_id	UBERON:0000178	derived	ols:uberon		Blood	True
GSM9270017	geo:GSE309595:GSM9270017	disease_ontology_term_id	MONDO:0009693	derived	ols:mondo		multiple myeloma	True
GSM9270017	geo:GSE309595:GSM9270017	author_cell_type	<column seurat_pbmc_type>	column	work/fp-53430067aac0/aifi_converted/GSM9270017_B201-P1_PB05007-001_2024-01-08T18_56_07.606875695Z_labeled.cells.tsv.gz/seurat_pbmc_type			True
GSM9270018	geo:GSE309595:GSM9270018	sex_ontology_term_id	PATO:0000383	derived	sex_map		female	True
GSM9270018	geo:GSE309595:GSM9270018	assay_ontology_term_id	EFO:0030003	derived	ols:efo		10x 3' transcription profiling	True
GSM9270018	geo:GSE309595:GSM9270018	tissue_ontology_term_id	UBERON:0000178	derived	ols:uberon		Blood	True
GSM9270018	geo:GSE309595:GSM9270018	disease_ontology_term_id	MONDO:0009693	derived	ols:mondo		multiple myeloma	True
GSM9270018	geo:GSE309595:GSM9270018	author_cell_type	<column seurat_pbmc_type>	column	work/fp-53430067aac0/aifi_converted/GSM9270018_B201-P1_PB05008-001_2024-01-08T18_56_07.606875695Z_labeled.cells.tsv.gz/seurat_pbmc_type			True
GSM9270019	geo:GSE309595:GSM9270019	sex_ontology_term_id	PATO:0000384	derived	sex_map		male	True
GSM9270019	geo:GSE309595:GSM9270019	assay_ontology_term_id	EFO:0030003	derived	ols:efo		10x 3' transcription profiling	True
GSM9270019	geo:GSE309595:GSM9270019	tissue_ontology_term_id	UBERON:0000178	derived	ols:uberon		Blood	True
GSM9270019	geo:GSE309595:GSM9270019	disease_ontology_term_id	MONDO:0009693	derived	ols:mondo		multiple myeloma	True
GSM9270019	geo:GSE309595:GSM9270019	author_cell_type	<column seurat_pbmc_type>	column	work/fp-53430067aac0/aifi_converted/GSM9270019_B201-P1_PB05119-001_2024-01-08T18_56_07.606875695Z_labeled.cells.tsv.gz/seurat_pbmc_type			True
GSM9270020	geo:GSE309595:GSM9270020	sex_ontology_term_id	PATO:0000384	derived	sex_map		male	True
GSM9270020	geo:GSE309595:GSM9270020	assay_ontology_term_id	EFO:0030003	derived	ols:efo		10x 3' transcription profiling	True
GSM9270020	geo:GSE309595:GSM9270020	self_reported_ethnicity_ontology_term_id	HANCESTRO:0568	derived	ols:hancestro		African American	True
GSM9270020	geo:GSE309595:GSM9270020	tissue_ontology_term_id	UBERON:0000178	derived	ols:uberon		Blood	True
GSM9270020	geo:GSE309595:GSM9270020	disease_ontology_term_id	MONDO:0009693	derived	ols:mondo		multiple myeloma	True
GSM9270020	geo:GSE309595:GSM9270020	author_cell_type	<column seurat_pbmc_type>	column	work/fp-53430067aac0/aifi_converted/GSM9270020_B227-P1_PB05148-001_2024-09-18T17_31_38.256889485Z_labeled.cells.tsv.gz/seurat_pbmc_type			True
GSM9270021	geo:GSE309595:GSM9270021	sex_ontology_term_id	PATO:0000383	derived	sex_map		female	True
GSM9270021	geo:GSE309595:GSM9270021	assay_ontology_term_id	EFO:0030003	derived	ols:efo		10x 3' transcription profiling	True
GSM9270021	geo:GSE309595:GSM9270021	tissue_ontology_term_id	UBERON:0000178	derived	ols:uberon		Blood	True
GSM9270021	geo:GSE309595:GSM9270021	disease_ontology_term_id	MONDO:0009693	derived	ols:mondo		multiple myeloma	True
GSM9270021	geo:GSE309595:GSM9270021	author_cell_type	<column seurat_pbmc_type>	column	work/fp-53430067aac0/aifi_converted/GSM9270021_B227-P1_PB06420-001_2024-09-18T17_31_38.256889485Z_labeled.cells.tsv.gz/seurat_pbmc_type			True
GSM9270022	geo:GSE309595:GSM9270022	sex_ontology_term_id	PATO:0000384	derived	sex_map		male	True
GSM9270022	geo:GSE309595:GSM9270022	assay_ontology_term_id	EFO:0030003	derived	ols:efo		10x 3' transcription profiling	True
GSM9270022	geo:GSE309595:GSM9270022	tissue_ontology_term_id	UBERON:0000178	derived	ols:uberon		Blood	True
GSM9270022	geo:GSE309595:GSM9270022	disease_ontology_term_id	MONDO:0009693	derived	ols:mondo		multiple myeloma	True
GSM9270022	geo:GSE309595:GSM9270022	author_cell_type	<column seurat_pbmc_type>	column	work/fp-53430067aac0/aifi_converted/GSM9270022_B227-P1_PB06422-001_2024-09-18T17_31_38.256889485Z_labeled.cells.tsv.gz/seurat_pbmc_type			True
GSM9270023	geo:GSE309595:GSM9270023	sex_ontology_term_id	PATO:0000384	derived	sex_map		male	True
GSM9270023	geo:GSE309595:GSM9270023	assay_ontology_term_id	EFO:0030003	derived	ols:efo		10x 3' transcription profiling	True
GSM9270023	geo:GSE309595:GSM9270023	tissue_ontology_term_id	UBERON:0000178	derived	ols:uberon		Blood	True
GSM9270023	geo:GSE309595:GSM9270023	disease_ontology_term_id	MONDO:0009693	derived	ols:mondo		multiple myeloma	True
GSM9270023	geo:GSE309595:GSM9270023	author_cell_type	<column seurat_pbmc_type>	column	work/fp-53430067aac0/aifi_converted/GSM9270023_B227-P1_PB06423-001_2024-09-18T17_31_38.256889485Z_labeled.cells.tsv.gz/seurat_pbmc_type			True
GSM9270024	geo:GSE309595:GSM9270024	sex_ontology_term_id	PATO:0000383	derived	sex_map		female	True
GSM9270024	geo:GSE309595:GSM9270024	assay_ontology_term_id	EFO:0030003	derived	ols:efo		10x 3' transcription profiling	True
GSM9270024	geo:GSE309595:GSM9270024	tissue_ontology_term_id	UBERON:0000178	derived	ols:uberon		Blood	True
GSM9270024	geo:GSE309595:GSM9270024	disease_ontology_term_id	MONDO:0009693	derived	ols:mondo		multiple myeloma	True
GSM9270024	geo:GSE309595:GSM9270024	author_cell_type	<column seurat_pbmc_type>	column	work/fp-53430067aac0/aifi_converted/GSM9270024_B227-P1_PB06424-001_2024-09-18T17_31_38.256889485Z_labeled.cells.tsv.gz/seurat_pbmc_type			True
GSM9270025	geo:GSE309595:GSM9270025	sex_ontology_term_id	PATO:0000383	derived	sex_map		female	True
GSM9270025	geo:GSE309595:GSM9270025	assay_ontology_term_id	EFO:0030003	derived	ols:efo		10x 3' transcription profiling	True
GSM9270025	geo:GSE309595:GSM9270025	tissue_ontology_term_id	UBERON:0000178	derived	ols:uberon		Blood	True
GSM9270025	geo:GSE309595:GSM9270025	disease_ontology_term_id	MONDO:0009693	derived	ols:mondo		multiple myeloma	True
GSM9270025	geo:GSE309595:GSM9270025	author_cell_type	<column seurat_pbmc_type>	column	work/fp-53430067aac0/aifi_converted/GSM9270025_B227-P1_PB06426-001_2024-09-18T17_31_38.256889485Z_labeled.cells.tsv.gz/seurat_pbmc_type			True
GSM9270026	geo:GSE309595:GSM9270026	sex_ontology_term_id	PATO:0000383	derived	sex_map		female	True
GSM9270026	geo:GSE309595:GSM9270026	assay_ontology_term_id	EFO:0030003	derived	ols:efo		10x 3' transcription profiling	True
GSM9270026	geo:GSE309595:GSM9270026	tissue_ontology_term_id	UBERON:0000178	derived	ols:uberon		Blood	True
GSM9270026	geo:GSE309595:GSM9270026	disease_ontology_term_id	MONDO:0009693	derived	ols:mondo		multiple myeloma	True
GSM9270026	geo:GSE309595:GSM9270026	author_cell_type	<column seurat_pbmc_type>	column	work/fp-53430067aac0/aifi_converted/GSM9270026_B227-P1_PB06427-002_2024-09-18T17_31_38.256889485Z_labeled.cells.tsv.gz/seurat_pbmc_type			True
GSM9270027	geo:GSE309595:GSM9270027	sex_ontology_term_id	PATO:0000384	derived	sex_map		male	True
GSM9270027	geo:GSE309595:GSM9270027	assay_ontology_term_id	EFO:0030003	derived	ols:efo		10x 3' transcription profiling	True
GSM9270027	geo:GSE309595:GSM9270027	tissue_ontology_term_id	UBERON:0000178	derived	ols:uberon		Blood	True
GSM9270027	geo:GSE309595:GSM9270027	disease_ontology_term_id	MONDO:0009693	derived	ols:mondo		multiple myeloma	True
GSM9270027	geo:GSE309595:GSM9270027	author_cell_type	<column seurat_pbmc_type>	column	work/fp-53430067aac0/aifi_converted/GSM9270027_B227-P2_PB06430-001_2024-09-24T17_19_01.73221424Z_labeled.cells.tsv.gz/seurat_pbmc_type			True
GSM9270028	geo:GSE309595:GSM9270028	sex_ontology_term_id	PATO:0000384	derived	sex_map		male	True
GSM9270028	geo:GSE309595:GSM9270028	assay_ontology_term_id	EFO:0030003	derived	ols:efo		10x 3' transcription profiling	True
GSM9270028	geo:GSE309595:GSM9270028	tissue_ontology_term_id	UBERON:0000178	derived	ols:uberon		Blood	True
GSM9270028	geo:GSE309595:GSM9270028	disease_ontology_term_id	MONDO:0009693	derived	ols:mondo		multiple myeloma	True
GSM9270028	geo:GSE309595:GSM9270028	author_cell_type	<column seurat_pbmc_type>	column	work/fp-53430067aac0/aifi_converted/GSM9270028_B205-P2_PB06435-001_2024-03-14T17_58_19.835067654Z_labeled.cells.tsv.gz/seurat_pbmc_type			True
GSM9270029	geo:GSE309595:GSM9270029	sex_ontology_term_id	PATO:0000384	derived	sex_map		male	True
GSM9270029	geo:GSE309595:GSM9270029	assay_ontology_term_id	EFO:0030003	derived	ols:efo		10x 3' transcription profiling	True
GSM9270029	geo:GSE309595:GSM9270029	tissue_ontology_term_id	UBERON:0000178	derived	ols:uberon		Blood	True
GSM9270029	geo:GSE309595:GSM9270029	disease_ontology_term_id	MONDO:0009693	derived	ols:mondo		multiple myeloma	True
GSM9270029	geo:GSE309595:GSM9270029	author_cell_type	<column seurat_pbmc_type>	column	work/fp-53430067aac0/aifi_converted/GSM9270029_B227-P2_PB06445-001_2024-09-24T17_19_01.73221424Z_labeled.cells.tsv.gz/seurat_pbmc_type			True
GSM9270030	geo:GSE309595:GSM9270030	sex_ontology_term_id	PATO:0000384	derived	sex_map		male	True
GSM9270030	geo:GSE309595:GSM9270030	assay_ontology_term_id	EFO:0030003	derived	ols:efo		10x 3' transcription profiling	True
GSM9270030	geo:GSE309595:GSM9270030	tissue_ontology_term_id	UBERON:0000178	derived	ols:uberon		Blood	True
GSM9270030	geo:GSE309595:GSM9270030	disease_ontology_term_id	MONDO:0009693	derived	ols:mondo		multiple myeloma	True
GSM9270030	geo:GSE309595:GSM9270030	author_cell_type	<column seurat_pbmc_type>	column	work/fp-53430067aac0/aifi_converted/GSM9270030_B017-P1_PB00134-01_2021-06-15T23_04_55.760038239Z_labeled.cells.tsv.gz/seurat_pbmc_type			True
GSM9270031	geo:GSE309595:GSM9270031	sex_ontology_term_id	PATO:0000384	derived	sex_map		male	True
GSM9270031	geo:GSE309595:GSM9270031	assay_ontology_term_id	EFO:0030003	derived	ols:efo		10x 3' transcription profiling	True
GSM9270031	geo:GSE309595:GSM9270031	tissue_ontology_term_id	UBERON:0000178	derived	ols:uberon		Blood	True
GSM9270031	geo:GSE309595:GSM9270031	disease_ontology_term_id	MONDO:0009693	derived	ols:mondo		multiple myeloma	True
GSM9270031	geo:GSE309595:GSM9270031	author_cell_type	<column seurat_pbmc_type>	column	work/fp-53430067aac0/aifi_converted/GSM9270031_B017-P1_PB00136-01_2021-06-15T23_04_55.760038239Z_labeled.cells.tsv.gz/seurat_pbmc_type			True
GSM9270032	geo:GSE309595:GSM9270032	sex_ontology_term_id	PATO:0000384	derived	sex_map		male	True
GSM9270032	geo:GSE309595:GSM9270032	assay_ontology_term_id	EFO:0030003	derived	ols:efo		10x 3' transcription profiling	True
GSM9270032	geo:GSE309595:GSM9270032	tissue_ontology_term_id	UBERON:0000178	derived	ols:uberon		Blood	True
GSM9270032	geo:GSE309595:GSM9270032	disease_ontology_term_id	MONDO:0009693	derived	ols:mondo		multiple myeloma	True
GSM9270032	geo:GSE309595:GSM9270032	author_cell_type	<column seurat_pbmc_type>	column	work/fp-53430067aac0/aifi_converted/GSM9270032_B017-P1_PB00137-01_2021-06-15T23_04_55.760038239Z_labeled.cells.tsv.gz/seurat_pbmc_type			True
GSM9270033	geo:GSE309595:GSM9270033	sex_ontology_term_id	PATO:0000384	derived	sex_map		male	True
GSM9270033	geo:GSE309595:GSM9270033	assay_ontology_term_id	EFO:0030003	derived	ols:efo		10x 3' transcription profiling	True
GSM9270033	geo:GSE309595:GSM9270033	tissue_ontology_term_id	UBERON:0000178	derived	ols:uberon		Blood	True
GSM9270033	geo:GSE309595:GSM9270033	disease_ontology_term_id	MONDO:0009693	derived	ols:mondo		multiple myeloma	True
GSM9270033	geo:GSE309595:GSM9270033	author_cell_type	<column seurat_pbmc_type>	column	work/fp-53430067aac0/aifi_converted/GSM9270033_B017-P1_PB00138-01_2021-06-15T23_04_55.760038239Z_labeled.cells.tsv.gz/seurat_pbmc_type			True
GSM9270034	geo:GSE309595:GSM9270034	sex_ontology_term_id	PATO:0000383	derived	sex_map		female	True
GSM9270034	geo:GSE309595:GSM9270034	assay_ontology_term_id	EFO:0030003	derived	ols:efo		10x 3' transcription profiling	True
GSM9270034	geo:GSE309595:GSM9270034	tissue_ontology_term_id	UBERON:0000178	derived	ols:uberon		Blood	True
GSM9270034	geo:GSE309595:GSM9270034	disease_ontology_term_id	MONDO:0009693	derived	ols:mondo		multiple myeloma	True
GSM9270034	geo:GSE309595:GSM9270034	author_cell_type	<column seurat_pbmc_type>	column	work/fp-53430067aac0/aifi_converted/GSM9270034_B043-P2_PB00139-01_2021-01-28T01_05_29.483567255Z_labeled.cells.tsv.gz/seurat_pbmc_type			True
GSM9270035	geo:GSE309595:GSM9270035	sex_ontology_term_id	PATO:0000384	derived	sex_map		male	True
GSM9270035	geo:GSE309595:GSM9270035	assay_ontology_term_id	EFO:0030003	derived	ols:efo		10x 3' transcription profiling	True
GSM9270035	geo:GSE309595:GSM9270035	tissue_ontology_term_id	UBERON:0000178	derived	ols:uberon		Blood	True
GSM9270035	geo:GSE309595:GSM9270035	disease_ontology_term_id	MONDO:0009693	derived	ols:mondo		multiple myeloma	True
GSM9270035	geo:GSE309595:GSM9270035	author_cell_type	<column seurat_pbmc_type>	column	work/fp-53430067aac0/aifi_converted/GSM9270035_B043-P2_PB00235-01_2021-01-28T01_05_29.483567255Z_labeled.cells.tsv.gz/seurat_pbmc_type			True
GSM9270036	geo:GSE309595:GSM9270036	sex_ontology_term_id	PATO:0000383	derived	sex_map		female	True
GSM9270036	geo:GSE309595:GSM9270036	assay_ontology_term_id	EFO:0030003	derived	ols:efo		10x 3' transcription profiling	True
GSM9270036	geo:GSE309595:GSM9270036	tissue_ontology_term_id	UBERON:0000178	derived	ols:uberon		Blood	True
GSM9270036	geo:GSE309595:GSM9270036	disease_ontology_term_id	MONDO:0009693	derived	ols:mondo		multiple myeloma	True
GSM9270036	geo:GSE309595:GSM9270036	author_cell_type	<column seurat_pbmc_type>	column	work/fp-53430067aac0/aifi_converted/GSM9270036_B043-P2_PB00240-01_2021-01-28T01_05_29.483567255Z_labeled.cells.tsv.gz/seurat_pbmc_type			True
GSM9270037	geo:GSE309595:GSM9270037	sex_ontology_term_id	PATO:0000383	derived	sex_map		female	True
GSM9270037	geo:GSE309595:GSM9270037	assay_ontology_term_id	EFO:0030003	derived	ols:efo		10x 3' transcription profiling	True
GSM9270037	geo:GSE309595:GSM9270037	tissue_ontology_term_id	UBERON:0000178	derived	ols:uberon		Blood	True
GSM9270037	geo:GSE309595:GSM9270037	disease_ontology_term_id	MONDO:0009693	derived	ols:mondo		multiple myeloma	True
GSM9270037	geo:GSE309595:GSM9270037	author_cell_type	<column seurat_pbmc_type>	column	work/fp-53430067aac0/aifi_converted/GSM9270037_B043-P2_PB00241-01_2021-01-28T01_05_29.483567255Z_labeled.cells.tsv.gz/seurat_pbmc_type			True
GSM9270038	geo:GSE309595:GSM9270038	sex_ontology_term_id	PATO:0000383	derived	sex_map		female	True
GSM9270038	geo:GSE309595:GSM9270038	assay_ontology_term_id	EFO:0030003	derived	ols:efo		10x 3' transcription profiling	True
GSM9270038	geo:GSE309595:GSM9270038	tissue_ontology_term_id	UBERON:0000178	derived	ols:uberon		Blood	True
GSM9270038	geo:GSE309595:GSM9270038	disease_ontology_term_id	MONDO:0009693	derived	ols:mondo		multiple myeloma	True
GSM9270038	geo:GSE309595:GSM9270038	author_cell_type	<column seurat_pbmc_type>	column	work/fp-53430067aac0/aifi_converted/GSM9270038_B095-P2_PB00244-01_2021-11-25T03_04_54.542561181Z_labeled.cells.tsv.gz/seurat_pbmc_type			True
GSM9270039	geo:GSE309595:GSM9270039	sex_ontology_term_id	PATO:0000383	derived	sex_map		female	True
GSM9270039	geo:GSE309595:GSM9270039	assay_ontology_term_id	EFO:0030003	derived	ols:efo		10x 3' transcription profiling	True
GSM9270039	geo:GSE309595:GSM9270039	tissue_ontology_term_id	UBERON:0000178	derived	ols:uberon		Blood	True
GSM9270039	geo:GSE309595:GSM9270039	disease_ontology_term_id	MONDO:0009693	derived	ols:mondo		multiple myeloma	True
GSM9270039	geo:GSE309595:GSM9270039	author_cell_type	<column seurat_pbmc_type>	column	work/fp-53430067aac0/aifi_converted/GSM9270039_B071-P1_PB00246-01_2021-06-11T05_29_20.313239902Z_labeled.cells.tsv.gz/seurat_pbmc_type			True
GSM9270040	geo:GSE309595:GSM9270040	sex_ontology_term_id	PATO:0000383	derived	sex_map		female	True
GSM9270040	geo:GSE309595:GSM9270040	assay_ontology_term_id	EFO:0030003	derived	ols:efo		10x 3' transcription profiling	True
GSM9270040	geo:GSE309595:GSM9270040	tissue_ontology_term_id	UBERON:0000178	derived	ols:uberon		Blood	True
GSM9270040	geo:GSE309595:GSM9270040	disease_ontology_term_id	MONDO:0009693	derived	ols:mondo		multiple myeloma	True
GSM9270040	geo:GSE309595:GSM9270040	author_cell_type	<column seurat_pbmc_type>	column	work/fp-53430067aac0/aifi_converted/GSM9270040_B064-P1_PB00250-01_2021-06-13T18_07_41.688427174Z_labeled.cells.tsv.gz/seurat_pbmc_type			True
GSM9270041	geo:GSE309595:GSM9270041	sex_ontology_term_id	PATO:0000384	derived	sex_map		male	True
GSM9270041	geo:GSE309595:GSM9270041	assay_ontology_term_id	EFO:0030003	derived	ols:efo		10x 3' transcription profiling	True
GSM9270041	geo:GSE309595:GSM9270041	tissue_ontology_term_id	UBERON:0000178	derived	ols:uberon		Blood	True
GSM9270041	geo:GSE309595:GSM9270041	disease_ontology_term_id	MONDO:0009693	derived	ols:mondo		multiple myeloma	True
GSM9270041	geo:GSE309595:GSM9270041	author_cell_type	<column seurat_pbmc_type>	column	work/fp-53430067aac0/aifi_converted/GSM9270041_B196-P1_PB01316-03_2023-12-11T22_20_10.692390023Z_labeled.cells.tsv.gz/seurat_pbmc_type			True
GSM9270042	geo:GSE309595:GSM9270042	sex_ontology_term_id	PATO:0000384	derived	sex_map		male	True
GSM9270042	geo:GSE309595:GSM9270042	assay_ontology_term_id	EFO:0030003	derived	ols:efo		10x 3' transcription profiling	True
GSM9270042	geo:GSE309595:GSM9270042	tissue_ontology_term_id	UBERON:0000178	derived	ols:uberon		Blood	True
GSM9270042	geo:GSE309595:GSM9270042	disease_ontology_term_id	MONDO:0009693	derived	ols:mondo		multiple myeloma	True
GSM9270042	geo:GSE309595:GSM9270042	author_cell_type	<column seurat_pbmc_type>	column	work/fp-53430067aac0/aifi_converted/GSM9270042_B095-P2_PB01316-01_2021-11-25T03_04_54.542561181Z_labeled.cells.tsv.gz/seurat_pbmc_type			True
GSM9270043	geo:GSE309595:GSM9270043	sex_ontology_term_id	PATO:0000383	derived	sex_map		female	True
GSM9270043	geo:GSE309595:GSM9270043	assay_ontology_term_id	EFO:0030003	derived	ols:efo		10x 3' transcription profiling	True
GSM9270043	geo:GSE309595:GSM9270043	tissue_ontology_term_id	UBERON:0000178	derived	ols:uberon		Blood	True
GSM9270043	geo:GSE309595:GSM9270043	disease_ontology_term_id	MONDO:0009693	derived	ols:mondo		multiple myeloma	True
GSM9270043	geo:GSE309595:GSM9270043	author_cell_type	<column seurat_pbmc_type>	column	work/fp-53430067aac0/aifi_converted/GSM9270043_B095-P2_PB01317-02_2021-11-25T03_04_54.542561181Z_labeled.cells.tsv.gz/seurat_pbmc_type			True
GSM9270044	geo:GSE309595:GSM9270044	sex_ontology_term_id	PATO:0000384	derived	sex_map		male	True
GSM9270044	geo:GSE309595:GSM9270044	assay_ontology_term_id	EFO:0030003	derived	ols:efo		10x 3' transcription profiling	True
GSM9270044	geo:GSE309595:GSM9270044	tissue_ontology_term_id	UBERON:0000178	derived	ols:uberon		Blood	True
GSM9270044	geo:GSE309595:GSM9270044	disease_ontology_term_id	MONDO:0009693	derived	ols:mondo		multiple myeloma	True
GSM9270044	geo:GSE309595:GSM9270044	author_cell_type	<column seurat_pbmc_type>	column	work/fp-53430067aac0/aifi_converted/GSM9270044_B064-P1_PB01318-01_2021-06-13T18_07_41.688427174Z_labeled.cells.tsv.gz/seurat_pbmc_type			True
GSM9270045	geo:GSE309595:GSM9270045	sex_ontology_term_id	PATO:0000384	derived	sex_map		male	True
GSM9270045	geo:GSE309595:GSM9270045	assay_ontology_term_id	EFO:0030003	derived	ols:efo		10x 3' transcription profiling	True
GSM9270045	geo:GSE309595:GSM9270045	tissue_ontology_term_id	UBERON:0000178	derived	ols:uberon		Blood	True
GSM9270045	geo:GSE309595:GSM9270045	disease_ontology_term_id	MONDO:0009693	derived	ols:mondo		multiple myeloma	True
GSM9270045	geo:GSE309595:GSM9270045	author_cell_type	<column seurat_pbmc_type>	column	work/fp-53430067aac0/aifi_converted/GSM9270045_B196-P1_PB01318-03_2023-12-11T22_20_10.692390023Z_labeled.cells.tsv.gz/seurat_pbmc_type			True
GSM9270046	geo:GSE309595:GSM9270046	sex_ontology_term_id	PATO:0000383	derived	sex_map		female	True
GSM9270046	geo:GSE309595:GSM9270046	assay_ontology_term_id	EFO:0030003	derived	ols:efo		10x 3' transcription profiling	True
GSM9270046	geo:GSE309595:GSM9270046	tissue_ontology_term_id	UBERON:0000178	derived	ols:uberon		Blood	True
GSM9270046	geo:GSE309595:GSM9270046	disease_ontology_term_id	MONDO:0009693	derived	ols:mondo		multiple myeloma	True
GSM9270046	geo:GSE309595:GSM9270046	author_cell_type	<column seurat_pbmc_type>	column	work/fp-53430067aac0/aifi_converted/GSM9270046_B064-P1_PB01319-01_2021-06-13T18_07_41.688427174Z_labeled.cells.tsv.gz/seurat_pbmc_type			True
GSM9270047	geo:GSE309595:GSM9270047	sex_ontology_term_id	PATO:0000383	derived	sex_map		female	True
GSM9270047	geo:GSE309595:GSM9270047	assay_ontology_term_id	EFO:0030003	derived	ols:efo		10x 3' transcription profiling	True
GSM9270047	geo:GSE309595:GSM9270047	tissue_ontology_term_id	UBERON:0000178	derived	ols:uberon		Blood	True
GSM9270047	geo:GSE309595:GSM9270047	disease_ontology_term_id	MONDO:0009693	derived	ols:mondo		multiple myeloma	True
GSM9270047	geo:GSE309595:GSM9270047	author_cell_type	<column seurat_pbmc_type>	column	work/fp-53430067aac0/aifi_converted/GSM9270047_B064-P1_PB01321-01_2021-06-13T18_07_41.688427174Z_labeled.cells.tsv.gz/seurat_pbmc_type			True
GSM9270048	geo:GSE309595:GSM9270048	sex_ontology_term_id	PATO:0000384	derived	sex_map		male	True
GSM9270048	geo:GSE309595:GSM9270048	assay_ontology_term_id	EFO:0030003	derived	ols:efo		10x 3' transcription profiling	True
GSM9270048	geo:GSE309595:GSM9270048	tissue_ontology_term_id	UBERON:0000178	derived	ols:uberon		Blood	True
GSM9270048	geo:GSE309595:GSM9270048	disease_ontology_term_id	MONDO:0009693	derived	ols:mondo		multiple myeloma	True
GSM9270048	geo:GSE309595:GSM9270048	author_cell_type	<column seurat_pbmc_type>	column	work/fp-53430067aac0/aifi_converted/GSM9270048_B064-P1_PB01323-01_2021-06-13T18_07_41.688427174Z_labeled.cells.tsv.gz/seurat_pbmc_type			True
GSM9270049	geo:GSE309595:GSM9270049	sex_ontology_term_id	PATO:0000384	derived	sex_map		male	True
GSM9270049	geo:GSE309595:GSM9270049	assay_ontology_term_id	EFO:0030003	derived	ols:efo		10x 3' transcription profiling	True
GSM9270049	geo:GSE309595:GSM9270049	tissue_ontology_term_id	UBERON:0000178	derived	ols:uberon		Blood	True
GSM9270049	geo:GSE309595:GSM9270049	disease_ontology_term_id	MONDO:0009693	derived	ols:mondo		multiple myeloma	True
GSM9270049	geo:GSE309595:GSM9270049	author_cell_type	<column seurat_pbmc_type>	column	work/fp-53430067aac0/aifi_converted/GSM9270049_B064-P1_PB01324-01_2021-06-13T18_07_41.688427174Z_labeled.cells.tsv.gz/seurat_pbmc_type			True
GSM9270050	geo:GSE309595:GSM9270050	sex_ontology_term_id	PATO:0000383	derived	sex_map		female	True
GSM9270050	geo:GSE309595:GSM9270050	assay_ontology_term_id	EFO:0030003	derived	ols:efo		10x 3' transcription profiling	True
GSM9270050	geo:GSE309595:GSM9270050	tissue_ontology_term_id	UBERON:0000178	derived	ols:uberon		Blood	True
GSM9270050	geo:GSE309595:GSM9270050	disease_ontology_term_id	MONDO:0009693	derived	ols:mondo		multiple myeloma	True
GSM9270050	geo:GSE309595:GSM9270050	author_cell_type	<column seurat_pbmc_type>	column	work/fp-53430067aac0/aifi_converted/GSM9270050_B071-P1_PB01325-01_2021-06-11T05_29_20.313239902Z_labeled.cells.tsv.gz/seurat_pbmc_type			True
GSM9270051	geo:GSE309595:GSM9270051	sex_ontology_term_id	PATO:0000384	derived	sex_map		male	True
GSM9270051	geo:GSE309595:GSM9270051	assay_ontology_term_id	EFO:0030003	derived	ols:efo		10x 3' transcription profiling	True
GSM9270051	geo:GSE309595:GSM9270051	tissue_ontology_term_id	UBERON:0000178	derived	ols:uberon		Blood	True
GSM9270051	geo:GSE309595:GSM9270051	disease_ontology_term_id	MONDO:0009693	derived	ols:mondo		multiple myeloma	True
GSM9270051	geo:GSE309595:GSM9270051	author_cell_type	<column seurat_pbmc_type>	column	work/fp-53430067aac0/aifi_converted/GSM9270051_B064-P1_PB01326-01_2021-06-13T18_07_41.688427174Z_labeled.cells.tsv.gz/seurat_pbmc_type			True
GSM9270052	geo:GSE309595:GSM9270052	sex_ontology_term_id	PATO:0000384	derived	sex_map		male	True
GSM9270052	geo:GSE309595:GSM9270052	assay_ontology_term_id	EFO:0030003	derived	ols:efo		10x 3' transcription profiling	True
GSM9270052	geo:GSE309595:GSM9270052	tissue_ontology_term_id	UBERON:0000178	derived	ols:uberon		Blood	True
GSM9270052	geo:GSE309595:GSM9270052	disease_ontology_term_id	MONDO:0009693	derived	ols:mondo		multiple myeloma	True
GSM9270052	geo:GSE309595:GSM9270052	author_cell_type	<column seurat_pbmc_type>	column	work/fp-53430067aac0/aifi_converted/GSM9270052_B064-P1_PB01327-01_2021-06-13T18_07_41.688427174Z_labeled.cells.tsv.gz/seurat_pbmc_type			True
GSM9270053	geo:GSE309595:GSM9270053	sex_ontology_term_id	PATO:0000384	derived	sex_map		male	True
GSM9270053	geo:GSE309595:GSM9270053	assay_ontology_term_id	EFO:0030003	derived	ols:efo		10x 3' transcription profiling	True
GSM9270053	geo:GSE309595:GSM9270053	tissue_ontology_term_id	UBERON:0000178	derived	ols:uberon		Blood	True
GSM9270053	geo:GSE309595:GSM9270053	disease_ontology_term_id	MONDO:0009693	derived	ols:mondo		multiple myeloma	True
GSM9270053	geo:GSE309595:GSM9270053	author_cell_type	<column seurat_pbmc_type>	column	work/fp-53430067aac0/aifi_converted/GSM9270053_B095-P2_PB01331-01_2021-11-25T03_04_54.542561181Z_labeled.cells.tsv.gz/seurat_pbmc_type			True
GSM9270054	geo:GSE309595:GSM9270054	sex_ontology_term_id	PATO:0000384	derived	sex_map		male	True
GSM9270054	geo:GSE309595:GSM9270054	assay_ontology_term_id	EFO:0030003	derived	ols:efo		10x 3' transcription profiling	True
GSM9270054	geo:GSE309595:GSM9270054	tissue_ontology_term_id	UBERON:0000178	derived	ols:uberon		Blood	True
GSM9270054	geo:GSE309595:GSM9270054	disease_ontology_term_id	MONDO:0009693	derived	ols:mondo		multiple myeloma	True
GSM9270054	geo:GSE309595:GSM9270054	author_cell_type	<column seurat_pbmc_type>	column	work/fp-53430067aac0/aifi_converted/GSM9270054_B095-P2_PB01334-01_2021-11-25T03_04_54.542561181Z_labeled.cells.tsv.gz/seurat_pbmc_type			True
GSM9270055	geo:GSE309595:GSM9270055	sex_ontology_term_id	PATO:0000383	derived	sex_map		female	True
GSM9270055	geo:GSE309595:GSM9270055	assay_ontology_term_id	EFO:0030003	derived	ols:efo		10x 3' transcription profiling	True
GSM9270055	geo:GSE309595:GSM9270055	tissue_ontology_term_id	UBERON:0000178	derived	ols:uberon		Blood	True
GSM9270055	geo:GSE309595:GSM9270055	disease_ontology_term_id	MONDO:0009693	derived	ols:mondo		multiple myeloma	True
GSM9270055	geo:GSE309595:GSM9270055	author_cell_type	<column seurat_pbmc_type>	column	work/fp-53430067aac0/aifi_converted/GSM9270055_B071-P1_PB01335-01_2021-06-11T05_29_20.313239902Z_labeled.cells.tsv.gz/seurat_pbmc_type			True
GSM9270056	geo:GSE309595:GSM9270056	sex_ontology_term_id	PATO:0000384	derived	sex_map		male	True
GSM9270056	geo:GSE309595:GSM9270056	assay_ontology_term_id	EFO:0030003	derived	ols:efo		10x 3' transcription profiling	True
GSM9270056	geo:GSE309595:GSM9270056	tissue_ontology_term_id	UBERON:0000178	derived	ols:uberon		Blood	True
GSM9270056	geo:GSE309595:GSM9270056	disease_ontology_term_id	MONDO:0009693	derived	ols:mondo		multiple myeloma	True
GSM9270056	geo:GSE309595:GSM9270056	author_cell_type	<column seurat_pbmc_type>	column	work/fp-53430067aac0/aifi_converted/GSM9270056_B071-P1_PB01337-01_2021-06-11T05_29_20.313239902Z_labeled.cells.tsv.gz/seurat_pbmc_type			True
GSM9270057	geo:GSE309595:GSM9270057	sex_ontology_term_id	PATO:0000384	derived	sex_map		male	True
GSM9270057	geo:GSE309595:GSM9270057	assay_ontology_term_id	EFO:0030003	derived	ols:efo		10x 3' transcription profiling	True
GSM9270057	geo:GSE309595:GSM9270057	tissue_ontology_term_id	UBERON:0000178	derived	ols:uberon		Blood	True
GSM9270057	geo:GSE309595:GSM9270057	disease_ontology_term_id	MONDO:0009693	derived	ols:mondo		multiple myeloma	True
GSM9270057	geo:GSE309595:GSM9270057	author_cell_type	<column seurat_pbmc_type>	column	work/fp-53430067aac0/aifi_converted/GSM9270057_B095-P1_PB01339-01_2021-11-25T03_04_27.818763587Z_labeled.cells.tsv.gz/seurat_pbmc_type			True
GSM9270058	geo:GSE309595:GSM9270058	sex_ontology_term_id	PATO:0000384	derived	sex_map		male	True
GSM9270058	geo:GSE309595:GSM9270058	assay_ontology_term_id	EFO:0030003	derived	ols:efo		10x 3' transcription profiling	True
GSM9270058	geo:GSE309595:GSM9270058	tissue_ontology_term_id	UBERON:0000178	derived	ols:uberon		Blood	True
GSM9270058	geo:GSE309595:GSM9270058	disease_ontology_term_id	MONDO:0009693	derived	ols:mondo		multiple myeloma	True
GSM9270058	geo:GSE309595:GSM9270058	author_cell_type	<column seurat_pbmc_type>	column	work/fp-53430067aac0/aifi_converted/GSM9270058_B095-P1_PB01348-01_2021-11-25T03_04_27.818763587Z_labeled.cells.tsv.gz/seurat_pbmc_type			True
GSM9270059	geo:GSE309595:GSM9270059	sex_ontology_term_id	PATO:0000384	derived	sex_map		male	True
GSM9270059	geo:GSE309595:GSM9270059	assay_ontology_term_id	EFO:0030003	derived	ols:efo		10x 3' transcription profiling	True
GSM9270059	geo:GSE309595:GSM9270059	tissue_ontology_term_id	UBERON:0000178	derived	ols:uberon		Blood	True
GSM9270059	geo:GSE309595:GSM9270059	disease_ontology_term_id	MONDO:0009693	derived	ols:mondo		multiple myeloma	True
GSM9270059	geo:GSE309595:GSM9270059	author_cell_type	<column seurat_pbmc_type>	column	work/fp-53430067aac0/aifi_converted/GSM9270059_B095-P1_PB01350-01_2021-11-25T03_04_27.818763587Z_labeled.cells.tsv.gz/seurat_pbmc_type			True
GSM9270060	geo:GSE309595:GSM9270060	sex_ontology_term_id	PATO:0000383	derived	sex_map		female	True
GSM9270060	geo:GSE309595:GSM9270060	assay_ontology_term_id	EFO:0030003	derived	ols:efo		10x 3' transcription profiling	True
GSM9270060	geo:GSE309595:GSM9270060	tissue_ontology_term_id	UBERON:0000178	derived	ols:uberon		Blood	True
GSM9270060	geo:GSE309595:GSM9270060	disease_ontology_term_id	MONDO:0009693	derived	ols:mondo		multiple myeloma	True
GSM9270060	geo:GSE309595:GSM9270060	author_cell_type	<column seurat_pbmc_type>	column	work/fp-53430067aac0/aifi_converted/GSM9270060_B125-P2_PB01351-01_2022-08-15T23_46_43.839377545Z_labeled.cells.tsv.gz/seurat_pbmc_type			True
GSM9270061	geo:GSE309595:GSM9270061	sex_ontology_term_id	PATO:0000384	derived	sex_map		male	True
GSM9270061	geo:GSE309595:GSM9270061	assay_ontology_term_id	EFO:0030003	derived	ols:efo		10x 3' transcription profiling	True
GSM9270061	geo:GSE309595:GSM9270061	tissue_ontology_term_id	UBERON:0000178	derived	ols:uberon		Blood	True
GSM9270061	geo:GSE309595:GSM9270061	disease_ontology_term_id	MONDO:0009693	derived	ols:mondo		multiple myeloma	True
GSM9270061	geo:GSE309595:GSM9270061	author_cell_type	<column seurat_pbmc_type>	column	work/fp-53430067aac0/aifi_converted/GSM9270061_B125-P2_PB01356-01_2022-08-15T23_46_43.839377545Z_labeled.cells.tsv.gz/seurat_pbmc_type			True
GSM9270062	geo:GSE309595:GSM9270062	sex_ontology_term_id	PATO:0000384	derived	sex_map		male	True
GSM9270062	geo:GSE309595:GSM9270062	assay_ontology_term_id	EFO:0030003	derived	ols:efo		10x 3' transcription profiling	True
GSM9270062	geo:GSE309595:GSM9270062	tissue_ontology_term_id	UBERON:0000178	derived	ols:uberon		Blood	True
GSM9270062	geo:GSE309595:GSM9270062	disease_ontology_term_id	MONDO:0009693	derived	ols:mondo		multiple myeloma	True
GSM9270062	geo:GSE309595:GSM9270062	author_cell_type	<column seurat_pbmc_type>	column	work/fp-53430067aac0/aifi_converted/GSM9270062_B095-P1_PB01358-01_2021-11-25T03_04_27.818763587Z_labeled.cells.tsv.gz/seurat_pbmc_type			True
GSM9270063	geo:GSE309595:GSM9270063	sex_ontology_term_id	PATO:0000384	derived	sex_map		male	True
GSM9270063	geo:GSE309595:GSM9270063	assay_ontology_term_id	EFO:0030003	derived	ols:efo		10x 3' transcription profiling	True
GSM9270063	geo:GSE309595:GSM9270063	tissue_ontology_term_id	UBERON:0000178	derived	ols:uberon		Blood	True
GSM9270063	geo:GSE309595:GSM9270063	disease_ontology_term_id	MONDO:0009693	derived	ols:mondo		multiple myeloma	True
GSM9270063	geo:GSE309595:GSM9270063	author_cell_type	<column seurat_pbmc_type>	column	work/fp-53430067aac0/aifi_converted/GSM9270063_B095-P1_PB01360-01_2021-11-25T03_04_27.818763587Z_labeled.cells.tsv.gz/seurat_pbmc_type			True
GSM9270064	geo:GSE309595:GSM9270064	sex_ontology_term_id	PATO:0000383	derived	sex_map		female	True
GSM9270064	geo:GSE309595:GSM9270064	assay_ontology_term_id	EFO:0030003	derived	ols:efo		10x 3' transcription profiling	True
GSM9270064	geo:GSE309595:GSM9270064	tissue_ontology_term_id	UBERON:0000178	derived	ols:uberon		Blood	True
GSM9270064	geo:GSE309595:GSM9270064	disease_ontology_term_id	MONDO:0009693	derived	ols:mondo		multiple myeloma	True
GSM9270064	geo:GSE309595:GSM9270064	author_cell_type	<column seurat_pbmc_type>	column	work/fp-53430067aac0/aifi_converted/GSM9270064_B125-P2_PB02047-01_2022-08-15T23_46_43.839377545Z_labeled.cells.tsv.gz/seurat_pbmc_type			True
GSM9270065	geo:GSE309595:GSM9270065	sex_ontology_term_id	PATO:0000383	derived	sex_map		female	True
GSM9270065	geo:GSE309595:GSM9270065	assay_ontology_term_id	EFO:0030003	derived	ols:efo		10x 3' transcription profiling	True
GSM9270065	geo:GSE309595:GSM9270065	tissue_ontology_term_id	UBERON:0000178	derived	ols:uberon		Blood	True
GSM9270065	geo:GSE309595:GSM9270065	disease_ontology_term_id	MONDO:0009693	derived	ols:mondo		multiple myeloma	True
GSM9270065	geo:GSE309595:GSM9270065	author_cell_type	<column seurat_pbmc_type>	column	work/fp-53430067aac0/aifi_converted/GSM9270065_B204-P1_PB02049-01_2024-03-20T00_34_45.589875783Z_labeled.cells.tsv.gz/seurat_pbmc_type			True
GSM9270066	geo:GSE309595:GSM9270066	sex_ontology_term_id	PATO:0000383	derived	sex_map		female	True
GSM9270066	geo:GSE309595:GSM9270066	assay_ontology_term_id	EFO:0030003	derived	ols:efo		10x 3' transcription profiling	True
GSM9270066	geo:GSE309595:GSM9270066	tissue_ontology_term_id	UBERON:0000178	derived	ols:uberon		Blood	True
GSM9270066	geo:GSE309595:GSM9270066	disease_ontology_term_id	MONDO:0009693	derived	ols:mondo		multiple myeloma	True
GSM9270066	geo:GSE309595:GSM9270066	author_cell_type	<column seurat_pbmc_type>	column	work/fp-53430067aac0/aifi_converted/GSM9270066_B145-P2_PB02051-01_2023-02-11T00_49_32.117536882Z_labeled.cells.tsv.gz/seurat_pbmc_type			True
GSM9270070	geo:GSE309595:GSM9270070	sex_ontology_term_id	PATO:0000384	derived	sex_map		male	True
GSM9270070	geo:GSE309595:GSM9270070	assay_ontology_term_id	EFO:0030003	derived	ols:efo		10x 3' transcription profiling	True
GSM9270070	geo:GSE309595:GSM9270070	tissue_ontology_term_id	UBERON:0000178	derived	ols:uberon		Blood	True
GSM9270070	geo:GSE309595:GSM9270070	disease_ontology_term_id	MONDO:0009693	derived	ols:mondo		multiple myeloma	True
GSM9270070	geo:GSE309595:GSM9270070	author_cell_type	<column seurat_pbmc_type>	column	work/fp-53430067aac0/aifi_converted/GSM9270070_B125-P2_PB02052-01_2022-08-15T23_46_43.839377545Z_labeled.cells.tsv.gz/seurat_pbmc_type			True
GSM9270071	geo:GSE309595:GSM9270071	sex_ontology_term_id	PATO:0000384	derived	sex_map		male	True
GSM9270071	geo:GSE309595:GSM9270071	assay_ontology_term_id	EFO:0030003	derived	ols:efo		10x 3' transcription profiling	True
GSM9270071	geo:GSE309595:GSM9270071	tissue_ontology_term_id	UBERON:0000178	derived	ols:uberon		Blood	True
GSM9270071	geo:GSE309595:GSM9270071	disease_ontology_term_id	MONDO:0009693	derived	ols:mondo		multiple myeloma	True
GSM9270071	geo:GSE309595:GSM9270071	author_cell_type	<column seurat_pbmc_type>	column	work/fp-53430067aac0/aifi_converted/GSM9270071_B196-P1_PB02053-01_2023-12-11T22_20_10.692390023Z_labeled.cells.tsv.gz/seurat_pbmc_type			True
GSM9270072	geo:GSE309595:GSM9270072	sex_ontology_term_id	PATO:0000383	derived	sex_map		female	True
GSM9270072	geo:GSE309595:GSM9270072	assay_ontology_term_id	EFO:0030003	derived	ols:efo		10x 3' transcription profiling	True
GSM9270072	geo:GSE309595:GSM9270072	tissue_ontology_term_id	UBERON:0000178	derived	ols:uberon		Blood	True
GSM9270072	geo:GSE309595:GSM9270072	disease_ontology_term_id	MONDO:0009693	derived	ols:mondo		multiple myeloma	True
GSM9270072	geo:GSE309595:GSM9270072	author_cell_type	<column seurat_pbmc_type>	column	work/fp-53430067aac0/aifi_converted/GSM9270072_B145-P2_PB02054-01_2023-02-11T00_49_32.117536882Z_labeled.cells.tsv.gz/seurat_pbmc_type			True
GSM9270073	geo:GSE309595:GSM9270073	sex_ontology_term_id	PATO:0000383	derived	sex_map		female	True
GSM9270073	geo:GSE309595:GSM9270073	assay_ontology_term_id	EFO:0030003	derived	ols:efo		10x 3' transcription profiling	True
GSM9270073	geo:GSE309595:GSM9270073	tissue_ontology_term_id	UBERON:0000178	derived	ols:uberon		Blood	True
GSM9270073	geo:GSE309595:GSM9270073	disease_ontology_term_id	MONDO:0009693	derived	ols:mondo		multiple myeloma	True
GSM9270073	geo:GSE309595:GSM9270073	author_cell_type	<column seurat_pbmc_type>	column	work/fp-53430067aac0/aifi_converted/GSM9270073_B145-P2_PB02055-01_2023-02-11T00_49_32.117536882Z_labeled.cells.tsv.gz/seurat_pbmc_type			True
GSM9270074	geo:GSE309595:GSM9270074	sex_ontology_term_id	PATO:0000384	derived	sex_map		male	True
GSM9270074	geo:GSE309595:GSM9270074	assay_ontology_term_id	EFO:0030003	derived	ols:efo		10x 3' transcription profiling	True
GSM9270074	geo:GSE309595:GSM9270074	tissue_ontology_term_id	UBERON:0000178	derived	ols:uberon		Blood	True
GSM9270074	geo:GSE309595:GSM9270074	disease_ontology_term_id	MONDO:0009693	derived	ols:mondo		multiple myeloma	True
GSM9270074	geo:GSE309595:GSM9270074	author_cell_type	<column seurat_pbmc_type>	column	work/fp-53430067aac0/aifi_converted/GSM9270074_B205-P1_PB02056-01_2024-03-13T17_23_39.641623796Z_labeled.cells.tsv.gz/seurat_pbmc_type			True
GSM9270075	geo:GSE309595:GSM9270075	sex_ontology_term_id	PATO:0000384	derived	sex_map		male	True
GSM9270075	geo:GSE309595:GSM9270075	assay_ontology_term_id	EFO:0030003	derived	ols:efo		10x 3' transcription profiling	True
GSM9270075	geo:GSE309595:GSM9270075	tissue_ontology_term_id	UBERON:0000178	derived	ols:uberon		Blood	True
GSM9270075	geo:GSE309595:GSM9270075	disease_ontology_term_id	MONDO:0009693	derived	ols:mondo		multiple myeloma	True
GSM9270075	geo:GSE309595:GSM9270075	author_cell_type	<column seurat_pbmc_type>	column	work/fp-53430067aac0/aifi_converted/GSM9270075_B125-P2_PB02057-01_2022-06-13T18_04_23.029969793Z_labeled.cells.tsv.gz/seurat_pbmc_type			True
GSM9270076	geo:GSE309595:GSM9270076	sex_ontology_term_id	PATO:0000384	derived	sex_map		male	True
GSM9270076	geo:GSE309595:GSM9270076	assay_ontology_term_id	EFO:0030003	derived	ols:efo		10x 3' transcription profiling	True
GSM9270076	geo:GSE309595:GSM9270076	tissue_ontology_term_id	UBERON:0000178	derived	ols:uberon		Blood	True
GSM9270076	geo:GSE309595:GSM9270076	disease_ontology_term_id	MONDO:0009693	derived	ols:mondo		multiple myeloma	True
GSM9270076	geo:GSE309595:GSM9270076	author_cell_type	<column seurat_pbmc_type>	column	work/fp-53430067aac0/aifi_converted/GSM9270076_B125-P2_PB02059-01_2022-08-15T23_46_43.839377545Z_labeled.cells.tsv.gz/seurat_pbmc_type			True
GSM9270077	geo:GSE309595:GSM9270077	sex_ontology_term_id	PATO:0000383	derived	sex_map		female	True
GSM9270077	geo:GSE309595:GSM9270077	assay_ontology_term_id	EFO:0030003	derived	ols:efo		10x 3' transcription profiling	True
GSM9270077	geo:GSE309595:GSM9270077	tissue_ontology_term_id	UBERON:0000178	derived	ols:uberon		Blood	True
GSM9270077	geo:GSE309595:GSM9270077	disease_ontology_term_id	MONDO:0009693	derived	ols:mondo		multiple myeloma	True
GSM9270077	geo:GSE309595:GSM9270077	author_cell_type	<column seurat_pbmc_type>	column	work/fp-53430067aac0/aifi_converted/GSM9270077_B145-P2_PB02060-01_2023-02-11T00_49_32.117536882Z_labeled.cells.tsv.gz/seurat_pbmc_type			True
GSM9270078	geo:GSE309595:GSM9270078	sex_ontology_term_id	PATO:0000384	derived	sex_map		male	True
GSM9270078	geo:GSE309595:GSM9270078	assay_ontology_term_id	EFO:0030003	derived	ols:efo		10x 3' transcription profiling	True
GSM9270078	geo:GSE309595:GSM9270078	tissue_ontology_term_id	UBERON:0000178	derived	ols:uberon		Blood	True
GSM9270078	geo:GSE309595:GSM9270078	disease_ontology_term_id	MONDO:0009693	derived	ols:mondo		multiple myeloma	True
GSM9270078	geo:GSE309595:GSM9270078	author_cell_type	<column seurat_pbmc_type>	column	work/fp-53430067aac0/aifi_converted/GSM9270078_B145-P2_PB02061-01_2023-02-11T00_49_32.117536882Z_labeled.cells.tsv.gz/seurat_pbmc_type			True
GSM9270079	geo:GSE309595:GSM9270079	sex_ontology_term_id	PATO:0000383	derived	sex_map		female	True
GSM9270079	geo:GSE309595:GSM9270079	assay_ontology_term_id	EFO:0030003	derived	ols:efo		10x 3' transcription profiling	True
GSM9270079	geo:GSE309595:GSM9270079	tissue_ontology_term_id	UBERON:0000178	derived	ols:uberon		Blood	True
GSM9270079	geo:GSE309595:GSM9270079	disease_ontology_term_id	MONDO:0009693	derived	ols:mondo		multiple myeloma	True
GSM9270079	geo:GSE309595:GSM9270079	author_cell_type	<column seurat_pbmc_type>	column	work/fp-53430067aac0/aifi_converted/GSM9270079_B125-P2_PB02062-01_2022-08-15T23_46_43.839377545Z_labeled.cells.tsv.gz/seurat_pbmc_type			True
GSM9270080	geo:GSE309595:GSM9270080	sex_ontology_term_id	PATO:0000384	derived	sex_map		male	True
GSM9270080	geo:GSE309595:GSM9270080	assay_ontology_term_id	EFO:0030003	derived	ols:efo		10x 3' transcription profiling	True
GSM9270080	geo:GSE309595:GSM9270080	tissue_ontology_term_id	UBERON:0000178	derived	ols:uberon		Blood	True
GSM9270080	geo:GSE309595:GSM9270080	disease_ontology_term_id	MONDO:0009693	derived	ols:mondo		multiple myeloma	True
GSM9270080	geo:GSE309595:GSM9270080	author_cell_type	<column seurat_pbmc_type>	column	work/fp-53430067aac0/aifi_converted/GSM9270080_B125-P2_PB02063-01_2022-08-15T23_46_43.839377545Z_labeled.cells.tsv.gz/seurat_pbmc_type			True
GSM9270081	geo:GSE309595:GSM9270081	sex_ontology_term_id	PATO:0000384	derived	sex_map		male	True
GSM9270081	geo:GSE309595:GSM9270081	assay_ontology_term_id	EFO:0030003	derived	ols:efo		10x 3' transcription profiling	True
GSM9270081	geo:GSE309595:GSM9270081	tissue_ontology_term_id	UBERON:0000178	derived	ols:uberon		Blood	True
GSM9270081	geo:GSE309595:GSM9270081	disease_ontology_term_id	MONDO:0009693	derived	ols:mondo		multiple myeloma	True
GSM9270081	geo:GSE309595:GSM9270081	author_cell_type	<column seurat_pbmc_type>	column	work/fp-53430067aac0/aifi_converted/GSM9270081_B125-P2_PB02064-01_2022-08-15T23_46_43.839377545Z_labeled.cells.tsv.gz/seurat_pbmc_type			True
GSM9270082	geo:GSE309595:GSM9270082	sex_ontology_term_id	PATO:0000383	derived	sex_map		female	True
GSM9270082	geo:GSE309595:GSM9270082	assay_ontology_term_id	EFO:0030003	derived	ols:efo		10x 3' transcription profiling	True
GSM9270082	geo:GSE309595:GSM9270082	tissue_ontology_term_id	UBERON:0000178	derived	ols:uberon		Blood	True
GSM9270082	geo:GSE309595:GSM9270082	disease_ontology_term_id	MONDO:0009693	derived	ols:mondo		multiple myeloma	True
GSM9270082	geo:GSE309595:GSM9270082	author_cell_type	<column seurat_pbmc_type>	column	work/fp-53430067aac0/aifi_converted/GSM9270082_B145-P2_PB02065-01_2023-02-11T00_49_32.117536882Z_labeled.cells.tsv.gz/seurat_pbmc_type			True
GSM9270083	geo:GSE309595:GSM9270083	sex_ontology_term_id	PATO:0000383	derived	sex_map		female	True
GSM9270083	geo:GSE309595:GSM9270083	assay_ontology_term_id	EFO:0030003	derived	ols:efo		10x 3' transcription profiling	True
GSM9270083	geo:GSE309595:GSM9270083	tissue_ontology_term_id	UBERON:0000178	derived	ols:uberon		Blood	True
GSM9270083	geo:GSE309595:GSM9270083	disease_ontology_term_id	MONDO:0009693	derived	ols:mondo		multiple myeloma	True
GSM9270083	geo:GSE309595:GSM9270083	author_cell_type	<column seurat_pbmc_type>	column	work/fp-53430067aac0/aifi_converted/GSM9270083_B125-P2_PB02067-01_2022-08-15T23_46_43.839377545Z_labeled.cells.tsv.gz/seurat_pbmc_type			True
GSM9270084	geo:GSE309595:GSM9270084	sex_ontology_term_id	PATO:0000384	derived	sex_map		male	True
GSM9270084	geo:GSE309595:GSM9270084	assay_ontology_term_id	EFO:0030003	derived	ols:efo		10x 3' transcription profiling	True
GSM9270084	geo:GSE309595:GSM9270084	tissue_ontology_term_id	UBERON:0000178	derived	ols:uberon		Blood	True
GSM9270084	geo:GSE309595:GSM9270084	disease_ontology_term_id	MONDO:0009693	derived	ols:mondo		multiple myeloma	True
GSM9270084	geo:GSE309595:GSM9270084	author_cell_type	<column seurat_pbmc_type>	column	work/fp-53430067aac0/aifi_converted/GSM9270084_B150-P2_PB02068-03_2023-06-01T03_45_54.03804727Z_labeled.cells.tsv.gz/seurat_pbmc_type			True
GSM9270085	geo:GSE309595:GSM9270085	sex_ontology_term_id	PATO:0000384	derived	sex_map		male	True
GSM9270085	geo:GSE309595:GSM9270085	assay_ontology_term_id	EFO:0030003	derived	ols:efo		10x 3' transcription profiling	True
GSM9270085	geo:GSE309595:GSM9270085	tissue_ontology_term_id	UBERON:0000178	derived	ols:uberon		Blood	True
GSM9270085	geo:GSE309595:GSM9270085	disease_ontology_term_id	MONDO:0009693	derived	ols:mondo		multiple myeloma	True
GSM9270085	geo:GSE309595:GSM9270085	author_cell_type	<column seurat_pbmc_type>	column	work/fp-53430067aac0/aifi_converted/GSM9270085_B145-P1_PB02069-01_2023-02-11T00_48_05.343423653Z_labeled.cells.tsv.gz/seurat_pbmc_type			True
GSM9270086	geo:GSE309595:GSM9270086	sex_ontology_term_id	PATO:0000383	derived	sex_map		female	True
GSM9270086	geo:GSE309595:GSM9270086	assay_ontology_term_id	EFO:0030003	derived	ols:efo		10x 3' transcription profiling	True
GSM9270086	geo:GSE309595:GSM9270086	tissue_ontology_term_id	UBERON:0000178	derived	ols:uberon		Blood	True
GSM9270086	geo:GSE309595:GSM9270086	disease_ontology_term_id	MONDO:0009693	derived	ols:mondo		multiple myeloma	True
GSM9270086	geo:GSE309595:GSM9270086	author_cell_type	<column seurat_pbmc_type>	column	work/fp-53430067aac0/aifi_converted/GSM9270086_B150-P2_PB02070-03_2023-06-01T03_45_54.03804727Z_labeled.cells.tsv.gz/seurat_pbmc_type			True
GSM9270087	geo:GSE309595:GSM9270087	sex_ontology_term_id	PATO:0000383	derived	sex_map		female	True
GSM9270087	geo:GSE309595:GSM9270087	assay_ontology_term_id	EFO:0030003	derived	ols:efo		10x 3' transcription profiling	True
GSM9270087	geo:GSE309595:GSM9270087	tissue_ontology_term_id	UBERON:0000178	derived	ols:uberon		Blood	True
GSM9270087	geo:GSE309595:GSM9270087	disease_ontology_term_id	MONDO:0009693	derived	ols:mondo		multiple myeloma	True
GSM9270087	geo:GSE309595:GSM9270087	author_cell_type	<column seurat_pbmc_type>	column	work/fp-53430067aac0/aifi_converted/GSM9270087_B125-P1_PB02070-01_2022-06-13T18_04_07.358772921Z_labeled.cells.tsv.gz/seurat_pbmc_type			True
GSM9270088	geo:GSE309595:GSM9270088	sex_ontology_term_id	PATO:0000384	derived	sex_map		male	True
GSM9270088	geo:GSE309595:GSM9270088	assay_ontology_term_id	EFO:0030003	derived	ols:efo		10x 3' transcription profiling	True
GSM9270088	geo:GSE309595:GSM9270088	tissue_ontology_term_id	UBERON:0000178	derived	ols:uberon		Blood	True
GSM9270088	geo:GSE309595:GSM9270088	disease_ontology_term_id	MONDO:0009693	derived	ols:mondo		multiple myeloma	True
GSM9270088	geo:GSE309595:GSM9270088	author_cell_type	<column seurat_pbmc_type>	column	work/fp-53430067aac0/aifi_converted/GSM9270088_B145-P1_PB02071-01_2023-02-11T00_48_05.343423653Z_labeled.cells.tsv.gz/seurat_pbmc_type			True
GSM9270089	geo:GSE309595:GSM9270089	sex_ontology_term_id	PATO:0000384	derived	sex_map		male	True
GSM9270089	geo:GSE309595:GSM9270089	assay_ontology_term_id	EFO:0030003	derived	ols:efo		10x 3' transcription profiling	True
GSM9270089	geo:GSE309595:GSM9270089	tissue_ontology_term_id	UBERON:0000178	derived	ols:uberon		Blood	True
GSM9270089	geo:GSE309595:GSM9270089	disease_ontology_term_id	MONDO:0009693	derived	ols:mondo		multiple myeloma	True
GSM9270089	geo:GSE309595:GSM9270089	author_cell_type	<column seurat_pbmc_type>	column	work/fp-53430067aac0/aifi_converted/GSM9270089_B145-P1_PB02072-01_2023-02-11T00_48_05.343423653Z_labeled.cells.tsv.gz/seurat_pbmc_type			True
GSM9270090	geo:GSE309595:GSM9270090	sex_ontology_term_id	PATO:0000384	derived	sex_map		male	True
GSM9270090	geo:GSE309595:GSM9270090	assay_ontology_term_id	EFO:0030003	derived	ols:efo		10x 3' transcription profiling	True
GSM9270090	geo:GSE309595:GSM9270090	tissue_ontology_term_id	UBERON:0000178	derived	ols:uberon		Blood	True
GSM9270090	geo:GSE309595:GSM9270090	disease_ontology_term_id	MONDO:0009693	derived	ols:mondo		multiple myeloma	True
GSM9270090	geo:GSE309595:GSM9270090	author_cell_type	<column seurat_pbmc_type>	column	work/fp-53430067aac0/aifi_converted/GSM9270090_B150-P2_PB02078-01_2023-06-01T03_45_54.03804727Z_labeled.cells.tsv.gz/seurat_pbmc_type			True
GSM9270091	geo:GSE309595:GSM9270091	sex_ontology_term_id	PATO:0000383	derived	sex_map		female	True
GSM9270091	geo:GSE309595:GSM9270091	assay_ontology_term_id	EFO:0030003	derived	ols:efo		10x 3' transcription profiling	True
GSM9270091	geo:GSE309595:GSM9270091	tissue_ontology_term_id	UBERON:0000178	derived	ols:uberon		Blood	True
GSM9270091	geo:GSE309595:GSM9270091	disease_ontology_term_id	MONDO:0009693	derived	ols:mondo		multiple myeloma	True
GSM9270091	geo:GSE309595:GSM9270091	author_cell_type	<column seurat_pbmc_type>	column	work/fp-53430067aac0/aifi_converted/GSM9270091_B150-P2_PB02080-01_2023-06-01T03_45_54.03804727Z_labeled.cells.tsv.gz/seurat_pbmc_type			True
GSM9270092	geo:GSE309595:GSM9270092	sex_ontology_term_id	PATO:0000384	derived	sex_map		male	True
GSM9270092	geo:GSE309595:GSM9270092	assay_ontology_term_id	EFO:0030003	derived	ols:efo		10x 3' transcription profiling	True
GSM9270092	geo:GSE309595:GSM9270092	tissue_ontology_term_id	UBERON:0000178	derived	ols:uberon		Blood	True
GSM9270092	geo:GSE309595:GSM9270092	disease_ontology_term_id	MONDO:0009693	derived	ols:mondo		multiple myeloma	True
GSM9270092	geo:GSE309595:GSM9270092	author_cell_type	<column seurat_pbmc_type>	column	work/fp-53430067aac0/aifi_converted/GSM9270092_B150-P2_PB02081-01_2023-06-01T03_45_54.03804727Z_labeled.cells.tsv.gz/seurat_pbmc_type			True
GSM9270093	geo:GSE309595:GSM9270093	sex_ontology_term_id	PATO:0000384	derived	sex_map		male	True
GSM9270093	geo:GSE309595:GSM9270093	assay_ontology_term_id	EFO:0030003	derived	ols:efo		10x 3' transcription profiling	True
GSM9270093	geo:GSE309595:GSM9270093	tissue_ontology_term_id	UBERON:0000178	derived	ols:uberon		Blood	True
GSM9270093	geo:GSE309595:GSM9270093	disease_ontology_term_id	MONDO:0009693	derived	ols:mondo		multiple myeloma	True
GSM9270093	geo:GSE309595:GSM9270093	author_cell_type	<column seurat_pbmc_type>	column	work/fp-53430067aac0/aifi_converted/GSM9270093_B125-P1_PB02084-01_2022-06-13T18_04_07.358772921Z_labeled.cells.tsv.gz/seurat_pbmc_type			True
GSM9270094	geo:GSE309595:GSM9270094	sex_ontology_term_id	PATO:0000383	derived	sex_map		female	True
GSM9270094	geo:GSE309595:GSM9270094	assay_ontology_term_id	EFO:0030003	derived	ols:efo		10x 3' transcription profiling	True
GSM9270094	geo:GSE309595:GSM9270094	tissue_ontology_term_id	UBERON:0000178	derived	ols:uberon		Blood	True
GSM9270094	geo:GSE309595:GSM9270094	disease_ontology_term_id	MONDO:0009693	derived	ols:mondo		multiple myeloma	True
GSM9270094	geo:GSE309595:GSM9270094	author_cell_type	<column seurat_pbmc_type>	column	work/fp-53430067aac0/aifi_converted/GSM9270094_B145-P1_PB02085-01_2023-02-11T00_48_05.343423653Z_labeled.cells.tsv.gz/seurat_pbmc_type			True
GSM9270095	geo:GSE309595:GSM9270095	sex_ontology_term_id	PATO:0000383	derived	sex_map		female	True
GSM9270095	geo:GSE309595:GSM9270095	assay_ontology_term_id	EFO:0030003	derived	ols:efo		10x 3' transcription profiling	True
GSM9270095	geo:GSE309595:GSM9270095	tissue_ontology_term_id	UBERON:0000178	derived	ols:uberon		Blood	True
GSM9270095	geo:GSE309595:GSM9270095	disease_ontology_term_id	MONDO:0009693	derived	ols:mondo		multiple myeloma	True
GSM9270095	geo:GSE309595:GSM9270095	author_cell_type	<column seurat_pbmc_type>	column	work/fp-53430067aac0/aifi_converted/GSM9270095_B125-P1_PB02087-01_2022-06-13T18_04_07.358772921Z_labeled.cells.tsv.gz/seurat_pbmc_type			True
GSM9270096	geo:GSE309595:GSM9270096	sex_ontology_term_id	PATO:0000384	derived	sex_map		male	True
GSM9270096	geo:GSE309595:GSM9270096	assay_ontology_term_id	EFO:0030003	derived	ols:efo		10x 3' transcription profiling	True
GSM9270096	geo:GSE309595:GSM9270096	tissue_ontology_term_id	UBERON:0000178	derived	ols:uberon		Blood	True
GSM9270096	geo:GSE309595:GSM9270096	disease_ontology_term_id	MONDO:0009693	derived	ols:mondo		multiple myeloma	True
GSM9270096	geo:GSE309595:GSM9270096	author_cell_type	<column seurat_pbmc_type>	column	work/fp-53430067aac0/aifi_converted/GSM9270096_B145-P1_PB02091-01_2023-02-11T00_48_05.343423653Z_labeled.cells.tsv.gz/seurat_pbmc_type			True
GSM9270097	geo:GSE309595:GSM9270097	sex_ontology_term_id	PATO:0000383	derived	sex_map		female	True
GSM9270097	geo:GSE309595:GSM9270097	assay_ontology_term_id	EFO:0030003	derived	ols:efo		10x 3' transcription profiling	True
GSM9270097	geo:GSE309595:GSM9270097	tissue_ontology_term_id	UBERON:0000178	derived	ols:uberon		Blood	True
GSM9270097	geo:GSE309595:GSM9270097	disease_ontology_term_id	MONDO:0009693	derived	ols:mondo		multiple myeloma	True
GSM9270097	geo:GSE309595:GSM9270097	author_cell_type	<column seurat_pbmc_type>	column	work/fp-53430067aac0/aifi_converted/GSM9270097_B201-P1_PB02679-001_2024-01-08T18_56_07.606875695Z_labeled.cells.tsv.gz/seurat_pbmc_type			True
GSM9270098	geo:GSE309595:GSM9270098	sex_ontology_term_id	PATO:0000383	derived	sex_map		female	True
GSM9270098	geo:GSE309595:GSM9270098	assay_ontology_term_id	EFO:0030003	derived	ols:efo		10x 3' transcription profiling	True
GSM9270098	geo:GSE309595:GSM9270098	tissue_ontology_term_id	UBERON:0000178	derived	ols:uberon		Blood	True
GSM9270098	geo:GSE309595:GSM9270098	disease_ontology_term_id	MONDO:0009693	derived	ols:mondo		multiple myeloma	True
GSM9270098	geo:GSE309595:GSM9270098	author_cell_type	<column seurat_pbmc_type>	column	work/fp-53430067aac0/aifi_converted/GSM9270098_B145-P1_PB02681-001_2023-02-11T00_48_05.343423653Z_labeled.cells.tsv.gz/seurat_pbmc_type			True
GSM9270099	geo:GSE309595:GSM9270099	sex_ontology_term_id	PATO:0000383	derived	sex_map		female	True
GSM9270099	geo:GSE309595:GSM9270099	assay_ontology_term_id	EFO:0030003	derived	ols:efo		10x 3' transcription profiling	True
GSM9270099	geo:GSE309595:GSM9270099	tissue_ontology_term_id	UBERON:0000178	derived	ols:uberon		Blood	True
GSM9270099	geo:GSE309595:GSM9270099	disease_ontology_term_id	MONDO:0009693	derived	ols:mondo		multiple myeloma	True
GSM9270099	geo:GSE309595:GSM9270099	author_cell_type	<column seurat_pbmc_type>	column	work/fp-53430067aac0/aifi_converted/GSM9270099_B150-P2_PB02688-001_2023-06-01T03_45_54.03804727Z_labeled.cells.tsv.gz/seurat_pbmc_type			True
GSM9270100	geo:GSE309595:GSM9270100	sex_ontology_term_id	PATO:0000384	derived	sex_map		male	True
GSM9270100	geo:GSE309595:GSM9270100	assay_ontology_term_id	EFO:0030003	derived	ols:efo		10x 3' transcription profiling	True
GSM9270100	geo:GSE309595:GSM9270100	tissue_ontology_term_id	UBERON:0000178	derived	ols:uberon		Blood	True
GSM9270100	geo:GSE309595:GSM9270100	disease_ontology_term_id	MONDO:0009693	derived	ols:mondo		multiple myeloma	True
GSM9270100	geo:GSE309595:GSM9270100	author_cell_type	<column seurat_pbmc_type>	column	work/fp-53430067aac0/aifi_converted/GSM9270100_B145-P1_PB02689-001_2023-02-11T00_48_05.343423653Z_labeled.cells.tsv.gz/seurat_pbmc_type			True
GSM9270101	geo:GSE309595:GSM9270101	sex_ontology_term_id	PATO:0000384	derived	sex_map		male	True
GSM9270101	geo:GSE309595:GSM9270101	assay_ontology_term_id	EFO:0030003	derived	ols:efo		10x 3' transcription profiling	True
GSM9270101	geo:GSE309595:GSM9270101	tissue_ontology_term_id	UBERON:0000178	derived	ols:uberon		Blood	True
GSM9270101	geo:GSE309595:GSM9270101	disease_ontology_term_id	MONDO:0009693	derived	ols:mondo		multiple myeloma	True
GSM9270101	geo:GSE309595:GSM9270101	author_cell_type	<column seurat_pbmc_type>	column	work/fp-53430067aac0/aifi_converted/GSM9270101_B196-P2_PB02729-001_2023-12-12T21_58_32.925283761Z_labeled.cells.tsv.gz/seurat_pbmc_type			True
GSM9270102	geo:GSE309595:GSM9270102	sex_ontology_term_id	PATO:0000383	derived	sex_map		female	True
GSM9270102	geo:GSE309595:GSM9270102	assay_ontology_term_id	EFO:0030003	derived	ols:efo		10x 3' transcription profiling	True
GSM9270102	geo:GSE309595:GSM9270102	tissue_ontology_term_id	UBERON:0000178	derived	ols:uberon		Blood	True
GSM9270102	geo:GSE309595:GSM9270102	disease_ontology_term_id	MONDO:0009693	derived	ols:mondo		multiple myeloma	True
GSM9270102	geo:GSE309595:GSM9270102	author_cell_type	<column seurat_pbmc_type>	column	work/fp-53430067aac0/aifi_converted/GSM9270102_B196-P1_PB02732-001_2023-12-11T22_20_10.692390023Z_labeled.cells.tsv.gz/seurat_pbmc_type			True
GSM9270103	geo:GSE309595:GSM9270103	sex_ontology_term_id	PATO:0000384	derived	sex_map		male	True
GSM9270103	geo:GSE309595:GSM9270103	assay_ontology_term_id	EFO:0030003	derived	ols:efo		10x 3' transcription profiling	True
GSM9270103	geo:GSE309595:GSM9270103	tissue_ontology_term_id	UBERON:0000178	derived	ols:uberon		Blood	True
GSM9270103	geo:GSE309595:GSM9270103	disease_ontology_term_id	MONDO:0009693	derived	ols:mondo		multiple myeloma	True
GSM9270103	geo:GSE309595:GSM9270103	author_cell_type	<column seurat_pbmc_type>	column	work/fp-53430067aac0/aifi_converted/GSM9270103_B204-P2_PB02733-001_2024-03-20T00_34_15.591991999Z_labeled.cells.tsv.gz/seurat_pbmc_type			True
GSM9270104	geo:GSE309595:GSM9270104	sex_ontology_term_id	PATO:0000383	derived	sex_map		female	True
GSM9270104	geo:GSE309595:GSM9270104	assay_ontology_term_id	EFO:0030003	derived	ols:efo		10x 3' transcription profiling	True
GSM9270104	geo:GSE309595:GSM9270104	tissue_ontology_term_id	UBERON:0000178	derived	ols:uberon		Blood	True
GSM9270104	geo:GSE309595:GSM9270104	disease_ontology_term_id	MONDO:0009693	derived	ols:mondo		multiple myeloma	True
GSM9270104	geo:GSE309595:GSM9270104	author_cell_type	<column seurat_pbmc_type>	column	work/fp-53430067aac0/aifi_converted/GSM9270104_B205-P2_PB02735-002_2024-03-14T17_58_19.835067654Z_labeled.cells.tsv.gz/seurat_pbmc_type			True
GSM9270105	geo:GSE309595:GSM9270105	sex_ontology_term_id	PATO:0000384	derived	sex_map		male	True
GSM9270105	geo:GSE309595:GSM9270105	assay_ontology_term_id	EFO:0030003	derived	ols:efo		10x 3' transcription profiling	True
GSM9270105	geo:GSE309595:GSM9270105	tissue_ontology_term_id	UBERON:0000178	derived	ols:uberon		Blood	True
GSM9270105	geo:GSE309595:GSM9270105	disease_ontology_term_id	MONDO:0009693	derived	ols:mondo		multiple myeloma	True
GSM9270105	geo:GSE309595:GSM9270105	author_cell_type	<column seurat_pbmc_type>	column	work/fp-53430067aac0/aifi_converted/GSM9270105_B205-P1_PB02737-001_2024-03-13T17_23_39.641623796Z_labeled.cells.tsv.gz/seurat_pbmc_type			True
GSM9270106	geo:GSE309595:GSM9270106	sex_ontology_term_id	PATO:0000383	derived	sex_map		female	True
GSM9270106	geo:GSE309595:GSM9270106	assay_ontology_term_id	EFO:0030003	derived	ols:efo		10x 3' transcription profiling	True
GSM9270106	geo:GSE309595:GSM9270106	tissue_ontology_term_id	UBERON:0000178	derived	ols:uberon		Blood	True
GSM9270106	geo:GSE309595:GSM9270106	disease_ontology_term_id	MONDO:0009693	derived	ols:mondo		multiple myeloma	True
GSM9270106	geo:GSE309595:GSM9270106	author_cell_type	<column seurat_pbmc_type>	column	work/fp-53430067aac0/aifi_converted/GSM9270106_B205-P1_PB02738-001_2024-03-13T17_23_39.641623796Z_labeled.cells.tsv.gz/seurat_pbmc_type			True
GSM9270107	geo:GSE309595:GSM9270107	sex_ontology_term_id	PATO:0000384	derived	sex_map		male	True
GSM9270107	geo:GSE309595:GSM9270107	assay_ontology_term_id	EFO:0030003	derived	ols:efo		10x 3' transcription profiling	True
GSM9270107	geo:GSE309595:GSM9270107	tissue_ontology_term_id	UBERON:0000178	derived	ols:uberon		Blood	True
GSM9270107	geo:GSE309595:GSM9270107	disease_ontology_term_id	MONDO:0009693	derived	ols:mondo		multiple myeloma	True
GSM9270107	geo:GSE309595:GSM9270107	author_cell_type	<column seurat_pbmc_type>	column	work/fp-53430067aac0/aifi_converted/GSM9270107_B204-P2_PB02740-001_2024-03-20T00_34_15.591991999Z_labeled.cells.tsv.gz/seurat_pbmc_type			True
GSM9270108	geo:GSE309595:GSM9270108	sex_ontology_term_id	PATO:0000384	derived	sex_map		male	True
GSM9270108	geo:GSE309595:GSM9270108	assay_ontology_term_id	EFO:0030003	derived	ols:efo		10x 3' transcription profiling	True
GSM9270108	geo:GSE309595:GSM9270108	self_reported_ethnicity_ontology_term_id	HANCESTRO:0568	derived	ols:hancestro		African American	True
GSM9270108	geo:GSE309595:GSM9270108	tissue_ontology_term_id	UBERON:0000178	derived	ols:uberon		Blood	True
GSM9270108	geo:GSE309595:GSM9270108	disease_ontology_term_id	MONDO:0009693	derived	ols:mondo		multiple myeloma	True
GSM9270108	geo:GSE309595:GSM9270108	author_cell_type	<column seurat_pbmc_type>	column	work/fp-53430067aac0/aifi_converted/GSM9270108_B150-P1_PB02747-001_2023-05-02T16_02_21.78356165Z_labeled.cells.tsv.gz/seurat_pbmc_type			True
GSM9270109	geo:GSE309595:GSM9270109	sex_ontology_term_id	PATO:0000383	derived	sex_map		female	True
GSM9270109	geo:GSE309595:GSM9270109	assay_ontology_term_id	EFO:0030003	derived	ols:efo		10x 3' transcription profiling	True
GSM9270109	geo:GSE309595:GSM9270109	tissue_ontology_term_id	UBERON:0000178	derived	ols:uberon		Blood	True
GSM9270109	geo:GSE309595:GSM9270109	disease_ontology_term_id	MONDO:0009693	derived	ols:mondo		multiple myeloma	True
GSM9270109	geo:GSE309595:GSM9270109	author_cell_type	<column seurat_pbmc_type>	column	work/fp-53430067aac0/aifi_converted/GSM9270109_B150-P1_PB02752-001_2023-05-02T16_02_21.78356165Z_labeled.cells.tsv.gz/seurat_pbmc_type			True
GSM9270110	geo:GSE309595:GSM9270110	sex_ontology_term_id	PATO:0000384	derived	sex_map		male	True
GSM9270110	geo:GSE309595:GSM9270110	assay_ontology_term_id	EFO:0030003	derived	ols:efo		10x 3' transcription profiling	True
GSM9270110	geo:GSE309595:GSM9270110	tissue_ontology_term_id	UBERON:0000178	derived	ols:uberon		Blood	True
GSM9270110	geo:GSE309595:GSM9270110	disease_ontology_term_id	MONDO:0009693	derived	ols:mondo		multiple myeloma	True
GSM9270110	geo:GSE309595:GSM9270110	author_cell_type	<column seurat_pbmc_type>	column	work/fp-53430067aac0/aifi_converted/GSM9270110_B150-P1_PB02757-001_2023-05-02T16_02_21.78356165Z_labeled.cells.tsv.gz/seurat_pbmc_type			True
GSM9270111	geo:GSE309595:GSM9270111	sex_ontology_term_id	PATO:0000384	derived	sex_map		male	True
GSM9270111	geo:GSE309595:GSM9270111	assay_ontology_term_id	EFO:0030003	derived	ols:efo		10x 3' transcription profiling	True
GSM9270111	geo:GSE309595:GSM9270111	tissue_ontology_term_id	UBERON:0000178	derived	ols:uberon		Blood	True
GSM9270111	geo:GSE309595:GSM9270111	disease_ontology_term_id	MONDO:0009693	derived	ols:mondo		multiple myeloma	True
GSM9270111	geo:GSE309595:GSM9270111	author_cell_type	<column seurat_pbmc_type>	column	work/fp-53430067aac0/aifi_converted/GSM9270111_B196-P1_PB02762-001_2023-12-11T22_20_10.692390023Z_labeled.cells.tsv.gz/seurat_pbmc_type			True
GSM9270112	geo:GSE309595:GSM9270112	sex_ontology_term_id	PATO:0000383	derived	sex_map		female	True
GSM9270112	geo:GSE309595:GSM9270112	assay_ontology_term_id	EFO:0030003	derived	ols:efo		10x 3' transcription profiling	True
GSM9270112	geo:GSE309595:GSM9270112	tissue_ontology_term_id	UBERON:0000178	derived	ols:uberon		Blood	True
GSM9270112	geo:GSE309595:GSM9270112	disease_ontology_term_id	MONDO:0009693	derived	ols:mondo		multiple myeloma	True
GSM9270112	geo:GSE309595:GSM9270112	author_cell_type	<column seurat_pbmc_type>	column	work/fp-53430067aac0/aifi_converted/GSM9270112_B196-P1_PB02763-001_2023-12-11T22_20_10.692390023Z_labeled.cells.tsv.gz/seurat_pbmc_type			True
GSM9270113	geo:GSE309595:GSM9270113	sex_ontology_term_id	PATO:0000383	derived	sex_map		female	True
GSM9270113	geo:GSE309595:GSM9270113	assay_ontology_term_id	EFO:0030003	derived	ols:efo		10x 3' transcription profiling	True
GSM9270113	geo:GSE309595:GSM9270113	tissue_ontology_term_id	UBERON:0000178	derived	ols:uberon		Blood	True
GSM9270113	geo:GSE309595:GSM9270113	disease_ontology_term_id	MONDO:0009693	derived	ols:mondo		multiple myeloma	True
GSM9270113	geo:GSE309595:GSM9270113	author_cell_type	<column seurat_pbmc_type>	column	work/fp-53430067aac0/aifi_converted/GSM9270113_B196-P2_PB02767-001_2023-12-12T21_58_32.925283761Z_labeled.cells.tsv.gz/seurat_pbmc_type			True
GSM9270114	geo:GSE309595:GSM9270114	sex_ontology_term_id	PATO:0000384	derived	sex_map		male	True
GSM9270114	geo:GSE309595:GSM9270114	assay_ontology_term_id	EFO:0030003	derived	ols:efo		10x 3' transcription profiling	True
GSM9270114	geo:GSE309595:GSM9270114	tissue_ontology_term_id	UBERON:0000178	derived	ols:uberon		Blood	True
GSM9270114	geo:GSE309595:GSM9270114	disease_ontology_term_id	MONDO:0009693	derived	ols:mondo		multiple myeloma	True
GSM9270114	geo:GSE309595:GSM9270114	author_cell_type	<column seurat_pbmc_type>	column	work/fp-53430067aac0/aifi_converted/GSM9270114_B196-P2_PB02768-001_2023-12-12T21_58_32.925283761Z_labeled.cells.tsv.gz/seurat_pbmc_type			True
GSM9270115	geo:GSE309595:GSM9270115	sex_ontology_term_id	PATO:0000384	derived	sex_map		male	True
GSM9270115	geo:GSE309595:GSM9270115	assay_ontology_term_id	EFO:0030003	derived	ols:efo		10x 3' transcription profiling	True
GSM9270115	geo:GSE309595:GSM9270115	tissue_ontology_term_id	UBERON:0000178	derived	ols:uberon		Blood	True
GSM9270115	geo:GSE309595:GSM9270115	disease_ontology_term_id	MONDO:0009693	derived	ols:mondo		multiple myeloma	True
GSM9270115	geo:GSE309595:GSM9270115	author_cell_type	<column seurat_pbmc_type>	column	work/fp-53430067aac0/aifi_converted/GSM9270115_B204-P2_PB02770-001_2024-03-20T00_34_15.591991999Z_labeled.cells.tsv.gz/seurat_pbmc_type			True
GSM9270116	geo:GSE309595:GSM9270116	sex_ontology_term_id	PATO:0000384	derived	sex_map		male	True
GSM9270116	geo:GSE309595:GSM9270116	assay_ontology_term_id	EFO:0030003	derived	ols:efo		10x 3' transcription profiling	True
GSM9270116	geo:GSE309595:GSM9270116	tissue_ontology_term_id	UBERON:0000178	derived	ols:uberon		Blood	True
GSM9270116	geo:GSE309595:GSM9270116	disease_ontology_term_id	MONDO:0009693	derived	ols:mondo		multiple myeloma	True
GSM9270116	geo:GSE309595:GSM9270116	author_cell_type	<column seurat_pbmc_type>	column	work/fp-53430067aac0/aifi_converted/GSM9270116_B196-P1_PB02771-001_2023-12-11T22_20_10.692390023Z_labeled.cells.tsv.gz/seurat_pbmc_type			True
GSM9270117	geo:GSE309595:GSM9270117	sex_ontology_term_id	PATO:0000384	derived	sex_map		male	True
GSM9270117	geo:GSE309595:GSM9270117	assay_ontology_term_id	EFO:0030003	derived	ols:efo		10x 3' transcription profiling	True
GSM9270117	geo:GSE309595:GSM9270117	tissue_ontology_term_id	UBERON:0000178	derived	ols:uberon		Blood	True
GSM9270117	geo:GSE309595:GSM9270117	disease_ontology_term_id	MONDO:0009693	derived	ols:mondo		multiple myeloma	True
GSM9270117	geo:GSE309595:GSM9270117	author_cell_type	<column seurat_pbmc_type>	column	work/fp-53430067aac0/aifi_converted/GSM9270117_B201-P1_PB04528-001_2024-01-08T18_56_07.606875695Z_labeled.cells.tsv.gz/seurat_pbmc_type			True
GSM9270118	geo:GSE309595:GSM9270118	sex_ontology_term_id	PATO:0000383	derived	sex_map		female	True
GSM9270118	geo:GSE309595:GSM9270118	assay_ontology_term_id	EFO:0030003	derived	ols:efo		10x 3' transcription profiling	True
GSM9270118	geo:GSE309595:GSM9270118	tissue_ontology_term_id	UBERON:0000178	derived	ols:uberon		Blood	True
GSM9270118	geo:GSE309595:GSM9270118	disease_ontology_term_id	MONDO:0009693	derived	ols:mondo		multiple myeloma	True
GSM9270118	geo:GSE309595:GSM9270118	author_cell_type	<column seurat_pbmc_type>	column	work/fp-53430067aac0/aifi_converted/GSM9270118_B205-P2_PB04677-002_2024-03-14T17_58_19.835067654Z_labeled.cells.tsv.gz/seurat_pbmc_type			True
GSM9270119	geo:GSE309595:GSM9270119	sex_ontology_term_id	PATO:0000384	derived	sex_map		male	True
GSM9270119	geo:GSE309595:GSM9270119	assay_ontology_term_id	EFO:0030003	derived	ols:efo		10x 3' transcription profiling	True
GSM9270119	geo:GSE309595:GSM9270119	tissue_ontology_term_id	UBERON:0000178	derived	ols:uberon		Blood	True
GSM9270119	geo:GSE309595:GSM9270119	disease_ontology_term_id	MONDO:0009693	derived	ols:mondo		multiple myeloma	True
GSM9270119	geo:GSE309595:GSM9270119	author_cell_type	<column seurat_pbmc_type>	column	work/fp-53430067aac0/aifi_converted/GSM9270119_B204-P2_PB04679-001_2024-03-20T00_34_15.591991999Z_labeled.cells.tsv.gz/seurat_pbmc_type			True
GSM9270120	geo:GSE309595:GSM9270120	sex_ontology_term_id	PATO:0000384	derived	sex_map		male	True
GSM9270120	geo:GSE309595:GSM9270120	assay_ontology_term_id	EFO:0030003	derived	ols:efo		10x 3' transcription profiling	True
GSM9270120	geo:GSE309595:GSM9270120	tissue_ontology_term_id	UBERON:0000178	derived	ols:uberon		Blood	True
GSM9270120	geo:GSE309595:GSM9270120	disease_ontology_term_id	MONDO:0009693	derived	ols:mondo		multiple myeloma	True
GSM9270120	geo:GSE309595:GSM9270120	author_cell_type	<column seurat_pbmc_type>	column	work/fp-53430067aac0/aifi_converted/GSM9270120_B205-P1_PB04680-001_2024-03-13T17_23_39.641623796Z_labeled.cells.tsv.gz/seurat_pbmc_type			True
GSM9270121	geo:GSE309595:GSM9270121	sex_ontology_term_id	PATO:0000384	derived	sex_map		male	True
GSM9270121	geo:GSE309595:GSM9270121	assay_ontology_term_id	EFO:0030003	derived	ols:efo		10x 3' transcription profiling	True
GSM9270121	geo:GSE309595:GSM9270121	tissue_ontology_term_id	UBERON:0000178	derived	ols:uberon		Blood	True
GSM9270121	geo:GSE309595:GSM9270121	disease_ontology_term_id	MONDO:0009693	derived	ols:mondo		multiple myeloma	True
GSM9270121	geo:GSE309595:GSM9270121	author_cell_type	<column seurat_pbmc_type>	column	work/fp-53430067aac0/aifi_converted/GSM9270121_B204-P1_PB04682-001_2024-03-20T00_34_45.589875783Z_labeled.cells.tsv.gz/seurat_pbmc_type			True
GSM9270122	geo:GSE309595:GSM9270122	sex_ontology_term_id	PATO:0000384	derived	sex_map		male	True
GSM9270122	geo:GSE309595:GSM9270122	assay_ontology_term_id	EFO:0030003	derived	ols:efo		10x 3' transcription profiling	True
GSM9270122	geo:GSE309595:GSM9270122	self_reported_ethnicity_ontology_term_id	HANCESTRO:0568	derived	ols:hancestro		African American	True
GSM9270122	geo:GSE309595:GSM9270122	tissue_ontology_term_id	UBERON:0000178	derived	ols:uberon		Blood	True
GSM9270122	geo:GSE309595:GSM9270122	disease_ontology_term_id	MONDO:0009693	derived	ols:mondo		multiple myeloma	True
GSM9270122	geo:GSE309595:GSM9270122	author_cell_type	<column seurat_pbmc_type>	column	work/fp-53430067aac0/aifi_converted/GSM9270122_B196-P2_PB04686-001_2023-12-12T21_58_32.925283761Z_labeled.cells.tsv.gz/seurat_pbmc_type			True
GSM9270123	geo:GSE309595:GSM9270123	sex_ontology_term_id	PATO:0000384	derived	sex_map		male	True
GSM9270123	geo:GSE309595:GSM9270123	assay_ontology_term_id	EFO:0030003	derived	ols:efo		10x 3' transcription profiling	True
GSM9270123	geo:GSE309595:GSM9270123	tissue_ontology_term_id	UBERON:0000178	derived	ols:uberon		Blood	True
GSM9270123	geo:GSE309595:GSM9270123	disease_ontology_term_id	MONDO:0009693	derived	ols:mondo		multiple myeloma	True
GSM9270123	geo:GSE309595:GSM9270123	author_cell_type	<column seurat_pbmc_type>	column	work/fp-53430067aac0/aifi_converted/GSM9270123_B201-P1_PB04689-002_2024-01-08T18_56_07.606875695Z_labeled.cells.tsv.gz/seurat_pbmc_type			True
GSM9270124	geo:GSE309595:GSM9270124	sex_ontology_term_id	PATO:0000384	derived	sex_map		male	True
GSM9270124	geo:GSE309595:GSM9270124	assay_ontology_term_id	EFO:0030003	derived	ols:efo		10x 3' transcription profiling	True
GSM9270124	geo:GSE309595:GSM9270124	tissue_ontology_term_id	UBERON:0000178	derived	ols:uberon		Blood	True
GSM9270124	geo:GSE309595:GSM9270124	disease_ontology_term_id	MONDO:0009693	derived	ols:mondo		multiple myeloma	True
GSM9270124	geo:GSE309595:GSM9270124	author_cell_type	<column seurat_pbmc_type>	column	work/fp-53430067aac0/aifi_converted/GSM9270124_B204-P2_PB04693-001_2024-03-20T00_34_15.591991999Z_labeled.cells.tsv.gz/seurat_pbmc_type			True
GSM9270125	geo:GSE309595:GSM9270125	sex_ontology_term_id	PATO:0000384	derived	sex_map		male	True
GSM9270125	geo:GSE309595:GSM9270125	assay_ontology_term_id	EFO:0030003	derived	ols:efo		10x 3' transcription profiling	True
GSM9270125	geo:GSE309595:GSM9270125	tissue_ontology_term_id	UBERON:0000178	derived	ols:uberon		Blood	True
GSM9270125	geo:GSE309595:GSM9270125	disease_ontology_term_id	MONDO:0009693	derived	ols:mondo		multiple myeloma	True
GSM9270125	geo:GSE309595:GSM9270125	author_cell_type	<column seurat_pbmc_type>	column	work/fp-53430067aac0/aifi_converted/GSM9270125_B204-P2_PB04694-001_2024-03-20T00_34_15.591991999Z_labeled.cells.tsv.gz/seurat_pbmc_type			True
GSM9270126	geo:GSE309595:GSM9270126	sex_ontology_term_id	PATO:0000383	derived	sex_map		female	True
GSM9270126	geo:GSE309595:GSM9270126	assay_ontology_term_id	EFO:0030003	derived	ols:efo		10x 3' transcription profiling	True
GSM9270126	geo:GSE309595:GSM9270126	tissue_ontology_term_id	UBERON:0000178	derived	ols:uberon		Blood	True
GSM9270126	geo:GSE309595:GSM9270126	disease_ontology_term_id	MONDO:0009693	derived	ols:mondo		multiple myeloma	True
GSM9270126	geo:GSE309595:GSM9270126	author_cell_type	<column seurat_pbmc_type>	column	work/fp-53430067aac0/aifi_converted/GSM9270126_B196-P2_PB04695-001_2023-12-12T21_58_32.925283761Z_labeled.cells.tsv.gz/seurat_pbmc_type			True
GSM9270127	geo:GSE309595:GSM9270127	sex_ontology_term_id	PATO:0000383	derived	sex_map		female	True
GSM9270127	geo:GSE309595:GSM9270127	assay_ontology_term_id	EFO:0030003	derived	ols:efo		10x 3' transcription profiling	True
GSM9270127	geo:GSE309595:GSM9270127	tissue_ontology_term_id	UBERON:0000178	derived	ols:uberon		Blood	True
GSM9270127	geo:GSE309595:GSM9270127	disease_ontology_term_id	MONDO:0009693	derived	ols:mondo		multiple myeloma	True
GSM9270127	geo:GSE309595:GSM9270127	author_cell_type	<column seurat_pbmc_type>	column	work/fp-53430067aac0/aifi_converted/GSM9270127_B204-P2_PB04698-001_2024-03-20T00_34_15.591991999Z_labeled.cells.tsv.gz/seurat_pbmc_type			True
GSM9270128	geo:GSE309595:GSM9270128	sex_ontology_term_id	PATO:0000383	derived	sex_map		female	True
GSM9270128	geo:GSE309595:GSM9270128	assay_ontology_term_id	EFO:0030003	derived	ols:efo		10x 3' transcription profiling	True
GSM9270128	geo:GSE309595:GSM9270128	tissue_ontology_term_id	UBERON:0000178	derived	ols:uberon		Blood	True
GSM9270128	geo:GSE309595:GSM9270128	disease_ontology_term_id	MONDO:0009693	derived	ols:mondo		multiple myeloma	True
GSM9270128	geo:GSE309595:GSM9270128	author_cell_type	<column seurat_pbmc_type>	column	work/fp-53430067aac0/aifi_converted/GSM9270128_B205-P1_PB04701-001_2024-03-13T17_23_39.641623796Z_labeled.cells.tsv.gz/seurat_pbmc_type			True
GSM9270129	geo:GSE309595:GSM9270129	sex_ontology_term_id	PATO:0000383	derived	sex_map		female	True
GSM9270129	geo:GSE309595:GSM9270129	assay_ontology_term_id	EFO:0030003	derived	ols:efo		10x 3' transcription profiling	True
GSM9270129	geo:GSE309595:GSM9270129	tissue_ontology_term_id	UBERON:0000178	derived	ols:uberon		Blood	True
GSM9270129	geo:GSE309595:GSM9270129	disease_ontology_term_id	MONDO:0009693	derived	ols:mondo		multiple myeloma	True
GSM9270129	geo:GSE309595:GSM9270129	author_cell_type	<column seurat_pbmc_type>	column	work/fp-53430067aac0/aifi_converted/GSM9270129_B204-P1_PB04807-001_2024-03-20T00_34_45.589875783Z_labeled.cells.tsv.gz/seurat_pbmc_type			True
GSM9270130	geo:GSE309595:GSM9270130	sex_ontology_term_id	PATO:0000383	derived	sex_map		female	True
GSM9270130	geo:GSE309595:GSM9270130	assay_ontology_term_id	EFO:0030003	derived	ols:efo		10x 3' transcription profiling	True
GSM9270130	geo:GSE309595:GSM9270130	tissue_ontology_term_id	UBERON:0000178	derived	ols:uberon		Blood	True
GSM9270130	geo:GSE309595:GSM9270130	disease_ontology_term_id	MONDO:0009693	derived	ols:mondo		multiple myeloma	True
GSM9270130	geo:GSE309595:GSM9270130	author_cell_type	<column seurat_pbmc_type>	column	work/fp-53430067aac0/aifi_converted/GSM9270130_B204-P1_PB04809-001_2024-03-20T00_34_45.589875783Z_labeled.cells.tsv.gz/seurat_pbmc_type			True
GSM9270131	geo:GSE309595:GSM9270131	sex_ontology_term_id	PATO:0000383	derived	sex_map		female	True
GSM9270131	geo:GSE309595:GSM9270131	assay_ontology_term_id	EFO:0030003	derived	ols:efo		10x 3' transcription profiling	True
GSM9270131	geo:GSE309595:GSM9270131	tissue_ontology_term_id	UBERON:0000178	derived	ols:uberon		Blood	True
GSM9270131	geo:GSE309595:GSM9270131	disease_ontology_term_id	MONDO:0009693	derived	ols:mondo		multiple myeloma	True
GSM9270131	geo:GSE309595:GSM9270131	author_cell_type	<column seurat_pbmc_type>	column	work/fp-53430067aac0/aifi_converted/GSM9270131_B205-P1_PB04810-001_2024-03-13T17_23_39.641623796Z_labeled.cells.tsv.gz/seurat_pbmc_type			True
GSM9270132	geo:GSE309595:GSM9270132	sex_ontology_term_id	PATO:0000384	derived	sex_map		male	True
GSM9270132	geo:GSE309595:GSM9270132	assay_ontology_term_id	EFO:0030003	derived	ols:efo		10x 3' transcription profiling	True
GSM9270132	geo:GSE309595:GSM9270132	tissue_ontology_term_id	UBERON:0000178	derived	ols:uberon		Blood	True
GSM9270132	geo:GSE309595:GSM9270132	disease_ontology_term_id	MONDO:0009693	derived	ols:mondo		multiple myeloma	True
GSM9270132	geo:GSE309595:GSM9270132	author_cell_type	<column seurat_pbmc_type>	column	work/fp-53430067aac0/aifi_converted/GSM9270132_B201-P2_PB04811-002_2024-01-08T18_58_27.327712363Z_labeled.cells.tsv.gz/seurat_pbmc_type			True
GSM9270133	geo:GSE309595:GSM9270133	sex_ontology_term_id	PATO:0000384	derived	sex_map		male	True
GSM9270133	geo:GSE309595:GSM9270133	assay_ontology_term_id	EFO:0030003	derived	ols:efo		10x 3' transcription profiling	True
GSM9270133	geo:GSE309595:GSM9270133	self_reported_ethnicity_ontology_term_id	HANCESTRO:0568	derived	ols:hancestro		African American	True
GSM9270133	geo:GSE309595:GSM9270133	tissue_ontology_term_id	UBERON:0000178	derived	ols:uberon		Blood	True
GSM9270133	geo:GSE309595:GSM9270133	disease_ontology_term_id	MONDO:0009693	derived	ols:mondo		multiple myeloma	True
GSM9270133	geo:GSE309595:GSM9270133	author_cell_type	<column seurat_pbmc_type>	column	work/fp-53430067aac0/aifi_converted/GSM9270133_B196-P2_PB04828-001_2023-12-12T21_58_32.925283761Z_labeled.cells.tsv.gz/seurat_pbmc_type			True
GSM9270134	geo:GSE309595:GSM9270134	sex_ontology_term_id	PATO:0000383	derived	sex_map		female	True
GSM9270134	geo:GSE309595:GSM9270134	assay_ontology_term_id	EFO:0030003	derived	ols:efo		10x 3' transcription profiling	True
GSM9270134	geo:GSE309595:GSM9270134	tissue_ontology_term_id	UBERON:0000178	derived	ols:uberon		Blood	True
GSM9270134	geo:GSE309595:GSM9270134	disease_ontology_term_id	MONDO:0009693	derived	ols:mondo		multiple myeloma	True
GSM9270134	geo:GSE309595:GSM9270134	author_cell_type	<column seurat_pbmc_type>	column	work/fp-53430067aac0/aifi_converted/GSM9270134_B204-P1_PB04831-001_2024-03-20T00_34_45.589875783Z_labeled.cells.tsv.gz/seurat_pbmc_type			True
GSM9270135	geo:GSE309595:GSM9270135	sex_ontology_term_id	PATO:0000383	derived	sex_map		female	True
GSM9270135	geo:GSE309595:GSM9270135	assay_ontology_term_id	EFO:0030003	derived	ols:efo		10x 3' transcription profiling	True
GSM9270135	geo:GSE309595:GSM9270135	self_reported_ethnicity_ontology_term_id	HANCESTRO:0568	derived	ols:hancestro		African American	True
GSM9270135	geo:GSE309595:GSM9270135	tissue_ontology_term_id	UBERON:0000178	derived	ols:uberon		Blood	True
GSM9270135	geo:GSE309595:GSM9270135	disease_ontology_term_id	MONDO:0009693	derived	ols:mondo		multiple myeloma	True
GSM9270135	geo:GSE309595:GSM9270135	author_cell_type	<column seurat_pbmc_type>	column	work/fp-53430067aac0/aifi_converted/GSM9270135_B201-P2_PB04835-001_2024-01-08T18_58_27.327712363Z_labeled.cells.tsv.gz/seurat_pbmc_type			True
GSM9270136	geo:GSE309595:GSM9270136	sex_ontology_term_id	PATO:0000384	derived	sex_map		male	True
GSM9270136	geo:GSE309595:GSM9270136	assay_ontology_term_id	EFO:0030003	derived	ols:efo		10x 3' transcription profiling	True
GSM9270136	geo:GSE309595:GSM9270136	tissue_ontology_term_id	UBERON:0000178	derived	ols:uberon		Blood	True
GSM9270136	geo:GSE309595:GSM9270136	disease_ontology_term_id	MONDO:0009693	derived	ols:mondo		multiple myeloma	True
GSM9270136	geo:GSE309595:GSM9270136	author_cell_type	<column seurat_pbmc_type>	column	work/fp-53430067aac0/aifi_converted/GSM9270136_B201-P2_PB04836-001_2024-01-08T18_58_27.327712363Z_labeled.cells.tsv.gz/seurat_pbmc_type			True
GSM9270137	geo:GSE309595:GSM9270137	sex_ontology_term_id	PATO:0000383	derived	sex_map		female	True
GSM9270137	geo:GSE309595:GSM9270137	assay_ontology_term_id	EFO:0030003	derived	ols:efo		10x 3' transcription profiling	True
GSM9270137	geo:GSE309595:GSM9270137	tissue_ontology_term_id	UBERON:0000178	derived	ols:uberon		Blood	True
GSM9270137	geo:GSE309595:GSM9270137	disease_ontology_term_id	MONDO:0009693	derived	ols:mondo		multiple myeloma	True
GSM9270137	geo:GSE309595:GSM9270137	author_cell_type	<column seurat_pbmc_type>	column	work/fp-53430067aac0/aifi_converted/GSM9270137_B196-P2_PB04837-001_2023-12-12T21_58_32.925283761Z_labeled.cells.tsv.gz/seurat_pbmc_type			True
GSM9270138	geo:GSE309595:GSM9270138	sex_ontology_term_id	PATO:0000384	derived	sex_map		male	True
GSM9270138	geo:GSE309595:GSM9270138	assay_ontology_term_id	EFO:0030003	derived	ols:efo		10x 3' transcription profiling	True
GSM9270138	geo:GSE309595:GSM9270138	tissue_ontology_term_id	UBERON:0000178	derived	ols:uberon		Blood	True
GSM9270138	geo:GSE309595:GSM9270138	disease_ontology_term_id	MONDO:0009693	derived	ols:mondo		multiple myeloma	True
GSM9270138	geo:GSE309595:GSM9270138	author_cell_type	<column seurat_pbmc_type>	column	work/fp-53430067aac0/aifi_converted/GSM9270138_B201-P2_PB04838-001_2024-01-08T18_58_27.327712363Z_labeled.cells.tsv.gz/seurat_pbmc_type			True
GSM9270139	geo:GSE309595:GSM9270139	sex_ontology_term_id	PATO:0000383	derived	sex_map		female	True
GSM9270139	geo:GSE309595:GSM9270139	assay_ontology_term_id	EFO:0030003	derived	ols:efo		10x 3' transcription profiling	True
GSM9270139	geo:GSE309595:GSM9270139	self_reported_ethnicity_ontology_term_id	HANCESTRO:0568	derived	ols:hancestro		African American	True
GSM9270139	geo:GSE309595:GSM9270139	tissue_ontology_term_id	UBERON:0000178	derived	ols:uberon		Blood	True
GSM9270139	geo:GSE309595:GSM9270139	disease_ontology_term_id	MONDO:0009693	derived	ols:mondo		multiple myeloma	True
GSM9270139	geo:GSE309595:GSM9270139	author_cell_type	<column seurat_pbmc_type>	column	work/fp-53430067aac0/aifi_converted/GSM9270139_B201-P2_PB04845-001_2024-01-08T18_58_27.327712363Z_labeled.cells.tsv.gz/seurat_pbmc_type			True
GSM9270140	geo:GSE309595:GSM9270140	sex_ontology_term_id	PATO:0000384	derived	sex_map		male	True
GSM9270140	geo:GSE309595:GSM9270140	assay_ontology_term_id	EFO:0030003	derived	ols:efo		10x 3' transcription profiling	True
GSM9270140	geo:GSE309595:GSM9270140	tissue_ontology_term_id	UBERON:0000178	derived	ols:uberon		Blood	True
GSM9270140	geo:GSE309595:GSM9270140	disease_ontology_term_id	MONDO:0009693	derived	ols:mondo		multiple myeloma	True
GSM9270140	geo:GSE309595:GSM9270140	author_cell_type	<column seurat_pbmc_type>	column	work/fp-53430067aac0/aifi_converted/GSM9270140_B201-P2_PB04847-001_2024-01-08T18_58_27.327712363Z_labeled.cells.tsv.gz/seurat_pbmc_type			True
GSM9270141	geo:GSE309595:GSM9270141	sex_ontology_term_id	PATO:0000384	derived	sex_map		male	True
GSM9270141	geo:GSE309595:GSM9270141	assay_ontology_term_id	EFO:0030003	derived	ols:efo		10x 3' transcription profiling	True
GSM9270141	geo:GSE309595:GSM9270141	tissue_ontology_term_id	UBERON:0000178	derived	ols:uberon		Blood	True
GSM9270141	geo:GSE309595:GSM9270141	disease_ontology_term_id	MONDO:0009693	derived	ols:mondo		multiple myeloma	True
GSM9270141	geo:GSE309595:GSM9270141	author_cell_type	<column seurat_pbmc_type>	column	work/fp-53430067aac0/aifi_converted/GSM9270141_B196-P1_PB04848-001_2023-12-11T22_20_10.692390023Z_labeled.cells.tsv.gz/seurat_pbmc_type			True
GSM9270142	geo:GSE309595:GSM9270142	sex_ontology_term_id	PATO:0000384	derived	sex_map		male	True
GSM9270142	geo:GSE309595:GSM9270142	assay_ontology_term_id	EFO:0030003	derived	ols:efo		10x 3' transcription profiling	True
GSM9270142	geo:GSE309595:GSM9270142	tissue_ontology_term_id	UBERON:0000178	derived	ols:uberon		Blood	True
GSM9270142	geo:GSE309595:GSM9270142	disease_ontology_term_id	MONDO:0009693	derived	ols:mondo		multiple myeloma	True
GSM9270142	geo:GSE309595:GSM9270142	author_cell_type	<column seurat_pbmc_type>	column	work/fp-53430067aac0/aifi_converted/GSM9270142_B205-P2_PB05116-002_2024-03-14T17_58_19.835067654Z_labeled.cells.tsv.gz/seurat_pbmc_type			True
GSM9270143	geo:GSE309595:GSM9270143	sex_ontology_term_id	PATO:0000384	derived	sex_map		male	True
GSM9270143	geo:GSE309595:GSM9270143	assay_ontology_term_id	EFO:0030003	derived	ols:efo		10x 3' transcription profiling	True
GSM9270143	geo:GSE309595:GSM9270143	tissue_ontology_term_id	UBERON:0000178	derived	ols:uberon		Blood	True
GSM9270143	geo:GSE309595:GSM9270143	disease_ontology_term_id	MONDO:0009693	derived	ols:mondo		multiple myeloma	True
GSM9270143	geo:GSE309595:GSM9270143	author_cell_type	<column seurat_pbmc_type>	column	work/fp-53430067aac0/aifi_converted/GSM9270143_B201-P2_PB05124-001_2024-01-08T18_58_27.327712363Z_labeled.cells.tsv.gz/seurat_pbmc_type			True
GSM9270144	geo:GSE309595:GSM9270144	sex_ontology_term_id	PATO:0000384	derived	sex_map		male	True
GSM9270144	geo:GSE309595:GSM9270144	assay_ontology_term_id	EFO:0030003	derived	ols:efo		10x 3' transcription profiling	True
GSM9270144	geo:GSE309595:GSM9270144	tissue_ontology_term_id	UBERON:0000178	derived	ols:uberon		Blood	True
GSM9270144	geo:GSE309595:GSM9270144	disease_ontology_term_id	MONDO:0009693	derived	ols:mondo		multiple myeloma	True
GSM9270144	geo:GSE309595:GSM9270144	author_cell_type	<column seurat_pbmc_type>	column	work/fp-53430067aac0/aifi_converted/GSM9270144_B205-P2_PB05127-001_2024-03-14T17_58_19.835067654Z_labeled.cells.tsv.gz/seurat_pbmc_type			True
GSM9270145	geo:GSE309595:GSM9270145	sex_ontology_term_id	PATO:0000384	derived	sex_map		male	True
GSM9270145	geo:GSE309595:GSM9270145	assay_ontology_term_id	EFO:0030003	derived	ols:efo		10x 3' transcription profiling	True
GSM9270145	geo:GSE309595:GSM9270145	self_reported_ethnicity_ontology_term_id	HANCESTRO:0568	derived	ols:hancestro		African American	True
GSM9270145	geo:GSE309595:GSM9270145	tissue_ontology_term_id	UBERON:0000178	derived	ols:uberon		Blood	True
GSM9270145	geo:GSE309595:GSM9270145	disease_ontology_term_id	MONDO:0009693	derived	ols:mondo		multiple myeloma	True
GSM9270145	geo:GSE309595:GSM9270145	author_cell_type	<column seurat_pbmc_type>	column	work/fp-53430067aac0/aifi_converted/GSM9270145_B204-P2_PB05128-001_2024-03-20T00_34_15.591991999Z_labeled.cells.tsv.gz/seurat_pbmc_type			True
GSM9270146	geo:GSE309595:GSM9270146	sex_ontology_term_id	PATO:0000384	derived	sex_map		male	True
GSM9270146	geo:GSE309595:GSM9270146	assay_ontology_term_id	EFO:0030003	derived	ols:efo		10x 3' transcription profiling	True
GSM9270146	geo:GSE309595:GSM9270146	tissue_ontology_term_id	UBERON:0000178	derived	ols:uberon		Blood	True
GSM9270146	geo:GSE309595:GSM9270146	disease_ontology_term_id	MONDO:0009693	derived	ols:mondo		multiple myeloma	True
GSM9270146	geo:GSE309595:GSM9270146	author_cell_type	<column seurat_pbmc_type>	column	work/fp-53430067aac0/aifi_converted/GSM9270146_B205-P2_PB05130-002_2024-03-14T17_58_19.835067654Z_labeled.cells.tsv.gz/seurat_pbmc_type			True
GSM9270147	geo:GSE309595:GSM9270147	sex_ontology_term_id	PATO:0000384	derived	sex_map		male	True
GSM9270147	geo:GSE309595:GSM9270147	assay_ontology_term_id	EFO:0030003	derived	ols:efo		10x 3' transcription profiling	True
GSM9270147	geo:GSE309595:GSM9270147	tissue_ontology_term_id	UBERON:0000178	derived	ols:uberon		Blood	True
GSM9270147	geo:GSE309595:GSM9270147	disease_ontology_term_id	MONDO:0009693	derived	ols:mondo		multiple myeloma	True
GSM9270147	geo:GSE309595:GSM9270147	author_cell_type	<column seurat_pbmc_type>	column	work/fp-53430067aac0/aifi_converted/GSM9270147_B205-P2_PB05133-001_2024-03-14T17_58_19.835067654Z_labeled.cells.tsv.gz/seurat_pbmc_type			True
GSM9270148	geo:GSE309595:GSM9270148	sex_ontology_term_id	PATO:0000384	derived	sex_map		male	True
GSM9270148	geo:GSE309595:GSM9270148	assay_ontology_term_id	EFO:0030003	derived	ols:efo		10x 3' transcription profiling	True
GSM9270148	geo:GSE309595:GSM9270148	tissue_ontology_term_id	UBERON:0000178	derived	ols:uberon		Blood	True
GSM9270148	geo:GSE309595:GSM9270148	disease_ontology_term_id	MONDO:0009693	derived	ols:mondo		multiple myeloma	True
GSM9270148	geo:GSE309595:GSM9270148	author_cell_type	<column seurat_pbmc_type>	column	work/fp-53430067aac0/aifi_converted/GSM9270148_B205-P2_PB05138-001_2024-03-14T17_58_19.835067654Z_labeled.cells.tsv.gz/seurat_pbmc_type			True
GSM9270149	geo:GSE309595:GSM9270149	sex_ontology_term_id	PATO:0000384	derived	sex_map		male	True
GSM9270149	geo:GSE309595:GSM9270149	assay_ontology_term_id	EFO:0030003	derived	ols:efo		10x 3' transcription profiling	True
GSM9270149	geo:GSE309595:GSM9270149	tissue_ontology_term_id	UBERON:0000178	derived	ols:uberon		Blood	True
GSM9270149	geo:GSE309595:GSM9270149	disease_ontology_term_id	MONDO:0009693	derived	ols:mondo		multiple myeloma	True
GSM9270149	geo:GSE309595:GSM9270149	author_cell_type	<column seurat_pbmc_type>	column	work/fp-53430067aac0/aifi_converted/GSM9270149_B205-P2_PB05147-001_2024-03-14T17_58_19.835067654Z_labeled.cells.tsv.gz/seurat_pbmc_type			True
GSM9270150	geo:GSE309595:GSM9270150	sex_ontology_term_id	PATO:0000384	derived	sex_map		male	True
GSM9270150	geo:GSE309595:GSM9270150	assay_ontology_term_id	EFO:0030003	derived	ols:efo		10x 3' transcription profiling	True
GSM9270150	geo:GSE309595:GSM9270150	tissue_ontology_term_id	UBERON:0000178	derived	ols:uberon		Blood	True
GSM9270150	geo:GSE309595:GSM9270150	disease_ontology_term_id	MONDO:0009693	derived	ols:mondo		multiple myeloma	True
GSM9270150	geo:GSE309595:GSM9270150	author_cell_type	<column seurat_pbmc_type>	column	work/fp-53430067aac0/aifi_converted/GSM9270150_B205-P2_PB06429-001_2024-03-14T17_58_19.835067654Z_labeled.cells.tsv.gz/seurat_pbmc_type			True
GSM9270151	geo:GSE309595:GSM9270151	sex_ontology_term_id	PATO:0000384	derived	sex_map		male	True
GSM9270151	geo:GSE309595:GSM9270151	assay_ontology_term_id	EFO:0030003	derived	ols:efo		10x 3' transcription profiling	True
GSM9270151	geo:GSE309595:GSM9270151	tissue_ontology_term_id	UBERON:0000178	derived	ols:uberon		Blood	True
GSM9270151	geo:GSE309595:GSM9270151	disease_ontology_term_id	MONDO:0009693	derived	ols:mondo		multiple myeloma	True
GSM9270151	geo:GSE309595:GSM9270151	author_cell_type	<column seurat_pbmc_type>	column	work/fp-53430067aac0/aifi_converted/GSM9270151_B227-P2_PB06431-002_2024-09-24T17_19_01.73221424Z_labeled.cells.tsv.gz/seurat_pbmc_type			True
GSM9270152	geo:GSE309595:GSM9270152	sex_ontology_term_id	PATO:0000384	derived	sex_map		male	True
GSM9270152	geo:GSE309595:GSM9270152	assay_ontology_term_id	EFO:0030003	derived	ols:efo		10x 3' transcription profiling	True
GSM9270152	geo:GSE309595:GSM9270152	self_reported_ethnicity_ontology_term_id	HANCESTRO:0568	derived	ols:hancestro		African American	True
GSM9270152	geo:GSE309595:GSM9270152	tissue_ontology_term_id	UBERON:0000178	derived	ols:uberon		Blood	True
GSM9270152	geo:GSE309595:GSM9270152	disease_ontology_term_id	MONDO:0009693	derived	ols:mondo		multiple myeloma	True
GSM9270152	geo:GSE309595:GSM9270152	author_cell_type	<column seurat_pbmc_type>	column	work/fp-53430067aac0/aifi_converted/GSM9270152_B227-P2_PB06437-002_2024-09-24T17_19_01.73221424Z_labeled.cells.tsv.gz/seurat_pbmc_type			True
GSM9270153	geo:GSE309595:GSM9270153	sex_ontology_term_id	PATO:0000384	derived	sex_map		male	True
GSM9270153	geo:GSE309595:GSM9270153	assay_ontology_term_id	EFO:0030003	derived	ols:efo		10x 3' transcription profiling	True
GSM9270153	geo:GSE309595:GSM9270153	tissue_ontology_term_id	UBERON:0000178	derived	ols:uberon		Blood	True
GSM9270153	geo:GSE309595:GSM9270153	disease_ontology_term_id	MONDO:0009693	derived	ols:mondo		multiple myeloma	True
GSM9270153	geo:GSE309595:GSM9270153	author_cell_type	<column seurat_pbmc_type>	column	work/fp-53430067aac0/aifi_converted/GSM9270153_B227-P2_PB06438-001_2024-09-24T17_19_01.73221424Z_labeled.cells.tsv.gz/seurat_pbmc_type			True
GSM9270154	geo:GSE309595:GSM9270154	sex_ontology_term_id	PATO:0000384	derived	sex_map		male	True
GSM9270154	geo:GSE309595:GSM9270154	assay_ontology_term_id	EFO:0030003	derived	ols:efo		10x 3' transcription profiling	True
GSM9270154	geo:GSE309595:GSM9270154	tissue_ontology_term_id	UBERON:0000178	derived	ols:uberon		Blood	True
GSM9270154	geo:GSE309595:GSM9270154	disease_ontology_term_id	MONDO:0009693	derived	ols:mondo		multiple myeloma	True
GSM9270154	geo:GSE309595:GSM9270154	author_cell_type	<column seurat_pbmc_type>	column	work/fp-53430067aac0/aifi_converted/GSM9270154_B227-P2_PB06440-001_2024-09-24T17_19_01.73221424Z_labeled.cells.tsv.gz/seurat_pbmc_type			True
GSM9270155	geo:GSE309595:GSM9270155	sex_ontology_term_id	PATO:0000383	derived	sex_map		female	True
GSM9270155	geo:GSE309595:GSM9270155	assay_ontology_term_id	EFO:0030003	derived	ols:efo		10x 3' transcription profiling	True
GSM9270155	geo:GSE309595:GSM9270155	tissue_ontology_term_id	UBERON:0000178	derived	ols:uberon		Blood	True
GSM9270155	geo:GSE309595:GSM9270155	disease_ontology_term_id	MONDO:0009693	derived	ols:mondo		multiple myeloma	True
GSM9270155	geo:GSE309595:GSM9270155	author_cell_type	<column seurat_pbmc_type>	column	work/fp-53430067aac0/aifi_converted/GSM9270155_B227-P2_PB06442-001_2024-09-24T17_19_01.73221424Z_labeled.cells.tsv.gz/seurat_pbmc_type			True
GSM9270156	geo:GSE309595:GSM9270156	sex_ontology_term_id	PATO:0000384	derived	sex_map		male	True
GSM9270156	geo:GSE309595:GSM9270156	assay_ontology_term_id	EFO:0030003	derived	ols:efo		10x 3' transcription profiling	True
GSM9270156	geo:GSE309595:GSM9270156	tissue_ontology_term_id	UBERON:0000178	derived	ols:uberon		Blood	True
GSM9270156	geo:GSE309595:GSM9270156	disease_ontology_term_id	MONDO:0009693	derived	ols:mondo		multiple myeloma	True
GSM9270156	geo:GSE309595:GSM9270156	author_cell_type	<column seurat_pbmc_type>	column	work/fp-53430067aac0/aifi_converted/GSM9270156_B227-P2_PB06443-001_2024-09-24T17_19_01.73221424Z_labeled.cells.tsv.gz/seurat_pbmc_type			True
GSM9270157	geo:GSE309595:GSM9270157	sex_ontology_term_id	PATO:0000384	derived	sex_map		male	True
GSM9270157	geo:GSE309595:GSM9270157	assay_ontology_term_id	EFO:0030003	derived	ols:efo		10x 3' transcription profiling	True
GSM9270157	geo:GSE309595:GSM9270157	tissue_ontology_term_id	UBERON:0000178	derived	ols:uberon		Blood	True
GSM9270157	geo:GSE309595:GSM9270157	disease_ontology_term_id	MONDO:0009693	derived	ols:mondo		multiple myeloma	True
GSM9270157	geo:GSE309595:GSM9270157	author_cell_type	<column seurat_pbmc_type>	column	work/fp-53430067aac0/aifi_converted/GSM9270157_B234-P1_PB01362-03_2024-12-05T23_52_29.564509718Z_labeled.cells.tsv.gz/seurat_pbmc_type			True
GSM9270158	geo:GSE309595:GSM9270158	sex_ontology_term_id	PATO:0000384	derived	sex_map		male	True
GSM9270158	geo:GSE309595:GSM9270158	assay_ontology_term_id	EFO:0030003	derived	ols:efo		10x 3' transcription profiling	True
GSM9270158	geo:GSE309595:GSM9270158	tissue_ontology_term_id	UBERON:0000178	derived	ols:uberon		Blood	True
GSM9270158	geo:GSE309595:GSM9270158	disease_ontology_term_id	MONDO:0009693	derived	ols:mondo		multiple myeloma	True
GSM9270158	geo:GSE309595:GSM9270158	author_cell_type	<column seurat_pbmc_type>	column	work/fp-53430067aac0/aifi_converted/GSM9270158_B234-P1_PB01363-02_2024-12-05T23_52_29.564509718Z_labeled.cells.tsv.gz/seurat_pbmc_type			True
GSM9270159	geo:GSE309595:GSM9270159	sex_ontology_term_id	PATO:0000384	derived	sex_map		male	True
GSM9270159	geo:GSE309595:GSM9270159	assay_ontology_term_id	EFO:0030003	derived	ols:efo		10x 3' transcription profiling	True
GSM9270159	geo:GSE309595:GSM9270159	tissue_ontology_term_id	UBERON:0000178	derived	ols:uberon		Blood	True
GSM9270159	geo:GSE309595:GSM9270159	disease_ontology_term_id	MONDO:0009693	derived	ols:mondo		multiple myeloma	True
GSM9270159	geo:GSE309595:GSM9270159	author_cell_type	<column seurat_pbmc_type>	column	work/fp-53430067aac0/aifi_converted/GSM9270159_B234-P1_PB02046-02_2024-12-05T23_52_29.564509718Z_labeled.cells.tsv.gz/seurat_pbmc_type			True
GSM9270160	geo:GSE309595:GSM9270160	sex_ontology_term_id	PATO:0000384	derived	sex_map		male	True
GSM9270160	geo:GSE309595:GSM9270160	assay_ontology_term_id	EFO:0030003	derived	ols:efo		10x 3' transcription profiling	True
GSM9270160	geo:GSE309595:GSM9270160	tissue_ontology_term_id	UBERON:0000178	derived	ols:uberon		Blood	True
GSM9270160	geo:GSE309595:GSM9270160	disease_ontology_term_id	MONDO:0009693	derived	ols:mondo		multiple myeloma	True
GSM9270160	geo:GSE309595:GSM9270160	author_cell_type	<column seurat_pbmc_type>	column	work/fp-53430067aac0/aifi_converted/GSM9270160_B234-P1_PB02048-02_2024-12-05T23_52_29.564509718Z_labeled.cells.tsv.gz/seurat_pbmc_type			True
GSM9270161	geo:GSE309595:GSM9270161	sex_ontology_term_id	PATO:0000384	derived	sex_map		male	True
GSM9270161	geo:GSE309595:GSM9270161	assay_ontology_term_id	EFO:0030003	derived	ols:efo		10x 3' transcription profiling	True
GSM9270161	geo:GSE309595:GSM9270161	tissue_ontology_term_id	UBERON:0000178	derived	ols:uberon		Blood	True
GSM9270161	geo:GSE309595:GSM9270161	disease_ontology_term_id	MONDO:0009693	derived	ols:mondo		multiple myeloma	True
GSM9270161	geo:GSE309595:GSM9270161	author_cell_type	<column seurat_pbmc_type>	column	work/fp-53430067aac0/aifi_converted/GSM9270161_B234-P1_PB02058-02_2024-12-05T23_52_29.564509718Z_labeled.cells.tsv.gz/seurat_pbmc_type			True
GSM9270162	geo:GSE309595:GSM9270162	sex_ontology_term_id	PATO:0000384	derived	sex_map		male	True
GSM9270162	geo:GSE309595:GSM9270162	assay_ontology_term_id	EFO:0030003	derived	ols:efo		10x 3' transcription profiling	True
GSM9270162	geo:GSE309595:GSM9270162	tissue_ontology_term_id	UBERON:0000178	derived	ols:uberon		Blood	True
GSM9270162	geo:GSE309595:GSM9270162	disease_ontology_term_id	MONDO:0009693	derived	ols:mondo		multiple myeloma	True
GSM9270162	geo:GSE309595:GSM9270162	author_cell_type	<column seurat_pbmc_type>	column	work/fp-53430067aac0/aifi_converted/GSM9270162_B234-P1_PB02074-02_2024-12-05T23_52_29.564509718Z_labeled.cells.tsv.gz/seurat_pbmc_type			True
GSM9270163	geo:GSE309595:GSM9270163	sex_ontology_term_id	PATO:0000384	derived	sex_map		male	True
GSM9270163	geo:GSE309595:GSM9270163	assay_ontology_term_id	EFO:0030003	derived	ols:efo		10x 3' transcription profiling	True
GSM9270163	geo:GSE309595:GSM9270163	tissue_ontology_term_id	UBERON:0000178	derived	ols:uberon		Blood	True
GSM9270163	geo:GSE309595:GSM9270163	disease_ontology_term_id	MONDO:0009693	derived	ols:mondo		multiple myeloma	True
GSM9270163	geo:GSE309595:GSM9270163	author_cell_type	<column seurat_pbmc_type>	column	work/fp-53430067aac0/aifi_converted/GSM9270163_B234-P1_PB02089-04_2024-12-05T23_52_29.564509718Z_labeled.cells.tsv.gz/seurat_pbmc_type			True
GSM9270164	geo:GSE309595:GSM9270164	sex_ontology_term_id	PATO:0000384	derived	sex_map		male	True
GSM9270164	geo:GSE309595:GSM9270164	assay_ontology_term_id	EFO:0030003	derived	ols:efo		10x 3' transcription profiling	True
GSM9270164	geo:GSE309595:GSM9270164	tissue_ontology_term_id	UBERON:0000178	derived	ols:uberon		Blood	True
GSM9270164	geo:GSE309595:GSM9270164	disease_ontology_term_id	MONDO:0009693	derived	ols:mondo		multiple myeloma	True
GSM9270164	geo:GSE309595:GSM9270164	author_cell_type	<column seurat_pbmc_type>	column	work/fp-53430067aac0/aifi_converted/GSM9270164_B234-P1_PB02093-02_2024-12-05T23_52_29.564509718Z_labeled.cells.tsv.gz/seurat_pbmc_type			True
GSM9270165	geo:GSE309595:GSM9270165	sex_ontology_term_id	PATO:0000384	derived	sex_map		male	True
GSM9270165	geo:GSE309595:GSM9270165	assay_ontology_term_id	EFO:0030003	derived	ols:efo		10x 3' transcription profiling	True
GSM9270165	geo:GSE309595:GSM9270165	tissue_ontology_term_id	UBERON:0000178	derived	ols:uberon		Blood	True
GSM9270165	geo:GSE309595:GSM9270165	disease_ontology_term_id	MONDO:0009693	derived	ols:mondo		multiple myeloma	True
GSM9270165	geo:GSE309595:GSM9270165	author_cell_type	<column seurat_pbmc_type>	column	work/fp-53430067aac0/aifi_converted/GSM9270165_B234-P1_PB02684-002_2024-12-05T23_52_29.564509718Z_labeled.cells.tsv.gz/seurat_pbmc_type			True
GSM9270166	geo:GSE309595:GSM9270166	sex_ontology_term_id	PATO:0000383	derived	sex_map		female	True
GSM9270166	geo:GSE309595:GSM9270166	assay_ontology_term_id	EFO:0030003	derived	ols:efo		10x 3' transcription profiling	True
GSM9270166	geo:GSE309595:GSM9270166	tissue_ontology_term_id	UBERON:0000178	derived	ols:uberon		Blood	True
GSM9270166	geo:GSE309595:GSM9270166	disease_ontology_term_id	MONDO:0009693	derived	ols:mondo		multiple myeloma	True
GSM9270166	geo:GSE309595:GSM9270166	author_cell_type	<column seurat_pbmc_type>	column	work/fp-53430067aac0/aifi_converted/GSM9270166_B234-P2_PB02685-003_2025-01-21T17_57_28.282065834Z_labeled.cells.tsv.gz/seurat_pbmc_type			True
GSM9270167	geo:GSE309595:GSM9270167	sex_ontology_term_id	PATO:0000383	derived	sex_map		female	True
GSM9270167	geo:GSE309595:GSM9270167	assay_ontology_term_id	EFO:0030003	derived	ols:efo		10x 3' transcription profiling	True
GSM9270167	geo:GSE309595:GSM9270167	self_reported_ethnicity_ontology_term_id	HANCESTRO:0847	derived	ols:hancestro		Asian	True
GSM9270167	geo:GSE309595:GSM9270167	tissue_ontology_term_id	UBERON:0000178	derived	ols:uberon		Blood	True
GSM9270167	geo:GSE309595:GSM9270167	disease_ontology_term_id	MONDO:0009693	derived	ols:mondo		multiple myeloma	True
GSM9270167	geo:GSE309595:GSM9270167	author_cell_type	<column seurat_pbmc_type>	column	work/fp-53430067aac0/aifi_converted/GSM9270167_B240-P1_PB02700-003_2025-01-21T19_52_32.895880912Z_labeled.cells.tsv.gz/seurat_pbmc_type			True
GSM9270168	geo:GSE309595:GSM9270168	sex_ontology_term_id	PATO:0000383	derived	sex_map		female	True
GSM9270168	geo:GSE309595:GSM9270168	assay_ontology_term_id	EFO:0030003	derived	ols:efo		10x 3' transcription profiling	True
GSM9270168	geo:GSE309595:GSM9270168	tissue_ontology_term_id	UBERON:0000178	derived	ols:uberon		Blood	True
GSM9270168	geo:GSE309595:GSM9270168	disease_ontology_term_id	MONDO:0009693	derived	ols:mondo		multiple myeloma	True
GSM9270168	geo:GSE309595:GSM9270168	author_cell_type	<column seurat_pbmc_type>	column	work/fp-53430067aac0/aifi_converted/GSM9270168_B240-P1_PB02710-003_2025-01-21T19_52_32.895880912Z_labeled.cells.tsv.gz/seurat_pbmc_type			True
GSM9270169	geo:GSE309595:GSM9270169	sex_ontology_term_id	PATO:0000383	derived	sex_map		female	True
GSM9270169	geo:GSE309595:GSM9270169	assay_ontology_term_id	EFO:0030003	derived	ols:efo		10x 3' transcription profiling	True
GSM9270169	geo:GSE309595:GSM9270169	self_reported_ethnicity_ontology_term_id	HANCESTRO:0847	derived	ols:hancestro		Asian	True
GSM9270169	geo:GSE309595:GSM9270169	tissue_ontology_term_id	UBERON:0000178	derived	ols:uberon		Blood	True
GSM9270169	geo:GSE309595:GSM9270169	disease_ontology_term_id	MONDO:0009693	derived	ols:mondo		multiple myeloma	True
GSM9270169	geo:GSE309595:GSM9270169	author_cell_type	<column seurat_pbmc_type>	column	work/fp-53430067aac0/aifi_converted/GSM9270169_B240-P1_PB02714-002_2025-01-21T19_52_32.895880912Z_labeled.cells.tsv.gz/seurat_pbmc_type			True
GSM9270170	geo:GSE309595:GSM9270170	sex_ontology_term_id	PATO:0000384	derived	sex_map		male	True
GSM9270170	geo:GSE309595:GSM9270170	assay_ontology_term_id	EFO:0030003	derived	ols:efo		10x 3' transcription profiling	True
GSM9270170	geo:GSE309595:GSM9270170	tissue_ontology_term_id	UBERON:0000178	derived	ols:uberon		Blood	True
GSM9270170	geo:GSE309595:GSM9270170	disease_ontology_term_id	MONDO:0009693	derived	ols:mondo		multiple myeloma	True
GSM9270170	geo:GSE309595:GSM9270170	author_cell_type	<column seurat_pbmc_type>	column	work/fp-53430067aac0/aifi_converted/GSM9270170_B234-P2_PB02717-002_2025-01-21T17_57_28.282065834Z_labeled.cells.tsv.gz/seurat_pbmc_type			True
GSM9270171	geo:GSE309595:GSM9270171	sex_ontology_term_id	PATO:0000383	derived	sex_map		female	True
GSM9270171	geo:GSE309595:GSM9270171	assay_ontology_term_id	EFO:0030003	derived	ols:efo		10x 3' transcription profiling	True
GSM9270171	geo:GSE309595:GSM9270171	tissue_ontology_term_id	UBERON:0000178	derived	ols:uberon		Blood	True
GSM9270171	geo:GSE309595:GSM9270171	disease_ontology_term_id	MONDO:0009693	derived	ols:mondo		multiple myeloma	True
GSM9270171	geo:GSE309595:GSM9270171	author_cell_type	<column seurat_pbmc_type>	column	work/fp-53430067aac0/aifi_converted/GSM9270171_B234-P2_PB02718-003_2025-01-21T17_57_28.282065834Z_labeled.cells.tsv.gz/seurat_pbmc_type			True
GSM9270172	geo:GSE309595:GSM9270172	sex_ontology_term_id	PATO:0000383	derived	sex_map		female	True
GSM9270172	geo:GSE309595:GSM9270172	assay_ontology_term_id	EFO:0030003	derived	ols:efo		10x 3' transcription profiling	True
GSM9270172	geo:GSE309595:GSM9270172	tissue_ontology_term_id	UBERON:0000178	derived	ols:uberon		Blood	True
GSM9270172	geo:GSE309595:GSM9270172	disease_ontology_term_id	MONDO:0009693	derived	ols:mondo		multiple myeloma	True
GSM9270172	geo:GSE309595:GSM9270172	author_cell_type	<column seurat_pbmc_type>	column	work/fp-53430067aac0/aifi_converted/GSM9270172_B240-P1_PB02721-002_2025-01-21T19_52_32.895880912Z_labeled.cells.tsv.gz/seurat_pbmc_type			True
GSM9270173	geo:GSE309595:GSM9270173	sex_ontology_term_id	PATO:0000383	derived	sex_map		female	True
GSM9270173	geo:GSE309595:GSM9270173	assay_ontology_term_id	EFO:0030003	derived	ols:efo		10x 3' transcription profiling	True
GSM9270173	geo:GSE309595:GSM9270173	tissue_ontology_term_id	UBERON:0000178	derived	ols:uberon		Blood	True
GSM9270173	geo:GSE309595:GSM9270173	disease_ontology_term_id	MONDO:0009693	derived	ols:mondo		multiple myeloma	True
GSM9270173	geo:GSE309595:GSM9270173	author_cell_type	<column seurat_pbmc_type>	column	work/fp-53430067aac0/aifi_converted/GSM9270173_B234-P2_PB02722-002_2025-01-21T17_57_28.282065834Z_labeled.cells.tsv.gz/seurat_pbmc_type			True
GSM9270174	geo:GSE309595:GSM9270174	sex_ontology_term_id	PATO:0000384	derived	sex_map		male	True
GSM9270174	geo:GSE309595:GSM9270174	assay_ontology_term_id	EFO:0030003	derived	ols:efo		10x 3' transcription profiling	True
GSM9270174	geo:GSE309595:GSM9270174	tissue_ontology_term_id	UBERON:0000178	derived	ols:uberon		Blood	True
GSM9270174	geo:GSE309595:GSM9270174	disease_ontology_term_id	MONDO:0009693	derived	ols:mondo		multiple myeloma	True
GSM9270174	geo:GSE309595:GSM9270174	author_cell_type	<column seurat_pbmc_type>	column	work/fp-53430067aac0/aifi_converted/GSM9270174_B234-P1_PB02723-002_2024-12-05T23_52_29.564509718Z_labeled.cells.tsv.gz/seurat_pbmc_type			True
GSM9270175	geo:GSE309595:GSM9270175	sex_ontology_term_id	PATO:0000383	derived	sex_map		female	True
GSM9270175	geo:GSE309595:GSM9270175	assay_ontology_term_id	EFO:0030003	derived	ols:efo		10x 3' transcription profiling	True
GSM9270175	geo:GSE309595:GSM9270175	self_reported_ethnicity_ontology_term_id	HANCESTRO:0847	derived	ols:hancestro		Asian	True
GSM9270175	geo:GSE309595:GSM9270175	tissue_ontology_term_id	UBERON:0000178	derived	ols:uberon		Blood	True
GSM9270175	geo:GSE309595:GSM9270175	disease_ontology_term_id	MONDO:0009693	derived	ols:mondo		multiple myeloma	True
GSM9270175	geo:GSE309595:GSM9270175	author_cell_type	<column seurat_pbmc_type>	column	work/fp-53430067aac0/aifi_converted/GSM9270175_B240-P1_PB02724-002_2025-01-21T19_52_32.895880912Z_labeled.cells.tsv.gz/seurat_pbmc_type			True
GSM9270176	geo:GSE309595:GSM9270176	sex_ontology_term_id	PATO:0000384	derived	sex_map		male	True
GSM9270176	geo:GSE309595:GSM9270176	assay_ontology_term_id	EFO:0030003	derived	ols:efo		10x 3' transcription profiling	True
GSM9270176	geo:GSE309595:GSM9270176	tissue_ontology_term_id	UBERON:0000178	derived	ols:uberon		Blood	True
GSM9270176	geo:GSE309595:GSM9270176	disease_ontology_term_id	MONDO:0009693	derived	ols:mondo		multiple myeloma	True
GSM9270176	geo:GSE309595:GSM9270176	author_cell_type	<column seurat_pbmc_type>	column	work/fp-53430067aac0/aifi_converted/GSM9270176_B240-P2_PB02727-003_2025-02-13T21_10_20.308998951Z_labeled.cells.tsv.gz/seurat_pbmc_type			True
GSM9270177	geo:GSE309595:GSM9270177	sex_ontology_term_id	PATO:0000383	derived	sex_map		female	True
GSM9270177	geo:GSE309595:GSM9270177	assay_ontology_term_id	EFO:0030003	derived	ols:efo		10x 3' transcription profiling	True
GSM9270177	geo:GSE309595:GSM9270177	self_reported_ethnicity_ontology_term_id	HANCESTRO:0847	derived	ols:hancestro		Asian	True
GSM9270177	geo:GSE309595:GSM9270177	tissue_ontology_term_id	UBERON:0000178	derived	ols:uberon		Blood	True
GSM9270177	geo:GSE309595:GSM9270177	disease_ontology_term_id	MONDO:0009693	derived	ols:mondo		multiple myeloma	True
GSM9270177	geo:GSE309595:GSM9270177	author_cell_type	<column seurat_pbmc_type>	column	work/fp-53430067aac0/aifi_converted/GSM9270177_B240-P1_PB02730-002_2025-01-21T19_52_32.895880912Z_labeled.cells.tsv.gz/seurat_pbmc_type			True
GSM9270178	geo:GSE309595:GSM9270178	sex_ontology_term_id	PATO:0000383	derived	sex_map		female	True
GSM9270178	geo:GSE309595:GSM9270178	assay_ontology_term_id	EFO:0030003	derived	ols:efo		10x 3' transcription profiling	True
GSM9270178	geo:GSE309595:GSM9270178	tissue_ontology_term_id	UBERON:0000178	derived	ols:uberon		Blood	True
GSM9270178	geo:GSE309595:GSM9270178	disease_ontology_term_id	MONDO:0009693	derived	ols:mondo		multiple myeloma	True
GSM9270178	geo:GSE309595:GSM9270178	author_cell_type	<column seurat_pbmc_type>	column	work/fp-53430067aac0/aifi_converted/GSM9270178_B240-P1_PB02731-002_2025-01-21T19_52_32.895880912Z_labeled.cells.tsv.gz/seurat_pbmc_type			True
GSM9270179	geo:GSE309595:GSM9270179	sex_ontology_term_id	PATO:0000383	derived	sex_map		female	True
GSM9270179	geo:GSE309595:GSM9270179	assay_ontology_term_id	EFO:0030003	derived	ols:efo		10x 3' transcription profiling	True
GSM9270179	geo:GSE309595:GSM9270179	tissue_ontology_term_id	UBERON:0000178	derived	ols:uberon		Blood	True
GSM9270179	geo:GSE309595:GSM9270179	disease_ontology_term_id	MONDO:0009693	derived	ols:mondo		multiple myeloma	True
GSM9270179	geo:GSE309595:GSM9270179	author_cell_type	<column seurat_pbmc_type>	column	work/fp-53430067aac0/aifi_converted/GSM9270179_B234-P2_PB02742-002_2025-01-21T17_57_28.282065834Z_labeled.cells.tsv.gz/seurat_pbmc_type			True
GSM9270180	geo:GSE309595:GSM9270180	sex_ontology_term_id	PATO:0000383	derived	sex_map		female	True
GSM9270180	geo:GSE309595:GSM9270180	assay_ontology_term_id	EFO:0030003	derived	ols:efo		10x 3' transcription profiling	True
GSM9270180	geo:GSE309595:GSM9270180	tissue_ontology_term_id	UBERON:0000178	derived	ols:uberon		Blood	True
GSM9270180	geo:GSE309595:GSM9270180	disease_ontology_term_id	MONDO:0009693	derived	ols:mondo		multiple myeloma	True
GSM9270180	geo:GSE309595:GSM9270180	author_cell_type	<column seurat_pbmc_type>	column	work/fp-53430067aac0/aifi_converted/GSM9270180_B240-P1_PB02743-002_2025-01-21T19_52_32.895880912Z_labeled.cells.tsv.gz/seurat_pbmc_type			True
GSM9270181	geo:GSE309595:GSM9270181	sex_ontology_term_id	PATO:0000384	derived	sex_map		male	True
GSM9270181	geo:GSE309595:GSM9270181	assay_ontology_term_id	EFO:0030003	derived	ols:efo		10x 3' transcription profiling	True
GSM9270181	geo:GSE309595:GSM9270181	tissue_ontology_term_id	UBERON:0000178	derived	ols:uberon		Blood	True
GSM9270181	geo:GSE309595:GSM9270181	disease_ontology_term_id	MONDO:0009693	derived	ols:mondo		multiple myeloma	True
GSM9270181	geo:GSE309595:GSM9270181	author_cell_type	<column seurat_pbmc_type>	column	work/fp-53430067aac0/aifi_converted/GSM9270181_B234-P2_PB02744-002_2025-01-21T17_57_28.282065834Z_labeled.cells.tsv.gz/seurat_pbmc_type			True
GSM9270182	geo:GSE309595:GSM9270182	sex_ontology_term_id	PATO:0000383	derived	sex_map		female	True
GSM9270182	geo:GSE309595:GSM9270182	assay_ontology_term_id	EFO:0030003	derived	ols:efo		10x 3' transcription profiling	True
GSM9270182	geo:GSE309595:GSM9270182	tissue_ontology_term_id	UBERON:0000178	derived	ols:uberon		Blood	True
GSM9270182	geo:GSE309595:GSM9270182	disease_ontology_term_id	MONDO:0009693	derived	ols:mondo		multiple myeloma	True
GSM9270182	geo:GSE309595:GSM9270182	author_cell_type	<column seurat_pbmc_type>	column	work/fp-53430067aac0/aifi_converted/GSM9270182_B234-P2_PB02748-002_2025-01-21T17_57_28.282065834Z_labeled.cells.tsv.gz/seurat_pbmc_type			True
GSM9270183	geo:GSE309595:GSM9270183	sex_ontology_term_id	PATO:0000384	derived	sex_map		male	True
GSM9270183	geo:GSE309595:GSM9270183	assay_ontology_term_id	EFO:0030003	derived	ols:efo		10x 3' transcription profiling	True
GSM9270183	geo:GSE309595:GSM9270183	tissue_ontology_term_id	UBERON:0000178	derived	ols:uberon		Blood	True
GSM9270183	geo:GSE309595:GSM9270183	disease_ontology_term_id	MONDO:0009693	derived	ols:mondo		multiple myeloma	True
GSM9270183	geo:GSE309595:GSM9270183	author_cell_type	<column seurat_pbmc_type>	column	work/fp-53430067aac0/aifi_converted/GSM9270183_B240-P2_PB02749-002_2025-02-13T21_10_20.308998951Z_labeled.cells.tsv.gz/seurat_pbmc_type			True
GSM9270184	geo:GSE309595:GSM9270184	sex_ontology_term_id	PATO:0000384	derived	sex_map		male	True
GSM9270184	geo:GSE309595:GSM9270184	assay_ontology_term_id	EFO:0030003	derived	ols:efo		10x 3' transcription profiling	True
GSM9270184	geo:GSE309595:GSM9270184	tissue_ontology_term_id	UBERON:0000178	derived	ols:uberon		Blood	True
GSM9270184	geo:GSE309595:GSM9270184	disease_ontology_term_id	MONDO:0009693	derived	ols:mondo		multiple myeloma	True
GSM9270184	geo:GSE309595:GSM9270184	author_cell_type	<column seurat_pbmc_type>	column	work/fp-53430067aac0/aifi_converted/GSM9270184_B240-P2_PB02751-001_2025-02-13T21_10_20.308998951Z_labeled.cells.tsv.gz/seurat_pbmc_type			True
GSM9270185	geo:GSE309595:GSM9270185	sex_ontology_term_id	PATO:0000383	derived	sex_map		female	True
GSM9270185	geo:GSE309595:GSM9270185	assay_ontology_term_id	EFO:0030003	derived	ols:efo		10x 3' transcription profiling	True
GSM9270185	geo:GSE309595:GSM9270185	self_reported_ethnicity_ontology_term_id	HANCESTRO:0847	derived	ols:hancestro		Asian	True
GSM9270185	geo:GSE309595:GSM9270185	tissue_ontology_term_id	UBERON:0000178	derived	ols:uberon		Blood	True
GSM9270185	geo:GSE309595:GSM9270185	disease_ontology_term_id	MONDO:0009693	derived	ols:mondo		multiple myeloma	True
GSM9270185	geo:GSE309595:GSM9270185	author_cell_type	<column seurat_pbmc_type>	column	work/fp-53430067aac0/aifi_converted/GSM9270185_B240-P1_PB02753-002_2025-01-21T19_52_32.895880912Z_labeled.cells.tsv.gz/seurat_pbmc_type			True
GSM9270186	geo:GSE309595:GSM9270186	sex_ontology_term_id	PATO:0000383	derived	sex_map		female	True
GSM9270186	geo:GSE309595:GSM9270186	assay_ontology_term_id	EFO:0030003	derived	ols:efo		10x 3' transcription profiling	True
GSM9270186	geo:GSE309595:GSM9270186	tissue_ontology_term_id	UBERON:0000178	derived	ols:uberon		Blood	True
GSM9270186	geo:GSE309595:GSM9270186	disease_ontology_term_id	MONDO:0009693	derived	ols:mondo		multiple myeloma	True
GSM9270186	geo:GSE309595:GSM9270186	author_cell_type	<column seurat_pbmc_type>	column	work/fp-53430067aac0/aifi_converted/GSM9270186_B234-P2_PB02754-002_2025-01-21T17_57_28.282065834Z_labeled.cells.tsv.gz/seurat_pbmc_type			True
GSM9270187	geo:GSE309595:GSM9270187	sex_ontology_term_id	PATO:0000384	derived	sex_map		male	True
GSM9270187	geo:GSE309595:GSM9270187	assay_ontology_term_id	EFO:0030003	derived	ols:efo		10x 3' transcription profiling	True
GSM9270187	geo:GSE309595:GSM9270187	tissue_ontology_term_id	UBERON:0000178	derived	ols:uberon		Blood	True
GSM9270187	geo:GSE309595:GSM9270187	disease_ontology_term_id	MONDO:0009693	derived	ols:mondo		multiple myeloma	True
GSM9270187	geo:GSE309595:GSM9270187	author_cell_type	<column seurat_pbmc_type>	column	work/fp-53430067aac0/aifi_converted/GSM9270187_B240-P2_PB02755-002_2025-02-13T21_10_20.308998951Z_labeled.cells.tsv.gz/seurat_pbmc_type			True
GSM9270188	geo:GSE309595:GSM9270188	sex_ontology_term_id	PATO:0000384	derived	sex_map		male	True
GSM9270188	geo:GSE309595:GSM9270188	assay_ontology_term_id	EFO:0030003	derived	ols:efo		10x 3' transcription profiling	True
GSM9270188	geo:GSE309595:GSM9270188	tissue_ontology_term_id	UBERON:0000178	derived	ols:uberon		Blood	True
GSM9270188	geo:GSE309595:GSM9270188	disease_ontology_term_id	MONDO:0009693	derived	ols:mondo		multiple myeloma	True
GSM9270188	geo:GSE309595:GSM9270188	author_cell_type	<column seurat_pbmc_type>	column	work/fp-53430067aac0/aifi_converted/GSM9270188_B234-P1_PB02758-002_2024-12-05T23_52_29.564509718Z_labeled.cells.tsv.gz/seurat_pbmc_type			True
GSM9270189	geo:GSE309595:GSM9270189	sex_ontology_term_id	PATO:0000383	derived	sex_map		female	True
GSM9270189	geo:GSE309595:GSM9270189	assay_ontology_term_id	EFO:0030003	derived	ols:efo		10x 3' transcription profiling	True
GSM9270189	geo:GSE309595:GSM9270189	tissue_ontology_term_id	UBERON:0000178	derived	ols:uberon		Blood	True
GSM9270189	geo:GSE309595:GSM9270189	disease_ontology_term_id	MONDO:0009693	derived	ols:mondo		multiple myeloma	True
GSM9270189	geo:GSE309595:GSM9270189	author_cell_type	<column seurat_pbmc_type>	column	work/fp-53430067aac0/aifi_converted/GSM9270189_B240-P2_PB02759-003_2025-02-13T21_10_20.308998951Z_labeled.cells.tsv.gz/seurat_pbmc_type			True
GSM9270190	geo:GSE309595:GSM9270190	sex_ontology_term_id	PATO:0000383	derived	sex_map		female	True
GSM9270190	geo:GSE309595:GSM9270190	assay_ontology_term_id	EFO:0030003	derived	ols:efo		10x 3' transcription profiling	True
GSM9270190	geo:GSE309595:GSM9270190	tissue_ontology_term_id	UBERON:0000178	derived	ols:uberon		Blood	True
GSM9270190	geo:GSE309595:GSM9270190	disease_ontology_term_id	MONDO:0009693	derived	ols:mondo		multiple myeloma	True
GSM9270190	geo:GSE309595:GSM9270190	author_cell_type	<column seurat_pbmc_type>	column	work/fp-53430067aac0/aifi_converted/GSM9270190_B234-P2_PB02760-002_2025-01-21T17_57_28.282065834Z_labeled.cells.tsv.gz/seurat_pbmc_type			True
GSM9270191	geo:GSE309595:GSM9270191	sex_ontology_term_id	PATO:0000383	derived	sex_map		female	True
GSM9270191	geo:GSE309595:GSM9270191	assay_ontology_term_id	EFO:0030003	derived	ols:efo		10x 3' transcription profiling	True
GSM9270191	geo:GSE309595:GSM9270191	tissue_ontology_term_id	UBERON:0000178	derived	ols:uberon		Blood	True
GSM9270191	geo:GSE309595:GSM9270191	disease_ontology_term_id	MONDO:0009693	derived	ols:mondo		multiple myeloma	True
GSM9270191	geo:GSE309595:GSM9270191	author_cell_type	<column seurat_pbmc_type>	column	work/fp-53430067aac0/aifi_converted/GSM9270191_B240-P2_PB02761-002_2025-02-13T21_10_20.308998951Z_labeled.cells.tsv.gz/seurat_pbmc_type			True
GSM9270192	geo:GSE309595:GSM9270192	sex_ontology_term_id	PATO:0000384	derived	sex_map		male	True
GSM9270192	geo:GSE309595:GSM9270192	assay_ontology_term_id	EFO:0030003	derived	ols:efo		10x 3' transcription profiling	True
GSM9270192	geo:GSE309595:GSM9270192	tissue_ontology_term_id	UBERON:0000178	derived	ols:uberon		Blood	True
GSM9270192	geo:GSE309595:GSM9270192	disease_ontology_term_id	MONDO:0009693	derived	ols:mondo		multiple myeloma	True
GSM9270192	geo:GSE309595:GSM9270192	author_cell_type	<column seurat_pbmc_type>	column	work/fp-53430067aac0/aifi_converted/GSM9270192_B240-P2_PB02769-002_2025-02-13T21_10_20.308998951Z_labeled.cells.tsv.gz/seurat_pbmc_type			True
GSM9270193	geo:GSE309595:GSM9270193	sex_ontology_term_id	PATO:0000383	derived	sex_map		female	True
GSM9270193	geo:GSE309595:GSM9270193	assay_ontology_term_id	EFO:0030003	derived	ols:efo		10x 3' transcription profiling	True
GSM9270193	geo:GSE309595:GSM9270193	tissue_ontology_term_id	UBERON:0000178	derived	ols:uberon		Blood	True
GSM9270193	geo:GSE309595:GSM9270193	disease_ontology_term_id	MONDO:0009693	derived	ols:mondo		multiple myeloma	True
GSM9270193	geo:GSE309595:GSM9270193	author_cell_type	<column seurat_pbmc_type>	column	work/fp-53430067aac0/aifi_converted/GSM9270193_B240-P2_PB02774-002_2025-02-13T21_10_20.308998951Z_labeled.cells.tsv.gz/seurat_pbmc_type			True
GSM9270194	geo:GSE309595:GSM9270194	sex_ontology_term_id	PATO:0000383	derived	sex_map		female	True
GSM9270194	geo:GSE309595:GSM9270194	assay_ontology_term_id	EFO:0030003	derived	ols:efo		10x 3' transcription profiling	True
GSM9270194	geo:GSE309595:GSM9270194	self_reported_ethnicity_ontology_term_id	HANCESTRO:0847	derived	ols:hancestro		Asian	True
GSM9270194	geo:GSE309595:GSM9270194	tissue_ontology_term_id	UBERON:0000178	derived	ols:uberon		Blood	True
GSM9270194	geo:GSE309595:GSM9270194	disease_ontology_term_id	MONDO:0009693	derived	ols:mondo		multiple myeloma	True
GSM9270194	geo:GSE309595:GSM9270194	author_cell_type	<column seurat_pbmc_type>	column	work/fp-53430067aac0/aifi_converted/GSM9270194_B240-P1_PB02776-002_2025-01-21T19_52_32.895880912Z_labeled.cells.tsv.gz/seurat_pbmc_type			True
GSM9270195	geo:GSE309595:GSM9270195	sex_ontology_term_id	PATO:0000383	derived	sex_map		female	True
GSM9270195	geo:GSE309595:GSM9270195	assay_ontology_term_id	EFO:0030003	derived	ols:efo		10x 3' transcription profiling	True
GSM9270195	geo:GSE309595:GSM9270195	tissue_ontology_term_id	UBERON:0000178	derived	ols:uberon		Blood	True
GSM9270195	geo:GSE309595:GSM9270195	disease_ontology_term_id	MONDO:0009693	derived	ols:mondo		multiple myeloma	True
GSM9270195	geo:GSE309595:GSM9270195	author_cell_type	<column seurat_pbmc_type>	column	work/fp-53430067aac0/aifi_converted/GSM9270195_B240-P2_PB04678-002_2025-02-13T21_10_20.308998951Z_labeled.cells.tsv.gz/seurat_pbmc_type			True
GSM9270196	geo:GSE309595:GSM9270196	sex_ontology_term_id	PATO:0000383	derived	sex_map		female	True
GSM9270196	geo:GSE309595:GSM9270196	assay_ontology_term_id	EFO:0030003	derived	ols:efo		10x 3' transcription profiling	True
GSM9270196	geo:GSE309595:GSM9270196	tissue_ontology_term_id	UBERON:0000178	derived	ols:uberon		Blood	True
GSM9270196	geo:GSE309595:GSM9270196	disease_ontology_term_id	MONDO:0009693	derived	ols:mondo		multiple myeloma	True
GSM9270196	geo:GSE309595:GSM9270196	author_cell_type	<column seurat_pbmc_type>	column	work/fp-53430067aac0/aifi_converted/GSM9270196_B234-P2_PB04687-002_2025-01-21T17_57_28.282065834Z_labeled.cells.tsv.gz/seurat_pbmc_type			True
GSM9270197	geo:GSE309595:GSM9270197	sex_ontology_term_id	PATO:0000383	derived	sex_map		female	True
GSM9270197	geo:GSE309595:GSM9270197	assay_ontology_term_id	EFO:0030003	derived	ols:efo		10x 3' transcription profiling	True
GSM9270197	geo:GSE309595:GSM9270197	self_reported_ethnicity_ontology_term_id	HANCESTRO:0847	derived	ols:hancestro		Asian	True
GSM9270197	geo:GSE309595:GSM9270197	tissue_ontology_term_id	UBERON:0000178	derived	ols:uberon		Blood	True
GSM9270197	geo:GSE309595:GSM9270197	disease_ontology_term_id	MONDO:0009693	derived	ols:mondo		multiple myeloma	True
GSM9270197	geo:GSE309595:GSM9270197	author_cell_type	<column seurat_pbmc_type>	column	work/fp-53430067aac0/aifi_converted/GSM9270197_B240-P1_PB04688-002_2025-01-21T19_52_32.895880912Z_labeled.cells.tsv.gz/seurat_pbmc_type			True
GSM9270198	geo:GSE309595:GSM9270198	sex_ontology_term_id	PATO:0000384	derived	sex_map		male	True
GSM9270198	geo:GSE309595:GSM9270198	assay_ontology_term_id	EFO:0030003	derived	ols:efo		10x 3' transcription profiling	True
GSM9270198	geo:GSE309595:GSM9270198	tissue_ontology_term_id	UBERON:0000178	derived	ols:uberon		Blood	True
GSM9270198	geo:GSE309595:GSM9270198	disease_ontology_term_id	MONDO:0009693	derived	ols:mondo		multiple myeloma	True
GSM9270198	geo:GSE309595:GSM9270198	author_cell_type	<column seurat_pbmc_type>	column	work/fp-53430067aac0/aifi_converted/GSM9270198_B240-P2_PB04690-002_2025-02-13T21_10_20.308998951Z_labeled.cells.tsv.gz/seurat_pbmc_type			True
GSM9270199	geo:GSE309595:GSM9270199	sex_ontology_term_id	PATO:0000383	derived	sex_map		female	True
GSM9270199	geo:GSE309595:GSM9270199	assay_ontology_term_id	EFO:0030003	derived	ols:efo		10x 3' transcription profiling	True
GSM9270199	geo:GSE309595:GSM9270199	tissue_ontology_term_id	UBERON:0000178	derived	ols:uberon		Blood	True
GSM9270199	geo:GSE309595:GSM9270199	disease_ontology_term_id	MONDO:0009693	derived	ols:mondo		multiple myeloma	True
GSM9270199	geo:GSE309595:GSM9270199	author_cell_type	<column seurat_pbmc_type>	column	work/fp-53430067aac0/aifi_converted/GSM9270199_B234-P2_PB04827-002_2025-01-21T17_57_28.282065834Z_labeled.cells.tsv.gz/seurat_pbmc_type			True
GSM9270200	geo:GSE309595:GSM9270200	sex_ontology_term_id	PATO:0000384	derived	sex_map		male	True
GSM9270200	geo:GSE309595:GSM9270200	assay_ontology_term_id	EFO:0030003	derived	ols:efo		10x 3' transcription profiling	True
GSM9270200	geo:GSE309595:GSM9270200	tissue_ontology_term_id	UBERON:0000178	derived	ols:uberon		Blood	True
GSM9270200	geo:GSE309595:GSM9270200	disease_ontology_term_id	MONDO:0009693	derived	ols:mondo		multiple myeloma	True
GSM9270200	geo:GSE309595:GSM9270200	author_cell_type	<column seurat_pbmc_type>	column	work/fp-53430067aac0/aifi_converted/GSM9270200_B240-P2_PB04830-002_2025-02-13T21_10_20.308998951Z_labeled.cells.tsv.gz/seurat_pbmc_type			True
GSM9270201	geo:GSE309595:GSM9270201	sex_ontology_term_id	PATO:0000383	derived	sex_map		female	True
GSM9270201	geo:GSE309595:GSM9270201	assay_ontology_term_id	EFO:0030003	derived	ols:efo		10x 3' transcription profiling	True
GSM9270201	geo:GSE309595:GSM9270201	tissue_ontology_term_id	UBERON:0000178	derived	ols:uberon		Blood	True
GSM9270201	geo:GSE309595:GSM9270201	disease_ontology_term_id	MONDO:0009693	derived	ols:mondo		multiple myeloma	True
GSM9270201	geo:GSE309595:GSM9270201	author_cell_type	<column seurat_pbmc_type>	column	work/fp-53430067aac0/aifi_converted/GSM9270201_B246-P1_PB04834-001_2025-01-24T23_16_25.694449623Z_labeled.cells.tsv.gz/seurat_pbmc_type			True
GSM9270202	geo:GSE309595:GSM9270202	sex_ontology_term_id	PATO:0000384	derived	sex_map		male	True
GSM9270202	geo:GSE309595:GSM9270202	assay_ontology_term_id	EFO:0030003	derived	ols:efo		10x 3' transcription profiling	True
GSM9270202	geo:GSE309595:GSM9270202	tissue_ontology_term_id	UBERON:0000178	derived	ols:uberon		Blood	True
GSM9270202	geo:GSE309595:GSM9270202	disease_ontology_term_id	MONDO:0009693	derived	ols:mondo		multiple myeloma	True
GSM9270202	geo:GSE309595:GSM9270202	author_cell_type	<column seurat_pbmc_type>	column	work/fp-53430067aac0/aifi_converted/GSM9270202_B246-P2_PB04839-001_2025-01-30T18_46_00.234253583Z_labeled.cells.tsv.gz/seurat_pbmc_type			True
GSM9270203	geo:GSE309595:GSM9270203	sex_ontology_term_id	PATO:0000384	derived	sex_map		male	True
GSM9270203	geo:GSE309595:GSM9270203	assay_ontology_term_id	EFO:0030003	derived	ols:efo		10x 3' transcription profiling	True
GSM9270203	geo:GSE309595:GSM9270203	tissue_ontology_term_id	UBERON:0000178	derived	ols:uberon		Blood	True
GSM9270203	geo:GSE309595:GSM9270203	disease_ontology_term_id	MONDO:0009693	derived	ols:mondo		multiple myeloma	True
GSM9270203	geo:GSE309595:GSM9270203	author_cell_type	<column seurat_pbmc_type>	column	work/fp-53430067aac0/aifi_converted/GSM9270203_B246-P1_PB04841-002_2025-01-24T23_16_25.694449623Z_labeled.cells.tsv.gz/seurat_pbmc_type			True
GSM9270204	geo:GSE309595:GSM9270204	sex_ontology_term_id	PATO:0000384	derived	sex_map		male	True
GSM9270204	geo:GSE309595:GSM9270204	assay_ontology_term_id	EFO:0030003	derived	ols:efo		10x 3' transcription profiling	True
GSM9270204	geo:GSE309595:GSM9270204	tissue_ontology_term_id	UBERON:0000178	derived	ols:uberon		Blood	True
GSM9270204	geo:GSE309595:GSM9270204	disease_ontology_term_id	MONDO:0009693	derived	ols:mondo		multiple myeloma	True
GSM9270204	geo:GSE309595:GSM9270204	author_cell_type	<column seurat_pbmc_type>	column	work/fp-53430067aac0/aifi_converted/GSM9270204_B246-P1_PB04843-001_2025-01-24T23_16_25.694449623Z_labeled.cells.tsv.gz/seurat_pbmc_type			True
GSM9270205	geo:GSE309595:GSM9270205	sex_ontology_term_id	PATO:0000383	derived	sex_map		female	True
GSM9270205	geo:GSE309595:GSM9270205	assay_ontology_term_id	EFO:0030003	derived	ols:efo		10x 3' transcription profiling	True
GSM9270205	geo:GSE309595:GSM9270205	self_reported_ethnicity_ontology_term_id	HANCESTRO:0847	derived	ols:hancestro		Asian	True
GSM9270205	geo:GSE309595:GSM9270205	tissue_ontology_term_id	UBERON:0000178	derived	ols:uberon		Blood	True
GSM9270205	geo:GSE309595:GSM9270205	disease_ontology_term_id	MONDO:0009693	derived	ols:mondo		multiple myeloma	True
GSM9270205	geo:GSE309595:GSM9270205	author_cell_type	<column seurat_pbmc_type>	column	work/fp-53430067aac0/aifi_converted/GSM9270205_B246-P2_PB04844-002_2025-01-30T18_46_00.234253583Z_labeled.cells.tsv.gz/seurat_pbmc_type			True
GSM9270206	geo:GSE309595:GSM9270206	sex_ontology_term_id	PATO:0000384	derived	sex_map		male	True
GSM9270206	geo:GSE309595:GSM9270206	assay_ontology_term_id	EFO:0030003	derived	ols:efo		10x 3' transcription profiling	True
GSM9270206	geo:GSE309595:GSM9270206	tissue_ontology_term_id	UBERON:0000178	derived	ols:uberon		Blood	True
GSM9270206	geo:GSE309595:GSM9270206	disease_ontology_term_id	MONDO:0009693	derived	ols:mondo		multiple myeloma	True
GSM9270206	geo:GSE309595:GSM9270206	author_cell_type	<column seurat_pbmc_type>	column	work/fp-53430067aac0/aifi_converted/GSM9270206_B246-P2_PB04846-001_2025-01-30T18_46_00.234253583Z_labeled.cells.tsv.gz/seurat_pbmc_type			True
GSM9270207	geo:GSE309595:GSM9270207	sex_ontology_term_id	PATO:0000384	derived	sex_map		male	True
GSM9270207	geo:GSE309595:GSM9270207	assay_ontology_term_id	EFO:0030003	derived	ols:efo		10x 3' transcription profiling	True
GSM9270207	geo:GSE309595:GSM9270207	tissue_ontology_term_id	UBERON:0000178	derived	ols:uberon		Blood	True
GSM9270207	geo:GSE309595:GSM9270207	disease_ontology_term_id	MONDO:0009693	derived	ols:mondo		multiple myeloma	True
GSM9270207	geo:GSE309595:GSM9270207	author_cell_type	<column seurat_pbmc_type>	column	work/fp-53430067aac0/aifi_converted/GSM9270207_B246-P2_PB05115-001_2025-01-30T18_46_00.234253583Z_labeled.cells.tsv.gz/seurat_pbmc_type			True
GSM9270208	geo:GSE309595:GSM9270208	sex_ontology_term_id	PATO:0000384	derived	sex_map		male	True
GSM9270208	geo:GSE309595:GSM9270208	assay_ontology_term_id	EFO:0030003	derived	ols:efo		10x 3' transcription profiling	True
GSM9270208	geo:GSE309595:GSM9270208	tissue_ontology_term_id	UBERON:0000178	derived	ols:uberon		Blood	True
GSM9270208	geo:GSE309595:GSM9270208	disease_ontology_term_id	MONDO:0009693	derived	ols:mondo		multiple myeloma	True
GSM9270208	geo:GSE309595:GSM9270208	author_cell_type	<column seurat_pbmc_type>	column	work/fp-53430067aac0/aifi_converted/GSM9270208_B246-P2_PB05117-001_2025-01-30T18_46_00.234253583Z_labeled.cells.tsv.gz/seurat_pbmc_type			True
GSM9270209	geo:GSE309595:GSM9270209	sex_ontology_term_id	PATO:0000383	derived	sex_map		female	True
GSM9270209	geo:GSE309595:GSM9270209	assay_ontology_term_id	EFO:0030003	derived	ols:efo		10x 3' transcription profiling	True
GSM9270209	geo:GSE309595:GSM9270209	tissue_ontology_term_id	UBERON:0000178	derived	ols:uberon		Blood	True
GSM9270209	geo:GSE309595:GSM9270209	disease_ontology_term_id	MONDO:0009693	derived	ols:mondo		multiple myeloma	True
GSM9270209	geo:GSE309595:GSM9270209	author_cell_type	<column seurat_pbmc_type>	column	work/fp-53430067aac0/aifi_converted/GSM9270209_B246-P1_PB05118-001_2025-01-24T23_16_25.694449623Z_labeled.cells.tsv.gz/seurat_pbmc_type			True
GSM9270210	geo:GSE309595:GSM9270210	sex_ontology_term_id	PATO:0000383	derived	sex_map		female	True
GSM9270210	geo:GSE309595:GSM9270210	assay_ontology_term_id	EFO:0030003	derived	ols:efo		10x 3' transcription profiling	True
GSM9270210	geo:GSE309595:GSM9270210	tissue_ontology_term_id	UBERON:0000178	derived	ols:uberon		Blood	True
GSM9270210	geo:GSE309595:GSM9270210	disease_ontology_term_id	MONDO:0009693	derived	ols:mondo		multiple myeloma	True
GSM9270210	geo:GSE309595:GSM9270210	author_cell_type	<column seurat_pbmc_type>	column	work/fp-53430067aac0/aifi_converted/GSM9270210_B246-P1_PB05121-001_2025-01-24T23_16_25.694449623Z_labeled.cells.tsv.gz/seurat_pbmc_type			True
GSM9270211	geo:GSE309595:GSM9270211	sex_ontology_term_id	PATO:0000384	derived	sex_map		male	True
GSM9270211	geo:GSE309595:GSM9270211	assay_ontology_term_id	EFO:0030003	derived	ols:efo		10x 3' transcription profiling	True
GSM9270211	geo:GSE309595:GSM9270211	tissue_ontology_term_id	UBERON:0000178	derived	ols:uberon		Blood	True
GSM9270211	geo:GSE309595:GSM9270211	disease_ontology_term_id	MONDO:0009693	derived	ols:mondo		multiple myeloma	True
GSM9270211	geo:GSE309595:GSM9270211	author_cell_type	<column seurat_pbmc_type>	column	work/fp-53430067aac0/aifi_converted/GSM9270211_B246-P2_PB05122-001_2025-01-30T18_46_00.234253583Z_labeled.cells.tsv.gz/seurat_pbmc_type			True
GSM9270212	geo:GSE309595:GSM9270212	sex_ontology_term_id	PATO:0000384	derived	sex_map		male	True
GSM9270212	geo:GSE309595:GSM9270212	assay_ontology_term_id	EFO:0030003	derived	ols:efo		10x 3' transcription profiling	True
GSM9270212	geo:GSE309595:GSM9270212	tissue_ontology_term_id	UBERON:0000178	derived	ols:uberon		Blood	True
GSM9270212	geo:GSE309595:GSM9270212	disease_ontology_term_id	MONDO:0009693	derived	ols:mondo		multiple myeloma	True
GSM9270212	geo:GSE309595:GSM9270212	author_cell_type	<column seurat_pbmc_type>	column	work/fp-53430067aac0/aifi_converted/GSM9270212_B246-P1_PB05131-001_2025-01-24T23_16_25.694449623Z_labeled.cells.tsv.gz/seurat_pbmc_type			True
GSM9270213	geo:GSE309595:GSM9270213	sex_ontology_term_id	PATO:0000383	derived	sex_map		female	True
GSM9270213	geo:GSE309595:GSM9270213	assay_ontology_term_id	EFO:0030003	derived	ols:efo		10x 3' transcription profiling	True
GSM9270213	geo:GSE309595:GSM9270213	tissue_ontology_term_id	UBERON:0000178	derived	ols:uberon		Blood	True
GSM9270213	geo:GSE309595:GSM9270213	disease_ontology_term_id	MONDO:0009693	derived	ols:mondo		multiple myeloma	True
GSM9270213	geo:GSE309595:GSM9270213	author_cell_type	<column seurat_pbmc_type>	column	work/fp-53430067aac0/aifi_converted/GSM9270213_B246-P1_PB05134-001_2025-01-24T23_16_25.694449623Z_labeled.cells.tsv.gz/seurat_pbmc_type			True
GSM9270214	geo:GSE309595:GSM9270214	sex_ontology_term_id	PATO:0000384	derived	sex_map		male	True
GSM9270214	geo:GSE309595:GSM9270214	assay_ontology_term_id	EFO:0030003	derived	ols:efo		10x 3' transcription profiling	True
GSM9270214	geo:GSE309595:GSM9270214	tissue_ontology_term_id	UBERON:0000178	derived	ols:uberon		Blood	True
GSM9270214	geo:GSE309595:GSM9270214	disease_ontology_term_id	MONDO:0009693	derived	ols:mondo		multiple myeloma	True
GSM9270214	geo:GSE309595:GSM9270214	author_cell_type	<column seurat_pbmc_type>	column	work/fp-53430067aac0/aifi_converted/GSM9270214_B246-P2_PB05144-001_2025-01-30T18_46_00.234253583Z_labeled.cells.tsv.gz/seurat_pbmc_type			True
GSM9270215	geo:GSE309595:GSM9270215	sex_ontology_term_id	PATO:0000383	derived	sex_map		female	True
GSM9270215	geo:GSE309595:GSM9270215	assay_ontology_term_id	EFO:0030003	derived	ols:efo		10x 3' transcription profiling	True
GSM9270215	geo:GSE309595:GSM9270215	tissue_ontology_term_id	UBERON:0000178	derived	ols:uberon		Blood	True
GSM9270215	geo:GSE309595:GSM9270215	disease_ontology_term_id	MONDO:0009693	derived	ols:mondo		multiple myeloma	True
GSM9270215	geo:GSE309595:GSM9270215	author_cell_type	<column seurat_pbmc_type>	column	work/fp-53430067aac0/aifi_converted/GSM9270215_B246-P1_PB06428-001_2025-01-24T23_16_25.694449623Z_labeled.cells.tsv.gz/seurat_pbmc_type			True
GSM9270216	geo:GSE309595:GSM9270216	sex_ontology_term_id	PATO:0000384	derived	sex_map		male	True
GSM9270216	geo:GSE309595:GSM9270216	assay_ontology_term_id	EFO:0030003	derived	ols:efo		10x 3' transcription profiling	True
GSM9270216	geo:GSE309595:GSM9270216	tissue_ontology_term_id	UBERON:0000178	derived	ols:uberon		Blood	True
GSM9270216	geo:GSE309595:GSM9270216	disease_ontology_term_id	MONDO:0009693	derived	ols:mondo		multiple myeloma	True
GSM9270216	geo:GSE309595:GSM9270216	author_cell_type	<column seurat_pbmc_type>	column	work/fp-53430067aac0/aifi_converted/GSM9270216_B246-P1_PB06432-001_2025-01-24T23_16_25.694449623Z_labeled.cells.tsv.gz/seurat_pbmc_type			True
GSM9270217	geo:GSE309595:GSM9270217	sex_ontology_term_id	PATO:0000384	derived	sex_map		male	True
GSM9270217	geo:GSE309595:GSM9270217	assay_ontology_term_id	EFO:0030003	derived	ols:efo		10x 3' transcription profiling	True
GSM9270217	geo:GSE309595:GSM9270217	tissue_ontology_term_id	UBERON:0000178	derived	ols:uberon		Blood	True
GSM9270217	geo:GSE309595:GSM9270217	disease_ontology_term_id	MONDO:0009693	derived	ols:mondo		multiple myeloma	True
GSM9270217	geo:GSE309595:GSM9270217	author_cell_type	<column seurat_pbmc_type>	column	work/fp-53430067aac0/aifi_converted/GSM9270217_B246-P2_PB06434-001_2025-01-30T18_46_00.234253583Z_labeled.cells.tsv.gz/seurat_pbmc_type			True
GSM9270218	geo:GSE309595:GSM9270218	sex_ontology_term_id	PATO:0000384	derived	sex_map		male	True
GSM9270218	geo:GSE309595:GSM9270218	assay_ontology_term_id	EFO:0030003	derived	ols:efo		10x 3' transcription profiling	True
GSM9270218	geo:GSE309595:GSM9270218	tissue_ontology_term_id	UBERON:0000178	derived	ols:uberon		Blood	True
GSM9270218	geo:GSE309595:GSM9270218	disease_ontology_term_id	MONDO:0009693	derived	ols:mondo		multiple myeloma	True
GSM9270218	geo:GSE309595:GSM9270218	author_cell_type	<column seurat_pbmc_type>	column	work/fp-53430067aac0/aifi_converted/GSM9270218_B246-P2_PB06441-001_2025-01-30T18_46_00.234253583Z_labeled.cells.tsv.gz/seurat_pbmc_type			True
GSM9618382	geo:GSE309595:GSM9618382	sex_ontology_term_id	PATO:0000383	derived	sex_map		female	True
GSM9618382	geo:GSE309595:GSM9618382	assay_ontology_term_id	EFO:0009294	derived	ols:efo		CITE-seq	True
GSM9618382	geo:GSE309595:GSM9618382	self_reported_ethnicity_ontology_term_id	HANCESTRO:0847	derived	ols:hancestro		Asian	True
GSM9618382	geo:GSE309595:GSM9618382	tissue_ontology_term_id	UBERON:0002371	derived	ols:uberon		Bone Marrow	True
GSM9618382	geo:GSE309595:GSM9618382	author_cell_type	<column seurat_pbmc_type>	column	work/fp-53430067aac0/aifi_converted/GSM9618379_B199-P1_BMC06475-001_2024-01-17T23_43_17.666435698Z_labeled.cells.tsv.gz/seurat_pbmc_type			True
GSM9618381	geo:GSE309595:GSM9618381	sex_ontology_term_id	PATO:0000383	derived	sex_map		female	True
GSM9618381	geo:GSE309595:GSM9618381	assay_ontology_term_id	EFO:0009294	derived	ols:efo		CITE-seq	True
GSM9618381	geo:GSE309595:GSM9618381	tissue_ontology_term_id	UBERON:0002371	derived	ols:uberon		Bone Marrow	True
GSM9618381	geo:GSE309595:GSM9618381	author_cell_type	<column seurat_pbmc_type>	column	work/fp-53430067aac0/aifi_converted/GSM9618380_B199-P1_BMC06476-001_2024-01-17T23_43_17.666435698Z_labeled.cells.tsv.gz/seurat_pbmc_type			True
GSM9618380	geo:GSE309595:GSM9618380	sex_ontology_term_id	PATO:0000383	derived	sex_map		female	True
GSM9618380	geo:GSE309595:GSM9618380	assay_ontology_term_id	EFO:0009294	derived	ols:efo		CITE-seq	True
GSM9618380	geo:GSE309595:GSM9618380	tissue_ontology_term_id	UBERON:0002371	derived	ols:uberon		Bone Marrow	True
GSM9618380	geo:GSE309595:GSM9618380	author_cell_type	<column seurat_pbmc_type>	column	work/fp-53430067aac0/aifi_converted/GSM9618381_B199-P1_BMC06477-001_2024-01-17T23_43_17.666435698Z_labeled.cells.tsv.gz/seurat_pbmc_type			True
GSM9618383	geo:GSE309595:GSM9618383	sex_ontology_term_id	PATO:0000384	derived	sex_map		male	True
GSM9618383	geo:GSE309595:GSM9618383	assay_ontology_term_id	EFO:0009294	derived	ols:efo		CITE-seq	True
GSM9618383	geo:GSE309595:GSM9618383	tissue_ontology_term_id	UBERON:0002371	derived	ols:uberon		Bone Marrow	True
GSM9618383	geo:GSE309595:GSM9618383	author_cell_type	<column seurat_pbmc_type>	column	work/fp-53430067aac0/aifi_converted/GSM9618382_B199-P1_BMC06478-001_2024-01-17T23_43_17.666435698Z_labeled.cells.tsv.gz/seurat_pbmc_type			True
GSM9618385	geo:GSE309595:GSM9618385	sex_ontology_term_id	PATO:0000384	derived	sex_map		male	True
GSM9618385	geo:GSE309595:GSM9618385	assay_ontology_term_id	EFO:0009294	derived	ols:efo		CITE-seq	True
GSM9618385	geo:GSE309595:GSM9618385	tissue_ontology_term_id	UBERON:0002371	derived	ols:uberon		Bone Marrow	True
GSM9618385	geo:GSE309595:GSM9618385	author_cell_type	<column seurat_pbmc_type>	column	work/fp-53430067aac0/aifi_converted/GSM9618383_B199-P1_BMC06479-001_2024-01-17T23_43_17.666435698Z_labeled.cells.tsv.gz/seurat_pbmc_type			True
GSM9618384	geo:GSE309595:GSM9618384	sex_ontology_term_id	PATO:0000383	derived	sex_map		female	True
GSM9618384	geo:GSE309595:GSM9618384	assay_ontology_term_id	EFO:0009294	derived	ols:efo		CITE-seq	True
GSM9618384	geo:GSE309595:GSM9618384	tissue_ontology_term_id	UBERON:0002371	derived	ols:uberon		Bone Marrow	True
GSM9618384	geo:GSE309595:GSM9618384	author_cell_type	<column seurat_pbmc_type>	column	work/fp-53430067aac0/aifi_converted/GSM9618384_B199-P1_BMC06480-001_2024-01-17T23_43_17.666435698Z_labeled.cells.tsv.gz/seurat_pbmc_type			True
GSM9618388	geo:GSE309595:GSM9618388	sex_ontology_term_id	PATO:0000384	derived	sex_map		male	True
GSM9618388	geo:GSE309595:GSM9618388	assay_ontology_term_id	EFO:0009294	derived	ols:efo		CITE-seq	True
GSM9618388	geo:GSE309595:GSM9618388	tissue_ontology_term_id	UBERON:0002371	derived	ols:uberon		Bone Marrow	True
GSM9618388	geo:GSE309595:GSM9618388	author_cell_type	<column seurat_pbmc_type>	column	work/fp-53430067aac0/aifi_converted/GSM9618385_B199-P1_BMC06481-001_2024-01-17T23_43_17.666435698Z_labeled.cells.tsv.gz/seurat_pbmc_type			True
GSM9618387	geo:GSE309595:GSM9618387	sex_ontology_term_id	PATO:0000384	derived	sex_map		male	True
GSM9618387	geo:GSE309595:GSM9618387	assay_ontology_term_id	EFO:0009294	derived	ols:efo		CITE-seq	True
GSM9618387	geo:GSE309595:GSM9618387	tissue_ontology_term_id	UBERON:0002371	derived	ols:uberon		Bone Marrow	True
GSM9618387	geo:GSE309595:GSM9618387	author_cell_type	<column seurat_pbmc_type>	column	work/fp-53430067aac0/aifi_converted/GSM9618386_B199-P1_BMC06482-001_2024-01-17T23_43_17.666435698Z_labeled.cells.tsv.gz/seurat_pbmc_type			True
GSM9618379	geo:GSE309595:GSM9618379	sex_ontology_term_id	PATO:0000384	derived	sex_map		male	True
GSM9618379	geo:GSE309595:GSM9618379	assay_ontology_term_id	EFO:0009294	derived	ols:efo		CITE-seq	True
GSM9618379	geo:GSE309595:GSM9618379	tissue_ontology_term_id	UBERON:0002371	derived	ols:uberon		Bone Marrow	True
GSM9618379	geo:GSE309595:GSM9618379	author_cell_type	<column seurat_pbmc_type>	column	work/fp-53430067aac0/aifi_converted/GSM9618387_B210-P1_BMC01671-16_2024-06-12T18_39_35.186617866Z_labeled.cells.tsv.gz/seurat_pbmc_type			True
GSM9618386	geo:GSE309595:GSM9618386	sex_ontology_term_id	PATO:0000383	derived	sex_map		female	True
GSM9618386	geo:GSE309595:GSM9618386	assay_ontology_term_id	EFO:0009294	derived	ols:efo		CITE-seq	True
GSM9618386	geo:GSE309595:GSM9618386	tissue_ontology_term_id	UBERON:0002371	derived	ols:uberon		Bone Marrow	True
GSM9618386	geo:GSE309595:GSM9618386	author_cell_type	<column seurat_pbmc_type>	column	work/fp-53430067aac0/aifi_converted/GSM9618388_B210-P1_BMC06853-001_2024-06-12T18_39_35.186617866Z_labeled.cells.tsv.gz/seurat_pbmc_type			True
		organism	Homo sapiens	file	raw/fp-53430067aac0/GSE309595_family.soft.gz		!Sample_organism_ch1 = Homo sapiens	True
		organism	Homo sapiens	file	raw/fp-53430067aac0/GSE309595_family.soft.gz		!Series_sample_taxid = 9606	True
GSM9269956	geo:GSE309595:GSM9269956	donor_id	FH1016	file	raw/fp-53430067aac0/GSE309595_family.soft.gz		!Sample_characteristics_ch1 = subject id: FH1016	True
GSM9269956	geo:GSE309595:GSM9269956	sex	male	file	raw/fp-53430067aac0/GSE309595_family.soft.gz		!Sample_characteristics_ch1 = Sex: Male	True
GSM9269956	geo:GSE309595:GSM9269956	tissue_free_text	Blood	file	raw/fp-53430067aac0/GSE309595_family.soft.gz		!Sample_characteristics_ch1 = tissue: Blood	True
GSM9269956	geo:GSE309595:GSM9269956	tissue_type	tissue	file	raw/fp-53430067aac0/GSE309595_family.soft.gz		!Sample_characteristics_ch1 = tissue: Blood	True
GSM9269956	geo:GSE309595:GSM9269956	tissue_type	tissue	file	raw/fp-53430067aac0/GSE309595_family.soft.gz		!Sample_characteristics_ch1 = cell type: PBMC	True
GSM9269956	geo:GSE309595:GSM9269956	suspension_type	cell	file	raw/fp-53430067aac0/GSE309595_family.soft.gz		single cell gene expression assay with Cell Hashing	True
GSM9269956	geo:GSE309595:GSM9269956	suspension_type	cell	file	raw/fp-53430067aac0/GSE309595_family.soft.gz		PBMCs were removed from liquid nitrogen and rapidly thawed in a 37	True
GSM9269956	geo:GSE309595:GSM9269956	gene_annotation_version	Ensembl v93	file	raw/fp-53430067aac0/GSE309595_family.soft.gz		refdata-cellranger-GRCh38-3.0.0; based on the GRCh38 genome reference and Ensembl v93 transcriptome annotations	True
GSM9269956	geo:GSE309595:GSM9269956	assay	10x 3' transcription profiling	file	raw/fp-53430067aac0/GSE309595_family.soft.gz		scRNAseq libraries were generated using a modified 10x genomics chromium 3′ single cell gene expression assay with Cell Hashing.	True
GSM9269956	geo:GSE309595:GSM9269956	self_reported_ethnicity	African American	file	raw/fp-53430067aac0/GSE309595_family.soft.gz		!Sample_characteristics_ch1 = race: African American	True
GSM9269956	geo:GSE309595:GSM9269956	disease_free_text	multiple myeloma	file	raw/fp-53430067aac0/GSE309595_family.soft.gz		Multiple myeloma (MM) is a hematological malignancy characterized by an expansion of malignant plasma cells in the bone marrow.	True
GSM9269956	geo:GSE309595:GSM9269956	disease_free_text	multiple myeloma	file	raw/fp-53430067aac0/GSE309595_family.soft.gz		!Sample_characteristics_ch1 = subject id: FH1016	True
GSM9269956	geo:GSE309595:GSM9269956	disease_free_text	multiple myeloma	file	raw/fp-53430067aac0/GSE309595_family.soft.gz		!Sample_characteristics_ch1 = visit: MM Post Transplant 1 year	True
GSM9269956	geo:GSE309595:GSM9269956	disease_free_text	multiple myeloma	file	raw/fp-53430067aac0/GSE309595_family.soft.gz		A cohort of patients aged 30 and older with newly diagnosed MM requiring systemic therapy was enrolled in Seattle, WA	True
GSM9269957	geo:GSE309595:GSM9269957	donor_id	FH1002	file	raw/fp-53430067aac0/GSE309595_family.soft.gz		!Sample_characteristics_ch1 = subject id: FH1002	True
GSM9269957	geo:GSE309595:GSM9269957	sex	female	file	raw/fp-53430067aac0/GSE309595_family.soft.gz		!Sample_characteristics_ch1 = Sex: Female	True
GSM9269957	geo:GSE309595:GSM9269957	tissue_free_text	Blood	file	raw/fp-53430067aac0/GSE309595_family.soft.gz		!Sample_characteristics_ch1 = tissue: Blood	True
GSM9269957	geo:GSE309595:GSM9269957	tissue_type	tissue	file	raw/fp-53430067aac0/GSE309595_family.soft.gz		!Sample_characteristics_ch1 = tissue: Blood	True
GSM9269957	geo:GSE309595:GSM9269957	tissue_type	tissue	file	raw/fp-53430067aac0/GSE309595_family.soft.gz		!Sample_characteristics_ch1 = cell type: PBMC	True
GSM9269957	geo:GSE309595:GSM9269957	suspension_type	cell	file	raw/fp-53430067aac0/GSE309595_family.soft.gz		single cell gene expression assay with Cell Hashing	True
GSM9269957	geo:GSE309595:GSM9269957	suspension_type	cell	file	raw/fp-53430067aac0/GSE309595_family.soft.gz		PBMCs were removed from liquid nitrogen and rapidly thawed in a 37	True
GSM9269957	geo:GSE309595:GSM9269957	gene_annotation_version	Ensembl v93	file	raw/fp-53430067aac0/GSE309595_family.soft.gz		refdata-cellranger-GRCh38-3.0.0; based on the GRCh38 genome reference and Ensembl v93 transcriptome annotations	True
GSM9269957	geo:GSE309595:GSM9269957	assay	10x 3' transcription profiling	file	raw/fp-53430067aac0/GSE309595_family.soft.gz		scRNAseq libraries were generated using a modified 10x genomics chromium 3′ single cell gene expression assay with Cell Hashing.	True
GSM9269957	geo:GSE309595:GSM9269957	self_reported_ethnicity	Caucasian	file	raw/fp-53430067aac0/GSE309595_family.soft.gz		!Sample_characteristics_ch1 = race: Caucasian	True
GSM9269957	geo:GSE309595:GSM9269957	disease_free_text	multiple myeloma	file	raw/fp-53430067aac0/GSE309595_family.soft.gz		Multiple myeloma (MM) is a hematological malignancy characterized by an expansion of malignant plasma cells in the bone marrow.	True
GSM9269957	geo:GSE309595:GSM9269957	disease_free_text	multiple myeloma	file	raw/fp-53430067aac0/GSE309595_family.soft.gz		!Sample_characteristics_ch1 = subject id: FH1002	True
GSM9269957	geo:GSE309595:GSM9269957	disease_free_text	multiple myeloma	file	raw/fp-53430067aac0/GSE309595_family.soft.gz		!Sample_characteristics_ch1 = visit: MM Post Induction 2-Cycles	True
GSM9269957	geo:GSE309595:GSM9269957	disease_free_text	multiple myeloma	file	raw/fp-53430067aac0/GSE309595_family.soft.gz		A cohort of patients aged 30 and older with newly diagnosed MM requiring systemic therapy was enrolled in Seattle, WA	True
GSM9269958	geo:GSE309595:GSM9269958	donor_id	FH1002	file	raw/fp-53430067aac0/GSE309595_family.soft.gz		!Sample_characteristics_ch1 = subject id: FH1002	True
GSM9269958	geo:GSE309595:GSM9269958	sex	female	file	raw/fp-53430067aac0/GSE309595_family.soft.gz		!Sample_characteristics_ch1 = Sex: Female	True
GSM9269958	geo:GSE309595:GSM9269958	tissue_free_text	Blood	file	raw/fp-53430067aac0/GSE309595_family.soft.gz		!Sample_characteristics_ch1 = tissue: Blood	True
GSM9269958	geo:GSE309595:GSM9269958	tissue_type	tissue	file	raw/fp-53430067aac0/GSE309595_family.soft.gz		!Sample_characteristics_ch1 = tissue: Blood	True
GSM9269958	geo:GSE309595:GSM9269958	tissue_type	tissue	file	raw/fp-53430067aac0/GSE309595_family.soft.gz		!Sample_characteristics_ch1 = cell type: PBMC	True
GSM9269958	geo:GSE309595:GSM9269958	suspension_type	cell	file	raw/fp-53430067aac0/GSE309595_family.soft.gz		single cell gene expression assay with Cell Hashing	True
GSM9269958	geo:GSE309595:GSM9269958	suspension_type	cell	file	raw/fp-53430067aac0/GSE309595_family.soft.gz		PBMCs were removed from liquid nitrogen and rapidly thawed in a 37	True
GSM9269958	geo:GSE309595:GSM9269958	gene_annotation_version	Ensembl v93	file	raw/fp-53430067aac0/GSE309595_family.soft.gz		refdata-cellranger-GRCh38-3.0.0; based on the GRCh38 genome reference and Ensembl v93 transcriptome annotations	True
GSM9269958	geo:GSE309595:GSM9269958	assay	10x 3' transcription profiling	file	raw/fp-53430067aac0/GSE309595_family.soft.gz		scRNAseq libraries were generated using a modified 10x genomics chromium 3′ single cell gene expression assay with Cell Hashing.	True
GSM9269958	geo:GSE309595:GSM9269958	self_reported_ethnicity	Caucasian	file	raw/fp-53430067aac0/GSE309595_family.soft.gz		!Sample_characteristics_ch1 = race: Caucasian	True
GSM9269958	geo:GSE309595:GSM9269958	disease_free_text	multiple myeloma	file	raw/fp-53430067aac0/GSE309595_family.soft.gz		Multiple myeloma (MM) is a hematological malignancy characterized by an expansion of malignant plasma cells in the bone marrow.	True
GSM9269958	geo:GSE309595:GSM9269958	disease_free_text	multiple myeloma	file	raw/fp-53430067aac0/GSE309595_family.soft.gz		!Sample_characteristics_ch1 = subject id: FH1002	True
GSM9269958	geo:GSE309595:GSM9269958	disease_free_text	multiple myeloma	file	raw/fp-53430067aac0/GSE309595_family.soft.gz		!Sample_characteristics_ch1 = visit: MM Pre-Treatment	True
GSM9269958	geo:GSE309595:GSM9269958	disease_free_text	multiple myeloma	file	raw/fp-53430067aac0/GSE309595_family.soft.gz		A cohort of patients aged 30 and older with newly diagnosed MM requiring systemic therapy was enrolled in Seattle, WA	True
GSM9269959	geo:GSE309595:GSM9269959	donor_id	FH1001	file	raw/fp-53430067aac0/GSE309595_family.soft.gz		!Sample_characteristics_ch1 = subject id: FH1001	True
GSM9269959	geo:GSE309595:GSM9269959	sex	female	file	raw/fp-53430067aac0/GSE309595_family.soft.gz		!Sample_characteristics_ch1 = Sex: Female	True
GSM9269959	geo:GSE309595:GSM9269959	tissue_free_text	Blood	file	raw/fp-53430067aac0/GSE309595_family.soft.gz		!Sample_characteristics_ch1 = tissue: Blood	True
GSM9269959	geo:GSE309595:GSM9269959	tissue_type	tissue	file	raw/fp-53430067aac0/GSE309595_family.soft.gz		!Sample_characteristics_ch1 = tissue: Blood	True
GSM9269959	geo:GSE309595:GSM9269959	tissue_type	tissue	file	raw/fp-53430067aac0/GSE309595_family.soft.gz		!Sample_characteristics_ch1 = cell type: PBMC	True
GSM9269959	geo:GSE309595:GSM9269959	suspension_type	cell	file	raw/fp-53430067aac0/GSE309595_family.soft.gz		single cell gene expression assay with Cell Hashing	True
GSM9269959	geo:GSE309595:GSM9269959	suspension_type	cell	file	raw/fp-53430067aac0/GSE309595_family.soft.gz		PBMCs were removed from liquid nitrogen and rapidly thawed in a 37	True
GSM9269959	geo:GSE309595:GSM9269959	gene_annotation_version	Ensembl v93	file	raw/fp-53430067aac0/GSE309595_family.soft.gz		refdata-cellranger-GRCh38-3.0.0; based on the GRCh38 genome reference and Ensembl v93 transcriptome annotations	True
GSM9269959	geo:GSE309595:GSM9269959	assay	10x 3' transcription profiling	file	raw/fp-53430067aac0/GSE309595_family.soft.gz		scRNAseq libraries were generated using a modified 10x genomics chromium 3′ single cell gene expression assay with Cell Hashing.	True
GSM9269959	geo:GSE309595:GSM9269959	self_reported_ethnicity	Caucasian	file	raw/fp-53430067aac0/GSE309595_family.soft.gz		!Sample_characteristics_ch1 = race: Caucasian	True
GSM9269959	geo:GSE309595:GSM9269959	disease_free_text	multiple myeloma	file	raw/fp-53430067aac0/GSE309595_family.soft.gz		Multiple myeloma (MM) is a hematological malignancy characterized by an expansion of malignant plasma cells in the bone marrow.	True
GSM9269959	geo:GSE309595:GSM9269959	disease_free_text	multiple myeloma	file	raw/fp-53430067aac0/GSE309595_family.soft.gz		!Sample_characteristics_ch1 = subject id: FH1001	True
GSM9269959	geo:GSE309595:GSM9269959	disease_free_text	multiple myeloma	file	raw/fp-53430067aac0/GSE309595_family.soft.gz		!Sample_characteristics_ch1 = visit: MM Pre-Treatment	True
GSM9269959	geo:GSE309595:GSM9269959	disease_free_text	multiple myeloma	file	raw/fp-53430067aac0/GSE309595_family.soft.gz		A cohort of patients aged 30 and older with newly diagnosed MM requiring systemic therapy was enrolled in Seattle, WA	True
GSM9269960	geo:GSE309595:GSM9269960	donor_id	FH1006	file	raw/fp-53430067aac0/GSE309595_family.soft.gz		!Sample_characteristics_ch1 = subject id: FH1006	True
GSM9269960	geo:GSE309595:GSM9269960	sex	female	file	raw/fp-53430067aac0/GSE309595_family.soft.gz		!Sample_characteristics_ch1 = Sex: Female	True
GSM9269960	geo:GSE309595:GSM9269960	tissue_free_text	Blood	file	raw/fp-53430067aac0/GSE309595_family.soft.gz		!Sample_characteristics_ch1 = tissue: Blood	True
GSM9269960	geo:GSE309595:GSM9269960	tissue_type	tissue	file	raw/fp-53430067aac0/GSE309595_family.soft.gz		!Sample_characteristics_ch1 = tissue: Blood	True
GSM9269960	geo:GSE309595:GSM9269960	tissue_type	tissue	file	raw/fp-53430067aac0/GSE309595_family.soft.gz		!Sample_characteristics_ch1 = cell type: PBMC	True
GSM9269960	geo:GSE309595:GSM9269960	suspension_type	cell	file	raw/fp-53430067aac0/GSE309595_family.soft.gz		single cell gene expression assay with Cell Hashing	True
GSM9269960	geo:GSE309595:GSM9269960	suspension_type	cell	file	raw/fp-53430067aac0/GSE309595_family.soft.gz		PBMCs were removed from liquid nitrogen and rapidly thawed in a 37	True
GSM9269960	geo:GSE309595:GSM9269960	gene_annotation_version	Ensembl v93	file	raw/fp-53430067aac0/GSE309595_family.soft.gz		refdata-cellranger-GRCh38-3.0.0; based on the GRCh38 genome reference and Ensembl v93 transcriptome annotations	True
GSM9269960	geo:GSE309595:GSM9269960	assay	10x 3' transcription profiling	file	raw/fp-53430067aac0/GSE309595_family.soft.gz		scRNAseq libraries were generated using a modified 10x genomics chromium 3′ single cell gene expression assay with Cell Hashing.	True
GSM9269960	geo:GSE309595:GSM9269960	self_reported_ethnicity	Caucasian	file	raw/fp-53430067aac0/GSE309595_family.soft.gz		!Sample_characteristics_ch1 = race: Caucasian	True
GSM9269960	geo:GSE309595:GSM9269960	disease_free_text	multiple myeloma	file	raw/fp-53430067aac0/GSE309595_family.soft.gz		Multiple myeloma (MM) is a hematological malignancy characterized by an expansion of malignant plasma cells in the bone marrow.	True
GSM9269960	geo:GSE309595:GSM9269960	disease_free_text	multiple myeloma	file	raw/fp-53430067aac0/GSE309595_family.soft.gz		!Sample_characteristics_ch1 = subject id: FH1006	True
GSM9269960	geo:GSE309595:GSM9269960	disease_free_text	multiple myeloma	file	raw/fp-53430067aac0/GSE309595_family.soft.gz		!Sample_characteristics_ch1 = visit: MM Pre-Treatment	True
GSM9269960	geo:GSE309595:GSM9269960	disease_free_text	multiple myeloma	file	raw/fp-53430067aac0/GSE309595_family.soft.gz		A cohort of patients aged 30 and older with newly diagnosed MM requiring systemic therapy was enrolled in Seattle, WA	True
GSM9269961	geo:GSE309595:GSM9269961	donor_id	FH1007	file	raw/fp-53430067aac0/GSE309595_family.soft.gz		!Sample_characteristics_ch1 = subject id: FH1007	True
GSM9269961	geo:GSE309595:GSM9269961	sex	female	file	raw/fp-53430067aac0/GSE309595_family.soft.gz		!Sample_characteristics_ch1 = Sex: Female	True
GSM9269961	geo:GSE309595:GSM9269961	tissue_free_text	Blood	file	raw/fp-53430067aac0/GSE309595_family.soft.gz		!Sample_characteristics_ch1 = tissue: Blood	True
GSM9269961	geo:GSE309595:GSM9269961	tissue_type	tissue	file	raw/fp-53430067aac0/GSE309595_family.soft.gz		!Sample_characteristics_ch1 = tissue: Blood	True
GSM9269961	geo:GSE309595:GSM9269961	tissue_type	tissue	file	raw/fp-53430067aac0/GSE309595_family.soft.gz		!Sample_characteristics_ch1 = cell type: PBMC	True
GSM9269961	geo:GSE309595:GSM9269961	suspension_type	cell	file	raw/fp-53430067aac0/GSE309595_family.soft.gz		single cell gene expression assay with Cell Hashing	True
GSM9269961	geo:GSE309595:GSM9269961	suspension_type	cell	file	raw/fp-53430067aac0/GSE309595_family.soft.gz		PBMCs were removed from liquid nitrogen and rapidly thawed in a 37	True
GSM9269961	geo:GSE309595:GSM9269961	gene_annotation_version	Ensembl v93	file	raw/fp-53430067aac0/GSE309595_family.soft.gz		refdata-cellranger-GRCh38-3.0.0; based on the GRCh38 genome reference and Ensembl v93 transcriptome annotations	True
GSM9269961	geo:GSE309595:GSM9269961	assay	10x 3' transcription profiling	file	raw/fp-53430067aac0/GSE309595_family.soft.gz		scRNAseq libraries were generated using a modified 10x genomics chromium 3′ single cell gene expression assay with Cell Hashing.	True
GSM9269961	geo:GSE309595:GSM9269961	self_reported_ethnicity	Caucasian	file	raw/fp-53430067aac0/GSE309595_family.soft.gz		!Sample_characteristics_ch1 = race: Caucasian	True
GSM9269961	geo:GSE309595:GSM9269961	disease_free_text	multiple myeloma	file	raw/fp-53430067aac0/GSE309595_family.soft.gz		Multiple myeloma (MM) is a hematological malignancy characterized by an expansion of malignant plasma cells in the bone marrow.	True
GSM9269961	geo:GSE309595:GSM9269961	disease_free_text	multiple myeloma	file	raw/fp-53430067aac0/GSE309595_family.soft.gz		!Sample_characteristics_ch1 = subject id: FH1007	True
GSM9269961	geo:GSE309595:GSM9269961	disease_free_text	multiple myeloma	file	raw/fp-53430067aac0/GSE309595_family.soft.gz		!Sample_characteristics_ch1 = visit: MM Pre-Treatment	True
GSM9269961	geo:GSE309595:GSM9269961	disease_free_text	multiple myeloma	file	raw/fp-53430067aac0/GSE309595_family.soft.gz		A cohort of patients aged 30 and older with newly diagnosed MM requiring systemic therapy was enrolled in Seattle, WA	True
GSM9269962	geo:GSE309595:GSM9269962	donor_id	FH1005	file	raw/fp-53430067aac0/GSE309595_family.soft.gz		!Sample_characteristics_ch1 = subject id: FH1005	True
GSM9269962	geo:GSE309595:GSM9269962	sex	female	file	raw/fp-53430067aac0/GSE309595_family.soft.gz		!Sample_characteristics_ch1 = Sex: Female	True
GSM9269962	geo:GSE309595:GSM9269962	tissue_free_text	Blood	file	raw/fp-53430067aac0/GSE309595_family.soft.gz		!Sample_characteristics_ch1 = tissue: Blood	True
GSM9269962	geo:GSE309595:GSM9269962	tissue_type	tissue	file	raw/fp-53430067aac0/GSE309595_family.soft.gz		!Sample_characteristics_ch1 = tissue: Blood	True
GSM9269962	geo:GSE309595:GSM9269962	tissue_type	tissue	file	raw/fp-53430067aac0/GSE309595_family.soft.gz		!Sample_characteristics_ch1 = cell type: PBMC	True
GSM9269962	geo:GSE309595:GSM9269962	suspension_type	cell	file	raw/fp-53430067aac0/GSE309595_family.soft.gz		single cell gene expression assay with Cell Hashing	True
GSM9269962	geo:GSE309595:GSM9269962	suspension_type	cell	file	raw/fp-53430067aac0/GSE309595_family.soft.gz		PBMCs were removed from liquid nitrogen and rapidly thawed in a 37	True
GSM9269962	geo:GSE309595:GSM9269962	gene_annotation_version	Ensembl v93	file	raw/fp-53430067aac0/GSE309595_family.soft.gz		refdata-cellranger-GRCh38-3.0.0; based on the GRCh38 genome reference and Ensembl v93 transcriptome annotations	True
GSM9269962	geo:GSE309595:GSM9269962	assay	10x 3' transcription profiling	file	raw/fp-53430067aac0/GSE309595_family.soft.gz		scRNAseq libraries were generated using a modified 10x genomics chromium 3′ single cell gene expression assay with Cell Hashing.	True
GSM9269962	geo:GSE309595:GSM9269962	self_reported_ethnicity	Caucasian	file	raw/fp-53430067aac0/GSE309595_family.soft.gz		!Sample_characteristics_ch1 = race: Caucasian	True
GSM9269962	geo:GSE309595:GSM9269962	disease_free_text	multiple myeloma	file	raw/fp-53430067aac0/GSE309595_family.soft.gz		Multiple myeloma (MM) is a hematological malignancy characterized by an expansion of malignant plasma cells in the bone marrow.	True
GSM9269962	geo:GSE309595:GSM9269962	disease_free_text	multiple myeloma	file	raw/fp-53430067aac0/GSE309595_family.soft.gz		!Sample_characteristics_ch1 = subject id: FH1005	True
GSM9269962	geo:GSE309595:GSM9269962	disease_free_text	multiple myeloma	file	raw/fp-53430067aac0/GSE309595_family.soft.gz		!Sample_characteristics_ch1 = visit: MM Post Induction 2-Cycles	True
GSM9269962	geo:GSE309595:GSM9269962	disease_free_text	multiple myeloma	file	raw/fp-53430067aac0/GSE309595_family.soft.gz		A cohort of patients aged 30 and older with newly diagnosed MM requiring systemic therapy was enrolled in Seattle, WA	True
GSM9269963	geo:GSE309595:GSM9269963	donor_id	FH1008	file	raw/fp-53430067aac0/GSE309595_family.soft.gz		!Sample_characteristics_ch1 = subject id: FH1008	True
GSM9269963	geo:GSE309595:GSM9269963	sex	female	file	raw/fp-53430067aac0/GSE309595_family.soft.gz		!Sample_characteristics_ch1 = Sex: Female	True
GSM9269963	geo:GSE309595:GSM9269963	tissue_free_text	Blood	file	raw/fp-53430067aac0/GSE309595_family.soft.gz		!Sample_characteristics_ch1 = tissue: Blood	True
GSM9269963	geo:GSE309595:GSM9269963	tissue_type	tissue	file	raw/fp-53430067aac0/GSE309595_family.soft.gz		!Sample_characteristics_ch1 = tissue: Blood	True
GSM9269963	geo:GSE309595:GSM9269963	tissue_type	tissue	file	raw/fp-53430067aac0/GSE309595_family.soft.gz		!Sample_characteristics_ch1 = cell type: PBMC	True
GSM9269963	geo:GSE309595:GSM9269963	suspension_type	cell	file	raw/fp-53430067aac0/GSE309595_family.soft.gz		single cell gene expression assay with Cell Hashing	True
GSM9269963	geo:GSE309595:GSM9269963	suspension_type	cell	file	raw/fp-53430067aac0/GSE309595_family.soft.gz		PBMCs were removed from liquid nitrogen and rapidly thawed in a 37	True
GSM9269963	geo:GSE309595:GSM9269963	gene_annotation_version	Ensembl v93	file	raw/fp-53430067aac0/GSE309595_family.soft.gz		refdata-cellranger-GRCh38-3.0.0; based on the GRCh38 genome reference and Ensembl v93 transcriptome annotations	True
GSM9269963	geo:GSE309595:GSM9269963	assay	10x 3' transcription profiling	file	raw/fp-53430067aac0/GSE309595_family.soft.gz		scRNAseq libraries were generated using a modified 10x genomics chromium 3′ single cell gene expression assay with Cell Hashing.	True
GSM9269963	geo:GSE309595:GSM9269963	self_reported_ethnicity	Caucasian	file	raw/fp-53430067aac0/GSE309595_family.soft.gz		!Sample_characteristics_ch1 = race: Caucasian	True
GSM9269963	geo:GSE309595:GSM9269963	disease_free_text	multiple myeloma	file	raw/fp-53430067aac0/GSE309595_family.soft.gz		Multiple myeloma (MM) is a hematological malignancy characterized by an expansion of malignant plasma cells in the bone marrow.	True
GSM9269963	geo:GSE309595:GSM9269963	disease_free_text	multiple myeloma	file	raw/fp-53430067aac0/GSE309595_family.soft.gz		!Sample_characteristics_ch1 = subject id: FH1008	True
GSM9269963	geo:GSE309595:GSM9269963	disease_free_text	multiple myeloma	file	raw/fp-53430067aac0/GSE309595_family.soft.gz		!Sample_characteristics_ch1 = visit: MM Pre-Treatment	True
GSM9269963	geo:GSE309595:GSM9269963	disease_free_text	multiple myeloma	file	raw/fp-53430067aac0/GSE309595_family.soft.gz		A cohort of patients aged 30 and older with newly diagnosed MM requiring systemic therapy was enrolled in Seattle, WA	True
GSM9269964	geo:GSE309595:GSM9269964	donor_id	FH1003	file	raw/fp-53430067aac0/GSE309595_family.soft.gz		!Sample_characteristics_ch1 = subject id: FH1003	True
GSM9269964	geo:GSE309595:GSM9269964	sex	male	file	raw/fp-53430067aac0/GSE309595_family.soft.gz		!Sample_characteristics_ch1 = Sex: Male	True
GSM9269964	geo:GSE309595:GSM9269964	tissue_free_text	Blood	file	raw/fp-53430067aac0/GSE309595_family.soft.gz		!Sample_characteristics_ch1 = tissue: Blood	True
GSM9269964	geo:GSE309595:GSM9269964	tissue_type	tissue	file	raw/fp-53430067aac0/GSE309595_family.soft.gz		!Sample_characteristics_ch1 = tissue: Blood	True
GSM9269964	geo:GSE309595:GSM9269964	tissue_type	tissue	file	raw/fp-53430067aac0/GSE309595_family.soft.gz		!Sample_characteristics_ch1 = cell type: PBMC	True
GSM9269964	geo:GSE309595:GSM9269964	suspension_type	cell	file	raw/fp-53430067aac0/GSE309595_family.soft.gz		single cell gene expression assay with Cell Hashing	True
GSM9269964	geo:GSE309595:GSM9269964	suspension_type	cell	file	raw/fp-53430067aac0/GSE309595_family.soft.gz		PBMCs were removed from liquid nitrogen and rapidly thawed in a 37	True
GSM9269964	geo:GSE309595:GSM9269964	gene_annotation_version	Ensembl v93	file	raw/fp-53430067aac0/GSE309595_family.soft.gz		refdata-cellranger-GRCh38-3.0.0; based on the GRCh38 genome reference and Ensembl v93 transcriptome annotations	True
GSM9269964	geo:GSE309595:GSM9269964	assay	10x 3' transcription profiling	file	raw/fp-53430067aac0/GSE309595_family.soft.gz		scRNAseq libraries were generated using a modified 10x genomics chromium 3′ single cell gene expression assay with Cell Hashing.	True
GSM9269964	geo:GSE309595:GSM9269964	self_reported_ethnicity	Caucasian	file	raw/fp-53430067aac0/GSE309595_family.soft.gz		!Sample_characteristics_ch1 = race: Caucasian	True
GSM9269964	geo:GSE309595:GSM9269964	disease_free_text	multiple myeloma	file	raw/fp-53430067aac0/GSE309595_family.soft.gz		Multiple myeloma (MM) is a hematological malignancy characterized by an expansion of malignant plasma cells in the bone marrow.	True
GSM9269964	geo:GSE309595:GSM9269964	disease_free_text	multiple myeloma	file	raw/fp-53430067aac0/GSE309595_family.soft.gz		!Sample_characteristics_ch1 = subject id: FH1003	True
GSM9269964	geo:GSE309595:GSM9269964	disease_free_text	multiple myeloma	file	raw/fp-53430067aac0/GSE309595_family.soft.gz		!Sample_characteristics_ch1 = visit: MM End Induction 1st Draw	True
GSM9269964	geo:GSE309595:GSM9269964	disease_free_text	multiple myeloma	file	raw/fp-53430067aac0/GSE309595_family.soft.gz		A cohort of patients aged 30 and older with newly diagnosed MM requiring systemic therapy was enrolled in Seattle, WA	True
GSM9269965	geo:GSE309595:GSM9269965	donor_id	FH1009	file	raw/fp-53430067aac0/GSE309595_family.soft.gz		!Sample_characteristics_ch1 = subject id: FH1009	True
GSM9269965	geo:GSE309595:GSM9269965	sex	male	file	raw/fp-53430067aac0/GSE309595_family.soft.gz		!Sample_characteristics_ch1 = Sex: Male	True
GSM9269965	geo:GSE309595:GSM9269965	tissue_free_text	Blood	file	raw/fp-53430067aac0/GSE309595_family.soft.gz		!Sample_characteristics_ch1 = tissue: Blood	True
GSM9269965	geo:GSE309595:GSM9269965	tissue_type	tissue	file	raw/fp-53430067aac0/GSE309595_family.soft.gz		!Sample_characteristics_ch1 = tissue: Blood	True
GSM9269965	geo:GSE309595:GSM9269965	tissue_type	tissue	file	raw/fp-53430067aac0/GSE309595_family.soft.gz		!Sample_characteristics_ch1 = cell type: PBMC	True
GSM9269965	geo:GSE309595:GSM9269965	suspension_type	cell	file	raw/fp-53430067aac0/GSE309595_family.soft.gz		single cell gene expression assay with Cell Hashing	True
GSM9269965	geo:GSE309595:GSM9269965	suspension_type	cell	file	raw/fp-53430067aac0/GSE309595_family.soft.gz		PBMCs were removed from liquid nitrogen and rapidly thawed in a 37	True
GSM9269965	geo:GSE309595:GSM9269965	gene_annotation_version	Ensembl v93	file	raw/fp-53430067aac0/GSE309595_family.soft.gz		refdata-cellranger-GRCh38-3.0.0; based on the GRCh38 genome reference and Ensembl v93 transcriptome annotations	True
GSM9269965	geo:GSE309595:GSM9269965	assay	10x 3' transcription profiling	file	raw/fp-53430067aac0/GSE309595_family.soft.gz		scRNAseq libraries were generated using a modified 10x genomics chromium 3′ single cell gene expression assay with Cell Hashing.	True
GSM9269965	geo:GSE309595:GSM9269965	disease_free_text	multiple myeloma	file	raw/fp-53430067aac0/GSE309595_family.soft.gz		Multiple myeloma (MM) is a hematological malignancy characterized by an expansion of malignant plasma cells in the bone marrow.	True
GSM9269965	geo:GSE309595:GSM9269965	disease_free_text	multiple myeloma	file	raw/fp-53430067aac0/GSE309595_family.soft.gz		!Sample_characteristics_ch1 = subject id: FH1009	True
GSM9269965	geo:GSE309595:GSM9269965	disease_free_text	multiple myeloma	file	raw/fp-53430067aac0/GSE309595_family.soft.gz		!Sample_characteristics_ch1 = visit: MM Pre-Treatment	True
GSM9269965	geo:GSE309595:GSM9269965	disease_free_text	multiple myeloma	file	raw/fp-53430067aac0/GSE309595_family.soft.gz		A cohort of patients aged 30 and older with newly diagnosed MM requiring systemic therapy was enrolled in Seattle, WA	True
GSM9269966	geo:GSE309595:GSM9269966	donor_id	FH1007	file	raw/fp-53430067aac0/GSE309595_family.soft.gz		!Sample_characteristics_ch1 = subject id: FH1007	True
GSM9269966	geo:GSE309595:GSM9269966	sex	female	file	raw/fp-53430067aac0/GSE309595_family.soft.gz		!Sample_characteristics_ch1 = Sex: Female	True
GSM9269966	geo:GSE309595:GSM9269966	tissue_free_text	Blood	file	raw/fp-53430067aac0/GSE309595_family.soft.gz		!Sample_characteristics_ch1 = tissue: Blood	True
GSM9269966	geo:GSE309595:GSM9269966	tissue_type	tissue	file	raw/fp-53430067aac0/GSE309595_family.soft.gz		!Sample_characteristics_ch1 = tissue: Blood	True
GSM9269966	geo:GSE309595:GSM9269966	tissue_type	tissue	file	raw/fp-53430067aac0/GSE309595_family.soft.gz		!Sample_characteristics_ch1 = cell type: PBMC	True
GSM9269966	geo:GSE309595:GSM9269966	suspension_type	cell	file	raw/fp-53430067aac0/GSE309595_family.soft.gz		single cell gene expression assay with Cell Hashing	True
GSM9269966	geo:GSE309595:GSM9269966	suspension_type	cell	file	raw/fp-53430067aac0/GSE309595_family.soft.gz		PBMCs were removed from liquid nitrogen and rapidly thawed in a 37	True
GSM9269966	geo:GSE309595:GSM9269966	gene_annotation_version	Ensembl v93	file	raw/fp-53430067aac0/GSE309595_family.soft.gz		refdata-cellranger-GRCh38-3.0.0; based on the GRCh38 genome reference and Ensembl v93 transcriptome annotations	True
GSM9269966	geo:GSE309595:GSM9269966	assay	10x 3' transcription profiling	file	raw/fp-53430067aac0/GSE309595_family.soft.gz		scRNAseq libraries were generated using a modified 10x genomics chromium 3′ single cell gene expression assay with Cell Hashing.	True
GSM9269966	geo:GSE309595:GSM9269966	self_reported_ethnicity	Caucasian	file	raw/fp-53430067aac0/GSE309595_family.soft.gz		!Sample_characteristics_ch1 = race: Caucasian	True
GSM9269966	geo:GSE309595:GSM9269966	disease_free_text	multiple myeloma	file	raw/fp-53430067aac0/GSE309595_family.soft.gz		Multiple myeloma (MM) is a hematological malignancy characterized by an expansion of malignant plasma cells in the bone marrow.	True
GSM9269966	geo:GSE309595:GSM9269966	disease_free_text	multiple myeloma	file	raw/fp-53430067aac0/GSE309595_family.soft.gz		!Sample_characteristics_ch1 = subject id: FH1007	True
GSM9269966	geo:GSE309595:GSM9269966	disease_free_text	multiple myeloma	file	raw/fp-53430067aac0/GSE309595_family.soft.gz		!Sample_characteristics_ch1 = visit: MM Post Induction 2-Cycles	True
GSM9269966	geo:GSE309595:GSM9269966	disease_free_text	multiple myeloma	file	raw/fp-53430067aac0/GSE309595_family.soft.gz		A cohort of patients aged 30 and older with newly diagnosed MM requiring systemic therapy was enrolled in Seattle, WA	True
GSM9269967	geo:GSE309595:GSM9269967	donor_id	FH1009	file	raw/fp-53430067aac0/GSE309595_family.soft.gz		!Sample_characteristics_ch1 = subject id: FH1009	True
GSM9269967	geo:GSE309595:GSM9269967	sex	male	file	raw/fp-53430067aac0/GSE309595_family.soft.gz		!Sample_characteristics_ch1 = Sex: Male	True
GSM9269967	geo:GSE309595:GSM9269967	tissue_free_text	Blood	file	raw/fp-53430067aac0/GSE309595_family.soft.gz		!Sample_characteristics_ch1 = tissue: Blood	True
GSM9269967	geo:GSE309595:GSM9269967	tissue_type	tissue	file	raw/fp-53430067aac0/GSE309595_family.soft.gz		!Sample_characteristics_ch1 = tissue: Blood	True
GSM9269967	geo:GSE309595:GSM9269967	tissue_type	tissue	file	raw/fp-53430067aac0/GSE309595_family.soft.gz		!Sample_characteristics_ch1 = cell type: PBMC	True
GSM9269967	geo:GSE309595:GSM9269967	suspension_type	cell	file	raw/fp-53430067aac0/GSE309595_family.soft.gz		single cell gene expression assay with Cell Hashing	True
GSM9269967	geo:GSE309595:GSM9269967	suspension_type	cell	file	raw/fp-53430067aac0/GSE309595_family.soft.gz		PBMCs were removed from liquid nitrogen and rapidly thawed in a 37	True
GSM9269967	geo:GSE309595:GSM9269967	gene_annotation_version	Ensembl v93	file	raw/fp-53430067aac0/GSE309595_family.soft.gz		refdata-cellranger-GRCh38-3.0.0; based on the GRCh38 genome reference and Ensembl v93 transcriptome annotations	True
GSM9269967	geo:GSE309595:GSM9269967	assay	10x 3' transcription profiling	file	raw/fp-53430067aac0/GSE309595_family.soft.gz		scRNAseq libraries were generated using a modified 10x genomics chromium 3′ single cell gene expression assay with Cell Hashing.	True
GSM9269967	geo:GSE309595:GSM9269967	disease_free_text	multiple myeloma	file	raw/fp-53430067aac0/GSE309595_family.soft.gz		Multiple myeloma (MM) is a hematological malignancy characterized by an expansion of malignant plasma cells in the bone marrow.	True
GSM9269967	geo:GSE309595:GSM9269967	disease_free_text	multiple myeloma	file	raw/fp-53430067aac0/GSE309595_family.soft.gz		!Sample_characteristics_ch1 = subject id: FH1009	True
GSM9269967	geo:GSE309595:GSM9269967	disease_free_text	multiple myeloma	file	raw/fp-53430067aac0/GSE309595_family.soft.gz		!Sample_characteristics_ch1 = visit: MM Post Induction 2-Cycles	True
GSM9269967	geo:GSE309595:GSM9269967	disease_free_text	multiple myeloma	file	raw/fp-53430067aac0/GSE309595_family.soft.gz		A cohort of patients aged 30 and older with newly diagnosed MM requiring systemic therapy was enrolled in Seattle, WA	True
GSM9269968	geo:GSE309595:GSM9269968	donor_id	FH1005	file	raw/fp-53430067aac0/GSE309595_family.soft.gz		!Sample_characteristics_ch1 = subject id: FH1005	True
GSM9269968	geo:GSE309595:GSM9269968	sex	female	file	raw/fp-53430067aac0/GSE309595_family.soft.gz		!Sample_characteristics_ch1 = Sex: Female	True
GSM9269968	geo:GSE309595:GSM9269968	tissue_free_text	Blood	file	raw/fp-53430067aac0/GSE309595_family.soft.gz		!Sample_characteristics_ch1 = tissue: Blood	True
GSM9269968	geo:GSE309595:GSM9269968	tissue_type	tissue	file	raw/fp-53430067aac0/GSE309595_family.soft.gz		!Sample_characteristics_ch1 = tissue: Blood	True
GSM9269968	geo:GSE309595:GSM9269968	tissue_type	tissue	file	raw/fp-53430067aac0/GSE309595_family.soft.gz		!Sample_characteristics_ch1 = cell type: PBMC	True
GSM9269968	geo:GSE309595:GSM9269968	suspension_type	cell	file	raw/fp-53430067aac0/GSE309595_family.soft.gz		single cell gene expression assay with Cell Hashing	True
GSM9269968	geo:GSE309595:GSM9269968	suspension_type	cell	file	raw/fp-53430067aac0/GSE309595_family.soft.gz		PBMCs were removed from liquid nitrogen and rapidly thawed in a 37	True
GSM9269968	geo:GSE309595:GSM9269968	gene_annotation_version	Ensembl v93	file	raw/fp-53430067aac0/GSE309595_family.soft.gz		refdata-cellranger-GRCh38-3.0.0; based on the GRCh38 genome reference and Ensembl v93 transcriptome annotations	True
GSM9269968	geo:GSE309595:GSM9269968	assay	10x 3' transcription profiling	file	raw/fp-53430067aac0/GSE309595_family.soft.gz		scRNAseq libraries were generated using a modified 10x genomics chromium 3′ single cell gene expression assay with Cell Hashing.	True
GSM9269968	geo:GSE309595:GSM9269968	self_reported_ethnicity	Caucasian	file	raw/fp-53430067aac0/GSE309595_family.soft.gz		!Sample_characteristics_ch1 = race: Caucasian	True
GSM9269968	geo:GSE309595:GSM9269968	disease_free_text	multiple myeloma	file	raw/fp-53430067aac0/GSE309595_family.soft.gz		Multiple myeloma (MM) is a hematological malignancy characterized by an expansion of malignant plasma cells in the bone marrow.	True
GSM9269968	geo:GSE309595:GSM9269968	disease_free_text	multiple myeloma	file	raw/fp-53430067aac0/GSE309595_family.soft.gz		!Sample_characteristics_ch1 = subject id: FH1005	True
GSM9269968	geo:GSE309595:GSM9269968	disease_free_text	multiple myeloma	file	raw/fp-53430067aac0/GSE309595_family.soft.gz		!Sample_characteristics_ch1 = visit: MM End Induction 1st Draw	True
GSM9269968	geo:GSE309595:GSM9269968	disease_free_text	multiple myeloma	file	raw/fp-53430067aac0/GSE309595_family.soft.gz		A cohort of patients aged 30 and older with newly diagnosed MM requiring systemic therapy was enrolled in Seattle, WA	True
GSM9269969	geo:GSE309595:GSM9269969	donor_id	FH1010	file	raw/fp-53430067aac0/GSE309595_family.soft.gz		!Sample_characteristics_ch1 = subject id: FH1010	True
GSM9269969	geo:GSE309595:GSM9269969	sex	female	file	raw/fp-53430067aac0/GSE309595_family.soft.gz		!Sample_characteristics_ch1 = Sex: Female	True
GSM9269969	geo:GSE309595:GSM9269969	tissue_free_text	Blood	file	raw/fp-53430067aac0/GSE309595_family.soft.gz		!Sample_characteristics_ch1 = tissue: Blood	True
GSM9269969	geo:GSE309595:GSM9269969	tissue_type	tissue	file	raw/fp-53430067aac0/GSE309595_family.soft.gz		!Sample_characteristics_ch1 = tissue: Blood	True
GSM9269969	geo:GSE309595:GSM9269969	tissue_type	tissue	file	raw/fp-53430067aac0/GSE309595_family.soft.gz		!Sample_characteristics_ch1 = cell type: PBMC	True
GSM9269969	geo:GSE309595:GSM9269969	suspension_type	cell	file	raw/fp-53430067aac0/GSE309595_family.soft.gz		single cell gene expression assay with Cell Hashing	True
GSM9269969	geo:GSE309595:GSM9269969	suspension_type	cell	file	raw/fp-53430067aac0/GSE309595_family.soft.gz		PBMCs were removed from liquid nitrogen and rapidly thawed in a 37	True
GSM9269969	geo:GSE309595:GSM9269969	gene_annotation_version	Ensembl v93	file	raw/fp-53430067aac0/GSE309595_family.soft.gz		refdata-cellranger-GRCh38-3.0.0; based on the GRCh38 genome reference and Ensembl v93 transcriptome annotations	True
GSM9269969	geo:GSE309595:GSM9269969	assay	10x 3' transcription profiling	file	raw/fp-53430067aac0/GSE309595_family.soft.gz		scRNAseq libraries were generated using a modified 10x genomics chromium 3′ single cell gene expression assay with Cell Hashing.	True
GSM9269969	geo:GSE309595:GSM9269969	self_reported_ethnicity	Caucasian	file	raw/fp-53430067aac0/GSE309595_family.soft.gz		!Sample_characteristics_ch1 = race: Caucasian	True
GSM9269969	geo:GSE309595:GSM9269969	disease_free_text	multiple myeloma	file	raw/fp-53430067aac0/GSE309595_family.soft.gz		Multiple myeloma (MM) is a hematological malignancy characterized by an expansion of malignant plasma cells in the bone marrow.	True
GSM9269969	geo:GSE309595:GSM9269969	disease_free_text	multiple myeloma	file	raw/fp-53430067aac0/GSE309595_family.soft.gz		!Sample_characteristics_ch1 = subject id: FH1010	True
GSM9269969	geo:GSE309595:GSM9269969	disease_free_text	multiple myeloma	file	raw/fp-53430067aac0/GSE309595_family.soft.gz		!Sample_characteristics_ch1 = visit: MM Pre-Treatment	True
GSM9269969	geo:GSE309595:GSM9269969	disease_free_text	multiple myeloma	file	raw/fp-53430067aac0/GSE309595_family.soft.gz		A cohort of patients aged 30 and older with newly diagnosed MM requiring systemic therapy was enrolled in Seattle, WA	True
GSM9269970	geo:GSE309595:GSM9269970	donor_id	FH1009	file	raw/fp-53430067aac0/GSE309595_family.soft.gz		!Sample_characteristics_ch1 = subject id: FH1009	True
GSM9269970	geo:GSE309595:GSM9269970	sex	male	file	raw/fp-53430067aac0/GSE309595_family.soft.gz		!Sample_characteristics_ch1 = Sex: Male	True
GSM9269970	geo:GSE309595:GSM9269970	tissue_free_text	Blood	file	raw/fp-53430067aac0/GSE309595_family.soft.gz		!Sample_characteristics_ch1 = tissue: Blood	True
GSM9269970	geo:GSE309595:GSM9269970	tissue_type	tissue	file	raw/fp-53430067aac0/GSE309595_family.soft.gz		!Sample_characteristics_ch1 = tissue: Blood	True
GSM9269970	geo:GSE309595:GSM9269970	tissue_type	tissue	file	raw/fp-53430067aac0/GSE309595_family.soft.gz		!Sample_characteristics_ch1 = cell type: PBMC	True
GSM9269970	geo:GSE309595:GSM9269970	suspension_type	cell	file	raw/fp-53430067aac0/GSE309595_family.soft.gz		single cell gene expression assay with Cell Hashing	True
GSM9269970	geo:GSE309595:GSM9269970	suspension_type	cell	file	raw/fp-53430067aac0/GSE309595_family.soft.gz		PBMCs were removed from liquid nitrogen and rapidly thawed in a 37	True
GSM9269970	geo:GSE309595:GSM9269970	gene_annotation_version	Ensembl v93	file	raw/fp-53430067aac0/GSE309595_family.soft.gz		refdata-cellranger-GRCh38-3.0.0; based on the GRCh38 genome reference and Ensembl v93 transcriptome annotations	True
GSM9269970	geo:GSE309595:GSM9269970	assay	10x 3' transcription profiling	file	raw/fp-53430067aac0/GSE309595_family.soft.gz		scRNAseq libraries were generated using a modified 10x genomics chromium 3′ single cell gene expression assay with Cell Hashing.	True
GSM9269970	geo:GSE309595:GSM9269970	disease_free_text	multiple myeloma	file	raw/fp-53430067aac0/GSE309595_family.soft.gz		Multiple myeloma (MM) is a hematological malignancy characterized by an expansion of malignant plasma cells in the bone marrow.	True
GSM9269970	geo:GSE309595:GSM9269970	disease_free_text	multiple myeloma	file	raw/fp-53430067aac0/GSE309595_family.soft.gz		!Sample_characteristics_ch1 = subject id: FH1009	True
GSM9269970	geo:GSE309595:GSM9269970	disease_free_text	multiple myeloma	file	raw/fp-53430067aac0/GSE309595_family.soft.gz		!Sample_characteristics_ch1 = visit: MM End Induction 1st Draw	True
GSM9269970	geo:GSE309595:GSM9269970	disease_free_text	multiple myeloma	file	raw/fp-53430067aac0/GSE309595_family.soft.gz		A cohort of patients aged 30 and older with newly diagnosed MM requiring systemic therapy was enrolled in Seattle, WA	True
GSM9269971	geo:GSE309595:GSM9269971	donor_id	FH1006	file	raw/fp-53430067aac0/GSE309595_family.soft.gz		!Sample_characteristics_ch1 = subject id: FH1006	True
GSM9269971	geo:GSE309595:GSM9269971	sex	female	file	raw/fp-53430067aac0/GSE309595_family.soft.gz		!Sample_characteristics_ch1 = Sex: Female	True
GSM9269971	geo:GSE309595:GSM9269971	tissue_free_text	Blood	file	raw/fp-53430067aac0/GSE309595_family.soft.gz		!Sample_characteristics_ch1 = tissue: Blood	True
GSM9269971	geo:GSE309595:GSM9269971	tissue_type	tissue	file	raw/fp-53430067aac0/GSE309595_family.soft.gz		!Sample_characteristics_ch1 = tissue: Blood	True
GSM9269971	geo:GSE309595:GSM9269971	tissue_type	tissue	file	raw/fp-53430067aac0/GSE309595_family.soft.gz		!Sample_characteristics_ch1 = cell type: PBMC	True
GSM9269971	geo:GSE309595:GSM9269971	suspension_type	cell	file	raw/fp-53430067aac0/GSE309595_family.soft.gz		single cell gene expression assay with Cell Hashing	True
GSM9269971	geo:GSE309595:GSM9269971	suspension_type	cell	file	raw/fp-53430067aac0/GSE309595_family.soft.gz		PBMCs were removed from liquid nitrogen and rapidly thawed in a 37	True
GSM9269971	geo:GSE309595:GSM9269971	gene_annotation_version	Ensembl v93	file	raw/fp-53430067aac0/GSE309595_family.soft.gz		refdata-cellranger-GRCh38-3.0.0; based on the GRCh38 genome reference and Ensembl v93 transcriptome annotations	True
GSM9269971	geo:GSE309595:GSM9269971	assay	10x 3' transcription profiling	file	raw/fp-53430067aac0/GSE309595_family.soft.gz		scRNAseq libraries were generated using a modified 10x genomics chromium 3′ single cell gene expression assay with Cell Hashing.	True
GSM9269971	geo:GSE309595:GSM9269971	self_reported_ethnicity	Caucasian	file	raw/fp-53430067aac0/GSE309595_family.soft.gz		!Sample_characteristics_ch1 = race: Caucasian	True
GSM9269971	geo:GSE309595:GSM9269971	disease_free_text	multiple myeloma	file	raw/fp-53430067aac0/GSE309595_family.soft.gz		Multiple myeloma (MM) is a hematological malignancy characterized by an expansion of malignant plasma cells in the bone marrow.	True
GSM9269971	geo:GSE309595:GSM9269971	disease_free_text	multiple myeloma	file	raw/fp-53430067aac0/GSE309595_family.soft.gz		!Sample_characteristics_ch1 = subject id: FH1006	True
GSM9269971	geo:GSE309595:GSM9269971	disease_free_text	multiple myeloma	file	raw/fp-53430067aac0/GSE309595_family.soft.gz		!Sample_characteristics_ch1 = visit: MM End Induction 1st Draw	True
GSM9269971	geo:GSE309595:GSM9269971	disease_free_text	multiple myeloma	file	raw/fp-53430067aac0/GSE309595_family.soft.gz		A cohort of patients aged 30 and older with newly diagnosed MM requiring systemic therapy was enrolled in Seattle, WA	True
GSM9269972	geo:GSE309595:GSM9269972	donor_id	FH1003	file	raw/fp-53430067aac0/GSE309595_family.soft.gz		!Sample_characteristics_ch1 = subject id: FH1003	True
GSM9269972	geo:GSE309595:GSM9269972	sex	male	file	raw/fp-53430067aac0/GSE309595_family.soft.gz		!Sample_characteristics_ch1 = Sex: Male	True
GSM9269972	geo:GSE309595:GSM9269972	tissue_free_text	Blood	file	raw/fp-53430067aac0/GSE309595_family.soft.gz		!Sample_characteristics_ch1 = tissue: Blood	True
GSM9269972	geo:GSE309595:GSM9269972	tissue_type	tissue	file	raw/fp-53430067aac0/GSE309595_family.soft.gz		!Sample_characteristics_ch1 = tissue: Blood	True
GSM9269972	geo:GSE309595:GSM9269972	tissue_type	tissue	file	raw/fp-53430067aac0/GSE309595_family.soft.gz		!Sample_characteristics_ch1 = cell type: PBMC	True
GSM9269972	geo:GSE309595:GSM9269972	suspension_type	cell	file	raw/fp-53430067aac0/GSE309595_family.soft.gz		single cell gene expression assay with Cell Hashing	True
GSM9269972	geo:GSE309595:GSM9269972	suspension_type	cell	file	raw/fp-53430067aac0/GSE309595_family.soft.gz		PBMCs were removed from liquid nitrogen and rapidly thawed in a 37	True
GSM9269972	geo:GSE309595:GSM9269972	gene_annotation_version	Ensembl v93	file	raw/fp-53430067aac0/GSE309595_family.soft.gz		refdata-cellranger-GRCh38-3.0.0; based on the GRCh38 genome reference and Ensembl v93 transcriptome annotations	True
GSM9269972	geo:GSE309595:GSM9269972	assay	10x 3' transcription profiling	file	raw/fp-53430067aac0/GSE309595_family.soft.gz		scRNAseq libraries were generated using a modified 10x genomics chromium 3′ single cell gene expression assay with Cell Hashing.	True
GSM9269972	geo:GSE309595:GSM9269972	self_reported_ethnicity	Caucasian	file	raw/fp-53430067aac0/GSE309595_family.soft.gz		!Sample_characteristics_ch1 = race: Caucasian	True
GSM9269972	geo:GSE309595:GSM9269972	disease_free_text	multiple myeloma	file	raw/fp-53430067aac0/GSE309595_family.soft.gz		Multiple myeloma (MM) is a hematological malignancy characterized by an expansion of malignant plasma cells in the bone marrow.	True
GSM9269972	geo:GSE309595:GSM9269972	disease_free_text	multiple myeloma	file	raw/fp-53430067aac0/GSE309595_family.soft.gz		!Sample_characteristics_ch1 = subject id: FH1003	True
GSM9269972	geo:GSE309595:GSM9269972	disease_free_text	multiple myeloma	file	raw/fp-53430067aac0/GSE309595_family.soft.gz		!Sample_characteristics_ch1 = visit: MM Post Transplant 60 Days	True
GSM9269972	geo:GSE309595:GSM9269972	disease_free_text	multiple myeloma	file	raw/fp-53430067aac0/GSE309595_family.soft.gz		A cohort of patients aged 30 and older with newly diagnosed MM requiring systemic therapy was enrolled in Seattle, WA	True
GSM9269973	geo:GSE309595:GSM9269973	donor_id	FH1012	file	raw/fp-53430067aac0/GSE309595_family.soft.gz		!Sample_characteristics_ch1 = subject id: FH1012	True
GSM9269973	geo:GSE309595:GSM9269973	sex	male	file	raw/fp-53430067aac0/GSE309595_family.soft.gz		!Sample_characteristics_ch1 = Sex: Male	True
GSM9269973	geo:GSE309595:GSM9269973	tissue_free_text	Blood	file	raw/fp-53430067aac0/GSE309595_family.soft.gz		!Sample_characteristics_ch1 = tissue: Blood	True
GSM9269973	geo:GSE309595:GSM9269973	tissue_type	tissue	file	raw/fp-53430067aac0/GSE309595_family.soft.gz		!Sample_characteristics_ch1 = tissue: Blood	True
GSM9269973	geo:GSE309595:GSM9269973	tissue_type	tissue	file	raw/fp-53430067aac0/GSE309595_family.soft.gz		!Sample_characteristics_ch1 = cell type: PBMC	True
GSM9269973	geo:GSE309595:GSM9269973	suspension_type	cell	file	raw/fp-53430067aac0/GSE309595_family.soft.gz		single cell gene expression assay with Cell Hashing	True
GSM9269973	geo:GSE309595:GSM9269973	suspension_type	cell	file	raw/fp-53430067aac0/GSE309595_family.soft.gz		PBMCs were removed from liquid nitrogen and rapidly thawed in a 37	True
GSM9269973	geo:GSE309595:GSM9269973	gene_annotation_version	Ensembl v93	file	raw/fp-53430067aac0/GSE309595_family.soft.gz		refdata-cellranger-GRCh38-3.0.0; based on the GRCh38 genome reference and Ensembl v93 transcriptome annotations	True
GSM9269973	geo:GSE309595:GSM9269973	assay	10x 3' transcription profiling	file	raw/fp-53430067aac0/GSE309595_family.soft.gz		scRNAseq libraries were generated using a modified 10x genomics chromium 3′ single cell gene expression assay with Cell Hashing.	True
GSM9269973	geo:GSE309595:GSM9269973	self_reported_ethnicity	Caucasian	file	raw/fp-53430067aac0/GSE309595_family.soft.gz		!Sample_characteristics_ch1 = race: Caucasian	True
GSM9269973	geo:GSE309595:GSM9269973	disease_free_text	multiple myeloma	file	raw/fp-53430067aac0/GSE309595_family.soft.gz		Multiple myeloma (MM) is a hematological malignancy characterized by an expansion of malignant plasma cells in the bone marrow.	True
GSM9269973	geo:GSE309595:GSM9269973	disease_free_text	multiple myeloma	file	raw/fp-53430067aac0/GSE309595_family.soft.gz		!Sample_characteristics_ch1 = subject id: FH1012	True
GSM9269973	geo:GSE309595:GSM9269973	disease_free_text	multiple myeloma	file	raw/fp-53430067aac0/GSE309595_family.soft.gz		!Sample_characteristics_ch1 = visit: MM Pre-Treatment	True
GSM9269973	geo:GSE309595:GSM9269973	disease_free_text	multiple myeloma	file	raw/fp-53430067aac0/GSE309595_family.soft.gz		A cohort of patients aged 30 and older with newly diagnosed MM requiring systemic therapy was enrolled in Seattle, WA	True
GSM9269974	geo:GSE309595:GSM9269974	donor_id	FH1007	file	raw/fp-53430067aac0/GSE309595_family.soft.gz		!Sample_characteristics_ch1 = subject id: FH1007	True
GSM9269974	geo:GSE309595:GSM9269974	sex	female	file	raw/fp-53430067aac0/GSE309595_family.soft.gz		!Sample_characteristics_ch1 = Sex: Female	True
GSM9269974	geo:GSE309595:GSM9269974	tissue_free_text	Blood	file	raw/fp-53430067aac0/GSE309595_family.soft.gz		!Sample_characteristics_ch1 = tissue: Blood	True
GSM9269974	geo:GSE309595:GSM9269974	tissue_type	tissue	file	raw/fp-53430067aac0/GSE309595_family.soft.gz		!Sample_characteristics_ch1 = tissue: Blood	True
GSM9269974	geo:GSE309595:GSM9269974	tissue_type	tissue	file	raw/fp-53430067aac0/GSE309595_family.soft.gz		!Sample_characteristics_ch1 = cell type: PBMC	True
GSM9269974	geo:GSE309595:GSM9269974	suspension_type	cell	file	raw/fp-53430067aac0/GSE309595_family.soft.gz		single cell gene expression assay with Cell Hashing	True
GSM9269974	geo:GSE309595:GSM9269974	suspension_type	cell	file	raw/fp-53430067aac0/GSE309595_family.soft.gz		PBMCs were removed from liquid nitrogen and rapidly thawed in a 37	True
GSM9269974	geo:GSE309595:GSM9269974	gene_annotation_version	Ensembl v93	file	raw/fp-53430067aac0/GSE309595_family.soft.gz		refdata-cellranger-GRCh38-3.0.0; based on the GRCh38 genome reference and Ensembl v93 transcriptome annotations	True
GSM9269974	geo:GSE309595:GSM9269974	assay	10x 3' transcription profiling	file	raw/fp-53430067aac0/GSE309595_family.soft.gz		scRNAseq libraries were generated using a modified 10x genomics chromium 3′ single cell gene expression assay with Cell Hashing.	True
GSM9269974	geo:GSE309595:GSM9269974	self_reported_ethnicity	Caucasian	file	raw/fp-53430067aac0/GSE309595_family.soft.gz		!Sample_characteristics_ch1 = race: Caucasian	True
GSM9269974	geo:GSE309595:GSM9269974	disease_free_text	multiple myeloma	file	raw/fp-53430067aac0/GSE309595_family.soft.gz		Multiple myeloma (MM) is a hematological malignancy characterized by an expansion of malignant plasma cells in the bone marrow.	True
GSM9269974	geo:GSE309595:GSM9269974	disease_free_text	multiple myeloma	file	raw/fp-53430067aac0/GSE309595_family.soft.gz		!Sample_characteristics_ch1 = subject id: FH1007	True
GSM9269974	geo:GSE309595:GSM9269974	disease_free_text	multiple myeloma	file	raw/fp-53430067aac0/GSE309595_family.soft.gz		!Sample_characteristics_ch1 = visit: MM Post Transplant 60 Days	True
GSM9269974	geo:GSE309595:GSM9269974	disease_free_text	multiple myeloma	file	raw/fp-53430067aac0/GSE309595_family.soft.gz		A cohort of patients aged 30 and older with newly diagnosed MM requiring systemic therapy was enrolled in Seattle, WA	True
GSM9269975	geo:GSE309595:GSM9269975	donor_id	FH1003	file	raw/fp-53430067aac0/GSE309595_family.soft.gz		!Sample_characteristics_ch1 = subject id: FH1003	True
GSM9269975	geo:GSE309595:GSM9269975	sex	male	file	raw/fp-53430067aac0/GSE309595_family.soft.gz		!Sample_characteristics_ch1 = Sex: Male	True
GSM9269975	geo:GSE309595:GSM9269975	tissue_free_text	Blood	file	raw/fp-53430067aac0/GSE309595_family.soft.gz		!Sample_characteristics_ch1 = tissue: Blood	True
GSM9269975	geo:GSE309595:GSM9269975	tissue_type	tissue	file	raw/fp-53430067aac0/GSE309595_family.soft.gz		!Sample_characteristics_ch1 = tissue: Blood	True
GSM9269975	geo:GSE309595:GSM9269975	tissue_type	tissue	file	raw/fp-53430067aac0/GSE309595_family.soft.gz		!Sample_characteristics_ch1 = cell type: PBMC	True
GSM9269975	geo:GSE309595:GSM9269975	suspension_type	cell	file	raw/fp-53430067aac0/GSE309595_family.soft.gz		single cell gene expression assay with Cell Hashing	True
GSM9269975	geo:GSE309595:GSM9269975	suspension_type	cell	file	raw/fp-53430067aac0/GSE309595_family.soft.gz		PBMCs were removed from liquid nitrogen and rapidly thawed in a 37	True
GSM9269975	geo:GSE309595:GSM9269975	gene_annotation_version	Ensembl v93	file	raw/fp-53430067aac0/GSE309595_family.soft.gz		refdata-cellranger-GRCh38-3.0.0; based on the GRCh38 genome reference and Ensembl v93 transcriptome annotations	True
GSM9269975	geo:GSE309595:GSM9269975	assay	10x 3' transcription profiling	file	raw/fp-53430067aac0/GSE309595_family.soft.gz		scRNAseq libraries were generated using a modified 10x genomics chromium 3′ single cell gene expression assay with Cell Hashing.	True
GSM9269975	geo:GSE309595:GSM9269975	self_reported_ethnicity	Caucasian	file	raw/fp-53430067aac0/GSE309595_family.soft.gz		!Sample_characteristics_ch1 = race: Caucasian	True
GSM9269975	geo:GSE309595:GSM9269975	disease_free_text	multiple myeloma	file	raw/fp-53430067aac0/GSE309595_family.soft.gz		Multiple myeloma (MM) is a hematological malignancy characterized by an expansion of malignant plasma cells in the bone marrow.	True
GSM9269975	geo:GSE309595:GSM9269975	disease_free_text	multiple myeloma	file	raw/fp-53430067aac0/GSE309595_family.soft.gz		!Sample_characteristics_ch1 = subject id: FH1003	True
GSM9269975	geo:GSE309595:GSM9269975	disease_free_text	multiple myeloma	file	raw/fp-53430067aac0/GSE309595_family.soft.gz		!Sample_characteristics_ch1 = visit: Flu Year 1 Day 7	True
GSM9269975	geo:GSE309595:GSM9269975	disease_free_text	multiple myeloma	file	raw/fp-53430067aac0/GSE309595_family.soft.gz		!Sample_title = PB00238-02 MM End Induction 1st Draw	True
GSM9269975	geo:GSE309595:GSM9269975	disease_free_text	multiple myeloma	file	raw/fp-53430067aac0/GSE309595_family.soft.gz		!Sample_characteristics_ch1 = visit: MM End Induction 1st Draw	True
GSM9269975	geo:GSE309595:GSM9269975	disease_free_text	multiple myeloma	file	raw/fp-53430067aac0/GSE309595_family.soft.gz		This cohort was also followed for the flu vaccine perturbation and blood samples were collected at 0, 7, and 90 days post-vaccination during two consecutive flu years.	True
GSM9269975	geo:GSE309595:GSM9269975	disease_free_text	multiple myeloma	file	raw/fp-53430067aac0/GSE309595_family.soft.gz		A cohort of patients aged 30 and older with newly diagnosed MM requiring systemic therapy was enrolled in Seattle, WA	True
GSM9269976	geo:GSE309595:GSM9269976	donor_id	FH1012	file	raw/fp-53430067aac0/GSE309595_family.soft.gz		!Sample_characteristics_ch1 = subject id: FH1012	True
GSM9269976	geo:GSE309595:GSM9269976	sex	male	file	raw/fp-53430067aac0/GSE309595_family.soft.gz		!Sample_characteristics_ch1 = Sex: Male	True
GSM9269976	geo:GSE309595:GSM9269976	tissue_free_text	Blood	file	raw/fp-53430067aac0/GSE309595_family.soft.gz		!Sample_characteristics_ch1 = tissue: Blood	True
GSM9269976	geo:GSE309595:GSM9269976	tissue_type	tissue	file	raw/fp-53430067aac0/GSE309595_family.soft.gz		!Sample_characteristics_ch1 = tissue: Blood	True
GSM9269976	geo:GSE309595:GSM9269976	tissue_type	tissue	file	raw/fp-53430067aac0/GSE309595_family.soft.gz		!Sample_characteristics_ch1 = cell type: PBMC	True
GSM9269976	geo:GSE309595:GSM9269976	suspension_type	cell	file	raw/fp-53430067aac0/GSE309595_family.soft.gz		single cell gene expression assay with Cell Hashing	True
GSM9269976	geo:GSE309595:GSM9269976	suspension_type	cell	file	raw/fp-53430067aac0/GSE309595_family.soft.gz		PBMCs were removed from liquid nitrogen and rapidly thawed in a 37	True
GSM9269976	geo:GSE309595:GSM9269976	gene_annotation_version	Ensembl v93	file	raw/fp-53430067aac0/GSE309595_family.soft.gz		refdata-cellranger-GRCh38-3.0.0; based on the GRCh38 genome reference and Ensembl v93 transcriptome annotations	True
GSM9269976	geo:GSE309595:GSM9269976	assay	10x 3' transcription profiling	file	raw/fp-53430067aac0/GSE309595_family.soft.gz		scRNAseq libraries were generated using a modified 10x genomics chromium 3′ single cell gene expression assay with Cell Hashing.	True
GSM9269976	geo:GSE309595:GSM9269976	self_reported_ethnicity	Caucasian	file	raw/fp-53430067aac0/GSE309595_family.soft.gz		!Sample_characteristics_ch1 = race: Caucasian	True
GSM9269976	geo:GSE309595:GSM9269976	disease_free_text	multiple myeloma	file	raw/fp-53430067aac0/GSE309595_family.soft.gz		Multiple myeloma (MM) is a hematological malignancy characterized by an expansion of malignant plasma cells in the bone marrow.	True
GSM9269976	geo:GSE309595:GSM9269976	disease_free_text	multiple myeloma	file	raw/fp-53430067aac0/GSE309595_family.soft.gz		!Sample_characteristics_ch1 = subject id: FH1012	True
GSM9269976	geo:GSE309595:GSM9269976	disease_free_text	multiple myeloma	file	raw/fp-53430067aac0/GSE309595_family.soft.gz		!Sample_characteristics_ch1 = visit: COVID-19 Visit 4 Pre-transplant	True
GSM9269976	geo:GSE309595:GSM9269976	disease_free_text	multiple myeloma	file	raw/fp-53430067aac0/GSE309595_family.soft.gz		!Sample_title = PB01315-07 MM Pre-Treatment	True
GSM9269976	geo:GSE309595:GSM9269976	disease_free_text	multiple myeloma	file	raw/fp-53430067aac0/GSE309595_family.soft.gz		!Sample_characteristics_ch1 = visit: MM Pre-Treatment	True
GSM9269976	geo:GSE309595:GSM9269976	disease_free_text	multiple myeloma	file	raw/fp-53430067aac0/GSE309595_family.soft.gz		A cohort of patients aged 30 and older with newly diagnosed MM requiring systemic therapy was enrolled in Seattle, WA	True
GSM9269977	geo:GSE309595:GSM9269977	donor_id	FH1012	file	raw/fp-53430067aac0/GSE309595_family.soft.gz		!Sample_characteristics_ch1 = subject id: FH1012	True
GSM9269977	geo:GSE309595:GSM9269977	sex	male	file	raw/fp-53430067aac0/GSE309595_family.soft.gz		!Sample_characteristics_ch1 = Sex: Male	True
GSM9269977	geo:GSE309595:GSM9269977	tissue_free_text	Blood	file	raw/fp-53430067aac0/GSE309595_family.soft.gz		!Sample_characteristics_ch1 = tissue: Blood	True
GSM9269977	geo:GSE309595:GSM9269977	tissue_type	tissue	file	raw/fp-53430067aac0/GSE309595_family.soft.gz		!Sample_characteristics_ch1 = tissue: Blood	True
GSM9269977	geo:GSE309595:GSM9269977	tissue_type	tissue	file	raw/fp-53430067aac0/GSE309595_family.soft.gz		!Sample_characteristics_ch1 = cell type: PBMC	True
GSM9269977	geo:GSE309595:GSM9269977	suspension_type	cell	file	raw/fp-53430067aac0/GSE309595_family.soft.gz		single cell gene expression assay with Cell Hashing	True
GSM9269977	geo:GSE309595:GSM9269977	suspension_type	cell	file	raw/fp-53430067aac0/GSE309595_family.soft.gz		PBMCs were removed from liquid nitrogen and rapidly thawed in a 37	True
GSM9269977	geo:GSE309595:GSM9269977	gene_annotation_version	Ensembl v93	file	raw/fp-53430067aac0/GSE309595_family.soft.gz		refdata-cellranger-GRCh38-3.0.0; based on the GRCh38 genome reference and Ensembl v93 transcriptome annotations	True
GSM9269977	geo:GSE309595:GSM9269977	assay	10x 3' transcription profiling	file	raw/fp-53430067aac0/GSE309595_family.soft.gz		scRNAseq libraries were generated using a modified 10x genomics chromium 3′ single cell gene expression assay with Cell Hashing.	True
GSM9269977	geo:GSE309595:GSM9269977	self_reported_ethnicity	Caucasian	file	raw/fp-53430067aac0/GSE309595_family.soft.gz		!Sample_characteristics_ch1 = race: Caucasian	True
GSM9269977	geo:GSE309595:GSM9269977	disease_free_text	multiple myeloma	file	raw/fp-53430067aac0/GSE309595_family.soft.gz		Multiple myeloma (MM) is a hematological malignancy characterized by an expansion of malignant plasma cells in the bone marrow.	True
GSM9269977	geo:GSE309595:GSM9269977	disease_free_text	multiple myeloma	file	raw/fp-53430067aac0/GSE309595_family.soft.gz		!Sample_characteristics_ch1 = subject id: FH1012	True
GSM9269977	geo:GSE309595:GSM9269977	disease_free_text	multiple myeloma	file	raw/fp-53430067aac0/GSE309595_family.soft.gz		!Sample_characteristics_ch1 = visit: MM Post Induction 2-Cycles	True
GSM9269977	geo:GSE309595:GSM9269977	disease_free_text	multiple myeloma	file	raw/fp-53430067aac0/GSE309595_family.soft.gz		A cohort of patients aged 30 and older with newly diagnosed MM requiring systemic therapy was enrolled in Seattle, WA	True
GSM9269978	geo:GSE309595:GSM9269978	donor_id	FH1008	file	raw/fp-53430067aac0/GSE309595_family.soft.gz		!Sample_characteristics_ch1 = subject id: FH1008	True
GSM9269978	geo:GSE309595:GSM9269978	sex	female	file	raw/fp-53430067aac0/GSE309595_family.soft.gz		!Sample_characteristics_ch1 = Sex: Female	True
GSM9269978	geo:GSE309595:GSM9269978	tissue_free_text	Blood	file	raw/fp-53430067aac0/GSE309595_family.soft.gz		!Sample_characteristics_ch1 = tissue: Blood	True
GSM9269978	geo:GSE309595:GSM9269978	tissue_type	tissue	file	raw/fp-53430067aac0/GSE309595_family.soft.gz		!Sample_characteristics_ch1 = tissue: Blood	True
GSM9269978	geo:GSE309595:GSM9269978	tissue_type	tissue	file	raw/fp-53430067aac0/GSE309595_family.soft.gz		!Sample_characteristics_ch1 = cell type: PBMC	True
GSM9269978	geo:GSE309595:GSM9269978	suspension_type	cell	file	raw/fp-53430067aac0/GSE309595_family.soft.gz		single cell gene expression assay with Cell Hashing	True
GSM9269978	geo:GSE309595:GSM9269978	suspension_type	cell	file	raw/fp-53430067aac0/GSE309595_family.soft.gz		PBMCs were removed from liquid nitrogen and rapidly thawed in a 37	True
GSM9269978	geo:GSE309595:GSM9269978	gene_annotation_version	Ensembl v93	file	raw/fp-53430067aac0/GSE309595_family.soft.gz		refdata-cellranger-GRCh38-3.0.0; based on the GRCh38 genome reference and Ensembl v93 transcriptome annotations	True
GSM9269978	geo:GSE309595:GSM9269978	assay	10x 3' transcription profiling	file	raw/fp-53430067aac0/GSE309595_family.soft.gz		scRNAseq libraries were generated using a modified 10x genomics chromium 3′ single cell gene expression assay with Cell Hashing.	True
GSM9269978	geo:GSE309595:GSM9269978	self_reported_ethnicity	Caucasian	file	raw/fp-53430067aac0/GSE309595_family.soft.gz		!Sample_characteristics_ch1 = race: Caucasian	True
GSM9269978	geo:GSE309595:GSM9269978	disease_free_text	multiple myeloma	file	raw/fp-53430067aac0/GSE309595_family.soft.gz		Multiple myeloma (MM) is a hematological malignancy characterized by an expansion of malignant plasma cells in the bone marrow.	True
GSM9269978	geo:GSE309595:GSM9269978	disease_free_text	multiple myeloma	file	raw/fp-53430067aac0/GSE309595_family.soft.gz		!Sample_characteristics_ch1 = subject id: FH1008	True
GSM9269978	geo:GSE309595:GSM9269978	disease_free_text	multiple myeloma	file	raw/fp-53430067aac0/GSE309595_family.soft.gz		!Sample_characteristics_ch1 = visit: MM End Induction 1st Draw	True
GSM9269978	geo:GSE309595:GSM9269978	disease_free_text	multiple myeloma	file	raw/fp-53430067aac0/GSE309595_family.soft.gz		A cohort of patients aged 30 and older with newly diagnosed MM requiring systemic therapy was enrolled in Seattle, WA	True
GSM9269979	geo:GSE309595:GSM9269979	donor_id	FH1012	file	raw/fp-53430067aac0/GSE309595_family.soft.gz		!Sample_characteristics_ch1 = subject id: FH1012	True
GSM9269979	geo:GSE309595:GSM9269979	sex	male	file	raw/fp-53430067aac0/GSE309595_family.soft.gz		!Sample_characteristics_ch1 = Sex: Male	True
GSM9269979	geo:GSE309595:GSM9269979	tissue_free_text	Blood	file	raw/fp-53430067aac0/GSE309595_family.soft.gz		!Sample_characteristics_ch1 = tissue: Blood	True
GSM9269979	geo:GSE309595:GSM9269979	tissue_type	tissue	file	raw/fp-53430067aac0/GSE309595_family.soft.gz		!Sample_characteristics_ch1 = tissue: Blood	True
GSM9269979	geo:GSE309595:GSM9269979	tissue_type	tissue	file	raw/fp-53430067aac0/GSE309595_family.soft.gz		!Sample_characteristics_ch1 = cell type: PBMC	True
GSM9269979	geo:GSE309595:GSM9269979	suspension_type	cell	file	raw/fp-53430067aac0/GSE309595_family.soft.gz		single cell gene expression assay with Cell Hashing	True
GSM9269979	geo:GSE309595:GSM9269979	suspension_type	cell	file	raw/fp-53430067aac0/GSE309595_family.soft.gz		PBMCs were removed from liquid nitrogen and rapidly thawed in a 37	True
GSM9269979	geo:GSE309595:GSM9269979	gene_annotation_version	Ensembl v93	file	raw/fp-53430067aac0/GSE309595_family.soft.gz		refdata-cellranger-GRCh38-3.0.0; based on the GRCh38 genome reference and Ensembl v93 transcriptome annotations	True
GSM9269979	geo:GSE309595:GSM9269979	assay	10x 3' transcription profiling	file	raw/fp-53430067aac0/GSE309595_family.soft.gz		scRNAseq libraries were generated using a modified 10x genomics chromium 3′ single cell gene expression assay with Cell Hashing.	True
GSM9269979	geo:GSE309595:GSM9269979	self_reported_ethnicity	Caucasian	file	raw/fp-53430067aac0/GSE309595_family.soft.gz		!Sample_characteristics_ch1 = race: Caucasian	True
GSM9269979	geo:GSE309595:GSM9269979	disease_free_text	multiple myeloma	file	raw/fp-53430067aac0/GSE309595_family.soft.gz		Multiple myeloma (MM) is a hematological malignancy characterized by an expansion of malignant plasma cells in the bone marrow.	True
GSM9269979	geo:GSE309595:GSM9269979	disease_free_text	multiple myeloma	file	raw/fp-53430067aac0/GSE309595_family.soft.gz		!Sample_characteristics_ch1 = subject id: FH1012	True
GSM9269979	geo:GSE309595:GSM9269979	disease_free_text	multiple myeloma	file	raw/fp-53430067aac0/GSE309595_family.soft.gz		!Sample_characteristics_ch1 = visit: MM End Induction 1st Draw	True
GSM9269979	geo:GSE309595:GSM9269979	disease_free_text	multiple myeloma	file	raw/fp-53430067aac0/GSE309595_family.soft.gz		A cohort of patients aged 30 and older with newly diagnosed MM requiring systemic therapy was enrolled in Seattle, WA	True
GSM9269980	geo:GSE309595:GSM9269980	donor_id	FH1018	file	raw/fp-53430067aac0/GSE309595_family.soft.gz		!Sample_characteristics_ch1 = subject id: FH1018	True
GSM9269980	geo:GSE309595:GSM9269980	sex	male	file	raw/fp-53430067aac0/GSE309595_family.soft.gz		!Sample_characteristics_ch1 = Sex: Male	True
GSM9269980	geo:GSE309595:GSM9269980	tissue_free_text	Blood	file	raw/fp-53430067aac0/GSE309595_family.soft.gz		!Sample_characteristics_ch1 = tissue: Blood	True
GSM9269980	geo:GSE309595:GSM9269980	tissue_type	tissue	file	raw/fp-53430067aac0/GSE309595_family.soft.gz		!Sample_characteristics_ch1 = tissue: Blood	True
GSM9269980	geo:GSE309595:GSM9269980	tissue_type	tissue	file	raw/fp-53430067aac0/GSE309595_family.soft.gz		!Sample_characteristics_ch1 = cell type: PBMC	True
GSM9269980	geo:GSE309595:GSM9269980	suspension_type	cell	file	raw/fp-53430067aac0/GSE309595_family.soft.gz		single cell gene expression assay with Cell Hashing	True
GSM9269980	geo:GSE309595:GSM9269980	suspension_type	cell	file	raw/fp-53430067aac0/GSE309595_family.soft.gz		PBMCs were removed from liquid nitrogen and rapidly thawed in a 37	True
GSM9269980	geo:GSE309595:GSM9269980	gene_annotation_version	Ensembl v93	file	raw/fp-53430067aac0/GSE309595_family.soft.gz		refdata-cellranger-GRCh38-3.0.0; based on the GRCh38 genome reference and Ensembl v93 transcriptome annotations	True
GSM9269980	geo:GSE309595:GSM9269980	assay	10x 3' transcription profiling	file	raw/fp-53430067aac0/GSE309595_family.soft.gz		scRNAseq libraries were generated using a modified 10x genomics chromium 3′ single cell gene expression assay with Cell Hashing.	True
GSM9269980	geo:GSE309595:GSM9269980	self_reported_ethnicity	Caucasian	file	raw/fp-53430067aac0/GSE309595_family.soft.gz		!Sample_characteristics_ch1 = race: Caucasian	True
GSM9269980	geo:GSE309595:GSM9269980	disease_free_text	multiple myeloma	file	raw/fp-53430067aac0/GSE309595_family.soft.gz		Multiple myeloma (MM) is a hematological malignancy characterized by an expansion of malignant plasma cells in the bone marrow.	True
GSM9269980	geo:GSE309595:GSM9269980	disease_free_text	multiple myeloma	file	raw/fp-53430067aac0/GSE309595_family.soft.gz		!Sample_characteristics_ch1 = subject id: FH1018	True
GSM9269980	geo:GSE309595:GSM9269980	disease_free_text	multiple myeloma	file	raw/fp-53430067aac0/GSE309595_family.soft.gz		!Sample_characteristics_ch1 = visit: MM Pre-Treatment	True
GSM9269980	geo:GSE309595:GSM9269980	disease_free_text	multiple myeloma	file	raw/fp-53430067aac0/GSE309595_family.soft.gz		A cohort of patients aged 30 and older with newly diagnosed MM requiring systemic therapy was enrolled in Seattle, WA	True
GSM9269981	geo:GSE309595:GSM9269981	donor_id	FH1007	file	raw/fp-53430067aac0/GSE309595_family.soft.gz		!Sample_characteristics_ch1 = subject id: FH1007	True
GSM9269981	geo:GSE309595:GSM9269981	sex	female	file	raw/fp-53430067aac0/GSE309595_family.soft.gz		!Sample_characteristics_ch1 = Sex: Female	True
GSM9269981	geo:GSE309595:GSM9269981	tissue_free_text	Blood	file	raw/fp-53430067aac0/GSE309595_family.soft.gz		!Sample_characteristics_ch1 = tissue: Blood	True
GSM9269981	geo:GSE309595:GSM9269981	tissue_type	tissue	file	raw/fp-53430067aac0/GSE309595_family.soft.gz		!Sample_characteristics_ch1 = tissue: Blood	True
GSM9269981	geo:GSE309595:GSM9269981	tissue_type	tissue	file	raw/fp-53430067aac0/GSE309595_family.soft.gz		!Sample_characteristics_ch1 = cell type: PBMC	True
GSM9269981	geo:GSE309595:GSM9269981	suspension_type	cell	file	raw/fp-53430067aac0/GSE309595_family.soft.gz		single cell gene expression assay with Cell Hashing	True
GSM9269981	geo:GSE309595:GSM9269981	suspension_type	cell	file	raw/fp-53430067aac0/GSE309595_family.soft.gz		PBMCs were removed from liquid nitrogen and rapidly thawed in a 37	True
GSM9269981	geo:GSE309595:GSM9269981	gene_annotation_version	Ensembl v93	file	raw/fp-53430067aac0/GSE309595_family.soft.gz		refdata-cellranger-GRCh38-3.0.0; based on the GRCh38 genome reference and Ensembl v93 transcriptome annotations	True
GSM9269981	geo:GSE309595:GSM9269981	assay	10x 3' transcription profiling	file	raw/fp-53430067aac0/GSE309595_family.soft.gz		scRNAseq libraries were generated using a modified 10x genomics chromium 3′ single cell gene expression assay with Cell Hashing.	True
GSM9269981	geo:GSE309595:GSM9269981	self_reported_ethnicity	Caucasian	file	raw/fp-53430067aac0/GSE309595_family.soft.gz		!Sample_characteristics_ch1 = race: Caucasian	True
GSM9269981	geo:GSE309595:GSM9269981	disease_free_text	multiple myeloma	file	raw/fp-53430067aac0/GSE309595_family.soft.gz		Multiple myeloma (MM) is a hematological malignancy characterized by an expansion of malignant plasma cells in the bone marrow.	True
GSM9269981	geo:GSE309595:GSM9269981	disease_free_text	multiple myeloma	file	raw/fp-53430067aac0/GSE309595_family.soft.gz		!Sample_characteristics_ch1 = subject id: FH1007	True
GSM9269981	geo:GSE309595:GSM9269981	disease_free_text	multiple myeloma	file	raw/fp-53430067aac0/GSE309595_family.soft.gz		!Sample_characteristics_ch1 = visit: Flu Year 1 Day 0	True
GSM9269981	geo:GSE309595:GSM9269981	disease_free_text	multiple myeloma	file	raw/fp-53430067aac0/GSE309595_family.soft.gz		!Sample_title = PB00234-01-01 MM Pre-Treatment	True
GSM9269981	geo:GSE309595:GSM9269981	disease_free_text	multiple myeloma	file	raw/fp-53430067aac0/GSE309595_family.soft.gz		!Sample_characteristics_ch1 = visit: MM Pre-Treatment	True
GSM9269981	geo:GSE309595:GSM9269981	disease_free_text	multiple myeloma	file	raw/fp-53430067aac0/GSE309595_family.soft.gz		This cohort was also followed for the flu vaccine perturbation and blood samples were collected at 0, 7, and 90 days post-vaccination during two consecutive flu years.	True
GSM9269981	geo:GSE309595:GSM9269981	disease_free_text	multiple myeloma	file	raw/fp-53430067aac0/GSE309595_family.soft.gz		A cohort of patients aged 30 and older with newly diagnosed MM requiring systemic therapy was enrolled in Seattle, WA	True
GSM9269982	geo:GSE309595:GSM9269982	donor_id	FH1018	file	raw/fp-53430067aac0/GSE309595_family.soft.gz		!Sample_characteristics_ch1 = subject id: FH1018	True
GSM9269982	geo:GSE309595:GSM9269982	sex	male	file	raw/fp-53430067aac0/GSE309595_family.soft.gz		!Sample_characteristics_ch1 = Sex: Male	True
GSM9269982	geo:GSE309595:GSM9269982	tissue_free_text	Blood	file	raw/fp-53430067aac0/GSE309595_family.soft.gz		!Sample_characteristics_ch1 = tissue: Blood	True
GSM9269982	geo:GSE309595:GSM9269982	tissue_type	tissue	file	raw/fp-53430067aac0/GSE309595_family.soft.gz		!Sample_characteristics_ch1 = tissue: Blood	True
GSM9269982	geo:GSE309595:GSM9269982	tissue_type	tissue	file	raw/fp-53430067aac0/GSE309595_family.soft.gz		!Sample_characteristics_ch1 = cell type: PBMC	True
GSM9269982	geo:GSE309595:GSM9269982	suspension_type	cell	file	raw/fp-53430067aac0/GSE309595_family.soft.gz		single cell gene expression assay with Cell Hashing	True
GSM9269982	geo:GSE309595:GSM9269982	suspension_type	cell	file	raw/fp-53430067aac0/GSE309595_family.soft.gz		PBMCs were removed from liquid nitrogen and rapidly thawed in a 37	True
GSM9269982	geo:GSE309595:GSM9269982	gene_annotation_version	Ensembl v93	file	raw/fp-53430067aac0/GSE309595_family.soft.gz		refdata-cellranger-GRCh38-3.0.0; based on the GRCh38 genome reference and Ensembl v93 transcriptome annotations	True
GSM9269982	geo:GSE309595:GSM9269982	assay	10x 3' transcription profiling	file	raw/fp-53430067aac0/GSE309595_family.soft.gz		scRNAseq libraries were generated using a modified 10x genomics chromium 3′ single cell gene expression assay with Cell Hashing.	True
GSM9269982	geo:GSE309595:GSM9269982	self_reported_ethnicity	Caucasian	file	raw/fp-53430067aac0/GSE309595_family.soft.gz		!Sample_characteristics_ch1 = race: Caucasian	True
GSM9269982	geo:GSE309595:GSM9269982	disease_free_text	multiple myeloma	file	raw/fp-53430067aac0/GSE309595_family.soft.gz		Multiple myeloma (MM) is a hematological malignancy characterized by an expansion of malignant plasma cells in the bone marrow.	True
GSM9269982	geo:GSE309595:GSM9269982	disease_free_text	multiple myeloma	file	raw/fp-53430067aac0/GSE309595_family.soft.gz		!Sample_characteristics_ch1 = subject id: FH1018	True
GSM9269982	geo:GSE309595:GSM9269982	disease_free_text	multiple myeloma	file	raw/fp-53430067aac0/GSE309595_family.soft.gz		!Sample_characteristics_ch1 = visit: MM Post Induction 2-Cycles	True
GSM9269982	geo:GSE309595:GSM9269982	disease_free_text	multiple myeloma	file	raw/fp-53430067aac0/GSE309595_family.soft.gz		A cohort of patients aged 30 and older with newly diagnosed MM requiring systemic therapy was enrolled in Seattle, WA	True
GSM9269983	geo:GSE309595:GSM9269983	donor_id	FH1012	file	raw/fp-53430067aac0/GSE309595_family.soft.gz		!Sample_characteristics_ch1 = subject id: FH1012	True
GSM9269983	geo:GSE309595:GSM9269983	sex	male	file	raw/fp-53430067aac0/GSE309595_family.soft.gz		!Sample_characteristics_ch1 = Sex: Male	True
GSM9269983	geo:GSE309595:GSM9269983	tissue_free_text	Blood	file	raw/fp-53430067aac0/GSE309595_family.soft.gz		!Sample_characteristics_ch1 = tissue: Blood	True
GSM9269983	geo:GSE309595:GSM9269983	tissue_type	tissue	file	raw/fp-53430067aac0/GSE309595_family.soft.gz		!Sample_characteristics_ch1 = tissue: Blood	True
GSM9269983	geo:GSE309595:GSM9269983	tissue_type	tissue	file	raw/fp-53430067aac0/GSE309595_family.soft.gz		!Sample_characteristics_ch1 = cell type: PBMC	True
GSM9269983	geo:GSE309595:GSM9269983	suspension_type	cell	file	raw/fp-53430067aac0/GSE309595_family.soft.gz		single cell gene expression assay with Cell Hashing	True
GSM9269983	geo:GSE309595:GSM9269983	suspension_type	cell	file	raw/fp-53430067aac0/GSE309595_family.soft.gz		PBMCs were removed from liquid nitrogen and rapidly thawed in a 37	True
GSM9269983	geo:GSE309595:GSM9269983	gene_annotation_version	Ensembl v93	file	raw/fp-53430067aac0/GSE309595_family.soft.gz		refdata-cellranger-GRCh38-3.0.0; based on the GRCh38 genome reference and Ensembl v93 transcriptome annotations	True
GSM9269983	geo:GSE309595:GSM9269983	assay	10x 3' transcription profiling	file	raw/fp-53430067aac0/GSE309595_family.soft.gz		scRNAseq libraries were generated using a modified 10x genomics chromium 3′ single cell gene expression assay with Cell Hashing.	True
GSM9269983	geo:GSE309595:GSM9269983	self_reported_ethnicity	Caucasian	file	raw/fp-53430067aac0/GSE309595_family.soft.gz		!Sample_characteristics_ch1 = race: Caucasian	True
GSM9269983	geo:GSE309595:GSM9269983	disease_free_text	multiple myeloma	file	raw/fp-53430067aac0/GSE309595_family.soft.gz		Multiple myeloma (MM) is a hematological malignancy characterized by an expansion of malignant plasma cells in the bone marrow.	True
GSM9269983	geo:GSE309595:GSM9269983	disease_free_text	multiple myeloma	file	raw/fp-53430067aac0/GSE309595_family.soft.gz		!Sample_characteristics_ch1 = subject id: FH1012	True
GSM9269983	geo:GSE309595:GSM9269983	disease_free_text	multiple myeloma	file	raw/fp-53430067aac0/GSE309595_family.soft.gz		!Sample_characteristics_ch1 = visit: Flu Year 1 Stand-Alone	True
GSM9269983	geo:GSE309595:GSM9269983	disease_free_text	multiple myeloma	file	raw/fp-53430067aac0/GSE309595_family.soft.gz		!Sample_title = PB01315-07 MM Pre-Treatment	True
GSM9269983	geo:GSE309595:GSM9269983	disease_free_text	multiple myeloma	file	raw/fp-53430067aac0/GSE309595_family.soft.gz		!Sample_characteristics_ch1 = visit: MM Pre-Treatment	True
GSM9269983	geo:GSE309595:GSM9269983	disease_free_text	multiple myeloma	file	raw/fp-53430067aac0/GSE309595_family.soft.gz		This cohort was also followed for the flu vaccine perturbation and blood samples were collected at 0, 7, and 90 days post-vaccination during two consecutive flu years.	True
GSM9269983	geo:GSE309595:GSM9269983	disease_free_text	multiple myeloma	file	raw/fp-53430067aac0/GSE309595_family.soft.gz		A cohort of patients aged 30 and older with newly diagnosed MM requiring systemic therapy was enrolled in Seattle, WA	True
GSM9269984	geo:GSE309595:GSM9269984	donor_id	FH1011	file	raw/fp-53430067aac0/GSE309595_family.soft.gz		!Sample_characteristics_ch1 = subject id: FH1011	True
GSM9269984	geo:GSE309595:GSM9269984	sex	male	file	raw/fp-53430067aac0/GSE309595_family.soft.gz		!Sample_characteristics_ch1 = Sex: Male	True
GSM9269984	geo:GSE309595:GSM9269984	tissue_free_text	Blood	file	raw/fp-53430067aac0/GSE309595_family.soft.gz		!Sample_characteristics_ch1 = tissue: Blood	True
GSM9269984	geo:GSE309595:GSM9269984	tissue_type	tissue	file	raw/fp-53430067aac0/GSE309595_family.soft.gz		!Sample_characteristics_ch1 = tissue: Blood	True
GSM9269984	geo:GSE309595:GSM9269984	tissue_type	tissue	file	raw/fp-53430067aac0/GSE309595_family.soft.gz		!Sample_characteristics_ch1 = cell type: PBMC	True
GSM9269984	geo:GSE309595:GSM9269984	suspension_type	cell	file	raw/fp-53430067aac0/GSE309595_family.soft.gz		single cell gene expression assay with Cell Hashing	True
GSM9269984	geo:GSE309595:GSM9269984	suspension_type	cell	file	raw/fp-53430067aac0/GSE309595_family.soft.gz		PBMCs were removed from liquid nitrogen and rapidly thawed in a 37	True
GSM9269984	geo:GSE309595:GSM9269984	gene_annotation_version	Ensembl v93	file	raw/fp-53430067aac0/GSE309595_family.soft.gz		refdata-cellranger-GRCh38-3.0.0; based on the GRCh38 genome reference and Ensembl v93 transcriptome annotations	True
GSM9269984	geo:GSE309595:GSM9269984	assay	10x 3' transcription profiling	file	raw/fp-53430067aac0/GSE309595_family.soft.gz		scRNAseq libraries were generated using a modified 10x genomics chromium 3′ single cell gene expression assay with Cell Hashing.	True
GSM9269984	geo:GSE309595:GSM9269984	disease_free_text	multiple myeloma	file	raw/fp-53430067aac0/GSE309595_family.soft.gz		Multiple myeloma (MM) is a hematological malignancy characterized by an expansion of malignant plasma cells in the bone marrow.	True
GSM9269984	geo:GSE309595:GSM9269984	disease_free_text	multiple myeloma	file	raw/fp-53430067aac0/GSE309595_family.soft.gz		!Sample_characteristics_ch1 = subject id: FH1011	True
GSM9269984	geo:GSE309595:GSM9269984	disease_free_text	multiple myeloma	file	raw/fp-53430067aac0/GSE309595_family.soft.gz		!Sample_characteristics_ch1 = visit: Flu Year 1 Day 7	True
GSM9269984	geo:GSE309595:GSM9269984	disease_free_text	multiple myeloma	file	raw/fp-53430067aac0/GSE309595_family.soft.gz		!Sample_title = PB05007-001 MM Post Transplant 1 year	True
GSM9269984	geo:GSE309595:GSM9269984	disease_free_text	multiple myeloma	file	raw/fp-53430067aac0/GSE309595_family.soft.gz		!Sample_characteristics_ch1 = visit: MM Post Transplant 1 year	True
GSM9269984	geo:GSE309595:GSM9269984	disease_free_text	multiple myeloma	file	raw/fp-53430067aac0/GSE309595_family.soft.gz		This cohort was also followed for the flu vaccine perturbation and blood samples were collected at 0, 7, and 90 days post-vaccination during two consecutive flu years.	True
GSM9269984	geo:GSE309595:GSM9269984	disease_free_text	multiple myeloma	file	raw/fp-53430067aac0/GSE309595_family.soft.gz		A cohort of patients aged 30 and older with newly diagnosed MM requiring systemic therapy was enrolled in Seattle, WA	True
GSM9269985	geo:GSE309595:GSM9269985	donor_id	FH1008	file	raw/fp-53430067aac0/GSE309595_family.soft.gz		!Sample_characteristics_ch1 = subject id: FH1008	True
GSM9269985	geo:GSE309595:GSM9269985	sex	female	file	raw/fp-53430067aac0/GSE309595_family.soft.gz		!Sample_characteristics_ch1 = Sex: Female	True
GSM9269985	geo:GSE309595:GSM9269985	tissue_free_text	Blood	file	raw/fp-53430067aac0/GSE309595_family.soft.gz		!Sample_characteristics_ch1 = tissue: Blood	True
GSM9269985	geo:GSE309595:GSM9269985	tissue_type	tissue	file	raw/fp-53430067aac0/GSE309595_family.soft.gz		!Sample_characteristics_ch1 = tissue: Blood	True
GSM9269985	geo:GSE309595:GSM9269985	tissue_type	tissue	file	raw/fp-53430067aac0/GSE309595_family.soft.gz		!Sample_characteristics_ch1 = cell type: PBMC	True
GSM9269985	geo:GSE309595:GSM9269985	suspension_type	cell	file	raw/fp-53430067aac0/GSE309595_family.soft.gz		single cell gene expression assay with Cell Hashing	True
GSM9269985	geo:GSE309595:GSM9269985	suspension_type	cell	file	raw/fp-53430067aac0/GSE309595_family.soft.gz		PBMCs were removed from liquid nitrogen and rapidly thawed in a 37	True
GSM9269985	geo:GSE309595:GSM9269985	gene_annotation_version	Ensembl v93	file	raw/fp-53430067aac0/GSE309595_family.soft.gz		refdata-cellranger-GRCh38-3.0.0; based on the GRCh38 genome reference and Ensembl v93 transcriptome annotations	True
GSM9269985	geo:GSE309595:GSM9269985	assay	10x 3' transcription profiling	file	raw/fp-53430067aac0/GSE309595_family.soft.gz		scRNAseq libraries were generated using a modified 10x genomics chromium 3′ single cell gene expression assay with Cell Hashing.	True
GSM9269985	geo:GSE309595:GSM9269985	self_reported_ethnicity	Caucasian	file	raw/fp-53430067aac0/GSE309595_family.soft.gz		!Sample_characteristics_ch1 = race: Caucasian	True
GSM9269985	geo:GSE309595:GSM9269985	disease_free_text	multiple myeloma	file	raw/fp-53430067aac0/GSE309595_family.soft.gz		Multiple myeloma (MM) is a hematological malignancy characterized by an expansion of malignant plasma cells in the bone marrow.	True
GSM9269985	geo:GSE309595:GSM9269985	disease_free_text	multiple myeloma	file	raw/fp-53430067aac0/GSE309595_family.soft.gz		!Sample_characteristics_ch1 = subject id: FH1008	True
GSM9269985	geo:GSE309595:GSM9269985	disease_free_text	multiple myeloma	file	raw/fp-53430067aac0/GSE309595_family.soft.gz		!Sample_characteristics_ch1 = visit: MM Post Transplant 60 Days	True
GSM9269985	geo:GSE309595:GSM9269985	disease_free_text	multiple myeloma	file	raw/fp-53430067aac0/GSE309595_family.soft.gz		A cohort of patients aged 30 and older with newly diagnosed MM requiring systemic therapy was enrolled in Seattle, WA	True
GSM9269986	geo:GSE309595:GSM9269986	donor_id	FH1006	file	raw/fp-53430067aac0/GSE309595_family.soft.gz		!Sample_characteristics_ch1 = subject id: FH1006	True
GSM9269986	geo:GSE309595:GSM9269986	sex	female	file	raw/fp-53430067aac0/GSE309595_family.soft.gz		!Sample_characteristics_ch1 = Sex: Female	True
GSM9269986	geo:GSE309595:GSM9269986	tissue_free_text	Blood	file	raw/fp-53430067aac0/GSE309595_family.soft.gz		!Sample_characteristics_ch1 = tissue: Blood	True
GSM9269986	geo:GSE309595:GSM9269986	tissue_type	tissue	file	raw/fp-53430067aac0/GSE309595_family.soft.gz		!Sample_characteristics_ch1 = tissue: Blood	True
GSM9269986	geo:GSE309595:GSM9269986	tissue_type	tissue	file	raw/fp-53430067aac0/GSE309595_family.soft.gz		!Sample_characteristics_ch1 = cell type: PBMC	True
GSM9269986	geo:GSE309595:GSM9269986	suspension_type	cell	file	raw/fp-53430067aac0/GSE309595_family.soft.gz		single cell gene expression assay with Cell Hashing	True
GSM9269986	geo:GSE309595:GSM9269986	suspension_type	cell	file	raw/fp-53430067aac0/GSE309595_family.soft.gz		PBMCs were removed from liquid nitrogen and rapidly thawed in a 37	True
GSM9269986	geo:GSE309595:GSM9269986	gene_annotation_version	Ensembl v93	file	raw/fp-53430067aac0/GSE309595_family.soft.gz		refdata-cellranger-GRCh38-3.0.0; based on the GRCh38 genome reference and Ensembl v93 transcriptome annotations	True
GSM9269986	geo:GSE309595:GSM9269986	assay	10x 3' transcription profiling	file	raw/fp-53430067aac0/GSE309595_family.soft.gz		scRNAseq libraries were generated using a modified 10x genomics chromium 3′ single cell gene expression assay with Cell Hashing.	True
GSM9269986	geo:GSE309595:GSM9269986	self_reported_ethnicity	Caucasian	file	raw/fp-53430067aac0/GSE309595_family.soft.gz		!Sample_characteristics_ch1 = race: Caucasian	True
GSM9269986	geo:GSE309595:GSM9269986	disease_free_text	multiple myeloma	file	raw/fp-53430067aac0/GSE309595_family.soft.gz		Multiple myeloma (MM) is a hematological malignancy characterized by an expansion of malignant plasma cells in the bone marrow.	True
GSM9269986	geo:GSE309595:GSM9269986	disease_free_text	multiple myeloma	file	raw/fp-53430067aac0/GSE309595_family.soft.gz		!Sample_characteristics_ch1 = subject id: FH1006	True
GSM9269986	geo:GSE309595:GSM9269986	disease_free_text	multiple myeloma	file	raw/fp-53430067aac0/GSE309595_family.soft.gz		!Sample_characteristics_ch1 = visit: Flu Year 1 Day 90	True
GSM9269986	geo:GSE309595:GSM9269986	disease_free_text	multiple myeloma	file	raw/fp-53430067aac0/GSE309595_family.soft.gz		!Sample_title = PB00233-01 MM Pre-Treatment	True
GSM9269986	geo:GSE309595:GSM9269986	disease_free_text	multiple myeloma	file	raw/fp-53430067aac0/GSE309595_family.soft.gz		!Sample_characteristics_ch1 = visit: MM Pre-Treatment	True
GSM9269986	geo:GSE309595:GSM9269986	disease_free_text	multiple myeloma	file	raw/fp-53430067aac0/GSE309595_family.soft.gz		This cohort was also followed for the flu vaccine perturbation and blood samples were collected at 0, 7, and 90 days post-vaccination during two consecutive flu years.	True
GSM9269986	geo:GSE309595:GSM9269986	disease_free_text	multiple myeloma	file	raw/fp-53430067aac0/GSE309595_family.soft.gz		A cohort of patients aged 30 and older with newly diagnosed MM requiring systemic therapy was enrolled in Seattle, WA	True
GSM9269987	geo:GSE309595:GSM9269987	donor_id	FH1004	file	raw/fp-53430067aac0/GSE309595_family.soft.gz		!Sample_characteristics_ch1 = subject id: FH1004	True
GSM9269987	geo:GSE309595:GSM9269987	sex	male	file	raw/fp-53430067aac0/GSE309595_family.soft.gz		!Sample_characteristics_ch1 = Sex: Male	True
GSM9269987	geo:GSE309595:GSM9269987	tissue_free_text	Blood	file	raw/fp-53430067aac0/GSE309595_family.soft.gz		!Sample_characteristics_ch1 = tissue: Blood	True
GSM9269987	geo:GSE309595:GSM9269987	tissue_type	tissue	file	raw/fp-53430067aac0/GSE309595_family.soft.gz		!Sample_characteristics_ch1 = tissue: Blood	True
GSM9269987	geo:GSE309595:GSM9269987	tissue_type	tissue	file	raw/fp-53430067aac0/GSE309595_family.soft.gz		!Sample_characteristics_ch1 = cell type: PBMC	True
GSM9269987	geo:GSE309595:GSM9269987	suspension_type	cell	file	raw/fp-53430067aac0/GSE309595_family.soft.gz		single cell gene expression assay with Cell Hashing	True
GSM9269987	geo:GSE309595:GSM9269987	suspension_type	cell	file	raw/fp-53430067aac0/GSE309595_family.soft.gz		PBMCs were removed from liquid nitrogen and rapidly thawed in a 37	True
GSM9269987	geo:GSE309595:GSM9269987	gene_annotation_version	Ensembl v93	file	raw/fp-53430067aac0/GSE309595_family.soft.gz		refdata-cellranger-GRCh38-3.0.0; based on the GRCh38 genome reference and Ensembl v93 transcriptome annotations	True
GSM9269987	geo:GSE309595:GSM9269987	assay	10x 3' transcription profiling	file	raw/fp-53430067aac0/GSE309595_family.soft.gz		scRNAseq libraries were generated using a modified 10x genomics chromium 3′ single cell gene expression assay with Cell Hashing.	True
GSM9269987	geo:GSE309595:GSM9269987	self_reported_ethnicity	Caucasian	file	raw/fp-53430067aac0/GSE309595_family.soft.gz		!Sample_characteristics_ch1 = race: Caucasian	True
GSM9269987	geo:GSE309595:GSM9269987	disease_free_text	multiple myeloma	file	raw/fp-53430067aac0/GSE309595_family.soft.gz		Multiple myeloma (MM) is a hematological malignancy characterized by an expansion of malignant plasma cells in the bone marrow.	True
GSM9269987	geo:GSE309595:GSM9269987	disease_free_text	multiple myeloma	file	raw/fp-53430067aac0/GSE309595_family.soft.gz		!Sample_characteristics_ch1 = subject id: FH1004	True
GSM9269987	geo:GSE309595:GSM9269987	disease_free_text	multiple myeloma	file	raw/fp-53430067aac0/GSE309595_family.soft.gz		!Sample_characteristics_ch1 = visit: Flu Year 2 Day 90	True
GSM9269987	geo:GSE309595:GSM9269987	disease_free_text	multiple myeloma	file	raw/fp-53430067aac0/GSE309595_family.soft.gz		!Sample_title = PB00136-01 MM Pre-Treatment	True
GSM9269987	geo:GSE309595:GSM9269987	disease_free_text	multiple myeloma	file	raw/fp-53430067aac0/GSE309595_family.soft.gz		!Sample_characteristics_ch1 = visit: MM Pre-Treatment	True
GSM9269987	geo:GSE309595:GSM9269987	disease_free_text	multiple myeloma	file	raw/fp-53430067aac0/GSE309595_family.soft.gz		This cohort was also followed for the flu vaccine perturbation and blood samples were collected at 0, 7, and 90 days post-vaccination during two consecutive flu years.	True
GSM9269987	geo:GSE309595:GSM9269987	disease_free_text	multiple myeloma	file	raw/fp-53430067aac0/GSE309595_family.soft.gz		A cohort of patients aged 30 and older with newly diagnosed MM requiring systemic therapy was enrolled in Seattle, WA	True
GSM9269988	geo:GSE309595:GSM9269988	donor_id	FH1018	file	raw/fp-53430067aac0/GSE309595_family.soft.gz		!Sample_characteristics_ch1 = subject id: FH1018	True
GSM9269988	geo:GSE309595:GSM9269988	sex	male	file	raw/fp-53430067aac0/GSE309595_family.soft.gz		!Sample_characteristics_ch1 = Sex: Male	True
GSM9269988	geo:GSE309595:GSM9269988	tissue_free_text	Blood	file	raw/fp-53430067aac0/GSE309595_family.soft.gz		!Sample_characteristics_ch1 = tissue: Blood	True
GSM9269988	geo:GSE309595:GSM9269988	tissue_type	tissue	file	raw/fp-53430067aac0/GSE309595_family.soft.gz		!Sample_characteristics_ch1 = tissue: Blood	True
GSM9269988	geo:GSE309595:GSM9269988	tissue_type	tissue	file	raw/fp-53430067aac0/GSE309595_family.soft.gz		!Sample_characteristics_ch1 = cell type: PBMC	True
GSM9269988	geo:GSE309595:GSM9269988	suspension_type	cell	file	raw/fp-53430067aac0/GSE309595_family.soft.gz		single cell gene expression assay with Cell Hashing	True
GSM9269988	geo:GSE309595:GSM9269988	suspension_type	cell	file	raw/fp-53430067aac0/GSE309595_family.soft.gz		PBMCs were removed from liquid nitrogen and rapidly thawed in a 37	True
GSM9269988	geo:GSE309595:GSM9269988	gene_annotation_version	Ensembl v93	file	raw/fp-53430067aac0/GSE309595_family.soft.gz		refdata-cellranger-GRCh38-3.0.0; based on the GRCh38 genome reference and Ensembl v93 transcriptome annotations	True
GSM9269988	geo:GSE309595:GSM9269988	assay	10x 3' transcription profiling	file	raw/fp-53430067aac0/GSE309595_family.soft.gz		scRNAseq libraries were generated using a modified 10x genomics chromium 3′ single cell gene expression assay with Cell Hashing.	True
GSM9269988	geo:GSE309595:GSM9269988	self_reported_ethnicity	Caucasian	file	raw/fp-53430067aac0/GSE309595_family.soft.gz		!Sample_characteristics_ch1 = race: Caucasian	True
GSM9269988	geo:GSE309595:GSM9269988	disease_free_text	multiple myeloma	file	raw/fp-53430067aac0/GSE309595_family.soft.gz		Multiple myeloma (MM) is a hematological malignancy characterized by an expansion of malignant plasma cells in the bone marrow.	True
GSM9269988	geo:GSE309595:GSM9269988	disease_free_text	multiple myeloma	file	raw/fp-53430067aac0/GSE309595_family.soft.gz		!Sample_characteristics_ch1 = subject id: FH1018	True
GSM9269988	geo:GSE309595:GSM9269988	disease_free_text	multiple myeloma	file	raw/fp-53430067aac0/GSE309595_family.soft.gz		!Sample_characteristics_ch1 = visit: MM End Induction 1st Draw	True
GSM9269988	geo:GSE309595:GSM9269988	disease_free_text	multiple myeloma	file	raw/fp-53430067aac0/GSE309595_family.soft.gz		A cohort of patients aged 30 and older with newly diagnosed MM requiring systemic therapy was enrolled in Seattle, WA	True
GSM9269989	geo:GSE309595:GSM9269989	donor_id	FH1014	file	raw/fp-53430067aac0/GSE309595_family.soft.gz		!Sample_characteristics_ch1 = subject id: FH1014	True
GSM9269989	geo:GSE309595:GSM9269989	sex	male	file	raw/fp-53430067aac0/GSE309595_family.soft.gz		!Sample_characteristics_ch1 = Sex: Male	True
GSM9269989	geo:GSE309595:GSM9269989	tissue_free_text	Blood	file	raw/fp-53430067aac0/GSE309595_family.soft.gz		!Sample_characteristics_ch1 = tissue: Blood	True
GSM9269989	geo:GSE309595:GSM9269989	tissue_type	tissue	file	raw/fp-53430067aac0/GSE309595_family.soft.gz		!Sample_characteristics_ch1 = tissue: Blood	True
GSM9269989	geo:GSE309595:GSM9269989	tissue_type	tissue	file	raw/fp-53430067aac0/GSE309595_family.soft.gz		!Sample_characteristics_ch1 = cell type: PBMC	True
GSM9269989	geo:GSE309595:GSM9269989	suspension_type	cell	file	raw/fp-53430067aac0/GSE309595_family.soft.gz		single cell gene expression assay with Cell Hashing	True
GSM9269989	geo:GSE309595:GSM9269989	suspension_type	cell	file	raw/fp-53430067aac0/GSE309595_family.soft.gz		PBMCs were removed from liquid nitrogen and rapidly thawed in a 37	True
GSM9269989	geo:GSE309595:GSM9269989	gene_annotation_version	Ensembl v93	file	raw/fp-53430067aac0/GSE309595_family.soft.gz		refdata-cellranger-GRCh38-3.0.0; based on the GRCh38 genome reference and Ensembl v93 transcriptome annotations	True
GSM9269989	geo:GSE309595:GSM9269989	assay	10x 3' transcription profiling	file	raw/fp-53430067aac0/GSE309595_family.soft.gz		scRNAseq libraries were generated using a modified 10x genomics chromium 3′ single cell gene expression assay with Cell Hashing.	True
GSM9269989	geo:GSE309595:GSM9269989	self_reported_ethnicity	Caucasian	file	raw/fp-53430067aac0/GSE309595_family.soft.gz		!Sample_characteristics_ch1 = race: Caucasian	True
GSM9269989	geo:GSE309595:GSM9269989	disease_free_text	multiple myeloma	file	raw/fp-53430067aac0/GSE309595_family.soft.gz		Multiple myeloma (MM) is a hematological malignancy characterized by an expansion of malignant plasma cells in the bone marrow.	True
GSM9269989	geo:GSE309595:GSM9269989	disease_free_text	multiple myeloma	file	raw/fp-53430067aac0/GSE309595_family.soft.gz		!Sample_characteristics_ch1 = subject id: FH1014	True
GSM9269989	geo:GSE309595:GSM9269989	disease_free_text	multiple myeloma	file	raw/fp-53430067aac0/GSE309595_family.soft.gz		!Sample_characteristics_ch1 = visit: MM Post Transplant 60 Days	True
GSM9269989	geo:GSE309595:GSM9269989	disease_free_text	multiple myeloma	file	raw/fp-53430067aac0/GSE309595_family.soft.gz		A cohort of patients aged 30 and older with newly diagnosed MM requiring systemic therapy was enrolled in Seattle, WA	True
GSM9269990	geo:GSE309595:GSM9269990	donor_id	FH1005	file	raw/fp-53430067aac0/GSE309595_family.soft.gz		!Sample_characteristics_ch1 = subject id: FH1005	True
GSM9269990	geo:GSE309595:GSM9269990	sex	female	file	raw/fp-53430067aac0/GSE309595_family.soft.gz		!Sample_characteristics_ch1 = Sex: Female	True
GSM9269990	geo:GSE309595:GSM9269990	tissue_free_text	Blood	file	raw/fp-53430067aac0/GSE309595_family.soft.gz		!Sample_characteristics_ch1 = tissue: Blood	True
GSM9269990	geo:GSE309595:GSM9269990	tissue_type	tissue	file	raw/fp-53430067aac0/GSE309595_family.soft.gz		!Sample_characteristics_ch1 = tissue: Blood	True
GSM9269990	geo:GSE309595:GSM9269990	tissue_type	tissue	file	raw/fp-53430067aac0/GSE309595_family.soft.gz		!Sample_characteristics_ch1 = cell type: PBMC	True
GSM9269990	geo:GSE309595:GSM9269990	suspension_type	cell	file	raw/fp-53430067aac0/GSE309595_family.soft.gz		single cell gene expression assay with Cell Hashing	True
GSM9269990	geo:GSE309595:GSM9269990	suspension_type	cell	file	raw/fp-53430067aac0/GSE309595_family.soft.gz		PBMCs were removed from liquid nitrogen and rapidly thawed in a 37	True
GSM9269990	geo:GSE309595:GSM9269990	gene_annotation_version	Ensembl v93	file	raw/fp-53430067aac0/GSE309595_family.soft.gz		refdata-cellranger-GRCh38-3.0.0; based on the GRCh38 genome reference and Ensembl v93 transcriptome annotations	True
GSM9269990	geo:GSE309595:GSM9269990	assay	10x 3' transcription profiling	file	raw/fp-53430067aac0/GSE309595_family.soft.gz		scRNAseq libraries were generated using a modified 10x genomics chromium 3′ single cell gene expression assay with Cell Hashing.	True
GSM9269990	geo:GSE309595:GSM9269990	self_reported_ethnicity	Caucasian	file	raw/fp-53430067aac0/GSE309595_family.soft.gz		!Sample_characteristics_ch1 = race: Caucasian	True
GSM9269990	geo:GSE309595:GSM9269990	disease_free_text	multiple myeloma	file	raw/fp-53430067aac0/GSE309595_family.soft.gz		Multiple myeloma (MM) is a hematological malignancy characterized by an expansion of malignant plasma cells in the bone marrow.	True
GSM9269990	geo:GSE309595:GSM9269990	disease_free_text	multiple myeloma	file	raw/fp-53430067aac0/GSE309595_family.soft.gz		!Sample_characteristics_ch1 = subject id: FH1005	True
GSM9269990	geo:GSE309595:GSM9269990	disease_free_text	multiple myeloma	file	raw/fp-53430067aac0/GSE309595_family.soft.gz		!Sample_characteristics_ch1 = visit: MM Post Transplant 1 year	True
GSM9269990	geo:GSE309595:GSM9269990	disease_free_text	multiple myeloma	file	raw/fp-53430067aac0/GSE309595_family.soft.gz		A cohort of patients aged 30 and older with newly diagnosed MM requiring systemic therapy was enrolled in Seattle, WA	True
GSM9269991	geo:GSE309595:GSM9269991	donor_id	FH1012	file	raw/fp-53430067aac0/GSE309595_family.soft.gz		!Sample_characteristics_ch1 = subject id: FH1012	True
GSM9269991	geo:GSE309595:GSM9269991	sex	male	file	raw/fp-53430067aac0/GSE309595_family.soft.gz		!Sample_characteristics_ch1 = Sex: Male	True
GSM9269991	geo:GSE309595:GSM9269991	tissue_free_text	Blood	file	raw/fp-53430067aac0/GSE309595_family.soft.gz		!Sample_characteristics_ch1 = tissue: Blood	True
GSM9269991	geo:GSE309595:GSM9269991	tissue_type	tissue	file	raw/fp-53430067aac0/GSE309595_family.soft.gz		!Sample_characteristics_ch1 = tissue: Blood	True
GSM9269991	geo:GSE309595:GSM9269991	tissue_type	tissue	file	raw/fp-53430067aac0/GSE309595_family.soft.gz		!Sample_characteristics_ch1 = cell type: PBMC	True
GSM9269991	geo:GSE309595:GSM9269991	suspension_type	cell	file	raw/fp-53430067aac0/GSE309595_family.soft.gz		single cell gene expression assay with Cell Hashing	True
GSM9269991	geo:GSE309595:GSM9269991	suspension_type	cell	file	raw/fp-53430067aac0/GSE309595_family.soft.gz		PBMCs were removed from liquid nitrogen and rapidly thawed in a 37	True
GSM9269991	geo:GSE309595:GSM9269991	gene_annotation_version	Ensembl v93	file	raw/fp-53430067aac0/GSE309595_family.soft.gz		refdata-cellranger-GRCh38-3.0.0; based on the GRCh38 genome reference and Ensembl v93 transcriptome annotations	True
GSM9269991	geo:GSE309595:GSM9269991	assay	10x 3' transcription profiling	file	raw/fp-53430067aac0/GSE309595_family.soft.gz		scRNAseq libraries were generated using a modified 10x genomics chromium 3′ single cell gene expression assay with Cell Hashing.	True
GSM9269991	geo:GSE309595:GSM9269991	self_reported_ethnicity	Caucasian	file	raw/fp-53430067aac0/GSE309595_family.soft.gz		!Sample_characteristics_ch1 = race: Caucasian	True
GSM9269991	geo:GSE309595:GSM9269991	disease_free_text	multiple myeloma	file	raw/fp-53430067aac0/GSE309595_family.soft.gz		Multiple myeloma (MM) is a hematological malignancy characterized by an expansion of malignant plasma cells in the bone marrow.	True
GSM9269991	geo:GSE309595:GSM9269991	disease_free_text	multiple myeloma	file	raw/fp-53430067aac0/GSE309595_family.soft.gz		!Sample_characteristics_ch1 = subject id: FH1012	True
GSM9269991	geo:GSE309595:GSM9269991	disease_free_text	multiple myeloma	file	raw/fp-53430067aac0/GSE309595_family.soft.gz		!Sample_characteristics_ch1 = visit: Flu Year 1 Day 90	True
GSM9269991	geo:GSE309595:GSM9269991	disease_free_text	multiple myeloma	file	raw/fp-53430067aac0/GSE309595_family.soft.gz		!Sample_title = PB01315-07 MM Pre-Treatment	True
GSM9269991	geo:GSE309595:GSM9269991	disease_free_text	multiple myeloma	file	raw/fp-53430067aac0/GSE309595_family.soft.gz		!Sample_characteristics_ch1 = visit: MM Pre-Treatment	True
GSM9269991	geo:GSE309595:GSM9269991	disease_free_text	multiple myeloma	file	raw/fp-53430067aac0/GSE309595_family.soft.gz		This cohort was also followed for the flu vaccine perturbation and blood samples were collected at 0, 7, and 90 days post-vaccination during two consecutive flu years.	True
GSM9269991	geo:GSE309595:GSM9269991	disease_free_text	multiple myeloma	file	raw/fp-53430067aac0/GSE309595_family.soft.gz		A cohort of patients aged 30 and older with newly diagnosed MM requiring systemic therapy was enrolled in Seattle, WA	True
GSM9269992	geo:GSE309595:GSM9269992	donor_id	FH1017	file	raw/fp-53430067aac0/GSE309595_family.soft.gz		!Sample_characteristics_ch1 = subject id: FH1017	True
GSM9269992	geo:GSE309595:GSM9269992	sex	female	file	raw/fp-53430067aac0/GSE309595_family.soft.gz		!Sample_characteristics_ch1 = Sex: Female	True
GSM9269992	geo:GSE309595:GSM9269992	tissue_free_text	Blood	file	raw/fp-53430067aac0/GSE309595_family.soft.gz		!Sample_characteristics_ch1 = tissue: Blood	True
GSM9269992	geo:GSE309595:GSM9269992	tissue_type	tissue	file	raw/fp-53430067aac0/GSE309595_family.soft.gz		!Sample_characteristics_ch1 = tissue: Blood	True
GSM9269992	geo:GSE309595:GSM9269992	tissue_type	tissue	file	raw/fp-53430067aac0/GSE309595_family.soft.gz		!Sample_characteristics_ch1 = cell type: PBMC	True
GSM9269992	geo:GSE309595:GSM9269992	suspension_type	cell	file	raw/fp-53430067aac0/GSE309595_family.soft.gz		single cell gene expression assay with Cell Hashing	True
GSM9269992	geo:GSE309595:GSM9269992	suspension_type	cell	file	raw/fp-53430067aac0/GSE309595_family.soft.gz		PBMCs were removed from liquid nitrogen and rapidly thawed in a 37	True
GSM9269992	geo:GSE309595:GSM9269992	gene_annotation_version	Ensembl v93	file	raw/fp-53430067aac0/GSE309595_family.soft.gz		refdata-cellranger-GRCh38-3.0.0; based on the GRCh38 genome reference and Ensembl v93 transcriptome annotations	True
GSM9269992	geo:GSE309595:GSM9269992	assay	10x 3' transcription profiling	file	raw/fp-53430067aac0/GSE309595_family.soft.gz		scRNAseq libraries were generated using a modified 10x genomics chromium 3′ single cell gene expression assay with Cell Hashing.	True
GSM9269992	geo:GSE309595:GSM9269992	self_reported_ethnicity	Caucasian	file	raw/fp-53430067aac0/GSE309595_family.soft.gz		!Sample_characteristics_ch1 = race: Caucasian	True
GSM9269992	geo:GSE309595:GSM9269992	disease_free_text	multiple myeloma	file	raw/fp-53430067aac0/GSE309595_family.soft.gz		Multiple myeloma (MM) is a hematological malignancy characterized by an expansion of malignant plasma cells in the bone marrow.	True
GSM9269992	geo:GSE309595:GSM9269992	disease_free_text	multiple myeloma	file	raw/fp-53430067aac0/GSE309595_family.soft.gz		!Sample_characteristics_ch1 = subject id: FH1017	True
GSM9269992	geo:GSE309595:GSM9269992	disease_free_text	multiple myeloma	file	raw/fp-53430067aac0/GSE309595_family.soft.gz		!Sample_characteristics_ch1 = visit: MM End Induction 1st Draw	True
GSM9269992	geo:GSE309595:GSM9269992	disease_free_text	multiple myeloma	file	raw/fp-53430067aac0/GSE309595_family.soft.gz		A cohort of patients aged 30 and older with newly diagnosed MM requiring systemic therapy was enrolled in Seattle, WA	True
GSM9269993	geo:GSE309595:GSM9269993	donor_id	FH1016	file	raw/fp-53430067aac0/GSE309595_family.soft.gz		!Sample_characteristics_ch1 = subject id: FH1016	True
GSM9269993	geo:GSE309595:GSM9269993	sex	male	file	raw/fp-53430067aac0/GSE309595_family.soft.gz		!Sample_characteristics_ch1 = Sex: Male	True
GSM9269993	geo:GSE309595:GSM9269993	tissue_free_text	Blood	file	raw/fp-53430067aac0/GSE309595_family.soft.gz		!Sample_characteristics_ch1 = tissue: Blood	True
GSM9269993	geo:GSE309595:GSM9269993	tissue_type	tissue	file	raw/fp-53430067aac0/GSE309595_family.soft.gz		!Sample_characteristics_ch1 = tissue: Blood	True
GSM9269993	geo:GSE309595:GSM9269993	tissue_type	tissue	file	raw/fp-53430067aac0/GSE309595_family.soft.gz		!Sample_characteristics_ch1 = cell type: PBMC	True
GSM9269993	geo:GSE309595:GSM9269993	suspension_type	cell	file	raw/fp-53430067aac0/GSE309595_family.soft.gz		single cell gene expression assay with Cell Hashing	True
GSM9269993	geo:GSE309595:GSM9269993	suspension_type	cell	file	raw/fp-53430067aac0/GSE309595_family.soft.gz		PBMCs were removed from liquid nitrogen and rapidly thawed in a 37	True
GSM9269993	geo:GSE309595:GSM9269993	gene_annotation_version	Ensembl v93	file	raw/fp-53430067aac0/GSE309595_family.soft.gz		refdata-cellranger-GRCh38-3.0.0; based on the GRCh38 genome reference and Ensembl v93 transcriptome annotations	True
GSM9269993	geo:GSE309595:GSM9269993	assay	10x 3' transcription profiling	file	raw/fp-53430067aac0/GSE309595_family.soft.gz		scRNAseq libraries were generated using a modified 10x genomics chromium 3′ single cell gene expression assay with Cell Hashing.	True
GSM9269993	geo:GSE309595:GSM9269993	self_reported_ethnicity	African American	file	raw/fp-53430067aac0/GSE309595_family.soft.gz		!Sample_characteristics_ch1 = race: African American	True
GSM9269993	geo:GSE309595:GSM9269993	disease_free_text	multiple myeloma	file	raw/fp-53430067aac0/GSE309595_family.soft.gz		Multiple myeloma (MM) is a hematological malignancy characterized by an expansion of malignant plasma cells in the bone marrow.	True
GSM9269993	geo:GSE309595:GSM9269993	disease_free_text	multiple myeloma	file	raw/fp-53430067aac0/GSE309595_family.soft.gz		!Sample_characteristics_ch1 = subject id: FH1016	True
GSM9269993	geo:GSE309595:GSM9269993	disease_free_text	multiple myeloma	file	raw/fp-53430067aac0/GSE309595_family.soft.gz		!Sample_characteristics_ch1 = visit: MM Pre-Treatment	True
GSM9269993	geo:GSE309595:GSM9269993	disease_free_text	multiple myeloma	file	raw/fp-53430067aac0/GSE309595_family.soft.gz		A cohort of patients aged 30 and older with newly diagnosed MM requiring systemic therapy was enrolled in Seattle, WA	True
GSM9269994	geo:GSE309595:GSM9269994	donor_id	FH1020	file	raw/fp-53430067aac0/GSE309595_family.soft.gz		!Sample_characteristics_ch1 = subject id: FH1020	True
GSM9269994	geo:GSE309595:GSM9269994	sex	female	file	raw/fp-53430067aac0/GSE309595_family.soft.gz		!Sample_characteristics_ch1 = Sex: Female	True
GSM9269994	geo:GSE309595:GSM9269994	tissue_free_text	Blood	file	raw/fp-53430067aac0/GSE309595_family.soft.gz		!Sample_characteristics_ch1 = tissue: Blood	True
GSM9269994	geo:GSE309595:GSM9269994	tissue_type	tissue	file	raw/fp-53430067aac0/GSE309595_family.soft.gz		!Sample_characteristics_ch1 = tissue: Blood	True
GSM9269994	geo:GSE309595:GSM9269994	tissue_type	tissue	file	raw/fp-53430067aac0/GSE309595_family.soft.gz		!Sample_characteristics_ch1 = cell type: PBMC	True
GSM9269994	geo:GSE309595:GSM9269994	suspension_type	cell	file	raw/fp-53430067aac0/GSE309595_family.soft.gz		single cell gene expression assay with Cell Hashing	True
GSM9269994	geo:GSE309595:GSM9269994	suspension_type	cell	file	raw/fp-53430067aac0/GSE309595_family.soft.gz		PBMCs were removed from liquid nitrogen and rapidly thawed in a 37	True
GSM9269994	geo:GSE309595:GSM9269994	gene_annotation_version	Ensembl v93	file	raw/fp-53430067aac0/GSE309595_family.soft.gz		refdata-cellranger-GRCh38-3.0.0; based on the GRCh38 genome reference and Ensembl v93 transcriptome annotations	True
GSM9269994	geo:GSE309595:GSM9269994	assay	10x 3' transcription profiling	file	raw/fp-53430067aac0/GSE309595_family.soft.gz		scRNAseq libraries were generated using a modified 10x genomics chromium 3′ single cell gene expression assay with Cell Hashing.	True
GSM9269994	geo:GSE309595:GSM9269994	disease_free_text	multiple myeloma	file	raw/fp-53430067aac0/GSE309595_family.soft.gz		Multiple myeloma (MM) is a hematological malignancy characterized by an expansion of malignant plasma cells in the bone marrow.	True
GSM9269994	geo:GSE309595:GSM9269994	disease_free_text	multiple myeloma	file	raw/fp-53430067aac0/GSE309595_family.soft.gz		!Sample_characteristics_ch1 = subject id: FH1020	True
GSM9269994	geo:GSE309595:GSM9269994	disease_free_text	multiple myeloma	file	raw/fp-53430067aac0/GSE309595_family.soft.gz		!Sample_characteristics_ch1 = visit: MM Pre-Treatment	True
GSM9269994	geo:GSE309595:GSM9269994	disease_free_text	multiple myeloma	file	raw/fp-53430067aac0/GSE309595_family.soft.gz		A cohort of patients aged 30 and older with newly diagnosed MM requiring systemic therapy was enrolled in Seattle, WA	True
GSM9269995	geo:GSE309595:GSM9269995	donor_id	FH1021	file	raw/fp-53430067aac0/GSE309595_family.soft.gz		!Sample_characteristics_ch1 = subject id: FH1021	True
GSM9269995	geo:GSE309595:GSM9269995	sex	female	file	raw/fp-53430067aac0/GSE309595_family.soft.gz		!Sample_characteristics_ch1 = Sex: Female	True
GSM9269995	geo:GSE309595:GSM9269995	tissue_free_text	Blood	file	raw/fp-53430067aac0/GSE309595_family.soft.gz		!Sample_characteristics_ch1 = tissue: Blood	True
GSM9269995	geo:GSE309595:GSM9269995	tissue_type	tissue	file	raw/fp-53430067aac0/GSE309595_family.soft.gz		!Sample_characteristics_ch1 = tissue: Blood	True
GSM9269995	geo:GSE309595:GSM9269995	tissue_type	tissue	file	raw/fp-53430067aac0/GSE309595_family.soft.gz		!Sample_characteristics_ch1 = cell type: PBMC	True
GSM9269995	geo:GSE309595:GSM9269995	suspension_type	cell	file	raw/fp-53430067aac0/GSE309595_family.soft.gz		single cell gene expression assay with Cell Hashing	True
GSM9269995	geo:GSE309595:GSM9269995	suspension_type	cell	file	raw/fp-53430067aac0/GSE309595_family.soft.gz		PBMCs were removed from liquid nitrogen and rapidly thawed in a 37	True
GSM9269995	geo:GSE309595:GSM9269995	gene_annotation_version	Ensembl v93	file	raw/fp-53430067aac0/GSE309595_family.soft.gz		refdata-cellranger-GRCh38-3.0.0; based on the GRCh38 genome reference and Ensembl v93 transcriptome annotations	True
GSM9269995	geo:GSE309595:GSM9269995	assay	10x 3' transcription profiling	file	raw/fp-53430067aac0/GSE309595_family.soft.gz		scRNAseq libraries were generated using a modified 10x genomics chromium 3′ single cell gene expression assay with Cell Hashing.	True
GSM9269995	geo:GSE309595:GSM9269995	self_reported_ethnicity	Caucasian	file	raw/fp-53430067aac0/GSE309595_family.soft.gz		!Sample_characteristics_ch1 = race: Caucasian	True
GSM9269995	geo:GSE309595:GSM9269995	disease_free_text	multiple myeloma	file	raw/fp-53430067aac0/GSE309595_family.soft.gz		Multiple myeloma (MM) is a hematological malignancy characterized by an expansion of malignant plasma cells in the bone marrow.	True
GSM9269995	geo:GSE309595:GSM9269995	disease_free_text	multiple myeloma	file	raw/fp-53430067aac0/GSE309595_family.soft.gz		!Sample_characteristics_ch1 = subject id: FH1021	True
GSM9269995	geo:GSE309595:GSM9269995	disease_free_text	multiple myeloma	file	raw/fp-53430067aac0/GSE309595_family.soft.gz		!Sample_characteristics_ch1 = visit: MM Pre-Treatment	True
GSM9269995	geo:GSE309595:GSM9269995	disease_free_text	multiple myeloma	file	raw/fp-53430067aac0/GSE309595_family.soft.gz		A cohort of patients aged 30 and older with newly diagnosed MM requiring systemic therapy was enrolled in Seattle, WA	True
GSM9269996	geo:GSE309595:GSM9269996	donor_id	FH1022	file	raw/fp-53430067aac0/GSE309595_family.soft.gz		!Sample_characteristics_ch1 = subject id: FH1022	True
GSM9269996	geo:GSE309595:GSM9269996	sex	male	file	raw/fp-53430067aac0/GSE309595_family.soft.gz		!Sample_characteristics_ch1 = Sex: Male	True
GSM9269996	geo:GSE309595:GSM9269996	tissue_free_text	Blood	file	raw/fp-53430067aac0/GSE309595_family.soft.gz		!Sample_characteristics_ch1 = tissue: Blood	True
GSM9269996	geo:GSE309595:GSM9269996	tissue_type	tissue	file	raw/fp-53430067aac0/GSE309595_family.soft.gz		!Sample_characteristics_ch1 = tissue: Blood	True
GSM9269996	geo:GSE309595:GSM9269996	tissue_type	tissue	file	raw/fp-53430067aac0/GSE309595_family.soft.gz		!Sample_characteristics_ch1 = cell type: PBMC	True
GSM9269996	geo:GSE309595:GSM9269996	suspension_type	cell	file	raw/fp-53430067aac0/GSE309595_family.soft.gz		single cell gene expression assay with Cell Hashing	True
GSM9269996	geo:GSE309595:GSM9269996	suspension_type	cell	file	raw/fp-53430067aac0/GSE309595_family.soft.gz		PBMCs were removed from liquid nitrogen and rapidly thawed in a 37	True
GSM9269996	geo:GSE309595:GSM9269996	gene_annotation_version	Ensembl v93	file	raw/fp-53430067aac0/GSE309595_family.soft.gz		refdata-cellranger-GRCh38-3.0.0; based on the GRCh38 genome reference and Ensembl v93 transcriptome annotations	True
GSM9269996	geo:GSE309595:GSM9269996	assay	10x 3' transcription profiling	file	raw/fp-53430067aac0/GSE309595_family.soft.gz		scRNAseq libraries were generated using a modified 10x genomics chromium 3′ single cell gene expression assay with Cell Hashing.	True
GSM9269996	geo:GSE309595:GSM9269996	disease_free_text	multiple myeloma	file	raw/fp-53430067aac0/GSE309595_family.soft.gz		Multiple myeloma (MM) is a hematological malignancy characterized by an expansion of malignant plasma cells in the bone marrow.	True
GSM9269996	geo:GSE309595:GSM9269996	disease_free_text	multiple myeloma	file	raw/fp-53430067aac0/GSE309595_family.soft.gz		!Sample_characteristics_ch1 = subject id: FH1022	True
GSM9269996	geo:GSE309595:GSM9269996	disease_free_text	multiple myeloma	file	raw/fp-53430067aac0/GSE309595_family.soft.gz		!Sample_characteristics_ch1 = visit: MM Post Induction 2-Cycles	True
GSM9269996	geo:GSE309595:GSM9269996	disease_free_text	multiple myeloma	file	raw/fp-53430067aac0/GSE309595_family.soft.gz		A cohort of patients aged 30 and older with newly diagnosed MM requiring systemic therapy was enrolled in Seattle, WA	True
GSM9269997	geo:GSE309595:GSM9269997	donor_id	FH1017	file	raw/fp-53430067aac0/GSE309595_family.soft.gz		!Sample_characteristics_ch1 = subject id: FH1017	True
GSM9269997	geo:GSE309595:GSM9269997	sex	female	file	raw/fp-53430067aac0/GSE309595_family.soft.gz		!Sample_characteristics_ch1 = Sex: Female	True
GSM9269997	geo:GSE309595:GSM9269997	tissue_free_text	Blood	file	raw/fp-53430067aac0/GSE309595_family.soft.gz		!Sample_characteristics_ch1 = tissue: Blood	True
GSM9269997	geo:GSE309595:GSM9269997	tissue_type	tissue	file	raw/fp-53430067aac0/GSE309595_family.soft.gz		!Sample_characteristics_ch1 = tissue: Blood	True
GSM9269997	geo:GSE309595:GSM9269997	tissue_type	tissue	file	raw/fp-53430067aac0/GSE309595_family.soft.gz		!Sample_characteristics_ch1 = cell type: PBMC	True
GSM9269997	geo:GSE309595:GSM9269997	suspension_type	cell	file	raw/fp-53430067aac0/GSE309595_family.soft.gz		single cell gene expression assay with Cell Hashing	True
GSM9269997	geo:GSE309595:GSM9269997	suspension_type	cell	file	raw/fp-53430067aac0/GSE309595_family.soft.gz		PBMCs were removed from liquid nitrogen and rapidly thawed in a 37	True
GSM9269997	geo:GSE309595:GSM9269997	gene_annotation_version	Ensembl v93	file	raw/fp-53430067aac0/GSE309595_family.soft.gz		refdata-cellranger-GRCh38-3.0.0; based on the GRCh38 genome reference and Ensembl v93 transcriptome annotations	True
GSM9269997	geo:GSE309595:GSM9269997	assay	10x 3' transcription profiling	file	raw/fp-53430067aac0/GSE309595_family.soft.gz		scRNAseq libraries were generated using a modified 10x genomics chromium 3′ single cell gene expression assay with Cell Hashing.	True
GSM9269997	geo:GSE309595:GSM9269997	self_reported_ethnicity	Caucasian	file	raw/fp-53430067aac0/GSE309595_family.soft.gz		!Sample_characteristics_ch1 = race: Caucasian	True
GSM9269997	geo:GSE309595:GSM9269997	disease_free_text	multiple myeloma	file	raw/fp-53430067aac0/GSE309595_family.soft.gz		Multiple myeloma (MM) is a hematological malignancy characterized by an expansion of malignant plasma cells in the bone marrow.	True
GSM9269997	geo:GSE309595:GSM9269997	disease_free_text	multiple myeloma	file	raw/fp-53430067aac0/GSE309595_family.soft.gz		!Sample_characteristics_ch1 = subject id: FH1017	True
GSM9269997	geo:GSE309595:GSM9269997	disease_free_text	multiple myeloma	file	raw/fp-53430067aac0/GSE309595_family.soft.gz		!Sample_characteristics_ch1 = visit: MM Post Transplant 60 Days	True
GSM9269997	geo:GSE309595:GSM9269997	disease_free_text	multiple myeloma	file	raw/fp-53430067aac0/GSE309595_family.soft.gz		A cohort of patients aged 30 and older with newly diagnosed MM requiring systemic therapy was enrolled in Seattle, WA	True
GSM9269998	geo:GSE309595:GSM9269998	donor_id	FH1021	file	raw/fp-53430067aac0/GSE309595_family.soft.gz		!Sample_characteristics_ch1 = subject id: FH1021	True
GSM9269998	geo:GSE309595:GSM9269998	sex	female	file	raw/fp-53430067aac0/GSE309595_family.soft.gz		!Sample_characteristics_ch1 = Sex: Female	True
GSM9269998	geo:GSE309595:GSM9269998	tissue_free_text	Blood	file	raw/fp-53430067aac0/GSE309595_family.soft.gz		!Sample_characteristics_ch1 = tissue: Blood	True
GSM9269998	geo:GSE309595:GSM9269998	tissue_type	tissue	file	raw/fp-53430067aac0/GSE309595_family.soft.gz		!Sample_characteristics_ch1 = tissue: Blood	True
GSM9269998	geo:GSE309595:GSM9269998	tissue_type	tissue	file	raw/fp-53430067aac0/GSE309595_family.soft.gz		!Sample_characteristics_ch1 = cell type: PBMC	True
GSM9269998	geo:GSE309595:GSM9269998	suspension_type	cell	file	raw/fp-53430067aac0/GSE309595_family.soft.gz		single cell gene expression assay with Cell Hashing	True
GSM9269998	geo:GSE309595:GSM9269998	suspension_type	cell	file	raw/fp-53430067aac0/GSE309595_family.soft.gz		PBMCs were removed from liquid nitrogen and rapidly thawed in a 37	True
GSM9269998	geo:GSE309595:GSM9269998	gene_annotation_version	Ensembl v93	file	raw/fp-53430067aac0/GSE309595_family.soft.gz		refdata-cellranger-GRCh38-3.0.0; based on the GRCh38 genome reference and Ensembl v93 transcriptome annotations	True
GSM9269998	geo:GSE309595:GSM9269998	assay	10x 3' transcription profiling	file	raw/fp-53430067aac0/GSE309595_family.soft.gz		scRNAseq libraries were generated using a modified 10x genomics chromium 3′ single cell gene expression assay with Cell Hashing.	True
GSM9269998	geo:GSE309595:GSM9269998	self_reported_ethnicity	Caucasian	file	raw/fp-53430067aac0/GSE309595_family.soft.gz		!Sample_characteristics_ch1 = race: Caucasian	True
GSM9269998	geo:GSE309595:GSM9269998	disease_free_text	multiple myeloma	file	raw/fp-53430067aac0/GSE309595_family.soft.gz		Multiple myeloma (MM) is a hematological malignancy characterized by an expansion of malignant plasma cells in the bone marrow.	True
GSM9269998	geo:GSE309595:GSM9269998	disease_free_text	multiple myeloma	file	raw/fp-53430067aac0/GSE309595_family.soft.gz		!Sample_characteristics_ch1 = subject id: FH1021	True
GSM9269998	geo:GSE309595:GSM9269998	disease_free_text	multiple myeloma	file	raw/fp-53430067aac0/GSE309595_family.soft.gz		!Sample_characteristics_ch1 = visit: MM Post Induction 2-Cycles	True
GSM9269998	geo:GSE309595:GSM9269998	disease_free_text	multiple myeloma	file	raw/fp-53430067aac0/GSE309595_family.soft.gz		A cohort of patients aged 30 and older with newly diagnosed MM requiring systemic therapy was enrolled in Seattle, WA	True
GSM9269999	geo:GSE309595:GSM9269999	donor_id	FH1021	file	raw/fp-53430067aac0/GSE309595_family.soft.gz		!Sample_characteristics_ch1 = subject id: FH1021	True
GSM9269999	geo:GSE309595:GSM9269999	sex	female	file	raw/fp-53430067aac0/GSE309595_family.soft.gz		!Sample_characteristics_ch1 = Sex: Female	True
GSM9269999	geo:GSE309595:GSM9269999	tissue_free_text	Blood	file	raw/fp-53430067aac0/GSE309595_family.soft.gz		!Sample_characteristics_ch1 = tissue: Blood	True
GSM9269999	geo:GSE309595:GSM9269999	tissue_type	tissue	file	raw/fp-53430067aac0/GSE309595_family.soft.gz		!Sample_characteristics_ch1 = tissue: Blood	True
GSM9269999	geo:GSE309595:GSM9269999	tissue_type	tissue	file	raw/fp-53430067aac0/GSE309595_family.soft.gz		!Sample_characteristics_ch1 = cell type: PBMC	True
GSM9269999	geo:GSE309595:GSM9269999	suspension_type	cell	file	raw/fp-53430067aac0/GSE309595_family.soft.gz		single cell gene expression assay with Cell Hashing	True
GSM9269999	geo:GSE309595:GSM9269999	suspension_type	cell	file	raw/fp-53430067aac0/GSE309595_family.soft.gz		PBMCs were removed from liquid nitrogen and rapidly thawed in a 37	True
GSM9269999	geo:GSE309595:GSM9269999	gene_annotation_version	Ensembl v93	file	raw/fp-53430067aac0/GSE309595_family.soft.gz		refdata-cellranger-GRCh38-3.0.0; based on the GRCh38 genome reference and Ensembl v93 transcriptome annotations	True
GSM9269999	geo:GSE309595:GSM9269999	assay	10x 3' transcription profiling	file	raw/fp-53430067aac0/GSE309595_family.soft.gz		scRNAseq libraries were generated using a modified 10x genomics chromium 3′ single cell gene expression assay with Cell Hashing.	True
GSM9269999	geo:GSE309595:GSM9269999	self_reported_ethnicity	Caucasian	file	raw/fp-53430067aac0/GSE309595_family.soft.gz		!Sample_characteristics_ch1 = race: Caucasian	True
GSM9269999	geo:GSE309595:GSM9269999	disease_free_text	multiple myeloma	file	raw/fp-53430067aac0/GSE309595_family.soft.gz		Multiple myeloma (MM) is a hematological malignancy characterized by an expansion of malignant plasma cells in the bone marrow.	True
GSM9269999	geo:GSE309595:GSM9269999	disease_free_text	multiple myeloma	file	raw/fp-53430067aac0/GSE309595_family.soft.gz		!Sample_characteristics_ch1 = subject id: FH1021	True
GSM9269999	geo:GSE309595:GSM9269999	disease_free_text	multiple myeloma	file	raw/fp-53430067aac0/GSE309595_family.soft.gz		!Sample_characteristics_ch1 = visit: MM End Induction 1st Draw	True
GSM9269999	geo:GSE309595:GSM9269999	disease_free_text	multiple myeloma	file	raw/fp-53430067aac0/GSE309595_family.soft.gz		A cohort of patients aged 30 and older with newly diagnosed MM requiring systemic therapy was enrolled in Seattle, WA	True
GSM9270000	geo:GSE309595:GSM9270000	donor_id	FH1008	file	raw/fp-53430067aac0/GSE309595_family.soft.gz		!Sample_characteristics_ch1 = subject id: FH1008	True
GSM9270000	geo:GSE309595:GSM9270000	sex	female	file	raw/fp-53430067aac0/GSE309595_family.soft.gz		!Sample_characteristics_ch1 = Sex: Female	True
GSM9270000	geo:GSE309595:GSM9270000	tissue_free_text	Blood	file	raw/fp-53430067aac0/GSE309595_family.soft.gz		!Sample_characteristics_ch1 = tissue: Blood	True
GSM9270000	geo:GSE309595:GSM9270000	tissue_type	tissue	file	raw/fp-53430067aac0/GSE309595_family.soft.gz		!Sample_characteristics_ch1 = tissue: Blood	True
GSM9270000	geo:GSE309595:GSM9270000	tissue_type	tissue	file	raw/fp-53430067aac0/GSE309595_family.soft.gz		!Sample_characteristics_ch1 = cell type: PBMC	True
GSM9270000	geo:GSE309595:GSM9270000	suspension_type	cell	file	raw/fp-53430067aac0/GSE309595_family.soft.gz		single cell gene expression assay with Cell Hashing	True
GSM9270000	geo:GSE309595:GSM9270000	suspension_type	cell	file	raw/fp-53430067aac0/GSE309595_family.soft.gz		PBMCs were removed from liquid nitrogen and rapidly thawed in a 37	True
GSM9270000	geo:GSE309595:GSM9270000	gene_annotation_version	Ensembl v93	file	raw/fp-53430067aac0/GSE309595_family.soft.gz		refdata-cellranger-GRCh38-3.0.0; based on the GRCh38 genome reference and Ensembl v93 transcriptome annotations	True
GSM9270000	geo:GSE309595:GSM9270000	assay	10x 3' transcription profiling	file	raw/fp-53430067aac0/GSE309595_family.soft.gz		scRNAseq libraries were generated using a modified 10x genomics chromium 3′ single cell gene expression assay with Cell Hashing.	True
GSM9270000	geo:GSE309595:GSM9270000	self_reported_ethnicity	Caucasian	file	raw/fp-53430067aac0/GSE309595_family.soft.gz		!Sample_characteristics_ch1 = race: Caucasian	True
GSM9270000	geo:GSE309595:GSM9270000	disease_free_text	multiple myeloma	file	raw/fp-53430067aac0/GSE309595_family.soft.gz		Multiple myeloma (MM) is a hematological malignancy characterized by an expansion of malignant plasma cells in the bone marrow.	True
GSM9270000	geo:GSE309595:GSM9270000	disease_free_text	multiple myeloma	file	raw/fp-53430067aac0/GSE309595_family.soft.gz		!Sample_characteristics_ch1 = subject id: FH1008	True
GSM9270000	geo:GSE309595:GSM9270000	disease_free_text	multiple myeloma	file	raw/fp-53430067aac0/GSE309595_family.soft.gz		!Sample_characteristics_ch1 = visit: MM Post Transplant 1 year	True
GSM9270000	geo:GSE309595:GSM9270000	disease_free_text	multiple myeloma	file	raw/fp-53430067aac0/GSE309595_family.soft.gz		A cohort of patients aged 30 and older with newly diagnosed MM requiring systemic therapy was enrolled in Seattle, WA	True
GSM9270001	geo:GSE309595:GSM9270001	donor_id	FH1018	file	raw/fp-53430067aac0/GSE309595_family.soft.gz		!Sample_characteristics_ch1 = subject id: FH1018	True
GSM9270001	geo:GSE309595:GSM9270001	sex	male	file	raw/fp-53430067aac0/GSE309595_family.soft.gz		!Sample_characteristics_ch1 = Sex: Male	True
GSM9270001	geo:GSE309595:GSM9270001	tissue_free_text	Blood	file	raw/fp-53430067aac0/GSE309595_family.soft.gz		!Sample_characteristics_ch1 = tissue: Blood	True
GSM9270001	geo:GSE309595:GSM9270001	tissue_type	tissue	file	raw/fp-53430067aac0/GSE309595_family.soft.gz		!Sample_characteristics_ch1 = tissue: Blood	True
GSM9270001	geo:GSE309595:GSM9270001	tissue_type	tissue	file	raw/fp-53430067aac0/GSE309595_family.soft.gz		!Sample_characteristics_ch1 = cell type: PBMC	True
GSM9270001	geo:GSE309595:GSM9270001	suspension_type	cell	file	raw/fp-53430067aac0/GSE309595_family.soft.gz		single cell gene expression assay with Cell Hashing	True
GSM9270001	geo:GSE309595:GSM9270001	suspension_type	cell	file	raw/fp-53430067aac0/GSE309595_family.soft.gz		PBMCs were removed from liquid nitrogen and rapidly thawed in a 37	True
GSM9270001	geo:GSE309595:GSM9270001	gene_annotation_version	Ensembl v93	file	raw/fp-53430067aac0/GSE309595_family.soft.gz		refdata-cellranger-GRCh38-3.0.0; based on the GRCh38 genome reference and Ensembl v93 transcriptome annotations	True
GSM9270001	geo:GSE309595:GSM9270001	assay	10x 3' transcription profiling	file	raw/fp-53430067aac0/GSE309595_family.soft.gz		scRNAseq libraries were generated using a modified 10x genomics chromium 3′ single cell gene expression assay with Cell Hashing.	True
GSM9270001	geo:GSE309595:GSM9270001	self_reported_ethnicity	Caucasian	file	raw/fp-53430067aac0/GSE309595_family.soft.gz		!Sample_characteristics_ch1 = race: Caucasian	True
GSM9270001	geo:GSE309595:GSM9270001	disease_free_text	multiple myeloma	file	raw/fp-53430067aac0/GSE309595_family.soft.gz		Multiple myeloma (MM) is a hematological malignancy characterized by an expansion of malignant plasma cells in the bone marrow.	True
GSM9270001	geo:GSE309595:GSM9270001	disease_free_text	multiple myeloma	file	raw/fp-53430067aac0/GSE309595_family.soft.gz		!Sample_characteristics_ch1 = subject id: FH1018	True
GSM9270001	geo:GSE309595:GSM9270001	disease_free_text	multiple myeloma	file	raw/fp-53430067aac0/GSE309595_family.soft.gz		!Sample_characteristics_ch1 = visit: MM Post Transplant 1 year	True
GSM9270001	geo:GSE309595:GSM9270001	disease_free_text	multiple myeloma	file	raw/fp-53430067aac0/GSE309595_family.soft.gz		A cohort of patients aged 30 and older with newly diagnosed MM requiring systemic therapy was enrolled in Seattle, WA	True
GSM9270002	geo:GSE309595:GSM9270002	donor_id	FH1005	file	raw/fp-53430067aac0/GSE309595_family.soft.gz		!Sample_characteristics_ch1 = subject id: FH1005	True
GSM9270002	geo:GSE309595:GSM9270002	sex	female	file	raw/fp-53430067aac0/GSE309595_family.soft.gz		!Sample_characteristics_ch1 = Sex: Female	True
GSM9270002	geo:GSE309595:GSM9270002	tissue_free_text	Blood	file	raw/fp-53430067aac0/GSE309595_family.soft.gz		!Sample_characteristics_ch1 = tissue: Blood	True
GSM9270002	geo:GSE309595:GSM9270002	tissue_type	tissue	file	raw/fp-53430067aac0/GSE309595_family.soft.gz		!Sample_characteristics_ch1 = tissue: Blood	True
GSM9270002	geo:GSE309595:GSM9270002	tissue_type	tissue	file	raw/fp-53430067aac0/GSE309595_family.soft.gz		!Sample_characteristics_ch1 = cell type: PBMC	True
GSM9270002	geo:GSE309595:GSM9270002	suspension_type	cell	file	raw/fp-53430067aac0/GSE309595_family.soft.gz		single cell gene expression assay with Cell Hashing	True
GSM9270002	geo:GSE309595:GSM9270002	suspension_type	cell	file	raw/fp-53430067aac0/GSE309595_family.soft.gz		PBMCs were removed from liquid nitrogen and rapidly thawed in a 37	True
GSM9270002	geo:GSE309595:GSM9270002	gene_annotation_version	Ensembl v93	file	raw/fp-53430067aac0/GSE309595_family.soft.gz		refdata-cellranger-GRCh38-3.0.0; based on the GRCh38 genome reference and Ensembl v93 transcriptome annotations	True
GSM9270002	geo:GSE309595:GSM9270002	assay	10x 3' transcription profiling	file	raw/fp-53430067aac0/GSE309595_family.soft.gz		scRNAseq libraries were generated using a modified 10x genomics chromium 3′ single cell gene expression assay with Cell Hashing.	True
GSM9270002	geo:GSE309595:GSM9270002	self_reported_ethnicity	Caucasian	file	raw/fp-53430067aac0/GSE309595_family.soft.gz		!Sample_characteristics_ch1 = race: Caucasian	True
GSM9270002	geo:GSE309595:GSM9270002	disease_free_text	multiple myeloma	file	raw/fp-53430067aac0/GSE309595_family.soft.gz		Multiple myeloma (MM) is a hematological malignancy characterized by an expansion of malignant plasma cells in the bone marrow.	True
GSM9270002	geo:GSE309595:GSM9270002	disease_free_text	multiple myeloma	file	raw/fp-53430067aac0/GSE309595_family.soft.gz		!Sample_characteristics_ch1 = subject id: FH1005	True
GSM9270002	geo:GSE309595:GSM9270002	disease_free_text	multiple myeloma	file	raw/fp-53430067aac0/GSE309595_family.soft.gz		!Sample_characteristics_ch1 = visit: MM Post Transplant 2 year	True
GSM9270002	geo:GSE309595:GSM9270002	disease_free_text	multiple myeloma	file	raw/fp-53430067aac0/GSE309595_family.soft.gz		A cohort of patients aged 30 and older with newly diagnosed MM requiring systemic therapy was enrolled in Seattle, WA	True
GSM9270003	geo:GSE309595:GSM9270003	donor_id	FH1006	file	raw/fp-53430067aac0/GSE309595_family.soft.gz		!Sample_characteristics_ch1 = subject id: FH1006	True
GSM9270003	geo:GSE309595:GSM9270003	sex	female	file	raw/fp-53430067aac0/GSE309595_family.soft.gz		!Sample_characteristics_ch1 = Sex: Female	True
GSM9270003	geo:GSE309595:GSM9270003	tissue_free_text	Blood	file	raw/fp-53430067aac0/GSE309595_family.soft.gz		!Sample_characteristics_ch1 = tissue: Blood	True
GSM9270003	geo:GSE309595:GSM9270003	tissue_type	tissue	file	raw/fp-53430067aac0/GSE309595_family.soft.gz		!Sample_characteristics_ch1 = tissue: Blood	True
GSM9270003	geo:GSE309595:GSM9270003	tissue_type	tissue	file	raw/fp-53430067aac0/GSE309595_family.soft.gz		!Sample_characteristics_ch1 = cell type: PBMC	True
GSM9270003	geo:GSE309595:GSM9270003	suspension_type	cell	file	raw/fp-53430067aac0/GSE309595_family.soft.gz		single cell gene expression assay with Cell Hashing	True
GSM9270003	geo:GSE309595:GSM9270003	suspension_type	cell	file	raw/fp-53430067aac0/GSE309595_family.soft.gz		PBMCs were removed from liquid nitrogen and rapidly thawed in a 37	True
GSM9270003	geo:GSE309595:GSM9270003	gene_annotation_version	Ensembl v93	file	raw/fp-53430067aac0/GSE309595_family.soft.gz		refdata-cellranger-GRCh38-3.0.0; based on the GRCh38 genome reference and Ensembl v93 transcriptome annotations	True
GSM9270003	geo:GSE309595:GSM9270003	assay	10x 3' transcription profiling	file	raw/fp-53430067aac0/GSE309595_family.soft.gz		scRNAseq libraries were generated using a modified 10x genomics chromium 3′ single cell gene expression assay with Cell Hashing.	True
GSM9270003	geo:GSE309595:GSM9270003	self_reported_ethnicity	Caucasian	file	raw/fp-53430067aac0/GSE309595_family.soft.gz		!Sample_characteristics_ch1 = race: Caucasian	True
GSM9270003	geo:GSE309595:GSM9270003	disease_free_text	multiple myeloma	file	raw/fp-53430067aac0/GSE309595_family.soft.gz		Multiple myeloma (MM) is a hematological malignancy characterized by an expansion of malignant plasma cells in the bone marrow.	True
GSM9270003	geo:GSE309595:GSM9270003	disease_free_text	multiple myeloma	file	raw/fp-53430067aac0/GSE309595_family.soft.gz		!Sample_characteristics_ch1 = subject id: FH1006	True
GSM9270003	geo:GSE309595:GSM9270003	disease_free_text	multiple myeloma	file	raw/fp-53430067aac0/GSE309595_family.soft.gz		!Sample_characteristics_ch1 = visit: Flu Year 2 Stand-Alone	True
GSM9270003	geo:GSE309595:GSM9270003	disease_free_text	multiple myeloma	file	raw/fp-53430067aac0/GSE309595_family.soft.gz		!Sample_title = PB00233-01 MM Pre-Treatment	True
GSM9270003	geo:GSE309595:GSM9270003	disease_free_text	multiple myeloma	file	raw/fp-53430067aac0/GSE309595_family.soft.gz		!Sample_characteristics_ch1 = visit: MM Pre-Treatment	True
GSM9270003	geo:GSE309595:GSM9270003	disease_free_text	multiple myeloma	file	raw/fp-53430067aac0/GSE309595_family.soft.gz		This cohort was also followed for the flu vaccine perturbation and blood samples were collected at 0, 7, and 90 days post-vaccination during two consecutive flu years.	True
GSM9270003	geo:GSE309595:GSM9270003	disease_free_text	multiple myeloma	file	raw/fp-53430067aac0/GSE309595_family.soft.gz		A cohort of patients aged 30 and older with newly diagnosed MM requiring systemic therapy was enrolled in Seattle, WA	True
GSM9270004	geo:GSE309595:GSM9270004	donor_id	FH1006	file	raw/fp-53430067aac0/GSE309595_family.soft.gz		!Sample_characteristics_ch1 = subject id: FH1006	True
GSM9270004	geo:GSE309595:GSM9270004	sex	female	file	raw/fp-53430067aac0/GSE309595_family.soft.gz		!Sample_characteristics_ch1 = Sex: Female	True
GSM9270004	geo:GSE309595:GSM9270004	tissue_free_text	Blood	file	raw/fp-53430067aac0/GSE309595_family.soft.gz		!Sample_characteristics_ch1 = tissue: Blood	True
GSM9270004	geo:GSE309595:GSM9270004	tissue_type	tissue	file	raw/fp-53430067aac0/GSE309595_family.soft.gz		!Sample_characteristics_ch1 = tissue: Blood	True
GSM9270004	geo:GSE309595:GSM9270004	tissue_type	tissue	file	raw/fp-53430067aac0/GSE309595_family.soft.gz		!Sample_characteristics_ch1 = cell type: PBMC	True
GSM9270004	geo:GSE309595:GSM9270004	suspension_type	cell	file	raw/fp-53430067aac0/GSE309595_family.soft.gz		single cell gene expression assay with Cell Hashing	True
GSM9270004	geo:GSE309595:GSM9270004	suspension_type	cell	file	raw/fp-53430067aac0/GSE309595_family.soft.gz		PBMCs were removed from liquid nitrogen and rapidly thawed in a 37	True
GSM9270004	geo:GSE309595:GSM9270004	gene_annotation_version	Ensembl v93	file	raw/fp-53430067aac0/GSE309595_family.soft.gz		refdata-cellranger-GRCh38-3.0.0; based on the GRCh38 genome reference and Ensembl v93 transcriptome annotations	True
GSM9270004	geo:GSE309595:GSM9270004	assay	10x 3' transcription profiling	file	raw/fp-53430067aac0/GSE309595_family.soft.gz		scRNAseq libraries were generated using a modified 10x genomics chromium 3′ single cell gene expression assay with Cell Hashing.	True
GSM9270004	geo:GSE309595:GSM9270004	self_reported_ethnicity	Caucasian	file	raw/fp-53430067aac0/GSE309595_family.soft.gz		!Sample_characteristics_ch1 = race: Caucasian	True
GSM9270004	geo:GSE309595:GSM9270004	disease_free_text	multiple myeloma	file	raw/fp-53430067aac0/GSE309595_family.soft.gz		Multiple myeloma (MM) is a hematological malignancy characterized by an expansion of malignant plasma cells in the bone marrow.	True
GSM9270004	geo:GSE309595:GSM9270004	disease_free_text	multiple myeloma	file	raw/fp-53430067aac0/GSE309595_family.soft.gz		!Sample_characteristics_ch1 = subject id: FH1006	True
GSM9270004	geo:GSE309595:GSM9270004	disease_free_text	multiple myeloma	file	raw/fp-53430067aac0/GSE309595_family.soft.gz		!Sample_characteristics_ch1 = visit: Flu Year 2 Day 0	True
GSM9270004	geo:GSE309595:GSM9270004	disease_free_text	multiple myeloma	file	raw/fp-53430067aac0/GSE309595_family.soft.gz		!Sample_title = PB00233-01 MM Pre-Treatment	True
GSM9270004	geo:GSE309595:GSM9270004	disease_free_text	multiple myeloma	file	raw/fp-53430067aac0/GSE309595_family.soft.gz		!Sample_characteristics_ch1 = visit: MM Pre-Treatment	True
GSM9270004	geo:GSE309595:GSM9270004	disease_free_text	multiple myeloma	file	raw/fp-53430067aac0/GSE309595_family.soft.gz		This cohort was also followed for the flu vaccine perturbation and blood samples were collected at 0, 7, and 90 days post-vaccination during two consecutive flu years.	True
GSM9270004	geo:GSE309595:GSM9270004	disease_free_text	multiple myeloma	file	raw/fp-53430067aac0/GSE309595_family.soft.gz		A cohort of patients aged 30 and older with newly diagnosed MM requiring systemic therapy was enrolled in Seattle, WA	True
GSM9270005	geo:GSE309595:GSM9270005	donor_id	FH1005	file	raw/fp-53430067aac0/GSE309595_family.soft.gz		!Sample_characteristics_ch1 = subject id: FH1005	True
GSM9270005	geo:GSE309595:GSM9270005	sex	female	file	raw/fp-53430067aac0/GSE309595_family.soft.gz		!Sample_characteristics_ch1 = Sex: Female	True
GSM9270005	geo:GSE309595:GSM9270005	tissue_free_text	Blood	file	raw/fp-53430067aac0/GSE309595_family.soft.gz		!Sample_characteristics_ch1 = tissue: Blood	True
GSM9270005	geo:GSE309595:GSM9270005	tissue_type	tissue	file	raw/fp-53430067aac0/GSE309595_family.soft.gz		!Sample_characteristics_ch1 = tissue: Blood	True
GSM9270005	geo:GSE309595:GSM9270005	tissue_type	tissue	file	raw/fp-53430067aac0/GSE309595_family.soft.gz		!Sample_characteristics_ch1 = cell type: PBMC	True
GSM9270005	geo:GSE309595:GSM9270005	suspension_type	cell	file	raw/fp-53430067aac0/GSE309595_family.soft.gz		single cell gene expression assay with Cell Hashing	True
GSM9270005	geo:GSE309595:GSM9270005	suspension_type	cell	file	raw/fp-53430067aac0/GSE309595_family.soft.gz		PBMCs were removed from liquid nitrogen and rapidly thawed in a 37	True
GSM9270005	geo:GSE309595:GSM9270005	gene_annotation_version	Ensembl v93	file	raw/fp-53430067aac0/GSE309595_family.soft.gz		refdata-cellranger-GRCh38-3.0.0; based on the GRCh38 genome reference and Ensembl v93 transcriptome annotations	True
GSM9270005	geo:GSE309595:GSM9270005	assay	10x 3' transcription profiling	file	raw/fp-53430067aac0/GSE309595_family.soft.gz		scRNAseq libraries were generated using a modified 10x genomics chromium 3′ single cell gene expression assay with Cell Hashing.	True
GSM9270005	geo:GSE309595:GSM9270005	self_reported_ethnicity	Caucasian	file	raw/fp-53430067aac0/GSE309595_family.soft.gz		!Sample_characteristics_ch1 = race: Caucasian	True
GSM9270005	geo:GSE309595:GSM9270005	disease_free_text	multiple myeloma	file	raw/fp-53430067aac0/GSE309595_family.soft.gz		Multiple myeloma (MM) is a hematological malignancy characterized by an expansion of malignant plasma cells in the bone marrow.	True
GSM9270005	geo:GSE309595:GSM9270005	disease_free_text	multiple myeloma	file	raw/fp-53430067aac0/GSE309595_family.soft.gz		!Sample_characteristics_ch1 = subject id: FH1005	True
GSM9270005	geo:GSE309595:GSM9270005	disease_free_text	multiple myeloma	file	raw/fp-53430067aac0/GSE309595_family.soft.gz		!Sample_characteristics_ch1 = visit: Flu Year 2 Day 7	True
GSM9270005	geo:GSE309595:GSM9270005	disease_free_text	multiple myeloma	file	raw/fp-53430067aac0/GSE309595_family.soft.gz		!Sample_title = PB00236-12 MM Post Induction 2-Cycles	True
GSM9270005	geo:GSE309595:GSM9270005	disease_free_text	multiple myeloma	file	raw/fp-53430067aac0/GSE309595_family.soft.gz		!Sample_characteristics_ch1 = visit: MM Post Induction 2-Cycles	True
GSM9270005	geo:GSE309595:GSM9270005	disease_free_text	multiple myeloma	file	raw/fp-53430067aac0/GSE309595_family.soft.gz		This cohort was also followed for the flu vaccine perturbation and blood samples were collected at 0, 7, and 90 days post-vaccination during two consecutive flu years.	True
GSM9270005	geo:GSE309595:GSM9270005	disease_free_text	multiple myeloma	file	raw/fp-53430067aac0/GSE309595_family.soft.gz		A cohort of patients aged 30 and older with newly diagnosed MM requiring systemic therapy was enrolled in Seattle, WA	True
GSM9270006	geo:GSE309595:GSM9270006	donor_id	FH1017	file	raw/fp-53430067aac0/GSE309595_family.soft.gz		!Sample_characteristics_ch1 = subject id: FH1017	True
GSM9270006	geo:GSE309595:GSM9270006	sex	female	file	raw/fp-53430067aac0/GSE309595_family.soft.gz		!Sample_characteristics_ch1 = Sex: Female	True
GSM9270006	geo:GSE309595:GSM9270006	tissue_free_text	Blood	file	raw/fp-53430067aac0/GSE309595_family.soft.gz		!Sample_characteristics_ch1 = tissue: Blood	True
GSM9270006	geo:GSE309595:GSM9270006	tissue_type	tissue	file	raw/fp-53430067aac0/GSE309595_family.soft.gz		!Sample_characteristics_ch1 = tissue: Blood	True
GSM9270006	geo:GSE309595:GSM9270006	tissue_type	tissue	file	raw/fp-53430067aac0/GSE309595_family.soft.gz		!Sample_characteristics_ch1 = cell type: PBMC	True
GSM9270006	geo:GSE309595:GSM9270006	suspension_type	cell	file	raw/fp-53430067aac0/GSE309595_family.soft.gz		single cell gene expression assay with Cell Hashing	True
GSM9270006	geo:GSE309595:GSM9270006	suspension_type	cell	file	raw/fp-53430067aac0/GSE309595_family.soft.gz		PBMCs were removed from liquid nitrogen and rapidly thawed in a 37	True
GSM9270006	geo:GSE309595:GSM9270006	gene_annotation_version	Ensembl v93	file	raw/fp-53430067aac0/GSE309595_family.soft.gz		refdata-cellranger-GRCh38-3.0.0; based on the GRCh38 genome reference and Ensembl v93 transcriptome annotations	True
GSM9270006	geo:GSE309595:GSM9270006	assay	10x 3' transcription profiling	file	raw/fp-53430067aac0/GSE309595_family.soft.gz		scRNAseq libraries were generated using a modified 10x genomics chromium 3′ single cell gene expression assay with Cell Hashing.	True
GSM9270006	geo:GSE309595:GSM9270006	self_reported_ethnicity	Caucasian	file	raw/fp-53430067aac0/GSE309595_family.soft.gz		!Sample_characteristics_ch1 = race: Caucasian	True
GSM9270006	geo:GSE309595:GSM9270006	disease_free_text	multiple myeloma	file	raw/fp-53430067aac0/GSE309595_family.soft.gz		Multiple myeloma (MM) is a hematological malignancy characterized by an expansion of malignant plasma cells in the bone marrow.	True
GSM9270006	geo:GSE309595:GSM9270006	disease_free_text	multiple myeloma	file	raw/fp-53430067aac0/GSE309595_family.soft.gz		!Sample_characteristics_ch1 = subject id: FH1017	True
GSM9270006	geo:GSE309595:GSM9270006	disease_free_text	multiple myeloma	file	raw/fp-53430067aac0/GSE309595_family.soft.gz		!Sample_characteristics_ch1 = visit: Flu Year 1 Day 0	True
GSM9270006	geo:GSE309595:GSM9270006	disease_free_text	multiple myeloma	file	raw/fp-53430067aac0/GSE309595_family.soft.gz		!Sample_title = PB02697-001 MM End Induction 1st Draw	True
GSM9270006	geo:GSE309595:GSM9270006	disease_free_text	multiple myeloma	file	raw/fp-53430067aac0/GSE309595_family.soft.gz		!Sample_characteristics_ch1 = visit: MM End Induction 1st Draw	True
GSM9270006	geo:GSE309595:GSM9270006	disease_free_text	multiple myeloma	file	raw/fp-53430067aac0/GSE309595_family.soft.gz		This cohort was also followed for the flu vaccine perturbation and blood samples were collected at 0, 7, and 90 days post-vaccination during two consecutive flu years.	True
GSM9270006	geo:GSE309595:GSM9270006	disease_free_text	multiple myeloma	file	raw/fp-53430067aac0/GSE309595_family.soft.gz		A cohort of patients aged 30 and older with newly diagnosed MM requiring systemic therapy was enrolled in Seattle, WA	True
GSM9270007	geo:GSE309595:GSM9270007	donor_id	FH1020	file	raw/fp-53430067aac0/GSE309595_family.soft.gz		!Sample_characteristics_ch1 = subject id: FH1020	True
GSM9270007	geo:GSE309595:GSM9270007	sex	female	file	raw/fp-53430067aac0/GSE309595_family.soft.gz		!Sample_characteristics_ch1 = Sex: Female	True
GSM9270007	geo:GSE309595:GSM9270007	tissue_free_text	Blood	file	raw/fp-53430067aac0/GSE309595_family.soft.gz		!Sample_characteristics_ch1 = tissue: Blood	True
GSM9270007	geo:GSE309595:GSM9270007	tissue_type	tissue	file	raw/fp-53430067aac0/GSE309595_family.soft.gz		!Sample_characteristics_ch1 = tissue: Blood	True
GSM9270007	geo:GSE309595:GSM9270007	tissue_type	tissue	file	raw/fp-53430067aac0/GSE309595_family.soft.gz		!Sample_characteristics_ch1 = cell type: PBMC	True
GSM9270007	geo:GSE309595:GSM9270007	suspension_type	cell	file	raw/fp-53430067aac0/GSE309595_family.soft.gz		single cell gene expression assay with Cell Hashing	True
GSM9270007	geo:GSE309595:GSM9270007	suspension_type	cell	file	raw/fp-53430067aac0/GSE309595_family.soft.gz		PBMCs were removed from liquid nitrogen and rapidly thawed in a 37	True
GSM9270007	geo:GSE309595:GSM9270007	gene_annotation_version	Ensembl v93	file	raw/fp-53430067aac0/GSE309595_family.soft.gz		refdata-cellranger-GRCh38-3.0.0; based on the GRCh38 genome reference and Ensembl v93 transcriptome annotations	True
GSM9270007	geo:GSE309595:GSM9270007	assay	10x 3' transcription profiling	file	raw/fp-53430067aac0/GSE309595_family.soft.gz		scRNAseq libraries were generated using a modified 10x genomics chromium 3′ single cell gene expression assay with Cell Hashing.	True
GSM9270007	geo:GSE309595:GSM9270007	disease_free_text	multiple myeloma	file	raw/fp-53430067aac0/GSE309595_family.soft.gz		Multiple myeloma (MM) is a hematological malignancy characterized by an expansion of malignant plasma cells in the bone marrow.	True
GSM9270007	geo:GSE309595:GSM9270007	disease_free_text	multiple myeloma	file	raw/fp-53430067aac0/GSE309595_family.soft.gz		!Sample_characteristics_ch1 = subject id: FH1020	True
GSM9270007	geo:GSE309595:GSM9270007	disease_free_text	multiple myeloma	file	raw/fp-53430067aac0/GSE309595_family.soft.gz		!Sample_characteristics_ch1 = visit: MM End Induction 1st Draw	True
GSM9270007	geo:GSE309595:GSM9270007	disease_free_text	multiple myeloma	file	raw/fp-53430067aac0/GSE309595_family.soft.gz		A cohort of patients aged 30 and older with newly diagnosed MM requiring systemic therapy was enrolled in Seattle, WA	True
GSM9270008	geo:GSE309595:GSM9270008	donor_id	FH1007	file	raw/fp-53430067aac0/GSE309595_family.soft.gz		!Sample_characteristics_ch1 = subject id: FH1007	True
GSM9270008	geo:GSE309595:GSM9270008	sex	female	file	raw/fp-53430067aac0/GSE309595_family.soft.gz		!Sample_characteristics_ch1 = Sex: Female	True
GSM9270008	geo:GSE309595:GSM9270008	tissue_free_text	Blood	file	raw/fp-53430067aac0/GSE309595_family.soft.gz		!Sample_characteristics_ch1 = tissue: Blood	True
GSM9270008	geo:GSE309595:GSM9270008	tissue_type	tissue	file	raw/fp-53430067aac0/GSE309595_family.soft.gz		!Sample_characteristics_ch1 = tissue: Blood	True
GSM9270008	geo:GSE309595:GSM9270008	tissue_type	tissue	file	raw/fp-53430067aac0/GSE309595_family.soft.gz		!Sample_characteristics_ch1 = cell type: PBMC	True
GSM9270008	geo:GSE309595:GSM9270008	suspension_type	cell	file	raw/fp-53430067aac0/GSE309595_family.soft.gz		single cell gene expression assay with Cell Hashing	True
GSM9270008	geo:GSE309595:GSM9270008	suspension_type	cell	file	raw/fp-53430067aac0/GSE309595_family.soft.gz		PBMCs were removed from liquid nitrogen and rapidly thawed in a 37	True
GSM9270008	geo:GSE309595:GSM9270008	gene_annotation_version	Ensembl v93	file	raw/fp-53430067aac0/GSE309595_family.soft.gz		refdata-cellranger-GRCh38-3.0.0; based on the GRCh38 genome reference and Ensembl v93 transcriptome annotations	True
GSM9270008	geo:GSE309595:GSM9270008	assay	10x 3' transcription profiling	file	raw/fp-53430067aac0/GSE309595_family.soft.gz		scRNAseq libraries were generated using a modified 10x genomics chromium 3′ single cell gene expression assay with Cell Hashing.	True
GSM9270008	geo:GSE309595:GSM9270008	self_reported_ethnicity	Caucasian	file	raw/fp-53430067aac0/GSE309595_family.soft.gz		!Sample_characteristics_ch1 = race: Caucasian	True
GSM9270008	geo:GSE309595:GSM9270008	disease_free_text	multiple myeloma	file	raw/fp-53430067aac0/GSE309595_family.soft.gz		Multiple myeloma (MM) is a hematological malignancy characterized by an expansion of malignant plasma cells in the bone marrow.	True
GSM9270008	geo:GSE309595:GSM9270008	disease_free_text	multiple myeloma	file	raw/fp-53430067aac0/GSE309595_family.soft.gz		!Sample_characteristics_ch1 = subject id: FH1007	True
GSM9270008	geo:GSE309595:GSM9270008	disease_free_text	multiple myeloma	file	raw/fp-53430067aac0/GSE309595_family.soft.gz		!Sample_characteristics_ch1 = visit: MM Post Transplant 2 year	True
GSM9270008	geo:GSE309595:GSM9270008	disease_free_text	multiple myeloma	file	raw/fp-53430067aac0/GSE309595_family.soft.gz		A cohort of patients aged 30 and older with newly diagnosed MM requiring systemic therapy was enrolled in Seattle, WA	True
GSM9270009	geo:GSE309595:GSM9270009	donor_id	FH1012	file	raw/fp-53430067aac0/GSE309595_family.soft.gz		!Sample_characteristics_ch1 = subject id: FH1012	True
GSM9270009	geo:GSE309595:GSM9270009	sex	male	file	raw/fp-53430067aac0/GSE309595_family.soft.gz		!Sample_characteristics_ch1 = Sex: Male	True
GSM9270009	geo:GSE309595:GSM9270009	tissue_free_text	Blood	file	raw/fp-53430067aac0/GSE309595_family.soft.gz		!Sample_characteristics_ch1 = tissue: Blood	True
GSM9270009	geo:GSE309595:GSM9270009	tissue_type	tissue	file	raw/fp-53430067aac0/GSE309595_family.soft.gz		!Sample_characteristics_ch1 = tissue: Blood	True
GSM9270009	geo:GSE309595:GSM9270009	tissue_type	tissue	file	raw/fp-53430067aac0/GSE309595_family.soft.gz		!Sample_characteristics_ch1 = cell type: PBMC	True
GSM9270009	geo:GSE309595:GSM9270009	suspension_type	cell	file	raw/fp-53430067aac0/GSE309595_family.soft.gz		single cell gene expression assay with Cell Hashing	True
GSM9270009	geo:GSE309595:GSM9270009	suspension_type	cell	file	raw/fp-53430067aac0/GSE309595_family.soft.gz		PBMCs were removed from liquid nitrogen and rapidly thawed in a 37	True
GSM9270009	geo:GSE309595:GSM9270009	gene_annotation_version	Ensembl v93	file	raw/fp-53430067aac0/GSE309595_family.soft.gz		refdata-cellranger-GRCh38-3.0.0; based on the GRCh38 genome reference and Ensembl v93 transcriptome annotations	True
GSM9270009	geo:GSE309595:GSM9270009	assay	10x 3' transcription profiling	file	raw/fp-53430067aac0/GSE309595_family.soft.gz		scRNAseq libraries were generated using a modified 10x genomics chromium 3′ single cell gene expression assay with Cell Hashing.	True
GSM9270009	geo:GSE309595:GSM9270009	self_reported_ethnicity	Caucasian	file	raw/fp-53430067aac0/GSE309595_family.soft.gz		!Sample_characteristics_ch1 = race: Caucasian	True
GSM9270009	geo:GSE309595:GSM9270009	disease_free_text	multiple myeloma	file	raw/fp-53430067aac0/GSE309595_family.soft.gz		Multiple myeloma (MM) is a hematological malignancy characterized by an expansion of malignant plasma cells in the bone marrow.	True
GSM9270009	geo:GSE309595:GSM9270009	disease_free_text	multiple myeloma	file	raw/fp-53430067aac0/GSE309595_family.soft.gz		!Sample_characteristics_ch1 = subject id: FH1012	True
GSM9270009	geo:GSE309595:GSM9270009	disease_free_text	multiple myeloma	file	raw/fp-53430067aac0/GSE309595_family.soft.gz		!Sample_characteristics_ch1 = visit: Flu Year 2 Day 90	True
GSM9270009	geo:GSE309595:GSM9270009	disease_free_text	multiple myeloma	file	raw/fp-53430067aac0/GSE309595_family.soft.gz		!Sample_title = PB01315-07 MM Pre-Treatment	True
GSM9270009	geo:GSE309595:GSM9270009	disease_free_text	multiple myeloma	file	raw/fp-53430067aac0/GSE309595_family.soft.gz		!Sample_characteristics_ch1 = visit: MM Pre-Treatment	True
GSM9270009	geo:GSE309595:GSM9270009	disease_free_text	multiple myeloma	file	raw/fp-53430067aac0/GSE309595_family.soft.gz		This cohort was also followed for the flu vaccine perturbation and blood samples were collected at 0, 7, and 90 days post-vaccination during two consecutive flu years.	True
GSM9270009	geo:GSE309595:GSM9270009	disease_free_text	multiple myeloma	file	raw/fp-53430067aac0/GSE309595_family.soft.gz		A cohort of patients aged 30 and older with newly diagnosed MM requiring systemic therapy was enrolled in Seattle, WA	True
GSM9270010	geo:GSE309595:GSM9270010	donor_id	FH1009	file	raw/fp-53430067aac0/GSE309595_family.soft.gz		!Sample_characteristics_ch1 = subject id: FH1009	True
GSM9270010	geo:GSE309595:GSM9270010	sex	male	file	raw/fp-53430067aac0/GSE309595_family.soft.gz		!Sample_characteristics_ch1 = Sex: Male	True
GSM9270010	geo:GSE309595:GSM9270010	tissue_free_text	Blood	file	raw/fp-53430067aac0/GSE309595_family.soft.gz		!Sample_characteristics_ch1 = tissue: Blood	True
GSM9270010	geo:GSE309595:GSM9270010	tissue_type	tissue	file	raw/fp-53430067aac0/GSE309595_family.soft.gz		!Sample_characteristics_ch1 = tissue: Blood	True
GSM9270010	geo:GSE309595:GSM9270010	tissue_type	tissue	file	raw/fp-53430067aac0/GSE309595_family.soft.gz		!Sample_characteristics_ch1 = cell type: PBMC	True
GSM9270010	geo:GSE309595:GSM9270010	suspension_type	cell	file	raw/fp-53430067aac0/GSE309595_family.soft.gz		single cell gene expression assay with Cell Hashing	True
GSM9270010	geo:GSE309595:GSM9270010	suspension_type	cell	file	raw/fp-53430067aac0/GSE309595_family.soft.gz		PBMCs were removed from liquid nitrogen and rapidly thawed in a 37	True
GSM9270010	geo:GSE309595:GSM9270010	gene_annotation_version	Ensembl v93	file	raw/fp-53430067aac0/GSE309595_family.soft.gz		refdata-cellranger-GRCh38-3.0.0; based on the GRCh38 genome reference and Ensembl v93 transcriptome annotations	True
GSM9270010	geo:GSE309595:GSM9270010	assay	10x 3' transcription profiling	file	raw/fp-53430067aac0/GSE309595_family.soft.gz		scRNAseq libraries were generated using a modified 10x genomics chromium 3′ single cell gene expression assay with Cell Hashing.	True
GSM9270010	geo:GSE309595:GSM9270010	disease_free_text	multiple myeloma	file	raw/fp-53430067aac0/GSE309595_family.soft.gz		Multiple myeloma (MM) is a hematological malignancy characterized by an expansion of malignant plasma cells in the bone marrow.	True
GSM9270010	geo:GSE309595:GSM9270010	disease_free_text	multiple myeloma	file	raw/fp-53430067aac0/GSE309595_family.soft.gz		!Sample_characteristics_ch1 = subject id: FH1009	True
GSM9270010	geo:GSE309595:GSM9270010	disease_free_text	multiple myeloma	file	raw/fp-53430067aac0/GSE309595_family.soft.gz		!Sample_characteristics_ch1 = visit: Flu Year 2 Day 90	True
GSM9270010	geo:GSE309595:GSM9270010	disease_free_text	multiple myeloma	file	raw/fp-53430067aac0/GSE309595_family.soft.gz		!Sample_title = PB00239-02 MM Pre-Treatment	True
GSM9270010	geo:GSE309595:GSM9270010	disease_free_text	multiple myeloma	file	raw/fp-53430067aac0/GSE309595_family.soft.gz		!Sample_characteristics_ch1 = visit: MM Pre-Treatment	True
GSM9270010	geo:GSE309595:GSM9270010	disease_free_text	multiple myeloma	file	raw/fp-53430067aac0/GSE309595_family.soft.gz		This cohort was also followed for the flu vaccine perturbation and blood samples were collected at 0, 7, and 90 days post-vaccination during two consecutive flu years.	True
GSM9270010	geo:GSE309595:GSM9270010	disease_free_text	multiple myeloma	file	raw/fp-53430067aac0/GSE309595_family.soft.gz		A cohort of patients aged 30 and older with newly diagnosed MM requiring systemic therapy was enrolled in Seattle, WA	True
GSM9270011	geo:GSE309595:GSM9270011	donor_id	FH1009	file	raw/fp-53430067aac0/GSE309595_family.soft.gz		!Sample_characteristics_ch1 = subject id: FH1009	True
GSM9270011	geo:GSE309595:GSM9270011	sex	male	file	raw/fp-53430067aac0/GSE309595_family.soft.gz		!Sample_characteristics_ch1 = Sex: Male	True
GSM9270011	geo:GSE309595:GSM9270011	tissue_free_text	Blood	file	raw/fp-53430067aac0/GSE309595_family.soft.gz		!Sample_characteristics_ch1 = tissue: Blood	True
GSM9270011	geo:GSE309595:GSM9270011	tissue_type	tissue	file	raw/fp-53430067aac0/GSE309595_family.soft.gz		!Sample_characteristics_ch1 = tissue: Blood	True
GSM9270011	geo:GSE309595:GSM9270011	tissue_type	tissue	file	raw/fp-53430067aac0/GSE309595_family.soft.gz		!Sample_characteristics_ch1 = cell type: PBMC	True
GSM9270011	geo:GSE309595:GSM9270011	suspension_type	cell	file	raw/fp-53430067aac0/GSE309595_family.soft.gz		single cell gene expression assay with Cell Hashing	True
GSM9270011	geo:GSE309595:GSM9270011	suspension_type	cell	file	raw/fp-53430067aac0/GSE309595_family.soft.gz		PBMCs were removed from liquid nitrogen and rapidly thawed in a 37	True
GSM9270011	geo:GSE309595:GSM9270011	gene_annotation_version	Ensembl v93	file	raw/fp-53430067aac0/GSE309595_family.soft.gz		refdata-cellranger-GRCh38-3.0.0; based on the GRCh38 genome reference and Ensembl v93 transcriptome annotations	True
GSM9270011	geo:GSE309595:GSM9270011	assay	10x 3' transcription profiling	file	raw/fp-53430067aac0/GSE309595_family.soft.gz		scRNAseq libraries were generated using a modified 10x genomics chromium 3′ single cell gene expression assay with Cell Hashing.	True
GSM9270011	geo:GSE309595:GSM9270011	disease_free_text	multiple myeloma	file	raw/fp-53430067aac0/GSE309595_family.soft.gz		Multiple myeloma (MM) is a hematological malignancy characterized by an expansion of malignant plasma cells in the bone marrow.	True
GSM9270011	geo:GSE309595:GSM9270011	disease_free_text	multiple myeloma	file	raw/fp-53430067aac0/GSE309595_family.soft.gz		!Sample_characteristics_ch1 = subject id: FH1009	True
GSM9270011	geo:GSE309595:GSM9270011	disease_free_text	multiple myeloma	file	raw/fp-53430067aac0/GSE309595_family.soft.gz		!Sample_characteristics_ch1 = visit: Flu Year 2 Day 0	True
GSM9270011	geo:GSE309595:GSM9270011	disease_free_text	multiple myeloma	file	raw/fp-53430067aac0/GSE309595_family.soft.gz		!Sample_title = PB00239-02 MM Pre-Treatment	True
GSM9270011	geo:GSE309595:GSM9270011	disease_free_text	multiple myeloma	file	raw/fp-53430067aac0/GSE309595_family.soft.gz		!Sample_characteristics_ch1 = visit: MM Pre-Treatment	True
GSM9270011	geo:GSE309595:GSM9270011	disease_free_text	multiple myeloma	file	raw/fp-53430067aac0/GSE309595_family.soft.gz		This cohort was also followed for the flu vaccine perturbation and blood samples were collected at 0, 7, and 90 days post-vaccination during two consecutive flu years.	True
GSM9270011	geo:GSE309595:GSM9270011	disease_free_text	multiple myeloma	file	raw/fp-53430067aac0/GSE309595_family.soft.gz		A cohort of patients aged 30 and older with newly diagnosed MM requiring systemic therapy was enrolled in Seattle, WA	True
GSM9270012	geo:GSE309595:GSM9270012	donor_id	FH1022	file	raw/fp-53430067aac0/GSE309595_family.soft.gz		!Sample_characteristics_ch1 = subject id: FH1022	True
GSM9270012	geo:GSE309595:GSM9270012	sex	male	file	raw/fp-53430067aac0/GSE309595_family.soft.gz		!Sample_characteristics_ch1 = Sex: Male	True
GSM9270012	geo:GSE309595:GSM9270012	tissue_free_text	Blood	file	raw/fp-53430067aac0/GSE309595_family.soft.gz		!Sample_characteristics_ch1 = tissue: Blood	True
GSM9270012	geo:GSE309595:GSM9270012	tissue_type	tissue	file	raw/fp-53430067aac0/GSE309595_family.soft.gz		!Sample_characteristics_ch1 = tissue: Blood	True
GSM9270012	geo:GSE309595:GSM9270012	tissue_type	tissue	file	raw/fp-53430067aac0/GSE309595_family.soft.gz		!Sample_characteristics_ch1 = cell type: PBMC	True
GSM9270012	geo:GSE309595:GSM9270012	suspension_type	cell	file	raw/fp-53430067aac0/GSE309595_family.soft.gz		single cell gene expression assay with Cell Hashing	True
GSM9270012	geo:GSE309595:GSM9270012	suspension_type	cell	file	raw/fp-53430067aac0/GSE309595_family.soft.gz		PBMCs were removed from liquid nitrogen and rapidly thawed in a 37	True
GSM9270012	geo:GSE309595:GSM9270012	gene_annotation_version	Ensembl v93	file	raw/fp-53430067aac0/GSE309595_family.soft.gz		refdata-cellranger-GRCh38-3.0.0; based on the GRCh38 genome reference and Ensembl v93 transcriptome annotations	True
GSM9270012	geo:GSE309595:GSM9270012	assay	10x 3' transcription profiling	file	raw/fp-53430067aac0/GSE309595_family.soft.gz		scRNAseq libraries were generated using a modified 10x genomics chromium 3′ single cell gene expression assay with Cell Hashing.	True
GSM9270012	geo:GSE309595:GSM9270012	disease_free_text	multiple myeloma	file	raw/fp-53430067aac0/GSE309595_family.soft.gz		Multiple myeloma (MM) is a hematological malignancy characterized by an expansion of malignant plasma cells in the bone marrow.	True
GSM9270012	geo:GSE309595:GSM9270012	disease_free_text	multiple myeloma	file	raw/fp-53430067aac0/GSE309595_family.soft.gz		!Sample_characteristics_ch1 = subject id: FH1022	True
GSM9270012	geo:GSE309595:GSM9270012	disease_free_text	multiple myeloma	file	raw/fp-53430067aac0/GSE309595_family.soft.gz		!Sample_characteristics_ch1 = visit: MM End Induction 1st Draw	True
GSM9270012	geo:GSE309595:GSM9270012	disease_free_text	multiple myeloma	file	raw/fp-53430067aac0/GSE309595_family.soft.gz		A cohort of patients aged 30 and older with newly diagnosed MM requiring systemic therapy was enrolled in Seattle, WA	True
GSM9270013	geo:GSE309595:GSM9270013	donor_id	FH1023	file	raw/fp-53430067aac0/GSE309595_family.soft.gz		!Sample_characteristics_ch1 = subject id: FH1023	True
GSM9270013	geo:GSE309595:GSM9270013	sex	male	file	raw/fp-53430067aac0/GSE309595_family.soft.gz		!Sample_characteristics_ch1 = Sex: Male	True
GSM9270013	geo:GSE309595:GSM9270013	tissue_free_text	Blood	file	raw/fp-53430067aac0/GSE309595_family.soft.gz		!Sample_characteristics_ch1 = tissue: Blood	True
GSM9270013	geo:GSE309595:GSM9270013	tissue_type	tissue	file	raw/fp-53430067aac0/GSE309595_family.soft.gz		!Sample_characteristics_ch1 = tissue: Blood	True
GSM9270013	geo:GSE309595:GSM9270013	tissue_type	tissue	file	raw/fp-53430067aac0/GSE309595_family.soft.gz		!Sample_characteristics_ch1 = cell type: PBMC	True
GSM9270013	geo:GSE309595:GSM9270013	suspension_type	cell	file	raw/fp-53430067aac0/GSE309595_family.soft.gz		single cell gene expression assay with Cell Hashing	True
GSM9270013	geo:GSE309595:GSM9270013	suspension_type	cell	file	raw/fp-53430067aac0/GSE309595_family.soft.gz		PBMCs were removed from liquid nitrogen and rapidly thawed in a 37	True
GSM9270013	geo:GSE309595:GSM9270013	gene_annotation_version	Ensembl v93	file	raw/fp-53430067aac0/GSE309595_family.soft.gz		refdata-cellranger-GRCh38-3.0.0; based on the GRCh38 genome reference and Ensembl v93 transcriptome annotations	True
GSM9270013	geo:GSE309595:GSM9270013	assay	10x 3' transcription profiling	file	raw/fp-53430067aac0/GSE309595_family.soft.gz		scRNAseq libraries were generated using a modified 10x genomics chromium 3′ single cell gene expression assay with Cell Hashing.	True
GSM9270013	geo:GSE309595:GSM9270013	self_reported_ethnicity	Caucasian	file	raw/fp-53430067aac0/GSE309595_family.soft.gz		!Sample_characteristics_ch1 = race: Caucasian	True
GSM9270013	geo:GSE309595:GSM9270013	disease_free_text	multiple myeloma	file	raw/fp-53430067aac0/GSE309595_family.soft.gz		Multiple myeloma (MM) is a hematological malignancy characterized by an expansion of malignant plasma cells in the bone marrow.	True
GSM9270013	geo:GSE309595:GSM9270013	disease_free_text	multiple myeloma	file	raw/fp-53430067aac0/GSE309595_family.soft.gz		!Sample_characteristics_ch1 = subject id: FH1023	True
GSM9270013	geo:GSE309595:GSM9270013	disease_free_text	multiple myeloma	file	raw/fp-53430067aac0/GSE309595_family.soft.gz		!Sample_characteristics_ch1 = visit: MM Post Induction 2-Cycles	True
GSM9270013	geo:GSE309595:GSM9270013	disease_free_text	multiple myeloma	file	raw/fp-53430067aac0/GSE309595_family.soft.gz		A cohort of patients aged 30 and older with newly diagnosed MM requiring systemic therapy was enrolled in Seattle, WA	True
GSM9270014	geo:GSE309595:GSM9270014	donor_id	FH1023	file	raw/fp-53430067aac0/GSE309595_family.soft.gz		!Sample_characteristics_ch1 = subject id: FH1023	True
GSM9270014	geo:GSE309595:GSM9270014	sex	male	file	raw/fp-53430067aac0/GSE309595_family.soft.gz		!Sample_characteristics_ch1 = Sex: Male	True
GSM9270014	geo:GSE309595:GSM9270014	tissue_free_text	Blood	file	raw/fp-53430067aac0/GSE309595_family.soft.gz		!Sample_characteristics_ch1 = tissue: Blood	True
GSM9270014	geo:GSE309595:GSM9270014	tissue_type	tissue	file	raw/fp-53430067aac0/GSE309595_family.soft.gz		!Sample_characteristics_ch1 = tissue: Blood	True
GSM9270014	geo:GSE309595:GSM9270014	tissue_type	tissue	file	raw/fp-53430067aac0/GSE309595_family.soft.gz		!Sample_characteristics_ch1 = cell type: PBMC	True
GSM9270014	geo:GSE309595:GSM9270014	suspension_type	cell	file	raw/fp-53430067aac0/GSE309595_family.soft.gz		single cell gene expression assay with Cell Hashing	True
GSM9270014	geo:GSE309595:GSM9270014	suspension_type	cell	file	raw/fp-53430067aac0/GSE309595_family.soft.gz		PBMCs were removed from liquid nitrogen and rapidly thawed in a 37	True
GSM9270014	geo:GSE309595:GSM9270014	gene_annotation_version	Ensembl v93	file	raw/fp-53430067aac0/GSE309595_family.soft.gz		refdata-cellranger-GRCh38-3.0.0; based on the GRCh38 genome reference and Ensembl v93 transcriptome annotations	True
GSM9270014	geo:GSE309595:GSM9270014	assay	10x 3' transcription profiling	file	raw/fp-53430067aac0/GSE309595_family.soft.gz		scRNAseq libraries were generated using a modified 10x genomics chromium 3′ single cell gene expression assay with Cell Hashing.	True
GSM9270014	geo:GSE309595:GSM9270014	self_reported_ethnicity	Caucasian	file	raw/fp-53430067aac0/GSE309595_family.soft.gz		!Sample_characteristics_ch1 = race: Caucasian	True
GSM9270014	geo:GSE309595:GSM9270014	disease_free_text	multiple myeloma	file	raw/fp-53430067aac0/GSE309595_family.soft.gz		Multiple myeloma (MM) is a hematological malignancy characterized by an expansion of malignant plasma cells in the bone marrow.	True
GSM9270014	geo:GSE309595:GSM9270014	disease_free_text	multiple myeloma	file	raw/fp-53430067aac0/GSE309595_family.soft.gz		!Sample_characteristics_ch1 = subject id: FH1023	True
GSM9270014	geo:GSE309595:GSM9270014	disease_free_text	multiple myeloma	file	raw/fp-53430067aac0/GSE309595_family.soft.gz		!Sample_characteristics_ch1 = visit: MM End Induction 1st Draw	True
GSM9270014	geo:GSE309595:GSM9270014	disease_free_text	multiple myeloma	file	raw/fp-53430067aac0/GSE309595_family.soft.gz		A cohort of patients aged 30 and older with newly diagnosed MM requiring systemic therapy was enrolled in Seattle, WA	True
GSM9270015	geo:GSE309595:GSM9270015	donor_id	FH1022	file	raw/fp-53430067aac0/GSE309595_family.soft.gz		!Sample_characteristics_ch1 = subject id: FH1022	True
GSM9270015	geo:GSE309595:GSM9270015	sex	male	file	raw/fp-53430067aac0/GSE309595_family.soft.gz		!Sample_characteristics_ch1 = Sex: Male	True
GSM9270015	geo:GSE309595:GSM9270015	tissue_free_text	Blood	file	raw/fp-53430067aac0/GSE309595_family.soft.gz		!Sample_characteristics_ch1 = tissue: Blood	True
GSM9270015	geo:GSE309595:GSM9270015	tissue_type	tissue	file	raw/fp-53430067aac0/GSE309595_family.soft.gz		!Sample_characteristics_ch1 = tissue: Blood	True
GSM9270015	geo:GSE309595:GSM9270015	tissue_type	tissue	file	raw/fp-53430067aac0/GSE309595_family.soft.gz		!Sample_characteristics_ch1 = cell type: PBMC	True
GSM9270015	geo:GSE309595:GSM9270015	suspension_type	cell	file	raw/fp-53430067aac0/GSE309595_family.soft.gz		single cell gene expression assay with Cell Hashing	True
GSM9270015	geo:GSE309595:GSM9270015	suspension_type	cell	file	raw/fp-53430067aac0/GSE309595_family.soft.gz		PBMCs were removed from liquid nitrogen and rapidly thawed in a 37	True
GSM9270015	geo:GSE309595:GSM9270015	gene_annotation_version	Ensembl v93	file	raw/fp-53430067aac0/GSE309595_family.soft.gz		refdata-cellranger-GRCh38-3.0.0; based on the GRCh38 genome reference and Ensembl v93 transcriptome annotations	True
GSM9270015	geo:GSE309595:GSM9270015	assay	10x 3' transcription profiling	file	raw/fp-53430067aac0/GSE309595_family.soft.gz		scRNAseq libraries were generated using a modified 10x genomics chromium 3′ single cell gene expression assay with Cell Hashing.	True
GSM9270015	geo:GSE309595:GSM9270015	disease_free_text	multiple myeloma	file	raw/fp-53430067aac0/GSE309595_family.soft.gz		Multiple myeloma (MM) is a hematological malignancy characterized by an expansion of malignant plasma cells in the bone marrow.	True
GSM9270015	geo:GSE309595:GSM9270015	disease_free_text	multiple myeloma	file	raw/fp-53430067aac0/GSE309595_family.soft.gz		!Sample_characteristics_ch1 = subject id: FH1022	True
GSM9270015	geo:GSE309595:GSM9270015	disease_free_text	multiple myeloma	file	raw/fp-53430067aac0/GSE309595_family.soft.gz		!Sample_characteristics_ch1 = visit: MM Post Transplant 60 Days	True
GSM9270015	geo:GSE309595:GSM9270015	disease_free_text	multiple myeloma	file	raw/fp-53430067aac0/GSE309595_family.soft.gz		A cohort of patients aged 30 and older with newly diagnosed MM requiring systemic therapy was enrolled in Seattle, WA	True
GSM9270016	geo:GSE309595:GSM9270016	donor_id	FH1003	file	raw/fp-53430067aac0/GSE309595_family.soft.gz		!Sample_characteristics_ch1 = subject id: FH1003	True
GSM9270016	geo:GSE309595:GSM9270016	sex	male	file	raw/fp-53430067aac0/GSE309595_family.soft.gz		!Sample_characteristics_ch1 = Sex: Male	True
GSM9270016	geo:GSE309595:GSM9270016	tissue_free_text	Blood	file	raw/fp-53430067aac0/GSE309595_family.soft.gz		!Sample_characteristics_ch1 = tissue: Blood	True
GSM9270016	geo:GSE309595:GSM9270016	tissue_type	tissue	file	raw/fp-53430067aac0/GSE309595_family.soft.gz		!Sample_characteristics_ch1 = tissue: Blood	True
GSM9270016	geo:GSE309595:GSM9270016	tissue_type	tissue	file	raw/fp-53430067aac0/GSE309595_family.soft.gz		!Sample_characteristics_ch1 = cell type: PBMC	True
GSM9270016	geo:GSE309595:GSM9270016	suspension_type	cell	file	raw/fp-53430067aac0/GSE309595_family.soft.gz		single cell gene expression assay with Cell Hashing	True
GSM9270016	geo:GSE309595:GSM9270016	suspension_type	cell	file	raw/fp-53430067aac0/GSE309595_family.soft.gz		PBMCs were removed from liquid nitrogen and rapidly thawed in a 37	True
GSM9270016	geo:GSE309595:GSM9270016	gene_annotation_version	Ensembl v93	file	raw/fp-53430067aac0/GSE309595_family.soft.gz		refdata-cellranger-GRCh38-3.0.0; based on the GRCh38 genome reference and Ensembl v93 transcriptome annotations	True
GSM9270016	geo:GSE309595:GSM9270016	assay	10x 3' transcription profiling	file	raw/fp-53430067aac0/GSE309595_family.soft.gz		scRNAseq libraries were generated using a modified 10x genomics chromium 3′ single cell gene expression assay with Cell Hashing.	True
GSM9270016	geo:GSE309595:GSM9270016	self_reported_ethnicity	Caucasian	file	raw/fp-53430067aac0/GSE309595_family.soft.gz		!Sample_characteristics_ch1 = race: Caucasian	True
GSM9270016	geo:GSE309595:GSM9270016	disease_free_text	multiple myeloma	file	raw/fp-53430067aac0/GSE309595_family.soft.gz		Multiple myeloma (MM) is a hematological malignancy characterized by an expansion of malignant plasma cells in the bone marrow.	True
GSM9270016	geo:GSE309595:GSM9270016	disease_free_text	multiple myeloma	file	raw/fp-53430067aac0/GSE309595_family.soft.gz		!Sample_characteristics_ch1 = subject id: FH1003	True
GSM9270016	geo:GSE309595:GSM9270016	disease_free_text	multiple myeloma	file	raw/fp-53430067aac0/GSE309595_family.soft.gz		!Sample_characteristics_ch1 = visit: MM Post Transplant 1 year	True
GSM9270016	geo:GSE309595:GSM9270016	disease_free_text	multiple myeloma	file	raw/fp-53430067aac0/GSE309595_family.soft.gz		A cohort of patients aged 30 and older with newly diagnosed MM requiring systemic therapy was enrolled in Seattle, WA	True
GSM9270017	geo:GSE309595:GSM9270017	donor_id	FH1011	file	raw/fp-53430067aac0/GSE309595_family.soft.gz		!Sample_characteristics_ch1 = subject id: FH1011	True
GSM9270017	geo:GSE309595:GSM9270017	sex	male	file	raw/fp-53430067aac0/GSE309595_family.soft.gz		!Sample_characteristics_ch1 = Sex: Male	True
GSM9270017	geo:GSE309595:GSM9270017	tissue_free_text	Blood	file	raw/fp-53430067aac0/GSE309595_family.soft.gz		!Sample_characteristics_ch1 = tissue: Blood	True
GSM9270017	geo:GSE309595:GSM9270017	tissue_type	tissue	file	raw/fp-53430067aac0/GSE309595_family.soft.gz		!Sample_characteristics_ch1 = tissue: Blood	True
GSM9270017	geo:GSE309595:GSM9270017	tissue_type	tissue	file	raw/fp-53430067aac0/GSE309595_family.soft.gz		!Sample_characteristics_ch1 = cell type: PBMC	True
GSM9270017	geo:GSE309595:GSM9270017	suspension_type	cell	file	raw/fp-53430067aac0/GSE309595_family.soft.gz		single cell gene expression assay with Cell Hashing	True
GSM9270017	geo:GSE309595:GSM9270017	suspension_type	cell	file	raw/fp-53430067aac0/GSE309595_family.soft.gz		PBMCs were removed from liquid nitrogen and rapidly thawed in a 37	True
GSM9270017	geo:GSE309595:GSM9270017	gene_annotation_version	Ensembl v93	file	raw/fp-53430067aac0/GSE309595_family.soft.gz		refdata-cellranger-GRCh38-3.0.0; based on the GRCh38 genome reference and Ensembl v93 transcriptome annotations	True
GSM9270017	geo:GSE309595:GSM9270017	assay	10x 3' transcription profiling	file	raw/fp-53430067aac0/GSE309595_family.soft.gz		scRNAseq libraries were generated using a modified 10x genomics chromium 3′ single cell gene expression assay with Cell Hashing.	True
GSM9270017	geo:GSE309595:GSM9270017	disease_free_text	multiple myeloma	file	raw/fp-53430067aac0/GSE309595_family.soft.gz		Multiple myeloma (MM) is a hematological malignancy characterized by an expansion of malignant plasma cells in the bone marrow.	True
GSM9270017	geo:GSE309595:GSM9270017	disease_free_text	multiple myeloma	file	raw/fp-53430067aac0/GSE309595_family.soft.gz		!Sample_characteristics_ch1 = subject id: FH1011	True
GSM9270017	geo:GSE309595:GSM9270017	disease_free_text	multiple myeloma	file	raw/fp-53430067aac0/GSE309595_family.soft.gz		!Sample_characteristics_ch1 = visit: MM Post Transplant 1 year	True
GSM9270017	geo:GSE309595:GSM9270017	disease_free_text	multiple myeloma	file	raw/fp-53430067aac0/GSE309595_family.soft.gz		A cohort of patients aged 30 and older with newly diagnosed MM requiring systemic therapy was enrolled in Seattle, WA	True
GSM9270018	geo:GSE309595:GSM9270018	donor_id	FH1002	file	raw/fp-53430067aac0/GSE309595_family.soft.gz		!Sample_characteristics_ch1 = subject id: FH1002	True
GSM9270018	geo:GSE309595:GSM9270018	sex	female	file	raw/fp-53430067aac0/GSE309595_family.soft.gz		!Sample_characteristics_ch1 = Sex: Female	True
GSM9270018	geo:GSE309595:GSM9270018	tissue_free_text	Blood	file	raw/fp-53430067aac0/GSE309595_family.soft.gz		!Sample_characteristics_ch1 = tissue: Blood	True
GSM9270018	geo:GSE309595:GSM9270018	tissue_type	tissue	file	raw/fp-53430067aac0/GSE309595_family.soft.gz		!Sample_characteristics_ch1 = tissue: Blood	True
GSM9270018	geo:GSE309595:GSM9270018	tissue_type	tissue	file	raw/fp-53430067aac0/GSE309595_family.soft.gz		!Sample_characteristics_ch1 = cell type: PBMC	True
GSM9270018	geo:GSE309595:GSM9270018	suspension_type	cell	file	raw/fp-53430067aac0/GSE309595_family.soft.gz		single cell gene expression assay with Cell Hashing	True
GSM9270018	geo:GSE309595:GSM9270018	suspension_type	cell	file	raw/fp-53430067aac0/GSE309595_family.soft.gz		PBMCs were removed from liquid nitrogen and rapidly thawed in a 37	True
GSM9270018	geo:GSE309595:GSM9270018	gene_annotation_version	Ensembl v93	file	raw/fp-53430067aac0/GSE309595_family.soft.gz		refdata-cellranger-GRCh38-3.0.0; based on the GRCh38 genome reference and Ensembl v93 transcriptome annotations	True
GSM9270018	geo:GSE309595:GSM9270018	assay	10x 3' transcription profiling	file	raw/fp-53430067aac0/GSE309595_family.soft.gz		scRNAseq libraries were generated using a modified 10x genomics chromium 3′ single cell gene expression assay with Cell Hashing.	True
GSM9270018	geo:GSE309595:GSM9270018	self_reported_ethnicity	Caucasian	file	raw/fp-53430067aac0/GSE309595_family.soft.gz		!Sample_characteristics_ch1 = race: Caucasian	True
GSM9270018	geo:GSE309595:GSM9270018	disease_free_text	multiple myeloma	file	raw/fp-53430067aac0/GSE309595_family.soft.gz		Multiple myeloma (MM) is a hematological malignancy characterized by an expansion of malignant plasma cells in the bone marrow.	True
GSM9270018	geo:GSE309595:GSM9270018	disease_free_text	multiple myeloma	file	raw/fp-53430067aac0/GSE309595_family.soft.gz		!Sample_characteristics_ch1 = subject id: FH1002	True
GSM9270018	geo:GSE309595:GSM9270018	disease_free_text	multiple myeloma	file	raw/fp-53430067aac0/GSE309595_family.soft.gz		!Sample_characteristics_ch1 = visit: MM Post Transplant 2 year	True
GSM9270018	geo:GSE309595:GSM9270018	disease_free_text	multiple myeloma	file	raw/fp-53430067aac0/GSE309595_family.soft.gz		A cohort of patients aged 30 and older with newly diagnosed MM requiring systemic therapy was enrolled in Seattle, WA	True
GSM9270019	geo:GSE309595:GSM9270019	donor_id	FH1011	file	raw/fp-53430067aac0/GSE309595_family.soft.gz		!Sample_characteristics_ch1 = subject id: FH1011	True
GSM9270019	geo:GSE309595:GSM9270019	sex	male	file	raw/fp-53430067aac0/GSE309595_family.soft.gz		!Sample_characteristics_ch1 = Sex: Male	True
GSM9270019	geo:GSE309595:GSM9270019	tissue_free_text	Blood	file	raw/fp-53430067aac0/GSE309595_family.soft.gz		!Sample_characteristics_ch1 = tissue: Blood	True
GSM9270019	geo:GSE309595:GSM9270019	tissue_type	tissue	file	raw/fp-53430067aac0/GSE309595_family.soft.gz		!Sample_characteristics_ch1 = tissue: Blood	True
GSM9270019	geo:GSE309595:GSM9270019	tissue_type	tissue	file	raw/fp-53430067aac0/GSE309595_family.soft.gz		!Sample_characteristics_ch1 = cell type: PBMC	True
GSM9270019	geo:GSE309595:GSM9270019	suspension_type	cell	file	raw/fp-53430067aac0/GSE309595_family.soft.gz		single cell gene expression assay with Cell Hashing	True
GSM9270019	geo:GSE309595:GSM9270019	suspension_type	cell	file	raw/fp-53430067aac0/GSE309595_family.soft.gz		PBMCs were removed from liquid nitrogen and rapidly thawed in a 37	True
GSM9270019	geo:GSE309595:GSM9270019	gene_annotation_version	Ensembl v93	file	raw/fp-53430067aac0/GSE309595_family.soft.gz		refdata-cellranger-GRCh38-3.0.0; based on the GRCh38 genome reference and Ensembl v93 transcriptome annotations	True
GSM9270019	geo:GSE309595:GSM9270019	assay	10x 3' transcription profiling	file	raw/fp-53430067aac0/GSE309595_family.soft.gz		scRNAseq libraries were generated using a modified 10x genomics chromium 3′ single cell gene expression assay with Cell Hashing.	True
GSM9270019	geo:GSE309595:GSM9270019	disease_free_text	multiple myeloma	file	raw/fp-53430067aac0/GSE309595_family.soft.gz		Multiple myeloma (MM) is a hematological malignancy characterized by an expansion of malignant plasma cells in the bone marrow.	True
GSM9270019	geo:GSE309595:GSM9270019	disease_free_text	multiple myeloma	file	raw/fp-53430067aac0/GSE309595_family.soft.gz		!Sample_characteristics_ch1 = subject id: FH1011	True
GSM9270019	geo:GSE309595:GSM9270019	disease_free_text	multiple myeloma	file	raw/fp-53430067aac0/GSE309595_family.soft.gz		!Sample_characteristics_ch1 = visit: MM Post Transplant 2 year	True
GSM9270019	geo:GSE309595:GSM9270019	disease_free_text	multiple myeloma	file	raw/fp-53430067aac0/GSE309595_family.soft.gz		A cohort of patients aged 30 and older with newly diagnosed MM requiring systemic therapy was enrolled in Seattle, WA	True
GSM9270020	geo:GSE309595:GSM9270020	donor_id	FH1016	file	raw/fp-53430067aac0/GSE309595_family.soft.gz		!Sample_characteristics_ch1 = subject id: FH1016	True
GSM9270020	geo:GSE309595:GSM9270020	sex	male	file	raw/fp-53430067aac0/GSE309595_family.soft.gz		!Sample_characteristics_ch1 = Sex: Male	True
GSM9270020	geo:GSE309595:GSM9270020	tissue_free_text	Blood	file	raw/fp-53430067aac0/GSE309595_family.soft.gz		!Sample_characteristics_ch1 = tissue: Blood	True
GSM9270020	geo:GSE309595:GSM9270020	tissue_type	tissue	file	raw/fp-53430067aac0/GSE309595_family.soft.gz		!Sample_characteristics_ch1 = tissue: Blood	True
GSM9270020	geo:GSE309595:GSM9270020	tissue_type	tissue	file	raw/fp-53430067aac0/GSE309595_family.soft.gz		!Sample_characteristics_ch1 = cell type: PBMC	True
GSM9270020	geo:GSE309595:GSM9270020	suspension_type	cell	file	raw/fp-53430067aac0/GSE309595_family.soft.gz		single cell gene expression assay with Cell Hashing	True
GSM9270020	geo:GSE309595:GSM9270020	suspension_type	cell	file	raw/fp-53430067aac0/GSE309595_family.soft.gz		PBMCs were removed from liquid nitrogen and rapidly thawed in a 37	True
GSM9270020	geo:GSE309595:GSM9270020	gene_annotation_version	Ensembl v93	file	raw/fp-53430067aac0/GSE309595_family.soft.gz		refdata-cellranger-GRCh38-3.0.0; based on the GRCh38 genome reference and Ensembl v93 transcriptome annotations	True
GSM9270020	geo:GSE309595:GSM9270020	assay	10x 3' transcription profiling	file	raw/fp-53430067aac0/GSE309595_family.soft.gz		scRNAseq libraries were generated using a modified 10x genomics chromium 3′ single cell gene expression assay with Cell Hashing.	True
GSM9270020	geo:GSE309595:GSM9270020	self_reported_ethnicity	African American	file	raw/fp-53430067aac0/GSE309595_family.soft.gz		!Sample_characteristics_ch1 = race: African American	True
GSM9270020	geo:GSE309595:GSM9270020	disease_free_text	multiple myeloma	file	raw/fp-53430067aac0/GSE309595_family.soft.gz		Multiple myeloma (MM) is a hematological malignancy characterized by an expansion of malignant plasma cells in the bone marrow.	True
GSM9270020	geo:GSE309595:GSM9270020	disease_free_text	multiple myeloma	file	raw/fp-53430067aac0/GSE309595_family.soft.gz		!Sample_characteristics_ch1 = subject id: FH1016	True
GSM9270020	geo:GSE309595:GSM9270020	disease_free_text	multiple myeloma	file	raw/fp-53430067aac0/GSE309595_family.soft.gz		!Sample_characteristics_ch1 = visit: Flu Year 1 Day 7	True
GSM9270020	geo:GSE309595:GSM9270020	disease_free_text	multiple myeloma	file	raw/fp-53430067aac0/GSE309595_family.soft.gz		!Sample_title = PB06425-001 MM Post Transplant 1 year	True
GSM9270020	geo:GSE309595:GSM9270020	disease_free_text	multiple myeloma	file	raw/fp-53430067aac0/GSE309595_family.soft.gz		!Sample_characteristics_ch1 = visit: MM Post Transplant 1 year	True
GSM9270020	geo:GSE309595:GSM9270020	disease_free_text	multiple myeloma	file	raw/fp-53430067aac0/GSE309595_family.soft.gz		This cohort was also followed for the flu vaccine perturbation and blood samples were collected at 0, 7, and 90 days post-vaccination during two consecutive flu years.	True
GSM9270020	geo:GSE309595:GSM9270020	disease_free_text	multiple myeloma	file	raw/fp-53430067aac0/GSE309595_family.soft.gz		A cohort of patients aged 30 and older with newly diagnosed MM requiring systemic therapy was enrolled in Seattle, WA	True
GSM9270021	geo:GSE309595:GSM9270021	donor_id	FH1017	file	raw/fp-53430067aac0/GSE309595_family.soft.gz		!Sample_characteristics_ch1 = subject id: FH1017	True
GSM9270021	geo:GSE309595:GSM9270021	sex	female	file	raw/fp-53430067aac0/GSE309595_family.soft.gz		!Sample_characteristics_ch1 = Sex: Female	True
GSM9270021	geo:GSE309595:GSM9270021	tissue_free_text	Blood	file	raw/fp-53430067aac0/GSE309595_family.soft.gz		!Sample_characteristics_ch1 = tissue: Blood	True
GSM9270021	geo:GSE309595:GSM9270021	tissue_type	tissue	file	raw/fp-53430067aac0/GSE309595_family.soft.gz		!Sample_characteristics_ch1 = tissue: Blood	True
GSM9270021	geo:GSE309595:GSM9270021	tissue_type	tissue	file	raw/fp-53430067aac0/GSE309595_family.soft.gz		!Sample_characteristics_ch1 = cell type: PBMC	True
GSM9270021	geo:GSE309595:GSM9270021	suspension_type	cell	file	raw/fp-53430067aac0/GSE309595_family.soft.gz		single cell gene expression assay with Cell Hashing	True
GSM9270021	geo:GSE309595:GSM9270021	suspension_type	cell	file	raw/fp-53430067aac0/GSE309595_family.soft.gz		PBMCs were removed from liquid nitrogen and rapidly thawed in a 37	True
GSM9270021	geo:GSE309595:GSM9270021	gene_annotation_version	Ensembl v93	file	raw/fp-53430067aac0/GSE309595_family.soft.gz		refdata-cellranger-GRCh38-3.0.0; based on the GRCh38 genome reference and Ensembl v93 transcriptome annotations	True
GSM9270021	geo:GSE309595:GSM9270021	assay	10x 3' transcription profiling	file	raw/fp-53430067aac0/GSE309595_family.soft.gz		scRNAseq libraries were generated using a modified 10x genomics chromium 3′ single cell gene expression assay with Cell Hashing.	True
GSM9270021	geo:GSE309595:GSM9270021	self_reported_ethnicity	Caucasian	file	raw/fp-53430067aac0/GSE309595_family.soft.gz		!Sample_characteristics_ch1 = race: Caucasian	True
GSM9270021	geo:GSE309595:GSM9270021	disease_free_text	multiple myeloma	file	raw/fp-53430067aac0/GSE309595_family.soft.gz		Multiple myeloma (MM) is a hematological malignancy characterized by an expansion of malignant plasma cells in the bone marrow.	True
GSM9270021	geo:GSE309595:GSM9270021	disease_free_text	multiple myeloma	file	raw/fp-53430067aac0/GSE309595_family.soft.gz		!Sample_characteristics_ch1 = subject id: FH1017	True
GSM9270021	geo:GSE309595:GSM9270021	disease_free_text	multiple myeloma	file	raw/fp-53430067aac0/GSE309595_family.soft.gz		!Sample_characteristics_ch1 = visit: Flu Year 2 Stand-Alone	True
GSM9270021	geo:GSE309595:GSM9270021	disease_free_text	multiple myeloma	file	raw/fp-53430067aac0/GSE309595_family.soft.gz		!Sample_title = PB02697-001 MM End Induction 1st Draw	True
GSM9270021	geo:GSE309595:GSM9270021	disease_free_text	multiple myeloma	file	raw/fp-53430067aac0/GSE309595_family.soft.gz		!Sample_characteristics_ch1 = visit: MM End Induction 1st Draw	True
GSM9270021	geo:GSE309595:GSM9270021	disease_free_text	multiple myeloma	file	raw/fp-53430067aac0/GSE309595_family.soft.gz		This cohort was also followed for the flu vaccine perturbation and blood samples were collected at 0, 7, and 90 days post-vaccination during two consecutive flu years.	True
GSM9270021	geo:GSE309595:GSM9270021	disease_free_text	multiple myeloma	file	raw/fp-53430067aac0/GSE309595_family.soft.gz		A cohort of patients aged 30 and older with newly diagnosed MM requiring systemic therapy was enrolled in Seattle, WA	True
GSM9270022	geo:GSE309595:GSM9270022	donor_id	FH1014	file	raw/fp-53430067aac0/GSE309595_family.soft.gz		!Sample_characteristics_ch1 = subject id: FH1014	True
GSM9270022	geo:GSE309595:GSM9270022	sex	male	file	raw/fp-53430067aac0/GSE309595_family.soft.gz		!Sample_characteristics_ch1 = Sex: Male	True
GSM9270022	geo:GSE309595:GSM9270022	tissue_free_text	Blood	file	raw/fp-53430067aac0/GSE309595_family.soft.gz		!Sample_characteristics_ch1 = tissue: Blood	True
GSM9270022	geo:GSE309595:GSM9270022	tissue_type	tissue	file	raw/fp-53430067aac0/GSE309595_family.soft.gz		!Sample_characteristics_ch1 = tissue: Blood	True
GSM9270022	geo:GSE309595:GSM9270022	tissue_type	tissue	file	raw/fp-53430067aac0/GSE309595_family.soft.gz		!Sample_characteristics_ch1 = cell type: PBMC	True
GSM9270022	geo:GSE309595:GSM9270022	suspension_type	cell	file	raw/fp-53430067aac0/GSE309595_family.soft.gz		single cell gene expression assay with Cell Hashing	True
GSM9270022	geo:GSE309595:GSM9270022	suspension_type	cell	file	raw/fp-53430067aac0/GSE309595_family.soft.gz		PBMCs were removed from liquid nitrogen and rapidly thawed in a 37	True
GSM9270022	geo:GSE309595:GSM9270022	gene_annotation_version	Ensembl v93	file	raw/fp-53430067aac0/GSE309595_family.soft.gz		refdata-cellranger-GRCh38-3.0.0; based on the GRCh38 genome reference and Ensembl v93 transcriptome annotations	True
GSM9270022	geo:GSE309595:GSM9270022	assay	10x 3' transcription profiling	file	raw/fp-53430067aac0/GSE309595_family.soft.gz		scRNAseq libraries were generated using a modified 10x genomics chromium 3′ single cell gene expression assay with Cell Hashing.	True
GSM9270022	geo:GSE309595:GSM9270022	self_reported_ethnicity	Caucasian	file	raw/fp-53430067aac0/GSE309595_family.soft.gz		!Sample_characteristics_ch1 = race: Caucasian	True
GSM9270022	geo:GSE309595:GSM9270022	disease_free_text	multiple myeloma	file	raw/fp-53430067aac0/GSE309595_family.soft.gz		Multiple myeloma (MM) is a hematological malignancy characterized by an expansion of malignant plasma cells in the bone marrow.	True
GSM9270022	geo:GSE309595:GSM9270022	disease_free_text	multiple myeloma	file	raw/fp-53430067aac0/GSE309595_family.soft.gz		!Sample_characteristics_ch1 = subject id: FH1014	True
GSM9270022	geo:GSE309595:GSM9270022	disease_free_text	multiple myeloma	file	raw/fp-53430067aac0/GSE309595_family.soft.gz		!Sample_characteristics_ch1 = visit: Flu Year 2 Stand-Alone	True
GSM9270022	geo:GSE309595:GSM9270022	disease_free_text	multiple myeloma	file	raw/fp-53430067aac0/GSE309595_family.soft.gz		!Sample_title = PB02686-005 MM Post Transplant 60 Days	True
GSM9270022	geo:GSE309595:GSM9270022	disease_free_text	multiple myeloma	file	raw/fp-53430067aac0/GSE309595_family.soft.gz		!Sample_characteristics_ch1 = visit: MM Post Transplant 60 Days	True
GSM9270022	geo:GSE309595:GSM9270022	disease_free_text	multiple myeloma	file	raw/fp-53430067aac0/GSE309595_family.soft.gz		This cohort was also followed for the flu vaccine perturbation and blood samples were collected at 0, 7, and 90 days post-vaccination during two consecutive flu years.	True
GSM9270022	geo:GSE309595:GSM9270022	disease_free_text	multiple myeloma	file	raw/fp-53430067aac0/GSE309595_family.soft.gz		A cohort of patients aged 30 and older with newly diagnosed MM requiring systemic therapy was enrolled in Seattle, WA	True
GSM9270023	geo:GSE309595:GSM9270023	donor_id	FH1014	file	raw/fp-53430067aac0/GSE309595_family.soft.gz		!Sample_characteristics_ch1 = subject id: FH1014	True
GSM9270023	geo:GSE309595:GSM9270023	sex	male	file	raw/fp-53430067aac0/GSE309595_family.soft.gz		!Sample_characteristics_ch1 = Sex: Male	True
GSM9270023	geo:GSE309595:GSM9270023	tissue_free_text	Blood	file	raw/fp-53430067aac0/GSE309595_family.soft.gz		!Sample_characteristics_ch1 = tissue: Blood	True
GSM9270023	geo:GSE309595:GSM9270023	tissue_type	tissue	file	raw/fp-53430067aac0/GSE309595_family.soft.gz		!Sample_characteristics_ch1 = tissue: Blood	True
GSM9270023	geo:GSE309595:GSM9270023	tissue_type	tissue	file	raw/fp-53430067aac0/GSE309595_family.soft.gz		!Sample_characteristics_ch1 = cell type: PBMC	True
GSM9270023	geo:GSE309595:GSM9270023	suspension_type	cell	file	raw/fp-53430067aac0/GSE309595_family.soft.gz		single cell gene expression assay with Cell Hashing	True
GSM9270023	geo:GSE309595:GSM9270023	suspension_type	cell	file	raw/fp-53430067aac0/GSE309595_family.soft.gz		PBMCs were removed from liquid nitrogen and rapidly thawed in a 37	True
GSM9270023	geo:GSE309595:GSM9270023	gene_annotation_version	Ensembl v93	file	raw/fp-53430067aac0/GSE309595_family.soft.gz		refdata-cellranger-GRCh38-3.0.0; based on the GRCh38 genome reference and Ensembl v93 transcriptome annotations	True
GSM9270023	geo:GSE309595:GSM9270023	assay	10x 3' transcription profiling	file	raw/fp-53430067aac0/GSE309595_family.soft.gz		scRNAseq libraries were generated using a modified 10x genomics chromium 3′ single cell gene expression assay with Cell Hashing.	True
GSM9270023	geo:GSE309595:GSM9270023	self_reported_ethnicity	Caucasian	file	raw/fp-53430067aac0/GSE309595_family.soft.gz		!Sample_characteristics_ch1 = race: Caucasian	True
GSM9270023	geo:GSE309595:GSM9270023	disease_free_text	multiple myeloma	file	raw/fp-53430067aac0/GSE309595_family.soft.gz		Multiple myeloma (MM) is a hematological malignancy characterized by an expansion of malignant plasma cells in the bone marrow.	True
GSM9270023	geo:GSE309595:GSM9270023	disease_free_text	multiple myeloma	file	raw/fp-53430067aac0/GSE309595_family.soft.gz		!Sample_characteristics_ch1 = subject id: FH1014	True
GSM9270023	geo:GSE309595:GSM9270023	disease_free_text	multiple myeloma	file	raw/fp-53430067aac0/GSE309595_family.soft.gz		!Sample_characteristics_ch1 = visit: Flu Year 2 Day 0	True
GSM9270023	geo:GSE309595:GSM9270023	disease_free_text	multiple myeloma	file	raw/fp-53430067aac0/GSE309595_family.soft.gz		!Sample_title = PB02686-005 MM Post Transplant 60 Days	True
GSM9270023	geo:GSE309595:GSM9270023	disease_free_text	multiple myeloma	file	raw/fp-53430067aac0/GSE309595_family.soft.gz		!Sample_characteristics_ch1 = visit: MM Post Transplant 60 Days	True
GSM9270023	geo:GSE309595:GSM9270023	disease_free_text	multiple myeloma	file	raw/fp-53430067aac0/GSE309595_family.soft.gz		This cohort was also followed for the flu vaccine perturbation and blood samples were collected at 0, 7, and 90 days post-vaccination during two consecutive flu years.	True
GSM9270023	geo:GSE309595:GSM9270023	disease_free_text	multiple myeloma	file	raw/fp-53430067aac0/GSE309595_family.soft.gz		A cohort of patients aged 30 and older with newly diagnosed MM requiring systemic therapy was enrolled in Seattle, WA	True
GSM9270024	geo:GSE309595:GSM9270024	donor_id	FH1017	file	raw/fp-53430067aac0/GSE309595_family.soft.gz		!Sample_characteristics_ch1 = subject id: FH1017	True
GSM9270024	geo:GSE309595:GSM9270024	sex	female	file	raw/fp-53430067aac0/GSE309595_family.soft.gz		!Sample_characteristics_ch1 = Sex: Female	True
GSM9270024	geo:GSE309595:GSM9270024	tissue_free_text	Blood	file	raw/fp-53430067aac0/GSE309595_family.soft.gz		!Sample_characteristics_ch1 = tissue: Blood	True
GSM9270024	geo:GSE309595:GSM9270024	tissue_type	tissue	file	raw/fp-53430067aac0/GSE309595_family.soft.gz		!Sample_characteristics_ch1 = tissue: Blood	True
GSM9270024	geo:GSE309595:GSM9270024	tissue_type	tissue	file	raw/fp-53430067aac0/GSE309595_family.soft.gz		!Sample_characteristics_ch1 = cell type: PBMC	True
GSM9270024	geo:GSE309595:GSM9270024	suspension_type	cell	file	raw/fp-53430067aac0/GSE309595_family.soft.gz		single cell gene expression assay with Cell Hashing	True
GSM9270024	geo:GSE309595:GSM9270024	suspension_type	cell	file	raw/fp-53430067aac0/GSE309595_family.soft.gz		PBMCs were removed from liquid nitrogen and rapidly thawed in a 37	True
GSM9270024	geo:GSE309595:GSM9270024	gene_annotation_version	Ensembl v93	file	raw/fp-53430067aac0/GSE309595_family.soft.gz		refdata-cellranger-GRCh38-3.0.0; based on the GRCh38 genome reference and Ensembl v93 transcriptome annotations	True
GSM9270024	geo:GSE309595:GSM9270024	assay	10x 3' transcription profiling	file	raw/fp-53430067aac0/GSE309595_family.soft.gz		scRNAseq libraries were generated using a modified 10x genomics chromium 3′ single cell gene expression assay with Cell Hashing.	True
GSM9270024	geo:GSE309595:GSM9270024	self_reported_ethnicity	Caucasian	file	raw/fp-53430067aac0/GSE309595_family.soft.gz		!Sample_characteristics_ch1 = race: Caucasian	True
GSM9270024	geo:GSE309595:GSM9270024	disease_free_text	multiple myeloma	file	raw/fp-53430067aac0/GSE309595_family.soft.gz		Multiple myeloma (MM) is a hematological malignancy characterized by an expansion of malignant plasma cells in the bone marrow.	True
GSM9270024	geo:GSE309595:GSM9270024	disease_free_text	multiple myeloma	file	raw/fp-53430067aac0/GSE309595_family.soft.gz		!Sample_characteristics_ch1 = subject id: FH1017	True
GSM9270024	geo:GSE309595:GSM9270024	disease_free_text	multiple myeloma	file	raw/fp-53430067aac0/GSE309595_family.soft.gz		!Sample_characteristics_ch1 = visit: Flu Year 2 Day 0	True
GSM9270024	geo:GSE309595:GSM9270024	disease_free_text	multiple myeloma	file	raw/fp-53430067aac0/GSE309595_family.soft.gz		!Sample_title = PB02697-001 MM End Induction 1st Draw	True
GSM9270024	geo:GSE309595:GSM9270024	disease_free_text	multiple myeloma	file	raw/fp-53430067aac0/GSE309595_family.soft.gz		!Sample_characteristics_ch1 = visit: MM End Induction 1st Draw	True
GSM9270024	geo:GSE309595:GSM9270024	disease_free_text	multiple myeloma	file	raw/fp-53430067aac0/GSE309595_family.soft.gz		This cohort was also followed for the flu vaccine perturbation and blood samples were collected at 0, 7, and 90 days post-vaccination during two consecutive flu years.	True
GSM9270024	geo:GSE309595:GSM9270024	disease_free_text	multiple myeloma	file	raw/fp-53430067aac0/GSE309595_family.soft.gz		A cohort of patients aged 30 and older with newly diagnosed MM requiring systemic therapy was enrolled in Seattle, WA	True
GSM9270025	geo:GSE309595:GSM9270025	donor_id	FH1017	file	raw/fp-53430067aac0/GSE309595_family.soft.gz		!Sample_characteristics_ch1 = subject id: FH1017	True
GSM9270025	geo:GSE309595:GSM9270025	sex	female	file	raw/fp-53430067aac0/GSE309595_family.soft.gz		!Sample_characteristics_ch1 = Sex: Female	True
GSM9270025	geo:GSE309595:GSM9270025	tissue_free_text	Blood	file	raw/fp-53430067aac0/GSE309595_family.soft.gz		!Sample_characteristics_ch1 = tissue: Blood	True
GSM9270025	geo:GSE309595:GSM9270025	tissue_type	tissue	file	raw/fp-53430067aac0/GSE309595_family.soft.gz		!Sample_characteristics_ch1 = tissue: Blood	True
GSM9270025	geo:GSE309595:GSM9270025	tissue_type	tissue	file	raw/fp-53430067aac0/GSE309595_family.soft.gz		!Sample_characteristics_ch1 = cell type: PBMC	True
GSM9270025	geo:GSE309595:GSM9270025	suspension_type	cell	file	raw/fp-53430067aac0/GSE309595_family.soft.gz		single cell gene expression assay with Cell Hashing	True
GSM9270025	geo:GSE309595:GSM9270025	suspension_type	cell	file	raw/fp-53430067aac0/GSE309595_family.soft.gz		PBMCs were removed from liquid nitrogen and rapidly thawed in a 37	True
GSM9270025	geo:GSE309595:GSM9270025	gene_annotation_version	Ensembl v93	file	raw/fp-53430067aac0/GSE309595_family.soft.gz		refdata-cellranger-GRCh38-3.0.0; based on the GRCh38 genome reference and Ensembl v93 transcriptome annotations	True
GSM9270025	geo:GSE309595:GSM9270025	assay	10x 3' transcription profiling	file	raw/fp-53430067aac0/GSE309595_family.soft.gz		scRNAseq libraries were generated using a modified 10x genomics chromium 3′ single cell gene expression assay with Cell Hashing.	True
GSM9270025	geo:GSE309595:GSM9270025	self_reported_ethnicity	Caucasian	file	raw/fp-53430067aac0/GSE309595_family.soft.gz		!Sample_characteristics_ch1 = race: Caucasian	True
GSM9270025	geo:GSE309595:GSM9270025	disease_free_text	multiple myeloma	file	raw/fp-53430067aac0/GSE309595_family.soft.gz		Multiple myeloma (MM) is a hematological malignancy characterized by an expansion of malignant plasma cells in the bone marrow.	True
GSM9270025	geo:GSE309595:GSM9270025	disease_free_text	multiple myeloma	file	raw/fp-53430067aac0/GSE309595_family.soft.gz		!Sample_characteristics_ch1 = subject id: FH1017	True
GSM9270025	geo:GSE309595:GSM9270025	disease_free_text	multiple myeloma	file	raw/fp-53430067aac0/GSE309595_family.soft.gz		!Sample_characteristics_ch1 = visit: Flu Year 2 Day 7	True
GSM9270025	geo:GSE309595:GSM9270025	disease_free_text	multiple myeloma	file	raw/fp-53430067aac0/GSE309595_family.soft.gz		!Sample_title = PB02697-001 MM End Induction 1st Draw	True
GSM9270025	geo:GSE309595:GSM9270025	disease_free_text	multiple myeloma	file	raw/fp-53430067aac0/GSE309595_family.soft.gz		!Sample_characteristics_ch1 = visit: MM End Induction 1st Draw	True
GSM9270025	geo:GSE309595:GSM9270025	disease_free_text	multiple myeloma	file	raw/fp-53430067aac0/GSE309595_family.soft.gz		This cohort was also followed for the flu vaccine perturbation and blood samples were collected at 0, 7, and 90 days post-vaccination during two consecutive flu years.	True
GSM9270025	geo:GSE309595:GSM9270025	disease_free_text	multiple myeloma	file	raw/fp-53430067aac0/GSE309595_family.soft.gz		A cohort of patients aged 30 and older with newly diagnosed MM requiring systemic therapy was enrolled in Seattle, WA	True
GSM9270026	geo:GSE309595:GSM9270026	donor_id	FH1021	file	raw/fp-53430067aac0/GSE309595_family.soft.gz		!Sample_characteristics_ch1 = subject id: FH1021	True
GSM9270026	geo:GSE309595:GSM9270026	sex	female	file	raw/fp-53430067aac0/GSE309595_family.soft.gz		!Sample_characteristics_ch1 = Sex: Female	True
GSM9270026	geo:GSE309595:GSM9270026	tissue_free_text	Blood	file	raw/fp-53430067aac0/GSE309595_family.soft.gz		!Sample_characteristics_ch1 = tissue: Blood	True
GSM9270026	geo:GSE309595:GSM9270026	tissue_type	tissue	file	raw/fp-53430067aac0/GSE309595_family.soft.gz		!Sample_characteristics_ch1 = tissue: Blood	True
GSM9270026	geo:GSE309595:GSM9270026	tissue_type	tissue	file	raw/fp-53430067aac0/GSE309595_family.soft.gz		!Sample_characteristics_ch1 = cell type: PBMC	True
GSM9270026	geo:GSE309595:GSM9270026	suspension_type	cell	file	raw/fp-53430067aac0/GSE309595_family.soft.gz		single cell gene expression assay with Cell Hashing	True
GSM9270026	geo:GSE309595:GSM9270026	suspension_type	cell	file	raw/fp-53430067aac0/GSE309595_family.soft.gz		PBMCs were removed from liquid nitrogen and rapidly thawed in a 37	True
GSM9270026	geo:GSE309595:GSM9270026	gene_annotation_version	Ensembl v93	file	raw/fp-53430067aac0/GSE309595_family.soft.gz		refdata-cellranger-GRCh38-3.0.0; based on the GRCh38 genome reference and Ensembl v93 transcriptome annotations	True
GSM9270026	geo:GSE309595:GSM9270026	assay	10x 3' transcription profiling	file	raw/fp-53430067aac0/GSE309595_family.soft.gz		scRNAseq libraries were generated using a modified 10x genomics chromium 3′ single cell gene expression assay with Cell Hashing.	True
GSM9270026	geo:GSE309595:GSM9270026	self_reported_ethnicity	Caucasian	file	raw/fp-53430067aac0/GSE309595_family.soft.gz		!Sample_characteristics_ch1 = race: Caucasian	True
GSM9270026	geo:GSE309595:GSM9270026	disease_free_text	multiple myeloma	file	raw/fp-53430067aac0/GSE309595_family.soft.gz		Multiple myeloma (MM) is a hematological malignancy characterized by an expansion of malignant plasma cells in the bone marrow.	True
GSM9270026	geo:GSE309595:GSM9270026	disease_free_text	multiple myeloma	file	raw/fp-53430067aac0/GSE309595_family.soft.gz		!Sample_characteristics_ch1 = subject id: FH1021	True
GSM9270026	geo:GSE309595:GSM9270026	disease_free_text	multiple myeloma	file	raw/fp-53430067aac0/GSE309595_family.soft.gz		!Sample_characteristics_ch1 = visit: Flu Year 1 Day 90	True
GSM9270026	geo:GSE309595:GSM9270026	disease_free_text	multiple myeloma	file	raw/fp-53430067aac0/GSE309595_family.soft.gz		!Sample_title = PB02728-001 MM Pre-Treatment	True
GSM9270026	geo:GSE309595:GSM9270026	disease_free_text	multiple myeloma	file	raw/fp-53430067aac0/GSE309595_family.soft.gz		!Sample_characteristics_ch1 = visit: MM Pre-Treatment	True
GSM9270026	geo:GSE309595:GSM9270026	disease_free_text	multiple myeloma	file	raw/fp-53430067aac0/GSE309595_family.soft.gz		This cohort was also followed for the flu vaccine perturbation and blood samples were collected at 0, 7, and 90 days post-vaccination during two consecutive flu years.	True
GSM9270026	geo:GSE309595:GSM9270026	disease_free_text	multiple myeloma	file	raw/fp-53430067aac0/GSE309595_family.soft.gz		A cohort of patients aged 30 and older with newly diagnosed MM requiring systemic therapy was enrolled in Seattle, WA	True
GSM9270027	geo:GSE309595:GSM9270027	donor_id	FH1022	file	raw/fp-53430067aac0/GSE309595_family.soft.gz		!Sample_characteristics_ch1 = subject id: FH1022	True
GSM9270027	geo:GSE309595:GSM9270027	sex	male	file	raw/fp-53430067aac0/GSE309595_family.soft.gz		!Sample_characteristics_ch1 = Sex: Male	True
GSM9270027	geo:GSE309595:GSM9270027	tissue_free_text	Blood	file	raw/fp-53430067aac0/GSE309595_family.soft.gz		!Sample_characteristics_ch1 = tissue: Blood	True
GSM9270027	geo:GSE309595:GSM9270027	tissue_type	tissue	file	raw/fp-53430067aac0/GSE309595_family.soft.gz		!Sample_characteristics_ch1 = tissue: Blood	True
GSM9270027	geo:GSE309595:GSM9270027	tissue_type	tissue	file	raw/fp-53430067aac0/GSE309595_family.soft.gz		!Sample_characteristics_ch1 = cell type: PBMC	True
GSM9270027	geo:GSE309595:GSM9270027	suspension_type	cell	file	raw/fp-53430067aac0/GSE309595_family.soft.gz		single cell gene expression assay with Cell Hashing	True
GSM9270027	geo:GSE309595:GSM9270027	suspension_type	cell	file	raw/fp-53430067aac0/GSE309595_family.soft.gz		PBMCs were removed from liquid nitrogen and rapidly thawed in a 37	True
GSM9270027	geo:GSE309595:GSM9270027	gene_annotation_version	Ensembl v93	file	raw/fp-53430067aac0/GSE309595_family.soft.gz		refdata-cellranger-GRCh38-3.0.0; based on the GRCh38 genome reference and Ensembl v93 transcriptome annotations	True
GSM9270027	geo:GSE309595:GSM9270027	assay	10x 3' transcription profiling	file	raw/fp-53430067aac0/GSE309595_family.soft.gz		scRNAseq libraries were generated using a modified 10x genomics chromium 3′ single cell gene expression assay with Cell Hashing.	True
GSM9270027	geo:GSE309595:GSM9270027	disease_free_text	multiple myeloma	file	raw/fp-53430067aac0/GSE309595_family.soft.gz		Multiple myeloma (MM) is a hematological malignancy characterized by an expansion of malignant plasma cells in the bone marrow.	True
GSM9270027	geo:GSE309595:GSM9270027	disease_free_text	multiple myeloma	file	raw/fp-53430067aac0/GSE309595_family.soft.gz		!Sample_characteristics_ch1 = subject id: FH1022	True
GSM9270027	geo:GSE309595:GSM9270027	disease_free_text	multiple myeloma	file	raw/fp-53430067aac0/GSE309595_family.soft.gz		!Sample_characteristics_ch1 = visit: Flu Year 1 Day 0	True
GSM9270027	geo:GSE309595:GSM9270027	disease_free_text	multiple myeloma	file	raw/fp-53430067aac0/GSE309595_family.soft.gz		!Sample_title = PB02739-001-004 MM Post Induction 2-Cycles	True
GSM9270027	geo:GSE309595:GSM9270027	disease_free_text	multiple myeloma	file	raw/fp-53430067aac0/GSE309595_family.soft.gz		!Sample_characteristics_ch1 = visit: MM Post Induction 2-Cycles	True
GSM9270027	geo:GSE309595:GSM9270027	disease_free_text	multiple myeloma	file	raw/fp-53430067aac0/GSE309595_family.soft.gz		This cohort was also followed for the flu vaccine perturbation and blood samples were collected at 0, 7, and 90 days post-vaccination during two consecutive flu years.	True
GSM9270027	geo:GSE309595:GSM9270027	disease_free_text	multiple myeloma	file	raw/fp-53430067aac0/GSE309595_family.soft.gz		A cohort of patients aged 30 and older with newly diagnosed MM requiring systemic therapy was enrolled in Seattle, WA	True
GSM9270028	geo:GSE309595:GSM9270028	donor_id	FH1027	file	raw/fp-53430067aac0/GSE309595_family.soft.gz		!Sample_characteristics_ch1 = subject id: FH1027	True
GSM9270028	geo:GSE309595:GSM9270028	sex	male	file	raw/fp-53430067aac0/GSE309595_family.soft.gz		!Sample_characteristics_ch1 = Sex: Male	True
GSM9270028	geo:GSE309595:GSM9270028	tissue_free_text	Blood	file	raw/fp-53430067aac0/GSE309595_family.soft.gz		!Sample_characteristics_ch1 = tissue: Blood	True
GSM9270028	geo:GSE309595:GSM9270028	tissue_type	tissue	file	raw/fp-53430067aac0/GSE309595_family.soft.gz		!Sample_characteristics_ch1 = tissue: Blood	True
GSM9270028	geo:GSE309595:GSM9270028	tissue_type	tissue	file	raw/fp-53430067aac0/GSE309595_family.soft.gz		!Sample_characteristics_ch1 = cell type: PBMC	True
GSM9270028	geo:GSE309595:GSM9270028	suspension_type	cell	file	raw/fp-53430067aac0/GSE309595_family.soft.gz		single cell gene expression assay with Cell Hashing	True
GSM9270028	geo:GSE309595:GSM9270028	suspension_type	cell	file	raw/fp-53430067aac0/GSE309595_family.soft.gz		PBMCs were removed from liquid nitrogen and rapidly thawed in a 37	True
GSM9270028	geo:GSE309595:GSM9270028	gene_annotation_version	Ensembl v93	file	raw/fp-53430067aac0/GSE309595_family.soft.gz		refdata-cellranger-GRCh38-3.0.0; based on the GRCh38 genome reference and Ensembl v93 transcriptome annotations	True
GSM9270028	geo:GSE309595:GSM9270028	assay	10x 3' transcription profiling	file	raw/fp-53430067aac0/GSE309595_family.soft.gz		scRNAseq libraries were generated using a modified 10x genomics chromium 3′ single cell gene expression assay with Cell Hashing.	True
GSM9270028	geo:GSE309595:GSM9270028	self_reported_ethnicity	Caucasian	file	raw/fp-53430067aac0/GSE309595_family.soft.gz		!Sample_characteristics_ch1 = race: Caucasian	True
GSM9270028	geo:GSE309595:GSM9270028	disease_free_text	multiple myeloma	file	raw/fp-53430067aac0/GSE309595_family.soft.gz		Multiple myeloma (MM) is a hematological malignancy characterized by an expansion of malignant plasma cells in the bone marrow.	True
GSM9270028	geo:GSE309595:GSM9270028	disease_free_text	multiple myeloma	file	raw/fp-53430067aac0/GSE309595_family.soft.gz		!Sample_characteristics_ch1 = subject id: FH1027	True
GSM9270028	geo:GSE309595:GSM9270028	disease_free_text	multiple myeloma	file	raw/fp-53430067aac0/GSE309595_family.soft.gz		!Sample_characteristics_ch1 = visit: MM Post Transplant 60 Days	True
GSM9270028	geo:GSE309595:GSM9270028	disease_free_text	multiple myeloma	file	raw/fp-53430067aac0/GSE309595_family.soft.gz		A cohort of patients aged 30 and older with newly diagnosed MM requiring systemic therapy was enrolled in Seattle, WA	True
GSM9270029	geo:GSE309595:GSM9270029	donor_id	FH1018	file	raw/fp-53430067aac0/GSE309595_family.soft.gz		!Sample_characteristics_ch1 = subject id: FH1018	True
GSM9270029	geo:GSE309595:GSM9270029	sex	male	file	raw/fp-53430067aac0/GSE309595_family.soft.gz		!Sample_characteristics_ch1 = Sex: Male	True
GSM9270029	geo:GSE309595:GSM9270029	tissue_free_text	Blood	file	raw/fp-53430067aac0/GSE309595_family.soft.gz		!Sample_characteristics_ch1 = tissue: Blood	True
GSM9270029	geo:GSE309595:GSM9270029	tissue_type	tissue	file	raw/fp-53430067aac0/GSE309595_family.soft.gz		!Sample_characteristics_ch1 = tissue: Blood	True
GSM9270029	geo:GSE309595:GSM9270029	tissue_type	tissue	file	raw/fp-53430067aac0/GSE309595_family.soft.gz		!Sample_characteristics_ch1 = cell type: PBMC	True
GSM9270029	geo:GSE309595:GSM9270029	suspension_type	cell	file	raw/fp-53430067aac0/GSE309595_family.soft.gz		single cell gene expression assay with Cell Hashing	True
GSM9270029	geo:GSE309595:GSM9270029	suspension_type	cell	file	raw/fp-53430067aac0/GSE309595_family.soft.gz		PBMCs were removed from liquid nitrogen and rapidly thawed in a 37	True
GSM9270029	geo:GSE309595:GSM9270029	gene_annotation_version	Ensembl v93	file	raw/fp-53430067aac0/GSE309595_family.soft.gz		refdata-cellranger-GRCh38-3.0.0; based on the GRCh38 genome reference and Ensembl v93 transcriptome annotations	True
GSM9270029	geo:GSE309595:GSM9270029	assay	10x 3' transcription profiling	file	raw/fp-53430067aac0/GSE309595_family.soft.gz		scRNAseq libraries were generated using a modified 10x genomics chromium 3′ single cell gene expression assay with Cell Hashing.	True
GSM9270029	geo:GSE309595:GSM9270029	self_reported_ethnicity	Caucasian	file	raw/fp-53430067aac0/GSE309595_family.soft.gz		!Sample_characteristics_ch1 = race: Caucasian	True
GSM9270029	geo:GSE309595:GSM9270029	disease_free_text	multiple myeloma	file	raw/fp-53430067aac0/GSE309595_family.soft.gz		Multiple myeloma (MM) is a hematological malignancy characterized by an expansion of malignant plasma cells in the bone marrow.	True
GSM9270029	geo:GSE309595:GSM9270029	disease_free_text	multiple myeloma	file	raw/fp-53430067aac0/GSE309595_family.soft.gz		!Sample_characteristics_ch1 = subject id: FH1018	True
GSM9270029	geo:GSE309595:GSM9270029	disease_free_text	multiple myeloma	file	raw/fp-53430067aac0/GSE309595_family.soft.gz		!Sample_characteristics_ch1 = visit: MM Post Transplant 2 year	True
GSM9270029	geo:GSE309595:GSM9270029	disease_free_text	multiple myeloma	file	raw/fp-53430067aac0/GSE309595_family.soft.gz		A cohort of patients aged 30 and older with newly diagnosed MM requiring systemic therapy was enrolled in Seattle, WA	True
GSM9270030	geo:GSE309595:GSM9270030	donor_id	FH1003	file	raw/fp-53430067aac0/GSE309595_family.soft.gz		!Sample_characteristics_ch1 = subject id: FH1003	True
GSM9270030	geo:GSE309595:GSM9270030	sex	male	file	raw/fp-53430067aac0/GSE309595_family.soft.gz		!Sample_characteristics_ch1 = Sex: Male	True
GSM9270030	geo:GSE309595:GSM9270030	tissue_free_text	Blood	file	raw/fp-53430067aac0/GSE309595_family.soft.gz		!Sample_characteristics_ch1 = tissue: Blood	True
GSM9270030	geo:GSE309595:GSM9270030	tissue_type	tissue	file	raw/fp-53430067aac0/GSE309595_family.soft.gz		!Sample_characteristics_ch1 = tissue: Blood	True
GSM9270030	geo:GSE309595:GSM9270030	tissue_type	tissue	file	raw/fp-53430067aac0/GSE309595_family.soft.gz		!Sample_characteristics_ch1 = cell type: PBMC	True
GSM9270030	geo:GSE309595:GSM9270030	suspension_type	cell	file	raw/fp-53430067aac0/GSE309595_family.soft.gz		single cell gene expression assay with Cell Hashing	True
GSM9270030	geo:GSE309595:GSM9270030	suspension_type	cell	file	raw/fp-53430067aac0/GSE309595_family.soft.gz		PBMCs were removed from liquid nitrogen and rapidly thawed in a 37	True
GSM9270030	geo:GSE309595:GSM9270030	gene_annotation_version	Ensembl v93	file	raw/fp-53430067aac0/GSE309595_family.soft.gz		refdata-cellranger-GRCh38-3.0.0; based on the GRCh38 genome reference and Ensembl v93 transcriptome annotations	True
GSM9270030	geo:GSE309595:GSM9270030	assay	10x 3' transcription profiling	file	raw/fp-53430067aac0/GSE309595_family.soft.gz		scRNAseq libraries were generated using a modified 10x genomics chromium 3′ single cell gene expression assay with Cell Hashing.	True
GSM9270030	geo:GSE309595:GSM9270030	self_reported_ethnicity	Caucasian	file	raw/fp-53430067aac0/GSE309595_family.soft.gz		!Sample_characteristics_ch1 = race: Caucasian	True
GSM9270030	geo:GSE309595:GSM9270030	disease_free_text	multiple myeloma	file	raw/fp-53430067aac0/GSE309595_family.soft.gz		Multiple myeloma (MM) is a hematological malignancy characterized by an expansion of malignant plasma cells in the bone marrow.	True
GSM9270030	geo:GSE309595:GSM9270030	disease_free_text	multiple myeloma	file	raw/fp-53430067aac0/GSE309595_family.soft.gz		!Sample_characteristics_ch1 = subject id: FH1003	True
GSM9270030	geo:GSE309595:GSM9270030	disease_free_text	multiple myeloma	file	raw/fp-53430067aac0/GSE309595_family.soft.gz		!Sample_characteristics_ch1 = visit: MM Pre-Treatment	True
GSM9270030	geo:GSE309595:GSM9270030	disease_free_text	multiple myeloma	file	raw/fp-53430067aac0/GSE309595_family.soft.gz		A cohort of patients aged 30 and older with newly diagnosed MM requiring systemic therapy was enrolled in Seattle, WA	True
GSM9270031	geo:GSE309595:GSM9270031	donor_id	FH1004	file	raw/fp-53430067aac0/GSE309595_family.soft.gz		!Sample_characteristics_ch1 = subject id: FH1004	True
GSM9270031	geo:GSE309595:GSM9270031	sex	male	file	raw/fp-53430067aac0/GSE309595_family.soft.gz		!Sample_characteristics_ch1 = Sex: Male	True
GSM9270031	geo:GSE309595:GSM9270031	tissue_free_text	Blood	file	raw/fp-53430067aac0/GSE309595_family.soft.gz		!Sample_characteristics_ch1 = tissue: Blood	True
GSM9270031	geo:GSE309595:GSM9270031	tissue_type	tissue	file	raw/fp-53430067aac0/GSE309595_family.soft.gz		!Sample_characteristics_ch1 = tissue: Blood	True
GSM9270031	geo:GSE309595:GSM9270031	tissue_type	tissue	file	raw/fp-53430067aac0/GSE309595_family.soft.gz		!Sample_characteristics_ch1 = cell type: PBMC	True
GSM9270031	geo:GSE309595:GSM9270031	suspension_type	cell	file	raw/fp-53430067aac0/GSE309595_family.soft.gz		single cell gene expression assay with Cell Hashing	True
GSM9270031	geo:GSE309595:GSM9270031	suspension_type	cell	file	raw/fp-53430067aac0/GSE309595_family.soft.gz		PBMCs were removed from liquid nitrogen and rapidly thawed in a 37	True
GSM9270031	geo:GSE309595:GSM9270031	gene_annotation_version	Ensembl v93	file	raw/fp-53430067aac0/GSE309595_family.soft.gz		refdata-cellranger-GRCh38-3.0.0; based on the GRCh38 genome reference and Ensembl v93 transcriptome annotations	True
GSM9270031	geo:GSE309595:GSM9270031	assay	10x 3' transcription profiling	file	raw/fp-53430067aac0/GSE309595_family.soft.gz		scRNAseq libraries were generated using a modified 10x genomics chromium 3′ single cell gene expression assay with Cell Hashing.	True
GSM9270031	geo:GSE309595:GSM9270031	self_reported_ethnicity	Caucasian	file	raw/fp-53430067aac0/GSE309595_family.soft.gz		!Sample_characteristics_ch1 = race: Caucasian	True
GSM9270031	geo:GSE309595:GSM9270031	disease_free_text	multiple myeloma	file	raw/fp-53430067aac0/GSE309595_family.soft.gz		Multiple myeloma (MM) is a hematological malignancy characterized by an expansion of malignant plasma cells in the bone marrow.	True
GSM9270031	geo:GSE309595:GSM9270031	disease_free_text	multiple myeloma	file	raw/fp-53430067aac0/GSE309595_family.soft.gz		!Sample_characteristics_ch1 = subject id: FH1004	True
GSM9270031	geo:GSE309595:GSM9270031	disease_free_text	multiple myeloma	file	raw/fp-53430067aac0/GSE309595_family.soft.gz		!Sample_characteristics_ch1 = visit: MM Pre-Treatment	True
GSM9270031	geo:GSE309595:GSM9270031	disease_free_text	multiple myeloma	file	raw/fp-53430067aac0/GSE309595_family.soft.gz		A cohort of patients aged 30 and older with newly diagnosed MM requiring systemic therapy was enrolled in Seattle, WA	True
GSM9270032	geo:GSE309595:GSM9270032	donor_id	FH1003	file	raw/fp-53430067aac0/GSE309595_family.soft.gz		!Sample_characteristics_ch1 = subject id: FH1003	True
GSM9270032	geo:GSE309595:GSM9270032	sex	male	file	raw/fp-53430067aac0/GSE309595_family.soft.gz		!Sample_characteristics_ch1 = Sex: Male	True
GSM9270032	geo:GSE309595:GSM9270032	tissue_free_text	Blood	file	raw/fp-53430067aac0/GSE309595_family.soft.gz		!Sample_characteristics_ch1 = tissue: Blood	True
GSM9270032	geo:GSE309595:GSM9270032	tissue_type	tissue	file	raw/fp-53430067aac0/GSE309595_family.soft.gz		!Sample_characteristics_ch1 = tissue: Blood	True
GSM9270032	geo:GSE309595:GSM9270032	tissue_type	tissue	file	raw/fp-53430067aac0/GSE309595_family.soft.gz		!Sample_characteristics_ch1 = cell type: PBMC	True
GSM9270032	geo:GSE309595:GSM9270032	suspension_type	cell	file	raw/fp-53430067aac0/GSE309595_family.soft.gz		single cell gene expression assay with Cell Hashing	True
GSM9270032	geo:GSE309595:GSM9270032	suspension_type	cell	file	raw/fp-53430067aac0/GSE309595_family.soft.gz		PBMCs were removed from liquid nitrogen and rapidly thawed in a 37	True
GSM9270032	geo:GSE309595:GSM9270032	gene_annotation_version	Ensembl v93	file	raw/fp-53430067aac0/GSE309595_family.soft.gz		refdata-cellranger-GRCh38-3.0.0; based on the GRCh38 genome reference and Ensembl v93 transcriptome annotations	True
GSM9270032	geo:GSE309595:GSM9270032	assay	10x 3' transcription profiling	file	raw/fp-53430067aac0/GSE309595_family.soft.gz		scRNAseq libraries were generated using a modified 10x genomics chromium 3′ single cell gene expression assay with Cell Hashing.	True
GSM9270032	geo:GSE309595:GSM9270032	self_reported_ethnicity	Caucasian	file	raw/fp-53430067aac0/GSE309595_family.soft.gz		!Sample_characteristics_ch1 = race: Caucasian	True
GSM9270032	geo:GSE309595:GSM9270032	disease_free_text	multiple myeloma	file	raw/fp-53430067aac0/GSE309595_family.soft.gz		Multiple myeloma (MM) is a hematological malignancy characterized by an expansion of malignant plasma cells in the bone marrow.	True
GSM9270032	geo:GSE309595:GSM9270032	disease_free_text	multiple myeloma	file	raw/fp-53430067aac0/GSE309595_family.soft.gz		!Sample_characteristics_ch1 = subject id: FH1003	True
GSM9270032	geo:GSE309595:GSM9270032	disease_free_text	multiple myeloma	file	raw/fp-53430067aac0/GSE309595_family.soft.gz		!Sample_characteristics_ch1 = visit: MM Post Induction 2-Cycles	True
GSM9270032	geo:GSE309595:GSM9270032	disease_free_text	multiple myeloma	file	raw/fp-53430067aac0/GSE309595_family.soft.gz		A cohort of patients aged 30 and older with newly diagnosed MM requiring systemic therapy was enrolled in Seattle, WA	True
GSM9270033	geo:GSE309595:GSM9270033	donor_id	FH1004	file	raw/fp-53430067aac0/GSE309595_family.soft.gz		!Sample_characteristics_ch1 = subject id: FH1004	True
GSM9270033	geo:GSE309595:GSM9270033	sex	male	file	raw/fp-53430067aac0/GSE309595_family.soft.gz		!Sample_characteristics_ch1 = Sex: Male	True
GSM9270033	geo:GSE309595:GSM9270033	tissue_free_text	Blood	file	raw/fp-53430067aac0/GSE309595_family.soft.gz		!Sample_characteristics_ch1 = tissue: Blood	True
GSM9270033	geo:GSE309595:GSM9270033	tissue_type	tissue	file	raw/fp-53430067aac0/GSE309595_family.soft.gz		!Sample_characteristics_ch1 = tissue: Blood	True
GSM9270033	geo:GSE309595:GSM9270033	tissue_type	tissue	file	raw/fp-53430067aac0/GSE309595_family.soft.gz		!Sample_characteristics_ch1 = cell type: PBMC	True
GSM9270033	geo:GSE309595:GSM9270033	suspension_type	cell	file	raw/fp-53430067aac0/GSE309595_family.soft.gz		single cell gene expression assay with Cell Hashing	True
GSM9270033	geo:GSE309595:GSM9270033	suspension_type	cell	file	raw/fp-53430067aac0/GSE309595_family.soft.gz		PBMCs were removed from liquid nitrogen and rapidly thawed in a 37	True
GSM9270033	geo:GSE309595:GSM9270033	gene_annotation_version	Ensembl v93	file	raw/fp-53430067aac0/GSE309595_family.soft.gz		refdata-cellranger-GRCh38-3.0.0; based on the GRCh38 genome reference and Ensembl v93 transcriptome annotations	True
GSM9270033	geo:GSE309595:GSM9270033	assay	10x 3' transcription profiling	file	raw/fp-53430067aac0/GSE309595_family.soft.gz		scRNAseq libraries were generated using a modified 10x genomics chromium 3′ single cell gene expression assay with Cell Hashing.	True
GSM9270033	geo:GSE309595:GSM9270033	self_reported_ethnicity	Caucasian	file	raw/fp-53430067aac0/GSE309595_family.soft.gz		!Sample_characteristics_ch1 = race: Caucasian	True
GSM9270033	geo:GSE309595:GSM9270033	disease_free_text	multiple myeloma	file	raw/fp-53430067aac0/GSE309595_family.soft.gz		Multiple myeloma (MM) is a hematological malignancy characterized by an expansion of malignant plasma cells in the bone marrow.	True
GSM9270033	geo:GSE309595:GSM9270033	disease_free_text	multiple myeloma	file	raw/fp-53430067aac0/GSE309595_family.soft.gz		!Sample_characteristics_ch1 = subject id: FH1004	True
GSM9270033	geo:GSE309595:GSM9270033	disease_free_text	multiple myeloma	file	raw/fp-53430067aac0/GSE309595_family.soft.gz		!Sample_characteristics_ch1 = visit: MM Post Induction 2-Cycles	True
GSM9270033	geo:GSE309595:GSM9270033	disease_free_text	multiple myeloma	file	raw/fp-53430067aac0/GSE309595_family.soft.gz		A cohort of patients aged 30 and older with newly diagnosed MM requiring systemic therapy was enrolled in Seattle, WA	True
GSM9270034	geo:GSE309595:GSM9270034	donor_id	FH1005	file	raw/fp-53430067aac0/GSE309595_family.soft.gz		!Sample_characteristics_ch1 = subject id: FH1005	True
GSM9270034	geo:GSE309595:GSM9270034	sex	female	file	raw/fp-53430067aac0/GSE309595_family.soft.gz		!Sample_characteristics_ch1 = Sex: Female	True
GSM9270034	geo:GSE309595:GSM9270034	tissue_free_text	Blood	file	raw/fp-53430067aac0/GSE309595_family.soft.gz		!Sample_characteristics_ch1 = tissue: Blood	True
GSM9270034	geo:GSE309595:GSM9270034	tissue_type	tissue	file	raw/fp-53430067aac0/GSE309595_family.soft.gz		!Sample_characteristics_ch1 = tissue: Blood	True
GSM9270034	geo:GSE309595:GSM9270034	tissue_type	tissue	file	raw/fp-53430067aac0/GSE309595_family.soft.gz		!Sample_characteristics_ch1 = cell type: PBMC	True
GSM9270034	geo:GSE309595:GSM9270034	suspension_type	cell	file	raw/fp-53430067aac0/GSE309595_family.soft.gz		single cell gene expression assay with Cell Hashing	True
GSM9270034	geo:GSE309595:GSM9270034	suspension_type	cell	file	raw/fp-53430067aac0/GSE309595_family.soft.gz		PBMCs were removed from liquid nitrogen and rapidly thawed in a 37	True
GSM9270034	geo:GSE309595:GSM9270034	gene_annotation_version	Ensembl v93	file	raw/fp-53430067aac0/GSE309595_family.soft.gz		refdata-cellranger-GRCh38-3.0.0; based on the GRCh38 genome reference and Ensembl v93 transcriptome annotations	True
GSM9270034	geo:GSE309595:GSM9270034	assay	10x 3' transcription profiling	file	raw/fp-53430067aac0/GSE309595_family.soft.gz		scRNAseq libraries were generated using a modified 10x genomics chromium 3′ single cell gene expression assay with Cell Hashing.	True
GSM9270034	geo:GSE309595:GSM9270034	self_reported_ethnicity	Caucasian	file	raw/fp-53430067aac0/GSE309595_family.soft.gz		!Sample_characteristics_ch1 = race: Caucasian	True
GSM9270034	geo:GSE309595:GSM9270034	disease_free_text	multiple myeloma	file	raw/fp-53430067aac0/GSE309595_family.soft.gz		Multiple myeloma (MM) is a hematological malignancy characterized by an expansion of malignant plasma cells in the bone marrow.	True
GSM9270034	geo:GSE309595:GSM9270034	disease_free_text	multiple myeloma	file	raw/fp-53430067aac0/GSE309595_family.soft.gz		!Sample_characteristics_ch1 = subject id: FH1005	True
GSM9270034	geo:GSE309595:GSM9270034	disease_free_text	multiple myeloma	file	raw/fp-53430067aac0/GSE309595_family.soft.gz		!Sample_characteristics_ch1 = visit: MM Pre-Treatment	True
GSM9270034	geo:GSE309595:GSM9270034	disease_free_text	multiple myeloma	file	raw/fp-53430067aac0/GSE309595_family.soft.gz		A cohort of patients aged 30 and older with newly diagnosed MM requiring systemic therapy was enrolled in Seattle, WA	True
GSM9270035	geo:GSE309595:GSM9270035	donor_id	FH1004	file	raw/fp-53430067aac0/GSE309595_family.soft.gz		!Sample_characteristics_ch1 = subject id: FH1004	True
GSM9270035	geo:GSE309595:GSM9270035	sex	male	file	raw/fp-53430067aac0/GSE309595_family.soft.gz		!Sample_characteristics_ch1 = Sex: Male	True
GSM9270035	geo:GSE309595:GSM9270035	tissue_free_text	Blood	file	raw/fp-53430067aac0/GSE309595_family.soft.gz		!Sample_characteristics_ch1 = tissue: Blood	True
GSM9270035	geo:GSE309595:GSM9270035	tissue_type	tissue	file	raw/fp-53430067aac0/GSE309595_family.soft.gz		!Sample_characteristics_ch1 = tissue: Blood	True
GSM9270035	geo:GSE309595:GSM9270035	tissue_type	tissue	file	raw/fp-53430067aac0/GSE309595_family.soft.gz		!Sample_characteristics_ch1 = cell type: PBMC	True
GSM9270035	geo:GSE309595:GSM9270035	suspension_type	cell	file	raw/fp-53430067aac0/GSE309595_family.soft.gz		single cell gene expression assay with Cell Hashing	True
GSM9270035	geo:GSE309595:GSM9270035	suspension_type	cell	file	raw/fp-53430067aac0/GSE309595_family.soft.gz		PBMCs were removed from liquid nitrogen and rapidly thawed in a 37	True
GSM9270035	geo:GSE309595:GSM9270035	gene_annotation_version	Ensembl v93	file	raw/fp-53430067aac0/GSE309595_family.soft.gz		refdata-cellranger-GRCh38-3.0.0; based on the GRCh38 genome reference and Ensembl v93 transcriptome annotations	True
GSM9270035	geo:GSE309595:GSM9270035	assay	10x 3' transcription profiling	file	raw/fp-53430067aac0/GSE309595_family.soft.gz		scRNAseq libraries were generated using a modified 10x genomics chromium 3′ single cell gene expression assay with Cell Hashing.	True
GSM9270035	geo:GSE309595:GSM9270035	self_reported_ethnicity	Caucasian	file	raw/fp-53430067aac0/GSE309595_family.soft.gz		!Sample_characteristics_ch1 = race: Caucasian	True
GSM9270035	geo:GSE309595:GSM9270035	disease_free_text	multiple myeloma	file	raw/fp-53430067aac0/GSE309595_family.soft.gz		Multiple myeloma (MM) is a hematological malignancy characterized by an expansion of malignant plasma cells in the bone marrow.	True
GSM9270035	geo:GSE309595:GSM9270035	disease_free_text	multiple myeloma	file	raw/fp-53430067aac0/GSE309595_family.soft.gz		!Sample_characteristics_ch1 = subject id: FH1004	True
GSM9270035	geo:GSE309595:GSM9270035	disease_free_text	multiple myeloma	file	raw/fp-53430067aac0/GSE309595_family.soft.gz		!Sample_characteristics_ch1 = visit: MM End Induction 1st Draw	True
GSM9270035	geo:GSE309595:GSM9270035	disease_free_text	multiple myeloma	file	raw/fp-53430067aac0/GSE309595_family.soft.gz		A cohort of patients aged 30 and older with newly diagnosed MM requiring systemic therapy was enrolled in Seattle, WA	True
GSM9270036	geo:GSE309595:GSM9270036	donor_id	FH1002	file	raw/fp-53430067aac0/GSE309595_family.soft.gz		!Sample_characteristics_ch1 = subject id: FH1002	True
GSM9270036	geo:GSE309595:GSM9270036	sex	female	file	raw/fp-53430067aac0/GSE309595_family.soft.gz		!Sample_characteristics_ch1 = Sex: Female	True
GSM9270036	geo:GSE309595:GSM9270036	tissue_free_text	Blood	file	raw/fp-53430067aac0/GSE309595_family.soft.gz		!Sample_characteristics_ch1 = tissue: Blood	True
GSM9270036	geo:GSE309595:GSM9270036	tissue_type	tissue	file	raw/fp-53430067aac0/GSE309595_family.soft.gz		!Sample_characteristics_ch1 = tissue: Blood	True
GSM9270036	geo:GSE309595:GSM9270036	tissue_type	tissue	file	raw/fp-53430067aac0/GSE309595_family.soft.gz		!Sample_characteristics_ch1 = cell type: PBMC	True
GSM9270036	geo:GSE309595:GSM9270036	suspension_type	cell	file	raw/fp-53430067aac0/GSE309595_family.soft.gz		single cell gene expression assay with Cell Hashing	True
GSM9270036	geo:GSE309595:GSM9270036	suspension_type	cell	file	raw/fp-53430067aac0/GSE309595_family.soft.gz		PBMCs were removed from liquid nitrogen and rapidly thawed in a 37	True
GSM9270036	geo:GSE309595:GSM9270036	gene_annotation_version	Ensembl v93	file	raw/fp-53430067aac0/GSE309595_family.soft.gz		refdata-cellranger-GRCh38-3.0.0; based on the GRCh38 genome reference and Ensembl v93 transcriptome annotations	True
GSM9270036	geo:GSE309595:GSM9270036	assay	10x 3' transcription profiling	file	raw/fp-53430067aac0/GSE309595_family.soft.gz		scRNAseq libraries were generated using a modified 10x genomics chromium 3′ single cell gene expression assay with Cell Hashing.	True
GSM9270036	geo:GSE309595:GSM9270036	self_reported_ethnicity	Caucasian	file	raw/fp-53430067aac0/GSE309595_family.soft.gz		!Sample_characteristics_ch1 = race: Caucasian	True
GSM9270036	geo:GSE309595:GSM9270036	disease_free_text	multiple myeloma	file	raw/fp-53430067aac0/GSE309595_family.soft.gz		Multiple myeloma (MM) is a hematological malignancy characterized by an expansion of malignant plasma cells in the bone marrow.	True
GSM9270036	geo:GSE309595:GSM9270036	disease_free_text	multiple myeloma	file	raw/fp-53430067aac0/GSE309595_family.soft.gz		!Sample_characteristics_ch1 = subject id: FH1002	True
GSM9270036	geo:GSE309595:GSM9270036	disease_free_text	multiple myeloma	file	raw/fp-53430067aac0/GSE309595_family.soft.gz		!Sample_characteristics_ch1 = visit: MM Post Transplant 60 Days	True
GSM9270036	geo:GSE309595:GSM9270036	disease_free_text	multiple myeloma	file	raw/fp-53430067aac0/GSE309595_family.soft.gz		A cohort of patients aged 30 and older with newly diagnosed MM requiring systemic therapy was enrolled in Seattle, WA	True
GSM9270037	geo:GSE309595:GSM9270037	donor_id	FH1006	file	raw/fp-53430067aac0/GSE309595_family.soft.gz		!Sample_characteristics_ch1 = subject id: FH1006	True
GSM9270037	geo:GSE309595:GSM9270037	sex	female	file	raw/fp-53430067aac0/GSE309595_family.soft.gz		!Sample_characteristics_ch1 = Sex: Female	True
GSM9270037	geo:GSE309595:GSM9270037	tissue_free_text	Blood	file	raw/fp-53430067aac0/GSE309595_family.soft.gz		!Sample_characteristics_ch1 = tissue: Blood	True
GSM9270037	geo:GSE309595:GSM9270037	tissue_type	tissue	file	raw/fp-53430067aac0/GSE309595_family.soft.gz		!Sample_characteristics_ch1 = tissue: Blood	True
GSM9270037	geo:GSE309595:GSM9270037	tissue_type	tissue	file	raw/fp-53430067aac0/GSE309595_family.soft.gz		!Sample_characteristics_ch1 = cell type: PBMC	True
GSM9270037	geo:GSE309595:GSM9270037	suspension_type	cell	file	raw/fp-53430067aac0/GSE309595_family.soft.gz		single cell gene expression assay with Cell Hashing	True
GSM9270037	geo:GSE309595:GSM9270037	suspension_type	cell	file	raw/fp-53430067aac0/GSE309595_family.soft.gz		PBMCs were removed from liquid nitrogen and rapidly thawed in a 37	True
GSM9270037	geo:GSE309595:GSM9270037	gene_annotation_version	Ensembl v93	file	raw/fp-53430067aac0/GSE309595_family.soft.gz		refdata-cellranger-GRCh38-3.0.0; based on the GRCh38 genome reference and Ensembl v93 transcriptome annotations	True
GSM9270037	geo:GSE309595:GSM9270037	assay	10x 3' transcription profiling	file	raw/fp-53430067aac0/GSE309595_family.soft.gz		scRNAseq libraries were generated using a modified 10x genomics chromium 3′ single cell gene expression assay with Cell Hashing.	True
GSM9270037	geo:GSE309595:GSM9270037	self_reported_ethnicity	Caucasian	file	raw/fp-53430067aac0/GSE309595_family.soft.gz		!Sample_characteristics_ch1 = race: Caucasian	True
GSM9270037	geo:GSE309595:GSM9270037	disease_free_text	multiple myeloma	file	raw/fp-53430067aac0/GSE309595_family.soft.gz		Multiple myeloma (MM) is a hematological malignancy characterized by an expansion of malignant plasma cells in the bone marrow.	True
GSM9270037	geo:GSE309595:GSM9270037	disease_free_text	multiple myeloma	file	raw/fp-53430067aac0/GSE309595_family.soft.gz		!Sample_characteristics_ch1 = subject id: FH1006	True
GSM9270037	geo:GSE309595:GSM9270037	disease_free_text	multiple myeloma	file	raw/fp-53430067aac0/GSE309595_family.soft.gz		!Sample_characteristics_ch1 = visit: MM Post Induction 2-Cycles	True
GSM9270037	geo:GSE309595:GSM9270037	disease_free_text	multiple myeloma	file	raw/fp-53430067aac0/GSE309595_family.soft.gz		A cohort of patients aged 30 and older with newly diagnosed MM requiring systemic therapy was enrolled in Seattle, WA	True
GSM9270038	geo:GSE309595:GSM9270038	donor_id	FH1008	file	raw/fp-53430067aac0/GSE309595_family.soft.gz		!Sample_characteristics_ch1 = subject id: FH1008	True
GSM9270038	geo:GSE309595:GSM9270038	sex	female	file	raw/fp-53430067aac0/GSE309595_family.soft.gz		!Sample_characteristics_ch1 = Sex: Female	True
GSM9270038	geo:GSE309595:GSM9270038	tissue_free_text	Blood	file	raw/fp-53430067aac0/GSE309595_family.soft.gz		!Sample_characteristics_ch1 = tissue: Blood	True
GSM9270038	geo:GSE309595:GSM9270038	tissue_type	tissue	file	raw/fp-53430067aac0/GSE309595_family.soft.gz		!Sample_characteristics_ch1 = tissue: Blood	True
GSM9270038	geo:GSE309595:GSM9270038	tissue_type	tissue	file	raw/fp-53430067aac0/GSE309595_family.soft.gz		!Sample_characteristics_ch1 = cell type: PBMC	True
GSM9270038	geo:GSE309595:GSM9270038	suspension_type	cell	file	raw/fp-53430067aac0/GSE309595_family.soft.gz		single cell gene expression assay with Cell Hashing	True
GSM9270038	geo:GSE309595:GSM9270038	suspension_type	cell	file	raw/fp-53430067aac0/GSE309595_family.soft.gz		PBMCs were removed from liquid nitrogen and rapidly thawed in a 37	True
GSM9270038	geo:GSE309595:GSM9270038	gene_annotation_version	Ensembl v93	file	raw/fp-53430067aac0/GSE309595_family.soft.gz		refdata-cellranger-GRCh38-3.0.0; based on the GRCh38 genome reference and Ensembl v93 transcriptome annotations	True
GSM9270038	geo:GSE309595:GSM9270038	assay	10x 3' transcription profiling	file	raw/fp-53430067aac0/GSE309595_family.soft.gz		scRNAseq libraries were generated using a modified 10x genomics chromium 3′ single cell gene expression assay with Cell Hashing.	True
GSM9270038	geo:GSE309595:GSM9270038	self_reported_ethnicity	Caucasian	file	raw/fp-53430067aac0/GSE309595_family.soft.gz		!Sample_characteristics_ch1 = race: Caucasian	True
GSM9270038	geo:GSE309595:GSM9270038	disease_free_text	multiple myeloma	file	raw/fp-53430067aac0/GSE309595_family.soft.gz		Multiple myeloma (MM) is a hematological malignancy characterized by an expansion of malignant plasma cells in the bone marrow.	True
GSM9270038	geo:GSE309595:GSM9270038	disease_free_text	multiple myeloma	file	raw/fp-53430067aac0/GSE309595_family.soft.gz		!Sample_characteristics_ch1 = subject id: FH1008	True
GSM9270038	geo:GSE309595:GSM9270038	disease_free_text	multiple myeloma	file	raw/fp-53430067aac0/GSE309595_family.soft.gz		!Sample_characteristics_ch1 = visit: MM Post Induction 2-Cycles	True
GSM9270038	geo:GSE309595:GSM9270038	disease_free_text	multiple myeloma	file	raw/fp-53430067aac0/GSE309595_family.soft.gz		A cohort of patients aged 30 and older with newly diagnosed MM requiring systemic therapy was enrolled in Seattle, WA	True
GSM9270039	geo:GSE309595:GSM9270039	donor_id	FH1007	file	raw/fp-53430067aac0/GSE309595_family.soft.gz		!Sample_characteristics_ch1 = subject id: FH1007	True
GSM9270039	geo:GSE309595:GSM9270039	sex	female	file	raw/fp-53430067aac0/GSE309595_family.soft.gz		!Sample_characteristics_ch1 = Sex: Female	True
GSM9270039	geo:GSE309595:GSM9270039	tissue_free_text	Blood	file	raw/fp-53430067aac0/GSE309595_family.soft.gz		!Sample_characteristics_ch1 = tissue: Blood	True
GSM9270039	geo:GSE309595:GSM9270039	tissue_type	tissue	file	raw/fp-53430067aac0/GSE309595_family.soft.gz		!Sample_characteristics_ch1 = tissue: Blood	True
GSM9270039	geo:GSE309595:GSM9270039	tissue_type	tissue	file	raw/fp-53430067aac0/GSE309595_family.soft.gz		!Sample_characteristics_ch1 = cell type: PBMC	True
GSM9270039	geo:GSE309595:GSM9270039	suspension_type	cell	file	raw/fp-53430067aac0/GSE309595_family.soft.gz		single cell gene expression assay with Cell Hashing	True
GSM9270039	geo:GSE309595:GSM9270039	suspension_type	cell	file	raw/fp-53430067aac0/GSE309595_family.soft.gz		PBMCs were removed from liquid nitrogen and rapidly thawed in a 37	True
GSM9270039	geo:GSE309595:GSM9270039	gene_annotation_version	Ensembl v93	file	raw/fp-53430067aac0/GSE309595_family.soft.gz		refdata-cellranger-GRCh38-3.0.0; based on the GRCh38 genome reference and Ensembl v93 transcriptome annotations	True
GSM9270039	geo:GSE309595:GSM9270039	assay	10x 3' transcription profiling	file	raw/fp-53430067aac0/GSE309595_family.soft.gz		scRNAseq libraries were generated using a modified 10x genomics chromium 3′ single cell gene expression assay with Cell Hashing.	True
GSM9270039	geo:GSE309595:GSM9270039	self_reported_ethnicity	Caucasian	file	raw/fp-53430067aac0/GSE309595_family.soft.gz		!Sample_characteristics_ch1 = race: Caucasian	True
GSM9270039	geo:GSE309595:GSM9270039	disease_free_text	multiple myeloma	file	raw/fp-53430067aac0/GSE309595_family.soft.gz		Multiple myeloma (MM) is a hematological malignancy characterized by an expansion of malignant plasma cells in the bone marrow.	True
GSM9270039	geo:GSE309595:GSM9270039	disease_free_text	multiple myeloma	file	raw/fp-53430067aac0/GSE309595_family.soft.gz		!Sample_characteristics_ch1 = subject id: FH1007	True
GSM9270039	geo:GSE309595:GSM9270039	disease_free_text	multiple myeloma	file	raw/fp-53430067aac0/GSE309595_family.soft.gz		!Sample_characteristics_ch1 = visit: MM End Induction 1st Draw	True
GSM9270039	geo:GSE309595:GSM9270039	disease_free_text	multiple myeloma	file	raw/fp-53430067aac0/GSE309595_family.soft.gz		A cohort of patients aged 30 and older with newly diagnosed MM requiring systemic therapy was enrolled in Seattle, WA	True
GSM9270040	geo:GSE309595:GSM9270040	donor_id	FH1002	file	raw/fp-53430067aac0/GSE309595_family.soft.gz		!Sample_characteristics_ch1 = subject id: FH1002	True
GSM9270040	geo:GSE309595:GSM9270040	sex	female	file	raw/fp-53430067aac0/GSE309595_family.soft.gz		!Sample_characteristics_ch1 = Sex: Female	True
GSM9270040	geo:GSE309595:GSM9270040	tissue_free_text	Blood	file	raw/fp-53430067aac0/GSE309595_family.soft.gz		!Sample_characteristics_ch1 = tissue: Blood	True
GSM9270040	geo:GSE309595:GSM9270040	tissue_type	tissue	file	raw/fp-53430067aac0/GSE309595_family.soft.gz		!Sample_characteristics_ch1 = tissue: Blood	True
GSM9270040	geo:GSE309595:GSM9270040	tissue_type	tissue	file	raw/fp-53430067aac0/GSE309595_family.soft.gz		!Sample_characteristics_ch1 = cell type: PBMC	True
GSM9270040	geo:GSE309595:GSM9270040	suspension_type	cell	file	raw/fp-53430067aac0/GSE309595_family.soft.gz		single cell gene expression assay with Cell Hashing	True
GSM9270040	geo:GSE309595:GSM9270040	suspension_type	cell	file	raw/fp-53430067aac0/GSE309595_family.soft.gz		PBMCs were removed from liquid nitrogen and rapidly thawed in a 37	True
GSM9270040	geo:GSE309595:GSM9270040	gene_annotation_version	Ensembl v93	file	raw/fp-53430067aac0/GSE309595_family.soft.gz		refdata-cellranger-GRCh38-3.0.0; based on the GRCh38 genome reference and Ensembl v93 transcriptome annotations	True
GSM9270040	geo:GSE309595:GSM9270040	assay	10x 3' transcription profiling	file	raw/fp-53430067aac0/GSE309595_family.soft.gz		scRNAseq libraries were generated using a modified 10x genomics chromium 3′ single cell gene expression assay with Cell Hashing.	True
GSM9270040	geo:GSE309595:GSM9270040	self_reported_ethnicity	Caucasian	file	raw/fp-53430067aac0/GSE309595_family.soft.gz		!Sample_characteristics_ch1 = race: Caucasian	True
GSM9270040	geo:GSE309595:GSM9270040	disease_free_text	multiple myeloma	file	raw/fp-53430067aac0/GSE309595_family.soft.gz		Multiple myeloma (MM) is a hematological malignancy characterized by an expansion of malignant plasma cells in the bone marrow.	True
GSM9270040	geo:GSE309595:GSM9270040	disease_free_text	multiple myeloma	file	raw/fp-53430067aac0/GSE309595_family.soft.gz		!Sample_characteristics_ch1 = subject id: FH1002	True
GSM9270040	geo:GSE309595:GSM9270040	disease_free_text	multiple myeloma	file	raw/fp-53430067aac0/GSE309595_family.soft.gz		!Sample_characteristics_ch1 = visit: Flu Year 1 Stand-Alone	True
GSM9270040	geo:GSE309595:GSM9270040	disease_free_text	multiple myeloma	file	raw/fp-53430067aac0/GSE309595_family.soft.gz		!Sample_title = PB00135-01 MM Post Induction 2-Cycles	True
GSM9270040	geo:GSE309595:GSM9270040	disease_free_text	multiple myeloma	file	raw/fp-53430067aac0/GSE309595_family.soft.gz		!Sample_characteristics_ch1 = visit: MM Post Induction 2-Cycles	True
GSM9270040	geo:GSE309595:GSM9270040	disease_free_text	multiple myeloma	file	raw/fp-53430067aac0/GSE309595_family.soft.gz		This cohort was also followed for the flu vaccine perturbation and blood samples were collected at 0, 7, and 90 days post-vaccination during two consecutive flu years.	True
GSM9270040	geo:GSE309595:GSM9270040	disease_free_text	multiple myeloma	file	raw/fp-53430067aac0/GSE309595_family.soft.gz		A cohort of patients aged 30 and older with newly diagnosed MM requiring systemic therapy was enrolled in Seattle, WA	True
GSM9270041	geo:GSE309595:GSM9270041	donor_id	FH1011	file	raw/fp-53430067aac0/GSE309595_family.soft.gz		!Sample_characteristics_ch1 = subject id: FH1011	True
GSM9270041	geo:GSE309595:GSM9270041	sex	male	file	raw/fp-53430067aac0/GSE309595_family.soft.gz		!Sample_characteristics_ch1 = Sex: Male	True
GSM9270041	geo:GSE309595:GSM9270041	tissue_free_text	Blood	file	raw/fp-53430067aac0/GSE309595_family.soft.gz		!Sample_characteristics_ch1 = tissue: Blood	True
GSM9270041	geo:GSE309595:GSM9270041	tissue_type	tissue	file	raw/fp-53430067aac0/GSE309595_family.soft.gz		!Sample_characteristics_ch1 = tissue: Blood	True
GSM9270041	geo:GSE309595:GSM9270041	tissue_type	tissue	file	raw/fp-53430067aac0/GSE309595_family.soft.gz		!Sample_characteristics_ch1 = cell type: PBMC	True
GSM9270041	geo:GSE309595:GSM9270041	suspension_type	cell	file	raw/fp-53430067aac0/GSE309595_family.soft.gz		single cell gene expression assay with Cell Hashing	True
GSM9270041	geo:GSE309595:GSM9270041	suspension_type	cell	file	raw/fp-53430067aac0/GSE309595_family.soft.gz		PBMCs were removed from liquid nitrogen and rapidly thawed in a 37	True
GSM9270041	geo:GSE309595:GSM9270041	gene_annotation_version	Ensembl v93	file	raw/fp-53430067aac0/GSE309595_family.soft.gz		refdata-cellranger-GRCh38-3.0.0; based on the GRCh38 genome reference and Ensembl v93 transcriptome annotations	True
GSM9270041	geo:GSE309595:GSM9270041	assay	10x 3' transcription profiling	file	raw/fp-53430067aac0/GSE309595_family.soft.gz		scRNAseq libraries were generated using a modified 10x genomics chromium 3′ single cell gene expression assay with Cell Hashing.	True
GSM9270041	geo:GSE309595:GSM9270041	disease_free_text	multiple myeloma	file	raw/fp-53430067aac0/GSE309595_family.soft.gz		Multiple myeloma (MM) is a hematological malignancy characterized by an expansion of malignant plasma cells in the bone marrow.	True
GSM9270041	geo:GSE309595:GSM9270041	disease_free_text	multiple myeloma	file	raw/fp-53430067aac0/GSE309595_family.soft.gz		!Sample_characteristics_ch1 = subject id: FH1011	True
GSM9270041	geo:GSE309595:GSM9270041	disease_free_text	multiple myeloma	file	raw/fp-53430067aac0/GSE309595_family.soft.gz		!Sample_characteristics_ch1 = visit: MM Pre-Treatment	True
GSM9270041	geo:GSE309595:GSM9270041	disease_free_text	multiple myeloma	file	raw/fp-53430067aac0/GSE309595_family.soft.gz		A cohort of patients aged 30 and older with newly diagnosed MM requiring systemic therapy was enrolled in Seattle, WA	True
GSM9270042	geo:GSE309595:GSM9270042	donor_id	FH1011	file	raw/fp-53430067aac0/GSE309595_family.soft.gz		!Sample_characteristics_ch1 = subject id: FH1011	True
GSM9270042	geo:GSE309595:GSM9270042	sex	male	file	raw/fp-53430067aac0/GSE309595_family.soft.gz		!Sample_characteristics_ch1 = Sex: Male	True
GSM9270042	geo:GSE309595:GSM9270042	tissue_free_text	Blood	file	raw/fp-53430067aac0/GSE309595_family.soft.gz		!Sample_characteristics_ch1 = tissue: Blood	True
GSM9270042	geo:GSE309595:GSM9270042	tissue_type	tissue	file	raw/fp-53430067aac0/GSE309595_family.soft.gz		!Sample_characteristics_ch1 = tissue: Blood	True
GSM9270042	geo:GSE309595:GSM9270042	tissue_type	tissue	file	raw/fp-53430067aac0/GSE309595_family.soft.gz		!Sample_characteristics_ch1 = cell type: PBMC	True
GSM9270042	geo:GSE309595:GSM9270042	suspension_type	cell	file	raw/fp-53430067aac0/GSE309595_family.soft.gz		single cell gene expression assay with Cell Hashing	True
GSM9270042	geo:GSE309595:GSM9270042	suspension_type	cell	file	raw/fp-53430067aac0/GSE309595_family.soft.gz		PBMCs were removed from liquid nitrogen and rapidly thawed in a 37	True
GSM9270042	geo:GSE309595:GSM9270042	gene_annotation_version	Ensembl v93	file	raw/fp-53430067aac0/GSE309595_family.soft.gz		refdata-cellranger-GRCh38-3.0.0; based on the GRCh38 genome reference and Ensembl v93 transcriptome annotations	True
GSM9270042	geo:GSE309595:GSM9270042	assay	10x 3' transcription profiling	file	raw/fp-53430067aac0/GSE309595_family.soft.gz		scRNAseq libraries were generated using a modified 10x genomics chromium 3′ single cell gene expression assay with Cell Hashing.	True
GSM9270042	geo:GSE309595:GSM9270042	disease_free_text	multiple myeloma	file	raw/fp-53430067aac0/GSE309595_family.soft.gz		Multiple myeloma (MM) is a hematological malignancy characterized by an expansion of malignant plasma cells in the bone marrow.	True
GSM9270042	geo:GSE309595:GSM9270042	disease_free_text	multiple myeloma	file	raw/fp-53430067aac0/GSE309595_family.soft.gz		!Sample_characteristics_ch1 = subject id: FH1011	True
GSM9270042	geo:GSE309595:GSM9270042	disease_free_text	multiple myeloma	file	raw/fp-53430067aac0/GSE309595_family.soft.gz		!Sample_characteristics_ch1 = visit: MM Pre-Treatment	True
GSM9270042	geo:GSE309595:GSM9270042	disease_free_text	multiple myeloma	file	raw/fp-53430067aac0/GSE309595_family.soft.gz		A cohort of patients aged 30 and older with newly diagnosed MM requiring systemic therapy was enrolled in Seattle, WA	True
GSM9270043	geo:GSE309595:GSM9270043	donor_id	FH1010	file	raw/fp-53430067aac0/GSE309595_family.soft.gz		!Sample_characteristics_ch1 = subject id: FH1010	True
GSM9270043	geo:GSE309595:GSM9270043	sex	female	file	raw/fp-53430067aac0/GSE309595_family.soft.gz		!Sample_characteristics_ch1 = Sex: Female	True
GSM9270043	geo:GSE309595:GSM9270043	tissue_free_text	Blood	file	raw/fp-53430067aac0/GSE309595_family.soft.gz		!Sample_characteristics_ch1 = tissue: Blood	True
GSM9270043	geo:GSE309595:GSM9270043	tissue_type	tissue	file	raw/fp-53430067aac0/GSE309595_family.soft.gz		!Sample_characteristics_ch1 = tissue: Blood	True
GSM9270043	geo:GSE309595:GSM9270043	tissue_type	tissue	file	raw/fp-53430067aac0/GSE309595_family.soft.gz		!Sample_characteristics_ch1 = cell type: PBMC	True
GSM9270043	geo:GSE309595:GSM9270043	suspension_type	cell	file	raw/fp-53430067aac0/GSE309595_family.soft.gz		single cell gene expression assay with Cell Hashing	True
GSM9270043	geo:GSE309595:GSM9270043	suspension_type	cell	file	raw/fp-53430067aac0/GSE309595_family.soft.gz		PBMCs were removed from liquid nitrogen and rapidly thawed in a 37	True
GSM9270043	geo:GSE309595:GSM9270043	gene_annotation_version	Ensembl v93	file	raw/fp-53430067aac0/GSE309595_family.soft.gz		refdata-cellranger-GRCh38-3.0.0; based on the GRCh38 genome reference and Ensembl v93 transcriptome annotations	True
GSM9270043	geo:GSE309595:GSM9270043	assay	10x 3' transcription profiling	file	raw/fp-53430067aac0/GSE309595_family.soft.gz		scRNAseq libraries were generated using a modified 10x genomics chromium 3′ single cell gene expression assay with Cell Hashing.	True
GSM9270043	geo:GSE309595:GSM9270043	self_reported_ethnicity	Caucasian	file	raw/fp-53430067aac0/GSE309595_family.soft.gz		!Sample_characteristics_ch1 = race: Caucasian	True
GSM9270043	geo:GSE309595:GSM9270043	disease_free_text	multiple myeloma	file	raw/fp-53430067aac0/GSE309595_family.soft.gz		Multiple myeloma (MM) is a hematological malignancy characterized by an expansion of malignant plasma cells in the bone marrow.	True
GSM9270043	geo:GSE309595:GSM9270043	disease_free_text	multiple myeloma	file	raw/fp-53430067aac0/GSE309595_family.soft.gz		!Sample_characteristics_ch1 = subject id: FH1010	True
GSM9270043	geo:GSE309595:GSM9270043	disease_free_text	multiple myeloma	file	raw/fp-53430067aac0/GSE309595_family.soft.gz		!Sample_characteristics_ch1 = visit: MM Post Induction 2-Cycles	True
GSM9270043	geo:GSE309595:GSM9270043	disease_free_text	multiple myeloma	file	raw/fp-53430067aac0/GSE309595_family.soft.gz		A cohort of patients aged 30 and older with newly diagnosed MM requiring systemic therapy was enrolled in Seattle, WA	True
GSM9270044	geo:GSE309595:GSM9270044	donor_id	FH1004	file	raw/fp-53430067aac0/GSE309595_family.soft.gz		!Sample_characteristics_ch1 = subject id: FH1004	True
GSM9270044	geo:GSE309595:GSM9270044	sex	male	file	raw/fp-53430067aac0/GSE309595_family.soft.gz		!Sample_characteristics_ch1 = Sex: Male	True
GSM9270044	geo:GSE309595:GSM9270044	tissue_free_text	Blood	file	raw/fp-53430067aac0/GSE309595_family.soft.gz		!Sample_characteristics_ch1 = tissue: Blood	True
GSM9270044	geo:GSE309595:GSM9270044	tissue_type	tissue	file	raw/fp-53430067aac0/GSE309595_family.soft.gz		!Sample_characteristics_ch1 = tissue: Blood	True
GSM9270044	geo:GSE309595:GSM9270044	tissue_type	tissue	file	raw/fp-53430067aac0/GSE309595_family.soft.gz		!Sample_characteristics_ch1 = cell type: PBMC	True
GSM9270044	geo:GSE309595:GSM9270044	suspension_type	cell	file	raw/fp-53430067aac0/GSE309595_family.soft.gz		single cell gene expression assay with Cell Hashing	True
GSM9270044	geo:GSE309595:GSM9270044	suspension_type	cell	file	raw/fp-53430067aac0/GSE309595_family.soft.gz		PBMCs were removed from liquid nitrogen and rapidly thawed in a 37	True
GSM9270044	geo:GSE309595:GSM9270044	gene_annotation_version	Ensembl v93	file	raw/fp-53430067aac0/GSE309595_family.soft.gz		refdata-cellranger-GRCh38-3.0.0; based on the GRCh38 genome reference and Ensembl v93 transcriptome annotations	True
GSM9270044	geo:GSE309595:GSM9270044	assay	10x 3' transcription profiling	file	raw/fp-53430067aac0/GSE309595_family.soft.gz		scRNAseq libraries were generated using a modified 10x genomics chromium 3′ single cell gene expression assay with Cell Hashing.	True
GSM9270044	geo:GSE309595:GSM9270044	self_reported_ethnicity	Caucasian	file	raw/fp-53430067aac0/GSE309595_family.soft.gz		!Sample_characteristics_ch1 = race: Caucasian	True
GSM9270044	geo:GSE309595:GSM9270044	disease_free_text	multiple myeloma	file	raw/fp-53430067aac0/GSE309595_family.soft.gz		Multiple myeloma (MM) is a hematological malignancy characterized by an expansion of malignant plasma cells in the bone marrow.	True
GSM9270044	geo:GSE309595:GSM9270044	disease_free_text	multiple myeloma	file	raw/fp-53430067aac0/GSE309595_family.soft.gz		!Sample_characteristics_ch1 = subject id: FH1004	True
GSM9270044	geo:GSE309595:GSM9270044	disease_free_text	multiple myeloma	file	raw/fp-53430067aac0/GSE309595_family.soft.gz		!Sample_characteristics_ch1 = visit: Flu Year 1 Stand-Alone	True
GSM9270044	geo:GSE309595:GSM9270044	disease_free_text	multiple myeloma	file	raw/fp-53430067aac0/GSE309595_family.soft.gz		!Sample_title = PB00136-01 MM Pre-Treatment	True
GSM9270044	geo:GSE309595:GSM9270044	disease_free_text	multiple myeloma	file	raw/fp-53430067aac0/GSE309595_family.soft.gz		!Sample_characteristics_ch1 = visit: MM Pre-Treatment	True
GSM9270044	geo:GSE309595:GSM9270044	disease_free_text	multiple myeloma	file	raw/fp-53430067aac0/GSE309595_family.soft.gz		This cohort was also followed for the flu vaccine perturbation and blood samples were collected at 0, 7, and 90 days post-vaccination during two consecutive flu years.	True
GSM9270044	geo:GSE309595:GSM9270044	disease_free_text	multiple myeloma	file	raw/fp-53430067aac0/GSE309595_family.soft.gz		A cohort of patients aged 30 and older with newly diagnosed MM requiring systemic therapy was enrolled in Seattle, WA	True
GSM9270045	geo:GSE309595:GSM9270045	donor_id	FH1004	file	raw/fp-53430067aac0/GSE309595_family.soft.gz		!Sample_characteristics_ch1 = subject id: FH1004	True
GSM9270045	geo:GSE309595:GSM9270045	sex	male	file	raw/fp-53430067aac0/GSE309595_family.soft.gz		!Sample_characteristics_ch1 = Sex: Male	True
GSM9270045	geo:GSE309595:GSM9270045	tissue_free_text	Blood	file	raw/fp-53430067aac0/GSE309595_family.soft.gz		!Sample_characteristics_ch1 = tissue: Blood	True
GSM9270045	geo:GSE309595:GSM9270045	tissue_type	tissue	file	raw/fp-53430067aac0/GSE309595_family.soft.gz		!Sample_characteristics_ch1 = tissue: Blood	True
GSM9270045	geo:GSE309595:GSM9270045	tissue_type	tissue	file	raw/fp-53430067aac0/GSE309595_family.soft.gz		!Sample_characteristics_ch1 = cell type: PBMC	True
GSM9270045	geo:GSE309595:GSM9270045	suspension_type	cell	file	raw/fp-53430067aac0/GSE309595_family.soft.gz		single cell gene expression assay with Cell Hashing	True
GSM9270045	geo:GSE309595:GSM9270045	suspension_type	cell	file	raw/fp-53430067aac0/GSE309595_family.soft.gz		PBMCs were removed from liquid nitrogen and rapidly thawed in a 37	True
GSM9270045	geo:GSE309595:GSM9270045	gene_annotation_version	Ensembl v93	file	raw/fp-53430067aac0/GSE309595_family.soft.gz		refdata-cellranger-GRCh38-3.0.0; based on the GRCh38 genome reference and Ensembl v93 transcriptome annotations	True
GSM9270045	geo:GSE309595:GSM9270045	assay	10x 3' transcription profiling	file	raw/fp-53430067aac0/GSE309595_family.soft.gz		scRNAseq libraries were generated using a modified 10x genomics chromium 3′ single cell gene expression assay with Cell Hashing.	True
GSM9270045	geo:GSE309595:GSM9270045	self_reported_ethnicity	Caucasian	file	raw/fp-53430067aac0/GSE309595_family.soft.gz		!Sample_characteristics_ch1 = race: Caucasian	True
GSM9270045	geo:GSE309595:GSM9270045	disease_free_text	multiple myeloma	file	raw/fp-53430067aac0/GSE309595_family.soft.gz		Multiple myeloma (MM) is a hematological malignancy characterized by an expansion of malignant plasma cells in the bone marrow.	True
GSM9270045	geo:GSE309595:GSM9270045	disease_free_text	multiple myeloma	file	raw/fp-53430067aac0/GSE309595_family.soft.gz		!Sample_characteristics_ch1 = subject id: FH1004	True
GSM9270045	geo:GSE309595:GSM9270045	disease_free_text	multiple myeloma	file	raw/fp-53430067aac0/GSE309595_family.soft.gz		!Sample_characteristics_ch1 = visit: Flu Year 1 Stand-Alone	True
GSM9270045	geo:GSE309595:GSM9270045	disease_free_text	multiple myeloma	file	raw/fp-53430067aac0/GSE309595_family.soft.gz		!Sample_title = PB00136-01 MM Pre-Treatment	True
GSM9270045	geo:GSE309595:GSM9270045	disease_free_text	multiple myeloma	file	raw/fp-53430067aac0/GSE309595_family.soft.gz		!Sample_characteristics_ch1 = visit: MM Pre-Treatment	True
GSM9270045	geo:GSE309595:GSM9270045	disease_free_text	multiple myeloma	file	raw/fp-53430067aac0/GSE309595_family.soft.gz		This cohort was also followed for the flu vaccine perturbation and blood samples were collected at 0, 7, and 90 days post-vaccination during two consecutive flu years.	True
GSM9270045	geo:GSE309595:GSM9270045	disease_free_text	multiple myeloma	file	raw/fp-53430067aac0/GSE309595_family.soft.gz		A cohort of patients aged 30 and older with newly diagnosed MM requiring systemic therapy was enrolled in Seattle, WA	True
GSM9270046	geo:GSE309595:GSM9270046	donor_id	FH1002	file	raw/fp-53430067aac0/GSE309595_family.soft.gz		!Sample_characteristics_ch1 = subject id: FH1002	True
GSM9270046	geo:GSE309595:GSM9270046	sex	female	file	raw/fp-53430067aac0/GSE309595_family.soft.gz		!Sample_characteristics_ch1 = Sex: Female	True
GSM9270046	geo:GSE309595:GSM9270046	tissue_free_text	Blood	file	raw/fp-53430067aac0/GSE309595_family.soft.gz		!Sample_characteristics_ch1 = tissue: Blood	True
GSM9270046	geo:GSE309595:GSM9270046	tissue_type	tissue	file	raw/fp-53430067aac0/GSE309595_family.soft.gz		!Sample_characteristics_ch1 = tissue: Blood	True
GSM9270046	geo:GSE309595:GSM9270046	tissue_type	tissue	file	raw/fp-53430067aac0/GSE309595_family.soft.gz		!Sample_characteristics_ch1 = cell type: PBMC	True
GSM9270046	geo:GSE309595:GSM9270046	suspension_type	cell	file	raw/fp-53430067aac0/GSE309595_family.soft.gz		single cell gene expression assay with Cell Hashing	True
GSM9270046	geo:GSE309595:GSM9270046	suspension_type	cell	file	raw/fp-53430067aac0/GSE309595_family.soft.gz		PBMCs were removed from liquid nitrogen and rapidly thawed in a 37	True
GSM9270046	geo:GSE309595:GSM9270046	gene_annotation_version	Ensembl v93	file	raw/fp-53430067aac0/GSE309595_family.soft.gz		refdata-cellranger-GRCh38-3.0.0; based on the GRCh38 genome reference and Ensembl v93 transcriptome annotations	True
GSM9270046	geo:GSE309595:GSM9270046	assay	10x 3' transcription profiling	file	raw/fp-53430067aac0/GSE309595_family.soft.gz		scRNAseq libraries were generated using a modified 10x genomics chromium 3′ single cell gene expression assay with Cell Hashing.	True
GSM9270046	geo:GSE309595:GSM9270046	self_reported_ethnicity	Caucasian	file	raw/fp-53430067aac0/GSE309595_family.soft.gz		!Sample_characteristics_ch1 = race: Caucasian	True
GSM9270046	geo:GSE309595:GSM9270046	disease_free_text	multiple myeloma	file	raw/fp-53430067aac0/GSE309595_family.soft.gz		Multiple myeloma (MM) is a hematological malignancy characterized by an expansion of malignant plasma cells in the bone marrow.	True
GSM9270046	geo:GSE309595:GSM9270046	disease_free_text	multiple myeloma	file	raw/fp-53430067aac0/GSE309595_family.soft.gz		!Sample_characteristics_ch1 = subject id: FH1002	True
GSM9270046	geo:GSE309595:GSM9270046	disease_free_text	multiple myeloma	file	raw/fp-53430067aac0/GSE309595_family.soft.gz		!Sample_characteristics_ch1 = visit: Flu Year 1 Day 0	True
GSM9270046	geo:GSE309595:GSM9270046	disease_free_text	multiple myeloma	file	raw/fp-53430067aac0/GSE309595_family.soft.gz		!Sample_title = PB00135-01 MM Post Induction 2-Cycles	True
GSM9270046	geo:GSE309595:GSM9270046	disease_free_text	multiple myeloma	file	raw/fp-53430067aac0/GSE309595_family.soft.gz		!Sample_characteristics_ch1 = visit: MM Post Induction 2-Cycles	True
GSM9270046	geo:GSE309595:GSM9270046	disease_free_text	multiple myeloma	file	raw/fp-53430067aac0/GSE309595_family.soft.gz		This cohort was also followed for the flu vaccine perturbation and blood samples were collected at 0, 7, and 90 days post-vaccination during two consecutive flu years.	True
GSM9270046	geo:GSE309595:GSM9270046	disease_free_text	multiple myeloma	file	raw/fp-53430067aac0/GSE309595_family.soft.gz		A cohort of patients aged 30 and older with newly diagnosed MM requiring systemic therapy was enrolled in Seattle, WA	True
GSM9270047	geo:GSE309595:GSM9270047	donor_id	FH1002	file	raw/fp-53430067aac0/GSE309595_family.soft.gz		!Sample_characteristics_ch1 = subject id: FH1002	True
GSM9270047	geo:GSE309595:GSM9270047	sex	female	file	raw/fp-53430067aac0/GSE309595_family.soft.gz		!Sample_characteristics_ch1 = Sex: Female	True
GSM9270047	geo:GSE309595:GSM9270047	tissue_free_text	Blood	file	raw/fp-53430067aac0/GSE309595_family.soft.gz		!Sample_characteristics_ch1 = tissue: Blood	True
GSM9270047	geo:GSE309595:GSM9270047	tissue_type	tissue	file	raw/fp-53430067aac0/GSE309595_family.soft.gz		!Sample_characteristics_ch1 = tissue: Blood	True
GSM9270047	geo:GSE309595:GSM9270047	tissue_type	tissue	file	raw/fp-53430067aac0/GSE309595_family.soft.gz		!Sample_characteristics_ch1 = cell type: PBMC	True
GSM9270047	geo:GSE309595:GSM9270047	suspension_type	cell	file	raw/fp-53430067aac0/GSE309595_family.soft.gz		single cell gene expression assay with Cell Hashing	True
GSM9270047	geo:GSE309595:GSM9270047	suspension_type	cell	file	raw/fp-53430067aac0/GSE309595_family.soft.gz		PBMCs were removed from liquid nitrogen and rapidly thawed in a 37	True
GSM9270047	geo:GSE309595:GSM9270047	gene_annotation_version	Ensembl v93	file	raw/fp-53430067aac0/GSE309595_family.soft.gz		refdata-cellranger-GRCh38-3.0.0; based on the GRCh38 genome reference and Ensembl v93 transcriptome annotations	True
GSM9270047	geo:GSE309595:GSM9270047	assay	10x 3' transcription profiling	file	raw/fp-53430067aac0/GSE309595_family.soft.gz		scRNAseq libraries were generated using a modified 10x genomics chromium 3′ single cell gene expression assay with Cell Hashing.	True
GSM9270047	geo:GSE309595:GSM9270047	self_reported_ethnicity	Caucasian	file	raw/fp-53430067aac0/GSE309595_family.soft.gz		!Sample_characteristics_ch1 = race: Caucasian	True
GSM9270047	geo:GSE309595:GSM9270047	disease_free_text	multiple myeloma	file	raw/fp-53430067aac0/GSE309595_family.soft.gz		Multiple myeloma (MM) is a hematological malignancy characterized by an expansion of malignant plasma cells in the bone marrow.	True
GSM9270047	geo:GSE309595:GSM9270047	disease_free_text	multiple myeloma	file	raw/fp-53430067aac0/GSE309595_family.soft.gz		!Sample_characteristics_ch1 = subject id: FH1002	True
GSM9270047	geo:GSE309595:GSM9270047	disease_free_text	multiple myeloma	file	raw/fp-53430067aac0/GSE309595_family.soft.gz		!Sample_characteristics_ch1 = visit: Flu Year 1 Day 7	True
GSM9270047	geo:GSE309595:GSM9270047	disease_free_text	multiple myeloma	file	raw/fp-53430067aac0/GSE309595_family.soft.gz		!Sample_title = PB00135-01 MM Post Induction 2-Cycles	True
GSM9270047	geo:GSE309595:GSM9270047	disease_free_text	multiple myeloma	file	raw/fp-53430067aac0/GSE309595_family.soft.gz		!Sample_characteristics_ch1 = visit: MM Post Induction 2-Cycles	True
GSM9270047	geo:GSE309595:GSM9270047	disease_free_text	multiple myeloma	file	raw/fp-53430067aac0/GSE309595_family.soft.gz		This cohort was also followed for the flu vaccine perturbation and blood samples were collected at 0, 7, and 90 days post-vaccination during two consecutive flu years.	True
GSM9270047	geo:GSE309595:GSM9270047	disease_free_text	multiple myeloma	file	raw/fp-53430067aac0/GSE309595_family.soft.gz		A cohort of patients aged 30 and older with newly diagnosed MM requiring systemic therapy was enrolled in Seattle, WA	True
GSM9270048	geo:GSE309595:GSM9270048	donor_id	FH1004	file	raw/fp-53430067aac0/GSE309595_family.soft.gz		!Sample_characteristics_ch1 = subject id: FH1004	True
GSM9270048	geo:GSE309595:GSM9270048	sex	male	file	raw/fp-53430067aac0/GSE309595_family.soft.gz		!Sample_characteristics_ch1 = Sex: Male	True
GSM9270048	geo:GSE309595:GSM9270048	tissue_free_text	Blood	file	raw/fp-53430067aac0/GSE309595_family.soft.gz		!Sample_characteristics_ch1 = tissue: Blood	True
GSM9270048	geo:GSE309595:GSM9270048	tissue_type	tissue	file	raw/fp-53430067aac0/GSE309595_family.soft.gz		!Sample_characteristics_ch1 = tissue: Blood	True
GSM9270048	geo:GSE309595:GSM9270048	tissue_type	tissue	file	raw/fp-53430067aac0/GSE309595_family.soft.gz		!Sample_characteristics_ch1 = cell type: PBMC	True
GSM9270048	geo:GSE309595:GSM9270048	suspension_type	cell	file	raw/fp-53430067aac0/GSE309595_family.soft.gz		single cell gene expression assay with Cell Hashing	True
GSM9270048	geo:GSE309595:GSM9270048	suspension_type	cell	file	raw/fp-53430067aac0/GSE309595_family.soft.gz		PBMCs were removed from liquid nitrogen and rapidly thawed in a 37	True
GSM9270048	geo:GSE309595:GSM9270048	gene_annotation_version	Ensembl v93	file	raw/fp-53430067aac0/GSE309595_family.soft.gz		refdata-cellranger-GRCh38-3.0.0; based on the GRCh38 genome reference and Ensembl v93 transcriptome annotations	True
GSM9270048	geo:GSE309595:GSM9270048	assay	10x 3' transcription profiling	file	raw/fp-53430067aac0/GSE309595_family.soft.gz		scRNAseq libraries were generated using a modified 10x genomics chromium 3′ single cell gene expression assay with Cell Hashing.	True
GSM9270048	geo:GSE309595:GSM9270048	self_reported_ethnicity	Caucasian	file	raw/fp-53430067aac0/GSE309595_family.soft.gz		!Sample_characteristics_ch1 = race: Caucasian	True
GSM9270048	geo:GSE309595:GSM9270048	disease_free_text	multiple myeloma	file	raw/fp-53430067aac0/GSE309595_family.soft.gz		Multiple myeloma (MM) is a hematological malignancy characterized by an expansion of malignant plasma cells in the bone marrow.	True
GSM9270048	geo:GSE309595:GSM9270048	disease_free_text	multiple myeloma	file	raw/fp-53430067aac0/GSE309595_family.soft.gz		!Sample_characteristics_ch1 = subject id: FH1004	True
GSM9270048	geo:GSE309595:GSM9270048	disease_free_text	multiple myeloma	file	raw/fp-53430067aac0/GSE309595_family.soft.gz		!Sample_characteristics_ch1 = visit: Flu Year 1 Day 0	True
GSM9270048	geo:GSE309595:GSM9270048	disease_free_text	multiple myeloma	file	raw/fp-53430067aac0/GSE309595_family.soft.gz		!Sample_title = PB00136-01 MM Pre-Treatment	True
GSM9270048	geo:GSE309595:GSM9270048	disease_free_text	multiple myeloma	file	raw/fp-53430067aac0/GSE309595_family.soft.gz		!Sample_characteristics_ch1 = visit: MM Pre-Treatment	True
GSM9270048	geo:GSE309595:GSM9270048	disease_free_text	multiple myeloma	file	raw/fp-53430067aac0/GSE309595_family.soft.gz		This cohort was also followed for the flu vaccine perturbation and blood samples were collected at 0, 7, and 90 days post-vaccination during two consecutive flu years.	True
GSM9270048	geo:GSE309595:GSM9270048	disease_free_text	multiple myeloma	file	raw/fp-53430067aac0/GSE309595_family.soft.gz		A cohort of patients aged 30 and older with newly diagnosed MM requiring systemic therapy was enrolled in Seattle, WA	True
GSM9270049	geo:GSE309595:GSM9270049	donor_id	FH1003	file	raw/fp-53430067aac0/GSE309595_family.soft.gz		!Sample_characteristics_ch1 = subject id: FH1003	True
GSM9270049	geo:GSE309595:GSM9270049	sex	male	file	raw/fp-53430067aac0/GSE309595_family.soft.gz		!Sample_characteristics_ch1 = Sex: Male	True
GSM9270049	geo:GSE309595:GSM9270049	tissue_free_text	Blood	file	raw/fp-53430067aac0/GSE309595_family.soft.gz		!Sample_characteristics_ch1 = tissue: Blood	True
GSM9270049	geo:GSE309595:GSM9270049	tissue_type	tissue	file	raw/fp-53430067aac0/GSE309595_family.soft.gz		!Sample_characteristics_ch1 = tissue: Blood	True
GSM9270049	geo:GSE309595:GSM9270049	tissue_type	tissue	file	raw/fp-53430067aac0/GSE309595_family.soft.gz		!Sample_characteristics_ch1 = cell type: PBMC	True
GSM9270049	geo:GSE309595:GSM9270049	suspension_type	cell	file	raw/fp-53430067aac0/GSE309595_family.soft.gz		single cell gene expression assay with Cell Hashing	True
GSM9270049	geo:GSE309595:GSM9270049	suspension_type	cell	file	raw/fp-53430067aac0/GSE309595_family.soft.gz		PBMCs were removed from liquid nitrogen and rapidly thawed in a 37	True
GSM9270049	geo:GSE309595:GSM9270049	gene_annotation_version	Ensembl v93	file	raw/fp-53430067aac0/GSE309595_family.soft.gz		refdata-cellranger-GRCh38-3.0.0; based on the GRCh38 genome reference and Ensembl v93 transcriptome annotations	True
GSM9270049	geo:GSE309595:GSM9270049	assay	10x 3' transcription profiling	file	raw/fp-53430067aac0/GSE309595_family.soft.gz		scRNAseq libraries were generated using a modified 10x genomics chromium 3′ single cell gene expression assay with Cell Hashing.	True
GSM9270049	geo:GSE309595:GSM9270049	self_reported_ethnicity	Caucasian	file	raw/fp-53430067aac0/GSE309595_family.soft.gz		!Sample_characteristics_ch1 = race: Caucasian	True
GSM9270049	geo:GSE309595:GSM9270049	disease_free_text	multiple myeloma	file	raw/fp-53430067aac0/GSE309595_family.soft.gz		Multiple myeloma (MM) is a hematological malignancy characterized by an expansion of malignant plasma cells in the bone marrow.	True
GSM9270049	geo:GSE309595:GSM9270049	disease_free_text	multiple myeloma	file	raw/fp-53430067aac0/GSE309595_family.soft.gz		!Sample_characteristics_ch1 = subject id: FH1003	True
GSM9270049	geo:GSE309595:GSM9270049	disease_free_text	multiple myeloma	file	raw/fp-53430067aac0/GSE309595_family.soft.gz		!Sample_characteristics_ch1 = visit: MM Post Transplant 90 Days	True
GSM9270049	geo:GSE309595:GSM9270049	disease_free_text	multiple myeloma	file	raw/fp-53430067aac0/GSE309595_family.soft.gz		A cohort of patients aged 30 and older with newly diagnosed MM requiring systemic therapy was enrolled in Seattle, WA	True
GSM9270050	geo:GSE309595:GSM9270050	donor_id	FH1005	file	raw/fp-53430067aac0/GSE309595_family.soft.gz		!Sample_characteristics_ch1 = subject id: FH1005	True
GSM9270050	geo:GSE309595:GSM9270050	sex	female	file	raw/fp-53430067aac0/GSE309595_family.soft.gz		!Sample_characteristics_ch1 = Sex: Female	True
GSM9270050	geo:GSE309595:GSM9270050	tissue_free_text	Blood	file	raw/fp-53430067aac0/GSE309595_family.soft.gz		!Sample_characteristics_ch1 = tissue: Blood	True
GSM9270050	geo:GSE309595:GSM9270050	tissue_type	tissue	file	raw/fp-53430067aac0/GSE309595_family.soft.gz		!Sample_characteristics_ch1 = tissue: Blood	True
GSM9270050	geo:GSE309595:GSM9270050	tissue_type	tissue	file	raw/fp-53430067aac0/GSE309595_family.soft.gz		!Sample_characteristics_ch1 = cell type: PBMC	True
GSM9270050	geo:GSE309595:GSM9270050	suspension_type	cell	file	raw/fp-53430067aac0/GSE309595_family.soft.gz		single cell gene expression assay with Cell Hashing	True
GSM9270050	geo:GSE309595:GSM9270050	suspension_type	cell	file	raw/fp-53430067aac0/GSE309595_family.soft.gz		PBMCs were removed from liquid nitrogen and rapidly thawed in a 37	True
GSM9270050	geo:GSE309595:GSM9270050	gene_annotation_version	Ensembl v93	file	raw/fp-53430067aac0/GSE309595_family.soft.gz		refdata-cellranger-GRCh38-3.0.0; based on the GRCh38 genome reference and Ensembl v93 transcriptome annotations	True
GSM9270050	geo:GSE309595:GSM9270050	assay	10x 3' transcription profiling	file	raw/fp-53430067aac0/GSE309595_family.soft.gz		scRNAseq libraries were generated using a modified 10x genomics chromium 3′ single cell gene expression assay with Cell Hashing.	True
GSM9270050	geo:GSE309595:GSM9270050	self_reported_ethnicity	Caucasian	file	raw/fp-53430067aac0/GSE309595_family.soft.gz		!Sample_characteristics_ch1 = race: Caucasian	True
GSM9270050	geo:GSE309595:GSM9270050	disease_free_text	multiple myeloma	file	raw/fp-53430067aac0/GSE309595_family.soft.gz		Multiple myeloma (MM) is a hematological malignancy characterized by an expansion of malignant plasma cells in the bone marrow.	True
GSM9270050	geo:GSE309595:GSM9270050	disease_free_text	multiple myeloma	file	raw/fp-53430067aac0/GSE309595_family.soft.gz		!Sample_characteristics_ch1 = subject id: FH1005	True
GSM9270050	geo:GSE309595:GSM9270050	disease_free_text	multiple myeloma	file	raw/fp-53430067aac0/GSE309595_family.soft.gz		!Sample_characteristics_ch1 = visit: MM Post Transplant 60 Days	True
GSM9270050	geo:GSE309595:GSM9270050	disease_free_text	multiple myeloma	file	raw/fp-53430067aac0/GSE309595_family.soft.gz		A cohort of patients aged 30 and older with newly diagnosed MM requiring systemic therapy was enrolled in Seattle, WA	True
GSM9270051	geo:GSE309595:GSM9270051	donor_id	FH1004	file	raw/fp-53430067aac0/GSE309595_family.soft.gz		!Sample_characteristics_ch1 = subject id: FH1004	True
GSM9270051	geo:GSE309595:GSM9270051	sex	male	file	raw/fp-53430067aac0/GSE309595_family.soft.gz		!Sample_characteristics_ch1 = Sex: Male	True
GSM9270051	geo:GSE309595:GSM9270051	tissue_free_text	Blood	file	raw/fp-53430067aac0/GSE309595_family.soft.gz		!Sample_characteristics_ch1 = tissue: Blood	True
GSM9270051	geo:GSE309595:GSM9270051	tissue_type	tissue	file	raw/fp-53430067aac0/GSE309595_family.soft.gz		!Sample_characteristics_ch1 = tissue: Blood	True
GSM9270051	geo:GSE309595:GSM9270051	tissue_type	tissue	file	raw/fp-53430067aac0/GSE309595_family.soft.gz		!Sample_characteristics_ch1 = cell type: PBMC	True
GSM9270051	geo:GSE309595:GSM9270051	suspension_type	cell	file	raw/fp-53430067aac0/GSE309595_family.soft.gz		single cell gene expression assay with Cell Hashing	True
GSM9270051	geo:GSE309595:GSM9270051	suspension_type	cell	file	raw/fp-53430067aac0/GSE309595_family.soft.gz		PBMCs were removed from liquid nitrogen and rapidly thawed in a 37	True
GSM9270051	geo:GSE309595:GSM9270051	gene_annotation_version	Ensembl v93	file	raw/fp-53430067aac0/GSE309595_family.soft.gz		refdata-cellranger-GRCh38-3.0.0; based on the GRCh38 genome reference and Ensembl v93 transcriptome annotations	True
GSM9270051	geo:GSE309595:GSM9270051	assay	10x 3' transcription profiling	file	raw/fp-53430067aac0/GSE309595_family.soft.gz		scRNAseq libraries were generated using a modified 10x genomics chromium 3′ single cell gene expression assay with Cell Hashing.	True
GSM9270051	geo:GSE309595:GSM9270051	self_reported_ethnicity	Caucasian	file	raw/fp-53430067aac0/GSE309595_family.soft.gz		!Sample_characteristics_ch1 = race: Caucasian	True
GSM9270051	geo:GSE309595:GSM9270051	disease_free_text	multiple myeloma	file	raw/fp-53430067aac0/GSE309595_family.soft.gz		Multiple myeloma (MM) is a hematological malignancy characterized by an expansion of malignant plasma cells in the bone marrow.	True
GSM9270051	geo:GSE309595:GSM9270051	disease_free_text	multiple myeloma	file	raw/fp-53430067aac0/GSE309595_family.soft.gz		!Sample_characteristics_ch1 = subject id: FH1004	True
GSM9270051	geo:GSE309595:GSM9270051	disease_free_text	multiple myeloma	file	raw/fp-53430067aac0/GSE309595_family.soft.gz		!Sample_characteristics_ch1 = visit: Flu Year 1 Day 7	True
GSM9270051	geo:GSE309595:GSM9270051	disease_free_text	multiple myeloma	file	raw/fp-53430067aac0/GSE309595_family.soft.gz		!Sample_title = PB00136-01 MM Pre-Treatment	True
GSM9270051	geo:GSE309595:GSM9270051	disease_free_text	multiple myeloma	file	raw/fp-53430067aac0/GSE309595_family.soft.gz		!Sample_characteristics_ch1 = visit: MM Pre-Treatment	True
GSM9270051	geo:GSE309595:GSM9270051	disease_free_text	multiple myeloma	file	raw/fp-53430067aac0/GSE309595_family.soft.gz		This cohort was also followed for the flu vaccine perturbation and blood samples were collected at 0, 7, and 90 days post-vaccination during two consecutive flu years.	True
GSM9270051	geo:GSE309595:GSM9270051	disease_free_text	multiple myeloma	file	raw/fp-53430067aac0/GSE309595_family.soft.gz		A cohort of patients aged 30 and older with newly diagnosed MM requiring systemic therapy was enrolled in Seattle, WA	True
GSM9270052	geo:GSE309595:GSM9270052	donor_id	FH1003	file	raw/fp-53430067aac0/GSE309595_family.soft.gz		!Sample_characteristics_ch1 = subject id: FH1003	True
GSM9270052	geo:GSE309595:GSM9270052	sex	male	file	raw/fp-53430067aac0/GSE309595_family.soft.gz		!Sample_characteristics_ch1 = Sex: Male	True
GSM9270052	geo:GSE309595:GSM9270052	tissue_free_text	Blood	file	raw/fp-53430067aac0/GSE309595_family.soft.gz		!Sample_characteristics_ch1 = tissue: Blood	True
GSM9270052	geo:GSE309595:GSM9270052	tissue_type	tissue	file	raw/fp-53430067aac0/GSE309595_family.soft.gz		!Sample_characteristics_ch1 = tissue: Blood	True
GSM9270052	geo:GSE309595:GSM9270052	tissue_type	tissue	file	raw/fp-53430067aac0/GSE309595_family.soft.gz		!Sample_characteristics_ch1 = cell type: PBMC	True
GSM9270052	geo:GSE309595:GSM9270052	suspension_type	cell	file	raw/fp-53430067aac0/GSE309595_family.soft.gz		single cell gene expression assay with Cell Hashing	True
GSM9270052	geo:GSE309595:GSM9270052	suspension_type	cell	file	raw/fp-53430067aac0/GSE309595_family.soft.gz		PBMCs were removed from liquid nitrogen and rapidly thawed in a 37	True
GSM9270052	geo:GSE309595:GSM9270052	gene_annotation_version	Ensembl v93	file	raw/fp-53430067aac0/GSE309595_family.soft.gz		refdata-cellranger-GRCh38-3.0.0; based on the GRCh38 genome reference and Ensembl v93 transcriptome annotations	True
GSM9270052	geo:GSE309595:GSM9270052	assay	10x 3' transcription profiling	file	raw/fp-53430067aac0/GSE309595_family.soft.gz		scRNAseq libraries were generated using a modified 10x genomics chromium 3′ single cell gene expression assay with Cell Hashing.	True
GSM9270052	geo:GSE309595:GSM9270052	self_reported_ethnicity	Caucasian	file	raw/fp-53430067aac0/GSE309595_family.soft.gz		!Sample_characteristics_ch1 = race: Caucasian	True
GSM9270052	geo:GSE309595:GSM9270052	disease_free_text	multiple myeloma	file	raw/fp-53430067aac0/GSE309595_family.soft.gz		Multiple myeloma (MM) is a hematological malignancy characterized by an expansion of malignant plasma cells in the bone marrow.	True
GSM9270052	geo:GSE309595:GSM9270052	disease_free_text	multiple myeloma	file	raw/fp-53430067aac0/GSE309595_family.soft.gz		!Sample_characteristics_ch1 = subject id: FH1003	True
GSM9270052	geo:GSE309595:GSM9270052	disease_free_text	multiple myeloma	file	raw/fp-53430067aac0/GSE309595_family.soft.gz		!Sample_characteristics_ch1 = visit: Flu Year 1 Day 0	True
GSM9270052	geo:GSE309595:GSM9270052	disease_free_text	multiple myeloma	file	raw/fp-53430067aac0/GSE309595_family.soft.gz		!Sample_title = PB00238-02 MM End Induction 1st Draw	True
GSM9270052	geo:GSE309595:GSM9270052	disease_free_text	multiple myeloma	file	raw/fp-53430067aac0/GSE309595_family.soft.gz		!Sample_characteristics_ch1 = visit: MM End Induction 1st Draw	True
GSM9270052	geo:GSE309595:GSM9270052	disease_free_text	multiple myeloma	file	raw/fp-53430067aac0/GSE309595_family.soft.gz		This cohort was also followed for the flu vaccine perturbation and blood samples were collected at 0, 7, and 90 days post-vaccination during two consecutive flu years.	True
GSM9270052	geo:GSE309595:GSM9270052	disease_free_text	multiple myeloma	file	raw/fp-53430067aac0/GSE309595_family.soft.gz		A cohort of patients aged 30 and older with newly diagnosed MM requiring systemic therapy was enrolled in Seattle, WA	True
GSM9270053	geo:GSE309595:GSM9270053	donor_id	FH1012	file	raw/fp-53430067aac0/GSE309595_family.soft.gz		!Sample_characteristics_ch1 = subject id: FH1012	True
GSM9270053	geo:GSE309595:GSM9270053	sex	male	file	raw/fp-53430067aac0/GSE309595_family.soft.gz		!Sample_characteristics_ch1 = Sex: Male	True
GSM9270053	geo:GSE309595:GSM9270053	tissue_free_text	Blood	file	raw/fp-53430067aac0/GSE309595_family.soft.gz		!Sample_characteristics_ch1 = tissue: Blood	True
GSM9270053	geo:GSE309595:GSM9270053	tissue_type	tissue	file	raw/fp-53430067aac0/GSE309595_family.soft.gz		!Sample_characteristics_ch1 = tissue: Blood	True
GSM9270053	geo:GSE309595:GSM9270053	tissue_type	tissue	file	raw/fp-53430067aac0/GSE309595_family.soft.gz		!Sample_characteristics_ch1 = cell type: PBMC	True
GSM9270053	geo:GSE309595:GSM9270053	suspension_type	cell	file	raw/fp-53430067aac0/GSE309595_family.soft.gz		single cell gene expression assay with Cell Hashing	True
GSM9270053	geo:GSE309595:GSM9270053	suspension_type	cell	file	raw/fp-53430067aac0/GSE309595_family.soft.gz		PBMCs were removed from liquid nitrogen and rapidly thawed in a 37	True
GSM9270053	geo:GSE309595:GSM9270053	gene_annotation_version	Ensembl v93	file	raw/fp-53430067aac0/GSE309595_family.soft.gz		refdata-cellranger-GRCh38-3.0.0; based on the GRCh38 genome reference and Ensembl v93 transcriptome annotations	True
GSM9270053	geo:GSE309595:GSM9270053	assay	10x 3' transcription profiling	file	raw/fp-53430067aac0/GSE309595_family.soft.gz		scRNAseq libraries were generated using a modified 10x genomics chromium 3′ single cell gene expression assay with Cell Hashing.	True
GSM9270053	geo:GSE309595:GSM9270053	self_reported_ethnicity	Caucasian	file	raw/fp-53430067aac0/GSE309595_family.soft.gz		!Sample_characteristics_ch1 = race: Caucasian	True
GSM9270053	geo:GSE309595:GSM9270053	disease_free_text	multiple myeloma	file	raw/fp-53430067aac0/GSE309595_family.soft.gz		Multiple myeloma (MM) is a hematological malignancy characterized by an expansion of malignant plasma cells in the bone marrow.	True
GSM9270053	geo:GSE309595:GSM9270053	disease_free_text	multiple myeloma	file	raw/fp-53430067aac0/GSE309595_family.soft.gz		!Sample_characteristics_ch1 = subject id: FH1012	True
GSM9270053	geo:GSE309595:GSM9270053	disease_free_text	multiple myeloma	file	raw/fp-53430067aac0/GSE309595_family.soft.gz		!Sample_characteristics_ch1 = visit: COVID-19 Visit 5 Pre-transplant	True
GSM9270053	geo:GSE309595:GSM9270053	disease_free_text	multiple myeloma	file	raw/fp-53430067aac0/GSE309595_family.soft.gz		!Sample_title = PB01315-07 MM Pre-Treatment	True
GSM9270053	geo:GSE309595:GSM9270053	disease_free_text	multiple myeloma	file	raw/fp-53430067aac0/GSE309595_family.soft.gz		!Sample_characteristics_ch1 = visit: MM Pre-Treatment	True
GSM9270053	geo:GSE309595:GSM9270053	disease_free_text	multiple myeloma	file	raw/fp-53430067aac0/GSE309595_family.soft.gz		A cohort of patients aged 30 and older with newly diagnosed MM requiring systemic therapy was enrolled in Seattle, WA	True
GSM9270054	geo:GSE309595:GSM9270054	donor_id	FH1011	file	raw/fp-53430067aac0/GSE309595_family.soft.gz		!Sample_characteristics_ch1 = subject id: FH1011	True
GSM9270054	geo:GSE309595:GSM9270054	sex	male	file	raw/fp-53430067aac0/GSE309595_family.soft.gz		!Sample_characteristics_ch1 = Sex: Male	True
GSM9270054	geo:GSE309595:GSM9270054	tissue_free_text	Blood	file	raw/fp-53430067aac0/GSE309595_family.soft.gz		!Sample_characteristics_ch1 = tissue: Blood	True
GSM9270054	geo:GSE309595:GSM9270054	tissue_type	tissue	file	raw/fp-53430067aac0/GSE309595_family.soft.gz		!Sample_characteristics_ch1 = tissue: Blood	True
GSM9270054	geo:GSE309595:GSM9270054	tissue_type	tissue	file	raw/fp-53430067aac0/GSE309595_family.soft.gz		!Sample_characteristics_ch1 = cell type: PBMC	True
GSM9270054	geo:GSE309595:GSM9270054	suspension_type	cell	file	raw/fp-53430067aac0/GSE309595_family.soft.gz		single cell gene expression assay with Cell Hashing	True
GSM9270054	geo:GSE309595:GSM9270054	suspension_type	cell	file	raw/fp-53430067aac0/GSE309595_family.soft.gz		PBMCs were removed from liquid nitrogen and rapidly thawed in a 37	True
GSM9270054	geo:GSE309595:GSM9270054	gene_annotation_version	Ensembl v93	file	raw/fp-53430067aac0/GSE309595_family.soft.gz		refdata-cellranger-GRCh38-3.0.0; based on the GRCh38 genome reference and Ensembl v93 transcriptome annotations	True
GSM9270054	geo:GSE309595:GSM9270054	assay	10x 3' transcription profiling	file	raw/fp-53430067aac0/GSE309595_family.soft.gz		scRNAseq libraries were generated using a modified 10x genomics chromium 3′ single cell gene expression assay with Cell Hashing.	True
GSM9270054	geo:GSE309595:GSM9270054	disease_free_text	multiple myeloma	file	raw/fp-53430067aac0/GSE309595_family.soft.gz		Multiple myeloma (MM) is a hematological malignancy characterized by an expansion of malignant plasma cells in the bone marrow.	True
GSM9270054	geo:GSE309595:GSM9270054	disease_free_text	multiple myeloma	file	raw/fp-53430067aac0/GSE309595_family.soft.gz		!Sample_characteristics_ch1 = subject id: FH1011	True
GSM9270054	geo:GSE309595:GSM9270054	disease_free_text	multiple myeloma	file	raw/fp-53430067aac0/GSE309595_family.soft.gz		!Sample_characteristics_ch1 = visit: MM Post Induction 2-Cycles	True
GSM9270054	geo:GSE309595:GSM9270054	disease_free_text	multiple myeloma	file	raw/fp-53430067aac0/GSE309595_family.soft.gz		A cohort of patients aged 30 and older with newly diagnosed MM requiring systemic therapy was enrolled in Seattle, WA	True
GSM9270055	geo:GSE309595:GSM9270055	donor_id	FH1006	file	raw/fp-53430067aac0/GSE309595_family.soft.gz		!Sample_characteristics_ch1 = subject id: FH1006	True
GSM9270055	geo:GSE309595:GSM9270055	sex	female	file	raw/fp-53430067aac0/GSE309595_family.soft.gz		!Sample_characteristics_ch1 = Sex: Female	True
GSM9270055	geo:GSE309595:GSM9270055	tissue_free_text	Blood	file	raw/fp-53430067aac0/GSE309595_family.soft.gz		!Sample_characteristics_ch1 = tissue: Blood	True
GSM9270055	geo:GSE309595:GSM9270055	tissue_type	tissue	file	raw/fp-53430067aac0/GSE309595_family.soft.gz		!Sample_characteristics_ch1 = tissue: Blood	True
GSM9270055	geo:GSE309595:GSM9270055	tissue_type	tissue	file	raw/fp-53430067aac0/GSE309595_family.soft.gz		!Sample_characteristics_ch1 = cell type: PBMC	True
GSM9270055	geo:GSE309595:GSM9270055	suspension_type	cell	file	raw/fp-53430067aac0/GSE309595_family.soft.gz		single cell gene expression assay with Cell Hashing	True
GSM9270055	geo:GSE309595:GSM9270055	suspension_type	cell	file	raw/fp-53430067aac0/GSE309595_family.soft.gz		PBMCs were removed from liquid nitrogen and rapidly thawed in a 37	True
GSM9270055	geo:GSE309595:GSM9270055	gene_annotation_version	Ensembl v93	file	raw/fp-53430067aac0/GSE309595_family.soft.gz		refdata-cellranger-GRCh38-3.0.0; based on the GRCh38 genome reference and Ensembl v93 transcriptome annotations	True
GSM9270055	geo:GSE309595:GSM9270055	assay	10x 3' transcription profiling	file	raw/fp-53430067aac0/GSE309595_family.soft.gz		scRNAseq libraries were generated using a modified 10x genomics chromium 3′ single cell gene expression assay with Cell Hashing.	True
GSM9270055	geo:GSE309595:GSM9270055	self_reported_ethnicity	Caucasian	file	raw/fp-53430067aac0/GSE309595_family.soft.gz		!Sample_characteristics_ch1 = race: Caucasian	True
GSM9270055	geo:GSE309595:GSM9270055	disease_free_text	multiple myeloma	file	raw/fp-53430067aac0/GSE309595_family.soft.gz		Multiple myeloma (MM) is a hematological malignancy characterized by an expansion of malignant plasma cells in the bone marrow.	True
GSM9270055	geo:GSE309595:GSM9270055	disease_free_text	multiple myeloma	file	raw/fp-53430067aac0/GSE309595_family.soft.gz		!Sample_characteristics_ch1 = subject id: FH1006	True
GSM9270055	geo:GSE309595:GSM9270055	disease_free_text	multiple myeloma	file	raw/fp-53430067aac0/GSE309595_family.soft.gz		!Sample_characteristics_ch1 = visit: MM Post Transplant 60 Days	True
GSM9270055	geo:GSE309595:GSM9270055	disease_free_text	multiple myeloma	file	raw/fp-53430067aac0/GSE309595_family.soft.gz		A cohort of patients aged 30 and older with newly diagnosed MM requiring systemic therapy was enrolled in Seattle, WA	True
GSM9270056	geo:GSE309595:GSM9270056	donor_id	FH1009	file	raw/fp-53430067aac0/GSE309595_family.soft.gz		!Sample_characteristics_ch1 = subject id: FH1009	True
GSM9270056	geo:GSE309595:GSM9270056	sex	male	file	raw/fp-53430067aac0/GSE309595_family.soft.gz		!Sample_characteristics_ch1 = Sex: Male	True
GSM9270056	geo:GSE309595:GSM9270056	tissue_free_text	Blood	file	raw/fp-53430067aac0/GSE309595_family.soft.gz		!Sample_characteristics_ch1 = tissue: Blood	True
GSM9270056	geo:GSE309595:GSM9270056	tissue_type	tissue	file	raw/fp-53430067aac0/GSE309595_family.soft.gz		!Sample_characteristics_ch1 = tissue: Blood	True
GSM9270056	geo:GSE309595:GSM9270056	tissue_type	tissue	file	raw/fp-53430067aac0/GSE309595_family.soft.gz		!Sample_characteristics_ch1 = cell type: PBMC	True
GSM9270056	geo:GSE309595:GSM9270056	suspension_type	cell	file	raw/fp-53430067aac0/GSE309595_family.soft.gz		single cell gene expression assay with Cell Hashing	True
GSM9270056	geo:GSE309595:GSM9270056	suspension_type	cell	file	raw/fp-53430067aac0/GSE309595_family.soft.gz		PBMCs were removed from liquid nitrogen and rapidly thawed in a 37	True
GSM9270056	geo:GSE309595:GSM9270056	gene_annotation_version	Ensembl v93	file	raw/fp-53430067aac0/GSE309595_family.soft.gz		refdata-cellranger-GRCh38-3.0.0; based on the GRCh38 genome reference and Ensembl v93 transcriptome annotations	True
GSM9270056	geo:GSE309595:GSM9270056	assay	10x 3' transcription profiling	file	raw/fp-53430067aac0/GSE309595_family.soft.gz		scRNAseq libraries were generated using a modified 10x genomics chromium 3′ single cell gene expression assay with Cell Hashing.	True
GSM9270056	geo:GSE309595:GSM9270056	disease_free_text	multiple myeloma	file	raw/fp-53430067aac0/GSE309595_family.soft.gz		Multiple myeloma (MM) is a hematological malignancy characterized by an expansion of malignant plasma cells in the bone marrow.	True
GSM9270056	geo:GSE309595:GSM9270056	disease_free_text	multiple myeloma	file	raw/fp-53430067aac0/GSE309595_family.soft.gz		!Sample_characteristics_ch1 = subject id: FH1009	True
GSM9270056	geo:GSE309595:GSM9270056	disease_free_text	multiple myeloma	file	raw/fp-53430067aac0/GSE309595_family.soft.gz		!Sample_characteristics_ch1 = visit: MM Post Transplant 60 Days	True
GSM9270056	geo:GSE309595:GSM9270056	disease_free_text	multiple myeloma	file	raw/fp-53430067aac0/GSE309595_family.soft.gz		A cohort of patients aged 30 and older with newly diagnosed MM requiring systemic therapy was enrolled in Seattle, WA	True
GSM9270057	geo:GSE309595:GSM9270057	donor_id	FH1012	file	raw/fp-53430067aac0/GSE309595_family.soft.gz		!Sample_characteristics_ch1 = subject id: FH1012	True
GSM9270057	geo:GSE309595:GSM9270057	sex	male	file	raw/fp-53430067aac0/GSE309595_family.soft.gz		!Sample_characteristics_ch1 = Sex: Male	True
GSM9270057	geo:GSE309595:GSM9270057	tissue_free_text	Blood	file	raw/fp-53430067aac0/GSE309595_family.soft.gz		!Sample_characteristics_ch1 = tissue: Blood	True
GSM9270057	geo:GSE309595:GSM9270057	tissue_type	tissue	file	raw/fp-53430067aac0/GSE309595_family.soft.gz		!Sample_characteristics_ch1 = tissue: Blood	True
GSM9270057	geo:GSE309595:GSM9270057	tissue_type	tissue	file	raw/fp-53430067aac0/GSE309595_family.soft.gz		!Sample_characteristics_ch1 = cell type: PBMC	True
GSM9270057	geo:GSE309595:GSM9270057	suspension_type	cell	file	raw/fp-53430067aac0/GSE309595_family.soft.gz		single cell gene expression assay with Cell Hashing	True
GSM9270057	geo:GSE309595:GSM9270057	suspension_type	cell	file	raw/fp-53430067aac0/GSE309595_family.soft.gz		PBMCs were removed from liquid nitrogen and rapidly thawed in a 37	True
GSM9270057	geo:GSE309595:GSM9270057	gene_annotation_version	Ensembl v93	file	raw/fp-53430067aac0/GSE309595_family.soft.gz		refdata-cellranger-GRCh38-3.0.0; based on the GRCh38 genome reference and Ensembl v93 transcriptome annotations	True
GSM9270057	geo:GSE309595:GSM9270057	assay	10x 3' transcription profiling	file	raw/fp-53430067aac0/GSE309595_family.soft.gz		scRNAseq libraries were generated using a modified 10x genomics chromium 3′ single cell gene expression assay with Cell Hashing.	True
GSM9270057	geo:GSE309595:GSM9270057	self_reported_ethnicity	Caucasian	file	raw/fp-53430067aac0/GSE309595_family.soft.gz		!Sample_characteristics_ch1 = race: Caucasian	True
GSM9270057	geo:GSE309595:GSM9270057	disease_free_text	multiple myeloma	file	raw/fp-53430067aac0/GSE309595_family.soft.gz		Multiple myeloma (MM) is a hematological malignancy characterized by an expansion of malignant plasma cells in the bone marrow.	True
GSM9270057	geo:GSE309595:GSM9270057	disease_free_text	multiple myeloma	file	raw/fp-53430067aac0/GSE309595_family.soft.gz		!Sample_characteristics_ch1 = subject id: FH1012	True
GSM9270057	geo:GSE309595:GSM9270057	disease_free_text	multiple myeloma	file	raw/fp-53430067aac0/GSE309595_family.soft.gz		!Sample_characteristics_ch1 = visit: COVID-19 Visit 6 Pre-transplant	True
GSM9270057	geo:GSE309595:GSM9270057	disease_free_text	multiple myeloma	file	raw/fp-53430067aac0/GSE309595_family.soft.gz		!Sample_title = PB01315-07 MM Pre-Treatment	True
GSM9270057	geo:GSE309595:GSM9270057	disease_free_text	multiple myeloma	file	raw/fp-53430067aac0/GSE309595_family.soft.gz		!Sample_characteristics_ch1 = visit: MM Pre-Treatment	True
GSM9270057	geo:GSE309595:GSM9270057	disease_free_text	multiple myeloma	file	raw/fp-53430067aac0/GSE309595_family.soft.gz		A cohort of patients aged 30 and older with newly diagnosed MM requiring systemic therapy was enrolled in Seattle, WA	True
GSM9270058	geo:GSE309595:GSM9270058	donor_id	FH1014	file	raw/fp-53430067aac0/GSE309595_family.soft.gz		!Sample_characteristics_ch1 = subject id: FH1014	True
GSM9270058	geo:GSE309595:GSM9270058	sex	male	file	raw/fp-53430067aac0/GSE309595_family.soft.gz		!Sample_characteristics_ch1 = Sex: Male	True
GSM9270058	geo:GSE309595:GSM9270058	tissue_free_text	Blood	file	raw/fp-53430067aac0/GSE309595_family.soft.gz		!Sample_characteristics_ch1 = tissue: Blood	True
GSM9270058	geo:GSE309595:GSM9270058	tissue_type	tissue	file	raw/fp-53430067aac0/GSE309595_family.soft.gz		!Sample_characteristics_ch1 = tissue: Blood	True
GSM9270058	geo:GSE309595:GSM9270058	tissue_type	tissue	file	raw/fp-53430067aac0/GSE309595_family.soft.gz		!Sample_characteristics_ch1 = cell type: PBMC	True
GSM9270058	geo:GSE309595:GSM9270058	suspension_type	cell	file	raw/fp-53430067aac0/GSE309595_family.soft.gz		single cell gene expression assay with Cell Hashing	True
GSM9270058	geo:GSE309595:GSM9270058	suspension_type	cell	file	raw/fp-53430067aac0/GSE309595_family.soft.gz		PBMCs were removed from liquid nitrogen and rapidly thawed in a 37	True
GSM9270058	geo:GSE309595:GSM9270058	gene_annotation_version	Ensembl v93	file	raw/fp-53430067aac0/GSE309595_family.soft.gz		refdata-cellranger-GRCh38-3.0.0; based on the GRCh38 genome reference and Ensembl v93 transcriptome annotations	True
GSM9270058	geo:GSE309595:GSM9270058	assay	10x 3' transcription profiling	file	raw/fp-53430067aac0/GSE309595_family.soft.gz		scRNAseq libraries were generated using a modified 10x genomics chromium 3′ single cell gene expression assay with Cell Hashing.	True
GSM9270058	geo:GSE309595:GSM9270058	self_reported_ethnicity	Caucasian	file	raw/fp-53430067aac0/GSE309595_family.soft.gz		!Sample_characteristics_ch1 = race: Caucasian	True
GSM9270058	geo:GSE309595:GSM9270058	disease_free_text	multiple myeloma	file	raw/fp-53430067aac0/GSE309595_family.soft.gz		Multiple myeloma (MM) is a hematological malignancy characterized by an expansion of malignant plasma cells in the bone marrow.	True
GSM9270058	geo:GSE309595:GSM9270058	disease_free_text	multiple myeloma	file	raw/fp-53430067aac0/GSE309595_family.soft.gz		!Sample_characteristics_ch1 = subject id: FH1014	True
GSM9270058	geo:GSE309595:GSM9270058	disease_free_text	multiple myeloma	file	raw/fp-53430067aac0/GSE309595_family.soft.gz		!Sample_characteristics_ch1 = visit: MM Pre-Treatment	True
GSM9270058	geo:GSE309595:GSM9270058	disease_free_text	multiple myeloma	file	raw/fp-53430067aac0/GSE309595_family.soft.gz		A cohort of patients aged 30 and older with newly diagnosed MM requiring systemic therapy was enrolled in Seattle, WA	True
GSM9270059	geo:GSE309595:GSM9270059	donor_id	FH1012	file	raw/fp-53430067aac0/GSE309595_family.soft.gz		!Sample_characteristics_ch1 = subject id: FH1012	True
GSM9270059	geo:GSE309595:GSM9270059	sex	male	file	raw/fp-53430067aac0/GSE309595_family.soft.gz		!Sample_characteristics_ch1 = Sex: Male	True
GSM9270059	geo:GSE309595:GSM9270059	tissue_free_text	Blood	file	raw/fp-53430067aac0/GSE309595_family.soft.gz		!Sample_characteristics_ch1 = tissue: Blood	True
GSM9270059	geo:GSE309595:GSM9270059	tissue_type	tissue	file	raw/fp-53430067aac0/GSE309595_family.soft.gz		!Sample_characteristics_ch1 = tissue: Blood	True
GSM9270059	geo:GSE309595:GSM9270059	tissue_type	tissue	file	raw/fp-53430067aac0/GSE309595_family.soft.gz		!Sample_characteristics_ch1 = cell type: PBMC	True
GSM9270059	geo:GSE309595:GSM9270059	suspension_type	cell	file	raw/fp-53430067aac0/GSE309595_family.soft.gz		single cell gene expression assay with Cell Hashing	True
GSM9270059	geo:GSE309595:GSM9270059	suspension_type	cell	file	raw/fp-53430067aac0/GSE309595_family.soft.gz		PBMCs were removed from liquid nitrogen and rapidly thawed in a 37	True
GSM9270059	geo:GSE309595:GSM9270059	gene_annotation_version	Ensembl v93	file	raw/fp-53430067aac0/GSE309595_family.soft.gz		refdata-cellranger-GRCh38-3.0.0; based on the GRCh38 genome reference and Ensembl v93 transcriptome annotations	True
GSM9270059	geo:GSE309595:GSM9270059	assay	10x 3' transcription profiling	file	raw/fp-53430067aac0/GSE309595_family.soft.gz		scRNAseq libraries were generated using a modified 10x genomics chromium 3′ single cell gene expression assay with Cell Hashing.	True
GSM9270059	geo:GSE309595:GSM9270059	self_reported_ethnicity	Caucasian	file	raw/fp-53430067aac0/GSE309595_family.soft.gz		!Sample_characteristics_ch1 = race: Caucasian	True
GSM9270059	geo:GSE309595:GSM9270059	disease_free_text	multiple myeloma	file	raw/fp-53430067aac0/GSE309595_family.soft.gz		Multiple myeloma (MM) is a hematological malignancy characterized by an expansion of malignant plasma cells in the bone marrow.	True
GSM9270059	geo:GSE309595:GSM9270059	disease_free_text	multiple myeloma	file	raw/fp-53430067aac0/GSE309595_family.soft.gz		!Sample_characteristics_ch1 = subject id: FH1012	True
GSM9270059	geo:GSE309595:GSM9270059	disease_free_text	multiple myeloma	file	raw/fp-53430067aac0/GSE309595_family.soft.gz		!Sample_characteristics_ch1 = visit: COVID-19 Visit 7 Pre-transplant	True
GSM9270059	geo:GSE309595:GSM9270059	disease_free_text	multiple myeloma	file	raw/fp-53430067aac0/GSE309595_family.soft.gz		!Sample_title = PB01315-07 MM Pre-Treatment	True
GSM9270059	geo:GSE309595:GSM9270059	disease_free_text	multiple myeloma	file	raw/fp-53430067aac0/GSE309595_family.soft.gz		!Sample_characteristics_ch1 = visit: MM Pre-Treatment	True
GSM9270059	geo:GSE309595:GSM9270059	disease_free_text	multiple myeloma	file	raw/fp-53430067aac0/GSE309595_family.soft.gz		A cohort of patients aged 30 and older with newly diagnosed MM requiring systemic therapy was enrolled in Seattle, WA	True
GSM9270060	geo:GSE309595:GSM9270060	donor_id	FH1002	file	raw/fp-53430067aac0/GSE309595_family.soft.gz		!Sample_characteristics_ch1 = subject id: FH1002	True
GSM9270060	geo:GSE309595:GSM9270060	sex	female	file	raw/fp-53430067aac0/GSE309595_family.soft.gz		!Sample_characteristics_ch1 = Sex: Female	True
GSM9270060	geo:GSE309595:GSM9270060	tissue_free_text	Blood	file	raw/fp-53430067aac0/GSE309595_family.soft.gz		!Sample_characteristics_ch1 = tissue: Blood	True
GSM9270060	geo:GSE309595:GSM9270060	tissue_type	tissue	file	raw/fp-53430067aac0/GSE309595_family.soft.gz		!Sample_characteristics_ch1 = tissue: Blood	True
GSM9270060	geo:GSE309595:GSM9270060	tissue_type	tissue	file	raw/fp-53430067aac0/GSE309595_family.soft.gz		!Sample_characteristics_ch1 = cell type: PBMC	True
GSM9270060	geo:GSE309595:GSM9270060	suspension_type	cell	file	raw/fp-53430067aac0/GSE309595_family.soft.gz		single cell gene expression assay with Cell Hashing	True
GSM9270060	geo:GSE309595:GSM9270060	suspension_type	cell	file	raw/fp-53430067aac0/GSE309595_family.soft.gz		PBMCs were removed from liquid nitrogen and rapidly thawed in a 37	True
GSM9270060	geo:GSE309595:GSM9270060	gene_annotation_version	Ensembl v93	file	raw/fp-53430067aac0/GSE309595_family.soft.gz		refdata-cellranger-GRCh38-3.0.0; based on the GRCh38 genome reference and Ensembl v93 transcriptome annotations	True
GSM9270060	geo:GSE309595:GSM9270060	assay	10x 3' transcription profiling	file	raw/fp-53430067aac0/GSE309595_family.soft.gz		scRNAseq libraries were generated using a modified 10x genomics chromium 3′ single cell gene expression assay with Cell Hashing.	True
GSM9270060	geo:GSE309595:GSM9270060	self_reported_ethnicity	Caucasian	file	raw/fp-53430067aac0/GSE309595_family.soft.gz		!Sample_characteristics_ch1 = race: Caucasian	True
GSM9270060	geo:GSE309595:GSM9270060	disease_free_text	multiple myeloma	file	raw/fp-53430067aac0/GSE309595_family.soft.gz		Multiple myeloma (MM) is a hematological malignancy characterized by an expansion of malignant plasma cells in the bone marrow.	True
GSM9270060	geo:GSE309595:GSM9270060	disease_free_text	multiple myeloma	file	raw/fp-53430067aac0/GSE309595_family.soft.gz		!Sample_characteristics_ch1 = subject id: FH1002	True
GSM9270060	geo:GSE309595:GSM9270060	disease_free_text	multiple myeloma	file	raw/fp-53430067aac0/GSE309595_family.soft.gz		!Sample_characteristics_ch1 = visit: Flu Year 1 Day 90	True
GSM9270060	geo:GSE309595:GSM9270060	disease_free_text	multiple myeloma	file	raw/fp-53430067aac0/GSE309595_family.soft.gz		!Sample_title = PB00135-01 MM Post Induction 2-Cycles	True
GSM9270060	geo:GSE309595:GSM9270060	disease_free_text	multiple myeloma	file	raw/fp-53430067aac0/GSE309595_family.soft.gz		!Sample_characteristics_ch1 = visit: MM Post Induction 2-Cycles	True
GSM9270060	geo:GSE309595:GSM9270060	disease_free_text	multiple myeloma	file	raw/fp-53430067aac0/GSE309595_family.soft.gz		This cohort was also followed for the flu vaccine perturbation and blood samples were collected at 0, 7, and 90 days post-vaccination during two consecutive flu years.	True
GSM9270060	geo:GSE309595:GSM9270060	disease_free_text	multiple myeloma	file	raw/fp-53430067aac0/GSE309595_family.soft.gz		A cohort of patients aged 30 and older with newly diagnosed MM requiring systemic therapy was enrolled in Seattle, WA	True
GSM9270061	geo:GSE309595:GSM9270061	donor_id	FH1003	file	raw/fp-53430067aac0/GSE309595_family.soft.gz		!Sample_characteristics_ch1 = subject id: FH1003	True
GSM9270061	geo:GSE309595:GSM9270061	sex	male	file	raw/fp-53430067aac0/GSE309595_family.soft.gz		!Sample_characteristics_ch1 = Sex: Male	True
GSM9270061	geo:GSE309595:GSM9270061	tissue_free_text	Blood	file	raw/fp-53430067aac0/GSE309595_family.soft.gz		!Sample_characteristics_ch1 = tissue: Blood	True
GSM9270061	geo:GSE309595:GSM9270061	tissue_type	tissue	file	raw/fp-53430067aac0/GSE309595_family.soft.gz		!Sample_characteristics_ch1 = tissue: Blood	True
GSM9270061	geo:GSE309595:GSM9270061	tissue_type	tissue	file	raw/fp-53430067aac0/GSE309595_family.soft.gz		!Sample_characteristics_ch1 = cell type: PBMC	True
GSM9270061	geo:GSE309595:GSM9270061	suspension_type	cell	file	raw/fp-53430067aac0/GSE309595_family.soft.gz		single cell gene expression assay with Cell Hashing	True
GSM9270061	geo:GSE309595:GSM9270061	suspension_type	cell	file	raw/fp-53430067aac0/GSE309595_family.soft.gz		PBMCs were removed from liquid nitrogen and rapidly thawed in a 37	True
GSM9270061	geo:GSE309595:GSM9270061	gene_annotation_version	Ensembl v93	file	raw/fp-53430067aac0/GSE309595_family.soft.gz		refdata-cellranger-GRCh38-3.0.0; based on the GRCh38 genome reference and Ensembl v93 transcriptome annotations	True
GSM9270061	geo:GSE309595:GSM9270061	assay	10x 3' transcription profiling	file	raw/fp-53430067aac0/GSE309595_family.soft.gz		scRNAseq libraries were generated using a modified 10x genomics chromium 3′ single cell gene expression assay with Cell Hashing.	True
GSM9270061	geo:GSE309595:GSM9270061	self_reported_ethnicity	Caucasian	file	raw/fp-53430067aac0/GSE309595_family.soft.gz		!Sample_characteristics_ch1 = race: Caucasian	True
GSM9270061	geo:GSE309595:GSM9270061	disease_free_text	multiple myeloma	file	raw/fp-53430067aac0/GSE309595_family.soft.gz		Multiple myeloma (MM) is a hematological malignancy characterized by an expansion of malignant plasma cells in the bone marrow.	True
GSM9270061	geo:GSE309595:GSM9270061	disease_free_text	multiple myeloma	file	raw/fp-53430067aac0/GSE309595_family.soft.gz		!Sample_characteristics_ch1 = subject id: FH1003	True
GSM9270061	geo:GSE309595:GSM9270061	disease_free_text	multiple myeloma	file	raw/fp-53430067aac0/GSE309595_family.soft.gz		!Sample_characteristics_ch1 = visit: Flu Year 1 Day 90	True
GSM9270061	geo:GSE309595:GSM9270061	disease_free_text	multiple myeloma	file	raw/fp-53430067aac0/GSE309595_family.soft.gz		!Sample_title = PB00238-02 MM End Induction 1st Draw	True
GSM9270061	geo:GSE309595:GSM9270061	disease_free_text	multiple myeloma	file	raw/fp-53430067aac0/GSE309595_family.soft.gz		!Sample_characteristics_ch1 = visit: MM End Induction 1st Draw	True
GSM9270061	geo:GSE309595:GSM9270061	disease_free_text	multiple myeloma	file	raw/fp-53430067aac0/GSE309595_family.soft.gz		This cohort was also followed for the flu vaccine perturbation and blood samples were collected at 0, 7, and 90 days post-vaccination during two consecutive flu years.	True
GSM9270061	geo:GSE309595:GSM9270061	disease_free_text	multiple myeloma	file	raw/fp-53430067aac0/GSE309595_family.soft.gz		A cohort of patients aged 30 and older with newly diagnosed MM requiring systemic therapy was enrolled in Seattle, WA	True
GSM9270062	geo:GSE309595:GSM9270062	donor_id	FH1014	file	raw/fp-53430067aac0/GSE309595_family.soft.gz		!Sample_characteristics_ch1 = subject id: FH1014	True
GSM9270062	geo:GSE309595:GSM9270062	sex	male	file	raw/fp-53430067aac0/GSE309595_family.soft.gz		!Sample_characteristics_ch1 = Sex: Male	True
GSM9270062	geo:GSE309595:GSM9270062	tissue_free_text	Blood	file	raw/fp-53430067aac0/GSE309595_family.soft.gz		!Sample_characteristics_ch1 = tissue: Blood	True
GSM9270062	geo:GSE309595:GSM9270062	tissue_type	tissue	file	raw/fp-53430067aac0/GSE309595_family.soft.gz		!Sample_characteristics_ch1 = tissue: Blood	True
GSM9270062	geo:GSE309595:GSM9270062	tissue_type	tissue	file	raw/fp-53430067aac0/GSE309595_family.soft.gz		!Sample_characteristics_ch1 = cell type: PBMC	True
GSM9270062	geo:GSE309595:GSM9270062	suspension_type	cell	file	raw/fp-53430067aac0/GSE309595_family.soft.gz		single cell gene expression assay with Cell Hashing	True
GSM9270062	geo:GSE309595:GSM9270062	suspension_type	cell	file	raw/fp-53430067aac0/GSE309595_family.soft.gz		PBMCs were removed from liquid nitrogen and rapidly thawed in a 37	True
GSM9270062	geo:GSE309595:GSM9270062	gene_annotation_version	Ensembl v93	file	raw/fp-53430067aac0/GSE309595_family.soft.gz		refdata-cellranger-GRCh38-3.0.0; based on the GRCh38 genome reference and Ensembl v93 transcriptome annotations	True
GSM9270062	geo:GSE309595:GSM9270062	assay	10x 3' transcription profiling	file	raw/fp-53430067aac0/GSE309595_family.soft.gz		scRNAseq libraries were generated using a modified 10x genomics chromium 3′ single cell gene expression assay with Cell Hashing.	True
GSM9270062	geo:GSE309595:GSM9270062	self_reported_ethnicity	Caucasian	file	raw/fp-53430067aac0/GSE309595_family.soft.gz		!Sample_characteristics_ch1 = race: Caucasian	True
GSM9270062	geo:GSE309595:GSM9270062	disease_free_text	multiple myeloma	file	raw/fp-53430067aac0/GSE309595_family.soft.gz		Multiple myeloma (MM) is a hematological malignancy characterized by an expansion of malignant plasma cells in the bone marrow.	True
GSM9270062	geo:GSE309595:GSM9270062	disease_free_text	multiple myeloma	file	raw/fp-53430067aac0/GSE309595_family.soft.gz		!Sample_characteristics_ch1 = subject id: FH1014	True
GSM9270062	geo:GSE309595:GSM9270062	disease_free_text	multiple myeloma	file	raw/fp-53430067aac0/GSE309595_family.soft.gz		!Sample_characteristics_ch1 = visit: MM Post Induction 2-Cycles	True
GSM9270062	geo:GSE309595:GSM9270062	disease_free_text	multiple myeloma	file	raw/fp-53430067aac0/GSE309595_family.soft.gz		A cohort of patients aged 30 and older with newly diagnosed MM requiring systemic therapy was enrolled in Seattle, WA	True
GSM9270063	geo:GSE309595:GSM9270063	donor_id	FH1011	file	raw/fp-53430067aac0/GSE309595_family.soft.gz		!Sample_characteristics_ch1 = subject id: FH1011	True
GSM9270063	geo:GSE309595:GSM9270063	sex	male	file	raw/fp-53430067aac0/GSE309595_family.soft.gz		!Sample_characteristics_ch1 = Sex: Male	True
GSM9270063	geo:GSE309595:GSM9270063	tissue_free_text	Blood	file	raw/fp-53430067aac0/GSE309595_family.soft.gz		!Sample_characteristics_ch1 = tissue: Blood	True
GSM9270063	geo:GSE309595:GSM9270063	tissue_type	tissue	file	raw/fp-53430067aac0/GSE309595_family.soft.gz		!Sample_characteristics_ch1 = tissue: Blood	True
GSM9270063	geo:GSE309595:GSM9270063	tissue_type	tissue	file	raw/fp-53430067aac0/GSE309595_family.soft.gz		!Sample_characteristics_ch1 = cell type: PBMC	True
GSM9270063	geo:GSE309595:GSM9270063	suspension_type	cell	file	raw/fp-53430067aac0/GSE309595_family.soft.gz		single cell gene expression assay with Cell Hashing	True
GSM9270063	geo:GSE309595:GSM9270063	suspension_type	cell	file	raw/fp-53430067aac0/GSE309595_family.soft.gz		PBMCs were removed from liquid nitrogen and rapidly thawed in a 37	True
GSM9270063	geo:GSE309595:GSM9270063	gene_annotation_version	Ensembl v93	file	raw/fp-53430067aac0/GSE309595_family.soft.gz		refdata-cellranger-GRCh38-3.0.0; based on the GRCh38 genome reference and Ensembl v93 transcriptome annotations	True
GSM9270063	geo:GSE309595:GSM9270063	assay	10x 3' transcription profiling	file	raw/fp-53430067aac0/GSE309595_family.soft.gz		scRNAseq libraries were generated using a modified 10x genomics chromium 3′ single cell gene expression assay with Cell Hashing.	True
GSM9270063	geo:GSE309595:GSM9270063	disease_free_text	multiple myeloma	file	raw/fp-53430067aac0/GSE309595_family.soft.gz		Multiple myeloma (MM) is a hematological malignancy characterized by an expansion of malignant plasma cells in the bone marrow.	True
GSM9270063	geo:GSE309595:GSM9270063	disease_free_text	multiple myeloma	file	raw/fp-53430067aac0/GSE309595_family.soft.gz		!Sample_characteristics_ch1 = subject id: FH1011	True
GSM9270063	geo:GSE309595:GSM9270063	disease_free_text	multiple myeloma	file	raw/fp-53430067aac0/GSE309595_family.soft.gz		!Sample_characteristics_ch1 = visit: MM End Induction 1st Draw	True
GSM9270063	geo:GSE309595:GSM9270063	disease_free_text	multiple myeloma	file	raw/fp-53430067aac0/GSE309595_family.soft.gz		A cohort of patients aged 30 and older with newly diagnosed MM requiring systemic therapy was enrolled in Seattle, WA	True
GSM9270064	geo:GSE309595:GSM9270064	donor_id	FH1017	file	raw/fp-53430067aac0/GSE309595_family.soft.gz		!Sample_characteristics_ch1 = subject id: FH1017	True
GSM9270064	geo:GSE309595:GSM9270064	sex	female	file	raw/fp-53430067aac0/GSE309595_family.soft.gz		!Sample_characteristics_ch1 = Sex: Female	True
GSM9270064	geo:GSE309595:GSM9270064	tissue_free_text	Blood	file	raw/fp-53430067aac0/GSE309595_family.soft.gz		!Sample_characteristics_ch1 = tissue: Blood	True
GSM9270064	geo:GSE309595:GSM9270064	tissue_type	tissue	file	raw/fp-53430067aac0/GSE309595_family.soft.gz		!Sample_characteristics_ch1 = tissue: Blood	True
GSM9270064	geo:GSE309595:GSM9270064	tissue_type	tissue	file	raw/fp-53430067aac0/GSE309595_family.soft.gz		!Sample_characteristics_ch1 = cell type: PBMC	True
GSM9270064	geo:GSE309595:GSM9270064	suspension_type	cell	file	raw/fp-53430067aac0/GSE309595_family.soft.gz		single cell gene expression assay with Cell Hashing	True
GSM9270064	geo:GSE309595:GSM9270064	suspension_type	cell	file	raw/fp-53430067aac0/GSE309595_family.soft.gz		PBMCs were removed from liquid nitrogen and rapidly thawed in a 37	True
GSM9270064	geo:GSE309595:GSM9270064	gene_annotation_version	Ensembl v93	file	raw/fp-53430067aac0/GSE309595_family.soft.gz		refdata-cellranger-GRCh38-3.0.0; based on the GRCh38 genome reference and Ensembl v93 transcriptome annotations	True
GSM9270064	geo:GSE309595:GSM9270064	assay	10x 3' transcription profiling	file	raw/fp-53430067aac0/GSE309595_family.soft.gz		scRNAseq libraries were generated using a modified 10x genomics chromium 3′ single cell gene expression assay with Cell Hashing.	True
GSM9270064	geo:GSE309595:GSM9270064	self_reported_ethnicity	Caucasian	file	raw/fp-53430067aac0/GSE309595_family.soft.gz		!Sample_characteristics_ch1 = race: Caucasian	True
GSM9270064	geo:GSE309595:GSM9270064	disease_free_text	multiple myeloma	file	raw/fp-53430067aac0/GSE309595_family.soft.gz		Multiple myeloma (MM) is a hematological malignancy characterized by an expansion of malignant plasma cells in the bone marrow.	True
GSM9270064	geo:GSE309595:GSM9270064	disease_free_text	multiple myeloma	file	raw/fp-53430067aac0/GSE309595_family.soft.gz		!Sample_characteristics_ch1 = subject id: FH1017	True
GSM9270064	geo:GSE309595:GSM9270064	disease_free_text	multiple myeloma	file	raw/fp-53430067aac0/GSE309595_family.soft.gz		!Sample_characteristics_ch1 = visit: MM Pre-Treatment	True
GSM9270064	geo:GSE309595:GSM9270064	disease_free_text	multiple myeloma	file	raw/fp-53430067aac0/GSE309595_family.soft.gz		A cohort of patients aged 30 and older with newly diagnosed MM requiring systemic therapy was enrolled in Seattle, WA	True
GSM9270065	geo:GSE309595:GSM9270065	donor_id	FH1002	file	raw/fp-53430067aac0/GSE309595_family.soft.gz		!Sample_characteristics_ch1 = subject id: FH1002	True
GSM9270065	geo:GSE309595:GSM9270065	sex	female	file	raw/fp-53430067aac0/GSE309595_family.soft.gz		!Sample_characteristics_ch1 = Sex: Female	True
GSM9270065	geo:GSE309595:GSM9270065	tissue_free_text	Blood	file	raw/fp-53430067aac0/GSE309595_family.soft.gz		!Sample_characteristics_ch1 = tissue: Blood	True
GSM9270065	geo:GSE309595:GSM9270065	tissue_type	tissue	file	raw/fp-53430067aac0/GSE309595_family.soft.gz		!Sample_characteristics_ch1 = tissue: Blood	True
GSM9270065	geo:GSE309595:GSM9270065	tissue_type	tissue	file	raw/fp-53430067aac0/GSE309595_family.soft.gz		!Sample_characteristics_ch1 = cell type: PBMC	True
GSM9270065	geo:GSE309595:GSM9270065	suspension_type	cell	file	raw/fp-53430067aac0/GSE309595_family.soft.gz		single cell gene expression assay with Cell Hashing	True
GSM9270065	geo:GSE309595:GSM9270065	suspension_type	cell	file	raw/fp-53430067aac0/GSE309595_family.soft.gz		PBMCs were removed from liquid nitrogen and rapidly thawed in a 37	True
GSM9270065	geo:GSE309595:GSM9270065	gene_annotation_version	Ensembl v93	file	raw/fp-53430067aac0/GSE309595_family.soft.gz		refdata-cellranger-GRCh38-3.0.0; based on the GRCh38 genome reference and Ensembl v93 transcriptome annotations	True
GSM9270065	geo:GSE309595:GSM9270065	assay	10x 3' transcription profiling	file	raw/fp-53430067aac0/GSE309595_family.soft.gz		scRNAseq libraries were generated using a modified 10x genomics chromium 3′ single cell gene expression assay with Cell Hashing.	True
GSM9270065	geo:GSE309595:GSM9270065	self_reported_ethnicity	Caucasian	file	raw/fp-53430067aac0/GSE309595_family.soft.gz		!Sample_characteristics_ch1 = race: Caucasian	True
GSM9270065	geo:GSE309595:GSM9270065	disease_free_text	multiple myeloma	file	raw/fp-53430067aac0/GSE309595_family.soft.gz		Multiple myeloma (MM) is a hematological malignancy characterized by an expansion of malignant plasma cells in the bone marrow.	True
GSM9270065	geo:GSE309595:GSM9270065	disease_free_text	multiple myeloma	file	raw/fp-53430067aac0/GSE309595_family.soft.gz		!Sample_characteristics_ch1 = subject id: FH1002	True
GSM9270065	geo:GSE309595:GSM9270065	disease_free_text	multiple myeloma	file	raw/fp-53430067aac0/GSE309595_family.soft.gz		!Sample_characteristics_ch1 = visit: Flu Year 2 Stand-Alone	True
GSM9270065	geo:GSE309595:GSM9270065	disease_free_text	multiple myeloma	file	raw/fp-53430067aac0/GSE309595_family.soft.gz		!Sample_title = PB00135-01 MM Post Induction 2-Cycles	True
GSM9270065	geo:GSE309595:GSM9270065	disease_free_text	multiple myeloma	file	raw/fp-53430067aac0/GSE309595_family.soft.gz		!Sample_characteristics_ch1 = visit: MM Post Induction 2-Cycles	True
GSM9270065	geo:GSE309595:GSM9270065	disease_free_text	multiple myeloma	file	raw/fp-53430067aac0/GSE309595_family.soft.gz		This cohort was also followed for the flu vaccine perturbation and blood samples were collected at 0, 7, and 90 days post-vaccination during two consecutive flu years.	True
GSM9270065	geo:GSE309595:GSM9270065	disease_free_text	multiple myeloma	file	raw/fp-53430067aac0/GSE309595_family.soft.gz		A cohort of patients aged 30 and older with newly diagnosed MM requiring systemic therapy was enrolled in Seattle, WA	True
GSM9270066	geo:GSE309595:GSM9270066	donor_id	FH1006	file	raw/fp-53430067aac0/GSE309595_family.soft.gz		!Sample_characteristics_ch1 = subject id: FH1006	True
GSM9270066	geo:GSE309595:GSM9270066	sex	female	file	raw/fp-53430067aac0/GSE309595_family.soft.gz		!Sample_characteristics_ch1 = Sex: Female	True
GSM9270066	geo:GSE309595:GSM9270066	tissue_free_text	Blood	file	raw/fp-53430067aac0/GSE309595_family.soft.gz		!Sample_characteristics_ch1 = tissue: Blood	True
GSM9270066	geo:GSE309595:GSM9270066	tissue_type	tissue	file	raw/fp-53430067aac0/GSE309595_family.soft.gz		!Sample_characteristics_ch1 = tissue: Blood	True
GSM9270066	geo:GSE309595:GSM9270066	tissue_type	tissue	file	raw/fp-53430067aac0/GSE309595_family.soft.gz		!Sample_characteristics_ch1 = cell type: PBMC	True
GSM9270066	geo:GSE309595:GSM9270066	suspension_type	cell	file	raw/fp-53430067aac0/GSE309595_family.soft.gz		single cell gene expression assay with Cell Hashing	True
GSM9270066	geo:GSE309595:GSM9270066	suspension_type	cell	file	raw/fp-53430067aac0/GSE309595_family.soft.gz		PBMCs were removed from liquid nitrogen and rapidly thawed in a 37	True
GSM9270066	geo:GSE309595:GSM9270066	gene_annotation_version	Ensembl v93	file	raw/fp-53430067aac0/GSE309595_family.soft.gz		refdata-cellranger-GRCh38-3.0.0; based on the GRCh38 genome reference and Ensembl v93 transcriptome annotations	True
GSM9270066	geo:GSE309595:GSM9270066	assay	10x 3' transcription profiling	file	raw/fp-53430067aac0/GSE309595_family.soft.gz		scRNAseq libraries were generated using a modified 10x genomics chromium 3′ single cell gene expression assay with Cell Hashing.	True
GSM9270066	geo:GSE309595:GSM9270066	self_reported_ethnicity	Caucasian	file	raw/fp-53430067aac0/GSE309595_family.soft.gz		!Sample_characteristics_ch1 = race: Caucasian	True
GSM9270066	geo:GSE309595:GSM9270066	disease_free_text	multiple myeloma	file	raw/fp-53430067aac0/GSE309595_family.soft.gz		Multiple myeloma (MM) is a hematological malignancy characterized by an expansion of malignant plasma cells in the bone marrow.	True
GSM9270066	geo:GSE309595:GSM9270066	disease_free_text	multiple myeloma	file	raw/fp-53430067aac0/GSE309595_family.soft.gz		!Sample_characteristics_ch1 = subject id: FH1006	True
GSM9270066	geo:GSE309595:GSM9270066	disease_free_text	multiple myeloma	file	raw/fp-53430067aac0/GSE309595_family.soft.gz		!Sample_characteristics_ch1 = visit: Flu Year 1 Stand-Alone	True
GSM9270066	geo:GSE309595:GSM9270066	disease_free_text	multiple myeloma	file	raw/fp-53430067aac0/GSE309595_family.soft.gz		!Sample_title = PB00233-01 MM Pre-Treatment	True
GSM9270066	geo:GSE309595:GSM9270066	disease_free_text	multiple myeloma	file	raw/fp-53430067aac0/GSE309595_family.soft.gz		!Sample_characteristics_ch1 = visit: MM Pre-Treatment	True
GSM9270066	geo:GSE309595:GSM9270066	disease_free_text	multiple myeloma	file	raw/fp-53430067aac0/GSE309595_family.soft.gz		This cohort was also followed for the flu vaccine perturbation and blood samples were collected at 0, 7, and 90 days post-vaccination during two consecutive flu years.	True
GSM9270066	geo:GSE309595:GSM9270066	disease_free_text	multiple myeloma	file	raw/fp-53430067aac0/GSE309595_family.soft.gz		A cohort of patients aged 30 and older with newly diagnosed MM requiring systemic therapy was enrolled in Seattle, WA	True
GSM9270070	geo:GSE309595:GSM9270070	donor_id	FH1014	file	raw/fp-53430067aac0/GSE309595_family.soft.gz		!Sample_characteristics_ch1 = subject id: FH1014	True
GSM9270070	geo:GSE309595:GSM9270070	sex	male	file	raw/fp-53430067aac0/GSE309595_family.soft.gz		!Sample_characteristics_ch1 = Sex: Male	True
GSM9270070	geo:GSE309595:GSM9270070	tissue_free_text	Blood	file	raw/fp-53430067aac0/GSE309595_family.soft.gz		!Sample_characteristics_ch1 = tissue: Blood	True
GSM9270070	geo:GSE309595:GSM9270070	tissue_type	tissue	file	raw/fp-53430067aac0/GSE309595_family.soft.gz		!Sample_characteristics_ch1 = tissue: Blood	True
GSM9270070	geo:GSE309595:GSM9270070	tissue_type	tissue	file	raw/fp-53430067aac0/GSE309595_family.soft.gz		!Sample_characteristics_ch1 = cell type: PBMC	True
GSM9270070	geo:GSE309595:GSM9270070	suspension_type	cell	file	raw/fp-53430067aac0/GSE309595_family.soft.gz		single cell gene expression assay with Cell Hashing	True
GSM9270070	geo:GSE309595:GSM9270070	suspension_type	cell	file	raw/fp-53430067aac0/GSE309595_family.soft.gz		PBMCs were removed from liquid nitrogen and rapidly thawed in a 37	True
GSM9270070	geo:GSE309595:GSM9270070	gene_annotation_version	Ensembl v93	file	raw/fp-53430067aac0/GSE309595_family.soft.gz		refdata-cellranger-GRCh38-3.0.0; based on the GRCh38 genome reference and Ensembl v93 transcriptome annotations	True
GSM9270070	geo:GSE309595:GSM9270070	assay	10x 3' transcription profiling	file	raw/fp-53430067aac0/GSE309595_family.soft.gz		scRNAseq libraries were generated using a modified 10x genomics chromium 3′ single cell gene expression assay with Cell Hashing.	True
GSM9270070	geo:GSE309595:GSM9270070	self_reported_ethnicity	Caucasian	file	raw/fp-53430067aac0/GSE309595_family.soft.gz		!Sample_characteristics_ch1 = race: Caucasian	True
GSM9270070	geo:GSE309595:GSM9270070	disease_free_text	multiple myeloma	file	raw/fp-53430067aac0/GSE309595_family.soft.gz		Multiple myeloma (MM) is a hematological malignancy characterized by an expansion of malignant plasma cells in the bone marrow.	True
GSM9270070	geo:GSE309595:GSM9270070	disease_free_text	multiple myeloma	file	raw/fp-53430067aac0/GSE309595_family.soft.gz		!Sample_characteristics_ch1 = subject id: FH1014	True
GSM9270070	geo:GSE309595:GSM9270070	disease_free_text	multiple myeloma	file	raw/fp-53430067aac0/GSE309595_family.soft.gz		!Sample_characteristics_ch1 = visit: MM End Induction 1st Draw	True
GSM9270070	geo:GSE309595:GSM9270070	disease_free_text	multiple myeloma	file	raw/fp-53430067aac0/GSE309595_family.soft.gz		A cohort of patients aged 30 and older with newly diagnosed MM requiring systemic therapy was enrolled in Seattle, WA	True
GSM9270071	geo:GSE309595:GSM9270071	donor_id	FH1004	file	raw/fp-53430067aac0/GSE309595_family.soft.gz		!Sample_characteristics_ch1 = subject id: FH1004	True
GSM9270071	geo:GSE309595:GSM9270071	sex	male	file	raw/fp-53430067aac0/GSE309595_family.soft.gz		!Sample_characteristics_ch1 = Sex: Male	True
GSM9270071	geo:GSE309595:GSM9270071	tissue_free_text	Blood	file	raw/fp-53430067aac0/GSE309595_family.soft.gz		!Sample_characteristics_ch1 = tissue: Blood	True
GSM9270071	geo:GSE309595:GSM9270071	tissue_type	tissue	file	raw/fp-53430067aac0/GSE309595_family.soft.gz		!Sample_characteristics_ch1 = tissue: Blood	True
GSM9270071	geo:GSE309595:GSM9270071	tissue_type	tissue	file	raw/fp-53430067aac0/GSE309595_family.soft.gz		!Sample_characteristics_ch1 = cell type: PBMC	True
GSM9270071	geo:GSE309595:GSM9270071	suspension_type	cell	file	raw/fp-53430067aac0/GSE309595_family.soft.gz		single cell gene expression assay with Cell Hashing	True
GSM9270071	geo:GSE309595:GSM9270071	suspension_type	cell	file	raw/fp-53430067aac0/GSE309595_family.soft.gz		PBMCs were removed from liquid nitrogen and rapidly thawed in a 37	True
GSM9270071	geo:GSE309595:GSM9270071	gene_annotation_version	Ensembl v93	file	raw/fp-53430067aac0/GSE309595_family.soft.gz		refdata-cellranger-GRCh38-3.0.0; based on the GRCh38 genome reference and Ensembl v93 transcriptome annotations	True
GSM9270071	geo:GSE309595:GSM9270071	assay	10x 3' transcription profiling	file	raw/fp-53430067aac0/GSE309595_family.soft.gz		scRNAseq libraries were generated using a modified 10x genomics chromium 3′ single cell gene expression assay with Cell Hashing.	True
GSM9270071	geo:GSE309595:GSM9270071	self_reported_ethnicity	Caucasian	file	raw/fp-53430067aac0/GSE309595_family.soft.gz		!Sample_characteristics_ch1 = race: Caucasian	True
GSM9270071	geo:GSE309595:GSM9270071	disease_free_text	multiple myeloma	file	raw/fp-53430067aac0/GSE309595_family.soft.gz		Multiple myeloma (MM) is a hematological malignancy characterized by an expansion of malignant plasma cells in the bone marrow.	True
GSM9270071	geo:GSE309595:GSM9270071	disease_free_text	multiple myeloma	file	raw/fp-53430067aac0/GSE309595_family.soft.gz		!Sample_characteristics_ch1 = subject id: FH1004	True
GSM9270071	geo:GSE309595:GSM9270071	disease_free_text	multiple myeloma	file	raw/fp-53430067aac0/GSE309595_family.soft.gz		!Sample_characteristics_ch1 = visit: Flu Year 2 Stand-Alone	True
GSM9270071	geo:GSE309595:GSM9270071	disease_free_text	multiple myeloma	file	raw/fp-53430067aac0/GSE309595_family.soft.gz		!Sample_title = PB00136-01 MM Pre-Treatment	True
GSM9270071	geo:GSE309595:GSM9270071	disease_free_text	multiple myeloma	file	raw/fp-53430067aac0/GSE309595_family.soft.gz		!Sample_characteristics_ch1 = visit: MM Pre-Treatment	True
GSM9270071	geo:GSE309595:GSM9270071	disease_free_text	multiple myeloma	file	raw/fp-53430067aac0/GSE309595_family.soft.gz		This cohort was also followed for the flu vaccine perturbation and blood samples were collected at 0, 7, and 90 days post-vaccination during two consecutive flu years.	True
GSM9270071	geo:GSE309595:GSM9270071	disease_free_text	multiple myeloma	file	raw/fp-53430067aac0/GSE309595_family.soft.gz		A cohort of patients aged 30 and older with newly diagnosed MM requiring systemic therapy was enrolled in Seattle, WA	True
GSM9270072	geo:GSE309595:GSM9270072	donor_id	FH1005	file	raw/fp-53430067aac0/GSE309595_family.soft.gz		!Sample_characteristics_ch1 = subject id: FH1005	True
GSM9270072	geo:GSE309595:GSM9270072	sex	female	file	raw/fp-53430067aac0/GSE309595_family.soft.gz		!Sample_characteristics_ch1 = Sex: Female	True
GSM9270072	geo:GSE309595:GSM9270072	tissue_free_text	Blood	file	raw/fp-53430067aac0/GSE309595_family.soft.gz		!Sample_characteristics_ch1 = tissue: Blood	True
GSM9270072	geo:GSE309595:GSM9270072	tissue_type	tissue	file	raw/fp-53430067aac0/GSE309595_family.soft.gz		!Sample_characteristics_ch1 = tissue: Blood	True
GSM9270072	geo:GSE309595:GSM9270072	tissue_type	tissue	file	raw/fp-53430067aac0/GSE309595_family.soft.gz		!Sample_characteristics_ch1 = cell type: PBMC	True
GSM9270072	geo:GSE309595:GSM9270072	suspension_type	cell	file	raw/fp-53430067aac0/GSE309595_family.soft.gz		single cell gene expression assay with Cell Hashing	True
GSM9270072	geo:GSE309595:GSM9270072	suspension_type	cell	file	raw/fp-53430067aac0/GSE309595_family.soft.gz		PBMCs were removed from liquid nitrogen and rapidly thawed in a 37	True
GSM9270072	geo:GSE309595:GSM9270072	gene_annotation_version	Ensembl v93	file	raw/fp-53430067aac0/GSE309595_family.soft.gz		refdata-cellranger-GRCh38-3.0.0; based on the GRCh38 genome reference and Ensembl v93 transcriptome annotations	True
GSM9270072	geo:GSE309595:GSM9270072	assay	10x 3' transcription profiling	file	raw/fp-53430067aac0/GSE309595_family.soft.gz		scRNAseq libraries were generated using a modified 10x genomics chromium 3′ single cell gene expression assay with Cell Hashing.	True
GSM9270072	geo:GSE309595:GSM9270072	self_reported_ethnicity	Caucasian	file	raw/fp-53430067aac0/GSE309595_family.soft.gz		!Sample_characteristics_ch1 = race: Caucasian	True
GSM9270072	geo:GSE309595:GSM9270072	disease_free_text	multiple myeloma	file	raw/fp-53430067aac0/GSE309595_family.soft.gz		Multiple myeloma (MM) is a hematological malignancy characterized by an expansion of malignant plasma cells in the bone marrow.	True
GSM9270072	geo:GSE309595:GSM9270072	disease_free_text	multiple myeloma	file	raw/fp-53430067aac0/GSE309595_family.soft.gz		!Sample_characteristics_ch1 = subject id: FH1005	True
GSM9270072	geo:GSE309595:GSM9270072	disease_free_text	multiple myeloma	file	raw/fp-53430067aac0/GSE309595_family.soft.gz		!Sample_characteristics_ch1 = visit: Flu Year 1 Stand-Alone	True
GSM9270072	geo:GSE309595:GSM9270072	disease_free_text	multiple myeloma	file	raw/fp-53430067aac0/GSE309595_family.soft.gz		!Sample_title = PB00236-12 MM Post Induction 2-Cycles	True
GSM9270072	geo:GSE309595:GSM9270072	disease_free_text	multiple myeloma	file	raw/fp-53430067aac0/GSE309595_family.soft.gz		!Sample_characteristics_ch1 = visit: MM Post Induction 2-Cycles	True
GSM9270072	geo:GSE309595:GSM9270072	disease_free_text	multiple myeloma	file	raw/fp-53430067aac0/GSE309595_family.soft.gz		This cohort was also followed for the flu vaccine perturbation and blood samples were collected at 0, 7, and 90 days post-vaccination during two consecutive flu years.	True
GSM9270072	geo:GSE309595:GSM9270072	disease_free_text	multiple myeloma	file	raw/fp-53430067aac0/GSE309595_family.soft.gz		A cohort of patients aged 30 and older with newly diagnosed MM requiring systemic therapy was enrolled in Seattle, WA	True
GSM9270073	geo:GSE309595:GSM9270073	donor_id	FH1007	file	raw/fp-53430067aac0/GSE309595_family.soft.gz		!Sample_characteristics_ch1 = subject id: FH1007	True
GSM9270073	geo:GSE309595:GSM9270073	sex	female	file	raw/fp-53430067aac0/GSE309595_family.soft.gz		!Sample_characteristics_ch1 = Sex: Female	True
GSM9270073	geo:GSE309595:GSM9270073	tissue_free_text	Blood	file	raw/fp-53430067aac0/GSE309595_family.soft.gz		!Sample_characteristics_ch1 = tissue: Blood	True
GSM9270073	geo:GSE309595:GSM9270073	tissue_type	tissue	file	raw/fp-53430067aac0/GSE309595_family.soft.gz		!Sample_characteristics_ch1 = tissue: Blood	True
GSM9270073	geo:GSE309595:GSM9270073	tissue_type	tissue	file	raw/fp-53430067aac0/GSE309595_family.soft.gz		!Sample_characteristics_ch1 = cell type: PBMC	True
GSM9270073	geo:GSE309595:GSM9270073	suspension_type	cell	file	raw/fp-53430067aac0/GSE309595_family.soft.gz		single cell gene expression assay with Cell Hashing	True
GSM9270073	geo:GSE309595:GSM9270073	suspension_type	cell	file	raw/fp-53430067aac0/GSE309595_family.soft.gz		PBMCs were removed from liquid nitrogen and rapidly thawed in a 37	True
GSM9270073	geo:GSE309595:GSM9270073	gene_annotation_version	Ensembl v93	file	raw/fp-53430067aac0/GSE309595_family.soft.gz		refdata-cellranger-GRCh38-3.0.0; based on the GRCh38 genome reference and Ensembl v93 transcriptome annotations	True
GSM9270073	geo:GSE309595:GSM9270073	assay	10x 3' transcription profiling	file	raw/fp-53430067aac0/GSE309595_family.soft.gz		scRNAseq libraries were generated using a modified 10x genomics chromium 3′ single cell gene expression assay with Cell Hashing.	True
GSM9270073	geo:GSE309595:GSM9270073	self_reported_ethnicity	Caucasian	file	raw/fp-53430067aac0/GSE309595_family.soft.gz		!Sample_characteristics_ch1 = race: Caucasian	True
GSM9270073	geo:GSE309595:GSM9270073	disease_free_text	multiple myeloma	file	raw/fp-53430067aac0/GSE309595_family.soft.gz		Multiple myeloma (MM) is a hematological malignancy characterized by an expansion of malignant plasma cells in the bone marrow.	True
GSM9270073	geo:GSE309595:GSM9270073	disease_free_text	multiple myeloma	file	raw/fp-53430067aac0/GSE309595_family.soft.gz		!Sample_characteristics_ch1 = subject id: FH1007	True
GSM9270073	geo:GSE309595:GSM9270073	disease_free_text	multiple myeloma	file	raw/fp-53430067aac0/GSE309595_family.soft.gz		!Sample_characteristics_ch1 = visit: Flu Year 1 Stand-Alone	True
GSM9270073	geo:GSE309595:GSM9270073	disease_free_text	multiple myeloma	file	raw/fp-53430067aac0/GSE309595_family.soft.gz		!Sample_title = PB00234-01-01 MM Pre-Treatment	True
GSM9270073	geo:GSE309595:GSM9270073	disease_free_text	multiple myeloma	file	raw/fp-53430067aac0/GSE309595_family.soft.gz		!Sample_characteristics_ch1 = visit: MM Pre-Treatment	True
GSM9270073	geo:GSE309595:GSM9270073	disease_free_text	multiple myeloma	file	raw/fp-53430067aac0/GSE309595_family.soft.gz		This cohort was also followed for the flu vaccine perturbation and blood samples were collected at 0, 7, and 90 days post-vaccination during two consecutive flu years.	True
GSM9270073	geo:GSE309595:GSM9270073	disease_free_text	multiple myeloma	file	raw/fp-53430067aac0/GSE309595_family.soft.gz		A cohort of patients aged 30 and older with newly diagnosed MM requiring systemic therapy was enrolled in Seattle, WA	True
GSM9270074	geo:GSE309595:GSM9270074	donor_id	FH1003	file	raw/fp-53430067aac0/GSE309595_family.soft.gz		!Sample_characteristics_ch1 = subject id: FH1003	True
GSM9270074	geo:GSE309595:GSM9270074	sex	male	file	raw/fp-53430067aac0/GSE309595_family.soft.gz		!Sample_characteristics_ch1 = Sex: Male	True
GSM9270074	geo:GSE309595:GSM9270074	tissue_free_text	Blood	file	raw/fp-53430067aac0/GSE309595_family.soft.gz		!Sample_characteristics_ch1 = tissue: Blood	True
GSM9270074	geo:GSE309595:GSM9270074	tissue_type	tissue	file	raw/fp-53430067aac0/GSE309595_family.soft.gz		!Sample_characteristics_ch1 = tissue: Blood	True
GSM9270074	geo:GSE309595:GSM9270074	tissue_type	tissue	file	raw/fp-53430067aac0/GSE309595_family.soft.gz		!Sample_characteristics_ch1 = cell type: PBMC	True
GSM9270074	geo:GSE309595:GSM9270074	suspension_type	cell	file	raw/fp-53430067aac0/GSE309595_family.soft.gz		single cell gene expression assay with Cell Hashing	True
GSM9270074	geo:GSE309595:GSM9270074	suspension_type	cell	file	raw/fp-53430067aac0/GSE309595_family.soft.gz		PBMCs were removed from liquid nitrogen and rapidly thawed in a 37	True
GSM9270074	geo:GSE309595:GSM9270074	gene_annotation_version	Ensembl v93	file	raw/fp-53430067aac0/GSE309595_family.soft.gz		refdata-cellranger-GRCh38-3.0.0; based on the GRCh38 genome reference and Ensembl v93 transcriptome annotations	True
GSM9270074	geo:GSE309595:GSM9270074	assay	10x 3' transcription profiling	file	raw/fp-53430067aac0/GSE309595_family.soft.gz		scRNAseq libraries were generated using a modified 10x genomics chromium 3′ single cell gene expression assay with Cell Hashing.	True
GSM9270074	geo:GSE309595:GSM9270074	self_reported_ethnicity	Caucasian	file	raw/fp-53430067aac0/GSE309595_family.soft.gz		!Sample_characteristics_ch1 = race: Caucasian	True
GSM9270074	geo:GSE309595:GSM9270074	disease_free_text	multiple myeloma	file	raw/fp-53430067aac0/GSE309595_family.soft.gz		Multiple myeloma (MM) is a hematological malignancy characterized by an expansion of malignant plasma cells in the bone marrow.	True
GSM9270074	geo:GSE309595:GSM9270074	disease_free_text	multiple myeloma	file	raw/fp-53430067aac0/GSE309595_family.soft.gz		!Sample_characteristics_ch1 = subject id: FH1003	True
GSM9270074	geo:GSE309595:GSM9270074	disease_free_text	multiple myeloma	file	raw/fp-53430067aac0/GSE309595_family.soft.gz		!Sample_characteristics_ch1 = visit: Flu Year 2 Stand-Alone	True
GSM9270074	geo:GSE309595:GSM9270074	disease_free_text	multiple myeloma	file	raw/fp-53430067aac0/GSE309595_family.soft.gz		!Sample_title = PB00238-02 MM End Induction 1st Draw	True
GSM9270074	geo:GSE309595:GSM9270074	disease_free_text	multiple myeloma	file	raw/fp-53430067aac0/GSE309595_family.soft.gz		!Sample_characteristics_ch1 = visit: MM End Induction 1st Draw	True
GSM9270074	geo:GSE309595:GSM9270074	disease_free_text	multiple myeloma	file	raw/fp-53430067aac0/GSE309595_family.soft.gz		This cohort was also followed for the flu vaccine perturbation and blood samples were collected at 0, 7, and 90 days post-vaccination during two consecutive flu years.	True
GSM9270074	geo:GSE309595:GSM9270074	disease_free_text	multiple myeloma	file	raw/fp-53430067aac0/GSE309595_family.soft.gz		A cohort of patients aged 30 and older with newly diagnosed MM requiring systemic therapy was enrolled in Seattle, WA	True
GSM9270075	geo:GSE309595:GSM9270075	donor_id	FH1004	file	raw/fp-53430067aac0/GSE309595_family.soft.gz		!Sample_characteristics_ch1 = subject id: FH1004	True
GSM9270075	geo:GSE309595:GSM9270075	sex	male	file	raw/fp-53430067aac0/GSE309595_family.soft.gz		!Sample_characteristics_ch1 = Sex: Male	True
GSM9270075	geo:GSE309595:GSM9270075	tissue_free_text	Blood	file	raw/fp-53430067aac0/GSE309595_family.soft.gz		!Sample_characteristics_ch1 = tissue: Blood	True
GSM9270075	geo:GSE309595:GSM9270075	tissue_type	tissue	file	raw/fp-53430067aac0/GSE309595_family.soft.gz		!Sample_characteristics_ch1 = tissue: Blood	True
GSM9270075	geo:GSE309595:GSM9270075	tissue_type	tissue	file	raw/fp-53430067aac0/GSE309595_family.soft.gz		!Sample_characteristics_ch1 = cell type: PBMC	True
GSM9270075	geo:GSE309595:GSM9270075	suspension_type	cell	file	raw/fp-53430067aac0/GSE309595_family.soft.gz		single cell gene expression assay with Cell Hashing	True
GSM9270075	geo:GSE309595:GSM9270075	suspension_type	cell	file	raw/fp-53430067aac0/GSE309595_family.soft.gz		PBMCs were removed from liquid nitrogen and rapidly thawed in a 37	True
GSM9270075	geo:GSE309595:GSM9270075	gene_annotation_version	Ensembl v93	file	raw/fp-53430067aac0/GSE309595_family.soft.gz		refdata-cellranger-GRCh38-3.0.0; based on the GRCh38 genome reference and Ensembl v93 transcriptome annotations	True
GSM9270075	geo:GSE309595:GSM9270075	assay	10x 3' transcription profiling	file	raw/fp-53430067aac0/GSE309595_family.soft.gz		scRNAseq libraries were generated using a modified 10x genomics chromium 3′ single cell gene expression assay with Cell Hashing.	True
GSM9270075	geo:GSE309595:GSM9270075	self_reported_ethnicity	Caucasian	file	raw/fp-53430067aac0/GSE309595_family.soft.gz		!Sample_characteristics_ch1 = race: Caucasian	True
GSM9270075	geo:GSE309595:GSM9270075	disease_free_text	multiple myeloma	file	raw/fp-53430067aac0/GSE309595_family.soft.gz		Multiple myeloma (MM) is a hematological malignancy characterized by an expansion of malignant plasma cells in the bone marrow.	True
GSM9270075	geo:GSE309595:GSM9270075	disease_free_text	multiple myeloma	file	raw/fp-53430067aac0/GSE309595_family.soft.gz		!Sample_characteristics_ch1 = subject id: FH1004	True
GSM9270075	geo:GSE309595:GSM9270075	disease_free_text	multiple myeloma	file	raw/fp-53430067aac0/GSE309595_family.soft.gz		!Sample_characteristics_ch1 = visit: Flu Year 2 Day 0	True
GSM9270075	geo:GSE309595:GSM9270075	disease_free_text	multiple myeloma	file	raw/fp-53430067aac0/GSE309595_family.soft.gz		!Sample_title = PB00136-01 MM Pre-Treatment	True
GSM9270075	geo:GSE309595:GSM9270075	disease_free_text	multiple myeloma	file	raw/fp-53430067aac0/GSE309595_family.soft.gz		!Sample_characteristics_ch1 = visit: MM Pre-Treatment	True
GSM9270075	geo:GSE309595:GSM9270075	disease_free_text	multiple myeloma	file	raw/fp-53430067aac0/GSE309595_family.soft.gz		This cohort was also followed for the flu vaccine perturbation and blood samples were collected at 0, 7, and 90 days post-vaccination during two consecutive flu years.	True
GSM9270075	geo:GSE309595:GSM9270075	disease_free_text	multiple myeloma	file	raw/fp-53430067aac0/GSE309595_family.soft.gz		A cohort of patients aged 30 and older with newly diagnosed MM requiring systemic therapy was enrolled in Seattle, WA	True
GSM9270076	geo:GSE309595:GSM9270076	donor_id	FH1003	file	raw/fp-53430067aac0/GSE309595_family.soft.gz		!Sample_characteristics_ch1 = subject id: FH1003	True
GSM9270076	geo:GSE309595:GSM9270076	sex	male	file	raw/fp-53430067aac0/GSE309595_family.soft.gz		!Sample_characteristics_ch1 = Sex: Male	True
GSM9270076	geo:GSE309595:GSM9270076	tissue_free_text	Blood	file	raw/fp-53430067aac0/GSE309595_family.soft.gz		!Sample_characteristics_ch1 = tissue: Blood	True
GSM9270076	geo:GSE309595:GSM9270076	tissue_type	tissue	file	raw/fp-53430067aac0/GSE309595_family.soft.gz		!Sample_characteristics_ch1 = tissue: Blood	True
GSM9270076	geo:GSE309595:GSM9270076	tissue_type	tissue	file	raw/fp-53430067aac0/GSE309595_family.soft.gz		!Sample_characteristics_ch1 = cell type: PBMC	True
GSM9270076	geo:GSE309595:GSM9270076	suspension_type	cell	file	raw/fp-53430067aac0/GSE309595_family.soft.gz		single cell gene expression assay with Cell Hashing	True
GSM9270076	geo:GSE309595:GSM9270076	suspension_type	cell	file	raw/fp-53430067aac0/GSE309595_family.soft.gz		PBMCs were removed from liquid nitrogen and rapidly thawed in a 37	True
GSM9270076	geo:GSE309595:GSM9270076	gene_annotation_version	Ensembl v93	file	raw/fp-53430067aac0/GSE309595_family.soft.gz		refdata-cellranger-GRCh38-3.0.0; based on the GRCh38 genome reference and Ensembl v93 transcriptome annotations	True
GSM9270076	geo:GSE309595:GSM9270076	assay	10x 3' transcription profiling	file	raw/fp-53430067aac0/GSE309595_family.soft.gz		scRNAseq libraries were generated using a modified 10x genomics chromium 3′ single cell gene expression assay with Cell Hashing.	True
GSM9270076	geo:GSE309595:GSM9270076	self_reported_ethnicity	Caucasian	file	raw/fp-53430067aac0/GSE309595_family.soft.gz		!Sample_characteristics_ch1 = race: Caucasian	True
GSM9270076	geo:GSE309595:GSM9270076	disease_free_text	multiple myeloma	file	raw/fp-53430067aac0/GSE309595_family.soft.gz		Multiple myeloma (MM) is a hematological malignancy characterized by an expansion of malignant plasma cells in the bone marrow.	True
GSM9270076	geo:GSE309595:GSM9270076	disease_free_text	multiple myeloma	file	raw/fp-53430067aac0/GSE309595_family.soft.gz		!Sample_characteristics_ch1 = subject id: FH1003	True
GSM9270076	geo:GSE309595:GSM9270076	disease_free_text	multiple myeloma	file	raw/fp-53430067aac0/GSE309595_family.soft.gz		!Sample_characteristics_ch1 = visit: Flu Year 2 Day 0	True
GSM9270076	geo:GSE309595:GSM9270076	disease_free_text	multiple myeloma	file	raw/fp-53430067aac0/GSE309595_family.soft.gz		!Sample_title = PB00238-02 MM End Induction 1st Draw	True
GSM9270076	geo:GSE309595:GSM9270076	disease_free_text	multiple myeloma	file	raw/fp-53430067aac0/GSE309595_family.soft.gz		!Sample_characteristics_ch1 = visit: MM End Induction 1st Draw	True
GSM9270076	geo:GSE309595:GSM9270076	disease_free_text	multiple myeloma	file	raw/fp-53430067aac0/GSE309595_family.soft.gz		This cohort was also followed for the flu vaccine perturbation and blood samples were collected at 0, 7, and 90 days post-vaccination during two consecutive flu years.	True
GSM9270076	geo:GSE309595:GSM9270076	disease_free_text	multiple myeloma	file	raw/fp-53430067aac0/GSE309595_family.soft.gz		A cohort of patients aged 30 and older with newly diagnosed MM requiring systemic therapy was enrolled in Seattle, WA	True
GSM9270077	geo:GSE309595:GSM9270077	donor_id	FH1005	file	raw/fp-53430067aac0/GSE309595_family.soft.gz		!Sample_characteristics_ch1 = subject id: FH1005	True
GSM9270077	geo:GSE309595:GSM9270077	sex	female	file	raw/fp-53430067aac0/GSE309595_family.soft.gz		!Sample_characteristics_ch1 = Sex: Female	True
GSM9270077	geo:GSE309595:GSM9270077	tissue_free_text	Blood	file	raw/fp-53430067aac0/GSE309595_family.soft.gz		!Sample_characteristics_ch1 = tissue: Blood	True
GSM9270077	geo:GSE309595:GSM9270077	tissue_type	tissue	file	raw/fp-53430067aac0/GSE309595_family.soft.gz		!Sample_characteristics_ch1 = tissue: Blood	True
GSM9270077	geo:GSE309595:GSM9270077	tissue_type	tissue	file	raw/fp-53430067aac0/GSE309595_family.soft.gz		!Sample_characteristics_ch1 = cell type: PBMC	True
GSM9270077	geo:GSE309595:GSM9270077	suspension_type	cell	file	raw/fp-53430067aac0/GSE309595_family.soft.gz		single cell gene expression assay with Cell Hashing	True
GSM9270077	geo:GSE309595:GSM9270077	suspension_type	cell	file	raw/fp-53430067aac0/GSE309595_family.soft.gz		PBMCs were removed from liquid nitrogen and rapidly thawed in a 37	True
GSM9270077	geo:GSE309595:GSM9270077	gene_annotation_version	Ensembl v93	file	raw/fp-53430067aac0/GSE309595_family.soft.gz		refdata-cellranger-GRCh38-3.0.0; based on the GRCh38 genome reference and Ensembl v93 transcriptome annotations	True
GSM9270077	geo:GSE309595:GSM9270077	assay	10x 3' transcription profiling	file	raw/fp-53430067aac0/GSE309595_family.soft.gz		scRNAseq libraries were generated using a modified 10x genomics chromium 3′ single cell gene expression assay with Cell Hashing.	True
GSM9270077	geo:GSE309595:GSM9270077	self_reported_ethnicity	Caucasian	file	raw/fp-53430067aac0/GSE309595_family.soft.gz		!Sample_characteristics_ch1 = race: Caucasian	True
GSM9270077	geo:GSE309595:GSM9270077	disease_free_text	multiple myeloma	file	raw/fp-53430067aac0/GSE309595_family.soft.gz		Multiple myeloma (MM) is a hematological malignancy characterized by an expansion of malignant plasma cells in the bone marrow.	True
GSM9270077	geo:GSE309595:GSM9270077	disease_free_text	multiple myeloma	file	raw/fp-53430067aac0/GSE309595_family.soft.gz		!Sample_characteristics_ch1 = subject id: FH1005	True
GSM9270077	geo:GSE309595:GSM9270077	disease_free_text	multiple myeloma	file	raw/fp-53430067aac0/GSE309595_family.soft.gz		!Sample_characteristics_ch1 = visit: Flu Year 1 Day 0	True
GSM9270077	geo:GSE309595:GSM9270077	disease_free_text	multiple myeloma	file	raw/fp-53430067aac0/GSE309595_family.soft.gz		!Sample_title = PB00236-12 MM Post Induction 2-Cycles	True
GSM9270077	geo:GSE309595:GSM9270077	disease_free_text	multiple myeloma	file	raw/fp-53430067aac0/GSE309595_family.soft.gz		!Sample_characteristics_ch1 = visit: MM Post Induction 2-Cycles	True
GSM9270077	geo:GSE309595:GSM9270077	disease_free_text	multiple myeloma	file	raw/fp-53430067aac0/GSE309595_family.soft.gz		This cohort was also followed for the flu vaccine perturbation and blood samples were collected at 0, 7, and 90 days post-vaccination during two consecutive flu years.	True
GSM9270077	geo:GSE309595:GSM9270077	disease_free_text	multiple myeloma	file	raw/fp-53430067aac0/GSE309595_family.soft.gz		A cohort of patients aged 30 and older with newly diagnosed MM requiring systemic therapy was enrolled in Seattle, WA	True
GSM9270078	geo:GSE309595:GSM9270078	donor_id	FH1009	file	raw/fp-53430067aac0/GSE309595_family.soft.gz		!Sample_characteristics_ch1 = subject id: FH1009	True
GSM9270078	geo:GSE309595:GSM9270078	sex	male	file	raw/fp-53430067aac0/GSE309595_family.soft.gz		!Sample_characteristics_ch1 = Sex: Male	True
GSM9270078	geo:GSE309595:GSM9270078	tissue_free_text	Blood	file	raw/fp-53430067aac0/GSE309595_family.soft.gz		!Sample_characteristics_ch1 = tissue: Blood	True
GSM9270078	geo:GSE309595:GSM9270078	tissue_type	tissue	file	raw/fp-53430067aac0/GSE309595_family.soft.gz		!Sample_characteristics_ch1 = tissue: Blood	True
GSM9270078	geo:GSE309595:GSM9270078	tissue_type	tissue	file	raw/fp-53430067aac0/GSE309595_family.soft.gz		!Sample_characteristics_ch1 = cell type: PBMC	True
GSM9270078	geo:GSE309595:GSM9270078	suspension_type	cell	file	raw/fp-53430067aac0/GSE309595_family.soft.gz		single cell gene expression assay with Cell Hashing	True
GSM9270078	geo:GSE309595:GSM9270078	suspension_type	cell	file	raw/fp-53430067aac0/GSE309595_family.soft.gz		PBMCs were removed from liquid nitrogen and rapidly thawed in a 37	True
GSM9270078	geo:GSE309595:GSM9270078	gene_annotation_version	Ensembl v93	file	raw/fp-53430067aac0/GSE309595_family.soft.gz		refdata-cellranger-GRCh38-3.0.0; based on the GRCh38 genome reference and Ensembl v93 transcriptome annotations	True
GSM9270078	geo:GSE309595:GSM9270078	assay	10x 3' transcription profiling	file	raw/fp-53430067aac0/GSE309595_family.soft.gz		scRNAseq libraries were generated using a modified 10x genomics chromium 3′ single cell gene expression assay with Cell Hashing.	True
GSM9270078	geo:GSE309595:GSM9270078	disease_free_text	multiple myeloma	file	raw/fp-53430067aac0/GSE309595_family.soft.gz		Multiple myeloma (MM) is a hematological malignancy characterized by an expansion of malignant plasma cells in the bone marrow.	True
GSM9270078	geo:GSE309595:GSM9270078	disease_free_text	multiple myeloma	file	raw/fp-53430067aac0/GSE309595_family.soft.gz		!Sample_characteristics_ch1 = subject id: FH1009	True
GSM9270078	geo:GSE309595:GSM9270078	disease_free_text	multiple myeloma	file	raw/fp-53430067aac0/GSE309595_family.soft.gz		!Sample_characteristics_ch1 = visit: Flu Year 1 Stand-Alone	True
GSM9270078	geo:GSE309595:GSM9270078	disease_free_text	multiple myeloma	file	raw/fp-53430067aac0/GSE309595_family.soft.gz		!Sample_title = PB00239-02 MM Pre-Treatment	True
GSM9270078	geo:GSE309595:GSM9270078	disease_free_text	multiple myeloma	file	raw/fp-53430067aac0/GSE309595_family.soft.gz		!Sample_characteristics_ch1 = visit: MM Pre-Treatment	True
GSM9270078	geo:GSE309595:GSM9270078	disease_free_text	multiple myeloma	file	raw/fp-53430067aac0/GSE309595_family.soft.gz		This cohort was also followed for the flu vaccine perturbation and blood samples were collected at 0, 7, and 90 days post-vaccination during two consecutive flu years.	True
GSM9270078	geo:GSE309595:GSM9270078	disease_free_text	multiple myeloma	file	raw/fp-53430067aac0/GSE309595_family.soft.gz		A cohort of patients aged 30 and older with newly diagnosed MM requiring systemic therapy was enrolled in Seattle, WA	True
GSM9270079	geo:GSE309595:GSM9270079	donor_id	FH1002	file	raw/fp-53430067aac0/GSE309595_family.soft.gz		!Sample_characteristics_ch1 = subject id: FH1002	True
GSM9270079	geo:GSE309595:GSM9270079	sex	female	file	raw/fp-53430067aac0/GSE309595_family.soft.gz		!Sample_characteristics_ch1 = Sex: Female	True
GSM9270079	geo:GSE309595:GSM9270079	tissue_free_text	Blood	file	raw/fp-53430067aac0/GSE309595_family.soft.gz		!Sample_characteristics_ch1 = tissue: Blood	True
GSM9270079	geo:GSE309595:GSM9270079	tissue_type	tissue	file	raw/fp-53430067aac0/GSE309595_family.soft.gz		!Sample_characteristics_ch1 = tissue: Blood	True
GSM9270079	geo:GSE309595:GSM9270079	tissue_type	tissue	file	raw/fp-53430067aac0/GSE309595_family.soft.gz		!Sample_characteristics_ch1 = cell type: PBMC	True
GSM9270079	geo:GSE309595:GSM9270079	suspension_type	cell	file	raw/fp-53430067aac0/GSE309595_family.soft.gz		single cell gene expression assay with Cell Hashing	True
GSM9270079	geo:GSE309595:GSM9270079	suspension_type	cell	file	raw/fp-53430067aac0/GSE309595_family.soft.gz		PBMCs were removed from liquid nitrogen and rapidly thawed in a 37	True
GSM9270079	geo:GSE309595:GSM9270079	gene_annotation_version	Ensembl v93	file	raw/fp-53430067aac0/GSE309595_family.soft.gz		refdata-cellranger-GRCh38-3.0.0; based on the GRCh38 genome reference and Ensembl v93 transcriptome annotations	True
GSM9270079	geo:GSE309595:GSM9270079	assay	10x 3' transcription profiling	file	raw/fp-53430067aac0/GSE309595_family.soft.gz		scRNAseq libraries were generated using a modified 10x genomics chromium 3′ single cell gene expression assay with Cell Hashing.	True
GSM9270079	geo:GSE309595:GSM9270079	self_reported_ethnicity	Caucasian	file	raw/fp-53430067aac0/GSE309595_family.soft.gz		!Sample_characteristics_ch1 = race: Caucasian	True
GSM9270079	geo:GSE309595:GSM9270079	disease_free_text	multiple myeloma	file	raw/fp-53430067aac0/GSE309595_family.soft.gz		Multiple myeloma (MM) is a hematological malignancy characterized by an expansion of malignant plasma cells in the bone marrow.	True
GSM9270079	geo:GSE309595:GSM9270079	disease_free_text	multiple myeloma	file	raw/fp-53430067aac0/GSE309595_family.soft.gz		!Sample_characteristics_ch1 = subject id: FH1002	True
GSM9270079	geo:GSE309595:GSM9270079	disease_free_text	multiple myeloma	file	raw/fp-53430067aac0/GSE309595_family.soft.gz		!Sample_characteristics_ch1 = visit: Flu Year 2 Day 0	True
GSM9270079	geo:GSE309595:GSM9270079	disease_free_text	multiple myeloma	file	raw/fp-53430067aac0/GSE309595_family.soft.gz		!Sample_title = PB00135-01 MM Post Induction 2-Cycles	True
GSM9270079	geo:GSE309595:GSM9270079	disease_free_text	multiple myeloma	file	raw/fp-53430067aac0/GSE309595_family.soft.gz		!Sample_characteristics_ch1 = visit: MM Post Induction 2-Cycles	True
GSM9270079	geo:GSE309595:GSM9270079	disease_free_text	multiple myeloma	file	raw/fp-53430067aac0/GSE309595_family.soft.gz		This cohort was also followed for the flu vaccine perturbation and blood samples were collected at 0, 7, and 90 days post-vaccination during two consecutive flu years.	True
GSM9270079	geo:GSE309595:GSM9270079	disease_free_text	multiple myeloma	file	raw/fp-53430067aac0/GSE309595_family.soft.gz		A cohort of patients aged 30 and older with newly diagnosed MM requiring systemic therapy was enrolled in Seattle, WA	True
GSM9270080	geo:GSE309595:GSM9270080	donor_id	FH1004	file	raw/fp-53430067aac0/GSE309595_family.soft.gz		!Sample_characteristics_ch1 = subject id: FH1004	True
GSM9270080	geo:GSE309595:GSM9270080	sex	male	file	raw/fp-53430067aac0/GSE309595_family.soft.gz		!Sample_characteristics_ch1 = Sex: Male	True
GSM9270080	geo:GSE309595:GSM9270080	tissue_free_text	Blood	file	raw/fp-53430067aac0/GSE309595_family.soft.gz		!Sample_characteristics_ch1 = tissue: Blood	True
GSM9270080	geo:GSE309595:GSM9270080	tissue_type	tissue	file	raw/fp-53430067aac0/GSE309595_family.soft.gz		!Sample_characteristics_ch1 = tissue: Blood	True
GSM9270080	geo:GSE309595:GSM9270080	tissue_type	tissue	file	raw/fp-53430067aac0/GSE309595_family.soft.gz		!Sample_characteristics_ch1 = cell type: PBMC	True
GSM9270080	geo:GSE309595:GSM9270080	suspension_type	cell	file	raw/fp-53430067aac0/GSE309595_family.soft.gz		single cell gene expression assay with Cell Hashing	True
GSM9270080	geo:GSE309595:GSM9270080	suspension_type	cell	file	raw/fp-53430067aac0/GSE309595_family.soft.gz		PBMCs were removed from liquid nitrogen and rapidly thawed in a 37	True
GSM9270080	geo:GSE309595:GSM9270080	gene_annotation_version	Ensembl v93	file	raw/fp-53430067aac0/GSE309595_family.soft.gz		refdata-cellranger-GRCh38-3.0.0; based on the GRCh38 genome reference and Ensembl v93 transcriptome annotations	True
GSM9270080	geo:GSE309595:GSM9270080	assay	10x 3' transcription profiling	file	raw/fp-53430067aac0/GSE309595_family.soft.gz		scRNAseq libraries were generated using a modified 10x genomics chromium 3′ single cell gene expression assay with Cell Hashing.	True
GSM9270080	geo:GSE309595:GSM9270080	self_reported_ethnicity	Caucasian	file	raw/fp-53430067aac0/GSE309595_family.soft.gz		!Sample_characteristics_ch1 = race: Caucasian	True
GSM9270080	geo:GSE309595:GSM9270080	disease_free_text	multiple myeloma	file	raw/fp-53430067aac0/GSE309595_family.soft.gz		Multiple myeloma (MM) is a hematological malignancy characterized by an expansion of malignant plasma cells in the bone marrow.	True
GSM9270080	geo:GSE309595:GSM9270080	disease_free_text	multiple myeloma	file	raw/fp-53430067aac0/GSE309595_family.soft.gz		!Sample_characteristics_ch1 = subject id: FH1004	True
GSM9270080	geo:GSE309595:GSM9270080	disease_free_text	multiple myeloma	file	raw/fp-53430067aac0/GSE309595_family.soft.gz		!Sample_characteristics_ch1 = visit: Flu Year 2 Day 7	True
GSM9270080	geo:GSE309595:GSM9270080	disease_free_text	multiple myeloma	file	raw/fp-53430067aac0/GSE309595_family.soft.gz		!Sample_title = PB00136-01 MM Pre-Treatment	True
GSM9270080	geo:GSE309595:GSM9270080	disease_free_text	multiple myeloma	file	raw/fp-53430067aac0/GSE309595_family.soft.gz		!Sample_characteristics_ch1 = visit: MM Pre-Treatment	True
GSM9270080	geo:GSE309595:GSM9270080	disease_free_text	multiple myeloma	file	raw/fp-53430067aac0/GSE309595_family.soft.gz		This cohort was also followed for the flu vaccine perturbation and blood samples were collected at 0, 7, and 90 days post-vaccination during two consecutive flu years.	True
GSM9270080	geo:GSE309595:GSM9270080	disease_free_text	multiple myeloma	file	raw/fp-53430067aac0/GSE309595_family.soft.gz		A cohort of patients aged 30 and older with newly diagnosed MM requiring systemic therapy was enrolled in Seattle, WA	True
GSM9270081	geo:GSE309595:GSM9270081	donor_id	FH1003	file	raw/fp-53430067aac0/GSE309595_family.soft.gz		!Sample_characteristics_ch1 = subject id: FH1003	True
GSM9270081	geo:GSE309595:GSM9270081	sex	male	file	raw/fp-53430067aac0/GSE309595_family.soft.gz		!Sample_characteristics_ch1 = Sex: Male	True
GSM9270081	geo:GSE309595:GSM9270081	tissue_free_text	Blood	file	raw/fp-53430067aac0/GSE309595_family.soft.gz		!Sample_characteristics_ch1 = tissue: Blood	True
GSM9270081	geo:GSE309595:GSM9270081	tissue_type	tissue	file	raw/fp-53430067aac0/GSE309595_family.soft.gz		!Sample_characteristics_ch1 = tissue: Blood	True
GSM9270081	geo:GSE309595:GSM9270081	tissue_type	tissue	file	raw/fp-53430067aac0/GSE309595_family.soft.gz		!Sample_characteristics_ch1 = cell type: PBMC	True
GSM9270081	geo:GSE309595:GSM9270081	suspension_type	cell	file	raw/fp-53430067aac0/GSE309595_family.soft.gz		single cell gene expression assay with Cell Hashing	True
GSM9270081	geo:GSE309595:GSM9270081	suspension_type	cell	file	raw/fp-53430067aac0/GSE309595_family.soft.gz		PBMCs were removed from liquid nitrogen and rapidly thawed in a 37	True
GSM9270081	geo:GSE309595:GSM9270081	gene_annotation_version	Ensembl v93	file	raw/fp-53430067aac0/GSE309595_family.soft.gz		refdata-cellranger-GRCh38-3.0.0; based on the GRCh38 genome reference and Ensembl v93 transcriptome annotations	True
GSM9270081	geo:GSE309595:GSM9270081	assay	10x 3' transcription profiling	file	raw/fp-53430067aac0/GSE309595_family.soft.gz		scRNAseq libraries were generated using a modified 10x genomics chromium 3′ single cell gene expression assay with Cell Hashing.	True
GSM9270081	geo:GSE309595:GSM9270081	self_reported_ethnicity	Caucasian	file	raw/fp-53430067aac0/GSE309595_family.soft.gz		!Sample_characteristics_ch1 = race: Caucasian	True
GSM9270081	geo:GSE309595:GSM9270081	disease_free_text	multiple myeloma	file	raw/fp-53430067aac0/GSE309595_family.soft.gz		Multiple myeloma (MM) is a hematological malignancy characterized by an expansion of malignant plasma cells in the bone marrow.	True
GSM9270081	geo:GSE309595:GSM9270081	disease_free_text	multiple myeloma	file	raw/fp-53430067aac0/GSE309595_family.soft.gz		!Sample_characteristics_ch1 = subject id: FH1003	True
GSM9270081	geo:GSE309595:GSM9270081	disease_free_text	multiple myeloma	file	raw/fp-53430067aac0/GSE309595_family.soft.gz		!Sample_characteristics_ch1 = visit: Flu Year 2 Day 7	True
GSM9270081	geo:GSE309595:GSM9270081	disease_free_text	multiple myeloma	file	raw/fp-53430067aac0/GSE309595_family.soft.gz		!Sample_title = PB00238-02 MM End Induction 1st Draw	True
GSM9270081	geo:GSE309595:GSM9270081	disease_free_text	multiple myeloma	file	raw/fp-53430067aac0/GSE309595_family.soft.gz		!Sample_characteristics_ch1 = visit: MM End Induction 1st Draw	True
GSM9270081	geo:GSE309595:GSM9270081	disease_free_text	multiple myeloma	file	raw/fp-53430067aac0/GSE309595_family.soft.gz		This cohort was also followed for the flu vaccine perturbation and blood samples were collected at 0, 7, and 90 days post-vaccination during two consecutive flu years.	True
GSM9270081	geo:GSE309595:GSM9270081	disease_free_text	multiple myeloma	file	raw/fp-53430067aac0/GSE309595_family.soft.gz		A cohort of patients aged 30 and older with newly diagnosed MM requiring systemic therapy was enrolled in Seattle, WA	True
GSM9270082	geo:GSE309595:GSM9270082	donor_id	FH1005	file	raw/fp-53430067aac0/GSE309595_family.soft.gz		!Sample_characteristics_ch1 = subject id: FH1005	True
GSM9270082	geo:GSE309595:GSM9270082	sex	female	file	raw/fp-53430067aac0/GSE309595_family.soft.gz		!Sample_characteristics_ch1 = Sex: Female	True
GSM9270082	geo:GSE309595:GSM9270082	tissue_free_text	Blood	file	raw/fp-53430067aac0/GSE309595_family.soft.gz		!Sample_characteristics_ch1 = tissue: Blood	True
GSM9270082	geo:GSE309595:GSM9270082	tissue_type	tissue	file	raw/fp-53430067aac0/GSE309595_family.soft.gz		!Sample_characteristics_ch1 = tissue: Blood	True
GSM9270082	geo:GSE309595:GSM9270082	tissue_type	tissue	file	raw/fp-53430067aac0/GSE309595_family.soft.gz		!Sample_characteristics_ch1 = cell type: PBMC	True
GSM9270082	geo:GSE309595:GSM9270082	suspension_type	cell	file	raw/fp-53430067aac0/GSE309595_family.soft.gz		single cell gene expression assay with Cell Hashing	True
GSM9270082	geo:GSE309595:GSM9270082	suspension_type	cell	file	raw/fp-53430067aac0/GSE309595_family.soft.gz		PBMCs were removed from liquid nitrogen and rapidly thawed in a 37	True
GSM9270082	geo:GSE309595:GSM9270082	gene_annotation_version	Ensembl v93	file	raw/fp-53430067aac0/GSE309595_family.soft.gz		refdata-cellranger-GRCh38-3.0.0; based on the GRCh38 genome reference and Ensembl v93 transcriptome annotations	True
GSM9270082	geo:GSE309595:GSM9270082	assay	10x 3' transcription profiling	file	raw/fp-53430067aac0/GSE309595_family.soft.gz		scRNAseq libraries were generated using a modified 10x genomics chromium 3′ single cell gene expression assay with Cell Hashing.	True
GSM9270082	geo:GSE309595:GSM9270082	self_reported_ethnicity	Caucasian	file	raw/fp-53430067aac0/GSE309595_family.soft.gz		!Sample_characteristics_ch1 = race: Caucasian	True
GSM9270082	geo:GSE309595:GSM9270082	disease_free_text	multiple myeloma	file	raw/fp-53430067aac0/GSE309595_family.soft.gz		Multiple myeloma (MM) is a hematological malignancy characterized by an expansion of malignant plasma cells in the bone marrow.	True
GSM9270082	geo:GSE309595:GSM9270082	disease_free_text	multiple myeloma	file	raw/fp-53430067aac0/GSE309595_family.soft.gz		!Sample_characteristics_ch1 = subject id: FH1005	True
GSM9270082	geo:GSE309595:GSM9270082	disease_free_text	multiple myeloma	file	raw/fp-53430067aac0/GSE309595_family.soft.gz		!Sample_characteristics_ch1 = visit: Flu Year 1 Day 7	True
GSM9270082	geo:GSE309595:GSM9270082	disease_free_text	multiple myeloma	file	raw/fp-53430067aac0/GSE309595_family.soft.gz		!Sample_title = PB00236-12 MM Post Induction 2-Cycles	True
GSM9270082	geo:GSE309595:GSM9270082	disease_free_text	multiple myeloma	file	raw/fp-53430067aac0/GSE309595_family.soft.gz		!Sample_characteristics_ch1 = visit: MM Post Induction 2-Cycles	True
GSM9270082	geo:GSE309595:GSM9270082	disease_free_text	multiple myeloma	file	raw/fp-53430067aac0/GSE309595_family.soft.gz		This cohort was also followed for the flu vaccine perturbation and blood samples were collected at 0, 7, and 90 days post-vaccination during two consecutive flu years.	True
GSM9270082	geo:GSE309595:GSM9270082	disease_free_text	multiple myeloma	file	raw/fp-53430067aac0/GSE309595_family.soft.gz		A cohort of patients aged 30 and older with newly diagnosed MM requiring systemic therapy was enrolled in Seattle, WA	True
GSM9270083	geo:GSE309595:GSM9270083	donor_id	FH1002	file	raw/fp-53430067aac0/GSE309595_family.soft.gz		!Sample_characteristics_ch1 = subject id: FH1002	True
GSM9270083	geo:GSE309595:GSM9270083	sex	female	file	raw/fp-53430067aac0/GSE309595_family.soft.gz		!Sample_characteristics_ch1 = Sex: Female	True
GSM9270083	geo:GSE309595:GSM9270083	tissue_free_text	Blood	file	raw/fp-53430067aac0/GSE309595_family.soft.gz		!Sample_characteristics_ch1 = tissue: Blood	True
GSM9270083	geo:GSE309595:GSM9270083	tissue_type	tissue	file	raw/fp-53430067aac0/GSE309595_family.soft.gz		!Sample_characteristics_ch1 = tissue: Blood	True
GSM9270083	geo:GSE309595:GSM9270083	tissue_type	tissue	file	raw/fp-53430067aac0/GSE309595_family.soft.gz		!Sample_characteristics_ch1 = cell type: PBMC	True
GSM9270083	geo:GSE309595:GSM9270083	suspension_type	cell	file	raw/fp-53430067aac0/GSE309595_family.soft.gz		single cell gene expression assay with Cell Hashing	True
GSM9270083	geo:GSE309595:GSM9270083	suspension_type	cell	file	raw/fp-53430067aac0/GSE309595_family.soft.gz		PBMCs were removed from liquid nitrogen and rapidly thawed in a 37	True
GSM9270083	geo:GSE309595:GSM9270083	gene_annotation_version	Ensembl v93	file	raw/fp-53430067aac0/GSE309595_family.soft.gz		refdata-cellranger-GRCh38-3.0.0; based on the GRCh38 genome reference and Ensembl v93 transcriptome annotations	True
GSM9270083	geo:GSE309595:GSM9270083	assay	10x 3' transcription profiling	file	raw/fp-53430067aac0/GSE309595_family.soft.gz		scRNAseq libraries were generated using a modified 10x genomics chromium 3′ single cell gene expression assay with Cell Hashing.	True
GSM9270083	geo:GSE309595:GSM9270083	self_reported_ethnicity	Caucasian	file	raw/fp-53430067aac0/GSE309595_family.soft.gz		!Sample_characteristics_ch1 = race: Caucasian	True
GSM9270083	geo:GSE309595:GSM9270083	disease_free_text	multiple myeloma	file	raw/fp-53430067aac0/GSE309595_family.soft.gz		Multiple myeloma (MM) is a hematological malignancy characterized by an expansion of malignant plasma cells in the bone marrow.	True
GSM9270083	geo:GSE309595:GSM9270083	disease_free_text	multiple myeloma	file	raw/fp-53430067aac0/GSE309595_family.soft.gz		!Sample_characteristics_ch1 = subject id: FH1002	True
GSM9270083	geo:GSE309595:GSM9270083	disease_free_text	multiple myeloma	file	raw/fp-53430067aac0/GSE309595_family.soft.gz		!Sample_characteristics_ch1 = visit: Flu Year 2 Day 7	True
GSM9270083	geo:GSE309595:GSM9270083	disease_free_text	multiple myeloma	file	raw/fp-53430067aac0/GSE309595_family.soft.gz		!Sample_title = PB00135-01 MM Post Induction 2-Cycles	True
GSM9270083	geo:GSE309595:GSM9270083	disease_free_text	multiple myeloma	file	raw/fp-53430067aac0/GSE309595_family.soft.gz		!Sample_characteristics_ch1 = visit: MM Post Induction 2-Cycles	True
GSM9270083	geo:GSE309595:GSM9270083	disease_free_text	multiple myeloma	file	raw/fp-53430067aac0/GSE309595_family.soft.gz		This cohort was also followed for the flu vaccine perturbation and blood samples were collected at 0, 7, and 90 days post-vaccination during two consecutive flu years.	True
GSM9270083	geo:GSE309595:GSM9270083	disease_free_text	multiple myeloma	file	raw/fp-53430067aac0/GSE309595_family.soft.gz		A cohort of patients aged 30 and older with newly diagnosed MM requiring systemic therapy was enrolled in Seattle, WA	True
GSM9270084	geo:GSE309595:GSM9270084	donor_id	FH1018	file	raw/fp-53430067aac0/GSE309595_family.soft.gz		!Sample_characteristics_ch1 = subject id: FH1018	True
GSM9270084	geo:GSE309595:GSM9270084	sex	male	file	raw/fp-53430067aac0/GSE309595_family.soft.gz		!Sample_characteristics_ch1 = Sex: Male	True
GSM9270084	geo:GSE309595:GSM9270084	tissue_free_text	Blood	file	raw/fp-53430067aac0/GSE309595_family.soft.gz		!Sample_characteristics_ch1 = tissue: Blood	True
GSM9270084	geo:GSE309595:GSM9270084	tissue_type	tissue	file	raw/fp-53430067aac0/GSE309595_family.soft.gz		!Sample_characteristics_ch1 = tissue: Blood	True
GSM9270084	geo:GSE309595:GSM9270084	tissue_type	tissue	file	raw/fp-53430067aac0/GSE309595_family.soft.gz		!Sample_characteristics_ch1 = cell type: PBMC	True
GSM9270084	geo:GSE309595:GSM9270084	suspension_type	cell	file	raw/fp-53430067aac0/GSE309595_family.soft.gz		single cell gene expression assay with Cell Hashing	True
GSM9270084	geo:GSE309595:GSM9270084	suspension_type	cell	file	raw/fp-53430067aac0/GSE309595_family.soft.gz		PBMCs were removed from liquid nitrogen and rapidly thawed in a 37	True
GSM9270084	geo:GSE309595:GSM9270084	gene_annotation_version	Ensembl v93	file	raw/fp-53430067aac0/GSE309595_family.soft.gz		refdata-cellranger-GRCh38-3.0.0; based on the GRCh38 genome reference and Ensembl v93 transcriptome annotations	True
GSM9270084	geo:GSE309595:GSM9270084	assay	10x 3' transcription profiling	file	raw/fp-53430067aac0/GSE309595_family.soft.gz		scRNAseq libraries were generated using a modified 10x genomics chromium 3′ single cell gene expression assay with Cell Hashing.	True
GSM9270084	geo:GSE309595:GSM9270084	self_reported_ethnicity	Caucasian	file	raw/fp-53430067aac0/GSE309595_family.soft.gz		!Sample_characteristics_ch1 = race: Caucasian	True
GSM9270084	geo:GSE309595:GSM9270084	disease_free_text	multiple myeloma	file	raw/fp-53430067aac0/GSE309595_family.soft.gz		Multiple myeloma (MM) is a hematological malignancy characterized by an expansion of malignant plasma cells in the bone marrow.	True
GSM9270084	geo:GSE309595:GSM9270084	disease_free_text	multiple myeloma	file	raw/fp-53430067aac0/GSE309595_family.soft.gz		!Sample_characteristics_ch1 = subject id: FH1018	True
GSM9270084	geo:GSE309595:GSM9270084	disease_free_text	multiple myeloma	file	raw/fp-53430067aac0/GSE309595_family.soft.gz		!Sample_characteristics_ch1 = visit: MM Post Induction 2-Cycles	True
GSM9270084	geo:GSE309595:GSM9270084	disease_free_text	multiple myeloma	file	raw/fp-53430067aac0/GSE309595_family.soft.gz		A cohort of patients aged 30 and older with newly diagnosed MM requiring systemic therapy was enrolled in Seattle, WA	True
GSM9270085	geo:GSE309595:GSM9270085	donor_id	FH1009	file	raw/fp-53430067aac0/GSE309595_family.soft.gz		!Sample_characteristics_ch1 = subject id: FH1009	True
GSM9270085	geo:GSE309595:GSM9270085	sex	male	file	raw/fp-53430067aac0/GSE309595_family.soft.gz		!Sample_characteristics_ch1 = Sex: Male	True
GSM9270085	geo:GSE309595:GSM9270085	tissue_free_text	Blood	file	raw/fp-53430067aac0/GSE309595_family.soft.gz		!Sample_characteristics_ch1 = tissue: Blood	True
GSM9270085	geo:GSE309595:GSM9270085	tissue_type	tissue	file	raw/fp-53430067aac0/GSE309595_family.soft.gz		!Sample_characteristics_ch1 = tissue: Blood	True
GSM9270085	geo:GSE309595:GSM9270085	tissue_type	tissue	file	raw/fp-53430067aac0/GSE309595_family.soft.gz		!Sample_characteristics_ch1 = cell type: PBMC	True
GSM9270085	geo:GSE309595:GSM9270085	suspension_type	cell	file	raw/fp-53430067aac0/GSE309595_family.soft.gz		single cell gene expression assay with Cell Hashing	True
GSM9270085	geo:GSE309595:GSM9270085	suspension_type	cell	file	raw/fp-53430067aac0/GSE309595_family.soft.gz		PBMCs were removed from liquid nitrogen and rapidly thawed in a 37	True
GSM9270085	geo:GSE309595:GSM9270085	gene_annotation_version	Ensembl v93	file	raw/fp-53430067aac0/GSE309595_family.soft.gz		refdata-cellranger-GRCh38-3.0.0; based on the GRCh38 genome reference and Ensembl v93 transcriptome annotations	True
GSM9270085	geo:GSE309595:GSM9270085	assay	10x 3' transcription profiling	file	raw/fp-53430067aac0/GSE309595_family.soft.gz		scRNAseq libraries were generated using a modified 10x genomics chromium 3′ single cell gene expression assay with Cell Hashing.	True
GSM9270085	geo:GSE309595:GSM9270085	disease_free_text	multiple myeloma	file	raw/fp-53430067aac0/GSE309595_family.soft.gz		Multiple myeloma (MM) is a hematological malignancy characterized by an expansion of malignant plasma cells in the bone marrow.	True
GSM9270085	geo:GSE309595:GSM9270085	disease_free_text	multiple myeloma	file	raw/fp-53430067aac0/GSE309595_family.soft.gz		!Sample_characteristics_ch1 = subject id: FH1009	True
GSM9270085	geo:GSE309595:GSM9270085	disease_free_text	multiple myeloma	file	raw/fp-53430067aac0/GSE309595_family.soft.gz		!Sample_characteristics_ch1 = visit: Flu Year 1 Day 0	True
GSM9270085	geo:GSE309595:GSM9270085	disease_free_text	multiple myeloma	file	raw/fp-53430067aac0/GSE309595_family.soft.gz		!Sample_title = PB00239-02 MM Pre-Treatment	True
GSM9270085	geo:GSE309595:GSM9270085	disease_free_text	multiple myeloma	file	raw/fp-53430067aac0/GSE309595_family.soft.gz		!Sample_characteristics_ch1 = visit: MM Pre-Treatment	True
GSM9270085	geo:GSE309595:GSM9270085	disease_free_text	multiple myeloma	file	raw/fp-53430067aac0/GSE309595_family.soft.gz		This cohort was also followed for the flu vaccine perturbation and blood samples were collected at 0, 7, and 90 days post-vaccination during two consecutive flu years.	True
GSM9270085	geo:GSE309595:GSM9270085	disease_free_text	multiple myeloma	file	raw/fp-53430067aac0/GSE309595_family.soft.gz		A cohort of patients aged 30 and older with newly diagnosed MM requiring systemic therapy was enrolled in Seattle, WA	True
GSM9270086	geo:GSE309595:GSM9270086	donor_id	FH1017	file	raw/fp-53430067aac0/GSE309595_family.soft.gz		!Sample_characteristics_ch1 = subject id: FH1017	True
GSM9270086	geo:GSE309595:GSM9270086	sex	female	file	raw/fp-53430067aac0/GSE309595_family.soft.gz		!Sample_characteristics_ch1 = Sex: Female	True
GSM9270086	geo:GSE309595:GSM9270086	tissue_free_text	Blood	file	raw/fp-53430067aac0/GSE309595_family.soft.gz		!Sample_characteristics_ch1 = tissue: Blood	True
GSM9270086	geo:GSE309595:GSM9270086	tissue_type	tissue	file	raw/fp-53430067aac0/GSE309595_family.soft.gz		!Sample_characteristics_ch1 = tissue: Blood	True
GSM9270086	geo:GSE309595:GSM9270086	tissue_type	tissue	file	raw/fp-53430067aac0/GSE309595_family.soft.gz		!Sample_characteristics_ch1 = cell type: PBMC	True
GSM9270086	geo:GSE309595:GSM9270086	suspension_type	cell	file	raw/fp-53430067aac0/GSE309595_family.soft.gz		single cell gene expression assay with Cell Hashing	True
GSM9270086	geo:GSE309595:GSM9270086	suspension_type	cell	file	raw/fp-53430067aac0/GSE309595_family.soft.gz		PBMCs were removed from liquid nitrogen and rapidly thawed in a 37	True
GSM9270086	geo:GSE309595:GSM9270086	gene_annotation_version	Ensembl v93	file	raw/fp-53430067aac0/GSE309595_family.soft.gz		refdata-cellranger-GRCh38-3.0.0; based on the GRCh38 genome reference and Ensembl v93 transcriptome annotations	True
GSM9270086	geo:GSE309595:GSM9270086	assay	10x 3' transcription profiling	file	raw/fp-53430067aac0/GSE309595_family.soft.gz		scRNAseq libraries were generated using a modified 10x genomics chromium 3′ single cell gene expression assay with Cell Hashing.	True
GSM9270086	geo:GSE309595:GSM9270086	self_reported_ethnicity	Caucasian	file	raw/fp-53430067aac0/GSE309595_family.soft.gz		!Sample_characteristics_ch1 = race: Caucasian	True
GSM9270086	geo:GSE309595:GSM9270086	disease_free_text	multiple myeloma	file	raw/fp-53430067aac0/GSE309595_family.soft.gz		Multiple myeloma (MM) is a hematological malignancy characterized by an expansion of malignant plasma cells in the bone marrow.	True
GSM9270086	geo:GSE309595:GSM9270086	disease_free_text	multiple myeloma	file	raw/fp-53430067aac0/GSE309595_family.soft.gz		!Sample_characteristics_ch1 = subject id: FH1017	True
GSM9270086	geo:GSE309595:GSM9270086	disease_free_text	multiple myeloma	file	raw/fp-53430067aac0/GSE309595_family.soft.gz		!Sample_characteristics_ch1 = visit: MM Post Induction 2-Cycles	True
GSM9270086	geo:GSE309595:GSM9270086	disease_free_text	multiple myeloma	file	raw/fp-53430067aac0/GSE309595_family.soft.gz		A cohort of patients aged 30 and older with newly diagnosed MM requiring systemic therapy was enrolled in Seattle, WA	True
GSM9270087	geo:GSE309595:GSM9270087	donor_id	FH1017	file	raw/fp-53430067aac0/GSE309595_family.soft.gz		!Sample_characteristics_ch1 = subject id: FH1017	True
GSM9270087	geo:GSE309595:GSM9270087	sex	female	file	raw/fp-53430067aac0/GSE309595_family.soft.gz		!Sample_characteristics_ch1 = Sex: Female	True
GSM9270087	geo:GSE309595:GSM9270087	tissue_free_text	Blood	file	raw/fp-53430067aac0/GSE309595_family.soft.gz		!Sample_characteristics_ch1 = tissue: Blood	True
GSM9270087	geo:GSE309595:GSM9270087	tissue_type	tissue	file	raw/fp-53430067aac0/GSE309595_family.soft.gz		!Sample_characteristics_ch1 = tissue: Blood	True
GSM9270087	geo:GSE309595:GSM9270087	tissue_type	tissue	file	raw/fp-53430067aac0/GSE309595_family.soft.gz		!Sample_characteristics_ch1 = cell type: PBMC	True
GSM9270087	geo:GSE309595:GSM9270087	suspension_type	cell	file	raw/fp-53430067aac0/GSE309595_family.soft.gz		single cell gene expression assay with Cell Hashing	True
GSM9270087	geo:GSE309595:GSM9270087	suspension_type	cell	file	raw/fp-53430067aac0/GSE309595_family.soft.gz		PBMCs were removed from liquid nitrogen and rapidly thawed in a 37	True
GSM9270087	geo:GSE309595:GSM9270087	gene_annotation_version	Ensembl v93	file	raw/fp-53430067aac0/GSE309595_family.soft.gz		refdata-cellranger-GRCh38-3.0.0; based on the GRCh38 genome reference and Ensembl v93 transcriptome annotations	True
GSM9270087	geo:GSE309595:GSM9270087	assay	10x 3' transcription profiling	file	raw/fp-53430067aac0/GSE309595_family.soft.gz		scRNAseq libraries were generated using a modified 10x genomics chromium 3′ single cell gene expression assay with Cell Hashing.	True
GSM9270087	geo:GSE309595:GSM9270087	self_reported_ethnicity	Caucasian	file	raw/fp-53430067aac0/GSE309595_family.soft.gz		!Sample_characteristics_ch1 = race: Caucasian	True
GSM9270087	geo:GSE309595:GSM9270087	disease_free_text	multiple myeloma	file	raw/fp-53430067aac0/GSE309595_family.soft.gz		Multiple myeloma (MM) is a hematological malignancy characterized by an expansion of malignant plasma cells in the bone marrow.	True
GSM9270087	geo:GSE309595:GSM9270087	disease_free_text	multiple myeloma	file	raw/fp-53430067aac0/GSE309595_family.soft.gz		!Sample_characteristics_ch1 = subject id: FH1017	True
GSM9270087	geo:GSE309595:GSM9270087	disease_free_text	multiple myeloma	file	raw/fp-53430067aac0/GSE309595_family.soft.gz		!Sample_characteristics_ch1 = visit: MM Post Induction 2-Cycles	True
GSM9270087	geo:GSE309595:GSM9270087	disease_free_text	multiple myeloma	file	raw/fp-53430067aac0/GSE309595_family.soft.gz		A cohort of patients aged 30 and older with newly diagnosed MM requiring systemic therapy was enrolled in Seattle, WA	True
GSM9270088	geo:GSE309595:GSM9270088	donor_id	FH1009	file	raw/fp-53430067aac0/GSE309595_family.soft.gz		!Sample_characteristics_ch1 = subject id: FH1009	True
GSM9270088	geo:GSE309595:GSM9270088	sex	male	file	raw/fp-53430067aac0/GSE309595_family.soft.gz		!Sample_characteristics_ch1 = Sex: Male	True
GSM9270088	geo:GSE309595:GSM9270088	tissue_free_text	Blood	file	raw/fp-53430067aac0/GSE309595_family.soft.gz		!Sample_characteristics_ch1 = tissue: Blood	True
GSM9270088	geo:GSE309595:GSM9270088	tissue_type	tissue	file	raw/fp-53430067aac0/GSE309595_family.soft.gz		!Sample_characteristics_ch1 = tissue: Blood	True
GSM9270088	geo:GSE309595:GSM9270088	tissue_type	tissue	file	raw/fp-53430067aac0/GSE309595_family.soft.gz		!Sample_characteristics_ch1 = cell type: PBMC	True
GSM9270088	geo:GSE309595:GSM9270088	suspension_type	cell	file	raw/fp-53430067aac0/GSE309595_family.soft.gz		single cell gene expression assay with Cell Hashing	True
GSM9270088	geo:GSE309595:GSM9270088	suspension_type	cell	file	raw/fp-53430067aac0/GSE309595_family.soft.gz		PBMCs were removed from liquid nitrogen and rapidly thawed in a 37	True
GSM9270088	geo:GSE309595:GSM9270088	gene_annotation_version	Ensembl v93	file	raw/fp-53430067aac0/GSE309595_family.soft.gz		refdata-cellranger-GRCh38-3.0.0; based on the GRCh38 genome reference and Ensembl v93 transcriptome annotations	True
GSM9270088	geo:GSE309595:GSM9270088	assay	10x 3' transcription profiling	file	raw/fp-53430067aac0/GSE309595_family.soft.gz		scRNAseq libraries were generated using a modified 10x genomics chromium 3′ single cell gene expression assay with Cell Hashing.	True
GSM9270088	geo:GSE309595:GSM9270088	disease_free_text	multiple myeloma	file	raw/fp-53430067aac0/GSE309595_family.soft.gz		Multiple myeloma (MM) is a hematological malignancy characterized by an expansion of malignant plasma cells in the bone marrow.	True
GSM9270088	geo:GSE309595:GSM9270088	disease_free_text	multiple myeloma	file	raw/fp-53430067aac0/GSE309595_family.soft.gz		!Sample_characteristics_ch1 = subject id: FH1009	True
GSM9270088	geo:GSE309595:GSM9270088	disease_free_text	multiple myeloma	file	raw/fp-53430067aac0/GSE309595_family.soft.gz		!Sample_characteristics_ch1 = visit: Flu Year 1 Day 7	True
GSM9270088	geo:GSE309595:GSM9270088	disease_free_text	multiple myeloma	file	raw/fp-53430067aac0/GSE309595_family.soft.gz		!Sample_title = PB00239-02 MM Pre-Treatment	True
GSM9270088	geo:GSE309595:GSM9270088	disease_free_text	multiple myeloma	file	raw/fp-53430067aac0/GSE309595_family.soft.gz		!Sample_characteristics_ch1 = visit: MM Pre-Treatment	True
GSM9270088	geo:GSE309595:GSM9270088	disease_free_text	multiple myeloma	file	raw/fp-53430067aac0/GSE309595_family.soft.gz		This cohort was also followed for the flu vaccine perturbation and blood samples were collected at 0, 7, and 90 days post-vaccination during two consecutive flu years.	True
GSM9270088	geo:GSE309595:GSM9270088	disease_free_text	multiple myeloma	file	raw/fp-53430067aac0/GSE309595_family.soft.gz		A cohort of patients aged 30 and older with newly diagnosed MM requiring systemic therapy was enrolled in Seattle, WA	True
GSM9270089	geo:GSE309595:GSM9270089	donor_id	FH1011	file	raw/fp-53430067aac0/GSE309595_family.soft.gz		!Sample_characteristics_ch1 = subject id: FH1011	True
GSM9270089	geo:GSE309595:GSM9270089	sex	male	file	raw/fp-53430067aac0/GSE309595_family.soft.gz		!Sample_characteristics_ch1 = Sex: Male	True
GSM9270089	geo:GSE309595:GSM9270089	tissue_free_text	Blood	file	raw/fp-53430067aac0/GSE309595_family.soft.gz		!Sample_characteristics_ch1 = tissue: Blood	True
GSM9270089	geo:GSE309595:GSM9270089	tissue_type	tissue	file	raw/fp-53430067aac0/GSE309595_family.soft.gz		!Sample_characteristics_ch1 = tissue: Blood	True
GSM9270089	geo:GSE309595:GSM9270089	tissue_type	tissue	file	raw/fp-53430067aac0/GSE309595_family.soft.gz		!Sample_characteristics_ch1 = cell type: PBMC	True
GSM9270089	geo:GSE309595:GSM9270089	suspension_type	cell	file	raw/fp-53430067aac0/GSE309595_family.soft.gz		single cell gene expression assay with Cell Hashing	True
GSM9270089	geo:GSE309595:GSM9270089	suspension_type	cell	file	raw/fp-53430067aac0/GSE309595_family.soft.gz		PBMCs were removed from liquid nitrogen and rapidly thawed in a 37	True
GSM9270089	geo:GSE309595:GSM9270089	gene_annotation_version	Ensembl v93	file	raw/fp-53430067aac0/GSE309595_family.soft.gz		refdata-cellranger-GRCh38-3.0.0; based on the GRCh38 genome reference and Ensembl v93 transcriptome annotations	True
GSM9270089	geo:GSE309595:GSM9270089	assay	10x 3' transcription profiling	file	raw/fp-53430067aac0/GSE309595_family.soft.gz		scRNAseq libraries were generated using a modified 10x genomics chromium 3′ single cell gene expression assay with Cell Hashing.	True
GSM9270089	geo:GSE309595:GSM9270089	disease_free_text	multiple myeloma	file	raw/fp-53430067aac0/GSE309595_family.soft.gz		Multiple myeloma (MM) is a hematological malignancy characterized by an expansion of malignant plasma cells in the bone marrow.	True
GSM9270089	geo:GSE309595:GSM9270089	disease_free_text	multiple myeloma	file	raw/fp-53430067aac0/GSE309595_family.soft.gz		!Sample_characteristics_ch1 = subject id: FH1011	True
GSM9270089	geo:GSE309595:GSM9270089	disease_free_text	multiple myeloma	file	raw/fp-53430067aac0/GSE309595_family.soft.gz		!Sample_characteristics_ch1 = visit: MM Post Transplant 90 Days	True
GSM9270089	geo:GSE309595:GSM9270089	disease_free_text	multiple myeloma	file	raw/fp-53430067aac0/GSE309595_family.soft.gz		A cohort of patients aged 30 and older with newly diagnosed MM requiring systemic therapy was enrolled in Seattle, WA	True
GSM9270090	geo:GSE309595:GSM9270090	donor_id	FH1012	file	raw/fp-53430067aac0/GSE309595_family.soft.gz		!Sample_characteristics_ch1 = subject id: FH1012	True
GSM9270090	geo:GSE309595:GSM9270090	sex	male	file	raw/fp-53430067aac0/GSE309595_family.soft.gz		!Sample_characteristics_ch1 = Sex: Male	True
GSM9270090	geo:GSE309595:GSM9270090	tissue_free_text	Blood	file	raw/fp-53430067aac0/GSE309595_family.soft.gz		!Sample_characteristics_ch1 = tissue: Blood	True
GSM9270090	geo:GSE309595:GSM9270090	tissue_type	tissue	file	raw/fp-53430067aac0/GSE309595_family.soft.gz		!Sample_characteristics_ch1 = tissue: Blood	True
GSM9270090	geo:GSE309595:GSM9270090	tissue_type	tissue	file	raw/fp-53430067aac0/GSE309595_family.soft.gz		!Sample_characteristics_ch1 = cell type: PBMC	True
GSM9270090	geo:GSE309595:GSM9270090	suspension_type	cell	file	raw/fp-53430067aac0/GSE309595_family.soft.gz		single cell gene expression assay with Cell Hashing	True
GSM9270090	geo:GSE309595:GSM9270090	suspension_type	cell	file	raw/fp-53430067aac0/GSE309595_family.soft.gz		PBMCs were removed from liquid nitrogen and rapidly thawed in a 37	True
GSM9270090	geo:GSE309595:GSM9270090	gene_annotation_version	Ensembl v93	file	raw/fp-53430067aac0/GSE309595_family.soft.gz		refdata-cellranger-GRCh38-3.0.0; based on the GRCh38 genome reference and Ensembl v93 transcriptome annotations	True
GSM9270090	geo:GSE309595:GSM9270090	assay	10x 3' transcription profiling	file	raw/fp-53430067aac0/GSE309595_family.soft.gz		scRNAseq libraries were generated using a modified 10x genomics chromium 3′ single cell gene expression assay with Cell Hashing.	True
GSM9270090	geo:GSE309595:GSM9270090	self_reported_ethnicity	Caucasian	file	raw/fp-53430067aac0/GSE309595_family.soft.gz		!Sample_characteristics_ch1 = race: Caucasian	True
GSM9270090	geo:GSE309595:GSM9270090	disease_free_text	multiple myeloma	file	raw/fp-53430067aac0/GSE309595_family.soft.gz		Multiple myeloma (MM) is a hematological malignancy characterized by an expansion of malignant plasma cells in the bone marrow.	True
GSM9270090	geo:GSE309595:GSM9270090	disease_free_text	multiple myeloma	file	raw/fp-53430067aac0/GSE309595_family.soft.gz		!Sample_characteristics_ch1 = subject id: FH1012	True
GSM9270090	geo:GSE309595:GSM9270090	disease_free_text	multiple myeloma	file	raw/fp-53430067aac0/GSE309595_family.soft.gz		!Sample_characteristics_ch1 = visit: Flu Year 1 Day 0	True
GSM9270090	geo:GSE309595:GSM9270090	disease_free_text	multiple myeloma	file	raw/fp-53430067aac0/GSE309595_family.soft.gz		!Sample_title = PB01315-07 MM Pre-Treatment	True
GSM9270090	geo:GSE309595:GSM9270090	disease_free_text	multiple myeloma	file	raw/fp-53430067aac0/GSE309595_family.soft.gz		!Sample_characteristics_ch1 = visit: MM Pre-Treatment	True
GSM9270090	geo:GSE309595:GSM9270090	disease_free_text	multiple myeloma	file	raw/fp-53430067aac0/GSE309595_family.soft.gz		This cohort was also followed for the flu vaccine perturbation and blood samples were collected at 0, 7, and 90 days post-vaccination during two consecutive flu years.	True
GSM9270090	geo:GSE309595:GSM9270090	disease_free_text	multiple myeloma	file	raw/fp-53430067aac0/GSE309595_family.soft.gz		A cohort of patients aged 30 and older with newly diagnosed MM requiring systemic therapy was enrolled in Seattle, WA	True
GSM9270091	geo:GSE309595:GSM9270091	donor_id	FH1019	file	raw/fp-53430067aac0/GSE309595_family.soft.gz		!Sample_characteristics_ch1 = subject id: FH1019	True
GSM9270091	geo:GSE309595:GSM9270091	sex	female	file	raw/fp-53430067aac0/GSE309595_family.soft.gz		!Sample_characteristics_ch1 = Sex: Female	True
GSM9270091	geo:GSE309595:GSM9270091	tissue_free_text	Blood	file	raw/fp-53430067aac0/GSE309595_family.soft.gz		!Sample_characteristics_ch1 = tissue: Blood	True
GSM9270091	geo:GSE309595:GSM9270091	tissue_type	tissue	file	raw/fp-53430067aac0/GSE309595_family.soft.gz		!Sample_characteristics_ch1 = tissue: Blood	True
GSM9270091	geo:GSE309595:GSM9270091	tissue_type	tissue	file	raw/fp-53430067aac0/GSE309595_family.soft.gz		!Sample_characteristics_ch1 = cell type: PBMC	True
GSM9270091	geo:GSE309595:GSM9270091	suspension_type	cell	file	raw/fp-53430067aac0/GSE309595_family.soft.gz		single cell gene expression assay with Cell Hashing	True
GSM9270091	geo:GSE309595:GSM9270091	suspension_type	cell	file	raw/fp-53430067aac0/GSE309595_family.soft.gz		PBMCs were removed from liquid nitrogen and rapidly thawed in a 37	True
GSM9270091	geo:GSE309595:GSM9270091	gene_annotation_version	Ensembl v93	file	raw/fp-53430067aac0/GSE309595_family.soft.gz		refdata-cellranger-GRCh38-3.0.0; based on the GRCh38 genome reference and Ensembl v93 transcriptome annotations	True
GSM9270091	geo:GSE309595:GSM9270091	assay	10x 3' transcription profiling	file	raw/fp-53430067aac0/GSE309595_family.soft.gz		scRNAseq libraries were generated using a modified 10x genomics chromium 3′ single cell gene expression assay with Cell Hashing.	True
GSM9270091	geo:GSE309595:GSM9270091	self_reported_ethnicity	Caucasian	file	raw/fp-53430067aac0/GSE309595_family.soft.gz		!Sample_characteristics_ch1 = race: Caucasian	True
GSM9270091	geo:GSE309595:GSM9270091	disease_free_text	multiple myeloma	file	raw/fp-53430067aac0/GSE309595_family.soft.gz		Multiple myeloma (MM) is a hematological malignancy characterized by an expansion of malignant plasma cells in the bone marrow.	True
GSM9270091	geo:GSE309595:GSM9270091	disease_free_text	multiple myeloma	file	raw/fp-53430067aac0/GSE309595_family.soft.gz		!Sample_characteristics_ch1 = subject id: FH1019	True
GSM9270091	geo:GSE309595:GSM9270091	disease_free_text	multiple myeloma	file	raw/fp-53430067aac0/GSE309595_family.soft.gz		!Sample_characteristics_ch1 = visit: MM Pre-Treatment	True
GSM9270091	geo:GSE309595:GSM9270091	disease_free_text	multiple myeloma	file	raw/fp-53430067aac0/GSE309595_family.soft.gz		A cohort of patients aged 30 and older with newly diagnosed MM requiring systemic therapy was enrolled in Seattle, WA	True
GSM9270092	geo:GSE309595:GSM9270092	donor_id	FH1012	file	raw/fp-53430067aac0/GSE309595_family.soft.gz		!Sample_characteristics_ch1 = subject id: FH1012	True
GSM9270092	geo:GSE309595:GSM9270092	sex	male	file	raw/fp-53430067aac0/GSE309595_family.soft.gz		!Sample_characteristics_ch1 = Sex: Male	True
GSM9270092	geo:GSE309595:GSM9270092	tissue_free_text	Blood	file	raw/fp-53430067aac0/GSE309595_family.soft.gz		!Sample_characteristics_ch1 = tissue: Blood	True
GSM9270092	geo:GSE309595:GSM9270092	tissue_type	tissue	file	raw/fp-53430067aac0/GSE309595_family.soft.gz		!Sample_characteristics_ch1 = tissue: Blood	True
GSM9270092	geo:GSE309595:GSM9270092	tissue_type	tissue	file	raw/fp-53430067aac0/GSE309595_family.soft.gz		!Sample_characteristics_ch1 = cell type: PBMC	True
GSM9270092	geo:GSE309595:GSM9270092	suspension_type	cell	file	raw/fp-53430067aac0/GSE309595_family.soft.gz		single cell gene expression assay with Cell Hashing	True
GSM9270092	geo:GSE309595:GSM9270092	suspension_type	cell	file	raw/fp-53430067aac0/GSE309595_family.soft.gz		PBMCs were removed from liquid nitrogen and rapidly thawed in a 37	True
GSM9270092	geo:GSE309595:GSM9270092	gene_annotation_version	Ensembl v93	file	raw/fp-53430067aac0/GSE309595_family.soft.gz		refdata-cellranger-GRCh38-3.0.0; based on the GRCh38 genome reference and Ensembl v93 transcriptome annotations	True
GSM9270092	geo:GSE309595:GSM9270092	assay	10x 3' transcription profiling	file	raw/fp-53430067aac0/GSE309595_family.soft.gz		scRNAseq libraries were generated using a modified 10x genomics chromium 3′ single cell gene expression assay with Cell Hashing.	True
GSM9270092	geo:GSE309595:GSM9270092	self_reported_ethnicity	Caucasian	file	raw/fp-53430067aac0/GSE309595_family.soft.gz		!Sample_characteristics_ch1 = race: Caucasian	True
GSM9270092	geo:GSE309595:GSM9270092	disease_free_text	multiple myeloma	file	raw/fp-53430067aac0/GSE309595_family.soft.gz		Multiple myeloma (MM) is a hematological malignancy characterized by an expansion of malignant plasma cells in the bone marrow.	True
GSM9270092	geo:GSE309595:GSM9270092	disease_free_text	multiple myeloma	file	raw/fp-53430067aac0/GSE309595_family.soft.gz		!Sample_characteristics_ch1 = subject id: FH1012	True
GSM9270092	geo:GSE309595:GSM9270092	disease_free_text	multiple myeloma	file	raw/fp-53430067aac0/GSE309595_family.soft.gz		!Sample_characteristics_ch1 = visit: Flu Year 1 Day 7	True
GSM9270092	geo:GSE309595:GSM9270092	disease_free_text	multiple myeloma	file	raw/fp-53430067aac0/GSE309595_family.soft.gz		!Sample_title = PB01315-07 MM Pre-Treatment	True
GSM9270092	geo:GSE309595:GSM9270092	disease_free_text	multiple myeloma	file	raw/fp-53430067aac0/GSE309595_family.soft.gz		!Sample_characteristics_ch1 = visit: MM Pre-Treatment	True
GSM9270092	geo:GSE309595:GSM9270092	disease_free_text	multiple myeloma	file	raw/fp-53430067aac0/GSE309595_family.soft.gz		This cohort was also followed for the flu vaccine perturbation and blood samples were collected at 0, 7, and 90 days post-vaccination during two consecutive flu years.	True
GSM9270092	geo:GSE309595:GSM9270092	disease_free_text	multiple myeloma	file	raw/fp-53430067aac0/GSE309595_family.soft.gz		A cohort of patients aged 30 and older with newly diagnosed MM requiring systemic therapy was enrolled in Seattle, WA	True
GSM9270093	geo:GSE309595:GSM9270093	donor_id	FH1003	file	raw/fp-53430067aac0/GSE309595_family.soft.gz		!Sample_characteristics_ch1 = subject id: FH1003	True
GSM9270093	geo:GSE309595:GSM9270093	sex	male	file	raw/fp-53430067aac0/GSE309595_family.soft.gz		!Sample_characteristics_ch1 = Sex: Male	True
GSM9270093	geo:GSE309595:GSM9270093	tissue_free_text	Blood	file	raw/fp-53430067aac0/GSE309595_family.soft.gz		!Sample_characteristics_ch1 = tissue: Blood	True
GSM9270093	geo:GSE309595:GSM9270093	tissue_type	tissue	file	raw/fp-53430067aac0/GSE309595_family.soft.gz		!Sample_characteristics_ch1 = tissue: Blood	True
GSM9270093	geo:GSE309595:GSM9270093	tissue_type	tissue	file	raw/fp-53430067aac0/GSE309595_family.soft.gz		!Sample_characteristics_ch1 = cell type: PBMC	True
GSM9270093	geo:GSE309595:GSM9270093	suspension_type	cell	file	raw/fp-53430067aac0/GSE309595_family.soft.gz		single cell gene expression assay with Cell Hashing	True
GSM9270093	geo:GSE309595:GSM9270093	suspension_type	cell	file	raw/fp-53430067aac0/GSE309595_family.soft.gz		PBMCs were removed from liquid nitrogen and rapidly thawed in a 37	True
GSM9270093	geo:GSE309595:GSM9270093	gene_annotation_version	Ensembl v93	file	raw/fp-53430067aac0/GSE309595_family.soft.gz		refdata-cellranger-GRCh38-3.0.0; based on the GRCh38 genome reference and Ensembl v93 transcriptome annotations	True
GSM9270093	geo:GSE309595:GSM9270093	assay	10x 3' transcription profiling	file	raw/fp-53430067aac0/GSE309595_family.soft.gz		scRNAseq libraries were generated using a modified 10x genomics chromium 3′ single cell gene expression assay with Cell Hashing.	True
GSM9270093	geo:GSE309595:GSM9270093	self_reported_ethnicity	Caucasian	file	raw/fp-53430067aac0/GSE309595_family.soft.gz		!Sample_characteristics_ch1 = race: Caucasian	True
GSM9270093	geo:GSE309595:GSM9270093	disease_free_text	multiple myeloma	file	raw/fp-53430067aac0/GSE309595_family.soft.gz		Multiple myeloma (MM) is a hematological malignancy characterized by an expansion of malignant plasma cells in the bone marrow.	True
GSM9270093	geo:GSE309595:GSM9270093	disease_free_text	multiple myeloma	file	raw/fp-53430067aac0/GSE309595_family.soft.gz		!Sample_characteristics_ch1 = subject id: FH1003	True
GSM9270093	geo:GSE309595:GSM9270093	disease_free_text	multiple myeloma	file	raw/fp-53430067aac0/GSE309595_family.soft.gz		!Sample_characteristics_ch1 = visit: Flu Year 2 Day 90	True
GSM9270093	geo:GSE309595:GSM9270093	disease_free_text	multiple myeloma	file	raw/fp-53430067aac0/GSE309595_family.soft.gz		!Sample_title = PB00238-02 MM End Induction 1st Draw	True
GSM9270093	geo:GSE309595:GSM9270093	disease_free_text	multiple myeloma	file	raw/fp-53430067aac0/GSE309595_family.soft.gz		!Sample_characteristics_ch1 = visit: MM End Induction 1st Draw	True
GSM9270093	geo:GSE309595:GSM9270093	disease_free_text	multiple myeloma	file	raw/fp-53430067aac0/GSE309595_family.soft.gz		This cohort was also followed for the flu vaccine perturbation and blood samples were collected at 0, 7, and 90 days post-vaccination during two consecutive flu years.	True
GSM9270093	geo:GSE309595:GSM9270093	disease_free_text	multiple myeloma	file	raw/fp-53430067aac0/GSE309595_family.soft.gz		A cohort of patients aged 30 and older with newly diagnosed MM requiring systemic therapy was enrolled in Seattle, WA	True
GSM9270094	geo:GSE309595:GSM9270094	donor_id	FH1005	file	raw/fp-53430067aac0/GSE309595_family.soft.gz		!Sample_characteristics_ch1 = subject id: FH1005	True
GSM9270094	geo:GSE309595:GSM9270094	sex	female	file	raw/fp-53430067aac0/GSE309595_family.soft.gz		!Sample_characteristics_ch1 = Sex: Female	True
GSM9270094	geo:GSE309595:GSM9270094	tissue_free_text	Blood	file	raw/fp-53430067aac0/GSE309595_family.soft.gz		!Sample_characteristics_ch1 = tissue: Blood	True
GSM9270094	geo:GSE309595:GSM9270094	tissue_type	tissue	file	raw/fp-53430067aac0/GSE309595_family.soft.gz		!Sample_characteristics_ch1 = tissue: Blood	True
GSM9270094	geo:GSE309595:GSM9270094	tissue_type	tissue	file	raw/fp-53430067aac0/GSE309595_family.soft.gz		!Sample_characteristics_ch1 = cell type: PBMC	True
GSM9270094	geo:GSE309595:GSM9270094	suspension_type	cell	file	raw/fp-53430067aac0/GSE309595_family.soft.gz		single cell gene expression assay with Cell Hashing	True
GSM9270094	geo:GSE309595:GSM9270094	suspension_type	cell	file	raw/fp-53430067aac0/GSE309595_family.soft.gz		PBMCs were removed from liquid nitrogen and rapidly thawed in a 37	True
GSM9270094	geo:GSE309595:GSM9270094	gene_annotation_version	Ensembl v93	file	raw/fp-53430067aac0/GSE309595_family.soft.gz		refdata-cellranger-GRCh38-3.0.0; based on the GRCh38 genome reference and Ensembl v93 transcriptome annotations	True
GSM9270094	geo:GSE309595:GSM9270094	assay	10x 3' transcription profiling	file	raw/fp-53430067aac0/GSE309595_family.soft.gz		scRNAseq libraries were generated using a modified 10x genomics chromium 3′ single cell gene expression assay with Cell Hashing.	True
GSM9270094	geo:GSE309595:GSM9270094	self_reported_ethnicity	Caucasian	file	raw/fp-53430067aac0/GSE309595_family.soft.gz		!Sample_characteristics_ch1 = race: Caucasian	True
GSM9270094	geo:GSE309595:GSM9270094	disease_free_text	multiple myeloma	file	raw/fp-53430067aac0/GSE309595_family.soft.gz		Multiple myeloma (MM) is a hematological malignancy characterized by an expansion of malignant plasma cells in the bone marrow.	True
GSM9270094	geo:GSE309595:GSM9270094	disease_free_text	multiple myeloma	file	raw/fp-53430067aac0/GSE309595_family.soft.gz		!Sample_characteristics_ch1 = subject id: FH1005	True
GSM9270094	geo:GSE309595:GSM9270094	disease_free_text	multiple myeloma	file	raw/fp-53430067aac0/GSE309595_family.soft.gz		!Sample_characteristics_ch1 = visit: Flu Year 1 Day 90	True
GSM9270094	geo:GSE309595:GSM9270094	disease_free_text	multiple myeloma	file	raw/fp-53430067aac0/GSE309595_family.soft.gz		!Sample_title = PB00236-12 MM Post Induction 2-Cycles	True
GSM9270094	geo:GSE309595:GSM9270094	disease_free_text	multiple myeloma	file	raw/fp-53430067aac0/GSE309595_family.soft.gz		!Sample_characteristics_ch1 = visit: MM Post Induction 2-Cycles	True
GSM9270094	geo:GSE309595:GSM9270094	disease_free_text	multiple myeloma	file	raw/fp-53430067aac0/GSE309595_family.soft.gz		This cohort was also followed for the flu vaccine perturbation and blood samples were collected at 0, 7, and 90 days post-vaccination during two consecutive flu years.	True
GSM9270094	geo:GSE309595:GSM9270094	disease_free_text	multiple myeloma	file	raw/fp-53430067aac0/GSE309595_family.soft.gz		A cohort of patients aged 30 and older with newly diagnosed MM requiring systemic therapy was enrolled in Seattle, WA	True
GSM9270095	geo:GSE309595:GSM9270095	donor_id	FH1002	file	raw/fp-53430067aac0/GSE309595_family.soft.gz		!Sample_characteristics_ch1 = subject id: FH1002	True
GSM9270095	geo:GSE309595:GSM9270095	sex	female	file	raw/fp-53430067aac0/GSE309595_family.soft.gz		!Sample_characteristics_ch1 = Sex: Female	True
GSM9270095	geo:GSE309595:GSM9270095	tissue_free_text	Blood	file	raw/fp-53430067aac0/GSE309595_family.soft.gz		!Sample_characteristics_ch1 = tissue: Blood	True
GSM9270095	geo:GSE309595:GSM9270095	tissue_type	tissue	file	raw/fp-53430067aac0/GSE309595_family.soft.gz		!Sample_characteristics_ch1 = tissue: Blood	True
GSM9270095	geo:GSE309595:GSM9270095	tissue_type	tissue	file	raw/fp-53430067aac0/GSE309595_family.soft.gz		!Sample_characteristics_ch1 = cell type: PBMC	True
GSM9270095	geo:GSE309595:GSM9270095	suspension_type	cell	file	raw/fp-53430067aac0/GSE309595_family.soft.gz		single cell gene expression assay with Cell Hashing	True
GSM9270095	geo:GSE309595:GSM9270095	suspension_type	cell	file	raw/fp-53430067aac0/GSE309595_family.soft.gz		PBMCs were removed from liquid nitrogen and rapidly thawed in a 37	True
GSM9270095	geo:GSE309595:GSM9270095	gene_annotation_version	Ensembl v93	file	raw/fp-53430067aac0/GSE309595_family.soft.gz		refdata-cellranger-GRCh38-3.0.0; based on the GRCh38 genome reference and Ensembl v93 transcriptome annotations	True
GSM9270095	geo:GSE309595:GSM9270095	assay	10x 3' transcription profiling	file	raw/fp-53430067aac0/GSE309595_family.soft.gz		scRNAseq libraries were generated using a modified 10x genomics chromium 3′ single cell gene expression assay with Cell Hashing.	True
GSM9270095	geo:GSE309595:GSM9270095	self_reported_ethnicity	Caucasian	file	raw/fp-53430067aac0/GSE309595_family.soft.gz		!Sample_characteristics_ch1 = race: Caucasian	True
GSM9270095	geo:GSE309595:GSM9270095	disease_free_text	multiple myeloma	file	raw/fp-53430067aac0/GSE309595_family.soft.gz		Multiple myeloma (MM) is a hematological malignancy characterized by an expansion of malignant plasma cells in the bone marrow.	True
GSM9270095	geo:GSE309595:GSM9270095	disease_free_text	multiple myeloma	file	raw/fp-53430067aac0/GSE309595_family.soft.gz		!Sample_characteristics_ch1 = subject id: FH1002	True
GSM9270095	geo:GSE309595:GSM9270095	disease_free_text	multiple myeloma	file	raw/fp-53430067aac0/GSE309595_family.soft.gz		!Sample_characteristics_ch1 = visit: MM Post Transplant 1 year	True
GSM9270095	geo:GSE309595:GSM9270095	disease_free_text	multiple myeloma	file	raw/fp-53430067aac0/GSE309595_family.soft.gz		A cohort of patients aged 30 and older with newly diagnosed MM requiring systemic therapy was enrolled in Seattle, WA	True
GSM9270096	geo:GSE309595:GSM9270096	donor_id	FH1009	file	raw/fp-53430067aac0/GSE309595_family.soft.gz		!Sample_characteristics_ch1 = subject id: FH1009	True
GSM9270096	geo:GSE309595:GSM9270096	sex	male	file	raw/fp-53430067aac0/GSE309595_family.soft.gz		!Sample_characteristics_ch1 = Sex: Male	True
GSM9270096	geo:GSE309595:GSM9270096	tissue_free_text	Blood	file	raw/fp-53430067aac0/GSE309595_family.soft.gz		!Sample_characteristics_ch1 = tissue: Blood	True
GSM9270096	geo:GSE309595:GSM9270096	tissue_type	tissue	file	raw/fp-53430067aac0/GSE309595_family.soft.gz		!Sample_characteristics_ch1 = tissue: Blood	True
GSM9270096	geo:GSE309595:GSM9270096	tissue_type	tissue	file	raw/fp-53430067aac0/GSE309595_family.soft.gz		!Sample_characteristics_ch1 = cell type: PBMC	True
GSM9270096	geo:GSE309595:GSM9270096	suspension_type	cell	file	raw/fp-53430067aac0/GSE309595_family.soft.gz		single cell gene expression assay with Cell Hashing	True
GSM9270096	geo:GSE309595:GSM9270096	suspension_type	cell	file	raw/fp-53430067aac0/GSE309595_family.soft.gz		PBMCs were removed from liquid nitrogen and rapidly thawed in a 37	True
GSM9270096	geo:GSE309595:GSM9270096	gene_annotation_version	Ensembl v93	file	raw/fp-53430067aac0/GSE309595_family.soft.gz		refdata-cellranger-GRCh38-3.0.0; based on the GRCh38 genome reference and Ensembl v93 transcriptome annotations	True
GSM9270096	geo:GSE309595:GSM9270096	assay	10x 3' transcription profiling	file	raw/fp-53430067aac0/GSE309595_family.soft.gz		scRNAseq libraries were generated using a modified 10x genomics chromium 3′ single cell gene expression assay with Cell Hashing.	True
GSM9270096	geo:GSE309595:GSM9270096	disease_free_text	multiple myeloma	file	raw/fp-53430067aac0/GSE309595_family.soft.gz		Multiple myeloma (MM) is a hematological malignancy characterized by an expansion of malignant plasma cells in the bone marrow.	True
GSM9270096	geo:GSE309595:GSM9270096	disease_free_text	multiple myeloma	file	raw/fp-53430067aac0/GSE309595_family.soft.gz		!Sample_characteristics_ch1 = subject id: FH1009	True
GSM9270096	geo:GSE309595:GSM9270096	disease_free_text	multiple myeloma	file	raw/fp-53430067aac0/GSE309595_family.soft.gz		!Sample_characteristics_ch1 = visit: Flu Year 1 Day 90	True
GSM9270096	geo:GSE309595:GSM9270096	disease_free_text	multiple myeloma	file	raw/fp-53430067aac0/GSE309595_family.soft.gz		!Sample_title = PB00239-02 MM Pre-Treatment	True
GSM9270096	geo:GSE309595:GSM9270096	disease_free_text	multiple myeloma	file	raw/fp-53430067aac0/GSE309595_family.soft.gz		!Sample_characteristics_ch1 = visit: MM Pre-Treatment	True
GSM9270096	geo:GSE309595:GSM9270096	disease_free_text	multiple myeloma	file	raw/fp-53430067aac0/GSE309595_family.soft.gz		This cohort was also followed for the flu vaccine perturbation and blood samples were collected at 0, 7, and 90 days post-vaccination during two consecutive flu years.	True
GSM9270096	geo:GSE309595:GSM9270096	disease_free_text	multiple myeloma	file	raw/fp-53430067aac0/GSE309595_family.soft.gz		A cohort of patients aged 30 and older with newly diagnosed MM requiring systemic therapy was enrolled in Seattle, WA	True
GSM9270097	geo:GSE309595:GSM9270097	donor_id	FH1006	file	raw/fp-53430067aac0/GSE309595_family.soft.gz		!Sample_characteristics_ch1 = subject id: FH1006	True
GSM9270097	geo:GSE309595:GSM9270097	sex	female	file	raw/fp-53430067aac0/GSE309595_family.soft.gz		!Sample_characteristics_ch1 = Sex: Female	True
GSM9270097	geo:GSE309595:GSM9270097	tissue_free_text	Blood	file	raw/fp-53430067aac0/GSE309595_family.soft.gz		!Sample_characteristics_ch1 = tissue: Blood	True
GSM9270097	geo:GSE309595:GSM9270097	tissue_type	tissue	file	raw/fp-53430067aac0/GSE309595_family.soft.gz		!Sample_characteristics_ch1 = tissue: Blood	True
GSM9270097	geo:GSE309595:GSM9270097	tissue_type	tissue	file	raw/fp-53430067aac0/GSE309595_family.soft.gz		!Sample_characteristics_ch1 = cell type: PBMC	True
GSM9270097	geo:GSE309595:GSM9270097	suspension_type	cell	file	raw/fp-53430067aac0/GSE309595_family.soft.gz		single cell gene expression assay with Cell Hashing	True
GSM9270097	geo:GSE309595:GSM9270097	suspension_type	cell	file	raw/fp-53430067aac0/GSE309595_family.soft.gz		PBMCs were removed from liquid nitrogen and rapidly thawed in a 37	True
GSM9270097	geo:GSE309595:GSM9270097	gene_annotation_version	Ensembl v93	file	raw/fp-53430067aac0/GSE309595_family.soft.gz		refdata-cellranger-GRCh38-3.0.0; based on the GRCh38 genome reference and Ensembl v93 transcriptome annotations	True
GSM9270097	geo:GSE309595:GSM9270097	assay	10x 3' transcription profiling	file	raw/fp-53430067aac0/GSE309595_family.soft.gz		scRNAseq libraries were generated using a modified 10x genomics chromium 3′ single cell gene expression assay with Cell Hashing.	True
GSM9270097	geo:GSE309595:GSM9270097	self_reported_ethnicity	Caucasian	file	raw/fp-53430067aac0/GSE309595_family.soft.gz		!Sample_characteristics_ch1 = race: Caucasian	True
GSM9270097	geo:GSE309595:GSM9270097	disease_free_text	multiple myeloma	file	raw/fp-53430067aac0/GSE309595_family.soft.gz		Multiple myeloma (MM) is a hematological malignancy characterized by an expansion of malignant plasma cells in the bone marrow.	True
GSM9270097	geo:GSE309595:GSM9270097	disease_free_text	multiple myeloma	file	raw/fp-53430067aac0/GSE309595_family.soft.gz		!Sample_characteristics_ch1 = subject id: FH1006	True
GSM9270097	geo:GSE309595:GSM9270097	disease_free_text	multiple myeloma	file	raw/fp-53430067aac0/GSE309595_family.soft.gz		!Sample_characteristics_ch1 = visit: MM Post Transplant 1 year	True
GSM9270097	geo:GSE309595:GSM9270097	disease_free_text	multiple myeloma	file	raw/fp-53430067aac0/GSE309595_family.soft.gz		A cohort of patients aged 30 and older with newly diagnosed MM requiring systemic therapy was enrolled in Seattle, WA	True
GSM9270098	geo:GSE309595:GSM9270098	donor_id	FH1007	file	raw/fp-53430067aac0/GSE309595_family.soft.gz		!Sample_characteristics_ch1 = subject id: FH1007	True
GSM9270098	geo:GSE309595:GSM9270098	sex	female	file	raw/fp-53430067aac0/GSE309595_family.soft.gz		!Sample_characteristics_ch1 = Sex: Female	True
GSM9270098	geo:GSE309595:GSM9270098	tissue_free_text	Blood	file	raw/fp-53430067aac0/GSE309595_family.soft.gz		!Sample_characteristics_ch1 = tissue: Blood	True
GSM9270098	geo:GSE309595:GSM9270098	tissue_type	tissue	file	raw/fp-53430067aac0/GSE309595_family.soft.gz		!Sample_characteristics_ch1 = tissue: Blood	True
GSM9270098	geo:GSE309595:GSM9270098	tissue_type	tissue	file	raw/fp-53430067aac0/GSE309595_family.soft.gz		!Sample_characteristics_ch1 = cell type: PBMC	True
GSM9270098	geo:GSE309595:GSM9270098	suspension_type	cell	file	raw/fp-53430067aac0/GSE309595_family.soft.gz		single cell gene expression assay with Cell Hashing	True
GSM9270098	geo:GSE309595:GSM9270098	suspension_type	cell	file	raw/fp-53430067aac0/GSE309595_family.soft.gz		PBMCs were removed from liquid nitrogen and rapidly thawed in a 37	True
GSM9270098	geo:GSE309595:GSM9270098	gene_annotation_version	Ensembl v93	file	raw/fp-53430067aac0/GSE309595_family.soft.gz		refdata-cellranger-GRCh38-3.0.0; based on the GRCh38 genome reference and Ensembl v93 transcriptome annotations	True
GSM9270098	geo:GSE309595:GSM9270098	assay	10x 3' transcription profiling	file	raw/fp-53430067aac0/GSE309595_family.soft.gz		scRNAseq libraries were generated using a modified 10x genomics chromium 3′ single cell gene expression assay with Cell Hashing.	True
GSM9270098	geo:GSE309595:GSM9270098	self_reported_ethnicity	Caucasian	file	raw/fp-53430067aac0/GSE309595_family.soft.gz		!Sample_characteristics_ch1 = race: Caucasian	True
GSM9270098	geo:GSE309595:GSM9270098	disease_free_text	multiple myeloma	file	raw/fp-53430067aac0/GSE309595_family.soft.gz		Multiple myeloma (MM) is a hematological malignancy characterized by an expansion of malignant plasma cells in the bone marrow.	True
GSM9270098	geo:GSE309595:GSM9270098	disease_free_text	multiple myeloma	file	raw/fp-53430067aac0/GSE309595_family.soft.gz		!Sample_characteristics_ch1 = subject id: FH1007	True
GSM9270098	geo:GSE309595:GSM9270098	disease_free_text	multiple myeloma	file	raw/fp-53430067aac0/GSE309595_family.soft.gz		!Sample_characteristics_ch1 = visit: MM Post Transplant 1 year	True
GSM9270098	geo:GSE309595:GSM9270098	disease_free_text	multiple myeloma	file	raw/fp-53430067aac0/GSE309595_family.soft.gz		A cohort of patients aged 30 and older with newly diagnosed MM requiring systemic therapy was enrolled in Seattle, WA	True
GSM9270099	geo:GSE309595:GSM9270099	donor_id	FH1019	file	raw/fp-53430067aac0/GSE309595_family.soft.gz		!Sample_characteristics_ch1 = subject id: FH1019	True
GSM9270099	geo:GSE309595:GSM9270099	sex	female	file	raw/fp-53430067aac0/GSE309595_family.soft.gz		!Sample_characteristics_ch1 = Sex: Female	True
GSM9270099	geo:GSE309595:GSM9270099	tissue_free_text	Blood	file	raw/fp-53430067aac0/GSE309595_family.soft.gz		!Sample_characteristics_ch1 = tissue: Blood	True
GSM9270099	geo:GSE309595:GSM9270099	tissue_type	tissue	file	raw/fp-53430067aac0/GSE309595_family.soft.gz		!Sample_characteristics_ch1 = tissue: Blood	True
GSM9270099	geo:GSE309595:GSM9270099	tissue_type	tissue	file	raw/fp-53430067aac0/GSE309595_family.soft.gz		!Sample_characteristics_ch1 = cell type: PBMC	True
GSM9270099	geo:GSE309595:GSM9270099	suspension_type	cell	file	raw/fp-53430067aac0/GSE309595_family.soft.gz		single cell gene expression assay with Cell Hashing	True
GSM9270099	geo:GSE309595:GSM9270099	suspension_type	cell	file	raw/fp-53430067aac0/GSE309595_family.soft.gz		PBMCs were removed from liquid nitrogen and rapidly thawed in a 37	True
GSM9270099	geo:GSE309595:GSM9270099	gene_annotation_version	Ensembl v93	file	raw/fp-53430067aac0/GSE309595_family.soft.gz		refdata-cellranger-GRCh38-3.0.0; based on the GRCh38 genome reference and Ensembl v93 transcriptome annotations	True
GSM9270099	geo:GSE309595:GSM9270099	assay	10x 3' transcription profiling	file	raw/fp-53430067aac0/GSE309595_family.soft.gz		scRNAseq libraries were generated using a modified 10x genomics chromium 3′ single cell gene expression assay with Cell Hashing.	True
GSM9270099	geo:GSE309595:GSM9270099	self_reported_ethnicity	Caucasian	file	raw/fp-53430067aac0/GSE309595_family.soft.gz		!Sample_characteristics_ch1 = race: Caucasian	True
GSM9270099	geo:GSE309595:GSM9270099	disease_free_text	multiple myeloma	file	raw/fp-53430067aac0/GSE309595_family.soft.gz		Multiple myeloma (MM) is a hematological malignancy characterized by an expansion of malignant plasma cells in the bone marrow.	True
GSM9270099	geo:GSE309595:GSM9270099	disease_free_text	multiple myeloma	file	raw/fp-53430067aac0/GSE309595_family.soft.gz		!Sample_characteristics_ch1 = subject id: FH1019	True
GSM9270099	geo:GSE309595:GSM9270099	disease_free_text	multiple myeloma	file	raw/fp-53430067aac0/GSE309595_family.soft.gz		!Sample_characteristics_ch1 = visit: MM Post Induction 2-Cycles	True
GSM9270099	geo:GSE309595:GSM9270099	disease_free_text	multiple myeloma	file	raw/fp-53430067aac0/GSE309595_family.soft.gz		A cohort of patients aged 30 and older with newly diagnosed MM requiring systemic therapy was enrolled in Seattle, WA	True
GSM9270100	geo:GSE309595:GSM9270100	donor_id	FH1011	file	raw/fp-53430067aac0/GSE309595_family.soft.gz		!Sample_characteristics_ch1 = subject id: FH1011	True
GSM9270100	geo:GSE309595:GSM9270100	sex	male	file	raw/fp-53430067aac0/GSE309595_family.soft.gz		!Sample_characteristics_ch1 = Sex: Male	True
GSM9270100	geo:GSE309595:GSM9270100	tissue_free_text	Blood	file	raw/fp-53430067aac0/GSE309595_family.soft.gz		!Sample_characteristics_ch1 = tissue: Blood	True
GSM9270100	geo:GSE309595:GSM9270100	tissue_type	tissue	file	raw/fp-53430067aac0/GSE309595_family.soft.gz		!Sample_characteristics_ch1 = tissue: Blood	True
GSM9270100	geo:GSE309595:GSM9270100	tissue_type	tissue	file	raw/fp-53430067aac0/GSE309595_family.soft.gz		!Sample_characteristics_ch1 = cell type: PBMC	True
GSM9270100	geo:GSE309595:GSM9270100	suspension_type	cell	file	raw/fp-53430067aac0/GSE309595_family.soft.gz		single cell gene expression assay with Cell Hashing	True
GSM9270100	geo:GSE309595:GSM9270100	suspension_type	cell	file	raw/fp-53430067aac0/GSE309595_family.soft.gz		PBMCs were removed from liquid nitrogen and rapidly thawed in a 37	True
GSM9270100	geo:GSE309595:GSM9270100	gene_annotation_version	Ensembl v93	file	raw/fp-53430067aac0/GSE309595_family.soft.gz		refdata-cellranger-GRCh38-3.0.0; based on the GRCh38 genome reference and Ensembl v93 transcriptome annotations	True
GSM9270100	geo:GSE309595:GSM9270100	assay	10x 3' transcription profiling	file	raw/fp-53430067aac0/GSE309595_family.soft.gz		scRNAseq libraries were generated using a modified 10x genomics chromium 3′ single cell gene expression assay with Cell Hashing.	True
GSM9270100	geo:GSE309595:GSM9270100	disease_free_text	multiple myeloma	file	raw/fp-53430067aac0/GSE309595_family.soft.gz		Multiple myeloma (MM) is a hematological malignancy characterized by an expansion of malignant plasma cells in the bone marrow.	True
GSM9270100	geo:GSE309595:GSM9270100	disease_free_text	multiple myeloma	file	raw/fp-53430067aac0/GSE309595_family.soft.gz		!Sample_characteristics_ch1 = subject id: FH1011	True
GSM9270100	geo:GSE309595:GSM9270100	disease_free_text	multiple myeloma	file	raw/fp-53430067aac0/GSE309595_family.soft.gz		!Sample_characteristics_ch1 = visit: Flu Year 1 Day 90	True
GSM9270100	geo:GSE309595:GSM9270100	disease_free_text	multiple myeloma	file	raw/fp-53430067aac0/GSE309595_family.soft.gz		!Sample_title = PB05007-001 MM Post Transplant 1 year	True
GSM9270100	geo:GSE309595:GSM9270100	disease_free_text	multiple myeloma	file	raw/fp-53430067aac0/GSE309595_family.soft.gz		!Sample_characteristics_ch1 = visit: MM Post Transplant 1 year	True
GSM9270100	geo:GSE309595:GSM9270100	disease_free_text	multiple myeloma	file	raw/fp-53430067aac0/GSE309595_family.soft.gz		This cohort was also followed for the flu vaccine perturbation and blood samples were collected at 0, 7, and 90 days post-vaccination during two consecutive flu years.	True
GSM9270100	geo:GSE309595:GSM9270100	disease_free_text	multiple myeloma	file	raw/fp-53430067aac0/GSE309595_family.soft.gz		A cohort of patients aged 30 and older with newly diagnosed MM requiring systemic therapy was enrolled in Seattle, WA	True
GSM9270101	geo:GSE309595:GSM9270101	donor_id	FH1018	file	raw/fp-53430067aac0/GSE309595_family.soft.gz		!Sample_characteristics_ch1 = subject id: FH1018	True
GSM9270101	geo:GSE309595:GSM9270101	sex	male	file	raw/fp-53430067aac0/GSE309595_family.soft.gz		!Sample_characteristics_ch1 = Sex: Male	True
GSM9270101	geo:GSE309595:GSM9270101	tissue_free_text	Blood	file	raw/fp-53430067aac0/GSE309595_family.soft.gz		!Sample_characteristics_ch1 = tissue: Blood	True
GSM9270101	geo:GSE309595:GSM9270101	tissue_type	tissue	file	raw/fp-53430067aac0/GSE309595_family.soft.gz		!Sample_characteristics_ch1 = tissue: Blood	True
GSM9270101	geo:GSE309595:GSM9270101	tissue_type	tissue	file	raw/fp-53430067aac0/GSE309595_family.soft.gz		!Sample_characteristics_ch1 = cell type: PBMC	True
GSM9270101	geo:GSE309595:GSM9270101	suspension_type	cell	file	raw/fp-53430067aac0/GSE309595_family.soft.gz		single cell gene expression assay with Cell Hashing	True
GSM9270101	geo:GSE309595:GSM9270101	suspension_type	cell	file	raw/fp-53430067aac0/GSE309595_family.soft.gz		PBMCs were removed from liquid nitrogen and rapidly thawed in a 37	True
GSM9270101	geo:GSE309595:GSM9270101	gene_annotation_version	Ensembl v93	file	raw/fp-53430067aac0/GSE309595_family.soft.gz		refdata-cellranger-GRCh38-3.0.0; based on the GRCh38 genome reference and Ensembl v93 transcriptome annotations	True
GSM9270101	geo:GSE309595:GSM9270101	assay	10x 3' transcription profiling	file	raw/fp-53430067aac0/GSE309595_family.soft.gz		scRNAseq libraries were generated using a modified 10x genomics chromium 3′ single cell gene expression assay with Cell Hashing.	True
GSM9270101	geo:GSE309595:GSM9270101	self_reported_ethnicity	Caucasian	file	raw/fp-53430067aac0/GSE309595_family.soft.gz		!Sample_characteristics_ch1 = race: Caucasian	True
GSM9270101	geo:GSE309595:GSM9270101	disease_free_text	multiple myeloma	file	raw/fp-53430067aac0/GSE309595_family.soft.gz		Multiple myeloma (MM) is a hematological malignancy characterized by an expansion of malignant plasma cells in the bone marrow.	True
GSM9270101	geo:GSE309595:GSM9270101	disease_free_text	multiple myeloma	file	raw/fp-53430067aac0/GSE309595_family.soft.gz		!Sample_characteristics_ch1 = subject id: FH1018	True
GSM9270101	geo:GSE309595:GSM9270101	disease_free_text	multiple myeloma	file	raw/fp-53430067aac0/GSE309595_family.soft.gz		!Sample_characteristics_ch1 = visit: MM Post Transplant 60 Days	True
GSM9270101	geo:GSE309595:GSM9270101	disease_free_text	multiple myeloma	file	raw/fp-53430067aac0/GSE309595_family.soft.gz		A cohort of patients aged 30 and older with newly diagnosed MM requiring systemic therapy was enrolled in Seattle, WA	True
GSM9270102	geo:GSE309595:GSM9270102	donor_id	FH1008	file	raw/fp-53430067aac0/GSE309595_family.soft.gz		!Sample_characteristics_ch1 = subject id: FH1008	True
GSM9270102	geo:GSE309595:GSM9270102	sex	female	file	raw/fp-53430067aac0/GSE309595_family.soft.gz		!Sample_characteristics_ch1 = Sex: Female	True
GSM9270102	geo:GSE309595:GSM9270102	tissue_free_text	Blood	file	raw/fp-53430067aac0/GSE309595_family.soft.gz		!Sample_characteristics_ch1 = tissue: Blood	True
GSM9270102	geo:GSE309595:GSM9270102	tissue_type	tissue	file	raw/fp-53430067aac0/GSE309595_family.soft.gz		!Sample_characteristics_ch1 = tissue: Blood	True
GSM9270102	geo:GSE309595:GSM9270102	tissue_type	tissue	file	raw/fp-53430067aac0/GSE309595_family.soft.gz		!Sample_characteristics_ch1 = cell type: PBMC	True
GSM9270102	geo:GSE309595:GSM9270102	suspension_type	cell	file	raw/fp-53430067aac0/GSE309595_family.soft.gz		single cell gene expression assay with Cell Hashing	True
GSM9270102	geo:GSE309595:GSM9270102	suspension_type	cell	file	raw/fp-53430067aac0/GSE309595_family.soft.gz		PBMCs were removed from liquid nitrogen and rapidly thawed in a 37	True
GSM9270102	geo:GSE309595:GSM9270102	gene_annotation_version	Ensembl v93	file	raw/fp-53430067aac0/GSE309595_family.soft.gz		refdata-cellranger-GRCh38-3.0.0; based on the GRCh38 genome reference and Ensembl v93 transcriptome annotations	True
GSM9270102	geo:GSE309595:GSM9270102	assay	10x 3' transcription profiling	file	raw/fp-53430067aac0/GSE309595_family.soft.gz		scRNAseq libraries were generated using a modified 10x genomics chromium 3′ single cell gene expression assay with Cell Hashing.	True
GSM9270102	geo:GSE309595:GSM9270102	self_reported_ethnicity	Caucasian	file	raw/fp-53430067aac0/GSE309595_family.soft.gz		!Sample_characteristics_ch1 = race: Caucasian	True
GSM9270102	geo:GSE309595:GSM9270102	disease_free_text	multiple myeloma	file	raw/fp-53430067aac0/GSE309595_family.soft.gz		Multiple myeloma (MM) is a hematological malignancy characterized by an expansion of malignant plasma cells in the bone marrow.	True
GSM9270102	geo:GSE309595:GSM9270102	disease_free_text	multiple myeloma	file	raw/fp-53430067aac0/GSE309595_family.soft.gz		!Sample_characteristics_ch1 = subject id: FH1008	True
GSM9270102	geo:GSE309595:GSM9270102	disease_free_text	multiple myeloma	file	raw/fp-53430067aac0/GSE309595_family.soft.gz		!Sample_characteristics_ch1 = visit: Flu Year 2 Stand-Alone	True
GSM9270102	geo:GSE309595:GSM9270102	disease_free_text	multiple myeloma	file	raw/fp-53430067aac0/GSE309595_family.soft.gz		!Sample_title = PB00237-11 MM Pre-Treatment	True
GSM9270102	geo:GSE309595:GSM9270102	disease_free_text	multiple myeloma	file	raw/fp-53430067aac0/GSE309595_family.soft.gz		!Sample_characteristics_ch1 = visit: MM Pre-Treatment	True
GSM9270102	geo:GSE309595:GSM9270102	disease_free_text	multiple myeloma	file	raw/fp-53430067aac0/GSE309595_family.soft.gz		This cohort was also followed for the flu vaccine perturbation and blood samples were collected at 0, 7, and 90 days post-vaccination during two consecutive flu years.	True
GSM9270102	geo:GSE309595:GSM9270102	disease_free_text	multiple myeloma	file	raw/fp-53430067aac0/GSE309595_family.soft.gz		A cohort of patients aged 30 and older with newly diagnosed MM requiring systemic therapy was enrolled in Seattle, WA	True
GSM9270103	geo:GSE309595:GSM9270103	donor_id	FH1014	file	raw/fp-53430067aac0/GSE309595_family.soft.gz		!Sample_characteristics_ch1 = subject id: FH1014	True
GSM9270103	geo:GSE309595:GSM9270103	sex	male	file	raw/fp-53430067aac0/GSE309595_family.soft.gz		!Sample_characteristics_ch1 = Sex: Male	True
GSM9270103	geo:GSE309595:GSM9270103	tissue_free_text	Blood	file	raw/fp-53430067aac0/GSE309595_family.soft.gz		!Sample_characteristics_ch1 = tissue: Blood	True
GSM9270103	geo:GSE309595:GSM9270103	tissue_type	tissue	file	raw/fp-53430067aac0/GSE309595_family.soft.gz		!Sample_characteristics_ch1 = tissue: Blood	True
GSM9270103	geo:GSE309595:GSM9270103	tissue_type	tissue	file	raw/fp-53430067aac0/GSE309595_family.soft.gz		!Sample_characteristics_ch1 = cell type: PBMC	True
GSM9270103	geo:GSE309595:GSM9270103	suspension_type	cell	file	raw/fp-53430067aac0/GSE309595_family.soft.gz		single cell gene expression assay with Cell Hashing	True
GSM9270103	geo:GSE309595:GSM9270103	suspension_type	cell	file	raw/fp-53430067aac0/GSE309595_family.soft.gz		PBMCs were removed from liquid nitrogen and rapidly thawed in a 37	True
GSM9270103	geo:GSE309595:GSM9270103	gene_annotation_version	Ensembl v93	file	raw/fp-53430067aac0/GSE309595_family.soft.gz		refdata-cellranger-GRCh38-3.0.0; based on the GRCh38 genome reference and Ensembl v93 transcriptome annotations	True
GSM9270103	geo:GSE309595:GSM9270103	assay	10x 3' transcription profiling	file	raw/fp-53430067aac0/GSE309595_family.soft.gz		scRNAseq libraries were generated using a modified 10x genomics chromium 3′ single cell gene expression assay with Cell Hashing.	True
GSM9270103	geo:GSE309595:GSM9270103	self_reported_ethnicity	Caucasian	file	raw/fp-53430067aac0/GSE309595_family.soft.gz		!Sample_characteristics_ch1 = race: Caucasian	True
GSM9270103	geo:GSE309595:GSM9270103	disease_free_text	multiple myeloma	file	raw/fp-53430067aac0/GSE309595_family.soft.gz		Multiple myeloma (MM) is a hematological malignancy characterized by an expansion of malignant plasma cells in the bone marrow.	True
GSM9270103	geo:GSE309595:GSM9270103	disease_free_text	multiple myeloma	file	raw/fp-53430067aac0/GSE309595_family.soft.gz		!Sample_characteristics_ch1 = subject id: FH1014	True
GSM9270103	geo:GSE309595:GSM9270103	disease_free_text	multiple myeloma	file	raw/fp-53430067aac0/GSE309595_family.soft.gz		!Sample_characteristics_ch1 = visit: Flu Year 1 Day 0	True
GSM9270103	geo:GSE309595:GSM9270103	disease_free_text	multiple myeloma	file	raw/fp-53430067aac0/GSE309595_family.soft.gz		!Sample_title = PB02686-005 MM Post Transplant 60 Days	True
GSM9270103	geo:GSE309595:GSM9270103	disease_free_text	multiple myeloma	file	raw/fp-53430067aac0/GSE309595_family.soft.gz		!Sample_characteristics_ch1 = visit: MM Post Transplant 60 Days	True
GSM9270103	geo:GSE309595:GSM9270103	disease_free_text	multiple myeloma	file	raw/fp-53430067aac0/GSE309595_family.soft.gz		This cohort was also followed for the flu vaccine perturbation and blood samples were collected at 0, 7, and 90 days post-vaccination during two consecutive flu years.	True
GSM9270103	geo:GSE309595:GSM9270103	disease_free_text	multiple myeloma	file	raw/fp-53430067aac0/GSE309595_family.soft.gz		A cohort of patients aged 30 and older with newly diagnosed MM requiring systemic therapy was enrolled in Seattle, WA	True
GSM9270104	geo:GSE309595:GSM9270104	donor_id	FH1008	file	raw/fp-53430067aac0/GSE309595_family.soft.gz		!Sample_characteristics_ch1 = subject id: FH1008	True
GSM9270104	geo:GSE309595:GSM9270104	sex	female	file	raw/fp-53430067aac0/GSE309595_family.soft.gz		!Sample_characteristics_ch1 = Sex: Female	True
GSM9270104	geo:GSE309595:GSM9270104	tissue_free_text	Blood	file	raw/fp-53430067aac0/GSE309595_family.soft.gz		!Sample_characteristics_ch1 = tissue: Blood	True
GSM9270104	geo:GSE309595:GSM9270104	tissue_type	tissue	file	raw/fp-53430067aac0/GSE309595_family.soft.gz		!Sample_characteristics_ch1 = tissue: Blood	True
GSM9270104	geo:GSE309595:GSM9270104	tissue_type	tissue	file	raw/fp-53430067aac0/GSE309595_family.soft.gz		!Sample_characteristics_ch1 = cell type: PBMC	True
GSM9270104	geo:GSE309595:GSM9270104	suspension_type	cell	file	raw/fp-53430067aac0/GSE309595_family.soft.gz		single cell gene expression assay with Cell Hashing	True
GSM9270104	geo:GSE309595:GSM9270104	suspension_type	cell	file	raw/fp-53430067aac0/GSE309595_family.soft.gz		PBMCs were removed from liquid nitrogen and rapidly thawed in a 37	True
GSM9270104	geo:GSE309595:GSM9270104	gene_annotation_version	Ensembl v93	file	raw/fp-53430067aac0/GSE309595_family.soft.gz		refdata-cellranger-GRCh38-3.0.0; based on the GRCh38 genome reference and Ensembl v93 transcriptome annotations	True
GSM9270104	geo:GSE309595:GSM9270104	assay	10x 3' transcription profiling	file	raw/fp-53430067aac0/GSE309595_family.soft.gz		scRNAseq libraries were generated using a modified 10x genomics chromium 3′ single cell gene expression assay with Cell Hashing.	True
GSM9270104	geo:GSE309595:GSM9270104	self_reported_ethnicity	Caucasian	file	raw/fp-53430067aac0/GSE309595_family.soft.gz		!Sample_characteristics_ch1 = race: Caucasian	True
GSM9270104	geo:GSE309595:GSM9270104	disease_free_text	multiple myeloma	file	raw/fp-53430067aac0/GSE309595_family.soft.gz		Multiple myeloma (MM) is a hematological malignancy characterized by an expansion of malignant plasma cells in the bone marrow.	True
GSM9270104	geo:GSE309595:GSM9270104	disease_free_text	multiple myeloma	file	raw/fp-53430067aac0/GSE309595_family.soft.gz		!Sample_characteristics_ch1 = subject id: FH1008	True
GSM9270104	geo:GSE309595:GSM9270104	disease_free_text	multiple myeloma	file	raw/fp-53430067aac0/GSE309595_family.soft.gz		!Sample_characteristics_ch1 = visit: Flu Year 2 Day 0	True
GSM9270104	geo:GSE309595:GSM9270104	disease_free_text	multiple myeloma	file	raw/fp-53430067aac0/GSE309595_family.soft.gz		!Sample_title = PB00237-11 MM Pre-Treatment	True
GSM9270104	geo:GSE309595:GSM9270104	disease_free_text	multiple myeloma	file	raw/fp-53430067aac0/GSE309595_family.soft.gz		!Sample_characteristics_ch1 = visit: MM Pre-Treatment	True
GSM9270104	geo:GSE309595:GSM9270104	disease_free_text	multiple myeloma	file	raw/fp-53430067aac0/GSE309595_family.soft.gz		This cohort was also followed for the flu vaccine perturbation and blood samples were collected at 0, 7, and 90 days post-vaccination during two consecutive flu years.	True
GSM9270104	geo:GSE309595:GSM9270104	disease_free_text	multiple myeloma	file	raw/fp-53430067aac0/GSE309595_family.soft.gz		A cohort of patients aged 30 and older with newly diagnosed MM requiring systemic therapy was enrolled in Seattle, WA	True
GSM9270105	geo:GSE309595:GSM9270105	donor_id	FH1012	file	raw/fp-53430067aac0/GSE309595_family.soft.gz		!Sample_characteristics_ch1 = subject id: FH1012	True
GSM9270105	geo:GSE309595:GSM9270105	sex	male	file	raw/fp-53430067aac0/GSE309595_family.soft.gz		!Sample_characteristics_ch1 = Sex: Male	True
GSM9270105	geo:GSE309595:GSM9270105	tissue_free_text	Blood	file	raw/fp-53430067aac0/GSE309595_family.soft.gz		!Sample_characteristics_ch1 = tissue: Blood	True
GSM9270105	geo:GSE309595:GSM9270105	tissue_type	tissue	file	raw/fp-53430067aac0/GSE309595_family.soft.gz		!Sample_characteristics_ch1 = tissue: Blood	True
GSM9270105	geo:GSE309595:GSM9270105	tissue_type	tissue	file	raw/fp-53430067aac0/GSE309595_family.soft.gz		!Sample_characteristics_ch1 = cell type: PBMC	True
GSM9270105	geo:GSE309595:GSM9270105	suspension_type	cell	file	raw/fp-53430067aac0/GSE309595_family.soft.gz		single cell gene expression assay with Cell Hashing	True
GSM9270105	geo:GSE309595:GSM9270105	suspension_type	cell	file	raw/fp-53430067aac0/GSE309595_family.soft.gz		PBMCs were removed from liquid nitrogen and rapidly thawed in a 37	True
GSM9270105	geo:GSE309595:GSM9270105	gene_annotation_version	Ensembl v93	file	raw/fp-53430067aac0/GSE309595_family.soft.gz		refdata-cellranger-GRCh38-3.0.0; based on the GRCh38 genome reference and Ensembl v93 transcriptome annotations	True
GSM9270105	geo:GSE309595:GSM9270105	assay	10x 3' transcription profiling	file	raw/fp-53430067aac0/GSE309595_family.soft.gz		scRNAseq libraries were generated using a modified 10x genomics chromium 3′ single cell gene expression assay with Cell Hashing.	True
GSM9270105	geo:GSE309595:GSM9270105	self_reported_ethnicity	Caucasian	file	raw/fp-53430067aac0/GSE309595_family.soft.gz		!Sample_characteristics_ch1 = race: Caucasian	True
GSM9270105	geo:GSE309595:GSM9270105	disease_free_text	multiple myeloma	file	raw/fp-53430067aac0/GSE309595_family.soft.gz		Multiple myeloma (MM) is a hematological malignancy characterized by an expansion of malignant plasma cells in the bone marrow.	True
GSM9270105	geo:GSE309595:GSM9270105	disease_free_text	multiple myeloma	file	raw/fp-53430067aac0/GSE309595_family.soft.gz		!Sample_characteristics_ch1 = subject id: FH1012	True
GSM9270105	geo:GSE309595:GSM9270105	disease_free_text	multiple myeloma	file	raw/fp-53430067aac0/GSE309595_family.soft.gz		!Sample_characteristics_ch1 = visit: Flu Year 2 Day 0	True
GSM9270105	geo:GSE309595:GSM9270105	disease_free_text	multiple myeloma	file	raw/fp-53430067aac0/GSE309595_family.soft.gz		!Sample_title = PB01315-07 MM Pre-Treatment	True
GSM9270105	geo:GSE309595:GSM9270105	disease_free_text	multiple myeloma	file	raw/fp-53430067aac0/GSE309595_family.soft.gz		!Sample_characteristics_ch1 = visit: MM Pre-Treatment	True
GSM9270105	geo:GSE309595:GSM9270105	disease_free_text	multiple myeloma	file	raw/fp-53430067aac0/GSE309595_family.soft.gz		This cohort was also followed for the flu vaccine perturbation and blood samples were collected at 0, 7, and 90 days post-vaccination during two consecutive flu years.	True
GSM9270105	geo:GSE309595:GSM9270105	disease_free_text	multiple myeloma	file	raw/fp-53430067aac0/GSE309595_family.soft.gz		A cohort of patients aged 30 and older with newly diagnosed MM requiring systemic therapy was enrolled in Seattle, WA	True
GSM9270106	geo:GSE309595:GSM9270106	donor_id	FH1008	file	raw/fp-53430067aac0/GSE309595_family.soft.gz		!Sample_characteristics_ch1 = subject id: FH1008	True
GSM9270106	geo:GSE309595:GSM9270106	sex	female	file	raw/fp-53430067aac0/GSE309595_family.soft.gz		!Sample_characteristics_ch1 = Sex: Female	True
GSM9270106	geo:GSE309595:GSM9270106	tissue_free_text	Blood	file	raw/fp-53430067aac0/GSE309595_family.soft.gz		!Sample_characteristics_ch1 = tissue: Blood	True
GSM9270106	geo:GSE309595:GSM9270106	tissue_type	tissue	file	raw/fp-53430067aac0/GSE309595_family.soft.gz		!Sample_characteristics_ch1 = tissue: Blood	True
GSM9270106	geo:GSE309595:GSM9270106	tissue_type	tissue	file	raw/fp-53430067aac0/GSE309595_family.soft.gz		!Sample_characteristics_ch1 = cell type: PBMC	True
GSM9270106	geo:GSE309595:GSM9270106	suspension_type	cell	file	raw/fp-53430067aac0/GSE309595_family.soft.gz		single cell gene expression assay with Cell Hashing	True
GSM9270106	geo:GSE309595:GSM9270106	suspension_type	cell	file	raw/fp-53430067aac0/GSE309595_family.soft.gz		PBMCs were removed from liquid nitrogen and rapidly thawed in a 37	True
GSM9270106	geo:GSE309595:GSM9270106	gene_annotation_version	Ensembl v93	file	raw/fp-53430067aac0/GSE309595_family.soft.gz		refdata-cellranger-GRCh38-3.0.0; based on the GRCh38 genome reference and Ensembl v93 transcriptome annotations	True
GSM9270106	geo:GSE309595:GSM9270106	assay	10x 3' transcription profiling	file	raw/fp-53430067aac0/GSE309595_family.soft.gz		scRNAseq libraries were generated using a modified 10x genomics chromium 3′ single cell gene expression assay with Cell Hashing.	True
GSM9270106	geo:GSE309595:GSM9270106	self_reported_ethnicity	Caucasian	file	raw/fp-53430067aac0/GSE309595_family.soft.gz		!Sample_characteristics_ch1 = race: Caucasian	True
GSM9270106	geo:GSE309595:GSM9270106	disease_free_text	multiple myeloma	file	raw/fp-53430067aac0/GSE309595_family.soft.gz		Multiple myeloma (MM) is a hematological malignancy characterized by an expansion of malignant plasma cells in the bone marrow.	True
GSM9270106	geo:GSE309595:GSM9270106	disease_free_text	multiple myeloma	file	raw/fp-53430067aac0/GSE309595_family.soft.gz		!Sample_characteristics_ch1 = subject id: FH1008	True
GSM9270106	geo:GSE309595:GSM9270106	disease_free_text	multiple myeloma	file	raw/fp-53430067aac0/GSE309595_family.soft.gz		!Sample_characteristics_ch1 = visit: Flu Year 2 Stand-Alone	True
GSM9270106	geo:GSE309595:GSM9270106	disease_free_text	multiple myeloma	file	raw/fp-53430067aac0/GSE309595_family.soft.gz		!Sample_title = PB00237-11 MM Pre-Treatment	True
GSM9270106	geo:GSE309595:GSM9270106	disease_free_text	multiple myeloma	file	raw/fp-53430067aac0/GSE309595_family.soft.gz		!Sample_characteristics_ch1 = visit: MM Pre-Treatment	True
GSM9270106	geo:GSE309595:GSM9270106	disease_free_text	multiple myeloma	file	raw/fp-53430067aac0/GSE309595_family.soft.gz		This cohort was also followed for the flu vaccine perturbation and blood samples were collected at 0, 7, and 90 days post-vaccination during two consecutive flu years.	True
GSM9270106	geo:GSE309595:GSM9270106	disease_free_text	multiple myeloma	file	raw/fp-53430067aac0/GSE309595_family.soft.gz		A cohort of patients aged 30 and older with newly diagnosed MM requiring systemic therapy was enrolled in Seattle, WA	True
GSM9270107	geo:GSE309595:GSM9270107	donor_id	FH1014	file	raw/fp-53430067aac0/GSE309595_family.soft.gz		!Sample_characteristics_ch1 = subject id: FH1014	True
GSM9270107	geo:GSE309595:GSM9270107	sex	male	file	raw/fp-53430067aac0/GSE309595_family.soft.gz		!Sample_characteristics_ch1 = Sex: Male	True
GSM9270107	geo:GSE309595:GSM9270107	tissue_free_text	Blood	file	raw/fp-53430067aac0/GSE309595_family.soft.gz		!Sample_characteristics_ch1 = tissue: Blood	True
GSM9270107	geo:GSE309595:GSM9270107	tissue_type	tissue	file	raw/fp-53430067aac0/GSE309595_family.soft.gz		!Sample_characteristics_ch1 = tissue: Blood	True
GSM9270107	geo:GSE309595:GSM9270107	tissue_type	tissue	file	raw/fp-53430067aac0/GSE309595_family.soft.gz		!Sample_characteristics_ch1 = cell type: PBMC	True
GSM9270107	geo:GSE309595:GSM9270107	suspension_type	cell	file	raw/fp-53430067aac0/GSE309595_family.soft.gz		single cell gene expression assay with Cell Hashing	True
GSM9270107	geo:GSE309595:GSM9270107	suspension_type	cell	file	raw/fp-53430067aac0/GSE309595_family.soft.gz		PBMCs were removed from liquid nitrogen and rapidly thawed in a 37	True
GSM9270107	geo:GSE309595:GSM9270107	gene_annotation_version	Ensembl v93	file	raw/fp-53430067aac0/GSE309595_family.soft.gz		refdata-cellranger-GRCh38-3.0.0; based on the GRCh38 genome reference and Ensembl v93 transcriptome annotations	True
GSM9270107	geo:GSE309595:GSM9270107	assay	10x 3' transcription profiling	file	raw/fp-53430067aac0/GSE309595_family.soft.gz		scRNAseq libraries were generated using a modified 10x genomics chromium 3′ single cell gene expression assay with Cell Hashing.	True
GSM9270107	geo:GSE309595:GSM9270107	self_reported_ethnicity	Caucasian	file	raw/fp-53430067aac0/GSE309595_family.soft.gz		!Sample_characteristics_ch1 = race: Caucasian	True
GSM9270107	geo:GSE309595:GSM9270107	disease_free_text	multiple myeloma	file	raw/fp-53430067aac0/GSE309595_family.soft.gz		Multiple myeloma (MM) is a hematological malignancy characterized by an expansion of malignant plasma cells in the bone marrow.	True
GSM9270107	geo:GSE309595:GSM9270107	disease_free_text	multiple myeloma	file	raw/fp-53430067aac0/GSE309595_family.soft.gz		!Sample_characteristics_ch1 = subject id: FH1014	True
GSM9270107	geo:GSE309595:GSM9270107	disease_free_text	multiple myeloma	file	raw/fp-53430067aac0/GSE309595_family.soft.gz		!Sample_characteristics_ch1 = visit: Flu Year 1 Day 7	True
GSM9270107	geo:GSE309595:GSM9270107	disease_free_text	multiple myeloma	file	raw/fp-53430067aac0/GSE309595_family.soft.gz		!Sample_title = PB02686-005 MM Post Transplant 60 Days	True
GSM9270107	geo:GSE309595:GSM9270107	disease_free_text	multiple myeloma	file	raw/fp-53430067aac0/GSE309595_family.soft.gz		!Sample_characteristics_ch1 = visit: MM Post Transplant 60 Days	True
GSM9270107	geo:GSE309595:GSM9270107	disease_free_text	multiple myeloma	file	raw/fp-53430067aac0/GSE309595_family.soft.gz		This cohort was also followed for the flu vaccine perturbation and blood samples were collected at 0, 7, and 90 days post-vaccination during two consecutive flu years.	True
GSM9270107	geo:GSE309595:GSM9270107	disease_free_text	multiple myeloma	file	raw/fp-53430067aac0/GSE309595_family.soft.gz		A cohort of patients aged 30 and older with newly diagnosed MM requiring systemic therapy was enrolled in Seattle, WA	True
GSM9270108	geo:GSE309595:GSM9270108	donor_id	FH1016	file	raw/fp-53430067aac0/GSE309595_family.soft.gz		!Sample_characteristics_ch1 = subject id: FH1016	True
GSM9270108	geo:GSE309595:GSM9270108	sex	male	file	raw/fp-53430067aac0/GSE309595_family.soft.gz		!Sample_characteristics_ch1 = Sex: Male	True
GSM9270108	geo:GSE309595:GSM9270108	tissue_free_text	Blood	file	raw/fp-53430067aac0/GSE309595_family.soft.gz		!Sample_characteristics_ch1 = tissue: Blood	True
GSM9270108	geo:GSE309595:GSM9270108	tissue_type	tissue	file	raw/fp-53430067aac0/GSE309595_family.soft.gz		!Sample_characteristics_ch1 = tissue: Blood	True
GSM9270108	geo:GSE309595:GSM9270108	tissue_type	tissue	file	raw/fp-53430067aac0/GSE309595_family.soft.gz		!Sample_characteristics_ch1 = cell type: PBMC	True
GSM9270108	geo:GSE309595:GSM9270108	suspension_type	cell	file	raw/fp-53430067aac0/GSE309595_family.soft.gz		single cell gene expression assay with Cell Hashing	True
GSM9270108	geo:GSE309595:GSM9270108	suspension_type	cell	file	raw/fp-53430067aac0/GSE309595_family.soft.gz		PBMCs were removed from liquid nitrogen and rapidly thawed in a 37	True
GSM9270108	geo:GSE309595:GSM9270108	gene_annotation_version	Ensembl v93	file	raw/fp-53430067aac0/GSE309595_family.soft.gz		refdata-cellranger-GRCh38-3.0.0; based on the GRCh38 genome reference and Ensembl v93 transcriptome annotations	True
GSM9270108	geo:GSE309595:GSM9270108	assay	10x 3' transcription profiling	file	raw/fp-53430067aac0/GSE309595_family.soft.gz		scRNAseq libraries were generated using a modified 10x genomics chromium 3′ single cell gene expression assay with Cell Hashing.	True
GSM9270108	geo:GSE309595:GSM9270108	self_reported_ethnicity	African American	file	raw/fp-53430067aac0/GSE309595_family.soft.gz		!Sample_characteristics_ch1 = race: African American	True
GSM9270108	geo:GSE309595:GSM9270108	disease_free_text	multiple myeloma	file	raw/fp-53430067aac0/GSE309595_family.soft.gz		Multiple myeloma (MM) is a hematological malignancy characterized by an expansion of malignant plasma cells in the bone marrow.	True
GSM9270108	geo:GSE309595:GSM9270108	disease_free_text	multiple myeloma	file	raw/fp-53430067aac0/GSE309595_family.soft.gz		!Sample_characteristics_ch1 = subject id: FH1016	True
GSM9270108	geo:GSE309595:GSM9270108	disease_free_text	multiple myeloma	file	raw/fp-53430067aac0/GSE309595_family.soft.gz		!Sample_characteristics_ch1 = visit: MM Post Induction 2-Cycles	True
GSM9270108	geo:GSE309595:GSM9270108	disease_free_text	multiple myeloma	file	raw/fp-53430067aac0/GSE309595_family.soft.gz		A cohort of patients aged 30 and older with newly diagnosed MM requiring systemic therapy was enrolled in Seattle, WA	True
GSM9270109	geo:GSE309595:GSM9270109	donor_id	FH1020	file	raw/fp-53430067aac0/GSE309595_family.soft.gz		!Sample_characteristics_ch1 = subject id: FH1020	True
GSM9270109	geo:GSE309595:GSM9270109	sex	female	file	raw/fp-53430067aac0/GSE309595_family.soft.gz		!Sample_characteristics_ch1 = Sex: Female	True
GSM9270109	geo:GSE309595:GSM9270109	tissue_free_text	Blood	file	raw/fp-53430067aac0/GSE309595_family.soft.gz		!Sample_characteristics_ch1 = tissue: Blood	True
GSM9270109	geo:GSE309595:GSM9270109	tissue_type	tissue	file	raw/fp-53430067aac0/GSE309595_family.soft.gz		!Sample_characteristics_ch1 = tissue: Blood	True
GSM9270109	geo:GSE309595:GSM9270109	tissue_type	tissue	file	raw/fp-53430067aac0/GSE309595_family.soft.gz		!Sample_characteristics_ch1 = cell type: PBMC	True
GSM9270109	geo:GSE309595:GSM9270109	suspension_type	cell	file	raw/fp-53430067aac0/GSE309595_family.soft.gz		single cell gene expression assay with Cell Hashing	True
GSM9270109	geo:GSE309595:GSM9270109	suspension_type	cell	file	raw/fp-53430067aac0/GSE309595_family.soft.gz		PBMCs were removed from liquid nitrogen and rapidly thawed in a 37	True
GSM9270109	geo:GSE309595:GSM9270109	gene_annotation_version	Ensembl v93	file	raw/fp-53430067aac0/GSE309595_family.soft.gz		refdata-cellranger-GRCh38-3.0.0; based on the GRCh38 genome reference and Ensembl v93 transcriptome annotations	True
GSM9270109	geo:GSE309595:GSM9270109	assay	10x 3' transcription profiling	file	raw/fp-53430067aac0/GSE309595_family.soft.gz		scRNAseq libraries were generated using a modified 10x genomics chromium 3′ single cell gene expression assay with Cell Hashing.	True
GSM9270109	geo:GSE309595:GSM9270109	disease_free_text	multiple myeloma	file	raw/fp-53430067aac0/GSE309595_family.soft.gz		Multiple myeloma (MM) is a hematological malignancy characterized by an expansion of malignant plasma cells in the bone marrow.	True
GSM9270109	geo:GSE309595:GSM9270109	disease_free_text	multiple myeloma	file	raw/fp-53430067aac0/GSE309595_family.soft.gz		!Sample_characteristics_ch1 = subject id: FH1020	True
GSM9270109	geo:GSE309595:GSM9270109	disease_free_text	multiple myeloma	file	raw/fp-53430067aac0/GSE309595_family.soft.gz		!Sample_characteristics_ch1 = visit: MM Post Induction 2-Cycles	True
GSM9270109	geo:GSE309595:GSM9270109	disease_free_text	multiple myeloma	file	raw/fp-53430067aac0/GSE309595_family.soft.gz		A cohort of patients aged 30 and older with newly diagnosed MM requiring systemic therapy was enrolled in Seattle, WA	True
GSM9270110	geo:GSE309595:GSM9270110	donor_id	FH1022	file	raw/fp-53430067aac0/GSE309595_family.soft.gz		!Sample_characteristics_ch1 = subject id: FH1022	True
GSM9270110	geo:GSE309595:GSM9270110	sex	male	file	raw/fp-53430067aac0/GSE309595_family.soft.gz		!Sample_characteristics_ch1 = Sex: Male	True
GSM9270110	geo:GSE309595:GSM9270110	tissue_free_text	Blood	file	raw/fp-53430067aac0/GSE309595_family.soft.gz		!Sample_characteristics_ch1 = tissue: Blood	True
GSM9270110	geo:GSE309595:GSM9270110	tissue_type	tissue	file	raw/fp-53430067aac0/GSE309595_family.soft.gz		!Sample_characteristics_ch1 = tissue: Blood	True
GSM9270110	geo:GSE309595:GSM9270110	tissue_type	tissue	file	raw/fp-53430067aac0/GSE309595_family.soft.gz		!Sample_characteristics_ch1 = cell type: PBMC	True
GSM9270110	geo:GSE309595:GSM9270110	suspension_type	cell	file	raw/fp-53430067aac0/GSE309595_family.soft.gz		single cell gene expression assay with Cell Hashing	True
GSM9270110	geo:GSE309595:GSM9270110	suspension_type	cell	file	raw/fp-53430067aac0/GSE309595_family.soft.gz		PBMCs were removed from liquid nitrogen and rapidly thawed in a 37	True
GSM9270110	geo:GSE309595:GSM9270110	gene_annotation_version	Ensembl v93	file	raw/fp-53430067aac0/GSE309595_family.soft.gz		refdata-cellranger-GRCh38-3.0.0; based on the GRCh38 genome reference and Ensembl v93 transcriptome annotations	True
GSM9270110	geo:GSE309595:GSM9270110	assay	10x 3' transcription profiling	file	raw/fp-53430067aac0/GSE309595_family.soft.gz		scRNAseq libraries were generated using a modified 10x genomics chromium 3′ single cell gene expression assay with Cell Hashing.	True
GSM9270110	geo:GSE309595:GSM9270110	disease_free_text	multiple myeloma	file	raw/fp-53430067aac0/GSE309595_family.soft.gz		Multiple myeloma (MM) is a hematological malignancy characterized by an expansion of malignant plasma cells in the bone marrow.	True
GSM9270110	geo:GSE309595:GSM9270110	disease_free_text	multiple myeloma	file	raw/fp-53430067aac0/GSE309595_family.soft.gz		!Sample_characteristics_ch1 = subject id: FH1022	True
GSM9270110	geo:GSE309595:GSM9270110	disease_free_text	multiple myeloma	file	raw/fp-53430067aac0/GSE309595_family.soft.gz		!Sample_characteristics_ch1 = visit: MM Pre-Treatment	True
GSM9270110	geo:GSE309595:GSM9270110	disease_free_text	multiple myeloma	file	raw/fp-53430067aac0/GSE309595_family.soft.gz		A cohort of patients aged 30 and older with newly diagnosed MM requiring systemic therapy was enrolled in Seattle, WA	True
GSM9270111	geo:GSE309595:GSM9270111	donor_id	FH1009	file	raw/fp-53430067aac0/GSE309595_family.soft.gz		!Sample_characteristics_ch1 = subject id: FH1009	True
GSM9270111	geo:GSE309595:GSM9270111	sex	male	file	raw/fp-53430067aac0/GSE309595_family.soft.gz		!Sample_characteristics_ch1 = Sex: Male	True
GSM9270111	geo:GSE309595:GSM9270111	tissue_free_text	Blood	file	raw/fp-53430067aac0/GSE309595_family.soft.gz		!Sample_characteristics_ch1 = tissue: Blood	True
GSM9270111	geo:GSE309595:GSM9270111	tissue_type	tissue	file	raw/fp-53430067aac0/GSE309595_family.soft.gz		!Sample_characteristics_ch1 = tissue: Blood	True
GSM9270111	geo:GSE309595:GSM9270111	tissue_type	tissue	file	raw/fp-53430067aac0/GSE309595_family.soft.gz		!Sample_characteristics_ch1 = cell type: PBMC	True
GSM9270111	geo:GSE309595:GSM9270111	suspension_type	cell	file	raw/fp-53430067aac0/GSE309595_family.soft.gz		single cell gene expression assay with Cell Hashing	True
GSM9270111	geo:GSE309595:GSM9270111	suspension_type	cell	file	raw/fp-53430067aac0/GSE309595_family.soft.gz		PBMCs were removed from liquid nitrogen and rapidly thawed in a 37	True
GSM9270111	geo:GSE309595:GSM9270111	gene_annotation_version	Ensembl v93	file	raw/fp-53430067aac0/GSE309595_family.soft.gz		refdata-cellranger-GRCh38-3.0.0; based on the GRCh38 genome reference and Ensembl v93 transcriptome annotations	True
GSM9270111	geo:GSE309595:GSM9270111	assay	10x 3' transcription profiling	file	raw/fp-53430067aac0/GSE309595_family.soft.gz		scRNAseq libraries were generated using a modified 10x genomics chromium 3′ single cell gene expression assay with Cell Hashing.	True
GSM9270111	geo:GSE309595:GSM9270111	disease_free_text	multiple myeloma	file	raw/fp-53430067aac0/GSE309595_family.soft.gz		Multiple myeloma (MM) is a hematological malignancy characterized by an expansion of malignant plasma cells in the bone marrow.	True
GSM9270111	geo:GSE309595:GSM9270111	disease_free_text	multiple myeloma	file	raw/fp-53430067aac0/GSE309595_family.soft.gz		!Sample_characteristics_ch1 = subject id: FH1009	True
GSM9270111	geo:GSE309595:GSM9270111	disease_free_text	multiple myeloma	file	raw/fp-53430067aac0/GSE309595_family.soft.gz		!Sample_characteristics_ch1 = visit: Flu Year 2 Stand-Alone	True
GSM9270111	geo:GSE309595:GSM9270111	disease_free_text	multiple myeloma	file	raw/fp-53430067aac0/GSE309595_family.soft.gz		!Sample_title = PB00239-02 MM Pre-Treatment	True
GSM9270111	geo:GSE309595:GSM9270111	disease_free_text	multiple myeloma	file	raw/fp-53430067aac0/GSE309595_family.soft.gz		!Sample_characteristics_ch1 = visit: MM Pre-Treatment	True
GSM9270111	geo:GSE309595:GSM9270111	disease_free_text	multiple myeloma	file	raw/fp-53430067aac0/GSE309595_family.soft.gz		This cohort was also followed for the flu vaccine perturbation and blood samples were collected at 0, 7, and 90 days post-vaccination during two consecutive flu years.	True
GSM9270111	geo:GSE309595:GSM9270111	disease_free_text	multiple myeloma	file	raw/fp-53430067aac0/GSE309595_family.soft.gz		A cohort of patients aged 30 and older with newly diagnosed MM requiring systemic therapy was enrolled in Seattle, WA	True
GSM9270112	geo:GSE309595:GSM9270112	donor_id	FH1005	file	raw/fp-53430067aac0/GSE309595_family.soft.gz		!Sample_characteristics_ch1 = subject id: FH1005	True
GSM9270112	geo:GSE309595:GSM9270112	sex	female	file	raw/fp-53430067aac0/GSE309595_family.soft.gz		!Sample_characteristics_ch1 = Sex: Female	True
GSM9270112	geo:GSE309595:GSM9270112	tissue_free_text	Blood	file	raw/fp-53430067aac0/GSE309595_family.soft.gz		!Sample_characteristics_ch1 = tissue: Blood	True
GSM9270112	geo:GSE309595:GSM9270112	tissue_type	tissue	file	raw/fp-53430067aac0/GSE309595_family.soft.gz		!Sample_characteristics_ch1 = tissue: Blood	True
GSM9270112	geo:GSE309595:GSM9270112	tissue_type	tissue	file	raw/fp-53430067aac0/GSE309595_family.soft.gz		!Sample_characteristics_ch1 = cell type: PBMC	True
GSM9270112	geo:GSE309595:GSM9270112	suspension_type	cell	file	raw/fp-53430067aac0/GSE309595_family.soft.gz		single cell gene expression assay with Cell Hashing	True
GSM9270112	geo:GSE309595:GSM9270112	suspension_type	cell	file	raw/fp-53430067aac0/GSE309595_family.soft.gz		PBMCs were removed from liquid nitrogen and rapidly thawed in a 37	True
GSM9270112	geo:GSE309595:GSM9270112	gene_annotation_version	Ensembl v93	file	raw/fp-53430067aac0/GSE309595_family.soft.gz		refdata-cellranger-GRCh38-3.0.0; based on the GRCh38 genome reference and Ensembl v93 transcriptome annotations	True
GSM9270112	geo:GSE309595:GSM9270112	assay	10x 3' transcription profiling	file	raw/fp-53430067aac0/GSE309595_family.soft.gz		scRNAseq libraries were generated using a modified 10x genomics chromium 3′ single cell gene expression assay with Cell Hashing.	True
GSM9270112	geo:GSE309595:GSM9270112	self_reported_ethnicity	Caucasian	file	raw/fp-53430067aac0/GSE309595_family.soft.gz		!Sample_characteristics_ch1 = race: Caucasian	True
GSM9270112	geo:GSE309595:GSM9270112	disease_free_text	multiple myeloma	file	raw/fp-53430067aac0/GSE309595_family.soft.gz		Multiple myeloma (MM) is a hematological malignancy characterized by an expansion of malignant plasma cells in the bone marrow.	True
GSM9270112	geo:GSE309595:GSM9270112	disease_free_text	multiple myeloma	file	raw/fp-53430067aac0/GSE309595_family.soft.gz		!Sample_characteristics_ch1 = subject id: FH1005	True
GSM9270112	geo:GSE309595:GSM9270112	disease_free_text	multiple myeloma	file	raw/fp-53430067aac0/GSE309595_family.soft.gz		!Sample_characteristics_ch1 = visit: Flu Year 2 Stand-Alone	True
GSM9270112	geo:GSE309595:GSM9270112	disease_free_text	multiple myeloma	file	raw/fp-53430067aac0/GSE309595_family.soft.gz		!Sample_title = PB00236-12 MM Post Induction 2-Cycles	True
GSM9270112	geo:GSE309595:GSM9270112	disease_free_text	multiple myeloma	file	raw/fp-53430067aac0/GSE309595_family.soft.gz		!Sample_characteristics_ch1 = visit: MM Post Induction 2-Cycles	True
GSM9270112	geo:GSE309595:GSM9270112	disease_free_text	multiple myeloma	file	raw/fp-53430067aac0/GSE309595_family.soft.gz		This cohort was also followed for the flu vaccine perturbation and blood samples were collected at 0, 7, and 90 days post-vaccination during two consecutive flu years.	True
GSM9270112	geo:GSE309595:GSM9270112	disease_free_text	multiple myeloma	file	raw/fp-53430067aac0/GSE309595_family.soft.gz		A cohort of patients aged 30 and older with newly diagnosed MM requiring systemic therapy was enrolled in Seattle, WA	True
GSM9270113	geo:GSE309595:GSM9270113	donor_id	FH1017	file	raw/fp-53430067aac0/GSE309595_family.soft.gz		!Sample_characteristics_ch1 = subject id: FH1017	True
GSM9270113	geo:GSE309595:GSM9270113	sex	female	file	raw/fp-53430067aac0/GSE309595_family.soft.gz		!Sample_characteristics_ch1 = Sex: Female	True
GSM9270113	geo:GSE309595:GSM9270113	tissue_free_text	Blood	file	raw/fp-53430067aac0/GSE309595_family.soft.gz		!Sample_characteristics_ch1 = tissue: Blood	True
GSM9270113	geo:GSE309595:GSM9270113	tissue_type	tissue	file	raw/fp-53430067aac0/GSE309595_family.soft.gz		!Sample_characteristics_ch1 = tissue: Blood	True
GSM9270113	geo:GSE309595:GSM9270113	tissue_type	tissue	file	raw/fp-53430067aac0/GSE309595_family.soft.gz		!Sample_characteristics_ch1 = cell type: PBMC	True
GSM9270113	geo:GSE309595:GSM9270113	suspension_type	cell	file	raw/fp-53430067aac0/GSE309595_family.soft.gz		single cell gene expression assay with Cell Hashing	True
GSM9270113	geo:GSE309595:GSM9270113	suspension_type	cell	file	raw/fp-53430067aac0/GSE309595_family.soft.gz		PBMCs were removed from liquid nitrogen and rapidly thawed in a 37	True
GSM9270113	geo:GSE309595:GSM9270113	gene_annotation_version	Ensembl v93	file	raw/fp-53430067aac0/GSE309595_family.soft.gz		refdata-cellranger-GRCh38-3.0.0; based on the GRCh38 genome reference and Ensembl v93 transcriptome annotations	True
GSM9270113	geo:GSE309595:GSM9270113	assay	10x 3' transcription profiling	file	raw/fp-53430067aac0/GSE309595_family.soft.gz		scRNAseq libraries were generated using a modified 10x genomics chromium 3′ single cell gene expression assay with Cell Hashing.	True
GSM9270113	geo:GSE309595:GSM9270113	self_reported_ethnicity	Caucasian	file	raw/fp-53430067aac0/GSE309595_family.soft.gz		!Sample_characteristics_ch1 = race: Caucasian	True
GSM9270113	geo:GSE309595:GSM9270113	disease_free_text	multiple myeloma	file	raw/fp-53430067aac0/GSE309595_family.soft.gz		Multiple myeloma (MM) is a hematological malignancy characterized by an expansion of malignant plasma cells in the bone marrow.	True
GSM9270113	geo:GSE309595:GSM9270113	disease_free_text	multiple myeloma	file	raw/fp-53430067aac0/GSE309595_family.soft.gz		!Sample_characteristics_ch1 = subject id: FH1017	True
GSM9270113	geo:GSE309595:GSM9270113	disease_free_text	multiple myeloma	file	raw/fp-53430067aac0/GSE309595_family.soft.gz		!Sample_characteristics_ch1 = visit: Flu Year 1 Stand-Alone	True
GSM9270113	geo:GSE309595:GSM9270113	disease_free_text	multiple myeloma	file	raw/fp-53430067aac0/GSE309595_family.soft.gz		!Sample_title = PB02697-001 MM End Induction 1st Draw	True
GSM9270113	geo:GSE309595:GSM9270113	disease_free_text	multiple myeloma	file	raw/fp-53430067aac0/GSE309595_family.soft.gz		!Sample_characteristics_ch1 = visit: MM End Induction 1st Draw	True
GSM9270113	geo:GSE309595:GSM9270113	disease_free_text	multiple myeloma	file	raw/fp-53430067aac0/GSE309595_family.soft.gz		This cohort was also followed for the flu vaccine perturbation and blood samples were collected at 0, 7, and 90 days post-vaccination during two consecutive flu years.	True
GSM9270113	geo:GSE309595:GSM9270113	disease_free_text	multiple myeloma	file	raw/fp-53430067aac0/GSE309595_family.soft.gz		A cohort of patients aged 30 and older with newly diagnosed MM requiring systemic therapy was enrolled in Seattle, WA	True
GSM9270114	geo:GSE309595:GSM9270114	donor_id	FH1018	file	raw/fp-53430067aac0/GSE309595_family.soft.gz		!Sample_characteristics_ch1 = subject id: FH1018	True
GSM9270114	geo:GSE309595:GSM9270114	sex	male	file	raw/fp-53430067aac0/GSE309595_family.soft.gz		!Sample_characteristics_ch1 = Sex: Male	True
GSM9270114	geo:GSE309595:GSM9270114	tissue_free_text	Blood	file	raw/fp-53430067aac0/GSE309595_family.soft.gz		!Sample_characteristics_ch1 = tissue: Blood	True
GSM9270114	geo:GSE309595:GSM9270114	tissue_type	tissue	file	raw/fp-53430067aac0/GSE309595_family.soft.gz		!Sample_characteristics_ch1 = tissue: Blood	True
GSM9270114	geo:GSE309595:GSM9270114	tissue_type	tissue	file	raw/fp-53430067aac0/GSE309595_family.soft.gz		!Sample_characteristics_ch1 = cell type: PBMC	True
GSM9270114	geo:GSE309595:GSM9270114	suspension_type	cell	file	raw/fp-53430067aac0/GSE309595_family.soft.gz		single cell gene expression assay with Cell Hashing	True
GSM9270114	geo:GSE309595:GSM9270114	suspension_type	cell	file	raw/fp-53430067aac0/GSE309595_family.soft.gz		PBMCs were removed from liquid nitrogen and rapidly thawed in a 37	True
GSM9270114	geo:GSE309595:GSM9270114	gene_annotation_version	Ensembl v93	file	raw/fp-53430067aac0/GSE309595_family.soft.gz		refdata-cellranger-GRCh38-3.0.0; based on the GRCh38 genome reference and Ensembl v93 transcriptome annotations	True
GSM9270114	geo:GSE309595:GSM9270114	assay	10x 3' transcription profiling	file	raw/fp-53430067aac0/GSE309595_family.soft.gz		scRNAseq libraries were generated using a modified 10x genomics chromium 3′ single cell gene expression assay with Cell Hashing.	True
GSM9270114	geo:GSE309595:GSM9270114	self_reported_ethnicity	Caucasian	file	raw/fp-53430067aac0/GSE309595_family.soft.gz		!Sample_characteristics_ch1 = race: Caucasian	True
GSM9270114	geo:GSE309595:GSM9270114	disease_free_text	multiple myeloma	file	raw/fp-53430067aac0/GSE309595_family.soft.gz		Multiple myeloma (MM) is a hematological malignancy characterized by an expansion of malignant plasma cells in the bone marrow.	True
GSM9270114	geo:GSE309595:GSM9270114	disease_free_text	multiple myeloma	file	raw/fp-53430067aac0/GSE309595_family.soft.gz		!Sample_characteristics_ch1 = subject id: FH1018	True
GSM9270114	geo:GSE309595:GSM9270114	disease_free_text	multiple myeloma	file	raw/fp-53430067aac0/GSE309595_family.soft.gz		!Sample_characteristics_ch1 = visit: Flu Year 1 Stand-Alone	True
GSM9270114	geo:GSE309595:GSM9270114	disease_free_text	multiple myeloma	file	raw/fp-53430067aac0/GSE309595_family.soft.gz		!Sample_title = PB02050-07 MM Pre-Treatment	True
GSM9270114	geo:GSE309595:GSM9270114	disease_free_text	multiple myeloma	file	raw/fp-53430067aac0/GSE309595_family.soft.gz		!Sample_characteristics_ch1 = visit: MM Pre-Treatment	True
GSM9270114	geo:GSE309595:GSM9270114	disease_free_text	multiple myeloma	file	raw/fp-53430067aac0/GSE309595_family.soft.gz		This cohort was also followed for the flu vaccine perturbation and blood samples were collected at 0, 7, and 90 days post-vaccination during two consecutive flu years.	True
GSM9270114	geo:GSE309595:GSM9270114	disease_free_text	multiple myeloma	file	raw/fp-53430067aac0/GSE309595_family.soft.gz		A cohort of patients aged 30 and older with newly diagnosed MM requiring systemic therapy was enrolled in Seattle, WA	True
GSM9270115	geo:GSE309595:GSM9270115	donor_id	FH1011	file	raw/fp-53430067aac0/GSE309595_family.soft.gz		!Sample_characteristics_ch1 = subject id: FH1011	True
GSM9270115	geo:GSE309595:GSM9270115	sex	male	file	raw/fp-53430067aac0/GSE309595_family.soft.gz		!Sample_characteristics_ch1 = Sex: Male	True
GSM9270115	geo:GSE309595:GSM9270115	tissue_free_text	Blood	file	raw/fp-53430067aac0/GSE309595_family.soft.gz		!Sample_characteristics_ch1 = tissue: Blood	True
GSM9270115	geo:GSE309595:GSM9270115	tissue_type	tissue	file	raw/fp-53430067aac0/GSE309595_family.soft.gz		!Sample_characteristics_ch1 = tissue: Blood	True
GSM9270115	geo:GSE309595:GSM9270115	tissue_type	tissue	file	raw/fp-53430067aac0/GSE309595_family.soft.gz		!Sample_characteristics_ch1 = cell type: PBMC	True
GSM9270115	geo:GSE309595:GSM9270115	suspension_type	cell	file	raw/fp-53430067aac0/GSE309595_family.soft.gz		single cell gene expression assay with Cell Hashing	True
GSM9270115	geo:GSE309595:GSM9270115	suspension_type	cell	file	raw/fp-53430067aac0/GSE309595_family.soft.gz		PBMCs were removed from liquid nitrogen and rapidly thawed in a 37	True
GSM9270115	geo:GSE309595:GSM9270115	gene_annotation_version	Ensembl v93	file	raw/fp-53430067aac0/GSE309595_family.soft.gz		refdata-cellranger-GRCh38-3.0.0; based on the GRCh38 genome reference and Ensembl v93 transcriptome annotations	True
GSM9270115	geo:GSE309595:GSM9270115	assay	10x 3' transcription profiling	file	raw/fp-53430067aac0/GSE309595_family.soft.gz		scRNAseq libraries were generated using a modified 10x genomics chromium 3′ single cell gene expression assay with Cell Hashing.	True
GSM9270115	geo:GSE309595:GSM9270115	disease_free_text	multiple myeloma	file	raw/fp-53430067aac0/GSE309595_family.soft.gz		Multiple myeloma (MM) is a hematological malignancy characterized by an expansion of malignant plasma cells in the bone marrow.	True
GSM9270115	geo:GSE309595:GSM9270115	disease_free_text	multiple myeloma	file	raw/fp-53430067aac0/GSE309595_family.soft.gz		!Sample_characteristics_ch1 = subject id: FH1011	True
GSM9270115	geo:GSE309595:GSM9270115	disease_free_text	multiple myeloma	file	raw/fp-53430067aac0/GSE309595_family.soft.gz		!Sample_characteristics_ch1 = visit: Flu Year 2 Day 7	True
GSM9270115	geo:GSE309595:GSM9270115	disease_free_text	multiple myeloma	file	raw/fp-53430067aac0/GSE309595_family.soft.gz		!Sample_title = PB05007-001 MM Post Transplant 1 year	True
GSM9270115	geo:GSE309595:GSM9270115	disease_free_text	multiple myeloma	file	raw/fp-53430067aac0/GSE309595_family.soft.gz		!Sample_characteristics_ch1 = visit: MM Post Transplant 1 year	True
GSM9270115	geo:GSE309595:GSM9270115	disease_free_text	multiple myeloma	file	raw/fp-53430067aac0/GSE309595_family.soft.gz		This cohort was also followed for the flu vaccine perturbation and blood samples were collected at 0, 7, and 90 days post-vaccination during two consecutive flu years.	True
GSM9270115	geo:GSE309595:GSM9270115	disease_free_text	multiple myeloma	file	raw/fp-53430067aac0/GSE309595_family.soft.gz		A cohort of patients aged 30 and older with newly diagnosed MM requiring systemic therapy was enrolled in Seattle, WA	True
GSM9270116	geo:GSE309595:GSM9270116	donor_id	FH1009	file	raw/fp-53430067aac0/GSE309595_family.soft.gz		!Sample_characteristics_ch1 = subject id: FH1009	True
GSM9270116	geo:GSE309595:GSM9270116	sex	male	file	raw/fp-53430067aac0/GSE309595_family.soft.gz		!Sample_characteristics_ch1 = Sex: Male	True
GSM9270116	geo:GSE309595:GSM9270116	tissue_free_text	Blood	file	raw/fp-53430067aac0/GSE309595_family.soft.gz		!Sample_characteristics_ch1 = tissue: Blood	True
GSM9270116	geo:GSE309595:GSM9270116	tissue_type	tissue	file	raw/fp-53430067aac0/GSE309595_family.soft.gz		!Sample_characteristics_ch1 = tissue: Blood	True
GSM9270116	geo:GSE309595:GSM9270116	tissue_type	tissue	file	raw/fp-53430067aac0/GSE309595_family.soft.gz		!Sample_characteristics_ch1 = cell type: PBMC	True
GSM9270116	geo:GSE309595:GSM9270116	suspension_type	cell	file	raw/fp-53430067aac0/GSE309595_family.soft.gz		single cell gene expression assay with Cell Hashing	True
GSM9270116	geo:GSE309595:GSM9270116	suspension_type	cell	file	raw/fp-53430067aac0/GSE309595_family.soft.gz		PBMCs were removed from liquid nitrogen and rapidly thawed in a 37	True
GSM9270116	geo:GSE309595:GSM9270116	gene_annotation_version	Ensembl v93	file	raw/fp-53430067aac0/GSE309595_family.soft.gz		refdata-cellranger-GRCh38-3.0.0; based on the GRCh38 genome reference and Ensembl v93 transcriptome annotations	True
GSM9270116	geo:GSE309595:GSM9270116	assay	10x 3' transcription profiling	file	raw/fp-53430067aac0/GSE309595_family.soft.gz		scRNAseq libraries were generated using a modified 10x genomics chromium 3′ single cell gene expression assay with Cell Hashing.	True
GSM9270116	geo:GSE309595:GSM9270116	disease_free_text	multiple myeloma	file	raw/fp-53430067aac0/GSE309595_family.soft.gz		Multiple myeloma (MM) is a hematological malignancy characterized by an expansion of malignant plasma cells in the bone marrow.	True
GSM9270116	geo:GSE309595:GSM9270116	disease_free_text	multiple myeloma	file	raw/fp-53430067aac0/GSE309595_family.soft.gz		!Sample_characteristics_ch1 = subject id: FH1009	True
GSM9270116	geo:GSE309595:GSM9270116	disease_free_text	multiple myeloma	file	raw/fp-53430067aac0/GSE309595_family.soft.gz		!Sample_characteristics_ch1 = visit: MM Post Transplant 1 year	True
GSM9270116	geo:GSE309595:GSM9270116	disease_free_text	multiple myeloma	file	raw/fp-53430067aac0/GSE309595_family.soft.gz		A cohort of patients aged 30 and older with newly diagnosed MM requiring systemic therapy was enrolled in Seattle, WA	True
GSM9270117	geo:GSE309595:GSM9270117	donor_id	FH1014	file	raw/fp-53430067aac0/GSE309595_family.soft.gz		!Sample_characteristics_ch1 = subject id: FH1014	True
GSM9270117	geo:GSE309595:GSM9270117	sex	male	file	raw/fp-53430067aac0/GSE309595_family.soft.gz		!Sample_characteristics_ch1 = Sex: Male	True
GSM9270117	geo:GSE309595:GSM9270117	tissue_free_text	Blood	file	raw/fp-53430067aac0/GSE309595_family.soft.gz		!Sample_characteristics_ch1 = tissue: Blood	True
GSM9270117	geo:GSE309595:GSM9270117	tissue_type	tissue	file	raw/fp-53430067aac0/GSE309595_family.soft.gz		!Sample_characteristics_ch1 = tissue: Blood	True
GSM9270117	geo:GSE309595:GSM9270117	tissue_type	tissue	file	raw/fp-53430067aac0/GSE309595_family.soft.gz		!Sample_characteristics_ch1 = cell type: PBMC	True
GSM9270117	geo:GSE309595:GSM9270117	suspension_type	cell	file	raw/fp-53430067aac0/GSE309595_family.soft.gz		single cell gene expression assay with Cell Hashing	True
GSM9270117	geo:GSE309595:GSM9270117	suspension_type	cell	file	raw/fp-53430067aac0/GSE309595_family.soft.gz		PBMCs were removed from liquid nitrogen and rapidly thawed in a 37	True
GSM9270117	geo:GSE309595:GSM9270117	gene_annotation_version	Ensembl v93	file	raw/fp-53430067aac0/GSE309595_family.soft.gz		refdata-cellranger-GRCh38-3.0.0; based on the GRCh38 genome reference and Ensembl v93 transcriptome annotations	True
GSM9270117	geo:GSE309595:GSM9270117	assay	10x 3' transcription profiling	file	raw/fp-53430067aac0/GSE309595_family.soft.gz		scRNAseq libraries were generated using a modified 10x genomics chromium 3′ single cell gene expression assay with Cell Hashing.	True
GSM9270117	geo:GSE309595:GSM9270117	self_reported_ethnicity	Caucasian	file	raw/fp-53430067aac0/GSE309595_family.soft.gz		!Sample_characteristics_ch1 = race: Caucasian	True
GSM9270117	geo:GSE309595:GSM9270117	disease_free_text	multiple myeloma	file	raw/fp-53430067aac0/GSE309595_family.soft.gz		Multiple myeloma (MM) is a hematological malignancy characterized by an expansion of malignant plasma cells in the bone marrow.	True
GSM9270117	geo:GSE309595:GSM9270117	disease_free_text	multiple myeloma	file	raw/fp-53430067aac0/GSE309595_family.soft.gz		!Sample_characteristics_ch1 = subject id: FH1014	True
GSM9270117	geo:GSE309595:GSM9270117	disease_free_text	multiple myeloma	file	raw/fp-53430067aac0/GSE309595_family.soft.gz		!Sample_characteristics_ch1 = visit: MM Post Transplant 1 year	True
GSM9270117	geo:GSE309595:GSM9270117	disease_free_text	multiple myeloma	file	raw/fp-53430067aac0/GSE309595_family.soft.gz		A cohort of patients aged 30 and older with newly diagnosed MM requiring systemic therapy was enrolled in Seattle, WA	True
GSM9270118	geo:GSE309595:GSM9270118	donor_id	FH1017	file	raw/fp-53430067aac0/GSE309595_family.soft.gz		!Sample_characteristics_ch1 = subject id: FH1017	True
GSM9270118	geo:GSE309595:GSM9270118	sex	female	file	raw/fp-53430067aac0/GSE309595_family.soft.gz		!Sample_characteristics_ch1 = Sex: Female	True
GSM9270118	geo:GSE309595:GSM9270118	tissue_free_text	Blood	file	raw/fp-53430067aac0/GSE309595_family.soft.gz		!Sample_characteristics_ch1 = tissue: Blood	True
GSM9270118	geo:GSE309595:GSM9270118	tissue_type	tissue	file	raw/fp-53430067aac0/GSE309595_family.soft.gz		!Sample_characteristics_ch1 = tissue: Blood	True
GSM9270118	geo:GSE309595:GSM9270118	tissue_type	tissue	file	raw/fp-53430067aac0/GSE309595_family.soft.gz		!Sample_characteristics_ch1 = cell type: PBMC	True
GSM9270118	geo:GSE309595:GSM9270118	suspension_type	cell	file	raw/fp-53430067aac0/GSE309595_family.soft.gz		single cell gene expression assay with Cell Hashing	True
GSM9270118	geo:GSE309595:GSM9270118	suspension_type	cell	file	raw/fp-53430067aac0/GSE309595_family.soft.gz		PBMCs were removed from liquid nitrogen and rapidly thawed in a 37	True
GSM9270118	geo:GSE309595:GSM9270118	gene_annotation_version	Ensembl v93	file	raw/fp-53430067aac0/GSE309595_family.soft.gz		refdata-cellranger-GRCh38-3.0.0; based on the GRCh38 genome reference and Ensembl v93 transcriptome annotations	True
GSM9270118	geo:GSE309595:GSM9270118	assay	10x 3' transcription profiling	file	raw/fp-53430067aac0/GSE309595_family.soft.gz		scRNAseq libraries were generated using a modified 10x genomics chromium 3′ single cell gene expression assay with Cell Hashing.	True
GSM9270118	geo:GSE309595:GSM9270118	self_reported_ethnicity	Caucasian	file	raw/fp-53430067aac0/GSE309595_family.soft.gz		!Sample_characteristics_ch1 = race: Caucasian	True
GSM9270118	geo:GSE309595:GSM9270118	disease_free_text	multiple myeloma	file	raw/fp-53430067aac0/GSE309595_family.soft.gz		Multiple myeloma (MM) is a hematological malignancy characterized by an expansion of malignant plasma cells in the bone marrow.	True
GSM9270118	geo:GSE309595:GSM9270118	disease_free_text	multiple myeloma	file	raw/fp-53430067aac0/GSE309595_family.soft.gz		!Sample_characteristics_ch1 = subject id: FH1017	True
GSM9270118	geo:GSE309595:GSM9270118	disease_free_text	multiple myeloma	file	raw/fp-53430067aac0/GSE309595_family.soft.gz		!Sample_characteristics_ch1 = visit: Flu Year 1 Day 7	True
GSM9270118	geo:GSE309595:GSM9270118	disease_free_text	multiple myeloma	file	raw/fp-53430067aac0/GSE309595_family.soft.gz		!Sample_title = PB02697-001 MM End Induction 1st Draw	True
GSM9270118	geo:GSE309595:GSM9270118	disease_free_text	multiple myeloma	file	raw/fp-53430067aac0/GSE309595_family.soft.gz		!Sample_characteristics_ch1 = visit: MM End Induction 1st Draw	True
GSM9270118	geo:GSE309595:GSM9270118	disease_free_text	multiple myeloma	file	raw/fp-53430067aac0/GSE309595_family.soft.gz		This cohort was also followed for the flu vaccine perturbation and blood samples were collected at 0, 7, and 90 days post-vaccination during two consecutive flu years.	True
GSM9270118	geo:GSE309595:GSM9270118	disease_free_text	multiple myeloma	file	raw/fp-53430067aac0/GSE309595_family.soft.gz		A cohort of patients aged 30 and older with newly diagnosed MM requiring systemic therapy was enrolled in Seattle, WA	True
GSM9270119	geo:GSE309595:GSM9270119	donor_id	FH1018	file	raw/fp-53430067aac0/GSE309595_family.soft.gz		!Sample_characteristics_ch1 = subject id: FH1018	True
GSM9270119	geo:GSE309595:GSM9270119	sex	male	file	raw/fp-53430067aac0/GSE309595_family.soft.gz		!Sample_characteristics_ch1 = Sex: Male	True
GSM9270119	geo:GSE309595:GSM9270119	tissue_free_text	Blood	file	raw/fp-53430067aac0/GSE309595_family.soft.gz		!Sample_characteristics_ch1 = tissue: Blood	True
GSM9270119	geo:GSE309595:GSM9270119	tissue_type	tissue	file	raw/fp-53430067aac0/GSE309595_family.soft.gz		!Sample_characteristics_ch1 = tissue: Blood	True
GSM9270119	geo:GSE309595:GSM9270119	tissue_type	tissue	file	raw/fp-53430067aac0/GSE309595_family.soft.gz		!Sample_characteristics_ch1 = cell type: PBMC	True
GSM9270119	geo:GSE309595:GSM9270119	suspension_type	cell	file	raw/fp-53430067aac0/GSE309595_family.soft.gz		single cell gene expression assay with Cell Hashing	True
GSM9270119	geo:GSE309595:GSM9270119	suspension_type	cell	file	raw/fp-53430067aac0/GSE309595_family.soft.gz		PBMCs were removed from liquid nitrogen and rapidly thawed in a 37	True
GSM9270119	geo:GSE309595:GSM9270119	gene_annotation_version	Ensembl v93	file	raw/fp-53430067aac0/GSE309595_family.soft.gz		refdata-cellranger-GRCh38-3.0.0; based on the GRCh38 genome reference and Ensembl v93 transcriptome annotations	True
GSM9270119	geo:GSE309595:GSM9270119	assay	10x 3' transcription profiling	file	raw/fp-53430067aac0/GSE309595_family.soft.gz		scRNAseq libraries were generated using a modified 10x genomics chromium 3′ single cell gene expression assay with Cell Hashing.	True
GSM9270119	geo:GSE309595:GSM9270119	self_reported_ethnicity	Caucasian	file	raw/fp-53430067aac0/GSE309595_family.soft.gz		!Sample_characteristics_ch1 = race: Caucasian	True
GSM9270119	geo:GSE309595:GSM9270119	disease_free_text	multiple myeloma	file	raw/fp-53430067aac0/GSE309595_family.soft.gz		Multiple myeloma (MM) is a hematological malignancy characterized by an expansion of malignant plasma cells in the bone marrow.	True
GSM9270119	geo:GSE309595:GSM9270119	disease_free_text	multiple myeloma	file	raw/fp-53430067aac0/GSE309595_family.soft.gz		!Sample_characteristics_ch1 = subject id: FH1018	True
GSM9270119	geo:GSE309595:GSM9270119	disease_free_text	multiple myeloma	file	raw/fp-53430067aac0/GSE309595_family.soft.gz		!Sample_characteristics_ch1 = visit: Flu Year 1 Day 0	True
GSM9270119	geo:GSE309595:GSM9270119	disease_free_text	multiple myeloma	file	raw/fp-53430067aac0/GSE309595_family.soft.gz		!Sample_title = PB02050-07 MM Pre-Treatment	True
GSM9270119	geo:GSE309595:GSM9270119	disease_free_text	multiple myeloma	file	raw/fp-53430067aac0/GSE309595_family.soft.gz		!Sample_characteristics_ch1 = visit: MM Pre-Treatment	True
GSM9270119	geo:GSE309595:GSM9270119	disease_free_text	multiple myeloma	file	raw/fp-53430067aac0/GSE309595_family.soft.gz		This cohort was also followed for the flu vaccine perturbation and blood samples were collected at 0, 7, and 90 days post-vaccination during two consecutive flu years.	True
GSM9270119	geo:GSE309595:GSM9270119	disease_free_text	multiple myeloma	file	raw/fp-53430067aac0/GSE309595_family.soft.gz		A cohort of patients aged 30 and older with newly diagnosed MM requiring systemic therapy was enrolled in Seattle, WA	True
GSM9270120	geo:GSE309595:GSM9270120	donor_id	FH1012	file	raw/fp-53430067aac0/GSE309595_family.soft.gz		!Sample_characteristics_ch1 = subject id: FH1012	True
GSM9270120	geo:GSE309595:GSM9270120	sex	male	file	raw/fp-53430067aac0/GSE309595_family.soft.gz		!Sample_characteristics_ch1 = Sex: Male	True
GSM9270120	geo:GSE309595:GSM9270120	tissue_free_text	Blood	file	raw/fp-53430067aac0/GSE309595_family.soft.gz		!Sample_characteristics_ch1 = tissue: Blood	True
GSM9270120	geo:GSE309595:GSM9270120	tissue_type	tissue	file	raw/fp-53430067aac0/GSE309595_family.soft.gz		!Sample_characteristics_ch1 = tissue: Blood	True
GSM9270120	geo:GSE309595:GSM9270120	tissue_type	tissue	file	raw/fp-53430067aac0/GSE309595_family.soft.gz		!Sample_characteristics_ch1 = cell type: PBMC	True
GSM9270120	geo:GSE309595:GSM9270120	suspension_type	cell	file	raw/fp-53430067aac0/GSE309595_family.soft.gz		single cell gene expression assay with Cell Hashing	True
GSM9270120	geo:GSE309595:GSM9270120	suspension_type	cell	file	raw/fp-53430067aac0/GSE309595_family.soft.gz		PBMCs were removed from liquid nitrogen and rapidly thawed in a 37	True
GSM9270120	geo:GSE309595:GSM9270120	gene_annotation_version	Ensembl v93	file	raw/fp-53430067aac0/GSE309595_family.soft.gz		refdata-cellranger-GRCh38-3.0.0; based on the GRCh38 genome reference and Ensembl v93 transcriptome annotations	True
GSM9270120	geo:GSE309595:GSM9270120	assay	10x 3' transcription profiling	file	raw/fp-53430067aac0/GSE309595_family.soft.gz		scRNAseq libraries were generated using a modified 10x genomics chromium 3′ single cell gene expression assay with Cell Hashing.	True
GSM9270120	geo:GSE309595:GSM9270120	self_reported_ethnicity	Caucasian	file	raw/fp-53430067aac0/GSE309595_family.soft.gz		!Sample_characteristics_ch1 = race: Caucasian	True
GSM9270120	geo:GSE309595:GSM9270120	disease_free_text	multiple myeloma	file	raw/fp-53430067aac0/GSE309595_family.soft.gz		Multiple myeloma (MM) is a hematological malignancy characterized by an expansion of malignant plasma cells in the bone marrow.	True
GSM9270120	geo:GSE309595:GSM9270120	disease_free_text	multiple myeloma	file	raw/fp-53430067aac0/GSE309595_family.soft.gz		!Sample_characteristics_ch1 = subject id: FH1012	True
GSM9270120	geo:GSE309595:GSM9270120	disease_free_text	multiple myeloma	file	raw/fp-53430067aac0/GSE309595_family.soft.gz		!Sample_characteristics_ch1 = visit: Flu Year 2 Day 7	True
GSM9270120	geo:GSE309595:GSM9270120	disease_free_text	multiple myeloma	file	raw/fp-53430067aac0/GSE309595_family.soft.gz		!Sample_title = PB01315-07 MM Pre-Treatment	True
GSM9270120	geo:GSE309595:GSM9270120	disease_free_text	multiple myeloma	file	raw/fp-53430067aac0/GSE309595_family.soft.gz		!Sample_characteristics_ch1 = visit: MM Pre-Treatment	True
GSM9270120	geo:GSE309595:GSM9270120	disease_free_text	multiple myeloma	file	raw/fp-53430067aac0/GSE309595_family.soft.gz		This cohort was also followed for the flu vaccine perturbation and blood samples were collected at 0, 7, and 90 days post-vaccination during two consecutive flu years.	True
GSM9270120	geo:GSE309595:GSM9270120	disease_free_text	multiple myeloma	file	raw/fp-53430067aac0/GSE309595_family.soft.gz		A cohort of patients aged 30 and older with newly diagnosed MM requiring systemic therapy was enrolled in Seattle, WA	True
GSM9270121	geo:GSE309595:GSM9270121	donor_id	FH1009	file	raw/fp-53430067aac0/GSE309595_family.soft.gz		!Sample_characteristics_ch1 = subject id: FH1009	True
GSM9270121	geo:GSE309595:GSM9270121	sex	male	file	raw/fp-53430067aac0/GSE309595_family.soft.gz		!Sample_characteristics_ch1 = Sex: Male	True
GSM9270121	geo:GSE309595:GSM9270121	tissue_free_text	Blood	file	raw/fp-53430067aac0/GSE309595_family.soft.gz		!Sample_characteristics_ch1 = tissue: Blood	True
GSM9270121	geo:GSE309595:GSM9270121	tissue_type	tissue	file	raw/fp-53430067aac0/GSE309595_family.soft.gz		!Sample_characteristics_ch1 = tissue: Blood	True
GSM9270121	geo:GSE309595:GSM9270121	tissue_type	tissue	file	raw/fp-53430067aac0/GSE309595_family.soft.gz		!Sample_characteristics_ch1 = cell type: PBMC	True
GSM9270121	geo:GSE309595:GSM9270121	suspension_type	cell	file	raw/fp-53430067aac0/GSE309595_family.soft.gz		single cell gene expression assay with Cell Hashing	True
GSM9270121	geo:GSE309595:GSM9270121	suspension_type	cell	file	raw/fp-53430067aac0/GSE309595_family.soft.gz		PBMCs were removed from liquid nitrogen and rapidly thawed in a 37	True
GSM9270121	geo:GSE309595:GSM9270121	gene_annotation_version	Ensembl v93	file	raw/fp-53430067aac0/GSE309595_family.soft.gz		refdata-cellranger-GRCh38-3.0.0; based on the GRCh38 genome reference and Ensembl v93 transcriptome annotations	True
GSM9270121	geo:GSE309595:GSM9270121	assay	10x 3' transcription profiling	file	raw/fp-53430067aac0/GSE309595_family.soft.gz		scRNAseq libraries were generated using a modified 10x genomics chromium 3′ single cell gene expression assay with Cell Hashing.	True
GSM9270121	geo:GSE309595:GSM9270121	disease_free_text	multiple myeloma	file	raw/fp-53430067aac0/GSE309595_family.soft.gz		Multiple myeloma (MM) is a hematological malignancy characterized by an expansion of malignant plasma cells in the bone marrow.	True
GSM9270121	geo:GSE309595:GSM9270121	disease_free_text	multiple myeloma	file	raw/fp-53430067aac0/GSE309595_family.soft.gz		!Sample_characteristics_ch1 = subject id: FH1009	True
GSM9270121	geo:GSE309595:GSM9270121	disease_free_text	multiple myeloma	file	raw/fp-53430067aac0/GSE309595_family.soft.gz		!Sample_characteristics_ch1 = visit: Flu Year 2 Day 7	True
GSM9270121	geo:GSE309595:GSM9270121	disease_free_text	multiple myeloma	file	raw/fp-53430067aac0/GSE309595_family.soft.gz		!Sample_title = PB00239-02 MM Pre-Treatment	True
GSM9270121	geo:GSE309595:GSM9270121	disease_free_text	multiple myeloma	file	raw/fp-53430067aac0/GSE309595_family.soft.gz		!Sample_characteristics_ch1 = visit: MM Pre-Treatment	True
GSM9270121	geo:GSE309595:GSM9270121	disease_free_text	multiple myeloma	file	raw/fp-53430067aac0/GSE309595_family.soft.gz		This cohort was also followed for the flu vaccine perturbation and blood samples were collected at 0, 7, and 90 days post-vaccination during two consecutive flu years.	True
GSM9270121	geo:GSE309595:GSM9270121	disease_free_text	multiple myeloma	file	raw/fp-53430067aac0/GSE309595_family.soft.gz		A cohort of patients aged 30 and older with newly diagnosed MM requiring systemic therapy was enrolled in Seattle, WA	True
GSM9270122	geo:GSE309595:GSM9270122	donor_id	FH1016	file	raw/fp-53430067aac0/GSE309595_family.soft.gz		!Sample_characteristics_ch1 = subject id: FH1016	True
GSM9270122	geo:GSE309595:GSM9270122	sex	male	file	raw/fp-53430067aac0/GSE309595_family.soft.gz		!Sample_characteristics_ch1 = Sex: Male	True
GSM9270122	geo:GSE309595:GSM9270122	tissue_free_text	Blood	file	raw/fp-53430067aac0/GSE309595_family.soft.gz		!Sample_characteristics_ch1 = tissue: Blood	True
GSM9270122	geo:GSE309595:GSM9270122	tissue_type	tissue	file	raw/fp-53430067aac0/GSE309595_family.soft.gz		!Sample_characteristics_ch1 = tissue: Blood	True
GSM9270122	geo:GSE309595:GSM9270122	tissue_type	tissue	file	raw/fp-53430067aac0/GSE309595_family.soft.gz		!Sample_characteristics_ch1 = cell type: PBMC	True
GSM9270122	geo:GSE309595:GSM9270122	suspension_type	cell	file	raw/fp-53430067aac0/GSE309595_family.soft.gz		single cell gene expression assay with Cell Hashing	True
GSM9270122	geo:GSE309595:GSM9270122	suspension_type	cell	file	raw/fp-53430067aac0/GSE309595_family.soft.gz		PBMCs were removed from liquid nitrogen and rapidly thawed in a 37	True
GSM9270122	geo:GSE309595:GSM9270122	gene_annotation_version	Ensembl v93	file	raw/fp-53430067aac0/GSE309595_family.soft.gz		refdata-cellranger-GRCh38-3.0.0; based on the GRCh38 genome reference and Ensembl v93 transcriptome annotations	True
GSM9270122	geo:GSE309595:GSM9270122	assay	10x 3' transcription profiling	file	raw/fp-53430067aac0/GSE309595_family.soft.gz		scRNAseq libraries were generated using a modified 10x genomics chromium 3′ single cell gene expression assay with Cell Hashing.	True
GSM9270122	geo:GSE309595:GSM9270122	self_reported_ethnicity	African American	file	raw/fp-53430067aac0/GSE309595_family.soft.gz		!Sample_characteristics_ch1 = race: African American	True
GSM9270122	geo:GSE309595:GSM9270122	disease_free_text	multiple myeloma	file	raw/fp-53430067aac0/GSE309595_family.soft.gz		Multiple myeloma (MM) is a hematological malignancy characterized by an expansion of malignant plasma cells in the bone marrow.	True
GSM9270122	geo:GSE309595:GSM9270122	disease_free_text	multiple myeloma	file	raw/fp-53430067aac0/GSE309595_family.soft.gz		!Sample_characteristics_ch1 = subject id: FH1016	True
GSM9270122	geo:GSE309595:GSM9270122	disease_free_text	multiple myeloma	file	raw/fp-53430067aac0/GSE309595_family.soft.gz		!Sample_characteristics_ch1 = visit: MM End Induction 1st Draw	True
GSM9270122	geo:GSE309595:GSM9270122	disease_free_text	multiple myeloma	file	raw/fp-53430067aac0/GSE309595_family.soft.gz		A cohort of patients aged 30 and older with newly diagnosed MM requiring systemic therapy was enrolled in Seattle, WA	True
GSM9270123	geo:GSE309595:GSM9270123	donor_id	FH1023	file	raw/fp-53430067aac0/GSE309595_family.soft.gz		!Sample_characteristics_ch1 = subject id: FH1023	True
GSM9270123	geo:GSE309595:GSM9270123	sex	male	file	raw/fp-53430067aac0/GSE309595_family.soft.gz		!Sample_characteristics_ch1 = Sex: Male	True
GSM9270123	geo:GSE309595:GSM9270123	tissue_free_text	Blood	file	raw/fp-53430067aac0/GSE309595_family.soft.gz		!Sample_characteristics_ch1 = tissue: Blood	True
GSM9270123	geo:GSE309595:GSM9270123	tissue_type	tissue	file	raw/fp-53430067aac0/GSE309595_family.soft.gz		!Sample_characteristics_ch1 = tissue: Blood	True
GSM9270123	geo:GSE309595:GSM9270123	tissue_type	tissue	file	raw/fp-53430067aac0/GSE309595_family.soft.gz		!Sample_characteristics_ch1 = cell type: PBMC	True
GSM9270123	geo:GSE309595:GSM9270123	suspension_type	cell	file	raw/fp-53430067aac0/GSE309595_family.soft.gz		single cell gene expression assay with Cell Hashing	True
GSM9270123	geo:GSE309595:GSM9270123	suspension_type	cell	file	raw/fp-53430067aac0/GSE309595_family.soft.gz		PBMCs were removed from liquid nitrogen and rapidly thawed in a 37	True
GSM9270123	geo:GSE309595:GSM9270123	gene_annotation_version	Ensembl v93	file	raw/fp-53430067aac0/GSE309595_family.soft.gz		refdata-cellranger-GRCh38-3.0.0; based on the GRCh38 genome reference and Ensembl v93 transcriptome annotations	True
GSM9270123	geo:GSE309595:GSM9270123	assay	10x 3' transcription profiling	file	raw/fp-53430067aac0/GSE309595_family.soft.gz		scRNAseq libraries were generated using a modified 10x genomics chromium 3′ single cell gene expression assay with Cell Hashing.	True
GSM9270123	geo:GSE309595:GSM9270123	self_reported_ethnicity	Caucasian	file	raw/fp-53430067aac0/GSE309595_family.soft.gz		!Sample_characteristics_ch1 = race: Caucasian	True
GSM9270123	geo:GSE309595:GSM9270123	disease_free_text	multiple myeloma	file	raw/fp-53430067aac0/GSE309595_family.soft.gz		Multiple myeloma (MM) is a hematological malignancy characterized by an expansion of malignant plasma cells in the bone marrow.	True
GSM9270123	geo:GSE309595:GSM9270123	disease_free_text	multiple myeloma	file	raw/fp-53430067aac0/GSE309595_family.soft.gz		!Sample_characteristics_ch1 = subject id: FH1023	True
GSM9270123	geo:GSE309595:GSM9270123	disease_free_text	multiple myeloma	file	raw/fp-53430067aac0/GSE309595_family.soft.gz		!Sample_characteristics_ch1 = visit: MM Pre-Treatment	True
GSM9270123	geo:GSE309595:GSM9270123	disease_free_text	multiple myeloma	file	raw/fp-53430067aac0/GSE309595_family.soft.gz		A cohort of patients aged 30 and older with newly diagnosed MM requiring systemic therapy was enrolled in Seattle, WA	True
GSM9270124	geo:GSE309595:GSM9270124	donor_id	FH1014	file	raw/fp-53430067aac0/GSE309595_family.soft.gz		!Sample_characteristics_ch1 = subject id: FH1014	True
GSM9270124	geo:GSE309595:GSM9270124	sex	male	file	raw/fp-53430067aac0/GSE309595_family.soft.gz		!Sample_characteristics_ch1 = Sex: Male	True
GSM9270124	geo:GSE309595:GSM9270124	tissue_free_text	Blood	file	raw/fp-53430067aac0/GSE309595_family.soft.gz		!Sample_characteristics_ch1 = tissue: Blood	True
GSM9270124	geo:GSE309595:GSM9270124	tissue_type	tissue	file	raw/fp-53430067aac0/GSE309595_family.soft.gz		!Sample_characteristics_ch1 = tissue: Blood	True
GSM9270124	geo:GSE309595:GSM9270124	tissue_type	tissue	file	raw/fp-53430067aac0/GSE309595_family.soft.gz		!Sample_characteristics_ch1 = cell type: PBMC	True
GSM9270124	geo:GSE309595:GSM9270124	suspension_type	cell	file	raw/fp-53430067aac0/GSE309595_family.soft.gz		single cell gene expression assay with Cell Hashing	True
GSM9270124	geo:GSE309595:GSM9270124	suspension_type	cell	file	raw/fp-53430067aac0/GSE309595_family.soft.gz		PBMCs were removed from liquid nitrogen and rapidly thawed in a 37	True
GSM9270124	geo:GSE309595:GSM9270124	gene_annotation_version	Ensembl v93	file	raw/fp-53430067aac0/GSE309595_family.soft.gz		refdata-cellranger-GRCh38-3.0.0; based on the GRCh38 genome reference and Ensembl v93 transcriptome annotations	True
GSM9270124	geo:GSE309595:GSM9270124	assay	10x 3' transcription profiling	file	raw/fp-53430067aac0/GSE309595_family.soft.gz		scRNAseq libraries were generated using a modified 10x genomics chromium 3′ single cell gene expression assay with Cell Hashing.	True
GSM9270124	geo:GSE309595:GSM9270124	self_reported_ethnicity	Caucasian	file	raw/fp-53430067aac0/GSE309595_family.soft.gz		!Sample_characteristics_ch1 = race: Caucasian	True
GSM9270124	geo:GSE309595:GSM9270124	disease_free_text	multiple myeloma	file	raw/fp-53430067aac0/GSE309595_family.soft.gz		Multiple myeloma (MM) is a hematological malignancy characterized by an expansion of malignant plasma cells in the bone marrow.	True
GSM9270124	geo:GSE309595:GSM9270124	disease_free_text	multiple myeloma	file	raw/fp-53430067aac0/GSE309595_family.soft.gz		!Sample_characteristics_ch1 = subject id: FH1014	True
GSM9270124	geo:GSE309595:GSM9270124	disease_free_text	multiple myeloma	file	raw/fp-53430067aac0/GSE309595_family.soft.gz		!Sample_characteristics_ch1 = visit: Flu Year 1 Day 90	True
GSM9270124	geo:GSE309595:GSM9270124	disease_free_text	multiple myeloma	file	raw/fp-53430067aac0/GSE309595_family.soft.gz		!Sample_title = PB02686-005 MM Post Transplant 60 Days	True
GSM9270124	geo:GSE309595:GSM9270124	disease_free_text	multiple myeloma	file	raw/fp-53430067aac0/GSE309595_family.soft.gz		!Sample_characteristics_ch1 = visit: MM Post Transplant 60 Days	True
GSM9270124	geo:GSE309595:GSM9270124	disease_free_text	multiple myeloma	file	raw/fp-53430067aac0/GSE309595_family.soft.gz		This cohort was also followed for the flu vaccine perturbation and blood samples were collected at 0, 7, and 90 days post-vaccination during two consecutive flu years.	True
GSM9270124	geo:GSE309595:GSM9270124	disease_free_text	multiple myeloma	file	raw/fp-53430067aac0/GSE309595_family.soft.gz		A cohort of patients aged 30 and older with newly diagnosed MM requiring systemic therapy was enrolled in Seattle, WA	True
GSM9270125	geo:GSE309595:GSM9270125	donor_id	FH1011	file	raw/fp-53430067aac0/GSE309595_family.soft.gz		!Sample_characteristics_ch1 = subject id: FH1011	True
GSM9270125	geo:GSE309595:GSM9270125	sex	male	file	raw/fp-53430067aac0/GSE309595_family.soft.gz		!Sample_characteristics_ch1 = Sex: Male	True
GSM9270125	geo:GSE309595:GSM9270125	tissue_free_text	Blood	file	raw/fp-53430067aac0/GSE309595_family.soft.gz		!Sample_characteristics_ch1 = tissue: Blood	True
GSM9270125	geo:GSE309595:GSM9270125	tissue_type	tissue	file	raw/fp-53430067aac0/GSE309595_family.soft.gz		!Sample_characteristics_ch1 = tissue: Blood	True
GSM9270125	geo:GSE309595:GSM9270125	tissue_type	tissue	file	raw/fp-53430067aac0/GSE309595_family.soft.gz		!Sample_characteristics_ch1 = cell type: PBMC	True
GSM9270125	geo:GSE309595:GSM9270125	suspension_type	cell	file	raw/fp-53430067aac0/GSE309595_family.soft.gz		single cell gene expression assay with Cell Hashing	True
GSM9270125	geo:GSE309595:GSM9270125	suspension_type	cell	file	raw/fp-53430067aac0/GSE309595_family.soft.gz		PBMCs were removed from liquid nitrogen and rapidly thawed in a 37	True
GSM9270125	geo:GSE309595:GSM9270125	gene_annotation_version	Ensembl v93	file	raw/fp-53430067aac0/GSE309595_family.soft.gz		refdata-cellranger-GRCh38-3.0.0; based on the GRCh38 genome reference and Ensembl v93 transcriptome annotations	True
GSM9270125	geo:GSE309595:GSM9270125	assay	10x 3' transcription profiling	file	raw/fp-53430067aac0/GSE309595_family.soft.gz		scRNAseq libraries were generated using a modified 10x genomics chromium 3′ single cell gene expression assay with Cell Hashing.	True
GSM9270125	geo:GSE309595:GSM9270125	disease_free_text	multiple myeloma	file	raw/fp-53430067aac0/GSE309595_family.soft.gz		Multiple myeloma (MM) is a hematological malignancy characterized by an expansion of malignant plasma cells in the bone marrow.	True
GSM9270125	geo:GSE309595:GSM9270125	disease_free_text	multiple myeloma	file	raw/fp-53430067aac0/GSE309595_family.soft.gz		!Sample_characteristics_ch1 = subject id: FH1011	True
GSM9270125	geo:GSE309595:GSM9270125	disease_free_text	multiple myeloma	file	raw/fp-53430067aac0/GSE309595_family.soft.gz		!Sample_characteristics_ch1 = visit: Flu Year 2 Day 90	True
GSM9270125	geo:GSE309595:GSM9270125	disease_free_text	multiple myeloma	file	raw/fp-53430067aac0/GSE309595_family.soft.gz		!Sample_title = PB05007-001 MM Post Transplant 1 year	True
GSM9270125	geo:GSE309595:GSM9270125	disease_free_text	multiple myeloma	file	raw/fp-53430067aac0/GSE309595_family.soft.gz		!Sample_characteristics_ch1 = visit: MM Post Transplant 1 year	True
GSM9270125	geo:GSE309595:GSM9270125	disease_free_text	multiple myeloma	file	raw/fp-53430067aac0/GSE309595_family.soft.gz		This cohort was also followed for the flu vaccine perturbation and blood samples were collected at 0, 7, and 90 days post-vaccination during two consecutive flu years.	True
GSM9270125	geo:GSE309595:GSM9270125	disease_free_text	multiple myeloma	file	raw/fp-53430067aac0/GSE309595_family.soft.gz		A cohort of patients aged 30 and older with newly diagnosed MM requiring systemic therapy was enrolled in Seattle, WA	True
GSM9270126	geo:GSE309595:GSM9270126	donor_id	FH1021	file	raw/fp-53430067aac0/GSE309595_family.soft.gz		!Sample_characteristics_ch1 = subject id: FH1021	True
GSM9270126	geo:GSE309595:GSM9270126	sex	female	file	raw/fp-53430067aac0/GSE309595_family.soft.gz		!Sample_characteristics_ch1 = Sex: Female	True
GSM9270126	geo:GSE309595:GSM9270126	tissue_free_text	Blood	file	raw/fp-53430067aac0/GSE309595_family.soft.gz		!Sample_characteristics_ch1 = tissue: Blood	True
GSM9270126	geo:GSE309595:GSM9270126	tissue_type	tissue	file	raw/fp-53430067aac0/GSE309595_family.soft.gz		!Sample_characteristics_ch1 = tissue: Blood	True
GSM9270126	geo:GSE309595:GSM9270126	tissue_type	tissue	file	raw/fp-53430067aac0/GSE309595_family.soft.gz		!Sample_characteristics_ch1 = cell type: PBMC	True
GSM9270126	geo:GSE309595:GSM9270126	suspension_type	cell	file	raw/fp-53430067aac0/GSE309595_family.soft.gz		single cell gene expression assay with Cell Hashing	True
GSM9270126	geo:GSE309595:GSM9270126	suspension_type	cell	file	raw/fp-53430067aac0/GSE309595_family.soft.gz		PBMCs were removed from liquid nitrogen and rapidly thawed in a 37	True
GSM9270126	geo:GSE309595:GSM9270126	gene_annotation_version	Ensembl v93	file	raw/fp-53430067aac0/GSE309595_family.soft.gz		refdata-cellranger-GRCh38-3.0.0; based on the GRCh38 genome reference and Ensembl v93 transcriptome annotations	True
GSM9270126	geo:GSE309595:GSM9270126	assay	10x 3' transcription profiling	file	raw/fp-53430067aac0/GSE309595_family.soft.gz		scRNAseq libraries were generated using a modified 10x genomics chromium 3′ single cell gene expression assay with Cell Hashing.	True
GSM9270126	geo:GSE309595:GSM9270126	self_reported_ethnicity	Caucasian	file	raw/fp-53430067aac0/GSE309595_family.soft.gz		!Sample_characteristics_ch1 = race: Caucasian	True
GSM9270126	geo:GSE309595:GSM9270126	disease_free_text	multiple myeloma	file	raw/fp-53430067aac0/GSE309595_family.soft.gz		Multiple myeloma (MM) is a hematological malignancy characterized by an expansion of malignant plasma cells in the bone marrow.	True
GSM9270126	geo:GSE309595:GSM9270126	disease_free_text	multiple myeloma	file	raw/fp-53430067aac0/GSE309595_family.soft.gz		!Sample_characteristics_ch1 = subject id: FH1021	True
GSM9270126	geo:GSE309595:GSM9270126	disease_free_text	multiple myeloma	file	raw/fp-53430067aac0/GSE309595_family.soft.gz		!Sample_characteristics_ch1 = visit: MM Post Transplant 60 Days	True
GSM9270126	geo:GSE309595:GSM9270126	disease_free_text	multiple myeloma	file	raw/fp-53430067aac0/GSE309595_family.soft.gz		A cohort of patients aged 30 and older with newly diagnosed MM requiring systemic therapy was enrolled in Seattle, WA	True
GSM9270127	geo:GSE309595:GSM9270127	donor_id	FH1017	file	raw/fp-53430067aac0/GSE309595_family.soft.gz		!Sample_characteristics_ch1 = subject id: FH1017	True
GSM9270127	geo:GSE309595:GSM9270127	sex	female	file	raw/fp-53430067aac0/GSE309595_family.soft.gz		!Sample_characteristics_ch1 = Sex: Female	True
GSM9270127	geo:GSE309595:GSM9270127	tissue_free_text	Blood	file	raw/fp-53430067aac0/GSE309595_family.soft.gz		!Sample_characteristics_ch1 = tissue: Blood	True
GSM9270127	geo:GSE309595:GSM9270127	tissue_type	tissue	file	raw/fp-53430067aac0/GSE309595_family.soft.gz		!Sample_characteristics_ch1 = tissue: Blood	True
GSM9270127	geo:GSE309595:GSM9270127	tissue_type	tissue	file	raw/fp-53430067aac0/GSE309595_family.soft.gz		!Sample_characteristics_ch1 = cell type: PBMC	True
GSM9270127	geo:GSE309595:GSM9270127	suspension_type	cell	file	raw/fp-53430067aac0/GSE309595_family.soft.gz		single cell gene expression assay with Cell Hashing	True
GSM9270127	geo:GSE309595:GSM9270127	suspension_type	cell	file	raw/fp-53430067aac0/GSE309595_family.soft.gz		PBMCs were removed from liquid nitrogen and rapidly thawed in a 37	True
GSM9270127	geo:GSE309595:GSM9270127	gene_annotation_version	Ensembl v93	file	raw/fp-53430067aac0/GSE309595_family.soft.gz		refdata-cellranger-GRCh38-3.0.0; based on the GRCh38 genome reference and Ensembl v93 transcriptome annotations	True
GSM9270127	geo:GSE309595:GSM9270127	assay	10x 3' transcription profiling	file	raw/fp-53430067aac0/GSE309595_family.soft.gz		scRNAseq libraries were generated using a modified 10x genomics chromium 3′ single cell gene expression assay with Cell Hashing.	True
GSM9270127	geo:GSE309595:GSM9270127	self_reported_ethnicity	Caucasian	file	raw/fp-53430067aac0/GSE309595_family.soft.gz		!Sample_characteristics_ch1 = race: Caucasian	True
GSM9270127	geo:GSE309595:GSM9270127	disease_free_text	multiple myeloma	file	raw/fp-53430067aac0/GSE309595_family.soft.gz		Multiple myeloma (MM) is a hematological malignancy characterized by an expansion of malignant plasma cells in the bone marrow.	True
GSM9270127	geo:GSE309595:GSM9270127	disease_free_text	multiple myeloma	file	raw/fp-53430067aac0/GSE309595_family.soft.gz		!Sample_characteristics_ch1 = subject id: FH1017	True
GSM9270127	geo:GSE309595:GSM9270127	disease_free_text	multiple myeloma	file	raw/fp-53430067aac0/GSE309595_family.soft.gz		!Sample_characteristics_ch1 = visit: Flu Year 1 Day 90	True
GSM9270127	geo:GSE309595:GSM9270127	disease_free_text	multiple myeloma	file	raw/fp-53430067aac0/GSE309595_family.soft.gz		!Sample_title = PB02697-001 MM End Induction 1st Draw	True
GSM9270127	geo:GSE309595:GSM9270127	disease_free_text	multiple myeloma	file	raw/fp-53430067aac0/GSE309595_family.soft.gz		!Sample_characteristics_ch1 = visit: MM End Induction 1st Draw	True
GSM9270127	geo:GSE309595:GSM9270127	disease_free_text	multiple myeloma	file	raw/fp-53430067aac0/GSE309595_family.soft.gz		This cohort was also followed for the flu vaccine perturbation and blood samples were collected at 0, 7, and 90 days post-vaccination during two consecutive flu years.	True
GSM9270127	geo:GSE309595:GSM9270127	disease_free_text	multiple myeloma	file	raw/fp-53430067aac0/GSE309595_family.soft.gz		A cohort of patients aged 30 and older with newly diagnosed MM requiring systemic therapy was enrolled in Seattle, WA	True
GSM9270128	geo:GSE309595:GSM9270128	donor_id	FH1005	file	raw/fp-53430067aac0/GSE309595_family.soft.gz		!Sample_characteristics_ch1 = subject id: FH1005	True
GSM9270128	geo:GSE309595:GSM9270128	sex	female	file	raw/fp-53430067aac0/GSE309595_family.soft.gz		!Sample_characteristics_ch1 = Sex: Female	True
GSM9270128	geo:GSE309595:GSM9270128	tissue_free_text	Blood	file	raw/fp-53430067aac0/GSE309595_family.soft.gz		!Sample_characteristics_ch1 = tissue: Blood	True
GSM9270128	geo:GSE309595:GSM9270128	tissue_type	tissue	file	raw/fp-53430067aac0/GSE309595_family.soft.gz		!Sample_characteristics_ch1 = tissue: Blood	True
GSM9270128	geo:GSE309595:GSM9270128	tissue_type	tissue	file	raw/fp-53430067aac0/GSE309595_family.soft.gz		!Sample_characteristics_ch1 = cell type: PBMC	True
GSM9270128	geo:GSE309595:GSM9270128	suspension_type	cell	file	raw/fp-53430067aac0/GSE309595_family.soft.gz		single cell gene expression assay with Cell Hashing	True
GSM9270128	geo:GSE309595:GSM9270128	suspension_type	cell	file	raw/fp-53430067aac0/GSE309595_family.soft.gz		PBMCs were removed from liquid nitrogen and rapidly thawed in a 37	True
GSM9270128	geo:GSE309595:GSM9270128	gene_annotation_version	Ensembl v93	file	raw/fp-53430067aac0/GSE309595_family.soft.gz		refdata-cellranger-GRCh38-3.0.0; based on the GRCh38 genome reference and Ensembl v93 transcriptome annotations	True
GSM9270128	geo:GSE309595:GSM9270128	assay	10x 3' transcription profiling	file	raw/fp-53430067aac0/GSE309595_family.soft.gz		scRNAseq libraries were generated using a modified 10x genomics chromium 3′ single cell gene expression assay with Cell Hashing.	True
GSM9270128	geo:GSE309595:GSM9270128	self_reported_ethnicity	Caucasian	file	raw/fp-53430067aac0/GSE309595_family.soft.gz		!Sample_characteristics_ch1 = race: Caucasian	True
GSM9270128	geo:GSE309595:GSM9270128	disease_free_text	multiple myeloma	file	raw/fp-53430067aac0/GSE309595_family.soft.gz		Multiple myeloma (MM) is a hematological malignancy characterized by an expansion of malignant plasma cells in the bone marrow.	True
GSM9270128	geo:GSE309595:GSM9270128	disease_free_text	multiple myeloma	file	raw/fp-53430067aac0/GSE309595_family.soft.gz		!Sample_characteristics_ch1 = subject id: FH1005	True
GSM9270128	geo:GSE309595:GSM9270128	disease_free_text	multiple myeloma	file	raw/fp-53430067aac0/GSE309595_family.soft.gz		!Sample_characteristics_ch1 = visit: Flu Year 2 Day 0	True
GSM9270128	geo:GSE309595:GSM9270128	disease_free_text	multiple myeloma	file	raw/fp-53430067aac0/GSE309595_family.soft.gz		!Sample_title = PB00236-12 MM Post Induction 2-Cycles	True
GSM9270128	geo:GSE309595:GSM9270128	disease_free_text	multiple myeloma	file	raw/fp-53430067aac0/GSE309595_family.soft.gz		!Sample_characteristics_ch1 = visit: MM Post Induction 2-Cycles	True
GSM9270128	geo:GSE309595:GSM9270128	disease_free_text	multiple myeloma	file	raw/fp-53430067aac0/GSE309595_family.soft.gz		This cohort was also followed for the flu vaccine perturbation and blood samples were collected at 0, 7, and 90 days post-vaccination during two consecutive flu years.	True
GSM9270128	geo:GSE309595:GSM9270128	disease_free_text	multiple myeloma	file	raw/fp-53430067aac0/GSE309595_family.soft.gz		A cohort of patients aged 30 and older with newly diagnosed MM requiring systemic therapy was enrolled in Seattle, WA	True
GSM9270129	geo:GSE309595:GSM9270129	donor_id	FH1006	file	raw/fp-53430067aac0/GSE309595_family.soft.gz		!Sample_characteristics_ch1 = subject id: FH1006	True
GSM9270129	geo:GSE309595:GSM9270129	sex	female	file	raw/fp-53430067aac0/GSE309595_family.soft.gz		!Sample_characteristics_ch1 = Sex: Female	True
GSM9270129	geo:GSE309595:GSM9270129	tissue_free_text	Blood	file	raw/fp-53430067aac0/GSE309595_family.soft.gz		!Sample_characteristics_ch1 = tissue: Blood	True
GSM9270129	geo:GSE309595:GSM9270129	tissue_type	tissue	file	raw/fp-53430067aac0/GSE309595_family.soft.gz		!Sample_characteristics_ch1 = tissue: Blood	True
GSM9270129	geo:GSE309595:GSM9270129	tissue_type	tissue	file	raw/fp-53430067aac0/GSE309595_family.soft.gz		!Sample_characteristics_ch1 = cell type: PBMC	True
GSM9270129	geo:GSE309595:GSM9270129	suspension_type	cell	file	raw/fp-53430067aac0/GSE309595_family.soft.gz		single cell gene expression assay with Cell Hashing	True
GSM9270129	geo:GSE309595:GSM9270129	suspension_type	cell	file	raw/fp-53430067aac0/GSE309595_family.soft.gz		PBMCs were removed from liquid nitrogen and rapidly thawed in a 37	True
GSM9270129	geo:GSE309595:GSM9270129	gene_annotation_version	Ensembl v93	file	raw/fp-53430067aac0/GSE309595_family.soft.gz		refdata-cellranger-GRCh38-3.0.0; based on the GRCh38 genome reference and Ensembl v93 transcriptome annotations	True
GSM9270129	geo:GSE309595:GSM9270129	assay	10x 3' transcription profiling	file	raw/fp-53430067aac0/GSE309595_family.soft.gz		scRNAseq libraries were generated using a modified 10x genomics chromium 3′ single cell gene expression assay with Cell Hashing.	True
GSM9270129	geo:GSE309595:GSM9270129	self_reported_ethnicity	Caucasian	file	raw/fp-53430067aac0/GSE309595_family.soft.gz		!Sample_characteristics_ch1 = race: Caucasian	True
GSM9270129	geo:GSE309595:GSM9270129	disease_free_text	multiple myeloma	file	raw/fp-53430067aac0/GSE309595_family.soft.gz		Multiple myeloma (MM) is a hematological malignancy characterized by an expansion of malignant plasma cells in the bone marrow.	True
GSM9270129	geo:GSE309595:GSM9270129	disease_free_text	multiple myeloma	file	raw/fp-53430067aac0/GSE309595_family.soft.gz		!Sample_characteristics_ch1 = subject id: FH1006	True
GSM9270129	geo:GSE309595:GSM9270129	disease_free_text	multiple myeloma	file	raw/fp-53430067aac0/GSE309595_family.soft.gz		!Sample_characteristics_ch1 = visit: Flu Year 2 Day 90	True
GSM9270129	geo:GSE309595:GSM9270129	disease_free_text	multiple myeloma	file	raw/fp-53430067aac0/GSE309595_family.soft.gz		!Sample_title = PB00233-01 MM Pre-Treatment	True
GSM9270129	geo:GSE309595:GSM9270129	disease_free_text	multiple myeloma	file	raw/fp-53430067aac0/GSE309595_family.soft.gz		!Sample_characteristics_ch1 = visit: MM Pre-Treatment	True
GSM9270129	geo:GSE309595:GSM9270129	disease_free_text	multiple myeloma	file	raw/fp-53430067aac0/GSE309595_family.soft.gz		This cohort was also followed for the flu vaccine perturbation and blood samples were collected at 0, 7, and 90 days post-vaccination during two consecutive flu years.	True
GSM9270129	geo:GSE309595:GSM9270129	disease_free_text	multiple myeloma	file	raw/fp-53430067aac0/GSE309595_family.soft.gz		A cohort of patients aged 30 and older with newly diagnosed MM requiring systemic therapy was enrolled in Seattle, WA	True
GSM9270130	geo:GSE309595:GSM9270130	donor_id	FH1008	file	raw/fp-53430067aac0/GSE309595_family.soft.gz		!Sample_characteristics_ch1 = subject id: FH1008	True
GSM9270130	geo:GSE309595:GSM9270130	sex	female	file	raw/fp-53430067aac0/GSE309595_family.soft.gz		!Sample_characteristics_ch1 = Sex: Female	True
GSM9270130	geo:GSE309595:GSM9270130	tissue_free_text	Blood	file	raw/fp-53430067aac0/GSE309595_family.soft.gz		!Sample_characteristics_ch1 = tissue: Blood	True
GSM9270130	geo:GSE309595:GSM9270130	tissue_type	tissue	file	raw/fp-53430067aac0/GSE309595_family.soft.gz		!Sample_characteristics_ch1 = tissue: Blood	True
GSM9270130	geo:GSE309595:GSM9270130	tissue_type	tissue	file	raw/fp-53430067aac0/GSE309595_family.soft.gz		!Sample_characteristics_ch1 = cell type: PBMC	True
GSM9270130	geo:GSE309595:GSM9270130	suspension_type	cell	file	raw/fp-53430067aac0/GSE309595_family.soft.gz		single cell gene expression assay with Cell Hashing	True
GSM9270130	geo:GSE309595:GSM9270130	suspension_type	cell	file	raw/fp-53430067aac0/GSE309595_family.soft.gz		PBMCs were removed from liquid nitrogen and rapidly thawed in a 37	True
GSM9270130	geo:GSE309595:GSM9270130	gene_annotation_version	Ensembl v93	file	raw/fp-53430067aac0/GSE309595_family.soft.gz		refdata-cellranger-GRCh38-3.0.0; based on the GRCh38 genome reference and Ensembl v93 transcriptome annotations	True
GSM9270130	geo:GSE309595:GSM9270130	assay	10x 3' transcription profiling	file	raw/fp-53430067aac0/GSE309595_family.soft.gz		scRNAseq libraries were generated using a modified 10x genomics chromium 3′ single cell gene expression assay with Cell Hashing.	True
GSM9270130	geo:GSE309595:GSM9270130	self_reported_ethnicity	Caucasian	file	raw/fp-53430067aac0/GSE309595_family.soft.gz		!Sample_characteristics_ch1 = race: Caucasian	True
GSM9270130	geo:GSE309595:GSM9270130	disease_free_text	multiple myeloma	file	raw/fp-53430067aac0/GSE309595_family.soft.gz		Multiple myeloma (MM) is a hematological malignancy characterized by an expansion of malignant plasma cells in the bone marrow.	True
GSM9270130	geo:GSE309595:GSM9270130	disease_free_text	multiple myeloma	file	raw/fp-53430067aac0/GSE309595_family.soft.gz		!Sample_characteristics_ch1 = subject id: FH1008	True
GSM9270130	geo:GSE309595:GSM9270130	disease_free_text	multiple myeloma	file	raw/fp-53430067aac0/GSE309595_family.soft.gz		!Sample_characteristics_ch1 = visit: Flu Year 2 Day 7	True
GSM9270130	geo:GSE309595:GSM9270130	disease_free_text	multiple myeloma	file	raw/fp-53430067aac0/GSE309595_family.soft.gz		!Sample_title = PB00237-11 MM Pre-Treatment	True
GSM9270130	geo:GSE309595:GSM9270130	disease_free_text	multiple myeloma	file	raw/fp-53430067aac0/GSE309595_family.soft.gz		!Sample_characteristics_ch1 = visit: MM Pre-Treatment	True
GSM9270130	geo:GSE309595:GSM9270130	disease_free_text	multiple myeloma	file	raw/fp-53430067aac0/GSE309595_family.soft.gz		This cohort was also followed for the flu vaccine perturbation and blood samples were collected at 0, 7, and 90 days post-vaccination during two consecutive flu years.	True
GSM9270130	geo:GSE309595:GSM9270130	disease_free_text	multiple myeloma	file	raw/fp-53430067aac0/GSE309595_family.soft.gz		A cohort of patients aged 30 and older with newly diagnosed MM requiring systemic therapy was enrolled in Seattle, WA	True
GSM9270131	geo:GSE309595:GSM9270131	donor_id	FH1005	file	raw/fp-53430067aac0/GSE309595_family.soft.gz		!Sample_characteristics_ch1 = subject id: FH1005	True
GSM9270131	geo:GSE309595:GSM9270131	sex	female	file	raw/fp-53430067aac0/GSE309595_family.soft.gz		!Sample_characteristics_ch1 = Sex: Female	True
GSM9270131	geo:GSE309595:GSM9270131	tissue_free_text	Blood	file	raw/fp-53430067aac0/GSE309595_family.soft.gz		!Sample_characteristics_ch1 = tissue: Blood	True
GSM9270131	geo:GSE309595:GSM9270131	tissue_type	tissue	file	raw/fp-53430067aac0/GSE309595_family.soft.gz		!Sample_characteristics_ch1 = tissue: Blood	True
GSM9270131	geo:GSE309595:GSM9270131	tissue_type	tissue	file	raw/fp-53430067aac0/GSE309595_family.soft.gz		!Sample_characteristics_ch1 = cell type: PBMC	True
GSM9270131	geo:GSE309595:GSM9270131	suspension_type	cell	file	raw/fp-53430067aac0/GSE309595_family.soft.gz		single cell gene expression assay with Cell Hashing	True
GSM9270131	geo:GSE309595:GSM9270131	suspension_type	cell	file	raw/fp-53430067aac0/GSE309595_family.soft.gz		PBMCs were removed from liquid nitrogen and rapidly thawed in a 37	True
GSM9270131	geo:GSE309595:GSM9270131	gene_annotation_version	Ensembl v93	file	raw/fp-53430067aac0/GSE309595_family.soft.gz		refdata-cellranger-GRCh38-3.0.0; based on the GRCh38 genome reference and Ensembl v93 transcriptome annotations	True
GSM9270131	geo:GSE309595:GSM9270131	assay	10x 3' transcription profiling	file	raw/fp-53430067aac0/GSE309595_family.soft.gz		scRNAseq libraries were generated using a modified 10x genomics chromium 3′ single cell gene expression assay with Cell Hashing.	True
GSM9270131	geo:GSE309595:GSM9270131	self_reported_ethnicity	Caucasian	file	raw/fp-53430067aac0/GSE309595_family.soft.gz		!Sample_characteristics_ch1 = race: Caucasian	True
GSM9270131	geo:GSE309595:GSM9270131	disease_free_text	multiple myeloma	file	raw/fp-53430067aac0/GSE309595_family.soft.gz		Multiple myeloma (MM) is a hematological malignancy characterized by an expansion of malignant plasma cells in the bone marrow.	True
GSM9270131	geo:GSE309595:GSM9270131	disease_free_text	multiple myeloma	file	raw/fp-53430067aac0/GSE309595_family.soft.gz		!Sample_characteristics_ch1 = subject id: FH1005	True
GSM9270131	geo:GSE309595:GSM9270131	disease_free_text	multiple myeloma	file	raw/fp-53430067aac0/GSE309595_family.soft.gz		!Sample_characteristics_ch1 = visit: Flu Year 2 Day 90	True
GSM9270131	geo:GSE309595:GSM9270131	disease_free_text	multiple myeloma	file	raw/fp-53430067aac0/GSE309595_family.soft.gz		!Sample_title = PB00236-12 MM Post Induction 2-Cycles	True
GSM9270131	geo:GSE309595:GSM9270131	disease_free_text	multiple myeloma	file	raw/fp-53430067aac0/GSE309595_family.soft.gz		!Sample_characteristics_ch1 = visit: MM Post Induction 2-Cycles	True
GSM9270131	geo:GSE309595:GSM9270131	disease_free_text	multiple myeloma	file	raw/fp-53430067aac0/GSE309595_family.soft.gz		This cohort was also followed for the flu vaccine perturbation and blood samples were collected at 0, 7, and 90 days post-vaccination during two consecutive flu years.	True
GSM9270131	geo:GSE309595:GSM9270131	disease_free_text	multiple myeloma	file	raw/fp-53430067aac0/GSE309595_family.soft.gz		A cohort of patients aged 30 and older with newly diagnosed MM requiring systemic therapy was enrolled in Seattle, WA	True
GSM9270132	geo:GSE309595:GSM9270132	donor_id	FH1024	file	raw/fp-53430067aac0/GSE309595_family.soft.gz		!Sample_characteristics_ch1 = subject id: FH1024	True
GSM9270132	geo:GSE309595:GSM9270132	sex	male	file	raw/fp-53430067aac0/GSE309595_family.soft.gz		!Sample_characteristics_ch1 = Sex: Male	True
GSM9270132	geo:GSE309595:GSM9270132	tissue_free_text	Blood	file	raw/fp-53430067aac0/GSE309595_family.soft.gz		!Sample_characteristics_ch1 = tissue: Blood	True
GSM9270132	geo:GSE309595:GSM9270132	tissue_type	tissue	file	raw/fp-53430067aac0/GSE309595_family.soft.gz		!Sample_characteristics_ch1 = tissue: Blood	True
GSM9270132	geo:GSE309595:GSM9270132	tissue_type	tissue	file	raw/fp-53430067aac0/GSE309595_family.soft.gz		!Sample_characteristics_ch1 = cell type: PBMC	True
GSM9270132	geo:GSE309595:GSM9270132	suspension_type	cell	file	raw/fp-53430067aac0/GSE309595_family.soft.gz		single cell gene expression assay with Cell Hashing	True
GSM9270132	geo:GSE309595:GSM9270132	suspension_type	cell	file	raw/fp-53430067aac0/GSE309595_family.soft.gz		PBMCs were removed from liquid nitrogen and rapidly thawed in a 37	True
GSM9270132	geo:GSE309595:GSM9270132	gene_annotation_version	Ensembl v93	file	raw/fp-53430067aac0/GSE309595_family.soft.gz		refdata-cellranger-GRCh38-3.0.0; based on the GRCh38 genome reference and Ensembl v93 transcriptome annotations	True
GSM9270132	geo:GSE309595:GSM9270132	assay	10x 3' transcription profiling	file	raw/fp-53430067aac0/GSE309595_family.soft.gz		scRNAseq libraries were generated using a modified 10x genomics chromium 3′ single cell gene expression assay with Cell Hashing.	True
GSM9270132	geo:GSE309595:GSM9270132	self_reported_ethnicity	Caucasian	file	raw/fp-53430067aac0/GSE309595_family.soft.gz		!Sample_characteristics_ch1 = race: Caucasian	True
GSM9270132	geo:GSE309595:GSM9270132	disease_free_text	multiple myeloma	file	raw/fp-53430067aac0/GSE309595_family.soft.gz		Multiple myeloma (MM) is a hematological malignancy characterized by an expansion of malignant plasma cells in the bone marrow.	True
GSM9270132	geo:GSE309595:GSM9270132	disease_free_text	multiple myeloma	file	raw/fp-53430067aac0/GSE309595_family.soft.gz		!Sample_characteristics_ch1 = subject id: FH1024	True
GSM9270132	geo:GSE309595:GSM9270132	disease_free_text	multiple myeloma	file	raw/fp-53430067aac0/GSE309595_family.soft.gz		!Sample_characteristics_ch1 = visit: MM Pre-Treatment	True
GSM9270132	geo:GSE309595:GSM9270132	disease_free_text	multiple myeloma	file	raw/fp-53430067aac0/GSE309595_family.soft.gz		A cohort of patients aged 30 and older with newly diagnosed MM requiring systemic therapy was enrolled in Seattle, WA	True
GSM9270133	geo:GSE309595:GSM9270133	donor_id	FH1016	file	raw/fp-53430067aac0/GSE309595_family.soft.gz		!Sample_characteristics_ch1 = subject id: FH1016	True
GSM9270133	geo:GSE309595:GSM9270133	sex	male	file	raw/fp-53430067aac0/GSE309595_family.soft.gz		!Sample_characteristics_ch1 = Sex: Male	True
GSM9270133	geo:GSE309595:GSM9270133	tissue_free_text	Blood	file	raw/fp-53430067aac0/GSE309595_family.soft.gz		!Sample_characteristics_ch1 = tissue: Blood	True
GSM9270133	geo:GSE309595:GSM9270133	tissue_type	tissue	file	raw/fp-53430067aac0/GSE309595_family.soft.gz		!Sample_characteristics_ch1 = tissue: Blood	True
GSM9270133	geo:GSE309595:GSM9270133	tissue_type	tissue	file	raw/fp-53430067aac0/GSE309595_family.soft.gz		!Sample_characteristics_ch1 = cell type: PBMC	True
GSM9270133	geo:GSE309595:GSM9270133	suspension_type	cell	file	raw/fp-53430067aac0/GSE309595_family.soft.gz		single cell gene expression assay with Cell Hashing	True
GSM9270133	geo:GSE309595:GSM9270133	suspension_type	cell	file	raw/fp-53430067aac0/GSE309595_family.soft.gz		PBMCs were removed from liquid nitrogen and rapidly thawed in a 37	True
GSM9270133	geo:GSE309595:GSM9270133	gene_annotation_version	Ensembl v93	file	raw/fp-53430067aac0/GSE309595_family.soft.gz		refdata-cellranger-GRCh38-3.0.0; based on the GRCh38 genome reference and Ensembl v93 transcriptome annotations	True
GSM9270133	geo:GSE309595:GSM9270133	assay	10x 3' transcription profiling	file	raw/fp-53430067aac0/GSE309595_family.soft.gz		scRNAseq libraries were generated using a modified 10x genomics chromium 3′ single cell gene expression assay with Cell Hashing.	True
GSM9270133	geo:GSE309595:GSM9270133	self_reported_ethnicity	African American	file	raw/fp-53430067aac0/GSE309595_family.soft.gz		!Sample_characteristics_ch1 = race: African American	True
GSM9270133	geo:GSE309595:GSM9270133	disease_free_text	multiple myeloma	file	raw/fp-53430067aac0/GSE309595_family.soft.gz		Multiple myeloma (MM) is a hematological malignancy characterized by an expansion of malignant plasma cells in the bone marrow.	True
GSM9270133	geo:GSE309595:GSM9270133	disease_free_text	multiple myeloma	file	raw/fp-53430067aac0/GSE309595_family.soft.gz		!Sample_characteristics_ch1 = subject id: FH1016	True
GSM9270133	geo:GSE309595:GSM9270133	disease_free_text	multiple myeloma	file	raw/fp-53430067aac0/GSE309595_family.soft.gz		!Sample_characteristics_ch1 = visit: MM Post Transplant 60 Days	True
GSM9270133	geo:GSE309595:GSM9270133	disease_free_text	multiple myeloma	file	raw/fp-53430067aac0/GSE309595_family.soft.gz		A cohort of patients aged 30 and older with newly diagnosed MM requiring systemic therapy was enrolled in Seattle, WA	True
GSM9270134	geo:GSE309595:GSM9270134	donor_id	FH1008	file	raw/fp-53430067aac0/GSE309595_family.soft.gz		!Sample_characteristics_ch1 = subject id: FH1008	True
GSM9270134	geo:GSE309595:GSM9270134	sex	female	file	raw/fp-53430067aac0/GSE309595_family.soft.gz		!Sample_characteristics_ch1 = Sex: Female	True
GSM9270134	geo:GSE309595:GSM9270134	tissue_free_text	Blood	file	raw/fp-53430067aac0/GSE309595_family.soft.gz		!Sample_characteristics_ch1 = tissue: Blood	True
GSM9270134	geo:GSE309595:GSM9270134	tissue_type	tissue	file	raw/fp-53430067aac0/GSE309595_family.soft.gz		!Sample_characteristics_ch1 = tissue: Blood	True
GSM9270134	geo:GSE309595:GSM9270134	tissue_type	tissue	file	raw/fp-53430067aac0/GSE309595_family.soft.gz		!Sample_characteristics_ch1 = cell type: PBMC	True
GSM9270134	geo:GSE309595:GSM9270134	suspension_type	cell	file	raw/fp-53430067aac0/GSE309595_family.soft.gz		single cell gene expression assay with Cell Hashing	True
GSM9270134	geo:GSE309595:GSM9270134	suspension_type	cell	file	raw/fp-53430067aac0/GSE309595_family.soft.gz		PBMCs were removed from liquid nitrogen and rapidly thawed in a 37	True
GSM9270134	geo:GSE309595:GSM9270134	gene_annotation_version	Ensembl v93	file	raw/fp-53430067aac0/GSE309595_family.soft.gz		refdata-cellranger-GRCh38-3.0.0; based on the GRCh38 genome reference and Ensembl v93 transcriptome annotations	True
GSM9270134	geo:GSE309595:GSM9270134	assay	10x 3' transcription profiling	file	raw/fp-53430067aac0/GSE309595_family.soft.gz		scRNAseq libraries were generated using a modified 10x genomics chromium 3′ single cell gene expression assay with Cell Hashing.	True
GSM9270134	geo:GSE309595:GSM9270134	self_reported_ethnicity	Caucasian	file	raw/fp-53430067aac0/GSE309595_family.soft.gz		!Sample_characteristics_ch1 = race: Caucasian	True
GSM9270134	geo:GSE309595:GSM9270134	disease_free_text	multiple myeloma	file	raw/fp-53430067aac0/GSE309595_family.soft.gz		Multiple myeloma (MM) is a hematological malignancy characterized by an expansion of malignant plasma cells in the bone marrow.	True
GSM9270134	geo:GSE309595:GSM9270134	disease_free_text	multiple myeloma	file	raw/fp-53430067aac0/GSE309595_family.soft.gz		!Sample_characteristics_ch1 = subject id: FH1008	True
GSM9270134	geo:GSE309595:GSM9270134	disease_free_text	multiple myeloma	file	raw/fp-53430067aac0/GSE309595_family.soft.gz		!Sample_characteristics_ch1 = visit: Flu Year 2 Day 90	True
GSM9270134	geo:GSE309595:GSM9270134	disease_free_text	multiple myeloma	file	raw/fp-53430067aac0/GSE309595_family.soft.gz		!Sample_title = PB00237-11 MM Pre-Treatment	True
GSM9270134	geo:GSE309595:GSM9270134	disease_free_text	multiple myeloma	file	raw/fp-53430067aac0/GSE309595_family.soft.gz		!Sample_characteristics_ch1 = visit: MM Pre-Treatment	True
GSM9270134	geo:GSE309595:GSM9270134	disease_free_text	multiple myeloma	file	raw/fp-53430067aac0/GSE309595_family.soft.gz		This cohort was also followed for the flu vaccine perturbation and blood samples were collected at 0, 7, and 90 days post-vaccination during two consecutive flu years.	True
GSM9270134	geo:GSE309595:GSM9270134	disease_free_text	multiple myeloma	file	raw/fp-53430067aac0/GSE309595_family.soft.gz		A cohort of patients aged 30 and older with newly diagnosed MM requiring systemic therapy was enrolled in Seattle, WA	True
GSM9270135	geo:GSE309595:GSM9270135	donor_id	FH1026	file	raw/fp-53430067aac0/GSE309595_family.soft.gz		!Sample_characteristics_ch1 = subject id: FH1026	True
GSM9270135	geo:GSE309595:GSM9270135	sex	female	file	raw/fp-53430067aac0/GSE309595_family.soft.gz		!Sample_characteristics_ch1 = Sex: Female	True
GSM9270135	geo:GSE309595:GSM9270135	tissue_free_text	Blood	file	raw/fp-53430067aac0/GSE309595_family.soft.gz		!Sample_characteristics_ch1 = tissue: Blood	True
GSM9270135	geo:GSE309595:GSM9270135	tissue_type	tissue	file	raw/fp-53430067aac0/GSE309595_family.soft.gz		!Sample_characteristics_ch1 = tissue: Blood	True
GSM9270135	geo:GSE309595:GSM9270135	tissue_type	tissue	file	raw/fp-53430067aac0/GSE309595_family.soft.gz		!Sample_characteristics_ch1 = cell type: PBMC	True
GSM9270135	geo:GSE309595:GSM9270135	suspension_type	cell	file	raw/fp-53430067aac0/GSE309595_family.soft.gz		single cell gene expression assay with Cell Hashing	True
GSM9270135	geo:GSE309595:GSM9270135	suspension_type	cell	file	raw/fp-53430067aac0/GSE309595_family.soft.gz		PBMCs were removed from liquid nitrogen and rapidly thawed in a 37	True
GSM9270135	geo:GSE309595:GSM9270135	gene_annotation_version	Ensembl v93	file	raw/fp-53430067aac0/GSE309595_family.soft.gz		refdata-cellranger-GRCh38-3.0.0; based on the GRCh38 genome reference and Ensembl v93 transcriptome annotations	True
GSM9270135	geo:GSE309595:GSM9270135	assay	10x 3' transcription profiling	file	raw/fp-53430067aac0/GSE309595_family.soft.gz		scRNAseq libraries were generated using a modified 10x genomics chromium 3′ single cell gene expression assay with Cell Hashing.	True
GSM9270135	geo:GSE309595:GSM9270135	self_reported_ethnicity	African American	file	raw/fp-53430067aac0/GSE309595_family.soft.gz		!Sample_characteristics_ch1 = race: African American	True
GSM9270135	geo:GSE309595:GSM9270135	disease_free_text	multiple myeloma	file	raw/fp-53430067aac0/GSE309595_family.soft.gz		Multiple myeloma (MM) is a hematological malignancy characterized by an expansion of malignant plasma cells in the bone marrow.	True
GSM9270135	geo:GSE309595:GSM9270135	disease_free_text	multiple myeloma	file	raw/fp-53430067aac0/GSE309595_family.soft.gz		!Sample_characteristics_ch1 = subject id: FH1026	True
GSM9270135	geo:GSE309595:GSM9270135	disease_free_text	multiple myeloma	file	raw/fp-53430067aac0/GSE309595_family.soft.gz		!Sample_characteristics_ch1 = visit: MM Pre-Treatment	True
GSM9270135	geo:GSE309595:GSM9270135	disease_free_text	multiple myeloma	file	raw/fp-53430067aac0/GSE309595_family.soft.gz		A cohort of patients aged 30 and older with newly diagnosed MM requiring systemic therapy was enrolled in Seattle, WA	True
GSM9270136	geo:GSE309595:GSM9270136	donor_id	FH1027	file	raw/fp-53430067aac0/GSE309595_family.soft.gz		!Sample_characteristics_ch1 = subject id: FH1027	True
GSM9270136	geo:GSE309595:GSM9270136	sex	male	file	raw/fp-53430067aac0/GSE309595_family.soft.gz		!Sample_characteristics_ch1 = Sex: Male	True
GSM9270136	geo:GSE309595:GSM9270136	tissue_free_text	Blood	file	raw/fp-53430067aac0/GSE309595_family.soft.gz		!Sample_characteristics_ch1 = tissue: Blood	True
GSM9270136	geo:GSE309595:GSM9270136	tissue_type	tissue	file	raw/fp-53430067aac0/GSE309595_family.soft.gz		!Sample_characteristics_ch1 = tissue: Blood	True
GSM9270136	geo:GSE309595:GSM9270136	tissue_type	tissue	file	raw/fp-53430067aac0/GSE309595_family.soft.gz		!Sample_characteristics_ch1 = cell type: PBMC	True
GSM9270136	geo:GSE309595:GSM9270136	suspension_type	cell	file	raw/fp-53430067aac0/GSE309595_family.soft.gz		single cell gene expression assay with Cell Hashing	True
GSM9270136	geo:GSE309595:GSM9270136	suspension_type	cell	file	raw/fp-53430067aac0/GSE309595_family.soft.gz		PBMCs were removed from liquid nitrogen and rapidly thawed in a 37	True
GSM9270136	geo:GSE309595:GSM9270136	gene_annotation_version	Ensembl v93	file	raw/fp-53430067aac0/GSE309595_family.soft.gz		refdata-cellranger-GRCh38-3.0.0; based on the GRCh38 genome reference and Ensembl v93 transcriptome annotations	True
GSM9270136	geo:GSE309595:GSM9270136	assay	10x 3' transcription profiling	file	raw/fp-53430067aac0/GSE309595_family.soft.gz		scRNAseq libraries were generated using a modified 10x genomics chromium 3′ single cell gene expression assay with Cell Hashing.	True
GSM9270136	geo:GSE309595:GSM9270136	self_reported_ethnicity	Caucasian	file	raw/fp-53430067aac0/GSE309595_family.soft.gz		!Sample_characteristics_ch1 = race: Caucasian	True
GSM9270136	geo:GSE309595:GSM9270136	disease_free_text	multiple myeloma	file	raw/fp-53430067aac0/GSE309595_family.soft.gz		Multiple myeloma (MM) is a hematological malignancy characterized by an expansion of malignant plasma cells in the bone marrow.	True
GSM9270136	geo:GSE309595:GSM9270136	disease_free_text	multiple myeloma	file	raw/fp-53430067aac0/GSE309595_family.soft.gz		!Sample_characteristics_ch1 = subject id: FH1027	True
GSM9270136	geo:GSE309595:GSM9270136	disease_free_text	multiple myeloma	file	raw/fp-53430067aac0/GSE309595_family.soft.gz		!Sample_characteristics_ch1 = visit: MM Pre-Treatment	True
GSM9270136	geo:GSE309595:GSM9270136	disease_free_text	multiple myeloma	file	raw/fp-53430067aac0/GSE309595_family.soft.gz		A cohort of patients aged 30 and older with newly diagnosed MM requiring systemic therapy was enrolled in Seattle, WA	True
GSM9270137	geo:GSE309595:GSM9270137	donor_id	FH1017	file	raw/fp-53430067aac0/GSE309595_family.soft.gz		!Sample_characteristics_ch1 = subject id: FH1017	True
GSM9270137	geo:GSE309595:GSM9270137	sex	female	file	raw/fp-53430067aac0/GSE309595_family.soft.gz		!Sample_characteristics_ch1 = Sex: Female	True
GSM9270137	geo:GSE309595:GSM9270137	tissue_free_text	Blood	file	raw/fp-53430067aac0/GSE309595_family.soft.gz		!Sample_characteristics_ch1 = tissue: Blood	True
GSM9270137	geo:GSE309595:GSM9270137	tissue_type	tissue	file	raw/fp-53430067aac0/GSE309595_family.soft.gz		!Sample_characteristics_ch1 = tissue: Blood	True
GSM9270137	geo:GSE309595:GSM9270137	tissue_type	tissue	file	raw/fp-53430067aac0/GSE309595_family.soft.gz		!Sample_characteristics_ch1 = cell type: PBMC	True
GSM9270137	geo:GSE309595:GSM9270137	suspension_type	cell	file	raw/fp-53430067aac0/GSE309595_family.soft.gz		single cell gene expression assay with Cell Hashing	True
GSM9270137	geo:GSE309595:GSM9270137	suspension_type	cell	file	raw/fp-53430067aac0/GSE309595_family.soft.gz		PBMCs were removed from liquid nitrogen and rapidly thawed in a 37	True
GSM9270137	geo:GSE309595:GSM9270137	gene_annotation_version	Ensembl v93	file	raw/fp-53430067aac0/GSE309595_family.soft.gz		refdata-cellranger-GRCh38-3.0.0; based on the GRCh38 genome reference and Ensembl v93 transcriptome annotations	True
GSM9270137	geo:GSE309595:GSM9270137	assay	10x 3' transcription profiling	file	raw/fp-53430067aac0/GSE309595_family.soft.gz		scRNAseq libraries were generated using a modified 10x genomics chromium 3′ single cell gene expression assay with Cell Hashing.	True
GSM9270137	geo:GSE309595:GSM9270137	self_reported_ethnicity	Caucasian	file	raw/fp-53430067aac0/GSE309595_family.soft.gz		!Sample_characteristics_ch1 = race: Caucasian	True
GSM9270137	geo:GSE309595:GSM9270137	disease_free_text	multiple myeloma	file	raw/fp-53430067aac0/GSE309595_family.soft.gz		Multiple myeloma (MM) is a hematological malignancy characterized by an expansion of malignant plasma cells in the bone marrow.	True
GSM9270137	geo:GSE309595:GSM9270137	disease_free_text	multiple myeloma	file	raw/fp-53430067aac0/GSE309595_family.soft.gz		!Sample_characteristics_ch1 = subject id: FH1017	True
GSM9270137	geo:GSE309595:GSM9270137	disease_free_text	multiple myeloma	file	raw/fp-53430067aac0/GSE309595_family.soft.gz		!Sample_characteristics_ch1 = visit: MM Post Transplant 1 year	True
GSM9270137	geo:GSE309595:GSM9270137	disease_free_text	multiple myeloma	file	raw/fp-53430067aac0/GSE309595_family.soft.gz		A cohort of patients aged 30 and older with newly diagnosed MM requiring systemic therapy was enrolled in Seattle, WA	True
GSM9270138	geo:GSE309595:GSM9270138	donor_id	FH1024	file	raw/fp-53430067aac0/GSE309595_family.soft.gz		!Sample_characteristics_ch1 = subject id: FH1024	True
GSM9270138	geo:GSE309595:GSM9270138	sex	male	file	raw/fp-53430067aac0/GSE309595_family.soft.gz		!Sample_characteristics_ch1 = Sex: Male	True
GSM9270138	geo:GSE309595:GSM9270138	tissue_free_text	Blood	file	raw/fp-53430067aac0/GSE309595_family.soft.gz		!Sample_characteristics_ch1 = tissue: Blood	True
GSM9270138	geo:GSE309595:GSM9270138	tissue_type	tissue	file	raw/fp-53430067aac0/GSE309595_family.soft.gz		!Sample_characteristics_ch1 = tissue: Blood	True
GSM9270138	geo:GSE309595:GSM9270138	tissue_type	tissue	file	raw/fp-53430067aac0/GSE309595_family.soft.gz		!Sample_characteristics_ch1 = cell type: PBMC	True
GSM9270138	geo:GSE309595:GSM9270138	suspension_type	cell	file	raw/fp-53430067aac0/GSE309595_family.soft.gz		single cell gene expression assay with Cell Hashing	True
GSM9270138	geo:GSE309595:GSM9270138	suspension_type	cell	file	raw/fp-53430067aac0/GSE309595_family.soft.gz		PBMCs were removed from liquid nitrogen and rapidly thawed in a 37	True
GSM9270138	geo:GSE309595:GSM9270138	gene_annotation_version	Ensembl v93	file	raw/fp-53430067aac0/GSE309595_family.soft.gz		refdata-cellranger-GRCh38-3.0.0; based on the GRCh38 genome reference and Ensembl v93 transcriptome annotations	True
GSM9270138	geo:GSE309595:GSM9270138	assay	10x 3' transcription profiling	file	raw/fp-53430067aac0/GSE309595_family.soft.gz		scRNAseq libraries were generated using a modified 10x genomics chromium 3′ single cell gene expression assay with Cell Hashing.	True
GSM9270138	geo:GSE309595:GSM9270138	self_reported_ethnicity	Caucasian	file	raw/fp-53430067aac0/GSE309595_family.soft.gz		!Sample_characteristics_ch1 = race: Caucasian	True
GSM9270138	geo:GSE309595:GSM9270138	disease_free_text	multiple myeloma	file	raw/fp-53430067aac0/GSE309595_family.soft.gz		Multiple myeloma (MM) is a hematological malignancy characterized by an expansion of malignant plasma cells in the bone marrow.	True
GSM9270138	geo:GSE309595:GSM9270138	disease_free_text	multiple myeloma	file	raw/fp-53430067aac0/GSE309595_family.soft.gz		!Sample_characteristics_ch1 = subject id: FH1024	True
GSM9270138	geo:GSE309595:GSM9270138	disease_free_text	multiple myeloma	file	raw/fp-53430067aac0/GSE309595_family.soft.gz		!Sample_characteristics_ch1 = visit: MM Post Induction 2-Cycles	True
GSM9270138	geo:GSE309595:GSM9270138	disease_free_text	multiple myeloma	file	raw/fp-53430067aac0/GSE309595_family.soft.gz		A cohort of patients aged 30 and older with newly diagnosed MM requiring systemic therapy was enrolled in Seattle, WA	True
GSM9270139	geo:GSE309595:GSM9270139	donor_id	FH1026	file	raw/fp-53430067aac0/GSE309595_family.soft.gz		!Sample_characteristics_ch1 = subject id: FH1026	True
GSM9270139	geo:GSE309595:GSM9270139	sex	female	file	raw/fp-53430067aac0/GSE309595_family.soft.gz		!Sample_characteristics_ch1 = Sex: Female	True
GSM9270139	geo:GSE309595:GSM9270139	tissue_free_text	Blood	file	raw/fp-53430067aac0/GSE309595_family.soft.gz		!Sample_characteristics_ch1 = tissue: Blood	True
GSM9270139	geo:GSE309595:GSM9270139	tissue_type	tissue	file	raw/fp-53430067aac0/GSE309595_family.soft.gz		!Sample_characteristics_ch1 = tissue: Blood	True
GSM9270139	geo:GSE309595:GSM9270139	tissue_type	tissue	file	raw/fp-53430067aac0/GSE309595_family.soft.gz		!Sample_characteristics_ch1 = cell type: PBMC	True
GSM9270139	geo:GSE309595:GSM9270139	suspension_type	cell	file	raw/fp-53430067aac0/GSE309595_family.soft.gz		single cell gene expression assay with Cell Hashing	True
GSM9270139	geo:GSE309595:GSM9270139	suspension_type	cell	file	raw/fp-53430067aac0/GSE309595_family.soft.gz		PBMCs were removed from liquid nitrogen and rapidly thawed in a 37	True
GSM9270139	geo:GSE309595:GSM9270139	gene_annotation_version	Ensembl v93	file	raw/fp-53430067aac0/GSE309595_family.soft.gz		refdata-cellranger-GRCh38-3.0.0; based on the GRCh38 genome reference and Ensembl v93 transcriptome annotations	True
GSM9270139	geo:GSE309595:GSM9270139	assay	10x 3' transcription profiling	file	raw/fp-53430067aac0/GSE309595_family.soft.gz		scRNAseq libraries were generated using a modified 10x genomics chromium 3′ single cell gene expression assay with Cell Hashing.	True
GSM9270139	geo:GSE309595:GSM9270139	self_reported_ethnicity	African American	file	raw/fp-53430067aac0/GSE309595_family.soft.gz		!Sample_characteristics_ch1 = race: African American	True
GSM9270139	geo:GSE309595:GSM9270139	disease_free_text	multiple myeloma	file	raw/fp-53430067aac0/GSE309595_family.soft.gz		Multiple myeloma (MM) is a hematological malignancy characterized by an expansion of malignant plasma cells in the bone marrow.	True
GSM9270139	geo:GSE309595:GSM9270139	disease_free_text	multiple myeloma	file	raw/fp-53430067aac0/GSE309595_family.soft.gz		!Sample_characteristics_ch1 = subject id: FH1026	True
GSM9270139	geo:GSE309595:GSM9270139	disease_free_text	multiple myeloma	file	raw/fp-53430067aac0/GSE309595_family.soft.gz		!Sample_characteristics_ch1 = visit: MM Post Induction 2-Cycles	True
GSM9270139	geo:GSE309595:GSM9270139	disease_free_text	multiple myeloma	file	raw/fp-53430067aac0/GSE309595_family.soft.gz		A cohort of patients aged 30 and older with newly diagnosed MM requiring systemic therapy was enrolled in Seattle, WA	True
GSM9270140	geo:GSE309595:GSM9270140	donor_id	FH1024	file	raw/fp-53430067aac0/GSE309595_family.soft.gz		!Sample_characteristics_ch1 = subject id: FH1024	True
GSM9270140	geo:GSE309595:GSM9270140	sex	male	file	raw/fp-53430067aac0/GSE309595_family.soft.gz		!Sample_characteristics_ch1 = Sex: Male	True
GSM9270140	geo:GSE309595:GSM9270140	tissue_free_text	Blood	file	raw/fp-53430067aac0/GSE309595_family.soft.gz		!Sample_characteristics_ch1 = tissue: Blood	True
GSM9270140	geo:GSE309595:GSM9270140	tissue_type	tissue	file	raw/fp-53430067aac0/GSE309595_family.soft.gz		!Sample_characteristics_ch1 = tissue: Blood	True
GSM9270140	geo:GSE309595:GSM9270140	tissue_type	tissue	file	raw/fp-53430067aac0/GSE309595_family.soft.gz		!Sample_characteristics_ch1 = cell type: PBMC	True
GSM9270140	geo:GSE309595:GSM9270140	suspension_type	cell	file	raw/fp-53430067aac0/GSE309595_family.soft.gz		single cell gene expression assay with Cell Hashing	True
GSM9270140	geo:GSE309595:GSM9270140	suspension_type	cell	file	raw/fp-53430067aac0/GSE309595_family.soft.gz		PBMCs were removed from liquid nitrogen and rapidly thawed in a 37	True
GSM9270140	geo:GSE309595:GSM9270140	gene_annotation_version	Ensembl v93	file	raw/fp-53430067aac0/GSE309595_family.soft.gz		refdata-cellranger-GRCh38-3.0.0; based on the GRCh38 genome reference and Ensembl v93 transcriptome annotations	True
GSM9270140	geo:GSE309595:GSM9270140	assay	10x 3' transcription profiling	file	raw/fp-53430067aac0/GSE309595_family.soft.gz		scRNAseq libraries were generated using a modified 10x genomics chromium 3′ single cell gene expression assay with Cell Hashing.	True
GSM9270140	geo:GSE309595:GSM9270140	self_reported_ethnicity	Caucasian	file	raw/fp-53430067aac0/GSE309595_family.soft.gz		!Sample_characteristics_ch1 = race: Caucasian	True
GSM9270140	geo:GSE309595:GSM9270140	disease_free_text	multiple myeloma	file	raw/fp-53430067aac0/GSE309595_family.soft.gz		Multiple myeloma (MM) is a hematological malignancy characterized by an expansion of malignant plasma cells in the bone marrow.	True
GSM9270140	geo:GSE309595:GSM9270140	disease_free_text	multiple myeloma	file	raw/fp-53430067aac0/GSE309595_family.soft.gz		!Sample_characteristics_ch1 = subject id: FH1024	True
GSM9270140	geo:GSE309595:GSM9270140	disease_free_text	multiple myeloma	file	raw/fp-53430067aac0/GSE309595_family.soft.gz		!Sample_characteristics_ch1 = visit: MM End Induction 1st Draw	True
GSM9270140	geo:GSE309595:GSM9270140	disease_free_text	multiple myeloma	file	raw/fp-53430067aac0/GSE309595_family.soft.gz		A cohort of patients aged 30 and older with newly diagnosed MM requiring systemic therapy was enrolled in Seattle, WA	True
GSM9270141	geo:GSE309595:GSM9270141	donor_id	FH1009	file	raw/fp-53430067aac0/GSE309595_family.soft.gz		!Sample_characteristics_ch1 = subject id: FH1009	True
GSM9270141	geo:GSE309595:GSM9270141	sex	male	file	raw/fp-53430067aac0/GSE309595_family.soft.gz		!Sample_characteristics_ch1 = Sex: Male	True
GSM9270141	geo:GSE309595:GSM9270141	tissue_free_text	Blood	file	raw/fp-53430067aac0/GSE309595_family.soft.gz		!Sample_characteristics_ch1 = tissue: Blood	True
GSM9270141	geo:GSE309595:GSM9270141	tissue_type	tissue	file	raw/fp-53430067aac0/GSE309595_family.soft.gz		!Sample_characteristics_ch1 = tissue: Blood	True
GSM9270141	geo:GSE309595:GSM9270141	tissue_type	tissue	file	raw/fp-53430067aac0/GSE309595_family.soft.gz		!Sample_characteristics_ch1 = cell type: PBMC	True
GSM9270141	geo:GSE309595:GSM9270141	suspension_type	cell	file	raw/fp-53430067aac0/GSE309595_family.soft.gz		single cell gene expression assay with Cell Hashing	True
GSM9270141	geo:GSE309595:GSM9270141	suspension_type	cell	file	raw/fp-53430067aac0/GSE309595_family.soft.gz		PBMCs were removed from liquid nitrogen and rapidly thawed in a 37	True
GSM9270141	geo:GSE309595:GSM9270141	gene_annotation_version	Ensembl v93	file	raw/fp-53430067aac0/GSE309595_family.soft.gz		refdata-cellranger-GRCh38-3.0.0; based on the GRCh38 genome reference and Ensembl v93 transcriptome annotations	True
GSM9270141	geo:GSE309595:GSM9270141	assay	10x 3' transcription profiling	file	raw/fp-53430067aac0/GSE309595_family.soft.gz		scRNAseq libraries were generated using a modified 10x genomics chromium 3′ single cell gene expression assay with Cell Hashing.	True
GSM9270141	geo:GSE309595:GSM9270141	disease_free_text	multiple myeloma	file	raw/fp-53430067aac0/GSE309595_family.soft.gz		Multiple myeloma (MM) is a hematological malignancy characterized by an expansion of malignant plasma cells in the bone marrow.	True
GSM9270141	geo:GSE309595:GSM9270141	disease_free_text	multiple myeloma	file	raw/fp-53430067aac0/GSE309595_family.soft.gz		!Sample_characteristics_ch1 = subject id: FH1009	True
GSM9270141	geo:GSE309595:GSM9270141	disease_free_text	multiple myeloma	file	raw/fp-53430067aac0/GSE309595_family.soft.gz		!Sample_characteristics_ch1 = visit: MM Post Transplant 2 year	True
GSM9270141	geo:GSE309595:GSM9270141	disease_free_text	multiple myeloma	file	raw/fp-53430067aac0/GSE309595_family.soft.gz		A cohort of patients aged 30 and older with newly diagnosed MM requiring systemic therapy was enrolled in Seattle, WA	True
GSM9270142	geo:GSE309595:GSM9270142	donor_id	FH1027	file	raw/fp-53430067aac0/GSE309595_family.soft.gz		!Sample_characteristics_ch1 = subject id: FH1027	True
GSM9270142	geo:GSE309595:GSM9270142	sex	male	file	raw/fp-53430067aac0/GSE309595_family.soft.gz		!Sample_characteristics_ch1 = Sex: Male	True
GSM9270142	geo:GSE309595:GSM9270142	tissue_free_text	Blood	file	raw/fp-53430067aac0/GSE309595_family.soft.gz		!Sample_characteristics_ch1 = tissue: Blood	True
GSM9270142	geo:GSE309595:GSM9270142	tissue_type	tissue	file	raw/fp-53430067aac0/GSE309595_family.soft.gz		!Sample_characteristics_ch1 = tissue: Blood	True
GSM9270142	geo:GSE309595:GSM9270142	tissue_type	tissue	file	raw/fp-53430067aac0/GSE309595_family.soft.gz		!Sample_characteristics_ch1 = cell type: PBMC	True
GSM9270142	geo:GSE309595:GSM9270142	suspension_type	cell	file	raw/fp-53430067aac0/GSE309595_family.soft.gz		single cell gene expression assay with Cell Hashing	True
GSM9270142	geo:GSE309595:GSM9270142	suspension_type	cell	file	raw/fp-53430067aac0/GSE309595_family.soft.gz		PBMCs were removed from liquid nitrogen and rapidly thawed in a 37	True
GSM9270142	geo:GSE309595:GSM9270142	gene_annotation_version	Ensembl v93	file	raw/fp-53430067aac0/GSE309595_family.soft.gz		refdata-cellranger-GRCh38-3.0.0; based on the GRCh38 genome reference and Ensembl v93 transcriptome annotations	True
GSM9270142	geo:GSE309595:GSM9270142	assay	10x 3' transcription profiling	file	raw/fp-53430067aac0/GSE309595_family.soft.gz		scRNAseq libraries were generated using a modified 10x genomics chromium 3′ single cell gene expression assay with Cell Hashing.	True
GSM9270142	geo:GSE309595:GSM9270142	self_reported_ethnicity	Caucasian	file	raw/fp-53430067aac0/GSE309595_family.soft.gz		!Sample_characteristics_ch1 = race: Caucasian	True
GSM9270142	geo:GSE309595:GSM9270142	disease_free_text	multiple myeloma	file	raw/fp-53430067aac0/GSE309595_family.soft.gz		Multiple myeloma (MM) is a hematological malignancy characterized by an expansion of malignant plasma cells in the bone marrow.	True
GSM9270142	geo:GSE309595:GSM9270142	disease_free_text	multiple myeloma	file	raw/fp-53430067aac0/GSE309595_family.soft.gz		!Sample_characteristics_ch1 = subject id: FH1027	True
GSM9270142	geo:GSE309595:GSM9270142	disease_free_text	multiple myeloma	file	raw/fp-53430067aac0/GSE309595_family.soft.gz		!Sample_characteristics_ch1 = visit: MM Post Induction 2-Cycles	True
GSM9270142	geo:GSE309595:GSM9270142	disease_free_text	multiple myeloma	file	raw/fp-53430067aac0/GSE309595_family.soft.gz		A cohort of patients aged 30 and older with newly diagnosed MM requiring systemic therapy was enrolled in Seattle, WA	True
GSM9270143	geo:GSE309595:GSM9270143	donor_id	FH1024	file	raw/fp-53430067aac0/GSE309595_family.soft.gz		!Sample_characteristics_ch1 = subject id: FH1024	True
GSM9270143	geo:GSE309595:GSM9270143	sex	male	file	raw/fp-53430067aac0/GSE309595_family.soft.gz		!Sample_characteristics_ch1 = Sex: Male	True
GSM9270143	geo:GSE309595:GSM9270143	tissue_free_text	Blood	file	raw/fp-53430067aac0/GSE309595_family.soft.gz		!Sample_characteristics_ch1 = tissue: Blood	True
GSM9270143	geo:GSE309595:GSM9270143	tissue_type	tissue	file	raw/fp-53430067aac0/GSE309595_family.soft.gz		!Sample_characteristics_ch1 = tissue: Blood	True
GSM9270143	geo:GSE309595:GSM9270143	tissue_type	tissue	file	raw/fp-53430067aac0/GSE309595_family.soft.gz		!Sample_characteristics_ch1 = cell type: PBMC	True
GSM9270143	geo:GSE309595:GSM9270143	suspension_type	cell	file	raw/fp-53430067aac0/GSE309595_family.soft.gz		single cell gene expression assay with Cell Hashing	True
GSM9270143	geo:GSE309595:GSM9270143	suspension_type	cell	file	raw/fp-53430067aac0/GSE309595_family.soft.gz		PBMCs were removed from liquid nitrogen and rapidly thawed in a 37	True
GSM9270143	geo:GSE309595:GSM9270143	gene_annotation_version	Ensembl v93	file	raw/fp-53430067aac0/GSE309595_family.soft.gz		refdata-cellranger-GRCh38-3.0.0; based on the GRCh38 genome reference and Ensembl v93 transcriptome annotations	True
GSM9270143	geo:GSE309595:GSM9270143	assay	10x 3' transcription profiling	file	raw/fp-53430067aac0/GSE309595_family.soft.gz		scRNAseq libraries were generated using a modified 10x genomics chromium 3′ single cell gene expression assay with Cell Hashing.	True
GSM9270143	geo:GSE309595:GSM9270143	self_reported_ethnicity	Caucasian	file	raw/fp-53430067aac0/GSE309595_family.soft.gz		!Sample_characteristics_ch1 = race: Caucasian	True
GSM9270143	geo:GSE309595:GSM9270143	disease_free_text	multiple myeloma	file	raw/fp-53430067aac0/GSE309595_family.soft.gz		Multiple myeloma (MM) is a hematological malignancy characterized by an expansion of malignant plasma cells in the bone marrow.	True
GSM9270143	geo:GSE309595:GSM9270143	disease_free_text	multiple myeloma	file	raw/fp-53430067aac0/GSE309595_family.soft.gz		!Sample_characteristics_ch1 = subject id: FH1024	True
GSM9270143	geo:GSE309595:GSM9270143	disease_free_text	multiple myeloma	file	raw/fp-53430067aac0/GSE309595_family.soft.gz		!Sample_characteristics_ch1 = visit: MM Post Transplant 60 Days	True
GSM9270143	geo:GSE309595:GSM9270143	disease_free_text	multiple myeloma	file	raw/fp-53430067aac0/GSE309595_family.soft.gz		A cohort of patients aged 30 and older with newly diagnosed MM requiring systemic therapy was enrolled in Seattle, WA	True
GSM9270144	geo:GSE309595:GSM9270144	donor_id	FH1024	file	raw/fp-53430067aac0/GSE309595_family.soft.gz		!Sample_characteristics_ch1 = subject id: FH1024	True
GSM9270144	geo:GSE309595:GSM9270144	sex	male	file	raw/fp-53430067aac0/GSE309595_family.soft.gz		!Sample_characteristics_ch1 = Sex: Male	True
GSM9270144	geo:GSE309595:GSM9270144	tissue_free_text	Blood	file	raw/fp-53430067aac0/GSE309595_family.soft.gz		!Sample_characteristics_ch1 = tissue: Blood	True
GSM9270144	geo:GSE309595:GSM9270144	tissue_type	tissue	file	raw/fp-53430067aac0/GSE309595_family.soft.gz		!Sample_characteristics_ch1 = tissue: Blood	True
GSM9270144	geo:GSE309595:GSM9270144	tissue_type	tissue	file	raw/fp-53430067aac0/GSE309595_family.soft.gz		!Sample_characteristics_ch1 = cell type: PBMC	True
GSM9270144	geo:GSE309595:GSM9270144	suspension_type	cell	file	raw/fp-53430067aac0/GSE309595_family.soft.gz		single cell gene expression assay with Cell Hashing	True
GSM9270144	geo:GSE309595:GSM9270144	suspension_type	cell	file	raw/fp-53430067aac0/GSE309595_family.soft.gz		PBMCs were removed from liquid nitrogen and rapidly thawed in a 37	True
GSM9270144	geo:GSE309595:GSM9270144	gene_annotation_version	Ensembl v93	file	raw/fp-53430067aac0/GSE309595_family.soft.gz		refdata-cellranger-GRCh38-3.0.0; based on the GRCh38 genome reference and Ensembl v93 transcriptome annotations	True
GSM9270144	geo:GSE309595:GSM9270144	assay	10x 3' transcription profiling	file	raw/fp-53430067aac0/GSE309595_family.soft.gz		scRNAseq libraries were generated using a modified 10x genomics chromium 3′ single cell gene expression assay with Cell Hashing.	True
GSM9270144	geo:GSE309595:GSM9270144	self_reported_ethnicity	Caucasian	file	raw/fp-53430067aac0/GSE309595_family.soft.gz		!Sample_characteristics_ch1 = race: Caucasian	True
GSM9270144	geo:GSE309595:GSM9270144	disease_free_text	multiple myeloma	file	raw/fp-53430067aac0/GSE309595_family.soft.gz		Multiple myeloma (MM) is a hematological malignancy characterized by an expansion of malignant plasma cells in the bone marrow.	True
GSM9270144	geo:GSE309595:GSM9270144	disease_free_text	multiple myeloma	file	raw/fp-53430067aac0/GSE309595_family.soft.gz		!Sample_characteristics_ch1 = subject id: FH1024	True
GSM9270144	geo:GSE309595:GSM9270144	disease_free_text	multiple myeloma	file	raw/fp-53430067aac0/GSE309595_family.soft.gz		!Sample_characteristics_ch1 = visit: Flu Year 1 Stand-Alone	True
GSM9270144	geo:GSE309595:GSM9270144	disease_free_text	multiple myeloma	file	raw/fp-53430067aac0/GSE309595_family.soft.gz		!Sample_title = PB04811-002 MM Pre-Treatment	True
GSM9270144	geo:GSE309595:GSM9270144	disease_free_text	multiple myeloma	file	raw/fp-53430067aac0/GSE309595_family.soft.gz		!Sample_characteristics_ch1 = visit: MM Pre-Treatment	True
GSM9270144	geo:GSE309595:GSM9270144	disease_free_text	multiple myeloma	file	raw/fp-53430067aac0/GSE309595_family.soft.gz		This cohort was also followed for the flu vaccine perturbation and blood samples were collected at 0, 7, and 90 days post-vaccination during two consecutive flu years.	True
GSM9270144	geo:GSE309595:GSM9270144	disease_free_text	multiple myeloma	file	raw/fp-53430067aac0/GSE309595_family.soft.gz		A cohort of patients aged 30 and older with newly diagnosed MM requiring systemic therapy was enrolled in Seattle, WA	True
GSM9270145	geo:GSE309595:GSM9270145	donor_id	FH1016	file	raw/fp-53430067aac0/GSE309595_family.soft.gz		!Sample_characteristics_ch1 = subject id: FH1016	True
GSM9270145	geo:GSE309595:GSM9270145	sex	male	file	raw/fp-53430067aac0/GSE309595_family.soft.gz		!Sample_characteristics_ch1 = Sex: Male	True
GSM9270145	geo:GSE309595:GSM9270145	tissue_free_text	Blood	file	raw/fp-53430067aac0/GSE309595_family.soft.gz		!Sample_characteristics_ch1 = tissue: Blood	True
GSM9270145	geo:GSE309595:GSM9270145	tissue_type	tissue	file	raw/fp-53430067aac0/GSE309595_family.soft.gz		!Sample_characteristics_ch1 = tissue: Blood	True
GSM9270145	geo:GSE309595:GSM9270145	tissue_type	tissue	file	raw/fp-53430067aac0/GSE309595_family.soft.gz		!Sample_characteristics_ch1 = cell type: PBMC	True
GSM9270145	geo:GSE309595:GSM9270145	suspension_type	cell	file	raw/fp-53430067aac0/GSE309595_family.soft.gz		single cell gene expression assay with Cell Hashing	True
GSM9270145	geo:GSE309595:GSM9270145	suspension_type	cell	file	raw/fp-53430067aac0/GSE309595_family.soft.gz		PBMCs were removed from liquid nitrogen and rapidly thawed in a 37	True
GSM9270145	geo:GSE309595:GSM9270145	gene_annotation_version	Ensembl v93	file	raw/fp-53430067aac0/GSE309595_family.soft.gz		refdata-cellranger-GRCh38-3.0.0; based on the GRCh38 genome reference and Ensembl v93 transcriptome annotations	True
GSM9270145	geo:GSE309595:GSM9270145	assay	10x 3' transcription profiling	file	raw/fp-53430067aac0/GSE309595_family.soft.gz		scRNAseq libraries were generated using a modified 10x genomics chromium 3′ single cell gene expression assay with Cell Hashing.	True
GSM9270145	geo:GSE309595:GSM9270145	self_reported_ethnicity	African American	file	raw/fp-53430067aac0/GSE309595_family.soft.gz		!Sample_characteristics_ch1 = race: African American	True
GSM9270145	geo:GSE309595:GSM9270145	disease_free_text	multiple myeloma	file	raw/fp-53430067aac0/GSE309595_family.soft.gz		Multiple myeloma (MM) is a hematological malignancy characterized by an expansion of malignant plasma cells in the bone marrow.	True
GSM9270145	geo:GSE309595:GSM9270145	disease_free_text	multiple myeloma	file	raw/fp-53430067aac0/GSE309595_family.soft.gz		!Sample_characteristics_ch1 = subject id: FH1016	True
GSM9270145	geo:GSE309595:GSM9270145	disease_free_text	multiple myeloma	file	raw/fp-53430067aac0/GSE309595_family.soft.gz		!Sample_characteristics_ch1 = visit: Flu Year 1 Stand-Alone	True
GSM9270145	geo:GSE309595:GSM9270145	disease_free_text	multiple myeloma	file	raw/fp-53430067aac0/GSE309595_family.soft.gz		!Sample_title = PB06425-001 MM Post Transplant 1 year	True
GSM9270145	geo:GSE309595:GSM9270145	disease_free_text	multiple myeloma	file	raw/fp-53430067aac0/GSE309595_family.soft.gz		!Sample_characteristics_ch1 = visit: MM Post Transplant 1 year	True
GSM9270145	geo:GSE309595:GSM9270145	disease_free_text	multiple myeloma	file	raw/fp-53430067aac0/GSE309595_family.soft.gz		This cohort was also followed for the flu vaccine perturbation and blood samples were collected at 0, 7, and 90 days post-vaccination during two consecutive flu years.	True
GSM9270145	geo:GSE309595:GSM9270145	disease_free_text	multiple myeloma	file	raw/fp-53430067aac0/GSE309595_family.soft.gz		A cohort of patients aged 30 and older with newly diagnosed MM requiring systemic therapy was enrolled in Seattle, WA	True
GSM9270146	geo:GSE309595:GSM9270146	donor_id	FH1028	file	raw/fp-53430067aac0/GSE309595_family.soft.gz		!Sample_characteristics_ch1 = subject id: FH1028	True
GSM9270146	geo:GSE309595:GSM9270146	sex	male	file	raw/fp-53430067aac0/GSE309595_family.soft.gz		!Sample_characteristics_ch1 = Sex: Male	True
GSM9270146	geo:GSE309595:GSM9270146	tissue_free_text	Blood	file	raw/fp-53430067aac0/GSE309595_family.soft.gz		!Sample_characteristics_ch1 = tissue: Blood	True
GSM9270146	geo:GSE309595:GSM9270146	tissue_type	tissue	file	raw/fp-53430067aac0/GSE309595_family.soft.gz		!Sample_characteristics_ch1 = tissue: Blood	True
GSM9270146	geo:GSE309595:GSM9270146	tissue_type	tissue	file	raw/fp-53430067aac0/GSE309595_family.soft.gz		!Sample_characteristics_ch1 = cell type: PBMC	True
GSM9270146	geo:GSE309595:GSM9270146	suspension_type	cell	file	raw/fp-53430067aac0/GSE309595_family.soft.gz		single cell gene expression assay with Cell Hashing	True
GSM9270146	geo:GSE309595:GSM9270146	suspension_type	cell	file	raw/fp-53430067aac0/GSE309595_family.soft.gz		PBMCs were removed from liquid nitrogen and rapidly thawed in a 37	True
GSM9270146	geo:GSE309595:GSM9270146	gene_annotation_version	Ensembl v93	file	raw/fp-53430067aac0/GSE309595_family.soft.gz		refdata-cellranger-GRCh38-3.0.0; based on the GRCh38 genome reference and Ensembl v93 transcriptome annotations	True
GSM9270146	geo:GSE309595:GSM9270146	assay	10x 3' transcription profiling	file	raw/fp-53430067aac0/GSE309595_family.soft.gz		scRNAseq libraries were generated using a modified 10x genomics chromium 3′ single cell gene expression assay with Cell Hashing.	True
GSM9270146	geo:GSE309595:GSM9270146	self_reported_ethnicity	Caucasian	file	raw/fp-53430067aac0/GSE309595_family.soft.gz		!Sample_characteristics_ch1 = race: Caucasian	True
GSM9270146	geo:GSE309595:GSM9270146	disease_free_text	multiple myeloma	file	raw/fp-53430067aac0/GSE309595_family.soft.gz		Multiple myeloma (MM) is a hematological malignancy characterized by an expansion of malignant plasma cells in the bone marrow.	True
GSM9270146	geo:GSE309595:GSM9270146	disease_free_text	multiple myeloma	file	raw/fp-53430067aac0/GSE309595_family.soft.gz		!Sample_characteristics_ch1 = subject id: FH1028	True
GSM9270146	geo:GSE309595:GSM9270146	disease_free_text	multiple myeloma	file	raw/fp-53430067aac0/GSE309595_family.soft.gz		!Sample_characteristics_ch1 = visit: MM Pre-Treatment	True
GSM9270146	geo:GSE309595:GSM9270146	disease_free_text	multiple myeloma	file	raw/fp-53430067aac0/GSE309595_family.soft.gz		A cohort of patients aged 30 and older with newly diagnosed MM requiring systemic therapy was enrolled in Seattle, WA	True
GSM9270147	geo:GSE309595:GSM9270147	donor_id	FH1024	file	raw/fp-53430067aac0/GSE309595_family.soft.gz		!Sample_characteristics_ch1 = subject id: FH1024	True
GSM9270147	geo:GSE309595:GSM9270147	sex	male	file	raw/fp-53430067aac0/GSE309595_family.soft.gz		!Sample_characteristics_ch1 = Sex: Male	True
GSM9270147	geo:GSE309595:GSM9270147	tissue_free_text	Blood	file	raw/fp-53430067aac0/GSE309595_family.soft.gz		!Sample_characteristics_ch1 = tissue: Blood	True
GSM9270147	geo:GSE309595:GSM9270147	tissue_type	tissue	file	raw/fp-53430067aac0/GSE309595_family.soft.gz		!Sample_characteristics_ch1 = tissue: Blood	True
GSM9270147	geo:GSE309595:GSM9270147	tissue_type	tissue	file	raw/fp-53430067aac0/GSE309595_family.soft.gz		!Sample_characteristics_ch1 = cell type: PBMC	True
GSM9270147	geo:GSE309595:GSM9270147	suspension_type	cell	file	raw/fp-53430067aac0/GSE309595_family.soft.gz		single cell gene expression assay with Cell Hashing	True
GSM9270147	geo:GSE309595:GSM9270147	suspension_type	cell	file	raw/fp-53430067aac0/GSE309595_family.soft.gz		PBMCs were removed from liquid nitrogen and rapidly thawed in a 37	True
GSM9270147	geo:GSE309595:GSM9270147	gene_annotation_version	Ensembl v93	file	raw/fp-53430067aac0/GSE309595_family.soft.gz		refdata-cellranger-GRCh38-3.0.0; based on the GRCh38 genome reference and Ensembl v93 transcriptome annotations	True
GSM9270147	geo:GSE309595:GSM9270147	assay	10x 3' transcription profiling	file	raw/fp-53430067aac0/GSE309595_family.soft.gz		scRNAseq libraries were generated using a modified 10x genomics chromium 3′ single cell gene expression assay with Cell Hashing.	True
GSM9270147	geo:GSE309595:GSM9270147	self_reported_ethnicity	Caucasian	file	raw/fp-53430067aac0/GSE309595_family.soft.gz		!Sample_characteristics_ch1 = race: Caucasian	True
GSM9270147	geo:GSE309595:GSM9270147	disease_free_text	multiple myeloma	file	raw/fp-53430067aac0/GSE309595_family.soft.gz		Multiple myeloma (MM) is a hematological malignancy characterized by an expansion of malignant plasma cells in the bone marrow.	True
GSM9270147	geo:GSE309595:GSM9270147	disease_free_text	multiple myeloma	file	raw/fp-53430067aac0/GSE309595_family.soft.gz		!Sample_characteristics_ch1 = subject id: FH1024	True
GSM9270147	geo:GSE309595:GSM9270147	disease_free_text	multiple myeloma	file	raw/fp-53430067aac0/GSE309595_family.soft.gz		!Sample_characteristics_ch1 = visit: Flu Year 1 Day 0	True
GSM9270147	geo:GSE309595:GSM9270147	disease_free_text	multiple myeloma	file	raw/fp-53430067aac0/GSE309595_family.soft.gz		!Sample_title = PB04811-002 MM Pre-Treatment	True
GSM9270147	geo:GSE309595:GSM9270147	disease_free_text	multiple myeloma	file	raw/fp-53430067aac0/GSE309595_family.soft.gz		!Sample_characteristics_ch1 = visit: MM Pre-Treatment	True
GSM9270147	geo:GSE309595:GSM9270147	disease_free_text	multiple myeloma	file	raw/fp-53430067aac0/GSE309595_family.soft.gz		This cohort was also followed for the flu vaccine perturbation and blood samples were collected at 0, 7, and 90 days post-vaccination during two consecutive flu years.	True
GSM9270147	geo:GSE309595:GSM9270147	disease_free_text	multiple myeloma	file	raw/fp-53430067aac0/GSE309595_family.soft.gz		A cohort of patients aged 30 and older with newly diagnosed MM requiring systemic therapy was enrolled in Seattle, WA	True
GSM9270148	geo:GSE309595:GSM9270148	donor_id	FH1024	file	raw/fp-53430067aac0/GSE309595_family.soft.gz		!Sample_characteristics_ch1 = subject id: FH1024	True
GSM9270148	geo:GSE309595:GSM9270148	sex	male	file	raw/fp-53430067aac0/GSE309595_family.soft.gz		!Sample_characteristics_ch1 = Sex: Male	True
GSM9270148	geo:GSE309595:GSM9270148	tissue_free_text	Blood	file	raw/fp-53430067aac0/GSE309595_family.soft.gz		!Sample_characteristics_ch1 = tissue: Blood	True
GSM9270148	geo:GSE309595:GSM9270148	tissue_type	tissue	file	raw/fp-53430067aac0/GSE309595_family.soft.gz		!Sample_characteristics_ch1 = tissue: Blood	True
GSM9270148	geo:GSE309595:GSM9270148	tissue_type	tissue	file	raw/fp-53430067aac0/GSE309595_family.soft.gz		!Sample_characteristics_ch1 = cell type: PBMC	True
GSM9270148	geo:GSE309595:GSM9270148	suspension_type	cell	file	raw/fp-53430067aac0/GSE309595_family.soft.gz		single cell gene expression assay with Cell Hashing	True
GSM9270148	geo:GSE309595:GSM9270148	suspension_type	cell	file	raw/fp-53430067aac0/GSE309595_family.soft.gz		PBMCs were removed from liquid nitrogen and rapidly thawed in a 37	True
GSM9270148	geo:GSE309595:GSM9270148	gene_annotation_version	Ensembl v93	file	raw/fp-53430067aac0/GSE309595_family.soft.gz		refdata-cellranger-GRCh38-3.0.0; based on the GRCh38 genome reference and Ensembl v93 transcriptome annotations	True
GSM9270148	geo:GSE309595:GSM9270148	assay	10x 3' transcription profiling	file	raw/fp-53430067aac0/GSE309595_family.soft.gz		scRNAseq libraries were generated using a modified 10x genomics chromium 3′ single cell gene expression assay with Cell Hashing.	True
GSM9270148	geo:GSE309595:GSM9270148	self_reported_ethnicity	Caucasian	file	raw/fp-53430067aac0/GSE309595_family.soft.gz		!Sample_characteristics_ch1 = race: Caucasian	True
GSM9270148	geo:GSE309595:GSM9270148	disease_free_text	multiple myeloma	file	raw/fp-53430067aac0/GSE309595_family.soft.gz		Multiple myeloma (MM) is a hematological malignancy characterized by an expansion of malignant plasma cells in the bone marrow.	True
GSM9270148	geo:GSE309595:GSM9270148	disease_free_text	multiple myeloma	file	raw/fp-53430067aac0/GSE309595_family.soft.gz		!Sample_characteristics_ch1 = subject id: FH1024	True
GSM9270148	geo:GSE309595:GSM9270148	disease_free_text	multiple myeloma	file	raw/fp-53430067aac0/GSE309595_family.soft.gz		!Sample_characteristics_ch1 = visit: MM Post Transplant 90 Days	True
GSM9270148	geo:GSE309595:GSM9270148	disease_free_text	multiple myeloma	file	raw/fp-53430067aac0/GSE309595_family.soft.gz		A cohort of patients aged 30 and older with newly diagnosed MM requiring systemic therapy was enrolled in Seattle, WA	True
GSM9270149	geo:GSE309595:GSM9270149	donor_id	FH1027	file	raw/fp-53430067aac0/GSE309595_family.soft.gz		!Sample_characteristics_ch1 = subject id: FH1027	True
GSM9270149	geo:GSE309595:GSM9270149	sex	male	file	raw/fp-53430067aac0/GSE309595_family.soft.gz		!Sample_characteristics_ch1 = Sex: Male	True
GSM9270149	geo:GSE309595:GSM9270149	tissue_free_text	Blood	file	raw/fp-53430067aac0/GSE309595_family.soft.gz		!Sample_characteristics_ch1 = tissue: Blood	True
GSM9270149	geo:GSE309595:GSM9270149	tissue_type	tissue	file	raw/fp-53430067aac0/GSE309595_family.soft.gz		!Sample_characteristics_ch1 = tissue: Blood	True
GSM9270149	geo:GSE309595:GSM9270149	tissue_type	tissue	file	raw/fp-53430067aac0/GSE309595_family.soft.gz		!Sample_characteristics_ch1 = cell type: PBMC	True
GSM9270149	geo:GSE309595:GSM9270149	suspension_type	cell	file	raw/fp-53430067aac0/GSE309595_family.soft.gz		single cell gene expression assay with Cell Hashing	True
GSM9270149	geo:GSE309595:GSM9270149	suspension_type	cell	file	raw/fp-53430067aac0/GSE309595_family.soft.gz		PBMCs were removed from liquid nitrogen and rapidly thawed in a 37	True
GSM9270149	geo:GSE309595:GSM9270149	gene_annotation_version	Ensembl v93	file	raw/fp-53430067aac0/GSE309595_family.soft.gz		refdata-cellranger-GRCh38-3.0.0; based on the GRCh38 genome reference and Ensembl v93 transcriptome annotations	True
GSM9270149	geo:GSE309595:GSM9270149	assay	10x 3' transcription profiling	file	raw/fp-53430067aac0/GSE309595_family.soft.gz		scRNAseq libraries were generated using a modified 10x genomics chromium 3′ single cell gene expression assay with Cell Hashing.	True
GSM9270149	geo:GSE309595:GSM9270149	self_reported_ethnicity	Caucasian	file	raw/fp-53430067aac0/GSE309595_family.soft.gz		!Sample_characteristics_ch1 = race: Caucasian	True
GSM9270149	geo:GSE309595:GSM9270149	disease_free_text	multiple myeloma	file	raw/fp-53430067aac0/GSE309595_family.soft.gz		Multiple myeloma (MM) is a hematological malignancy characterized by an expansion of malignant plasma cells in the bone marrow.	True
GSM9270149	geo:GSE309595:GSM9270149	disease_free_text	multiple myeloma	file	raw/fp-53430067aac0/GSE309595_family.soft.gz		!Sample_characteristics_ch1 = subject id: FH1027	True
GSM9270149	geo:GSE309595:GSM9270149	disease_free_text	multiple myeloma	file	raw/fp-53430067aac0/GSE309595_family.soft.gz		!Sample_characteristics_ch1 = visit: MM End Induction 1st Draw	True
GSM9270149	geo:GSE309595:GSM9270149	disease_free_text	multiple myeloma	file	raw/fp-53430067aac0/GSE309595_family.soft.gz		A cohort of patients aged 30 and older with newly diagnosed MM requiring systemic therapy was enrolled in Seattle, WA	True
GSM9270150	geo:GSE309595:GSM9270150	donor_id	FH1028	file	raw/fp-53430067aac0/GSE309595_family.soft.gz		!Sample_characteristics_ch1 = subject id: FH1028	True
GSM9270150	geo:GSE309595:GSM9270150	sex	male	file	raw/fp-53430067aac0/GSE309595_family.soft.gz		!Sample_characteristics_ch1 = Sex: Male	True
GSM9270150	geo:GSE309595:GSM9270150	tissue_free_text	Blood	file	raw/fp-53430067aac0/GSE309595_family.soft.gz		!Sample_characteristics_ch1 = tissue: Blood	True
GSM9270150	geo:GSE309595:GSM9270150	tissue_type	tissue	file	raw/fp-53430067aac0/GSE309595_family.soft.gz		!Sample_characteristics_ch1 = tissue: Blood	True
GSM9270150	geo:GSE309595:GSM9270150	tissue_type	tissue	file	raw/fp-53430067aac0/GSE309595_family.soft.gz		!Sample_characteristics_ch1 = cell type: PBMC	True
GSM9270150	geo:GSE309595:GSM9270150	suspension_type	cell	file	raw/fp-53430067aac0/GSE309595_family.soft.gz		single cell gene expression assay with Cell Hashing	True
GSM9270150	geo:GSE309595:GSM9270150	suspension_type	cell	file	raw/fp-53430067aac0/GSE309595_family.soft.gz		PBMCs were removed from liquid nitrogen and rapidly thawed in a 37	True
GSM9270150	geo:GSE309595:GSM9270150	gene_annotation_version	Ensembl v93	file	raw/fp-53430067aac0/GSE309595_family.soft.gz		refdata-cellranger-GRCh38-3.0.0; based on the GRCh38 genome reference and Ensembl v93 transcriptome annotations	True
GSM9270150	geo:GSE309595:GSM9270150	assay	10x 3' transcription profiling	file	raw/fp-53430067aac0/GSE309595_family.soft.gz		scRNAseq libraries were generated using a modified 10x genomics chromium 3′ single cell gene expression assay with Cell Hashing.	True
GSM9270150	geo:GSE309595:GSM9270150	self_reported_ethnicity	Caucasian	file	raw/fp-53430067aac0/GSE309595_family.soft.gz		!Sample_characteristics_ch1 = race: Caucasian	True
GSM9270150	geo:GSE309595:GSM9270150	disease_free_text	multiple myeloma	file	raw/fp-53430067aac0/GSE309595_family.soft.gz		Multiple myeloma (MM) is a hematological malignancy characterized by an expansion of malignant plasma cells in the bone marrow.	True
GSM9270150	geo:GSE309595:GSM9270150	disease_free_text	multiple myeloma	file	raw/fp-53430067aac0/GSE309595_family.soft.gz		!Sample_characteristics_ch1 = subject id: FH1028	True
GSM9270150	geo:GSE309595:GSM9270150	disease_free_text	multiple myeloma	file	raw/fp-53430067aac0/GSE309595_family.soft.gz		!Sample_characteristics_ch1 = visit: MM Post Induction 2-Cycles	True
GSM9270150	geo:GSE309595:GSM9270150	disease_free_text	multiple myeloma	file	raw/fp-53430067aac0/GSE309595_family.soft.gz		A cohort of patients aged 30 and older with newly diagnosed MM requiring systemic therapy was enrolled in Seattle, WA	True
GSM9270151	geo:GSE309595:GSM9270151	donor_id	FH1022	file	raw/fp-53430067aac0/GSE309595_family.soft.gz		!Sample_characteristics_ch1 = subject id: FH1022	True
GSM9270151	geo:GSE309595:GSM9270151	sex	male	file	raw/fp-53430067aac0/GSE309595_family.soft.gz		!Sample_characteristics_ch1 = Sex: Male	True
GSM9270151	geo:GSE309595:GSM9270151	tissue_free_text	Blood	file	raw/fp-53430067aac0/GSE309595_family.soft.gz		!Sample_characteristics_ch1 = tissue: Blood	True
GSM9270151	geo:GSE309595:GSM9270151	tissue_type	tissue	file	raw/fp-53430067aac0/GSE309595_family.soft.gz		!Sample_characteristics_ch1 = tissue: Blood	True
GSM9270151	geo:GSE309595:GSM9270151	tissue_type	tissue	file	raw/fp-53430067aac0/GSE309595_family.soft.gz		!Sample_characteristics_ch1 = cell type: PBMC	True
GSM9270151	geo:GSE309595:GSM9270151	suspension_type	cell	file	raw/fp-53430067aac0/GSE309595_family.soft.gz		single cell gene expression assay with Cell Hashing	True
GSM9270151	geo:GSE309595:GSM9270151	suspension_type	cell	file	raw/fp-53430067aac0/GSE309595_family.soft.gz		PBMCs were removed from liquid nitrogen and rapidly thawed in a 37	True
GSM9270151	geo:GSE309595:GSM9270151	gene_annotation_version	Ensembl v93	file	raw/fp-53430067aac0/GSE309595_family.soft.gz		refdata-cellranger-GRCh38-3.0.0; based on the GRCh38 genome reference and Ensembl v93 transcriptome annotations	True
GSM9270151	geo:GSE309595:GSM9270151	assay	10x 3' transcription profiling	file	raw/fp-53430067aac0/GSE309595_family.soft.gz		scRNAseq libraries were generated using a modified 10x genomics chromium 3′ single cell gene expression assay with Cell Hashing.	True
GSM9270151	geo:GSE309595:GSM9270151	disease_free_text	multiple myeloma	file	raw/fp-53430067aac0/GSE309595_family.soft.gz		Multiple myeloma (MM) is a hematological malignancy characterized by an expansion of malignant plasma cells in the bone marrow.	True
GSM9270151	geo:GSE309595:GSM9270151	disease_free_text	multiple myeloma	file	raw/fp-53430067aac0/GSE309595_family.soft.gz		!Sample_characteristics_ch1 = subject id: FH1022	True
GSM9270151	geo:GSE309595:GSM9270151	disease_free_text	multiple myeloma	file	raw/fp-53430067aac0/GSE309595_family.soft.gz		!Sample_characteristics_ch1 = visit: Flu Year 1 Day 7	True
GSM9270151	geo:GSE309595:GSM9270151	disease_free_text	multiple myeloma	file	raw/fp-53430067aac0/GSE309595_family.soft.gz		!Sample_title = PB02739-001-004 MM Post Induction 2-Cycles	True
GSM9270151	geo:GSE309595:GSM9270151	disease_free_text	multiple myeloma	file	raw/fp-53430067aac0/GSE309595_family.soft.gz		!Sample_characteristics_ch1 = visit: MM Post Induction 2-Cycles	True
GSM9270151	geo:GSE309595:GSM9270151	disease_free_text	multiple myeloma	file	raw/fp-53430067aac0/GSE309595_family.soft.gz		This cohort was also followed for the flu vaccine perturbation and blood samples were collected at 0, 7, and 90 days post-vaccination during two consecutive flu years.	True
GSM9270151	geo:GSE309595:GSM9270151	disease_free_text	multiple myeloma	file	raw/fp-53430067aac0/GSE309595_family.soft.gz		A cohort of patients aged 30 and older with newly diagnosed MM requiring systemic therapy was enrolled in Seattle, WA	True
GSM9270152	geo:GSE309595:GSM9270152	donor_id	FH1016	file	raw/fp-53430067aac0/GSE309595_family.soft.gz		!Sample_characteristics_ch1 = subject id: FH1016	True
GSM9270152	geo:GSE309595:GSM9270152	sex	male	file	raw/fp-53430067aac0/GSE309595_family.soft.gz		!Sample_characteristics_ch1 = Sex: Male	True
GSM9270152	geo:GSE309595:GSM9270152	tissue_free_text	Blood	file	raw/fp-53430067aac0/GSE309595_family.soft.gz		!Sample_characteristics_ch1 = tissue: Blood	True
GSM9270152	geo:GSE309595:GSM9270152	tissue_type	tissue	file	raw/fp-53430067aac0/GSE309595_family.soft.gz		!Sample_characteristics_ch1 = tissue: Blood	True
GSM9270152	geo:GSE309595:GSM9270152	tissue_type	tissue	file	raw/fp-53430067aac0/GSE309595_family.soft.gz		!Sample_characteristics_ch1 = cell type: PBMC	True
GSM9270152	geo:GSE309595:GSM9270152	suspension_type	cell	file	raw/fp-53430067aac0/GSE309595_family.soft.gz		single cell gene expression assay with Cell Hashing	True
GSM9270152	geo:GSE309595:GSM9270152	suspension_type	cell	file	raw/fp-53430067aac0/GSE309595_family.soft.gz		PBMCs were removed from liquid nitrogen and rapidly thawed in a 37	True
GSM9270152	geo:GSE309595:GSM9270152	gene_annotation_version	Ensembl v93	file	raw/fp-53430067aac0/GSE309595_family.soft.gz		refdata-cellranger-GRCh38-3.0.0; based on the GRCh38 genome reference and Ensembl v93 transcriptome annotations	True
GSM9270152	geo:GSE309595:GSM9270152	assay	10x 3' transcription profiling	file	raw/fp-53430067aac0/GSE309595_family.soft.gz		scRNAseq libraries were generated using a modified 10x genomics chromium 3′ single cell gene expression assay with Cell Hashing.	True
GSM9270152	geo:GSE309595:GSM9270152	self_reported_ethnicity	African American	file	raw/fp-53430067aac0/GSE309595_family.soft.gz		!Sample_characteristics_ch1 = race: African American	True
GSM9270152	geo:GSE309595:GSM9270152	disease_free_text	multiple myeloma	file	raw/fp-53430067aac0/GSE309595_family.soft.gz		Multiple myeloma (MM) is a hematological malignancy characterized by an expansion of malignant plasma cells in the bone marrow.	True
GSM9270152	geo:GSE309595:GSM9270152	disease_free_text	multiple myeloma	file	raw/fp-53430067aac0/GSE309595_family.soft.gz		!Sample_characteristics_ch1 = subject id: FH1016	True
GSM9270152	geo:GSE309595:GSM9270152	disease_free_text	multiple myeloma	file	raw/fp-53430067aac0/GSE309595_family.soft.gz		!Sample_characteristics_ch1 = visit: Flu Year 1 Day 90	True
GSM9270152	geo:GSE309595:GSM9270152	disease_free_text	multiple myeloma	file	raw/fp-53430067aac0/GSE309595_family.soft.gz		!Sample_title = PB06425-001 MM Post Transplant 1 year	True
GSM9270152	geo:GSE309595:GSM9270152	disease_free_text	multiple myeloma	file	raw/fp-53430067aac0/GSE309595_family.soft.gz		!Sample_characteristics_ch1 = visit: MM Post Transplant 1 year	True
GSM9270152	geo:GSE309595:GSM9270152	disease_free_text	multiple myeloma	file	raw/fp-53430067aac0/GSE309595_family.soft.gz		This cohort was also followed for the flu vaccine perturbation and blood samples were collected at 0, 7, and 90 days post-vaccination during two consecutive flu years.	True
GSM9270152	geo:GSE309595:GSM9270152	disease_free_text	multiple myeloma	file	raw/fp-53430067aac0/GSE309595_family.soft.gz		A cohort of patients aged 30 and older with newly diagnosed MM requiring systemic therapy was enrolled in Seattle, WA	True
GSM9270153	geo:GSE309595:GSM9270153	donor_id	FH1028	file	raw/fp-53430067aac0/GSE309595_family.soft.gz		!Sample_characteristics_ch1 = subject id: FH1028	True
GSM9270153	geo:GSE309595:GSM9270153	sex	male	file	raw/fp-53430067aac0/GSE309595_family.soft.gz		!Sample_characteristics_ch1 = Sex: Male	True
GSM9270153	geo:GSE309595:GSM9270153	tissue_free_text	Blood	file	raw/fp-53430067aac0/GSE309595_family.soft.gz		!Sample_characteristics_ch1 = tissue: Blood	True
GSM9270153	geo:GSE309595:GSM9270153	tissue_type	tissue	file	raw/fp-53430067aac0/GSE309595_family.soft.gz		!Sample_characteristics_ch1 = tissue: Blood	True
GSM9270153	geo:GSE309595:GSM9270153	tissue_type	tissue	file	raw/fp-53430067aac0/GSE309595_family.soft.gz		!Sample_characteristics_ch1 = cell type: PBMC	True
GSM9270153	geo:GSE309595:GSM9270153	suspension_type	cell	file	raw/fp-53430067aac0/GSE309595_family.soft.gz		single cell gene expression assay with Cell Hashing	True
GSM9270153	geo:GSE309595:GSM9270153	suspension_type	cell	file	raw/fp-53430067aac0/GSE309595_family.soft.gz		PBMCs were removed from liquid nitrogen and rapidly thawed in a 37	True
GSM9270153	geo:GSE309595:GSM9270153	gene_annotation_version	Ensembl v93	file	raw/fp-53430067aac0/GSE309595_family.soft.gz		refdata-cellranger-GRCh38-3.0.0; based on the GRCh38 genome reference and Ensembl v93 transcriptome annotations	True
GSM9270153	geo:GSE309595:GSM9270153	assay	10x 3' transcription profiling	file	raw/fp-53430067aac0/GSE309595_family.soft.gz		scRNAseq libraries were generated using a modified 10x genomics chromium 3′ single cell gene expression assay with Cell Hashing.	True
GSM9270153	geo:GSE309595:GSM9270153	self_reported_ethnicity	Caucasian	file	raw/fp-53430067aac0/GSE309595_family.soft.gz		!Sample_characteristics_ch1 = race: Caucasian	True
GSM9270153	geo:GSE309595:GSM9270153	disease_free_text	multiple myeloma	file	raw/fp-53430067aac0/GSE309595_family.soft.gz		Multiple myeloma (MM) is a hematological malignancy characterized by an expansion of malignant plasma cells in the bone marrow.	True
GSM9270153	geo:GSE309595:GSM9270153	disease_free_text	multiple myeloma	file	raw/fp-53430067aac0/GSE309595_family.soft.gz		!Sample_characteristics_ch1 = subject id: FH1028	True
GSM9270153	geo:GSE309595:GSM9270153	disease_free_text	multiple myeloma	file	raw/fp-53430067aac0/GSE309595_family.soft.gz		!Sample_characteristics_ch1 = visit: MM End Induction 1st Draw	True
GSM9270153	geo:GSE309595:GSM9270153	disease_free_text	multiple myeloma	file	raw/fp-53430067aac0/GSE309595_family.soft.gz		A cohort of patients aged 30 and older with newly diagnosed MM requiring systemic therapy was enrolled in Seattle, WA	True
GSM9270154	geo:GSE309595:GSM9270154	donor_id	FH1014	file	raw/fp-53430067aac0/GSE309595_family.soft.gz		!Sample_characteristics_ch1 = subject id: FH1014	True
GSM9270154	geo:GSE309595:GSM9270154	sex	male	file	raw/fp-53430067aac0/GSE309595_family.soft.gz		!Sample_characteristics_ch1 = Sex: Male	True
GSM9270154	geo:GSE309595:GSM9270154	tissue_free_text	Blood	file	raw/fp-53430067aac0/GSE309595_family.soft.gz		!Sample_characteristics_ch1 = tissue: Blood	True
GSM9270154	geo:GSE309595:GSM9270154	tissue_type	tissue	file	raw/fp-53430067aac0/GSE309595_family.soft.gz		!Sample_characteristics_ch1 = tissue: Blood	True
GSM9270154	geo:GSE309595:GSM9270154	tissue_type	tissue	file	raw/fp-53430067aac0/GSE309595_family.soft.gz		!Sample_characteristics_ch1 = cell type: PBMC	True
GSM9270154	geo:GSE309595:GSM9270154	suspension_type	cell	file	raw/fp-53430067aac0/GSE309595_family.soft.gz		single cell gene expression assay with Cell Hashing	True
GSM9270154	geo:GSE309595:GSM9270154	suspension_type	cell	file	raw/fp-53430067aac0/GSE309595_family.soft.gz		PBMCs were removed from liquid nitrogen and rapidly thawed in a 37	True
GSM9270154	geo:GSE309595:GSM9270154	gene_annotation_version	Ensembl v93	file	raw/fp-53430067aac0/GSE309595_family.soft.gz		refdata-cellranger-GRCh38-3.0.0; based on the GRCh38 genome reference and Ensembl v93 transcriptome annotations	True
GSM9270154	geo:GSE309595:GSM9270154	assay	10x 3' transcription profiling	file	raw/fp-53430067aac0/GSE309595_family.soft.gz		scRNAseq libraries were generated using a modified 10x genomics chromium 3′ single cell gene expression assay with Cell Hashing.	True
GSM9270154	geo:GSE309595:GSM9270154	self_reported_ethnicity	Caucasian	file	raw/fp-53430067aac0/GSE309595_family.soft.gz		!Sample_characteristics_ch1 = race: Caucasian	True
GSM9270154	geo:GSE309595:GSM9270154	disease_free_text	multiple myeloma	file	raw/fp-53430067aac0/GSE309595_family.soft.gz		Multiple myeloma (MM) is a hematological malignancy characterized by an expansion of malignant plasma cells in the bone marrow.	True
GSM9270154	geo:GSE309595:GSM9270154	disease_free_text	multiple myeloma	file	raw/fp-53430067aac0/GSE309595_family.soft.gz		!Sample_characteristics_ch1 = subject id: FH1014	True
GSM9270154	geo:GSE309595:GSM9270154	disease_free_text	multiple myeloma	file	raw/fp-53430067aac0/GSE309595_family.soft.gz		!Sample_characteristics_ch1 = visit: Flu Year 2 Day 90	True
GSM9270154	geo:GSE309595:GSM9270154	disease_free_text	multiple myeloma	file	raw/fp-53430067aac0/GSE309595_family.soft.gz		!Sample_title = PB02686-005 MM Post Transplant 60 Days	True
GSM9270154	geo:GSE309595:GSM9270154	disease_free_text	multiple myeloma	file	raw/fp-53430067aac0/GSE309595_family.soft.gz		!Sample_characteristics_ch1 = visit: MM Post Transplant 60 Days	True
GSM9270154	geo:GSE309595:GSM9270154	disease_free_text	multiple myeloma	file	raw/fp-53430067aac0/GSE309595_family.soft.gz		This cohort was also followed for the flu vaccine perturbation and blood samples were collected at 0, 7, and 90 days post-vaccination during two consecutive flu years.	True
GSM9270154	geo:GSE309595:GSM9270154	disease_free_text	multiple myeloma	file	raw/fp-53430067aac0/GSE309595_family.soft.gz		A cohort of patients aged 30 and older with newly diagnosed MM requiring systemic therapy was enrolled in Seattle, WA	True
GSM9270155	geo:GSE309595:GSM9270155	donor_id	FH1017	file	raw/fp-53430067aac0/GSE309595_family.soft.gz		!Sample_characteristics_ch1 = subject id: FH1017	True
GSM9270155	geo:GSE309595:GSM9270155	sex	female	file	raw/fp-53430067aac0/GSE309595_family.soft.gz		!Sample_characteristics_ch1 = Sex: Female	True
GSM9270155	geo:GSE309595:GSM9270155	tissue_free_text	Blood	file	raw/fp-53430067aac0/GSE309595_family.soft.gz		!Sample_characteristics_ch1 = tissue: Blood	True
GSM9270155	geo:GSE309595:GSM9270155	tissue_type	tissue	file	raw/fp-53430067aac0/GSE309595_family.soft.gz		!Sample_characteristics_ch1 = tissue: Blood	True
GSM9270155	geo:GSE309595:GSM9270155	tissue_type	tissue	file	raw/fp-53430067aac0/GSE309595_family.soft.gz		!Sample_characteristics_ch1 = cell type: PBMC	True
GSM9270155	geo:GSE309595:GSM9270155	suspension_type	cell	file	raw/fp-53430067aac0/GSE309595_family.soft.gz		single cell gene expression assay with Cell Hashing	True
GSM9270155	geo:GSE309595:GSM9270155	suspension_type	cell	file	raw/fp-53430067aac0/GSE309595_family.soft.gz		PBMCs were removed from liquid nitrogen and rapidly thawed in a 37	True
GSM9270155	geo:GSE309595:GSM9270155	gene_annotation_version	Ensembl v93	file	raw/fp-53430067aac0/GSE309595_family.soft.gz		refdata-cellranger-GRCh38-3.0.0; based on the GRCh38 genome reference and Ensembl v93 transcriptome annotations	True
GSM9270155	geo:GSE309595:GSM9270155	assay	10x 3' transcription profiling	file	raw/fp-53430067aac0/GSE309595_family.soft.gz		scRNAseq libraries were generated using a modified 10x genomics chromium 3′ single cell gene expression assay with Cell Hashing.	True
GSM9270155	geo:GSE309595:GSM9270155	self_reported_ethnicity	Caucasian	file	raw/fp-53430067aac0/GSE309595_family.soft.gz		!Sample_characteristics_ch1 = race: Caucasian	True
GSM9270155	geo:GSE309595:GSM9270155	disease_free_text	multiple myeloma	file	raw/fp-53430067aac0/GSE309595_family.soft.gz		Multiple myeloma (MM) is a hematological malignancy characterized by an expansion of malignant plasma cells in the bone marrow.	True
GSM9270155	geo:GSE309595:GSM9270155	disease_free_text	multiple myeloma	file	raw/fp-53430067aac0/GSE309595_family.soft.gz		!Sample_characteristics_ch1 = subject id: FH1017	True
GSM9270155	geo:GSE309595:GSM9270155	disease_free_text	multiple myeloma	file	raw/fp-53430067aac0/GSE309595_family.soft.gz		!Sample_characteristics_ch1 = visit: MM Post Transplant 2 year	True
GSM9270155	geo:GSE309595:GSM9270155	disease_free_text	multiple myeloma	file	raw/fp-53430067aac0/GSE309595_family.soft.gz		A cohort of patients aged 30 and older with newly diagnosed MM requiring systemic therapy was enrolled in Seattle, WA	True
GSM9270156	geo:GSE309595:GSM9270156	donor_id	FH1028	file	raw/fp-53430067aac0/GSE309595_family.soft.gz		!Sample_characteristics_ch1 = subject id: FH1028	True
GSM9270156	geo:GSE309595:GSM9270156	sex	male	file	raw/fp-53430067aac0/GSE309595_family.soft.gz		!Sample_characteristics_ch1 = Sex: Male	True
GSM9270156	geo:GSE309595:GSM9270156	tissue_free_text	Blood	file	raw/fp-53430067aac0/GSE309595_family.soft.gz		!Sample_characteristics_ch1 = tissue: Blood	True
GSM9270156	geo:GSE309595:GSM9270156	tissue_type	tissue	file	raw/fp-53430067aac0/GSE309595_family.soft.gz		!Sample_characteristics_ch1 = tissue: Blood	True
GSM9270156	geo:GSE309595:GSM9270156	tissue_type	tissue	file	raw/fp-53430067aac0/GSE309595_family.soft.gz		!Sample_characteristics_ch1 = cell type: PBMC	True
GSM9270156	geo:GSE309595:GSM9270156	suspension_type	cell	file	raw/fp-53430067aac0/GSE309595_family.soft.gz		single cell gene expression assay with Cell Hashing	True
GSM9270156	geo:GSE309595:GSM9270156	suspension_type	cell	file	raw/fp-53430067aac0/GSE309595_family.soft.gz		PBMCs were removed from liquid nitrogen and rapidly thawed in a 37	True
GSM9270156	geo:GSE309595:GSM9270156	gene_annotation_version	Ensembl v93	file	raw/fp-53430067aac0/GSE309595_family.soft.gz		refdata-cellranger-GRCh38-3.0.0; based on the GRCh38 genome reference and Ensembl v93 transcriptome annotations	True
GSM9270156	geo:GSE309595:GSM9270156	assay	10x 3' transcription profiling	file	raw/fp-53430067aac0/GSE309595_family.soft.gz		scRNAseq libraries were generated using a modified 10x genomics chromium 3′ single cell gene expression assay with Cell Hashing.	True
GSM9270156	geo:GSE309595:GSM9270156	self_reported_ethnicity	Caucasian	file	raw/fp-53430067aac0/GSE309595_family.soft.gz		!Sample_characteristics_ch1 = race: Caucasian	True
GSM9270156	geo:GSE309595:GSM9270156	disease_free_text	multiple myeloma	file	raw/fp-53430067aac0/GSE309595_family.soft.gz		Multiple myeloma (MM) is a hematological malignancy characterized by an expansion of malignant plasma cells in the bone marrow.	True
GSM9270156	geo:GSE309595:GSM9270156	disease_free_text	multiple myeloma	file	raw/fp-53430067aac0/GSE309595_family.soft.gz		!Sample_characteristics_ch1 = subject id: FH1028	True
GSM9270156	geo:GSE309595:GSM9270156	disease_free_text	multiple myeloma	file	raw/fp-53430067aac0/GSE309595_family.soft.gz		!Sample_characteristics_ch1 = visit: MM Post Transplant 60 Days	True
GSM9270156	geo:GSE309595:GSM9270156	disease_free_text	multiple myeloma	file	raw/fp-53430067aac0/GSE309595_family.soft.gz		A cohort of patients aged 30 and older with newly diagnosed MM requiring systemic therapy was enrolled in Seattle, WA	True
GSM9270157	geo:GSE309595:GSM9270157	donor_id	FH2001	file	raw/fp-53430067aac0/GSE309595_family.soft.gz		!Sample_characteristics_ch1 = subject id: FH2001	True
GSM9270157	geo:GSE309595:GSM9270157	sex	male	file	raw/fp-53430067aac0/GSE309595_family.soft.gz		!Sample_characteristics_ch1 = Sex: Male	True
GSM9270157	geo:GSE309595:GSM9270157	tissue_free_text	Blood	file	raw/fp-53430067aac0/GSE309595_family.soft.gz		!Sample_characteristics_ch1 = tissue: Blood	True
GSM9270157	geo:GSE309595:GSM9270157	tissue_type	tissue	file	raw/fp-53430067aac0/GSE309595_family.soft.gz		!Sample_characteristics_ch1 = tissue: Blood	True
GSM9270157	geo:GSE309595:GSM9270157	tissue_type	tissue	file	raw/fp-53430067aac0/GSE309595_family.soft.gz		!Sample_characteristics_ch1 = cell type: PBMC	True
GSM9270157	geo:GSE309595:GSM9270157	suspension_type	cell	file	raw/fp-53430067aac0/GSE309595_family.soft.gz		single cell gene expression assay with Cell Hashing	True
GSM9270157	geo:GSE309595:GSM9270157	suspension_type	cell	file	raw/fp-53430067aac0/GSE309595_family.soft.gz		PBMCs were removed from liquid nitrogen and rapidly thawed in a 37	True
GSM9270157	geo:GSE309595:GSM9270157	gene_annotation_version	Ensembl v93	file	raw/fp-53430067aac0/GSE309595_family.soft.gz		refdata-cellranger-GRCh38-3.0.0; based on the GRCh38 genome reference and Ensembl v93 transcriptome annotations	True
GSM9270157	geo:GSE309595:GSM9270157	assay	10x 3' transcription profiling	file	raw/fp-53430067aac0/GSE309595_family.soft.gz		scRNAseq libraries were generated using a modified 10x genomics chromium 3′ single cell gene expression assay with Cell Hashing.	True
GSM9270157	geo:GSE309595:GSM9270157	self_reported_ethnicity	Caucasian	file	raw/fp-53430067aac0/GSE309595_family.soft.gz		!Sample_characteristics_ch1 = race: Caucasian	True
GSM9270157	geo:GSE309595:GSM9270157	disease_free_text	multiple myeloma	file	raw/fp-53430067aac0/GSE309595_family.soft.gz		Multiple myeloma (MM) is a hematological malignancy characterized by an expansion of malignant plasma cells in the bone marrow.	True
GSM9270157	geo:GSE309595:GSM9270157	disease_free_text	multiple myeloma	file	raw/fp-53430067aac0/GSE309595_family.soft.gz		!Sample_characteristics_ch1 = subject id: FH2001	True
GSM9270157	geo:GSE309595:GSM9270157	disease_free_text	multiple myeloma	file	raw/fp-53430067aac0/GSE309595_family.soft.gz		!Sample_characteristics_ch1 = visit: MM CD38 Pre-treatment	True
GSM9270157	geo:GSE309595:GSM9270157	disease_free_text	multiple myeloma	file	raw/fp-53430067aac0/GSE309595_family.soft.gz		A second cohort of patients over the age of 30 with suspected refractory MM receiving anti-CD38 MAb therapy were enrolled in Seattle, WA.	True
GSM9270158	geo:GSE309595:GSM9270158	donor_id	FH2001	file	raw/fp-53430067aac0/GSE309595_family.soft.gz		!Sample_characteristics_ch1 = subject id: FH2001	True
GSM9270158	geo:GSE309595:GSM9270158	sex	male	file	raw/fp-53430067aac0/GSE309595_family.soft.gz		!Sample_characteristics_ch1 = Sex: Male	True
GSM9270158	geo:GSE309595:GSM9270158	tissue_free_text	Blood	file	raw/fp-53430067aac0/GSE309595_family.soft.gz		!Sample_characteristics_ch1 = tissue: Blood	True
GSM9270158	geo:GSE309595:GSM9270158	tissue_type	tissue	file	raw/fp-53430067aac0/GSE309595_family.soft.gz		!Sample_characteristics_ch1 = tissue: Blood	True
GSM9270158	geo:GSE309595:GSM9270158	tissue_type	tissue	file	raw/fp-53430067aac0/GSE309595_family.soft.gz		!Sample_characteristics_ch1 = cell type: PBMC	True
GSM9270158	geo:GSE309595:GSM9270158	suspension_type	cell	file	raw/fp-53430067aac0/GSE309595_family.soft.gz		single cell gene expression assay with Cell Hashing	True
GSM9270158	geo:GSE309595:GSM9270158	suspension_type	cell	file	raw/fp-53430067aac0/GSE309595_family.soft.gz		PBMCs were removed from liquid nitrogen and rapidly thawed in a 37	True
GSM9270158	geo:GSE309595:GSM9270158	gene_annotation_version	Ensembl v93	file	raw/fp-53430067aac0/GSE309595_family.soft.gz		refdata-cellranger-GRCh38-3.0.0; based on the GRCh38 genome reference and Ensembl v93 transcriptome annotations	True
GSM9270158	geo:GSE309595:GSM9270158	assay	10x 3' transcription profiling	file	raw/fp-53430067aac0/GSE309595_family.soft.gz		scRNAseq libraries were generated using a modified 10x genomics chromium 3′ single cell gene expression assay with Cell Hashing.	True
GSM9270158	geo:GSE309595:GSM9270158	self_reported_ethnicity	Caucasian	file	raw/fp-53430067aac0/GSE309595_family.soft.gz		!Sample_characteristics_ch1 = race: Caucasian	True
GSM9270158	geo:GSE309595:GSM9270158	disease_free_text	multiple myeloma	file	raw/fp-53430067aac0/GSE309595_family.soft.gz		Multiple myeloma (MM) is a hematological malignancy characterized by an expansion of malignant plasma cells in the bone marrow.	True
GSM9270158	geo:GSE309595:GSM9270158	disease_free_text	multiple myeloma	file	raw/fp-53430067aac0/GSE309595_family.soft.gz		!Sample_characteristics_ch1 = subject id: FH2001	True
GSM9270158	geo:GSE309595:GSM9270158	disease_free_text	multiple myeloma	file	raw/fp-53430067aac0/GSE309595_family.soft.gz		!Sample_characteristics_ch1 = visit: MM CD38 2 weeks	True
GSM9270158	geo:GSE309595:GSM9270158	disease_free_text	multiple myeloma	file	raw/fp-53430067aac0/GSE309595_family.soft.gz		A second cohort of patients over the age of 30 with suspected refractory MM receiving anti-CD38 MAb therapy were enrolled in Seattle, WA.	True
GSM9270159	geo:GSE309595:GSM9270159	donor_id	FH2001	file	raw/fp-53430067aac0/GSE309595_family.soft.gz		!Sample_characteristics_ch1 = subject id: FH2001	True
GSM9270159	geo:GSE309595:GSM9270159	sex	male	file	raw/fp-53430067aac0/GSE309595_family.soft.gz		!Sample_characteristics_ch1 = Sex: Male	True
GSM9270159	geo:GSE309595:GSM9270159	tissue_free_text	Blood	file	raw/fp-53430067aac0/GSE309595_family.soft.gz		!Sample_characteristics_ch1 = tissue: Blood	True
GSM9270159	geo:GSE309595:GSM9270159	tissue_type	tissue	file	raw/fp-53430067aac0/GSE309595_family.soft.gz		!Sample_characteristics_ch1 = tissue: Blood	True
GSM9270159	geo:GSE309595:GSM9270159	tissue_type	tissue	file	raw/fp-53430067aac0/GSE309595_family.soft.gz		!Sample_characteristics_ch1 = cell type: PBMC	True
GSM9270159	geo:GSE309595:GSM9270159	suspension_type	cell	file	raw/fp-53430067aac0/GSE309595_family.soft.gz		single cell gene expression assay with Cell Hashing	True
GSM9270159	geo:GSE309595:GSM9270159	suspension_type	cell	file	raw/fp-53430067aac0/GSE309595_family.soft.gz		PBMCs were removed from liquid nitrogen and rapidly thawed in a 37	True
GSM9270159	geo:GSE309595:GSM9270159	gene_annotation_version	Ensembl v93	file	raw/fp-53430067aac0/GSE309595_family.soft.gz		refdata-cellranger-GRCh38-3.0.0; based on the GRCh38 genome reference and Ensembl v93 transcriptome annotations	True
GSM9270159	geo:GSE309595:GSM9270159	assay	10x 3' transcription profiling	file	raw/fp-53430067aac0/GSE309595_family.soft.gz		scRNAseq libraries were generated using a modified 10x genomics chromium 3′ single cell gene expression assay with Cell Hashing.	True
GSM9270159	geo:GSE309595:GSM9270159	self_reported_ethnicity	Caucasian	file	raw/fp-53430067aac0/GSE309595_family.soft.gz		!Sample_characteristics_ch1 = race: Caucasian	True
GSM9270159	geo:GSE309595:GSM9270159	disease_free_text	multiple myeloma	file	raw/fp-53430067aac0/GSE309595_family.soft.gz		Multiple myeloma (MM) is a hematological malignancy characterized by an expansion of malignant plasma cells in the bone marrow.	True
GSM9270159	geo:GSE309595:GSM9270159	disease_free_text	multiple myeloma	file	raw/fp-53430067aac0/GSE309595_family.soft.gz		!Sample_characteristics_ch1 = subject id: FH2001	True
GSM9270159	geo:GSE309595:GSM9270159	disease_free_text	multiple myeloma	file	raw/fp-53430067aac0/GSE309595_family.soft.gz		!Sample_characteristics_ch1 = visit: MM CD38 4 weeks	True
GSM9270159	geo:GSE309595:GSM9270159	disease_free_text	multiple myeloma	file	raw/fp-53430067aac0/GSE309595_family.soft.gz		A second cohort of patients over the age of 30 with suspected refractory MM receiving anti-CD38 MAb therapy were enrolled in Seattle, WA.	True
GSM9270160	geo:GSE309595:GSM9270160	donor_id	FH2001	file	raw/fp-53430067aac0/GSE309595_family.soft.gz		!Sample_characteristics_ch1 = subject id: FH2001	True
GSM9270160	geo:GSE309595:GSM9270160	sex	male	file	raw/fp-53430067aac0/GSE309595_family.soft.gz		!Sample_characteristics_ch1 = Sex: Male	True
GSM9270160	geo:GSE309595:GSM9270160	tissue_free_text	Blood	file	raw/fp-53430067aac0/GSE309595_family.soft.gz		!Sample_characteristics_ch1 = tissue: Blood	True
GSM9270160	geo:GSE309595:GSM9270160	tissue_type	tissue	file	raw/fp-53430067aac0/GSE309595_family.soft.gz		!Sample_characteristics_ch1 = tissue: Blood	True
GSM9270160	geo:GSE309595:GSM9270160	tissue_type	tissue	file	raw/fp-53430067aac0/GSE309595_family.soft.gz		!Sample_characteristics_ch1 = cell type: PBMC	True
GSM9270160	geo:GSE309595:GSM9270160	suspension_type	cell	file	raw/fp-53430067aac0/GSE309595_family.soft.gz		single cell gene expression assay with Cell Hashing	True
GSM9270160	geo:GSE309595:GSM9270160	suspension_type	cell	file	raw/fp-53430067aac0/GSE309595_family.soft.gz		PBMCs were removed from liquid nitrogen and rapidly thawed in a 37	True
GSM9270160	geo:GSE309595:GSM9270160	gene_annotation_version	Ensembl v93	file	raw/fp-53430067aac0/GSE309595_family.soft.gz		refdata-cellranger-GRCh38-3.0.0; based on the GRCh38 genome reference and Ensembl v93 transcriptome annotations	True
GSM9270160	geo:GSE309595:GSM9270160	assay	10x 3' transcription profiling	file	raw/fp-53430067aac0/GSE309595_family.soft.gz		scRNAseq libraries were generated using a modified 10x genomics chromium 3′ single cell gene expression assay with Cell Hashing.	True
GSM9270160	geo:GSE309595:GSM9270160	self_reported_ethnicity	Caucasian	file	raw/fp-53430067aac0/GSE309595_family.soft.gz		!Sample_characteristics_ch1 = race: Caucasian	True
GSM9270160	geo:GSE309595:GSM9270160	disease_free_text	multiple myeloma	file	raw/fp-53430067aac0/GSE309595_family.soft.gz		Multiple myeloma (MM) is a hematological malignancy characterized by an expansion of malignant plasma cells in the bone marrow.	True
GSM9270160	geo:GSE309595:GSM9270160	disease_free_text	multiple myeloma	file	raw/fp-53430067aac0/GSE309595_family.soft.gz		!Sample_characteristics_ch1 = subject id: FH2001	True
GSM9270160	geo:GSE309595:GSM9270160	disease_free_text	multiple myeloma	file	raw/fp-53430067aac0/GSE309595_family.soft.gz		!Sample_characteristics_ch1 = visit: MM CD38 6 weeks	True
GSM9270160	geo:GSE309595:GSM9270160	disease_free_text	multiple myeloma	file	raw/fp-53430067aac0/GSE309595_family.soft.gz		A second cohort of patients over the age of 30 with suspected refractory MM receiving anti-CD38 MAb therapy were enrolled in Seattle, WA.	True
GSM9270161	geo:GSE309595:GSM9270161	donor_id	FH2001	file	raw/fp-53430067aac0/GSE309595_family.soft.gz		!Sample_characteristics_ch1 = subject id: FH2001	True
GSM9270161	geo:GSE309595:GSM9270161	sex	male	file	raw/fp-53430067aac0/GSE309595_family.soft.gz		!Sample_characteristics_ch1 = Sex: Male	True
GSM9270161	geo:GSE309595:GSM9270161	tissue_free_text	Blood	file	raw/fp-53430067aac0/GSE309595_family.soft.gz		!Sample_characteristics_ch1 = tissue: Blood	True
GSM9270161	geo:GSE309595:GSM9270161	tissue_type	tissue	file	raw/fp-53430067aac0/GSE309595_family.soft.gz		!Sample_characteristics_ch1 = tissue: Blood	True
GSM9270161	geo:GSE309595:GSM9270161	tissue_type	tissue	file	raw/fp-53430067aac0/GSE309595_family.soft.gz		!Sample_characteristics_ch1 = cell type: PBMC	True
GSM9270161	geo:GSE309595:GSM9270161	suspension_type	cell	file	raw/fp-53430067aac0/GSE309595_family.soft.gz		single cell gene expression assay with Cell Hashing	True
GSM9270161	geo:GSE309595:GSM9270161	suspension_type	cell	file	raw/fp-53430067aac0/GSE309595_family.soft.gz		PBMCs were removed from liquid nitrogen and rapidly thawed in a 37	True
GSM9270161	geo:GSE309595:GSM9270161	gene_annotation_version	Ensembl v93	file	raw/fp-53430067aac0/GSE309595_family.soft.gz		refdata-cellranger-GRCh38-3.0.0; based on the GRCh38 genome reference and Ensembl v93 transcriptome annotations	True
GSM9270161	geo:GSE309595:GSM9270161	assay	10x 3' transcription profiling	file	raw/fp-53430067aac0/GSE309595_family.soft.gz		scRNAseq libraries were generated using a modified 10x genomics chromium 3′ single cell gene expression assay with Cell Hashing.	True
GSM9270161	geo:GSE309595:GSM9270161	self_reported_ethnicity	Caucasian	file	raw/fp-53430067aac0/GSE309595_family.soft.gz		!Sample_characteristics_ch1 = race: Caucasian	True
GSM9270161	geo:GSE309595:GSM9270161	disease_free_text	multiple myeloma	file	raw/fp-53430067aac0/GSE309595_family.soft.gz		Multiple myeloma (MM) is a hematological malignancy characterized by an expansion of malignant plasma cells in the bone marrow.	True
GSM9270161	geo:GSE309595:GSM9270161	disease_free_text	multiple myeloma	file	raw/fp-53430067aac0/GSE309595_family.soft.gz		!Sample_characteristics_ch1 = subject id: FH2001	True
GSM9270161	geo:GSE309595:GSM9270161	disease_free_text	multiple myeloma	file	raw/fp-53430067aac0/GSE309595_family.soft.gz		!Sample_characteristics_ch1 = visit: MM CD38 8 weeks	True
GSM9270161	geo:GSE309595:GSM9270161	disease_free_text	multiple myeloma	file	raw/fp-53430067aac0/GSE309595_family.soft.gz		A second cohort of patients over the age of 30 with suspected refractory MM receiving anti-CD38 MAb therapy were enrolled in Seattle, WA.	True
GSM9270162	geo:GSE309595:GSM9270162	donor_id	FH2001	file	raw/fp-53430067aac0/GSE309595_family.soft.gz		!Sample_characteristics_ch1 = subject id: FH2001	True
GSM9270162	geo:GSE309595:GSM9270162	sex	male	file	raw/fp-53430067aac0/GSE309595_family.soft.gz		!Sample_characteristics_ch1 = Sex: Male	True
GSM9270162	geo:GSE309595:GSM9270162	tissue_free_text	Blood	file	raw/fp-53430067aac0/GSE309595_family.soft.gz		!Sample_characteristics_ch1 = tissue: Blood	True
GSM9270162	geo:GSE309595:GSM9270162	tissue_type	tissue	file	raw/fp-53430067aac0/GSE309595_family.soft.gz		!Sample_characteristics_ch1 = tissue: Blood	True
GSM9270162	geo:GSE309595:GSM9270162	tissue_type	tissue	file	raw/fp-53430067aac0/GSE309595_family.soft.gz		!Sample_characteristics_ch1 = cell type: PBMC	True
GSM9270162	geo:GSE309595:GSM9270162	suspension_type	cell	file	raw/fp-53430067aac0/GSE309595_family.soft.gz		single cell gene expression assay with Cell Hashing	True
GSM9270162	geo:GSE309595:GSM9270162	suspension_type	cell	file	raw/fp-53430067aac0/GSE309595_family.soft.gz		PBMCs were removed from liquid nitrogen and rapidly thawed in a 37	True
GSM9270162	geo:GSE309595:GSM9270162	gene_annotation_version	Ensembl v93	file	raw/fp-53430067aac0/GSE309595_family.soft.gz		refdata-cellranger-GRCh38-3.0.0; based on the GRCh38 genome reference and Ensembl v93 transcriptome annotations	True
GSM9270162	geo:GSE309595:GSM9270162	assay	10x 3' transcription profiling	file	raw/fp-53430067aac0/GSE309595_family.soft.gz		scRNAseq libraries were generated using a modified 10x genomics chromium 3′ single cell gene expression assay with Cell Hashing.	True
GSM9270162	geo:GSE309595:GSM9270162	self_reported_ethnicity	Caucasian	file	raw/fp-53430067aac0/GSE309595_family.soft.gz		!Sample_characteristics_ch1 = race: Caucasian	True
GSM9270162	geo:GSE309595:GSM9270162	disease_free_text	multiple myeloma	file	raw/fp-53430067aac0/GSE309595_family.soft.gz		Multiple myeloma (MM) is a hematological malignancy characterized by an expansion of malignant plasma cells in the bone marrow.	True
GSM9270162	geo:GSE309595:GSM9270162	disease_free_text	multiple myeloma	file	raw/fp-53430067aac0/GSE309595_family.soft.gz		!Sample_characteristics_ch1 = subject id: FH2001	True
GSM9270162	geo:GSE309595:GSM9270162	disease_free_text	multiple myeloma	file	raw/fp-53430067aac0/GSE309595_family.soft.gz		!Sample_characteristics_ch1 = visit: MM CD38 4 months	True
GSM9270162	geo:GSE309595:GSM9270162	disease_free_text	multiple myeloma	file	raw/fp-53430067aac0/GSE309595_family.soft.gz		A second cohort of patients over the age of 30 with suspected refractory MM receiving anti-CD38 MAb therapy were enrolled in Seattle, WA.	True
GSM9270163	geo:GSE309595:GSM9270163	donor_id	FH2003	file	raw/fp-53430067aac0/GSE309595_family.soft.gz		!Sample_characteristics_ch1 = subject id: FH2003	True
GSM9270163	geo:GSE309595:GSM9270163	sex	male	file	raw/fp-53430067aac0/GSE309595_family.soft.gz		!Sample_characteristics_ch1 = Sex: Male	True
GSM9270163	geo:GSE309595:GSM9270163	tissue_free_text	Blood	file	raw/fp-53430067aac0/GSE309595_family.soft.gz		!Sample_characteristics_ch1 = tissue: Blood	True
GSM9270163	geo:GSE309595:GSM9270163	tissue_type	tissue	file	raw/fp-53430067aac0/GSE309595_family.soft.gz		!Sample_characteristics_ch1 = tissue: Blood	True
GSM9270163	geo:GSE309595:GSM9270163	tissue_type	tissue	file	raw/fp-53430067aac0/GSE309595_family.soft.gz		!Sample_characteristics_ch1 = cell type: PBMC	True
GSM9270163	geo:GSE309595:GSM9270163	suspension_type	cell	file	raw/fp-53430067aac0/GSE309595_family.soft.gz		single cell gene expression assay with Cell Hashing	True
GSM9270163	geo:GSE309595:GSM9270163	suspension_type	cell	file	raw/fp-53430067aac0/GSE309595_family.soft.gz		PBMCs were removed from liquid nitrogen and rapidly thawed in a 37	True
GSM9270163	geo:GSE309595:GSM9270163	gene_annotation_version	Ensembl v93	file	raw/fp-53430067aac0/GSE309595_family.soft.gz		refdata-cellranger-GRCh38-3.0.0; based on the GRCh38 genome reference and Ensembl v93 transcriptome annotations	True
GSM9270163	geo:GSE309595:GSM9270163	assay	10x 3' transcription profiling	file	raw/fp-53430067aac0/GSE309595_family.soft.gz		scRNAseq libraries were generated using a modified 10x genomics chromium 3′ single cell gene expression assay with Cell Hashing.	True
GSM9270163	geo:GSE309595:GSM9270163	self_reported_ethnicity	Caucasian	file	raw/fp-53430067aac0/GSE309595_family.soft.gz		!Sample_characteristics_ch1 = race: Caucasian	True
GSM9270163	geo:GSE309595:GSM9270163	disease_free_text	multiple myeloma	file	raw/fp-53430067aac0/GSE309595_family.soft.gz		Multiple myeloma (MM) is a hematological malignancy characterized by an expansion of malignant plasma cells in the bone marrow.	True
GSM9270163	geo:GSE309595:GSM9270163	disease_free_text	multiple myeloma	file	raw/fp-53430067aac0/GSE309595_family.soft.gz		!Sample_characteristics_ch1 = subject id: FH2003	True
GSM9270163	geo:GSE309595:GSM9270163	disease_free_text	multiple myeloma	file	raw/fp-53430067aac0/GSE309595_family.soft.gz		!Sample_characteristics_ch1 = visit: MM CD38 Pre-treatment	True
GSM9270163	geo:GSE309595:GSM9270163	disease_free_text	multiple myeloma	file	raw/fp-53430067aac0/GSE309595_family.soft.gz		A second cohort of patients over the age of 30 with suspected refractory MM receiving anti-CD38 MAb therapy were enrolled in Seattle, WA.	True
GSM9270164	geo:GSE309595:GSM9270164	donor_id	FH2001	file	raw/fp-53430067aac0/GSE309595_family.soft.gz		!Sample_characteristics_ch1 = subject id: FH2001	True
GSM9270164	geo:GSE309595:GSM9270164	sex	male	file	raw/fp-53430067aac0/GSE309595_family.soft.gz		!Sample_characteristics_ch1 = Sex: Male	True
GSM9270164	geo:GSE309595:GSM9270164	tissue_free_text	Blood	file	raw/fp-53430067aac0/GSE309595_family.soft.gz		!Sample_characteristics_ch1 = tissue: Blood	True
GSM9270164	geo:GSE309595:GSM9270164	tissue_type	tissue	file	raw/fp-53430067aac0/GSE309595_family.soft.gz		!Sample_characteristics_ch1 = tissue: Blood	True
GSM9270164	geo:GSE309595:GSM9270164	tissue_type	tissue	file	raw/fp-53430067aac0/GSE309595_family.soft.gz		!Sample_characteristics_ch1 = cell type: PBMC	True
GSM9270164	geo:GSE309595:GSM9270164	suspension_type	cell	file	raw/fp-53430067aac0/GSE309595_family.soft.gz		single cell gene expression assay with Cell Hashing	True
GSM9270164	geo:GSE309595:GSM9270164	suspension_type	cell	file	raw/fp-53430067aac0/GSE309595_family.soft.gz		PBMCs were removed from liquid nitrogen and rapidly thawed in a 37	True
GSM9270164	geo:GSE309595:GSM9270164	gene_annotation_version	Ensembl v93	file	raw/fp-53430067aac0/GSE309595_family.soft.gz		refdata-cellranger-GRCh38-3.0.0; based on the GRCh38 genome reference and Ensembl v93 transcriptome annotations	True
GSM9270164	geo:GSE309595:GSM9270164	assay	10x 3' transcription profiling	file	raw/fp-53430067aac0/GSE309595_family.soft.gz		scRNAseq libraries were generated using a modified 10x genomics chromium 3′ single cell gene expression assay with Cell Hashing.	True
GSM9270164	geo:GSE309595:GSM9270164	self_reported_ethnicity	Caucasian	file	raw/fp-53430067aac0/GSE309595_family.soft.gz		!Sample_characteristics_ch1 = race: Caucasian	True
GSM9270164	geo:GSE309595:GSM9270164	disease_free_text	multiple myeloma	file	raw/fp-53430067aac0/GSE309595_family.soft.gz		Multiple myeloma (MM) is a hematological malignancy characterized by an expansion of malignant plasma cells in the bone marrow.	True
GSM9270164	geo:GSE309595:GSM9270164	disease_free_text	multiple myeloma	file	raw/fp-53430067aac0/GSE309595_family.soft.gz		!Sample_characteristics_ch1 = subject id: FH2001	True
GSM9270164	geo:GSE309595:GSM9270164	disease_free_text	multiple myeloma	file	raw/fp-53430067aac0/GSE309595_family.soft.gz		!Sample_characteristics_ch1 = visit: MM CD38 6 months	True
GSM9270164	geo:GSE309595:GSM9270164	disease_free_text	multiple myeloma	file	raw/fp-53430067aac0/GSE309595_family.soft.gz		A second cohort of patients over the age of 30 with suspected refractory MM receiving anti-CD38 MAb therapy were enrolled in Seattle, WA.	True
GSM9270165	geo:GSE309595:GSM9270165	donor_id	FH2003	file	raw/fp-53430067aac0/GSE309595_family.soft.gz		!Sample_characteristics_ch1 = subject id: FH2003	True
GSM9270165	geo:GSE309595:GSM9270165	sex	male	file	raw/fp-53430067aac0/GSE309595_family.soft.gz		!Sample_characteristics_ch1 = Sex: Male	True
GSM9270165	geo:GSE309595:GSM9270165	tissue_free_text	Blood	file	raw/fp-53430067aac0/GSE309595_family.soft.gz		!Sample_characteristics_ch1 = tissue: Blood	True
GSM9270165	geo:GSE309595:GSM9270165	tissue_type	tissue	file	raw/fp-53430067aac0/GSE309595_family.soft.gz		!Sample_characteristics_ch1 = tissue: Blood	True
GSM9270165	geo:GSE309595:GSM9270165	tissue_type	tissue	file	raw/fp-53430067aac0/GSE309595_family.soft.gz		!Sample_characteristics_ch1 = cell type: PBMC	True
GSM9270165	geo:GSE309595:GSM9270165	suspension_type	cell	file	raw/fp-53430067aac0/GSE309595_family.soft.gz		single cell gene expression assay with Cell Hashing	True
GSM9270165	geo:GSE309595:GSM9270165	suspension_type	cell	file	raw/fp-53430067aac0/GSE309595_family.soft.gz		PBMCs were removed from liquid nitrogen and rapidly thawed in a 37	True
GSM9270165	geo:GSE309595:GSM9270165	gene_annotation_version	Ensembl v93	file	raw/fp-53430067aac0/GSE309595_family.soft.gz		refdata-cellranger-GRCh38-3.0.0; based on the GRCh38 genome reference and Ensembl v93 transcriptome annotations	True
GSM9270165	geo:GSE309595:GSM9270165	assay	10x 3' transcription profiling	file	raw/fp-53430067aac0/GSE309595_family.soft.gz		scRNAseq libraries were generated using a modified 10x genomics chromium 3′ single cell gene expression assay with Cell Hashing.	True
GSM9270165	geo:GSE309595:GSM9270165	self_reported_ethnicity	Caucasian	file	raw/fp-53430067aac0/GSE309595_family.soft.gz		!Sample_characteristics_ch1 = race: Caucasian	True
GSM9270165	geo:GSE309595:GSM9270165	disease_free_text	multiple myeloma	file	raw/fp-53430067aac0/GSE309595_family.soft.gz		Multiple myeloma (MM) is a hematological malignancy characterized by an expansion of malignant plasma cells in the bone marrow.	True
GSM9270165	geo:GSE309595:GSM9270165	disease_free_text	multiple myeloma	file	raw/fp-53430067aac0/GSE309595_family.soft.gz		!Sample_characteristics_ch1 = subject id: FH2003	True
GSM9270165	geo:GSE309595:GSM9270165	disease_free_text	multiple myeloma	file	raw/fp-53430067aac0/GSE309595_family.soft.gz		!Sample_characteristics_ch1 = visit: MM CD38 2 weeks	True
GSM9270165	geo:GSE309595:GSM9270165	disease_free_text	multiple myeloma	file	raw/fp-53430067aac0/GSE309595_family.soft.gz		A second cohort of patients over the age of 30 with suspected refractory MM receiving anti-CD38 MAb therapy were enrolled in Seattle, WA.	True
GSM9270166	geo:GSE309595:GSM9270166	donor_id	FH2004	file	raw/fp-53430067aac0/GSE309595_family.soft.gz		!Sample_characteristics_ch1 = subject id: FH2004	True
GSM9270166	geo:GSE309595:GSM9270166	sex	female	file	raw/fp-53430067aac0/GSE309595_family.soft.gz		!Sample_characteristics_ch1 = Sex: Female	True
GSM9270166	geo:GSE309595:GSM9270166	tissue_free_text	Blood	file	raw/fp-53430067aac0/GSE309595_family.soft.gz		!Sample_characteristics_ch1 = tissue: Blood	True
GSM9270166	geo:GSE309595:GSM9270166	tissue_type	tissue	file	raw/fp-53430067aac0/GSE309595_family.soft.gz		!Sample_characteristics_ch1 = tissue: Blood	True
GSM9270166	geo:GSE309595:GSM9270166	tissue_type	tissue	file	raw/fp-53430067aac0/GSE309595_family.soft.gz		!Sample_characteristics_ch1 = cell type: PBMC	True
GSM9270166	geo:GSE309595:GSM9270166	suspension_type	cell	file	raw/fp-53430067aac0/GSE309595_family.soft.gz		single cell gene expression assay with Cell Hashing	True
GSM9270166	geo:GSE309595:GSM9270166	suspension_type	cell	file	raw/fp-53430067aac0/GSE309595_family.soft.gz		PBMCs were removed from liquid nitrogen and rapidly thawed in a 37	True
GSM9270166	geo:GSE309595:GSM9270166	gene_annotation_version	Ensembl v93	file	raw/fp-53430067aac0/GSE309595_family.soft.gz		refdata-cellranger-GRCh38-3.0.0; based on the GRCh38 genome reference and Ensembl v93 transcriptome annotations	True
GSM9270166	geo:GSE309595:GSM9270166	assay	10x 3' transcription profiling	file	raw/fp-53430067aac0/GSE309595_family.soft.gz		scRNAseq libraries were generated using a modified 10x genomics chromium 3′ single cell gene expression assay with Cell Hashing.	True
GSM9270166	geo:GSE309595:GSM9270166	self_reported_ethnicity	Caucasian	file	raw/fp-53430067aac0/GSE309595_family.soft.gz		!Sample_characteristics_ch1 = race: Caucasian	True
GSM9270166	geo:GSE309595:GSM9270166	disease_free_text	multiple myeloma	file	raw/fp-53430067aac0/GSE309595_family.soft.gz		Multiple myeloma (MM) is a hematological malignancy characterized by an expansion of malignant plasma cells in the bone marrow.	True
GSM9270166	geo:GSE309595:GSM9270166	disease_free_text	multiple myeloma	file	raw/fp-53430067aac0/GSE309595_family.soft.gz		!Sample_characteristics_ch1 = subject id: FH2004	True
GSM9270166	geo:GSE309595:GSM9270166	disease_free_text	multiple myeloma	file	raw/fp-53430067aac0/GSE309595_family.soft.gz		!Sample_characteristics_ch1 = visit: MM CD38 Pre-treatment	True
GSM9270166	geo:GSE309595:GSM9270166	disease_free_text	multiple myeloma	file	raw/fp-53430067aac0/GSE309595_family.soft.gz		A second cohort of patients over the age of 30 with suspected refractory MM receiving anti-CD38 MAb therapy were enrolled in Seattle, WA.	True
GSM9270167	geo:GSE309595:GSM9270167	donor_id	FH2005	file	raw/fp-53430067aac0/GSE309595_family.soft.gz		!Sample_characteristics_ch1 = subject id: FH2005	True
GSM9270167	geo:GSE309595:GSM9270167	sex	female	file	raw/fp-53430067aac0/GSE309595_family.soft.gz		!Sample_characteristics_ch1 = Sex: Female	True
GSM9270167	geo:GSE309595:GSM9270167	tissue_free_text	Blood	file	raw/fp-53430067aac0/GSE309595_family.soft.gz		!Sample_characteristics_ch1 = tissue: Blood	True
GSM9270167	geo:GSE309595:GSM9270167	tissue_type	tissue	file	raw/fp-53430067aac0/GSE309595_family.soft.gz		!Sample_characteristics_ch1 = tissue: Blood	True
GSM9270167	geo:GSE309595:GSM9270167	tissue_type	tissue	file	raw/fp-53430067aac0/GSE309595_family.soft.gz		!Sample_characteristics_ch1 = cell type: PBMC	True
GSM9270167	geo:GSE309595:GSM9270167	suspension_type	cell	file	raw/fp-53430067aac0/GSE309595_family.soft.gz		single cell gene expression assay with Cell Hashing	True
GSM9270167	geo:GSE309595:GSM9270167	suspension_type	cell	file	raw/fp-53430067aac0/GSE309595_family.soft.gz		PBMCs were removed from liquid nitrogen and rapidly thawed in a 37	True
GSM9270167	geo:GSE309595:GSM9270167	gene_annotation_version	Ensembl v93	file	raw/fp-53430067aac0/GSE309595_family.soft.gz		refdata-cellranger-GRCh38-3.0.0; based on the GRCh38 genome reference and Ensembl v93 transcriptome annotations	True
GSM9270167	geo:GSE309595:GSM9270167	assay	10x 3' transcription profiling	file	raw/fp-53430067aac0/GSE309595_family.soft.gz		scRNAseq libraries were generated using a modified 10x genomics chromium 3′ single cell gene expression assay with Cell Hashing.	True
GSM9270167	geo:GSE309595:GSM9270167	self_reported_ethnicity	Asian	file	raw/fp-53430067aac0/GSE309595_family.soft.gz		!Sample_characteristics_ch1 = race: Asian	True
GSM9270167	geo:GSE309595:GSM9270167	disease_free_text	multiple myeloma	file	raw/fp-53430067aac0/GSE309595_family.soft.gz		Multiple myeloma (MM) is a hematological malignancy characterized by an expansion of malignant plasma cells in the bone marrow.	True
GSM9270167	geo:GSE309595:GSM9270167	disease_free_text	multiple myeloma	file	raw/fp-53430067aac0/GSE309595_family.soft.gz		!Sample_characteristics_ch1 = subject id: FH2005	True
GSM9270167	geo:GSE309595:GSM9270167	disease_free_text	multiple myeloma	file	raw/fp-53430067aac0/GSE309595_family.soft.gz		!Sample_characteristics_ch1 = visit: MM CD38 Pre-treatment	True
GSM9270167	geo:GSE309595:GSM9270167	disease_free_text	multiple myeloma	file	raw/fp-53430067aac0/GSE309595_family.soft.gz		A second cohort of patients over the age of 30 with suspected refractory MM receiving anti-CD38 MAb therapy were enrolled in Seattle, WA.	True
GSM9270168	geo:GSE309595:GSM9270168	donor_id	FH2006	file	raw/fp-53430067aac0/GSE309595_family.soft.gz		!Sample_characteristics_ch1 = subject id: FH2006	True
GSM9270168	geo:GSE309595:GSM9270168	sex	female	file	raw/fp-53430067aac0/GSE309595_family.soft.gz		!Sample_characteristics_ch1 = Sex: Female	True
GSM9270168	geo:GSE309595:GSM9270168	tissue_free_text	Blood	file	raw/fp-53430067aac0/GSE309595_family.soft.gz		!Sample_characteristics_ch1 = tissue: Blood	True
GSM9270168	geo:GSE309595:GSM9270168	tissue_type	tissue	file	raw/fp-53430067aac0/GSE309595_family.soft.gz		!Sample_characteristics_ch1 = tissue: Blood	True
GSM9270168	geo:GSE309595:GSM9270168	tissue_type	tissue	file	raw/fp-53430067aac0/GSE309595_family.soft.gz		!Sample_characteristics_ch1 = cell type: PBMC	True
GSM9270168	geo:GSE309595:GSM9270168	suspension_type	cell	file	raw/fp-53430067aac0/GSE309595_family.soft.gz		single cell gene expression assay with Cell Hashing	True
GSM9270168	geo:GSE309595:GSM9270168	suspension_type	cell	file	raw/fp-53430067aac0/GSE309595_family.soft.gz		PBMCs were removed from liquid nitrogen and rapidly thawed in a 37	True
GSM9270168	geo:GSE309595:GSM9270168	gene_annotation_version	Ensembl v93	file	raw/fp-53430067aac0/GSE309595_family.soft.gz		refdata-cellranger-GRCh38-3.0.0; based on the GRCh38 genome reference and Ensembl v93 transcriptome annotations	True
GSM9270168	geo:GSE309595:GSM9270168	assay	10x 3' transcription profiling	file	raw/fp-53430067aac0/GSE309595_family.soft.gz		scRNAseq libraries were generated using a modified 10x genomics chromium 3′ single cell gene expression assay with Cell Hashing.	True
GSM9270168	geo:GSE309595:GSM9270168	disease_free_text	multiple myeloma	file	raw/fp-53430067aac0/GSE309595_family.soft.gz		Multiple myeloma (MM) is a hematological malignancy characterized by an expansion of malignant plasma cells in the bone marrow.	True
GSM9270168	geo:GSE309595:GSM9270168	disease_free_text	multiple myeloma	file	raw/fp-53430067aac0/GSE309595_family.soft.gz		!Sample_characteristics_ch1 = subject id: FH2006	True
GSM9270168	geo:GSE309595:GSM9270168	disease_free_text	multiple myeloma	file	raw/fp-53430067aac0/GSE309595_family.soft.gz		!Sample_characteristics_ch1 = visit: MM CD38 Pre-treatment	True
GSM9270168	geo:GSE309595:GSM9270168	disease_free_text	multiple myeloma	file	raw/fp-53430067aac0/GSE309595_family.soft.gz		A second cohort of patients over the age of 30 with suspected refractory MM receiving anti-CD38 MAb therapy were enrolled in Seattle, WA.	True
GSM9270169	geo:GSE309595:GSM9270169	donor_id	FH2005	file	raw/fp-53430067aac0/GSE309595_family.soft.gz		!Sample_characteristics_ch1 = subject id: FH2005	True
GSM9270169	geo:GSE309595:GSM9270169	sex	female	file	raw/fp-53430067aac0/GSE309595_family.soft.gz		!Sample_characteristics_ch1 = Sex: Female	True
GSM9270169	geo:GSE309595:GSM9270169	tissue_free_text	Blood	file	raw/fp-53430067aac0/GSE309595_family.soft.gz		!Sample_characteristics_ch1 = tissue: Blood	True
GSM9270169	geo:GSE309595:GSM9270169	tissue_type	tissue	file	raw/fp-53430067aac0/GSE309595_family.soft.gz		!Sample_characteristics_ch1 = tissue: Blood	True
GSM9270169	geo:GSE309595:GSM9270169	tissue_type	tissue	file	raw/fp-53430067aac0/GSE309595_family.soft.gz		!Sample_characteristics_ch1 = cell type: PBMC	True
GSM9270169	geo:GSE309595:GSM9270169	suspension_type	cell	file	raw/fp-53430067aac0/GSE309595_family.soft.gz		single cell gene expression assay with Cell Hashing	True
GSM9270169	geo:GSE309595:GSM9270169	suspension_type	cell	file	raw/fp-53430067aac0/GSE309595_family.soft.gz		PBMCs were removed from liquid nitrogen and rapidly thawed in a 37	True
GSM9270169	geo:GSE309595:GSM9270169	gene_annotation_version	Ensembl v93	file	raw/fp-53430067aac0/GSE309595_family.soft.gz		refdata-cellranger-GRCh38-3.0.0; based on the GRCh38 genome reference and Ensembl v93 transcriptome annotations	True
GSM9270169	geo:GSE309595:GSM9270169	assay	10x 3' transcription profiling	file	raw/fp-53430067aac0/GSE309595_family.soft.gz		scRNAseq libraries were generated using a modified 10x genomics chromium 3′ single cell gene expression assay with Cell Hashing.	True
GSM9270169	geo:GSE309595:GSM9270169	self_reported_ethnicity	Asian	file	raw/fp-53430067aac0/GSE309595_family.soft.gz		!Sample_characteristics_ch1 = race: Asian	True
GSM9270169	geo:GSE309595:GSM9270169	disease_free_text	multiple myeloma	file	raw/fp-53430067aac0/GSE309595_family.soft.gz		Multiple myeloma (MM) is a hematological malignancy characterized by an expansion of malignant plasma cells in the bone marrow.	True
GSM9270169	geo:GSE309595:GSM9270169	disease_free_text	multiple myeloma	file	raw/fp-53430067aac0/GSE309595_family.soft.gz		!Sample_characteristics_ch1 = subject id: FH2005	True
GSM9270169	geo:GSE309595:GSM9270169	disease_free_text	multiple myeloma	file	raw/fp-53430067aac0/GSE309595_family.soft.gz		!Sample_characteristics_ch1 = visit: MM CD38 2 weeks	True
GSM9270169	geo:GSE309595:GSM9270169	disease_free_text	multiple myeloma	file	raw/fp-53430067aac0/GSE309595_family.soft.gz		A second cohort of patients over the age of 30 with suspected refractory MM receiving anti-CD38 MAb therapy were enrolled in Seattle, WA.	True
GSM9270170	geo:GSE309595:GSM9270170	donor_id	FH2003	file	raw/fp-53430067aac0/GSE309595_family.soft.gz		!Sample_characteristics_ch1 = subject id: FH2003	True
GSM9270170	geo:GSE309595:GSM9270170	sex	male	file	raw/fp-53430067aac0/GSE309595_family.soft.gz		!Sample_characteristics_ch1 = Sex: Male	True
GSM9270170	geo:GSE309595:GSM9270170	tissue_free_text	Blood	file	raw/fp-53430067aac0/GSE309595_family.soft.gz		!Sample_characteristics_ch1 = tissue: Blood	True
GSM9270170	geo:GSE309595:GSM9270170	tissue_type	tissue	file	raw/fp-53430067aac0/GSE309595_family.soft.gz		!Sample_characteristics_ch1 = tissue: Blood	True
GSM9270170	geo:GSE309595:GSM9270170	tissue_type	tissue	file	raw/fp-53430067aac0/GSE309595_family.soft.gz		!Sample_characteristics_ch1 = cell type: PBMC	True
GSM9270170	geo:GSE309595:GSM9270170	suspension_type	cell	file	raw/fp-53430067aac0/GSE309595_family.soft.gz		single cell gene expression assay with Cell Hashing	True
GSM9270170	geo:GSE309595:GSM9270170	suspension_type	cell	file	raw/fp-53430067aac0/GSE309595_family.soft.gz		PBMCs were removed from liquid nitrogen and rapidly thawed in a 37	True
GSM9270170	geo:GSE309595:GSM9270170	gene_annotation_version	Ensembl v93	file	raw/fp-53430067aac0/GSE309595_family.soft.gz		refdata-cellranger-GRCh38-3.0.0; based on the GRCh38 genome reference and Ensembl v93 transcriptome annotations	True
GSM9270170	geo:GSE309595:GSM9270170	assay	10x 3' transcription profiling	file	raw/fp-53430067aac0/GSE309595_family.soft.gz		scRNAseq libraries were generated using a modified 10x genomics chromium 3′ single cell gene expression assay with Cell Hashing.	True
GSM9270170	geo:GSE309595:GSM9270170	self_reported_ethnicity	Caucasian	file	raw/fp-53430067aac0/GSE309595_family.soft.gz		!Sample_characteristics_ch1 = race: Caucasian	True
GSM9270170	geo:GSE309595:GSM9270170	disease_free_text	multiple myeloma	file	raw/fp-53430067aac0/GSE309595_family.soft.gz		Multiple myeloma (MM) is a hematological malignancy characterized by an expansion of malignant plasma cells in the bone marrow.	True
GSM9270170	geo:GSE309595:GSM9270170	disease_free_text	multiple myeloma	file	raw/fp-53430067aac0/GSE309595_family.soft.gz		!Sample_characteristics_ch1 = subject id: FH2003	True
GSM9270170	geo:GSE309595:GSM9270170	disease_free_text	multiple myeloma	file	raw/fp-53430067aac0/GSE309595_family.soft.gz		!Sample_characteristics_ch1 = visit: MM CD38 8 weeks	True
GSM9270170	geo:GSE309595:GSM9270170	disease_free_text	multiple myeloma	file	raw/fp-53430067aac0/GSE309595_family.soft.gz		A second cohort of patients over the age of 30 with suspected refractory MM receiving anti-CD38 MAb therapy were enrolled in Seattle, WA.	True
GSM9270171	geo:GSE309595:GSM9270171	donor_id	FH2004	file	raw/fp-53430067aac0/GSE309595_family.soft.gz		!Sample_characteristics_ch1 = subject id: FH2004	True
GSM9270171	geo:GSE309595:GSM9270171	sex	female	file	raw/fp-53430067aac0/GSE309595_family.soft.gz		!Sample_characteristics_ch1 = Sex: Female	True
GSM9270171	geo:GSE309595:GSM9270171	tissue_free_text	Blood	file	raw/fp-53430067aac0/GSE309595_family.soft.gz		!Sample_characteristics_ch1 = tissue: Blood	True
GSM9270171	geo:GSE309595:GSM9270171	tissue_type	tissue	file	raw/fp-53430067aac0/GSE309595_family.soft.gz		!Sample_characteristics_ch1 = tissue: Blood	True
GSM9270171	geo:GSE309595:GSM9270171	tissue_type	tissue	file	raw/fp-53430067aac0/GSE309595_family.soft.gz		!Sample_characteristics_ch1 = cell type: PBMC	True
GSM9270171	geo:GSE309595:GSM9270171	suspension_type	cell	file	raw/fp-53430067aac0/GSE309595_family.soft.gz		single cell gene expression assay with Cell Hashing	True
GSM9270171	geo:GSE309595:GSM9270171	suspension_type	cell	file	raw/fp-53430067aac0/GSE309595_family.soft.gz		PBMCs were removed from liquid nitrogen and rapidly thawed in a 37	True
GSM9270171	geo:GSE309595:GSM9270171	gene_annotation_version	Ensembl v93	file	raw/fp-53430067aac0/GSE309595_family.soft.gz		refdata-cellranger-GRCh38-3.0.0; based on the GRCh38 genome reference and Ensembl v93 transcriptome annotations	True
GSM9270171	geo:GSE309595:GSM9270171	assay	10x 3' transcription profiling	file	raw/fp-53430067aac0/GSE309595_family.soft.gz		scRNAseq libraries were generated using a modified 10x genomics chromium 3′ single cell gene expression assay with Cell Hashing.	True
GSM9270171	geo:GSE309595:GSM9270171	self_reported_ethnicity	Caucasian	file	raw/fp-53430067aac0/GSE309595_family.soft.gz		!Sample_characteristics_ch1 = race: Caucasian	True
GSM9270171	geo:GSE309595:GSM9270171	disease_free_text	multiple myeloma	file	raw/fp-53430067aac0/GSE309595_family.soft.gz		Multiple myeloma (MM) is a hematological malignancy characterized by an expansion of malignant plasma cells in the bone marrow.	True
GSM9270171	geo:GSE309595:GSM9270171	disease_free_text	multiple myeloma	file	raw/fp-53430067aac0/GSE309595_family.soft.gz		!Sample_characteristics_ch1 = subject id: FH2004	True
GSM9270171	geo:GSE309595:GSM9270171	disease_free_text	multiple myeloma	file	raw/fp-53430067aac0/GSE309595_family.soft.gz		!Sample_characteristics_ch1 = visit: MM CD38 2 weeks	True
GSM9270171	geo:GSE309595:GSM9270171	disease_free_text	multiple myeloma	file	raw/fp-53430067aac0/GSE309595_family.soft.gz		A second cohort of patients over the age of 30 with suspected refractory MM receiving anti-CD38 MAb therapy were enrolled in Seattle, WA.	True
GSM9270172	geo:GSE309595:GSM9270172	donor_id	FH2006	file	raw/fp-53430067aac0/GSE309595_family.soft.gz		!Sample_characteristics_ch1 = subject id: FH2006	True
GSM9270172	geo:GSE309595:GSM9270172	sex	female	file	raw/fp-53430067aac0/GSE309595_family.soft.gz		!Sample_characteristics_ch1 = Sex: Female	True
GSM9270172	geo:GSE309595:GSM9270172	tissue_free_text	Blood	file	raw/fp-53430067aac0/GSE309595_family.soft.gz		!Sample_characteristics_ch1 = tissue: Blood	True
GSM9270172	geo:GSE309595:GSM9270172	tissue_type	tissue	file	raw/fp-53430067aac0/GSE309595_family.soft.gz		!Sample_characteristics_ch1 = tissue: Blood	True
GSM9270172	geo:GSE309595:GSM9270172	tissue_type	tissue	file	raw/fp-53430067aac0/GSE309595_family.soft.gz		!Sample_characteristics_ch1 = cell type: PBMC	True
GSM9270172	geo:GSE309595:GSM9270172	suspension_type	cell	file	raw/fp-53430067aac0/GSE309595_family.soft.gz		single cell gene expression assay with Cell Hashing	True
GSM9270172	geo:GSE309595:GSM9270172	suspension_type	cell	file	raw/fp-53430067aac0/GSE309595_family.soft.gz		PBMCs were removed from liquid nitrogen and rapidly thawed in a 37	True
GSM9270172	geo:GSE309595:GSM9270172	gene_annotation_version	Ensembl v93	file	raw/fp-53430067aac0/GSE309595_family.soft.gz		refdata-cellranger-GRCh38-3.0.0; based on the GRCh38 genome reference and Ensembl v93 transcriptome annotations	True
GSM9270172	geo:GSE309595:GSM9270172	assay	10x 3' transcription profiling	file	raw/fp-53430067aac0/GSE309595_family.soft.gz		scRNAseq libraries were generated using a modified 10x genomics chromium 3′ single cell gene expression assay with Cell Hashing.	True
GSM9270172	geo:GSE309595:GSM9270172	disease_free_text	multiple myeloma	file	raw/fp-53430067aac0/GSE309595_family.soft.gz		Multiple myeloma (MM) is a hematological malignancy characterized by an expansion of malignant plasma cells in the bone marrow.	True
GSM9270172	geo:GSE309595:GSM9270172	disease_free_text	multiple myeloma	file	raw/fp-53430067aac0/GSE309595_family.soft.gz		!Sample_characteristics_ch1 = subject id: FH2006	True
GSM9270172	geo:GSE309595:GSM9270172	disease_free_text	multiple myeloma	file	raw/fp-53430067aac0/GSE309595_family.soft.gz		!Sample_characteristics_ch1 = visit: MM CD38 2 weeks	True
GSM9270172	geo:GSE309595:GSM9270172	disease_free_text	multiple myeloma	file	raw/fp-53430067aac0/GSE309595_family.soft.gz		A second cohort of patients over the age of 30 with suspected refractory MM receiving anti-CD38 MAb therapy were enrolled in Seattle, WA.	True
GSM9270173	geo:GSE309595:GSM9270173	donor_id	FH2004	file	raw/fp-53430067aac0/GSE309595_family.soft.gz		!Sample_characteristics_ch1 = subject id: FH2004	True
GSM9270173	geo:GSE309595:GSM9270173	sex	female	file	raw/fp-53430067aac0/GSE309595_family.soft.gz		!Sample_characteristics_ch1 = Sex: Female	True
GSM9270173	geo:GSE309595:GSM9270173	tissue_free_text	Blood	file	raw/fp-53430067aac0/GSE309595_family.soft.gz		!Sample_characteristics_ch1 = tissue: Blood	True
GSM9270173	geo:GSE309595:GSM9270173	tissue_type	tissue	file	raw/fp-53430067aac0/GSE309595_family.soft.gz		!Sample_characteristics_ch1 = tissue: Blood	True
GSM9270173	geo:GSE309595:GSM9270173	tissue_type	tissue	file	raw/fp-53430067aac0/GSE309595_family.soft.gz		!Sample_characteristics_ch1 = cell type: PBMC	True
GSM9270173	geo:GSE309595:GSM9270173	suspension_type	cell	file	raw/fp-53430067aac0/GSE309595_family.soft.gz		single cell gene expression assay with Cell Hashing	True
GSM9270173	geo:GSE309595:GSM9270173	suspension_type	cell	file	raw/fp-53430067aac0/GSE309595_family.soft.gz		PBMCs were removed from liquid nitrogen and rapidly thawed in a 37	True
GSM9270173	geo:GSE309595:GSM9270173	gene_annotation_version	Ensembl v93	file	raw/fp-53430067aac0/GSE309595_family.soft.gz		refdata-cellranger-GRCh38-3.0.0; based on the GRCh38 genome reference and Ensembl v93 transcriptome annotations	True
GSM9270173	geo:GSE309595:GSM9270173	assay	10x 3' transcription profiling	file	raw/fp-53430067aac0/GSE309595_family.soft.gz		scRNAseq libraries were generated using a modified 10x genomics chromium 3′ single cell gene expression assay with Cell Hashing.	True
GSM9270173	geo:GSE309595:GSM9270173	self_reported_ethnicity	Caucasian	file	raw/fp-53430067aac0/GSE309595_family.soft.gz		!Sample_characteristics_ch1 = race: Caucasian	True
GSM9270173	geo:GSE309595:GSM9270173	disease_free_text	multiple myeloma	file	raw/fp-53430067aac0/GSE309595_family.soft.gz		Multiple myeloma (MM) is a hematological malignancy characterized by an expansion of malignant plasma cells in the bone marrow.	True
GSM9270173	geo:GSE309595:GSM9270173	disease_free_text	multiple myeloma	file	raw/fp-53430067aac0/GSE309595_family.soft.gz		!Sample_characteristics_ch1 = subject id: FH2004	True
GSM9270173	geo:GSE309595:GSM9270173	disease_free_text	multiple myeloma	file	raw/fp-53430067aac0/GSE309595_family.soft.gz		!Sample_characteristics_ch1 = visit: MM CD38 4 weeks	True
GSM9270173	geo:GSE309595:GSM9270173	disease_free_text	multiple myeloma	file	raw/fp-53430067aac0/GSE309595_family.soft.gz		A second cohort of patients over the age of 30 with suspected refractory MM receiving anti-CD38 MAb therapy were enrolled in Seattle, WA.	True
GSM9270174	geo:GSE309595:GSM9270174	donor_id	FH2001	file	raw/fp-53430067aac0/GSE309595_family.soft.gz		!Sample_characteristics_ch1 = subject id: FH2001	True
GSM9270174	geo:GSE309595:GSM9270174	sex	male	file	raw/fp-53430067aac0/GSE309595_family.soft.gz		!Sample_characteristics_ch1 = Sex: Male	True
GSM9270174	geo:GSE309595:GSM9270174	tissue_free_text	Blood	file	raw/fp-53430067aac0/GSE309595_family.soft.gz		!Sample_characteristics_ch1 = tissue: Blood	True
GSM9270174	geo:GSE309595:GSM9270174	tissue_type	tissue	file	raw/fp-53430067aac0/GSE309595_family.soft.gz		!Sample_characteristics_ch1 = tissue: Blood	True
GSM9270174	geo:GSE309595:GSM9270174	tissue_type	tissue	file	raw/fp-53430067aac0/GSE309595_family.soft.gz		!Sample_characteristics_ch1 = cell type: PBMC	True
GSM9270174	geo:GSE309595:GSM9270174	suspension_type	cell	file	raw/fp-53430067aac0/GSE309595_family.soft.gz		single cell gene expression assay with Cell Hashing	True
GSM9270174	geo:GSE309595:GSM9270174	suspension_type	cell	file	raw/fp-53430067aac0/GSE309595_family.soft.gz		PBMCs were removed from liquid nitrogen and rapidly thawed in a 37	True
GSM9270174	geo:GSE309595:GSM9270174	gene_annotation_version	Ensembl v93	file	raw/fp-53430067aac0/GSE309595_family.soft.gz		refdata-cellranger-GRCh38-3.0.0; based on the GRCh38 genome reference and Ensembl v93 transcriptome annotations	True
GSM9270174	geo:GSE309595:GSM9270174	assay	10x 3' transcription profiling	file	raw/fp-53430067aac0/GSE309595_family.soft.gz		scRNAseq libraries were generated using a modified 10x genomics chromium 3′ single cell gene expression assay with Cell Hashing.	True
GSM9270174	geo:GSE309595:GSM9270174	self_reported_ethnicity	Caucasian	file	raw/fp-53430067aac0/GSE309595_family.soft.gz		!Sample_characteristics_ch1 = race: Caucasian	True
GSM9270174	geo:GSE309595:GSM9270174	disease_free_text	multiple myeloma	file	raw/fp-53430067aac0/GSE309595_family.soft.gz		Multiple myeloma (MM) is a hematological malignancy characterized by an expansion of malignant plasma cells in the bone marrow.	True
GSM9270174	geo:GSE309595:GSM9270174	disease_free_text	multiple myeloma	file	raw/fp-53430067aac0/GSE309595_family.soft.gz		!Sample_characteristics_ch1 = subject id: FH2001	True
GSM9270174	geo:GSE309595:GSM9270174	disease_free_text	multiple myeloma	file	raw/fp-53430067aac0/GSE309595_family.soft.gz		!Sample_characteristics_ch1 = visit: MM CD38 9 months	True
GSM9270174	geo:GSE309595:GSM9270174	disease_free_text	multiple myeloma	file	raw/fp-53430067aac0/GSE309595_family.soft.gz		A second cohort of patients over the age of 30 with suspected refractory MM receiving anti-CD38 MAb therapy were enrolled in Seattle, WA.	True
GSM9270175	geo:GSE309595:GSM9270175	donor_id	FH2005	file	raw/fp-53430067aac0/GSE309595_family.soft.gz		!Sample_characteristics_ch1 = subject id: FH2005	True
GSM9270175	geo:GSE309595:GSM9270175	sex	female	file	raw/fp-53430067aac0/GSE309595_family.soft.gz		!Sample_characteristics_ch1 = Sex: Female	True
GSM9270175	geo:GSE309595:GSM9270175	tissue_free_text	Blood	file	raw/fp-53430067aac0/GSE309595_family.soft.gz		!Sample_characteristics_ch1 = tissue: Blood	True
GSM9270175	geo:GSE309595:GSM9270175	tissue_type	tissue	file	raw/fp-53430067aac0/GSE309595_family.soft.gz		!Sample_characteristics_ch1 = tissue: Blood	True
GSM9270175	geo:GSE309595:GSM9270175	tissue_type	tissue	file	raw/fp-53430067aac0/GSE309595_family.soft.gz		!Sample_characteristics_ch1 = cell type: PBMC	True
GSM9270175	geo:GSE309595:GSM9270175	suspension_type	cell	file	raw/fp-53430067aac0/GSE309595_family.soft.gz		single cell gene expression assay with Cell Hashing	True
GSM9270175	geo:GSE309595:GSM9270175	suspension_type	cell	file	raw/fp-53430067aac0/GSE309595_family.soft.gz		PBMCs were removed from liquid nitrogen and rapidly thawed in a 37	True
GSM9270175	geo:GSE309595:GSM9270175	gene_annotation_version	Ensembl v93	file	raw/fp-53430067aac0/GSE309595_family.soft.gz		refdata-cellranger-GRCh38-3.0.0; based on the GRCh38 genome reference and Ensembl v93 transcriptome annotations	True
GSM9270175	geo:GSE309595:GSM9270175	assay	10x 3' transcription profiling	file	raw/fp-53430067aac0/GSE309595_family.soft.gz		scRNAseq libraries were generated using a modified 10x genomics chromium 3′ single cell gene expression assay with Cell Hashing.	True
GSM9270175	geo:GSE309595:GSM9270175	self_reported_ethnicity	Asian	file	raw/fp-53430067aac0/GSE309595_family.soft.gz		!Sample_characteristics_ch1 = race: Asian	True
GSM9270175	geo:GSE309595:GSM9270175	disease_free_text	multiple myeloma	file	raw/fp-53430067aac0/GSE309595_family.soft.gz		Multiple myeloma (MM) is a hematological malignancy characterized by an expansion of malignant plasma cells in the bone marrow.	True
GSM9270175	geo:GSE309595:GSM9270175	disease_free_text	multiple myeloma	file	raw/fp-53430067aac0/GSE309595_family.soft.gz		!Sample_characteristics_ch1 = subject id: FH2005	True
GSM9270175	geo:GSE309595:GSM9270175	disease_free_text	multiple myeloma	file	raw/fp-53430067aac0/GSE309595_family.soft.gz		!Sample_characteristics_ch1 = visit: MM CD38 4 weeks	True
GSM9270175	geo:GSE309595:GSM9270175	disease_free_text	multiple myeloma	file	raw/fp-53430067aac0/GSE309595_family.soft.gz		A second cohort of patients over the age of 30 with suspected refractory MM receiving anti-CD38 MAb therapy were enrolled in Seattle, WA.	True
GSM9270176	geo:GSE309595:GSM9270176	donor_id	FH2007	file	raw/fp-53430067aac0/GSE309595_family.soft.gz		!Sample_characteristics_ch1 = subject id: FH2007	True
GSM9270176	geo:GSE309595:GSM9270176	sex	male	file	raw/fp-53430067aac0/GSE309595_family.soft.gz		!Sample_characteristics_ch1 = Sex: Male	True
GSM9270176	geo:GSE309595:GSM9270176	tissue_free_text	Blood	file	raw/fp-53430067aac0/GSE309595_family.soft.gz		!Sample_characteristics_ch1 = tissue: Blood	True
GSM9270176	geo:GSE309595:GSM9270176	tissue_type	tissue	file	raw/fp-53430067aac0/GSE309595_family.soft.gz		!Sample_characteristics_ch1 = tissue: Blood	True
GSM9270176	geo:GSE309595:GSM9270176	tissue_type	tissue	file	raw/fp-53430067aac0/GSE309595_family.soft.gz		!Sample_characteristics_ch1 = cell type: PBMC	True
GSM9270176	geo:GSE309595:GSM9270176	suspension_type	cell	file	raw/fp-53430067aac0/GSE309595_family.soft.gz		single cell gene expression assay with Cell Hashing	True
GSM9270176	geo:GSE309595:GSM9270176	suspension_type	cell	file	raw/fp-53430067aac0/GSE309595_family.soft.gz		PBMCs were removed from liquid nitrogen and rapidly thawed in a 37	True
GSM9270176	geo:GSE309595:GSM9270176	gene_annotation_version	Ensembl v93	file	raw/fp-53430067aac0/GSE309595_family.soft.gz		refdata-cellranger-GRCh38-3.0.0; based on the GRCh38 genome reference and Ensembl v93 transcriptome annotations	True
GSM9270176	geo:GSE309595:GSM9270176	assay	10x 3' transcription profiling	file	raw/fp-53430067aac0/GSE309595_family.soft.gz		scRNAseq libraries were generated using a modified 10x genomics chromium 3′ single cell gene expression assay with Cell Hashing.	True
GSM9270176	geo:GSE309595:GSM9270176	self_reported_ethnicity	Caucasian	file	raw/fp-53430067aac0/GSE309595_family.soft.gz		!Sample_characteristics_ch1 = race: Caucasian	True
GSM9270176	geo:GSE309595:GSM9270176	disease_free_text	multiple myeloma	file	raw/fp-53430067aac0/GSE309595_family.soft.gz		Multiple myeloma (MM) is a hematological malignancy characterized by an expansion of malignant plasma cells in the bone marrow.	True
GSM9270176	geo:GSE309595:GSM9270176	disease_free_text	multiple myeloma	file	raw/fp-53430067aac0/GSE309595_family.soft.gz		!Sample_characteristics_ch1 = subject id: FH2007	True
GSM9270176	geo:GSE309595:GSM9270176	disease_free_text	multiple myeloma	file	raw/fp-53430067aac0/GSE309595_family.soft.gz		!Sample_characteristics_ch1 = visit: MM CD38 Pre-treatment	True
GSM9270176	geo:GSE309595:GSM9270176	disease_free_text	multiple myeloma	file	raw/fp-53430067aac0/GSE309595_family.soft.gz		A second cohort of patients over the age of 30 with suspected refractory MM receiving anti-CD38 MAb therapy were enrolled in Seattle, WA.	True
GSM9270177	geo:GSE309595:GSM9270177	donor_id	FH2005	file	raw/fp-53430067aac0/GSE309595_family.soft.gz		!Sample_characteristics_ch1 = subject id: FH2005	True
GSM9270177	geo:GSE309595:GSM9270177	sex	female	file	raw/fp-53430067aac0/GSE309595_family.soft.gz		!Sample_characteristics_ch1 = Sex: Female	True
GSM9270177	geo:GSE309595:GSM9270177	tissue_free_text	Blood	file	raw/fp-53430067aac0/GSE309595_family.soft.gz		!Sample_characteristics_ch1 = tissue: Blood	True
GSM9270177	geo:GSE309595:GSM9270177	tissue_type	tissue	file	raw/fp-53430067aac0/GSE309595_family.soft.gz		!Sample_characteristics_ch1 = tissue: Blood	True
GSM9270177	geo:GSE309595:GSM9270177	tissue_type	tissue	file	raw/fp-53430067aac0/GSE309595_family.soft.gz		!Sample_characteristics_ch1 = cell type: PBMC	True
GSM9270177	geo:GSE309595:GSM9270177	suspension_type	cell	file	raw/fp-53430067aac0/GSE309595_family.soft.gz		single cell gene expression assay with Cell Hashing	True
GSM9270177	geo:GSE309595:GSM9270177	suspension_type	cell	file	raw/fp-53430067aac0/GSE309595_family.soft.gz		PBMCs were removed from liquid nitrogen and rapidly thawed in a 37	True
GSM9270177	geo:GSE309595:GSM9270177	gene_annotation_version	Ensembl v93	file	raw/fp-53430067aac0/GSE309595_family.soft.gz		refdata-cellranger-GRCh38-3.0.0; based on the GRCh38 genome reference and Ensembl v93 transcriptome annotations	True
GSM9270177	geo:GSE309595:GSM9270177	assay	10x 3' transcription profiling	file	raw/fp-53430067aac0/GSE309595_family.soft.gz		scRNAseq libraries were generated using a modified 10x genomics chromium 3′ single cell gene expression assay with Cell Hashing.	True
GSM9270177	geo:GSE309595:GSM9270177	self_reported_ethnicity	Asian	file	raw/fp-53430067aac0/GSE309595_family.soft.gz		!Sample_characteristics_ch1 = race: Asian	True
GSM9270177	geo:GSE309595:GSM9270177	disease_free_text	multiple myeloma	file	raw/fp-53430067aac0/GSE309595_family.soft.gz		Multiple myeloma (MM) is a hematological malignancy characterized by an expansion of malignant plasma cells in the bone marrow.	True
GSM9270177	geo:GSE309595:GSM9270177	disease_free_text	multiple myeloma	file	raw/fp-53430067aac0/GSE309595_family.soft.gz		!Sample_characteristics_ch1 = subject id: FH2005	True
GSM9270177	geo:GSE309595:GSM9270177	disease_free_text	multiple myeloma	file	raw/fp-53430067aac0/GSE309595_family.soft.gz		!Sample_characteristics_ch1 = visit: MM CD38 6 weeks	True
GSM9270177	geo:GSE309595:GSM9270177	disease_free_text	multiple myeloma	file	raw/fp-53430067aac0/GSE309595_family.soft.gz		A second cohort of patients over the age of 30 with suspected refractory MM receiving anti-CD38 MAb therapy were enrolled in Seattle, WA.	True
GSM9270178	geo:GSE309595:GSM9270178	donor_id	FH2006	file	raw/fp-53430067aac0/GSE309595_family.soft.gz		!Sample_characteristics_ch1 = subject id: FH2006	True
GSM9270178	geo:GSE309595:GSM9270178	sex	female	file	raw/fp-53430067aac0/GSE309595_family.soft.gz		!Sample_characteristics_ch1 = Sex: Female	True
GSM9270178	geo:GSE309595:GSM9270178	tissue_free_text	Blood	file	raw/fp-53430067aac0/GSE309595_family.soft.gz		!Sample_characteristics_ch1 = tissue: Blood	True
GSM9270178	geo:GSE309595:GSM9270178	tissue_type	tissue	file	raw/fp-53430067aac0/GSE309595_family.soft.gz		!Sample_characteristics_ch1 = tissue: Blood	True
GSM9270178	geo:GSE309595:GSM9270178	tissue_type	tissue	file	raw/fp-53430067aac0/GSE309595_family.soft.gz		!Sample_characteristics_ch1 = cell type: PBMC	True
GSM9270178	geo:GSE309595:GSM9270178	suspension_type	cell	file	raw/fp-53430067aac0/GSE309595_family.soft.gz		single cell gene expression assay with Cell Hashing	True
GSM9270178	geo:GSE309595:GSM9270178	suspension_type	cell	file	raw/fp-53430067aac0/GSE309595_family.soft.gz		PBMCs were removed from liquid nitrogen and rapidly thawed in a 37	True
GSM9270178	geo:GSE309595:GSM9270178	gene_annotation_version	Ensembl v93	file	raw/fp-53430067aac0/GSE309595_family.soft.gz		refdata-cellranger-GRCh38-3.0.0; based on the GRCh38 genome reference and Ensembl v93 transcriptome annotations	True
GSM9270178	geo:GSE309595:GSM9270178	assay	10x 3' transcription profiling	file	raw/fp-53430067aac0/GSE309595_family.soft.gz		scRNAseq libraries were generated using a modified 10x genomics chromium 3′ single cell gene expression assay with Cell Hashing.	True
GSM9270178	geo:GSE309595:GSM9270178	disease_free_text	multiple myeloma	file	raw/fp-53430067aac0/GSE309595_family.soft.gz		Multiple myeloma (MM) is a hematological malignancy characterized by an expansion of malignant plasma cells in the bone marrow.	True
GSM9270178	geo:GSE309595:GSM9270178	disease_free_text	multiple myeloma	file	raw/fp-53430067aac0/GSE309595_family.soft.gz		!Sample_characteristics_ch1 = subject id: FH2006	True
GSM9270178	geo:GSE309595:GSM9270178	disease_free_text	multiple myeloma	file	raw/fp-53430067aac0/GSE309595_family.soft.gz		!Sample_characteristics_ch1 = visit: MM CD38 6 weeks	True
GSM9270178	geo:GSE309595:GSM9270178	disease_free_text	multiple myeloma	file	raw/fp-53430067aac0/GSE309595_family.soft.gz		A second cohort of patients over the age of 30 with suspected refractory MM receiving anti-CD38 MAb therapy were enrolled in Seattle, WA.	True
GSM9270179	geo:GSE309595:GSM9270179	donor_id	FH2004	file	raw/fp-53430067aac0/GSE309595_family.soft.gz		!Sample_characteristics_ch1 = subject id: FH2004	True
GSM9270179	geo:GSE309595:GSM9270179	sex	female	file	raw/fp-53430067aac0/GSE309595_family.soft.gz		!Sample_characteristics_ch1 = Sex: Female	True
GSM9270179	geo:GSE309595:GSM9270179	tissue_free_text	Blood	file	raw/fp-53430067aac0/GSE309595_family.soft.gz		!Sample_characteristics_ch1 = tissue: Blood	True
GSM9270179	geo:GSE309595:GSM9270179	tissue_type	tissue	file	raw/fp-53430067aac0/GSE309595_family.soft.gz		!Sample_characteristics_ch1 = tissue: Blood	True
GSM9270179	geo:GSE309595:GSM9270179	tissue_type	tissue	file	raw/fp-53430067aac0/GSE309595_family.soft.gz		!Sample_characteristics_ch1 = cell type: PBMC	True
GSM9270179	geo:GSE309595:GSM9270179	suspension_type	cell	file	raw/fp-53430067aac0/GSE309595_family.soft.gz		single cell gene expression assay with Cell Hashing	True
GSM9270179	geo:GSE309595:GSM9270179	suspension_type	cell	file	raw/fp-53430067aac0/GSE309595_family.soft.gz		PBMCs were removed from liquid nitrogen and rapidly thawed in a 37	True
GSM9270179	geo:GSE309595:GSM9270179	gene_annotation_version	Ensembl v93	file	raw/fp-53430067aac0/GSE309595_family.soft.gz		refdata-cellranger-GRCh38-3.0.0; based on the GRCh38 genome reference and Ensembl v93 transcriptome annotations	True
GSM9270179	geo:GSE309595:GSM9270179	assay	10x 3' transcription profiling	file	raw/fp-53430067aac0/GSE309595_family.soft.gz		scRNAseq libraries were generated using a modified 10x genomics chromium 3′ single cell gene expression assay with Cell Hashing.	True
GSM9270179	geo:GSE309595:GSM9270179	self_reported_ethnicity	Caucasian	file	raw/fp-53430067aac0/GSE309595_family.soft.gz		!Sample_characteristics_ch1 = race: Caucasian	True
GSM9270179	geo:GSE309595:GSM9270179	disease_free_text	multiple myeloma	file	raw/fp-53430067aac0/GSE309595_family.soft.gz		Multiple myeloma (MM) is a hematological malignancy characterized by an expansion of malignant plasma cells in the bone marrow.	True
GSM9270179	geo:GSE309595:GSM9270179	disease_free_text	multiple myeloma	file	raw/fp-53430067aac0/GSE309595_family.soft.gz		!Sample_characteristics_ch1 = subject id: FH2004	True
GSM9270179	geo:GSE309595:GSM9270179	disease_free_text	multiple myeloma	file	raw/fp-53430067aac0/GSE309595_family.soft.gz		!Sample_characteristics_ch1 = visit: MM CD38 6 weeks	True
GSM9270179	geo:GSE309595:GSM9270179	disease_free_text	multiple myeloma	file	raw/fp-53430067aac0/GSE309595_family.soft.gz		A second cohort of patients over the age of 30 with suspected refractory MM receiving anti-CD38 MAb therapy were enrolled in Seattle, WA.	True
GSM9270180	geo:GSE309595:GSM9270180	donor_id	FH2006	file	raw/fp-53430067aac0/GSE309595_family.soft.gz		!Sample_characteristics_ch1 = subject id: FH2006	True
GSM9270180	geo:GSE309595:GSM9270180	sex	female	file	raw/fp-53430067aac0/GSE309595_family.soft.gz		!Sample_characteristics_ch1 = Sex: Female	True
GSM9270180	geo:GSE309595:GSM9270180	tissue_free_text	Blood	file	raw/fp-53430067aac0/GSE309595_family.soft.gz		!Sample_characteristics_ch1 = tissue: Blood	True
GSM9270180	geo:GSE309595:GSM9270180	tissue_type	tissue	file	raw/fp-53430067aac0/GSE309595_family.soft.gz		!Sample_characteristics_ch1 = tissue: Blood	True
GSM9270180	geo:GSE309595:GSM9270180	tissue_type	tissue	file	raw/fp-53430067aac0/GSE309595_family.soft.gz		!Sample_characteristics_ch1 = cell type: PBMC	True
GSM9270180	geo:GSE309595:GSM9270180	suspension_type	cell	file	raw/fp-53430067aac0/GSE309595_family.soft.gz		single cell gene expression assay with Cell Hashing	True
GSM9270180	geo:GSE309595:GSM9270180	suspension_type	cell	file	raw/fp-53430067aac0/GSE309595_family.soft.gz		PBMCs were removed from liquid nitrogen and rapidly thawed in a 37	True
GSM9270180	geo:GSE309595:GSM9270180	gene_annotation_version	Ensembl v93	file	raw/fp-53430067aac0/GSE309595_family.soft.gz		refdata-cellranger-GRCh38-3.0.0; based on the GRCh38 genome reference and Ensembl v93 transcriptome annotations	True
GSM9270180	geo:GSE309595:GSM9270180	assay	10x 3' transcription profiling	file	raw/fp-53430067aac0/GSE309595_family.soft.gz		scRNAseq libraries were generated using a modified 10x genomics chromium 3′ single cell gene expression assay with Cell Hashing.	True
GSM9270180	geo:GSE309595:GSM9270180	disease_free_text	multiple myeloma	file	raw/fp-53430067aac0/GSE309595_family.soft.gz		Multiple myeloma (MM) is a hematological malignancy characterized by an expansion of malignant plasma cells in the bone marrow.	True
GSM9270180	geo:GSE309595:GSM9270180	disease_free_text	multiple myeloma	file	raw/fp-53430067aac0/GSE309595_family.soft.gz		!Sample_characteristics_ch1 = subject id: FH2006	True
GSM9270180	geo:GSE309595:GSM9270180	disease_free_text	multiple myeloma	file	raw/fp-53430067aac0/GSE309595_family.soft.gz		!Sample_characteristics_ch1 = visit: MM CD38 4 weeks	True
GSM9270180	geo:GSE309595:GSM9270180	disease_free_text	multiple myeloma	file	raw/fp-53430067aac0/GSE309595_family.soft.gz		A second cohort of patients over the age of 30 with suspected refractory MM receiving anti-CD38 MAb therapy were enrolled in Seattle, WA.	True
GSM9270181	geo:GSE309595:GSM9270181	donor_id	FH2003	file	raw/fp-53430067aac0/GSE309595_family.soft.gz		!Sample_characteristics_ch1 = subject id: FH2003	True
GSM9270181	geo:GSE309595:GSM9270181	sex	male	file	raw/fp-53430067aac0/GSE309595_family.soft.gz		!Sample_characteristics_ch1 = Sex: Male	True
GSM9270181	geo:GSE309595:GSM9270181	tissue_free_text	Blood	file	raw/fp-53430067aac0/GSE309595_family.soft.gz		!Sample_characteristics_ch1 = tissue: Blood	True
GSM9270181	geo:GSE309595:GSM9270181	tissue_type	tissue	file	raw/fp-53430067aac0/GSE309595_family.soft.gz		!Sample_characteristics_ch1 = tissue: Blood	True
GSM9270181	geo:GSE309595:GSM9270181	tissue_type	tissue	file	raw/fp-53430067aac0/GSE309595_family.soft.gz		!Sample_characteristics_ch1 = cell type: PBMC	True
GSM9270181	geo:GSE309595:GSM9270181	suspension_type	cell	file	raw/fp-53430067aac0/GSE309595_family.soft.gz		single cell gene expression assay with Cell Hashing	True
GSM9270181	geo:GSE309595:GSM9270181	suspension_type	cell	file	raw/fp-53430067aac0/GSE309595_family.soft.gz		PBMCs were removed from liquid nitrogen and rapidly thawed in a 37	True
GSM9270181	geo:GSE309595:GSM9270181	gene_annotation_version	Ensembl v93	file	raw/fp-53430067aac0/GSE309595_family.soft.gz		refdata-cellranger-GRCh38-3.0.0; based on the GRCh38 genome reference and Ensembl v93 transcriptome annotations	True
GSM9270181	geo:GSE309595:GSM9270181	assay	10x 3' transcription profiling	file	raw/fp-53430067aac0/GSE309595_family.soft.gz		scRNAseq libraries were generated using a modified 10x genomics chromium 3′ single cell gene expression assay with Cell Hashing.	True
GSM9270181	geo:GSE309595:GSM9270181	self_reported_ethnicity	Caucasian	file	raw/fp-53430067aac0/GSE309595_family.soft.gz		!Sample_characteristics_ch1 = race: Caucasian	True
GSM9270181	geo:GSE309595:GSM9270181	disease_free_text	multiple myeloma	file	raw/fp-53430067aac0/GSE309595_family.soft.gz		Multiple myeloma (MM) is a hematological malignancy characterized by an expansion of malignant plasma cells in the bone marrow.	True
GSM9270181	geo:GSE309595:GSM9270181	disease_free_text	multiple myeloma	file	raw/fp-53430067aac0/GSE309595_family.soft.gz		!Sample_characteristics_ch1 = subject id: FH2003	True
GSM9270181	geo:GSE309595:GSM9270181	disease_free_text	multiple myeloma	file	raw/fp-53430067aac0/GSE309595_family.soft.gz		!Sample_characteristics_ch1 = visit: MM CD38 4 months	True
GSM9270181	geo:GSE309595:GSM9270181	disease_free_text	multiple myeloma	file	raw/fp-53430067aac0/GSE309595_family.soft.gz		A second cohort of patients over the age of 30 with suspected refractory MM receiving anti-CD38 MAb therapy were enrolled in Seattle, WA.	True
GSM9270182	geo:GSE309595:GSM9270182	donor_id	FH2004	file	raw/fp-53430067aac0/GSE309595_family.soft.gz		!Sample_characteristics_ch1 = subject id: FH2004	True
GSM9270182	geo:GSE309595:GSM9270182	sex	female	file	raw/fp-53430067aac0/GSE309595_family.soft.gz		!Sample_characteristics_ch1 = Sex: Female	True
GSM9270182	geo:GSE309595:GSM9270182	tissue_free_text	Blood	file	raw/fp-53430067aac0/GSE309595_family.soft.gz		!Sample_characteristics_ch1 = tissue: Blood	True
GSM9270182	geo:GSE309595:GSM9270182	tissue_type	tissue	file	raw/fp-53430067aac0/GSE309595_family.soft.gz		!Sample_characteristics_ch1 = tissue: Blood	True
GSM9270182	geo:GSE309595:GSM9270182	tissue_type	tissue	file	raw/fp-53430067aac0/GSE309595_family.soft.gz		!Sample_characteristics_ch1 = cell type: PBMC	True
GSM9270182	geo:GSE309595:GSM9270182	suspension_type	cell	file	raw/fp-53430067aac0/GSE309595_family.soft.gz		single cell gene expression assay with Cell Hashing	True
GSM9270182	geo:GSE309595:GSM9270182	suspension_type	cell	file	raw/fp-53430067aac0/GSE309595_family.soft.gz		PBMCs were removed from liquid nitrogen and rapidly thawed in a 37	True
GSM9270182	geo:GSE309595:GSM9270182	gene_annotation_version	Ensembl v93	file	raw/fp-53430067aac0/GSE309595_family.soft.gz		refdata-cellranger-GRCh38-3.0.0; based on the GRCh38 genome reference and Ensembl v93 transcriptome annotations	True
GSM9270182	geo:GSE309595:GSM9270182	assay	10x 3' transcription profiling	file	raw/fp-53430067aac0/GSE309595_family.soft.gz		scRNAseq libraries were generated using a modified 10x genomics chromium 3′ single cell gene expression assay with Cell Hashing.	True
GSM9270182	geo:GSE309595:GSM9270182	self_reported_ethnicity	Caucasian	file	raw/fp-53430067aac0/GSE309595_family.soft.gz		!Sample_characteristics_ch1 = race: Caucasian	True
GSM9270182	geo:GSE309595:GSM9270182	disease_free_text	multiple myeloma	file	raw/fp-53430067aac0/GSE309595_family.soft.gz		Multiple myeloma (MM) is a hematological malignancy characterized by an expansion of malignant plasma cells in the bone marrow.	True
GSM9270182	geo:GSE309595:GSM9270182	disease_free_text	multiple myeloma	file	raw/fp-53430067aac0/GSE309595_family.soft.gz		!Sample_characteristics_ch1 = subject id: FH2004	True
GSM9270182	geo:GSE309595:GSM9270182	disease_free_text	multiple myeloma	file	raw/fp-53430067aac0/GSE309595_family.soft.gz		!Sample_characteristics_ch1 = visit: MM CD38 8 weeks	True
GSM9270182	geo:GSE309595:GSM9270182	disease_free_text	multiple myeloma	file	raw/fp-53430067aac0/GSE309595_family.soft.gz		A second cohort of patients over the age of 30 with suspected refractory MM receiving anti-CD38 MAb therapy were enrolled in Seattle, WA.	True
GSM9270183	geo:GSE309595:GSM9270183	donor_id	FH2007	file	raw/fp-53430067aac0/GSE309595_family.soft.gz		!Sample_characteristics_ch1 = subject id: FH2007	True
GSM9270183	geo:GSE309595:GSM9270183	sex	male	file	raw/fp-53430067aac0/GSE309595_family.soft.gz		!Sample_characteristics_ch1 = Sex: Male	True
GSM9270183	geo:GSE309595:GSM9270183	tissue_free_text	Blood	file	raw/fp-53430067aac0/GSE309595_family.soft.gz		!Sample_characteristics_ch1 = tissue: Blood	True
GSM9270183	geo:GSE309595:GSM9270183	tissue_type	tissue	file	raw/fp-53430067aac0/GSE309595_family.soft.gz		!Sample_characteristics_ch1 = tissue: Blood	True
GSM9270183	geo:GSE309595:GSM9270183	tissue_type	tissue	file	raw/fp-53430067aac0/GSE309595_family.soft.gz		!Sample_characteristics_ch1 = cell type: PBMC	True
GSM9270183	geo:GSE309595:GSM9270183	suspension_type	cell	file	raw/fp-53430067aac0/GSE309595_family.soft.gz		single cell gene expression assay with Cell Hashing	True
GSM9270183	geo:GSE309595:GSM9270183	suspension_type	cell	file	raw/fp-53430067aac0/GSE309595_family.soft.gz		PBMCs were removed from liquid nitrogen and rapidly thawed in a 37	True
GSM9270183	geo:GSE309595:GSM9270183	gene_annotation_version	Ensembl v93	file	raw/fp-53430067aac0/GSE309595_family.soft.gz		refdata-cellranger-GRCh38-3.0.0; based on the GRCh38 genome reference and Ensembl v93 transcriptome annotations	True
GSM9270183	geo:GSE309595:GSM9270183	assay	10x 3' transcription profiling	file	raw/fp-53430067aac0/GSE309595_family.soft.gz		scRNAseq libraries were generated using a modified 10x genomics chromium 3′ single cell gene expression assay with Cell Hashing.	True
GSM9270183	geo:GSE309595:GSM9270183	self_reported_ethnicity	Caucasian	file	raw/fp-53430067aac0/GSE309595_family.soft.gz		!Sample_characteristics_ch1 = race: Caucasian	True
GSM9270183	geo:GSE309595:GSM9270183	disease_free_text	multiple myeloma	file	raw/fp-53430067aac0/GSE309595_family.soft.gz		Multiple myeloma (MM) is a hematological malignancy characterized by an expansion of malignant plasma cells in the bone marrow.	True
GSM9270183	geo:GSE309595:GSM9270183	disease_free_text	multiple myeloma	file	raw/fp-53430067aac0/GSE309595_family.soft.gz		!Sample_characteristics_ch1 = subject id: FH2007	True
GSM9270183	geo:GSE309595:GSM9270183	disease_free_text	multiple myeloma	file	raw/fp-53430067aac0/GSE309595_family.soft.gz		!Sample_characteristics_ch1 = visit: MM CD38 4 weeks	True
GSM9270183	geo:GSE309595:GSM9270183	disease_free_text	multiple myeloma	file	raw/fp-53430067aac0/GSE309595_family.soft.gz		A second cohort of patients over the age of 30 with suspected refractory MM receiving anti-CD38 MAb therapy were enrolled in Seattle, WA.	True
GSM9270184	geo:GSE309595:GSM9270184	donor_id	FH2007	file	raw/fp-53430067aac0/GSE309595_family.soft.gz		!Sample_characteristics_ch1 = subject id: FH2007	True
GSM9270184	geo:GSE309595:GSM9270184	sex	male	file	raw/fp-53430067aac0/GSE309595_family.soft.gz		!Sample_characteristics_ch1 = Sex: Male	True
GSM9270184	geo:GSE309595:GSM9270184	tissue_free_text	Blood	file	raw/fp-53430067aac0/GSE309595_family.soft.gz		!Sample_characteristics_ch1 = tissue: Blood	True
GSM9270184	geo:GSE309595:GSM9270184	tissue_type	tissue	file	raw/fp-53430067aac0/GSE309595_family.soft.gz		!Sample_characteristics_ch1 = tissue: Blood	True
GSM9270184	geo:GSE309595:GSM9270184	tissue_type	tissue	file	raw/fp-53430067aac0/GSE309595_family.soft.gz		!Sample_characteristics_ch1 = cell type: PBMC	True
GSM9270184	geo:GSE309595:GSM9270184	suspension_type	cell	file	raw/fp-53430067aac0/GSE309595_family.soft.gz		single cell gene expression assay with Cell Hashing	True
GSM9270184	geo:GSE309595:GSM9270184	suspension_type	cell	file	raw/fp-53430067aac0/GSE309595_family.soft.gz		PBMCs were removed from liquid nitrogen and rapidly thawed in a 37	True
GSM9270184	geo:GSE309595:GSM9270184	gene_annotation_version	Ensembl v93	file	raw/fp-53430067aac0/GSE309595_family.soft.gz		refdata-cellranger-GRCh38-3.0.0; based on the GRCh38 genome reference and Ensembl v93 transcriptome annotations	True
GSM9270184	geo:GSE309595:GSM9270184	assay	10x 3' transcription profiling	file	raw/fp-53430067aac0/GSE309595_family.soft.gz		scRNAseq libraries were generated using a modified 10x genomics chromium 3′ single cell gene expression assay with Cell Hashing.	True
GSM9270184	geo:GSE309595:GSM9270184	self_reported_ethnicity	Caucasian	file	raw/fp-53430067aac0/GSE309595_family.soft.gz		!Sample_characteristics_ch1 = race: Caucasian	True
GSM9270184	geo:GSE309595:GSM9270184	disease_free_text	multiple myeloma	file	raw/fp-53430067aac0/GSE309595_family.soft.gz		Multiple myeloma (MM) is a hematological malignancy characterized by an expansion of malignant plasma cells in the bone marrow.	True
GSM9270184	geo:GSE309595:GSM9270184	disease_free_text	multiple myeloma	file	raw/fp-53430067aac0/GSE309595_family.soft.gz		!Sample_characteristics_ch1 = subject id: FH2007	True
GSM9270184	geo:GSE309595:GSM9270184	disease_free_text	multiple myeloma	file	raw/fp-53430067aac0/GSE309595_family.soft.gz		!Sample_characteristics_ch1 = visit: MM CD38 6 weeks	True
GSM9270184	geo:GSE309595:GSM9270184	disease_free_text	multiple myeloma	file	raw/fp-53430067aac0/GSE309595_family.soft.gz		A second cohort of patients over the age of 30 with suspected refractory MM receiving anti-CD38 MAb therapy were enrolled in Seattle, WA.	True
GSM9270185	geo:GSE309595:GSM9270185	donor_id	FH2005	file	raw/fp-53430067aac0/GSE309595_family.soft.gz		!Sample_characteristics_ch1 = subject id: FH2005	True
GSM9270185	geo:GSE309595:GSM9270185	sex	female	file	raw/fp-53430067aac0/GSE309595_family.soft.gz		!Sample_characteristics_ch1 = Sex: Female	True
GSM9270185	geo:GSE309595:GSM9270185	tissue_free_text	Blood	file	raw/fp-53430067aac0/GSE309595_family.soft.gz		!Sample_characteristics_ch1 = tissue: Blood	True
GSM9270185	geo:GSE309595:GSM9270185	tissue_type	tissue	file	raw/fp-53430067aac0/GSE309595_family.soft.gz		!Sample_characteristics_ch1 = tissue: Blood	True
GSM9270185	geo:GSE309595:GSM9270185	tissue_type	tissue	file	raw/fp-53430067aac0/GSE309595_family.soft.gz		!Sample_characteristics_ch1 = cell type: PBMC	True
GSM9270185	geo:GSE309595:GSM9270185	suspension_type	cell	file	raw/fp-53430067aac0/GSE309595_family.soft.gz		single cell gene expression assay with Cell Hashing	True
GSM9270185	geo:GSE309595:GSM9270185	suspension_type	cell	file	raw/fp-53430067aac0/GSE309595_family.soft.gz		PBMCs were removed from liquid nitrogen and rapidly thawed in a 37	True
GSM9270185	geo:GSE309595:GSM9270185	gene_annotation_version	Ensembl v93	file	raw/fp-53430067aac0/GSE309595_family.soft.gz		refdata-cellranger-GRCh38-3.0.0; based on the GRCh38 genome reference and Ensembl v93 transcriptome annotations	True
GSM9270185	geo:GSE309595:GSM9270185	assay	10x 3' transcription profiling	file	raw/fp-53430067aac0/GSE309595_family.soft.gz		scRNAseq libraries were generated using a modified 10x genomics chromium 3′ single cell gene expression assay with Cell Hashing.	True
GSM9270185	geo:GSE309595:GSM9270185	self_reported_ethnicity	Asian	file	raw/fp-53430067aac0/GSE309595_family.soft.gz		!Sample_characteristics_ch1 = race: Asian	True
GSM9270185	geo:GSE309595:GSM9270185	disease_free_text	multiple myeloma	file	raw/fp-53430067aac0/GSE309595_family.soft.gz		Multiple myeloma (MM) is a hematological malignancy characterized by an expansion of malignant plasma cells in the bone marrow.	True
GSM9270185	geo:GSE309595:GSM9270185	disease_free_text	multiple myeloma	file	raw/fp-53430067aac0/GSE309595_family.soft.gz		!Sample_characteristics_ch1 = subject id: FH2005	True
GSM9270185	geo:GSE309595:GSM9270185	disease_free_text	multiple myeloma	file	raw/fp-53430067aac0/GSE309595_family.soft.gz		!Sample_characteristics_ch1 = visit: MM CD38 4 months	True
GSM9270185	geo:GSE309595:GSM9270185	disease_free_text	multiple myeloma	file	raw/fp-53430067aac0/GSE309595_family.soft.gz		A second cohort of patients over the age of 30 with suspected refractory MM receiving anti-CD38 MAb therapy were enrolled in Seattle, WA.	True
GSM9270186	geo:GSE309595:GSM9270186	donor_id	FH2004	file	raw/fp-53430067aac0/GSE309595_family.soft.gz		!Sample_characteristics_ch1 = subject id: FH2004	True
GSM9270186	geo:GSE309595:GSM9270186	sex	female	file	raw/fp-53430067aac0/GSE309595_family.soft.gz		!Sample_characteristics_ch1 = Sex: Female	True
GSM9270186	geo:GSE309595:GSM9270186	tissue_free_text	Blood	file	raw/fp-53430067aac0/GSE309595_family.soft.gz		!Sample_characteristics_ch1 = tissue: Blood	True
GSM9270186	geo:GSE309595:GSM9270186	tissue_type	tissue	file	raw/fp-53430067aac0/GSE309595_family.soft.gz		!Sample_characteristics_ch1 = tissue: Blood	True
GSM9270186	geo:GSE309595:GSM9270186	tissue_type	tissue	file	raw/fp-53430067aac0/GSE309595_family.soft.gz		!Sample_characteristics_ch1 = cell type: PBMC	True
GSM9270186	geo:GSE309595:GSM9270186	suspension_type	cell	file	raw/fp-53430067aac0/GSE309595_family.soft.gz		single cell gene expression assay with Cell Hashing	True
GSM9270186	geo:GSE309595:GSM9270186	suspension_type	cell	file	raw/fp-53430067aac0/GSE309595_family.soft.gz		PBMCs were removed from liquid nitrogen and rapidly thawed in a 37	True
GSM9270186	geo:GSE309595:GSM9270186	gene_annotation_version	Ensembl v93	file	raw/fp-53430067aac0/GSE309595_family.soft.gz		refdata-cellranger-GRCh38-3.0.0; based on the GRCh38 genome reference and Ensembl v93 transcriptome annotations	True
GSM9270186	geo:GSE309595:GSM9270186	assay	10x 3' transcription profiling	file	raw/fp-53430067aac0/GSE309595_family.soft.gz		scRNAseq libraries were generated using a modified 10x genomics chromium 3′ single cell gene expression assay with Cell Hashing.	True
GSM9270186	geo:GSE309595:GSM9270186	self_reported_ethnicity	Caucasian	file	raw/fp-53430067aac0/GSE309595_family.soft.gz		!Sample_characteristics_ch1 = race: Caucasian	True
GSM9270186	geo:GSE309595:GSM9270186	disease_free_text	multiple myeloma	file	raw/fp-53430067aac0/GSE309595_family.soft.gz		Multiple myeloma (MM) is a hematological malignancy characterized by an expansion of malignant plasma cells in the bone marrow.	True
GSM9270186	geo:GSE309595:GSM9270186	disease_free_text	multiple myeloma	file	raw/fp-53430067aac0/GSE309595_family.soft.gz		!Sample_characteristics_ch1 = subject id: FH2004	True
GSM9270186	geo:GSE309595:GSM9270186	disease_free_text	multiple myeloma	file	raw/fp-53430067aac0/GSE309595_family.soft.gz		!Sample_characteristics_ch1 = visit: MM CD38 4 months	True
GSM9270186	geo:GSE309595:GSM9270186	disease_free_text	multiple myeloma	file	raw/fp-53430067aac0/GSE309595_family.soft.gz		A second cohort of patients over the age of 30 with suspected refractory MM receiving anti-CD38 MAb therapy were enrolled in Seattle, WA.	True
GSM9270187	geo:GSE309595:GSM9270187	donor_id	FH2007	file	raw/fp-53430067aac0/GSE309595_family.soft.gz		!Sample_characteristics_ch1 = subject id: FH2007	True
GSM9270187	geo:GSE309595:GSM9270187	sex	male	file	raw/fp-53430067aac0/GSE309595_family.soft.gz		!Sample_characteristics_ch1 = Sex: Male	True
GSM9270187	geo:GSE309595:GSM9270187	tissue_free_text	Blood	file	raw/fp-53430067aac0/GSE309595_family.soft.gz		!Sample_characteristics_ch1 = tissue: Blood	True
GSM9270187	geo:GSE309595:GSM9270187	tissue_type	tissue	file	raw/fp-53430067aac0/GSE309595_family.soft.gz		!Sample_characteristics_ch1 = tissue: Blood	True
GSM9270187	geo:GSE309595:GSM9270187	tissue_type	tissue	file	raw/fp-53430067aac0/GSE309595_family.soft.gz		!Sample_characteristics_ch1 = cell type: PBMC	True
GSM9270187	geo:GSE309595:GSM9270187	suspension_type	cell	file	raw/fp-53430067aac0/GSE309595_family.soft.gz		single cell gene expression assay with Cell Hashing	True
GSM9270187	geo:GSE309595:GSM9270187	suspension_type	cell	file	raw/fp-53430067aac0/GSE309595_family.soft.gz		PBMCs were removed from liquid nitrogen and rapidly thawed in a 37	True
GSM9270187	geo:GSE309595:GSM9270187	gene_annotation_version	Ensembl v93	file	raw/fp-53430067aac0/GSE309595_family.soft.gz		refdata-cellranger-GRCh38-3.0.0; based on the GRCh38 genome reference and Ensembl v93 transcriptome annotations	True
GSM9270187	geo:GSE309595:GSM9270187	assay	10x 3' transcription profiling	file	raw/fp-53430067aac0/GSE309595_family.soft.gz		scRNAseq libraries were generated using a modified 10x genomics chromium 3′ single cell gene expression assay with Cell Hashing.	True
GSM9270187	geo:GSE309595:GSM9270187	self_reported_ethnicity	Caucasian	file	raw/fp-53430067aac0/GSE309595_family.soft.gz		!Sample_characteristics_ch1 = race: Caucasian	True
GSM9270187	geo:GSE309595:GSM9270187	disease_free_text	multiple myeloma	file	raw/fp-53430067aac0/GSE309595_family.soft.gz		Multiple myeloma (MM) is a hematological malignancy characterized by an expansion of malignant plasma cells in the bone marrow.	True
GSM9270187	geo:GSE309595:GSM9270187	disease_free_text	multiple myeloma	file	raw/fp-53430067aac0/GSE309595_family.soft.gz		!Sample_characteristics_ch1 = subject id: FH2007	True
GSM9270187	geo:GSE309595:GSM9270187	disease_free_text	multiple myeloma	file	raw/fp-53430067aac0/GSE309595_family.soft.gz		!Sample_characteristics_ch1 = visit: MM CD38 8 weeks	True
GSM9270187	geo:GSE309595:GSM9270187	disease_free_text	multiple myeloma	file	raw/fp-53430067aac0/GSE309595_family.soft.gz		A second cohort of patients over the age of 30 with suspected refractory MM receiving anti-CD38 MAb therapy were enrolled in Seattle, WA.	True
GSM9270188	geo:GSE309595:GSM9270188	donor_id	FH2001	file	raw/fp-53430067aac0/GSE309595_family.soft.gz		!Sample_characteristics_ch1 = subject id: FH2001	True
GSM9270188	geo:GSE309595:GSM9270188	sex	male	file	raw/fp-53430067aac0/GSE309595_family.soft.gz		!Sample_characteristics_ch1 = Sex: Male	True
GSM9270188	geo:GSE309595:GSM9270188	tissue_free_text	Blood	file	raw/fp-53430067aac0/GSE309595_family.soft.gz		!Sample_characteristics_ch1 = tissue: Blood	True
GSM9270188	geo:GSE309595:GSM9270188	tissue_type	tissue	file	raw/fp-53430067aac0/GSE309595_family.soft.gz		!Sample_characteristics_ch1 = tissue: Blood	True
GSM9270188	geo:GSE309595:GSM9270188	tissue_type	tissue	file	raw/fp-53430067aac0/GSE309595_family.soft.gz		!Sample_characteristics_ch1 = cell type: PBMC	True
GSM9270188	geo:GSE309595:GSM9270188	suspension_type	cell	file	raw/fp-53430067aac0/GSE309595_family.soft.gz		single cell gene expression assay with Cell Hashing	True
GSM9270188	geo:GSE309595:GSM9270188	suspension_type	cell	file	raw/fp-53430067aac0/GSE309595_family.soft.gz		PBMCs were removed from liquid nitrogen and rapidly thawed in a 37	True
GSM9270188	geo:GSE309595:GSM9270188	gene_annotation_version	Ensembl v93	file	raw/fp-53430067aac0/GSE309595_family.soft.gz		refdata-cellranger-GRCh38-3.0.0; based on the GRCh38 genome reference and Ensembl v93 transcriptome annotations	True
GSM9270188	geo:GSE309595:GSM9270188	assay	10x 3' transcription profiling	file	raw/fp-53430067aac0/GSE309595_family.soft.gz		scRNAseq libraries were generated using a modified 10x genomics chromium 3′ single cell gene expression assay with Cell Hashing.	True
GSM9270188	geo:GSE309595:GSM9270188	self_reported_ethnicity	Caucasian	file	raw/fp-53430067aac0/GSE309595_family.soft.gz		!Sample_characteristics_ch1 = race: Caucasian	True
GSM9270188	geo:GSE309595:GSM9270188	disease_free_text	multiple myeloma	file	raw/fp-53430067aac0/GSE309595_family.soft.gz		Multiple myeloma (MM) is a hematological malignancy characterized by an expansion of malignant plasma cells in the bone marrow.	True
GSM9270188	geo:GSE309595:GSM9270188	disease_free_text	multiple myeloma	file	raw/fp-53430067aac0/GSE309595_family.soft.gz		!Sample_characteristics_ch1 = subject id: FH2001	True
GSM9270188	geo:GSE309595:GSM9270188	disease_free_text	multiple myeloma	file	raw/fp-53430067aac0/GSE309595_family.soft.gz		!Sample_characteristics_ch1 = visit: MM CD38 12 months	True
GSM9270188	geo:GSE309595:GSM9270188	disease_free_text	multiple myeloma	file	raw/fp-53430067aac0/GSE309595_family.soft.gz		A second cohort of patients over the age of 30 with suspected refractory MM receiving anti-CD38 MAb therapy were enrolled in Seattle, WA.	True
GSM9270189	geo:GSE309595:GSM9270189	donor_id	FH2008	file	raw/fp-53430067aac0/GSE309595_family.soft.gz		!Sample_characteristics_ch1 = subject id: FH2008	True
GSM9270189	geo:GSE309595:GSM9270189	sex	female	file	raw/fp-53430067aac0/GSE309595_family.soft.gz		!Sample_characteristics_ch1 = Sex: Female	True
GSM9270189	geo:GSE309595:GSM9270189	tissue_free_text	Blood	file	raw/fp-53430067aac0/GSE309595_family.soft.gz		!Sample_characteristics_ch1 = tissue: Blood	True
GSM9270189	geo:GSE309595:GSM9270189	tissue_type	tissue	file	raw/fp-53430067aac0/GSE309595_family.soft.gz		!Sample_characteristics_ch1 = tissue: Blood	True
GSM9270189	geo:GSE309595:GSM9270189	tissue_type	tissue	file	raw/fp-53430067aac0/GSE309595_family.soft.gz		!Sample_characteristics_ch1 = cell type: PBMC	True
GSM9270189	geo:GSE309595:GSM9270189	suspension_type	cell	file	raw/fp-53430067aac0/GSE309595_family.soft.gz		single cell gene expression assay with Cell Hashing	True
GSM9270189	geo:GSE309595:GSM9270189	suspension_type	cell	file	raw/fp-53430067aac0/GSE309595_family.soft.gz		PBMCs were removed from liquid nitrogen and rapidly thawed in a 37	True
GSM9270189	geo:GSE309595:GSM9270189	gene_annotation_version	Ensembl v93	file	raw/fp-53430067aac0/GSE309595_family.soft.gz		refdata-cellranger-GRCh38-3.0.0; based on the GRCh38 genome reference and Ensembl v93 transcriptome annotations	True
GSM9270189	geo:GSE309595:GSM9270189	assay	10x 3' transcription profiling	file	raw/fp-53430067aac0/GSE309595_family.soft.gz		scRNAseq libraries were generated using a modified 10x genomics chromium 3′ single cell gene expression assay with Cell Hashing.	True
GSM9270189	geo:GSE309595:GSM9270189	self_reported_ethnicity	Caucasian	file	raw/fp-53430067aac0/GSE309595_family.soft.gz		!Sample_characteristics_ch1 = race: Caucasian	True
GSM9270189	geo:GSE309595:GSM9270189	disease_free_text	multiple myeloma	file	raw/fp-53430067aac0/GSE309595_family.soft.gz		Multiple myeloma (MM) is a hematological malignancy characterized by an expansion of malignant plasma cells in the bone marrow.	True
GSM9270189	geo:GSE309595:GSM9270189	disease_free_text	multiple myeloma	file	raw/fp-53430067aac0/GSE309595_family.soft.gz		!Sample_characteristics_ch1 = subject id: FH2008	True
GSM9270189	geo:GSE309595:GSM9270189	disease_free_text	multiple myeloma	file	raw/fp-53430067aac0/GSE309595_family.soft.gz		!Sample_characteristics_ch1 = visit: MM CD38 Pre-treatment	True
GSM9270189	geo:GSE309595:GSM9270189	disease_free_text	multiple myeloma	file	raw/fp-53430067aac0/GSE309595_family.soft.gz		A second cohort of patients over the age of 30 with suspected refractory MM receiving anti-CD38 MAb therapy were enrolled in Seattle, WA.	True
GSM9270190	geo:GSE309595:GSM9270190	donor_id	FH2004	file	raw/fp-53430067aac0/GSE309595_family.soft.gz		!Sample_characteristics_ch1 = subject id: FH2004	True
GSM9270190	geo:GSE309595:GSM9270190	sex	female	file	raw/fp-53430067aac0/GSE309595_family.soft.gz		!Sample_characteristics_ch1 = Sex: Female	True
GSM9270190	geo:GSE309595:GSM9270190	tissue_free_text	Blood	file	raw/fp-53430067aac0/GSE309595_family.soft.gz		!Sample_characteristics_ch1 = tissue: Blood	True
GSM9270190	geo:GSE309595:GSM9270190	tissue_type	tissue	file	raw/fp-53430067aac0/GSE309595_family.soft.gz		!Sample_characteristics_ch1 = tissue: Blood	True
GSM9270190	geo:GSE309595:GSM9270190	tissue_type	tissue	file	raw/fp-53430067aac0/GSE309595_family.soft.gz		!Sample_characteristics_ch1 = cell type: PBMC	True
GSM9270190	geo:GSE309595:GSM9270190	suspension_type	cell	file	raw/fp-53430067aac0/GSE309595_family.soft.gz		single cell gene expression assay with Cell Hashing	True
GSM9270190	geo:GSE309595:GSM9270190	suspension_type	cell	file	raw/fp-53430067aac0/GSE309595_family.soft.gz		PBMCs were removed from liquid nitrogen and rapidly thawed in a 37	True
GSM9270190	geo:GSE309595:GSM9270190	gene_annotation_version	Ensembl v93	file	raw/fp-53430067aac0/GSE309595_family.soft.gz		refdata-cellranger-GRCh38-3.0.0; based on the GRCh38 genome reference and Ensembl v93 transcriptome annotations	True
GSM9270190	geo:GSE309595:GSM9270190	assay	10x 3' transcription profiling	file	raw/fp-53430067aac0/GSE309595_family.soft.gz		scRNAseq libraries were generated using a modified 10x genomics chromium 3′ single cell gene expression assay with Cell Hashing.	True
GSM9270190	geo:GSE309595:GSM9270190	self_reported_ethnicity	Caucasian	file	raw/fp-53430067aac0/GSE309595_family.soft.gz		!Sample_characteristics_ch1 = race: Caucasian	True
GSM9270190	geo:GSE309595:GSM9270190	disease_free_text	multiple myeloma	file	raw/fp-53430067aac0/GSE309595_family.soft.gz		Multiple myeloma (MM) is a hematological malignancy characterized by an expansion of malignant plasma cells in the bone marrow.	True
GSM9270190	geo:GSE309595:GSM9270190	disease_free_text	multiple myeloma	file	raw/fp-53430067aac0/GSE309595_family.soft.gz		!Sample_characteristics_ch1 = subject id: FH2004	True
GSM9270190	geo:GSE309595:GSM9270190	disease_free_text	multiple myeloma	file	raw/fp-53430067aac0/GSE309595_family.soft.gz		!Sample_characteristics_ch1 = visit: MM CD38 6 months	True
GSM9270190	geo:GSE309595:GSM9270190	disease_free_text	multiple myeloma	file	raw/fp-53430067aac0/GSE309595_family.soft.gz		A second cohort of patients over the age of 30 with suspected refractory MM receiving anti-CD38 MAb therapy were enrolled in Seattle, WA.	True
GSM9270191	geo:GSE309595:GSM9270191	donor_id	FH2008	file	raw/fp-53430067aac0/GSE309595_family.soft.gz		!Sample_characteristics_ch1 = subject id: FH2008	True
GSM9270191	geo:GSE309595:GSM9270191	sex	female	file	raw/fp-53430067aac0/GSE309595_family.soft.gz		!Sample_characteristics_ch1 = Sex: Female	True
GSM9270191	geo:GSE309595:GSM9270191	tissue_free_text	Blood	file	raw/fp-53430067aac0/GSE309595_family.soft.gz		!Sample_characteristics_ch1 = tissue: Blood	True
GSM9270191	geo:GSE309595:GSM9270191	tissue_type	tissue	file	raw/fp-53430067aac0/GSE309595_family.soft.gz		!Sample_characteristics_ch1 = tissue: Blood	True
GSM9270191	geo:GSE309595:GSM9270191	tissue_type	tissue	file	raw/fp-53430067aac0/GSE309595_family.soft.gz		!Sample_characteristics_ch1 = cell type: PBMC	True
GSM9270191	geo:GSE309595:GSM9270191	suspension_type	cell	file	raw/fp-53430067aac0/GSE309595_family.soft.gz		single cell gene expression assay with Cell Hashing	True
GSM9270191	geo:GSE309595:GSM9270191	suspension_type	cell	file	raw/fp-53430067aac0/GSE309595_family.soft.gz		PBMCs were removed from liquid nitrogen and rapidly thawed in a 37	True
GSM9270191	geo:GSE309595:GSM9270191	gene_annotation_version	Ensembl v93	file	raw/fp-53430067aac0/GSE309595_family.soft.gz		refdata-cellranger-GRCh38-3.0.0; based on the GRCh38 genome reference and Ensembl v93 transcriptome annotations	True
GSM9270191	geo:GSE309595:GSM9270191	assay	10x 3' transcription profiling	file	raw/fp-53430067aac0/GSE309595_family.soft.gz		scRNAseq libraries were generated using a modified 10x genomics chromium 3′ single cell gene expression assay with Cell Hashing.	True
GSM9270191	geo:GSE309595:GSM9270191	self_reported_ethnicity	Caucasian	file	raw/fp-53430067aac0/GSE309595_family.soft.gz		!Sample_characteristics_ch1 = race: Caucasian	True
GSM9270191	geo:GSE309595:GSM9270191	disease_free_text	multiple myeloma	file	raw/fp-53430067aac0/GSE309595_family.soft.gz		Multiple myeloma (MM) is a hematological malignancy characterized by an expansion of malignant plasma cells in the bone marrow.	True
GSM9270191	geo:GSE309595:GSM9270191	disease_free_text	multiple myeloma	file	raw/fp-53430067aac0/GSE309595_family.soft.gz		!Sample_characteristics_ch1 = subject id: FH2008	True
GSM9270191	geo:GSE309595:GSM9270191	disease_free_text	multiple myeloma	file	raw/fp-53430067aac0/GSE309595_family.soft.gz		!Sample_characteristics_ch1 = visit: MM CD38 2 weeks	True
GSM9270191	geo:GSE309595:GSM9270191	disease_free_text	multiple myeloma	file	raw/fp-53430067aac0/GSE309595_family.soft.gz		A second cohort of patients over the age of 30 with suspected refractory MM receiving anti-CD38 MAb therapy were enrolled in Seattle, WA.	True
GSM9270192	geo:GSE309595:GSM9270192	donor_id	FH2007	file	raw/fp-53430067aac0/GSE309595_family.soft.gz		!Sample_characteristics_ch1 = subject id: FH2007	True
GSM9270192	geo:GSE309595:GSM9270192	sex	male	file	raw/fp-53430067aac0/GSE309595_family.soft.gz		!Sample_characteristics_ch1 = Sex: Male	True
GSM9270192	geo:GSE309595:GSM9270192	tissue_free_text	Blood	file	raw/fp-53430067aac0/GSE309595_family.soft.gz		!Sample_characteristics_ch1 = tissue: Blood	True
GSM9270192	geo:GSE309595:GSM9270192	tissue_type	tissue	file	raw/fp-53430067aac0/GSE309595_family.soft.gz		!Sample_characteristics_ch1 = tissue: Blood	True
GSM9270192	geo:GSE309595:GSM9270192	tissue_type	tissue	file	raw/fp-53430067aac0/GSE309595_family.soft.gz		!Sample_characteristics_ch1 = cell type: PBMC	True
GSM9270192	geo:GSE309595:GSM9270192	suspension_type	cell	file	raw/fp-53430067aac0/GSE309595_family.soft.gz		single cell gene expression assay with Cell Hashing	True
GSM9270192	geo:GSE309595:GSM9270192	suspension_type	cell	file	raw/fp-53430067aac0/GSE309595_family.soft.gz		PBMCs were removed from liquid nitrogen and rapidly thawed in a 37	True
GSM9270192	geo:GSE309595:GSM9270192	gene_annotation_version	Ensembl v93	file	raw/fp-53430067aac0/GSE309595_family.soft.gz		refdata-cellranger-GRCh38-3.0.0; based on the GRCh38 genome reference and Ensembl v93 transcriptome annotations	True
GSM9270192	geo:GSE309595:GSM9270192	assay	10x 3' transcription profiling	file	raw/fp-53430067aac0/GSE309595_family.soft.gz		scRNAseq libraries were generated using a modified 10x genomics chromium 3′ single cell gene expression assay with Cell Hashing.	True
GSM9270192	geo:GSE309595:GSM9270192	self_reported_ethnicity	Caucasian	file	raw/fp-53430067aac0/GSE309595_family.soft.gz		!Sample_characteristics_ch1 = race: Caucasian	True
GSM9270192	geo:GSE309595:GSM9270192	disease_free_text	multiple myeloma	file	raw/fp-53430067aac0/GSE309595_family.soft.gz		Multiple myeloma (MM) is a hematological malignancy characterized by an expansion of malignant plasma cells in the bone marrow.	True
GSM9270192	geo:GSE309595:GSM9270192	disease_free_text	multiple myeloma	file	raw/fp-53430067aac0/GSE309595_family.soft.gz		!Sample_characteristics_ch1 = subject id: FH2007	True
GSM9270192	geo:GSE309595:GSM9270192	disease_free_text	multiple myeloma	file	raw/fp-53430067aac0/GSE309595_family.soft.gz		!Sample_characteristics_ch1 = visit: MM CD38 4 months	True
GSM9270192	geo:GSE309595:GSM9270192	disease_free_text	multiple myeloma	file	raw/fp-53430067aac0/GSE309595_family.soft.gz		A second cohort of patients over the age of 30 with suspected refractory MM receiving anti-CD38 MAb therapy were enrolled in Seattle, WA.	True
GSM9270193	geo:GSE309595:GSM9270193	donor_id	FH2008	file	raw/fp-53430067aac0/GSE309595_family.soft.gz		!Sample_characteristics_ch1 = subject id: FH2008	True
GSM9270193	geo:GSE309595:GSM9270193	sex	female	file	raw/fp-53430067aac0/GSE309595_family.soft.gz		!Sample_characteristics_ch1 = Sex: Female	True
GSM9270193	geo:GSE309595:GSM9270193	tissue_free_text	Blood	file	raw/fp-53430067aac0/GSE309595_family.soft.gz		!Sample_characteristics_ch1 = tissue: Blood	True
GSM9270193	geo:GSE309595:GSM9270193	tissue_type	tissue	file	raw/fp-53430067aac0/GSE309595_family.soft.gz		!Sample_characteristics_ch1 = tissue: Blood	True
GSM9270193	geo:GSE309595:GSM9270193	tissue_type	tissue	file	raw/fp-53430067aac0/GSE309595_family.soft.gz		!Sample_characteristics_ch1 = cell type: PBMC	True
GSM9270193	geo:GSE309595:GSM9270193	suspension_type	cell	file	raw/fp-53430067aac0/GSE309595_family.soft.gz		single cell gene expression assay with Cell Hashing	True
GSM9270193	geo:GSE309595:GSM9270193	suspension_type	cell	file	raw/fp-53430067aac0/GSE309595_family.soft.gz		PBMCs were removed from liquid nitrogen and rapidly thawed in a 37	True
GSM9270193	geo:GSE309595:GSM9270193	gene_annotation_version	Ensembl v93	file	raw/fp-53430067aac0/GSE309595_family.soft.gz		refdata-cellranger-GRCh38-3.0.0; based on the GRCh38 genome reference and Ensembl v93 transcriptome annotations	True
GSM9270193	geo:GSE309595:GSM9270193	assay	10x 3' transcription profiling	file	raw/fp-53430067aac0/GSE309595_family.soft.gz		scRNAseq libraries were generated using a modified 10x genomics chromium 3′ single cell gene expression assay with Cell Hashing.	True
GSM9270193	geo:GSE309595:GSM9270193	self_reported_ethnicity	Caucasian	file	raw/fp-53430067aac0/GSE309595_family.soft.gz		!Sample_characteristics_ch1 = race: Caucasian	True
GSM9270193	geo:GSE309595:GSM9270193	disease_free_text	multiple myeloma	file	raw/fp-53430067aac0/GSE309595_family.soft.gz		Multiple myeloma (MM) is a hematological malignancy characterized by an expansion of malignant plasma cells in the bone marrow.	True
GSM9270193	geo:GSE309595:GSM9270193	disease_free_text	multiple myeloma	file	raw/fp-53430067aac0/GSE309595_family.soft.gz		!Sample_characteristics_ch1 = subject id: FH2008	True
GSM9270193	geo:GSE309595:GSM9270193	disease_free_text	multiple myeloma	file	raw/fp-53430067aac0/GSE309595_family.soft.gz		!Sample_characteristics_ch1 = visit: MM CD38 4 weeks	True
GSM9270193	geo:GSE309595:GSM9270193	disease_free_text	multiple myeloma	file	raw/fp-53430067aac0/GSE309595_family.soft.gz		A second cohort of patients over the age of 30 with suspected refractory MM receiving anti-CD38 MAb therapy were enrolled in Seattle, WA.	True
GSM9270194	geo:GSE309595:GSM9270194	donor_id	FH2005	file	raw/fp-53430067aac0/GSE309595_family.soft.gz		!Sample_characteristics_ch1 = subject id: FH2005	True
GSM9270194	geo:GSE309595:GSM9270194	sex	female	file	raw/fp-53430067aac0/GSE309595_family.soft.gz		!Sample_characteristics_ch1 = Sex: Female	True
GSM9270194	geo:GSE309595:GSM9270194	tissue_free_text	Blood	file	raw/fp-53430067aac0/GSE309595_family.soft.gz		!Sample_characteristics_ch1 = tissue: Blood	True
GSM9270194	geo:GSE309595:GSM9270194	tissue_type	tissue	file	raw/fp-53430067aac0/GSE309595_family.soft.gz		!Sample_characteristics_ch1 = tissue: Blood	True
GSM9270194	geo:GSE309595:GSM9270194	tissue_type	tissue	file	raw/fp-53430067aac0/GSE309595_family.soft.gz		!Sample_characteristics_ch1 = cell type: PBMC	True
GSM9270194	geo:GSE309595:GSM9270194	suspension_type	cell	file	raw/fp-53430067aac0/GSE309595_family.soft.gz		single cell gene expression assay with Cell Hashing	True
GSM9270194	geo:GSE309595:GSM9270194	suspension_type	cell	file	raw/fp-53430067aac0/GSE309595_family.soft.gz		PBMCs were removed from liquid nitrogen and rapidly thawed in a 37	True
GSM9270194	geo:GSE309595:GSM9270194	gene_annotation_version	Ensembl v93	file	raw/fp-53430067aac0/GSE309595_family.soft.gz		refdata-cellranger-GRCh38-3.0.0; based on the GRCh38 genome reference and Ensembl v93 transcriptome annotations	True
GSM9270194	geo:GSE309595:GSM9270194	assay	10x 3' transcription profiling	file	raw/fp-53430067aac0/GSE309595_family.soft.gz		scRNAseq libraries were generated using a modified 10x genomics chromium 3′ single cell gene expression assay with Cell Hashing.	True
GSM9270194	geo:GSE309595:GSM9270194	self_reported_ethnicity	Asian	file	raw/fp-53430067aac0/GSE309595_family.soft.gz		!Sample_characteristics_ch1 = race: Asian	True
GSM9270194	geo:GSE309595:GSM9270194	disease_free_text	multiple myeloma	file	raw/fp-53430067aac0/GSE309595_family.soft.gz		Multiple myeloma (MM) is a hematological malignancy characterized by an expansion of malignant plasma cells in the bone marrow.	True
GSM9270194	geo:GSE309595:GSM9270194	disease_free_text	multiple myeloma	file	raw/fp-53430067aac0/GSE309595_family.soft.gz		!Sample_characteristics_ch1 = subject id: FH2005	True
GSM9270194	geo:GSE309595:GSM9270194	disease_free_text	multiple myeloma	file	raw/fp-53430067aac0/GSE309595_family.soft.gz		!Sample_characteristics_ch1 = visit: MM CD38 6 months	True
GSM9270194	geo:GSE309595:GSM9270194	disease_free_text	multiple myeloma	file	raw/fp-53430067aac0/GSE309595_family.soft.gz		A second cohort of patients over the age of 30 with suspected refractory MM receiving anti-CD38 MAb therapy were enrolled in Seattle, WA.	True
GSM9270195	geo:GSE309595:GSM9270195	donor_id	FH2008	file	raw/fp-53430067aac0/GSE309595_family.soft.gz		!Sample_characteristics_ch1 = subject id: FH2008	True
GSM9270195	geo:GSE309595:GSM9270195	sex	female	file	raw/fp-53430067aac0/GSE309595_family.soft.gz		!Sample_characteristics_ch1 = Sex: Female	True
GSM9270195	geo:GSE309595:GSM9270195	tissue_free_text	Blood	file	raw/fp-53430067aac0/GSE309595_family.soft.gz		!Sample_characteristics_ch1 = tissue: Blood	True
GSM9270195	geo:GSE309595:GSM9270195	tissue_type	tissue	file	raw/fp-53430067aac0/GSE309595_family.soft.gz		!Sample_characteristics_ch1 = tissue: Blood	True
GSM9270195	geo:GSE309595:GSM9270195	tissue_type	tissue	file	raw/fp-53430067aac0/GSE309595_family.soft.gz		!Sample_characteristics_ch1 = cell type: PBMC	True
GSM9270195	geo:GSE309595:GSM9270195	suspension_type	cell	file	raw/fp-53430067aac0/GSE309595_family.soft.gz		single cell gene expression assay with Cell Hashing	True
GSM9270195	geo:GSE309595:GSM9270195	suspension_type	cell	file	raw/fp-53430067aac0/GSE309595_family.soft.gz		PBMCs were removed from liquid nitrogen and rapidly thawed in a 37	True
GSM9270195	geo:GSE309595:GSM9270195	gene_annotation_version	Ensembl v93	file	raw/fp-53430067aac0/GSE309595_family.soft.gz		refdata-cellranger-GRCh38-3.0.0; based on the GRCh38 genome reference and Ensembl v93 transcriptome annotations	True
GSM9270195	geo:GSE309595:GSM9270195	assay	10x 3' transcription profiling	file	raw/fp-53430067aac0/GSE309595_family.soft.gz		scRNAseq libraries were generated using a modified 10x genomics chromium 3′ single cell gene expression assay with Cell Hashing.	True
GSM9270195	geo:GSE309595:GSM9270195	self_reported_ethnicity	Caucasian	file	raw/fp-53430067aac0/GSE309595_family.soft.gz		!Sample_characteristics_ch1 = race: Caucasian	True
GSM9270195	geo:GSE309595:GSM9270195	disease_free_text	multiple myeloma	file	raw/fp-53430067aac0/GSE309595_family.soft.gz		Multiple myeloma (MM) is a hematological malignancy characterized by an expansion of malignant plasma cells in the bone marrow.	True
GSM9270195	geo:GSE309595:GSM9270195	disease_free_text	multiple myeloma	file	raw/fp-53430067aac0/GSE309595_family.soft.gz		!Sample_characteristics_ch1 = subject id: FH2008	True
GSM9270195	geo:GSE309595:GSM9270195	disease_free_text	multiple myeloma	file	raw/fp-53430067aac0/GSE309595_family.soft.gz		!Sample_characteristics_ch1 = visit: MM CD38 8 weeks	True
GSM9270195	geo:GSE309595:GSM9270195	disease_free_text	multiple myeloma	file	raw/fp-53430067aac0/GSE309595_family.soft.gz		A second cohort of patients over the age of 30 with suspected refractory MM receiving anti-CD38 MAb therapy were enrolled in Seattle, WA.	True
GSM9270196	geo:GSE309595:GSM9270196	donor_id	FH2004	file	raw/fp-53430067aac0/GSE309595_family.soft.gz		!Sample_characteristics_ch1 = subject id: FH2004	True
GSM9270196	geo:GSE309595:GSM9270196	sex	female	file	raw/fp-53430067aac0/GSE309595_family.soft.gz		!Sample_characteristics_ch1 = Sex: Female	True
GSM9270196	geo:GSE309595:GSM9270196	tissue_free_text	Blood	file	raw/fp-53430067aac0/GSE309595_family.soft.gz		!Sample_characteristics_ch1 = tissue: Blood	True
GSM9270196	geo:GSE309595:GSM9270196	tissue_type	tissue	file	raw/fp-53430067aac0/GSE309595_family.soft.gz		!Sample_characteristics_ch1 = tissue: Blood	True
GSM9270196	geo:GSE309595:GSM9270196	tissue_type	tissue	file	raw/fp-53430067aac0/GSE309595_family.soft.gz		!Sample_characteristics_ch1 = cell type: PBMC	True
GSM9270196	geo:GSE309595:GSM9270196	suspension_type	cell	file	raw/fp-53430067aac0/GSE309595_family.soft.gz		single cell gene expression assay with Cell Hashing	True
GSM9270196	geo:GSE309595:GSM9270196	suspension_type	cell	file	raw/fp-53430067aac0/GSE309595_family.soft.gz		PBMCs were removed from liquid nitrogen and rapidly thawed in a 37	True
GSM9270196	geo:GSE309595:GSM9270196	gene_annotation_version	Ensembl v93	file	raw/fp-53430067aac0/GSE309595_family.soft.gz		refdata-cellranger-GRCh38-3.0.0; based on the GRCh38 genome reference and Ensembl v93 transcriptome annotations	True
GSM9270196	geo:GSE309595:GSM9270196	assay	10x 3' transcription profiling	file	raw/fp-53430067aac0/GSE309595_family.soft.gz		scRNAseq libraries were generated using a modified 10x genomics chromium 3′ single cell gene expression assay with Cell Hashing.	True
GSM9270196	geo:GSE309595:GSM9270196	self_reported_ethnicity	Caucasian	file	raw/fp-53430067aac0/GSE309595_family.soft.gz		!Sample_characteristics_ch1 = race: Caucasian	True
GSM9270196	geo:GSE309595:GSM9270196	disease_free_text	multiple myeloma	file	raw/fp-53430067aac0/GSE309595_family.soft.gz		Multiple myeloma (MM) is a hematological malignancy characterized by an expansion of malignant plasma cells in the bone marrow.	True
GSM9270196	geo:GSE309595:GSM9270196	disease_free_text	multiple myeloma	file	raw/fp-53430067aac0/GSE309595_family.soft.gz		!Sample_characteristics_ch1 = subject id: FH2004	True
GSM9270196	geo:GSE309595:GSM9270196	disease_free_text	multiple myeloma	file	raw/fp-53430067aac0/GSE309595_family.soft.gz		!Sample_characteristics_ch1 = visit: MM CD38 9 months	True
GSM9270196	geo:GSE309595:GSM9270196	disease_free_text	multiple myeloma	file	raw/fp-53430067aac0/GSE309595_family.soft.gz		A second cohort of patients over the age of 30 with suspected refractory MM receiving anti-CD38 MAb therapy were enrolled in Seattle, WA.	True
GSM9270197	geo:GSE309595:GSM9270197	donor_id	FH2005	file	raw/fp-53430067aac0/GSE309595_family.soft.gz		!Sample_characteristics_ch1 = subject id: FH2005	True
GSM9270197	geo:GSE309595:GSM9270197	sex	female	file	raw/fp-53430067aac0/GSE309595_family.soft.gz		!Sample_characteristics_ch1 = Sex: Female	True
GSM9270197	geo:GSE309595:GSM9270197	tissue_free_text	Blood	file	raw/fp-53430067aac0/GSE309595_family.soft.gz		!Sample_characteristics_ch1 = tissue: Blood	True
GSM9270197	geo:GSE309595:GSM9270197	tissue_type	tissue	file	raw/fp-53430067aac0/GSE309595_family.soft.gz		!Sample_characteristics_ch1 = tissue: Blood	True
GSM9270197	geo:GSE309595:GSM9270197	tissue_type	tissue	file	raw/fp-53430067aac0/GSE309595_family.soft.gz		!Sample_characteristics_ch1 = cell type: PBMC	True
GSM9270197	geo:GSE309595:GSM9270197	suspension_type	cell	file	raw/fp-53430067aac0/GSE309595_family.soft.gz		single cell gene expression assay with Cell Hashing	True
GSM9270197	geo:GSE309595:GSM9270197	suspension_type	cell	file	raw/fp-53430067aac0/GSE309595_family.soft.gz		PBMCs were removed from liquid nitrogen and rapidly thawed in a 37	True
GSM9270197	geo:GSE309595:GSM9270197	gene_annotation_version	Ensembl v93	file	raw/fp-53430067aac0/GSE309595_family.soft.gz		refdata-cellranger-GRCh38-3.0.0; based on the GRCh38 genome reference and Ensembl v93 transcriptome annotations	True
GSM9270197	geo:GSE309595:GSM9270197	assay	10x 3' transcription profiling	file	raw/fp-53430067aac0/GSE309595_family.soft.gz		scRNAseq libraries were generated using a modified 10x genomics chromium 3′ single cell gene expression assay with Cell Hashing.	True
GSM9270197	geo:GSE309595:GSM9270197	self_reported_ethnicity	Asian	file	raw/fp-53430067aac0/GSE309595_family.soft.gz		!Sample_characteristics_ch1 = race: Asian	True
GSM9270197	geo:GSE309595:GSM9270197	disease_free_text	multiple myeloma	file	raw/fp-53430067aac0/GSE309595_family.soft.gz		Multiple myeloma (MM) is a hematological malignancy characterized by an expansion of malignant plasma cells in the bone marrow.	True
GSM9270197	geo:GSE309595:GSM9270197	disease_free_text	multiple myeloma	file	raw/fp-53430067aac0/GSE309595_family.soft.gz		!Sample_characteristics_ch1 = subject id: FH2005	True
GSM9270197	geo:GSE309595:GSM9270197	disease_free_text	multiple myeloma	file	raw/fp-53430067aac0/GSE309595_family.soft.gz		!Sample_characteristics_ch1 = visit: MM CD38 9 months	True
GSM9270197	geo:GSE309595:GSM9270197	disease_free_text	multiple myeloma	file	raw/fp-53430067aac0/GSE309595_family.soft.gz		A second cohort of patients over the age of 30 with suspected refractory MM receiving anti-CD38 MAb therapy were enrolled in Seattle, WA.	True
GSM9270198	geo:GSE309595:GSM9270198	donor_id	FH2007	file	raw/fp-53430067aac0/GSE309595_family.soft.gz		!Sample_characteristics_ch1 = subject id: FH2007	True
GSM9270198	geo:GSE309595:GSM9270198	sex	male	file	raw/fp-53430067aac0/GSE309595_family.soft.gz		!Sample_characteristics_ch1 = Sex: Male	True
GSM9270198	geo:GSE309595:GSM9270198	tissue_free_text	Blood	file	raw/fp-53430067aac0/GSE309595_family.soft.gz		!Sample_characteristics_ch1 = tissue: Blood	True
GSM9270198	geo:GSE309595:GSM9270198	tissue_type	tissue	file	raw/fp-53430067aac0/GSE309595_family.soft.gz		!Sample_characteristics_ch1 = tissue: Blood	True
GSM9270198	geo:GSE309595:GSM9270198	tissue_type	tissue	file	raw/fp-53430067aac0/GSE309595_family.soft.gz		!Sample_characteristics_ch1 = cell type: PBMC	True
GSM9270198	geo:GSE309595:GSM9270198	suspension_type	cell	file	raw/fp-53430067aac0/GSE309595_family.soft.gz		single cell gene expression assay with Cell Hashing	True
GSM9270198	geo:GSE309595:GSM9270198	suspension_type	cell	file	raw/fp-53430067aac0/GSE309595_family.soft.gz		PBMCs were removed from liquid nitrogen and rapidly thawed in a 37	True
GSM9270198	geo:GSE309595:GSM9270198	gene_annotation_version	Ensembl v93	file	raw/fp-53430067aac0/GSE309595_family.soft.gz		refdata-cellranger-GRCh38-3.0.0; based on the GRCh38 genome reference and Ensembl v93 transcriptome annotations	True
GSM9270198	geo:GSE309595:GSM9270198	assay	10x 3' transcription profiling	file	raw/fp-53430067aac0/GSE309595_family.soft.gz		scRNAseq libraries were generated using a modified 10x genomics chromium 3′ single cell gene expression assay with Cell Hashing.	True
GSM9270198	geo:GSE309595:GSM9270198	self_reported_ethnicity	Caucasian	file	raw/fp-53430067aac0/GSE309595_family.soft.gz		!Sample_characteristics_ch1 = race: Caucasian	True
GSM9270198	geo:GSE309595:GSM9270198	disease_free_text	multiple myeloma	file	raw/fp-53430067aac0/GSE309595_family.soft.gz		Multiple myeloma (MM) is a hematological malignancy characterized by an expansion of malignant plasma cells in the bone marrow.	True
GSM9270198	geo:GSE309595:GSM9270198	disease_free_text	multiple myeloma	file	raw/fp-53430067aac0/GSE309595_family.soft.gz		!Sample_characteristics_ch1 = subject id: FH2007	True
GSM9270198	geo:GSE309595:GSM9270198	disease_free_text	multiple myeloma	file	raw/fp-53430067aac0/GSE309595_family.soft.gz		!Sample_characteristics_ch1 = visit: MM CD38 6 months	True
GSM9270198	geo:GSE309595:GSM9270198	disease_free_text	multiple myeloma	file	raw/fp-53430067aac0/GSE309595_family.soft.gz		A second cohort of patients over the age of 30 with suspected refractory MM receiving anti-CD38 MAb therapy were enrolled in Seattle, WA.	True
GSM9270199	geo:GSE309595:GSM9270199	donor_id	FH2004	file	raw/fp-53430067aac0/GSE309595_family.soft.gz		!Sample_characteristics_ch1 = subject id: FH2004	True
GSM9270199	geo:GSE309595:GSM9270199	sex	female	file	raw/fp-53430067aac0/GSE309595_family.soft.gz		!Sample_characteristics_ch1 = Sex: Female	True
GSM9270199	geo:GSE309595:GSM9270199	tissue_free_text	Blood	file	raw/fp-53430067aac0/GSE309595_family.soft.gz		!Sample_characteristics_ch1 = tissue: Blood	True
GSM9270199	geo:GSE309595:GSM9270199	tissue_type	tissue	file	raw/fp-53430067aac0/GSE309595_family.soft.gz		!Sample_characteristics_ch1 = tissue: Blood	True
GSM9270199	geo:GSE309595:GSM9270199	tissue_type	tissue	file	raw/fp-53430067aac0/GSE309595_family.soft.gz		!Sample_characteristics_ch1 = cell type: PBMC	True
GSM9270199	geo:GSE309595:GSM9270199	suspension_type	cell	file	raw/fp-53430067aac0/GSE309595_family.soft.gz		single cell gene expression assay with Cell Hashing	True
GSM9270199	geo:GSE309595:GSM9270199	suspension_type	cell	file	raw/fp-53430067aac0/GSE309595_family.soft.gz		PBMCs were removed from liquid nitrogen and rapidly thawed in a 37	True
GSM9270199	geo:GSE309595:GSM9270199	gene_annotation_version	Ensembl v93	file	raw/fp-53430067aac0/GSE309595_family.soft.gz		refdata-cellranger-GRCh38-3.0.0; based on the GRCh38 genome reference and Ensembl v93 transcriptome annotations	True
GSM9270199	geo:GSE309595:GSM9270199	assay	10x 3' transcription profiling	file	raw/fp-53430067aac0/GSE309595_family.soft.gz		scRNAseq libraries were generated using a modified 10x genomics chromium 3′ single cell gene expression assay with Cell Hashing.	True
GSM9270199	geo:GSE309595:GSM9270199	self_reported_ethnicity	Caucasian	file	raw/fp-53430067aac0/GSE309595_family.soft.gz		!Sample_characteristics_ch1 = race: Caucasian	True
GSM9270199	geo:GSE309595:GSM9270199	disease_free_text	multiple myeloma	file	raw/fp-53430067aac0/GSE309595_family.soft.gz		Multiple myeloma (MM) is a hematological malignancy characterized by an expansion of malignant plasma cells in the bone marrow.	True
GSM9270199	geo:GSE309595:GSM9270199	disease_free_text	multiple myeloma	file	raw/fp-53430067aac0/GSE309595_family.soft.gz		!Sample_characteristics_ch1 = subject id: FH2004	True
GSM9270199	geo:GSE309595:GSM9270199	disease_free_text	multiple myeloma	file	raw/fp-53430067aac0/GSE309595_family.soft.gz		!Sample_characteristics_ch1 = visit: MM CD38 12 months	True
GSM9270199	geo:GSE309595:GSM9270199	disease_free_text	multiple myeloma	file	raw/fp-53430067aac0/GSE309595_family.soft.gz		A second cohort of patients over the age of 30 with suspected refractory MM receiving anti-CD38 MAb therapy were enrolled in Seattle, WA.	True
GSM9270200	geo:GSE309595:GSM9270200	donor_id	FH2007	file	raw/fp-53430067aac0/GSE309595_family.soft.gz		!Sample_characteristics_ch1 = subject id: FH2007	True
GSM9270200	geo:GSE309595:GSM9270200	sex	male	file	raw/fp-53430067aac0/GSE309595_family.soft.gz		!Sample_characteristics_ch1 = Sex: Male	True
GSM9270200	geo:GSE309595:GSM9270200	tissue_free_text	Blood	file	raw/fp-53430067aac0/GSE309595_family.soft.gz		!Sample_characteristics_ch1 = tissue: Blood	True
GSM9270200	geo:GSE309595:GSM9270200	tissue_type	tissue	file	raw/fp-53430067aac0/GSE309595_family.soft.gz		!Sample_characteristics_ch1 = tissue: Blood	True
GSM9270200	geo:GSE309595:GSM9270200	tissue_type	tissue	file	raw/fp-53430067aac0/GSE309595_family.soft.gz		!Sample_characteristics_ch1 = cell type: PBMC	True
GSM9270200	geo:GSE309595:GSM9270200	suspension_type	cell	file	raw/fp-53430067aac0/GSE309595_family.soft.gz		single cell gene expression assay with Cell Hashing	True
GSM9270200	geo:GSE309595:GSM9270200	suspension_type	cell	file	raw/fp-53430067aac0/GSE309595_family.soft.gz		PBMCs were removed from liquid nitrogen and rapidly thawed in a 37	True
GSM9270200	geo:GSE309595:GSM9270200	gene_annotation_version	Ensembl v93	file	raw/fp-53430067aac0/GSE309595_family.soft.gz		refdata-cellranger-GRCh38-3.0.0; based on the GRCh38 genome reference and Ensembl v93 transcriptome annotations	True
GSM9270200	geo:GSE309595:GSM9270200	assay	10x 3' transcription profiling	file	raw/fp-53430067aac0/GSE309595_family.soft.gz		scRNAseq libraries were generated using a modified 10x genomics chromium 3′ single cell gene expression assay with Cell Hashing.	True
GSM9270200	geo:GSE309595:GSM9270200	self_reported_ethnicity	Caucasian	file	raw/fp-53430067aac0/GSE309595_family.soft.gz		!Sample_characteristics_ch1 = race: Caucasian	True
GSM9270200	geo:GSE309595:GSM9270200	disease_free_text	multiple myeloma	file	raw/fp-53430067aac0/GSE309595_family.soft.gz		Multiple myeloma (MM) is a hematological malignancy characterized by an expansion of malignant plasma cells in the bone marrow.	True
GSM9270200	geo:GSE309595:GSM9270200	disease_free_text	multiple myeloma	file	raw/fp-53430067aac0/GSE309595_family.soft.gz		!Sample_characteristics_ch1 = subject id: FH2007	True
GSM9270200	geo:GSE309595:GSM9270200	disease_free_text	multiple myeloma	file	raw/fp-53430067aac0/GSE309595_family.soft.gz		!Sample_characteristics_ch1 = visit: MM CD38 9 months	True
GSM9270200	geo:GSE309595:GSM9270200	disease_free_text	multiple myeloma	file	raw/fp-53430067aac0/GSE309595_family.soft.gz		A second cohort of patients over the age of 30 with suspected refractory MM receiving anti-CD38 MAb therapy were enrolled in Seattle, WA.	True
GSM9270201	geo:GSE309595:GSM9270201	donor_id	FH2008	file	raw/fp-53430067aac0/GSE309595_family.soft.gz		!Sample_characteristics_ch1 = subject id: FH2008	True
GSM9270201	geo:GSE309595:GSM9270201	sex	female	file	raw/fp-53430067aac0/GSE309595_family.soft.gz		!Sample_characteristics_ch1 = Sex: Female	True
GSM9270201	geo:GSE309595:GSM9270201	tissue_free_text	Blood	file	raw/fp-53430067aac0/GSE309595_family.soft.gz		!Sample_characteristics_ch1 = tissue: Blood	True
GSM9270201	geo:GSE309595:GSM9270201	tissue_type	tissue	file	raw/fp-53430067aac0/GSE309595_family.soft.gz		!Sample_characteristics_ch1 = tissue: Blood	True
GSM9270201	geo:GSE309595:GSM9270201	tissue_type	tissue	file	raw/fp-53430067aac0/GSE309595_family.soft.gz		!Sample_characteristics_ch1 = cell type: PBMC	True
GSM9270201	geo:GSE309595:GSM9270201	suspension_type	cell	file	raw/fp-53430067aac0/GSE309595_family.soft.gz		single cell gene expression assay with Cell Hashing	True
GSM9270201	geo:GSE309595:GSM9270201	suspension_type	cell	file	raw/fp-53430067aac0/GSE309595_family.soft.gz		PBMCs were removed from liquid nitrogen and rapidly thawed in a 37	True
GSM9270201	geo:GSE309595:GSM9270201	gene_annotation_version	Ensembl v93	file	raw/fp-53430067aac0/GSE309595_family.soft.gz		refdata-cellranger-GRCh38-3.0.0; based on the GRCh38 genome reference and Ensembl v93 transcriptome annotations	True
GSM9270201	geo:GSE309595:GSM9270201	assay	10x 3' transcription profiling	file	raw/fp-53430067aac0/GSE309595_family.soft.gz		scRNAseq libraries were generated using a modified 10x genomics chromium 3′ single cell gene expression assay with Cell Hashing.	True
GSM9270201	geo:GSE309595:GSM9270201	self_reported_ethnicity	Caucasian	file	raw/fp-53430067aac0/GSE309595_family.soft.gz		!Sample_characteristics_ch1 = race: Caucasian	True
GSM9270201	geo:GSE309595:GSM9270201	disease_free_text	multiple myeloma	file	raw/fp-53430067aac0/GSE309595_family.soft.gz		Multiple myeloma (MM) is a hematological malignancy characterized by an expansion of malignant plasma cells in the bone marrow.	True
GSM9270201	geo:GSE309595:GSM9270201	disease_free_text	multiple myeloma	file	raw/fp-53430067aac0/GSE309595_family.soft.gz		!Sample_characteristics_ch1 = subject id: FH2008	True
GSM9270201	geo:GSE309595:GSM9270201	disease_free_text	multiple myeloma	file	raw/fp-53430067aac0/GSE309595_family.soft.gz		!Sample_characteristics_ch1 = visit: MM CD38 4 months	True
GSM9270201	geo:GSE309595:GSM9270201	disease_free_text	multiple myeloma	file	raw/fp-53430067aac0/GSE309595_family.soft.gz		A second cohort of patients over the age of 30 with suspected refractory MM receiving anti-CD38 MAb therapy were enrolled in Seattle, WA.	True
GSM9270202	geo:GSE309595:GSM9270202	donor_id	FH2009	file	raw/fp-53430067aac0/GSE309595_family.soft.gz		!Sample_characteristics_ch1 = subject id: FH2009	True
GSM9270202	geo:GSE309595:GSM9270202	sex	male	file	raw/fp-53430067aac0/GSE309595_family.soft.gz		!Sample_characteristics_ch1 = Sex: Male	True
GSM9270202	geo:GSE309595:GSM9270202	tissue_free_text	Blood	file	raw/fp-53430067aac0/GSE309595_family.soft.gz		!Sample_characteristics_ch1 = tissue: Blood	True
GSM9270202	geo:GSE309595:GSM9270202	tissue_type	tissue	file	raw/fp-53430067aac0/GSE309595_family.soft.gz		!Sample_characteristics_ch1 = tissue: Blood	True
GSM9270202	geo:GSE309595:GSM9270202	tissue_type	tissue	file	raw/fp-53430067aac0/GSE309595_family.soft.gz		!Sample_characteristics_ch1 = cell type: PBMC	True
GSM9270202	geo:GSE309595:GSM9270202	suspension_type	cell	file	raw/fp-53430067aac0/GSE309595_family.soft.gz		single cell gene expression assay with Cell Hashing	True
GSM9270202	geo:GSE309595:GSM9270202	suspension_type	cell	file	raw/fp-53430067aac0/GSE309595_family.soft.gz		PBMCs were removed from liquid nitrogen and rapidly thawed in a 37	True
GSM9270202	geo:GSE309595:GSM9270202	gene_annotation_version	Ensembl v93	file	raw/fp-53430067aac0/GSE309595_family.soft.gz		refdata-cellranger-GRCh38-3.0.0; based on the GRCh38 genome reference and Ensembl v93 transcriptome annotations	True
GSM9270202	geo:GSE309595:GSM9270202	assay	10x 3' transcription profiling	file	raw/fp-53430067aac0/GSE309595_family.soft.gz		scRNAseq libraries were generated using a modified 10x genomics chromium 3′ single cell gene expression assay with Cell Hashing.	True
GSM9270202	geo:GSE309595:GSM9270202	self_reported_ethnicity	Caucasian	file	raw/fp-53430067aac0/GSE309595_family.soft.gz		!Sample_characteristics_ch1 = race: Caucasian	True
GSM9270202	geo:GSE309595:GSM9270202	disease_free_text	multiple myeloma	file	raw/fp-53430067aac0/GSE309595_family.soft.gz		Multiple myeloma (MM) is a hematological malignancy characterized by an expansion of malignant plasma cells in the bone marrow.	True
GSM9270202	geo:GSE309595:GSM9270202	disease_free_text	multiple myeloma	file	raw/fp-53430067aac0/GSE309595_family.soft.gz		!Sample_characteristics_ch1 = subject id: FH2009	True
GSM9270202	geo:GSE309595:GSM9270202	disease_free_text	multiple myeloma	file	raw/fp-53430067aac0/GSE309595_family.soft.gz		!Sample_characteristics_ch1 = visit: MM CD38 2 weeks	True
GSM9270202	geo:GSE309595:GSM9270202	disease_free_text	multiple myeloma	file	raw/fp-53430067aac0/GSE309595_family.soft.gz		A second cohort of patients over the age of 30 with suspected refractory MM receiving anti-CD38 MAb therapy were enrolled in Seattle, WA.	True
GSM9270203	geo:GSE309595:GSM9270203	donor_id	FH2009	file	raw/fp-53430067aac0/GSE309595_family.soft.gz		!Sample_characteristics_ch1 = subject id: FH2009	True
GSM9270203	geo:GSE309595:GSM9270203	sex	male	file	raw/fp-53430067aac0/GSE309595_family.soft.gz		!Sample_characteristics_ch1 = Sex: Male	True
GSM9270203	geo:GSE309595:GSM9270203	tissue_free_text	Blood	file	raw/fp-53430067aac0/GSE309595_family.soft.gz		!Sample_characteristics_ch1 = tissue: Blood	True
GSM9270203	geo:GSE309595:GSM9270203	tissue_type	tissue	file	raw/fp-53430067aac0/GSE309595_family.soft.gz		!Sample_characteristics_ch1 = tissue: Blood	True
GSM9270203	geo:GSE309595:GSM9270203	tissue_type	tissue	file	raw/fp-53430067aac0/GSE309595_family.soft.gz		!Sample_characteristics_ch1 = cell type: PBMC	True
GSM9270203	geo:GSE309595:GSM9270203	suspension_type	cell	file	raw/fp-53430067aac0/GSE309595_family.soft.gz		single cell gene expression assay with Cell Hashing	True
GSM9270203	geo:GSE309595:GSM9270203	suspension_type	cell	file	raw/fp-53430067aac0/GSE309595_family.soft.gz		PBMCs were removed from liquid nitrogen and rapidly thawed in a 37	True
GSM9270203	geo:GSE309595:GSM9270203	gene_annotation_version	Ensembl v93	file	raw/fp-53430067aac0/GSE309595_family.soft.gz		refdata-cellranger-GRCh38-3.0.0; based on the GRCh38 genome reference and Ensembl v93 transcriptome annotations	True
GSM9270203	geo:GSE309595:GSM9270203	assay	10x 3' transcription profiling	file	raw/fp-53430067aac0/GSE309595_family.soft.gz		scRNAseq libraries were generated using a modified 10x genomics chromium 3′ single cell gene expression assay with Cell Hashing.	True
GSM9270203	geo:GSE309595:GSM9270203	self_reported_ethnicity	Caucasian	file	raw/fp-53430067aac0/GSE309595_family.soft.gz		!Sample_characteristics_ch1 = race: Caucasian	True
GSM9270203	geo:GSE309595:GSM9270203	disease_free_text	multiple myeloma	file	raw/fp-53430067aac0/GSE309595_family.soft.gz		Multiple myeloma (MM) is a hematological malignancy characterized by an expansion of malignant plasma cells in the bone marrow.	True
GSM9270203	geo:GSE309595:GSM9270203	disease_free_text	multiple myeloma	file	raw/fp-53430067aac0/GSE309595_family.soft.gz		!Sample_characteristics_ch1 = subject id: FH2009	True
GSM9270203	geo:GSE309595:GSM9270203	disease_free_text	multiple myeloma	file	raw/fp-53430067aac0/GSE309595_family.soft.gz		!Sample_characteristics_ch1 = visit: MM CD38 Pre-treatment	True
GSM9270203	geo:GSE309595:GSM9270203	disease_free_text	multiple myeloma	file	raw/fp-53430067aac0/GSE309595_family.soft.gz		A second cohort of patients over the age of 30 with suspected refractory MM receiving anti-CD38 MAb therapy were enrolled in Seattle, WA.	True
GSM9270204	geo:GSE309595:GSM9270204	donor_id	FH2007	file	raw/fp-53430067aac0/GSE309595_family.soft.gz		!Sample_characteristics_ch1 = subject id: FH2007	True
GSM9270204	geo:GSE309595:GSM9270204	sex	male	file	raw/fp-53430067aac0/GSE309595_family.soft.gz		!Sample_characteristics_ch1 = Sex: Male	True
GSM9270204	geo:GSE309595:GSM9270204	tissue_free_text	Blood	file	raw/fp-53430067aac0/GSE309595_family.soft.gz		!Sample_characteristics_ch1 = tissue: Blood	True
GSM9270204	geo:GSE309595:GSM9270204	tissue_type	tissue	file	raw/fp-53430067aac0/GSE309595_family.soft.gz		!Sample_characteristics_ch1 = tissue: Blood	True
GSM9270204	geo:GSE309595:GSM9270204	tissue_type	tissue	file	raw/fp-53430067aac0/GSE309595_family.soft.gz		!Sample_characteristics_ch1 = cell type: PBMC	True
GSM9270204	geo:GSE309595:GSM9270204	suspension_type	cell	file	raw/fp-53430067aac0/GSE309595_family.soft.gz		single cell gene expression assay with Cell Hashing	True
GSM9270204	geo:GSE309595:GSM9270204	suspension_type	cell	file	raw/fp-53430067aac0/GSE309595_family.soft.gz		PBMCs were removed from liquid nitrogen and rapidly thawed in a 37	True
GSM9270204	geo:GSE309595:GSM9270204	gene_annotation_version	Ensembl v93	file	raw/fp-53430067aac0/GSE309595_family.soft.gz		refdata-cellranger-GRCh38-3.0.0; based on the GRCh38 genome reference and Ensembl v93 transcriptome annotations	True
GSM9270204	geo:GSE309595:GSM9270204	assay	10x 3' transcription profiling	file	raw/fp-53430067aac0/GSE309595_family.soft.gz		scRNAseq libraries were generated using a modified 10x genomics chromium 3′ single cell gene expression assay with Cell Hashing.	True
GSM9270204	geo:GSE309595:GSM9270204	self_reported_ethnicity	Caucasian	file	raw/fp-53430067aac0/GSE309595_family.soft.gz		!Sample_characteristics_ch1 = race: Caucasian	True
GSM9270204	geo:GSE309595:GSM9270204	disease_free_text	multiple myeloma	file	raw/fp-53430067aac0/GSE309595_family.soft.gz		Multiple myeloma (MM) is a hematological malignancy characterized by an expansion of malignant plasma cells in the bone marrow.	True
GSM9270204	geo:GSE309595:GSM9270204	disease_free_text	multiple myeloma	file	raw/fp-53430067aac0/GSE309595_family.soft.gz		!Sample_characteristics_ch1 = subject id: FH2007	True
GSM9270204	geo:GSE309595:GSM9270204	disease_free_text	multiple myeloma	file	raw/fp-53430067aac0/GSE309595_family.soft.gz		!Sample_characteristics_ch1 = visit: MM CD38 12 months	True
GSM9270204	geo:GSE309595:GSM9270204	disease_free_text	multiple myeloma	file	raw/fp-53430067aac0/GSE309595_family.soft.gz		A second cohort of patients over the age of 30 with suspected refractory MM receiving anti-CD38 MAb therapy were enrolled in Seattle, WA.	True
GSM9270205	geo:GSE309595:GSM9270205	donor_id	FH2010	file	raw/fp-53430067aac0/GSE309595_family.soft.gz		!Sample_characteristics_ch1 = subject id: FH2010	True
GSM9270205	geo:GSE309595:GSM9270205	sex	female	file	raw/fp-53430067aac0/GSE309595_family.soft.gz		!Sample_characteristics_ch1 = Sex: Female	True
GSM9270205	geo:GSE309595:GSM9270205	tissue_free_text	Blood	file	raw/fp-53430067aac0/GSE309595_family.soft.gz		!Sample_characteristics_ch1 = tissue: Blood	True
GSM9270205	geo:GSE309595:GSM9270205	tissue_type	tissue	file	raw/fp-53430067aac0/GSE309595_family.soft.gz		!Sample_characteristics_ch1 = tissue: Blood	True
GSM9270205	geo:GSE309595:GSM9270205	tissue_type	tissue	file	raw/fp-53430067aac0/GSE309595_family.soft.gz		!Sample_characteristics_ch1 = cell type: PBMC	True
GSM9270205	geo:GSE309595:GSM9270205	suspension_type	cell	file	raw/fp-53430067aac0/GSE309595_family.soft.gz		single cell gene expression assay with Cell Hashing	True
GSM9270205	geo:GSE309595:GSM9270205	suspension_type	cell	file	raw/fp-53430067aac0/GSE309595_family.soft.gz		PBMCs were removed from liquid nitrogen and rapidly thawed in a 37	True
GSM9270205	geo:GSE309595:GSM9270205	gene_annotation_version	Ensembl v93	file	raw/fp-53430067aac0/GSE309595_family.soft.gz		refdata-cellranger-GRCh38-3.0.0; based on the GRCh38 genome reference and Ensembl v93 transcriptome annotations	True
GSM9270205	geo:GSE309595:GSM9270205	assay	10x 3' transcription profiling	file	raw/fp-53430067aac0/GSE309595_family.soft.gz		scRNAseq libraries were generated using a modified 10x genomics chromium 3′ single cell gene expression assay with Cell Hashing.	True
GSM9270205	geo:GSE309595:GSM9270205	self_reported_ethnicity	Asian	file	raw/fp-53430067aac0/GSE309595_family.soft.gz		!Sample_characteristics_ch1 = race: Asian	True
GSM9270205	geo:GSE309595:GSM9270205	disease_free_text	multiple myeloma	file	raw/fp-53430067aac0/GSE309595_family.soft.gz		Multiple myeloma (MM) is a hematological malignancy characterized by an expansion of malignant plasma cells in the bone marrow.	True
GSM9270205	geo:GSE309595:GSM9270205	disease_free_text	multiple myeloma	file	raw/fp-53430067aac0/GSE309595_family.soft.gz		!Sample_characteristics_ch1 = subject id: FH2010	True
GSM9270205	geo:GSE309595:GSM9270205	disease_free_text	multiple myeloma	file	raw/fp-53430067aac0/GSE309595_family.soft.gz		!Sample_characteristics_ch1 = visit: MM CD38 Pre-treatment	True
GSM9270205	geo:GSE309595:GSM9270205	disease_free_text	multiple myeloma	file	raw/fp-53430067aac0/GSE309595_family.soft.gz		A second cohort of patients over the age of 30 with suspected refractory MM receiving anti-CD38 MAb therapy were enrolled in Seattle, WA.	True
GSM9270206	geo:GSE309595:GSM9270206	donor_id	FH2009	file	raw/fp-53430067aac0/GSE309595_family.soft.gz		!Sample_characteristics_ch1 = subject id: FH2009	True
GSM9270206	geo:GSE309595:GSM9270206	sex	male	file	raw/fp-53430067aac0/GSE309595_family.soft.gz		!Sample_characteristics_ch1 = Sex: Male	True
GSM9270206	geo:GSE309595:GSM9270206	tissue_free_text	Blood	file	raw/fp-53430067aac0/GSE309595_family.soft.gz		!Sample_characteristics_ch1 = tissue: Blood	True
GSM9270206	geo:GSE309595:GSM9270206	tissue_type	tissue	file	raw/fp-53430067aac0/GSE309595_family.soft.gz		!Sample_characteristics_ch1 = tissue: Blood	True
GSM9270206	geo:GSE309595:GSM9270206	tissue_type	tissue	file	raw/fp-53430067aac0/GSE309595_family.soft.gz		!Sample_characteristics_ch1 = cell type: PBMC	True
GSM9270206	geo:GSE309595:GSM9270206	suspension_type	cell	file	raw/fp-53430067aac0/GSE309595_family.soft.gz		single cell gene expression assay with Cell Hashing	True
GSM9270206	geo:GSE309595:GSM9270206	suspension_type	cell	file	raw/fp-53430067aac0/GSE309595_family.soft.gz		PBMCs were removed from liquid nitrogen and rapidly thawed in a 37	True
GSM9270206	geo:GSE309595:GSM9270206	gene_annotation_version	Ensembl v93	file	raw/fp-53430067aac0/GSE309595_family.soft.gz		refdata-cellranger-GRCh38-3.0.0; based on the GRCh38 genome reference and Ensembl v93 transcriptome annotations	True
GSM9270206	geo:GSE309595:GSM9270206	assay	10x 3' transcription profiling	file	raw/fp-53430067aac0/GSE309595_family.soft.gz		scRNAseq libraries were generated using a modified 10x genomics chromium 3′ single cell gene expression assay with Cell Hashing.	True
GSM9270206	geo:GSE309595:GSM9270206	self_reported_ethnicity	Caucasian	file	raw/fp-53430067aac0/GSE309595_family.soft.gz		!Sample_characteristics_ch1 = race: Caucasian	True
GSM9270206	geo:GSE309595:GSM9270206	disease_free_text	multiple myeloma	file	raw/fp-53430067aac0/GSE309595_family.soft.gz		Multiple myeloma (MM) is a hematological malignancy characterized by an expansion of malignant plasma cells in the bone marrow.	True
GSM9270206	geo:GSE309595:GSM9270206	disease_free_text	multiple myeloma	file	raw/fp-53430067aac0/GSE309595_family.soft.gz		!Sample_characteristics_ch1 = subject id: FH2009	True
GSM9270206	geo:GSE309595:GSM9270206	disease_free_text	multiple myeloma	file	raw/fp-53430067aac0/GSE309595_family.soft.gz		!Sample_characteristics_ch1 = visit: MM CD38 4 weeks	True
GSM9270206	geo:GSE309595:GSM9270206	disease_free_text	multiple myeloma	file	raw/fp-53430067aac0/GSE309595_family.soft.gz		A second cohort of patients over the age of 30 with suspected refractory MM receiving anti-CD38 MAb therapy were enrolled in Seattle, WA.	True
GSM9270207	geo:GSE309595:GSM9270207	donor_id	FH2009	file	raw/fp-53430067aac0/GSE309595_family.soft.gz		!Sample_characteristics_ch1 = subject id: FH2009	True
GSM9270207	geo:GSE309595:GSM9270207	sex	male	file	raw/fp-53430067aac0/GSE309595_family.soft.gz		!Sample_characteristics_ch1 = Sex: Male	True
GSM9270207	geo:GSE309595:GSM9270207	tissue_free_text	Blood	file	raw/fp-53430067aac0/GSE309595_family.soft.gz		!Sample_characteristics_ch1 = tissue: Blood	True
GSM9270207	geo:GSE309595:GSM9270207	tissue_type	tissue	file	raw/fp-53430067aac0/GSE309595_family.soft.gz		!Sample_characteristics_ch1 = tissue: Blood	True
GSM9270207	geo:GSE309595:GSM9270207	tissue_type	tissue	file	raw/fp-53430067aac0/GSE309595_family.soft.gz		!Sample_characteristics_ch1 = cell type: PBMC	True
GSM9270207	geo:GSE309595:GSM9270207	suspension_type	cell	file	raw/fp-53430067aac0/GSE309595_family.soft.gz		single cell gene expression assay with Cell Hashing	True
GSM9270207	geo:GSE309595:GSM9270207	suspension_type	cell	file	raw/fp-53430067aac0/GSE309595_family.soft.gz		PBMCs were removed from liquid nitrogen and rapidly thawed in a 37	True
GSM9270207	geo:GSE309595:GSM9270207	gene_annotation_version	Ensembl v93	file	raw/fp-53430067aac0/GSE309595_family.soft.gz		refdata-cellranger-GRCh38-3.0.0; based on the GRCh38 genome reference and Ensembl v93 transcriptome annotations	True
GSM9270207	geo:GSE309595:GSM9270207	assay	10x 3' transcription profiling	file	raw/fp-53430067aac0/GSE309595_family.soft.gz		scRNAseq libraries were generated using a modified 10x genomics chromium 3′ single cell gene expression assay with Cell Hashing.	True
GSM9270207	geo:GSE309595:GSM9270207	self_reported_ethnicity	Caucasian	file	raw/fp-53430067aac0/GSE309595_family.soft.gz		!Sample_characteristics_ch1 = race: Caucasian	True
GSM9270207	geo:GSE309595:GSM9270207	disease_free_text	multiple myeloma	file	raw/fp-53430067aac0/GSE309595_family.soft.gz		Multiple myeloma (MM) is a hematological malignancy characterized by an expansion of malignant plasma cells in the bone marrow.	True
GSM9270207	geo:GSE309595:GSM9270207	disease_free_text	multiple myeloma	file	raw/fp-53430067aac0/GSE309595_family.soft.gz		!Sample_characteristics_ch1 = subject id: FH2009	True
GSM9270207	geo:GSE309595:GSM9270207	disease_free_text	multiple myeloma	file	raw/fp-53430067aac0/GSE309595_family.soft.gz		!Sample_characteristics_ch1 = visit: MM CD38 6 weeks	True
GSM9270207	geo:GSE309595:GSM9270207	disease_free_text	multiple myeloma	file	raw/fp-53430067aac0/GSE309595_family.soft.gz		A second cohort of patients over the age of 30 with suspected refractory MM receiving anti-CD38 MAb therapy were enrolled in Seattle, WA.	True
GSM9270208	geo:GSE309595:GSM9270208	donor_id	FH2009	file	raw/fp-53430067aac0/GSE309595_family.soft.gz		!Sample_characteristics_ch1 = subject id: FH2009	True
GSM9270208	geo:GSE309595:GSM9270208	sex	male	file	raw/fp-53430067aac0/GSE309595_family.soft.gz		!Sample_characteristics_ch1 = Sex: Male	True
GSM9270208	geo:GSE309595:GSM9270208	tissue_free_text	Blood	file	raw/fp-53430067aac0/GSE309595_family.soft.gz		!Sample_characteristics_ch1 = tissue: Blood	True
GSM9270208	geo:GSE309595:GSM9270208	tissue_type	tissue	file	raw/fp-53430067aac0/GSE309595_family.soft.gz		!Sample_characteristics_ch1 = tissue: Blood	True
GSM9270208	geo:GSE309595:GSM9270208	tissue_type	tissue	file	raw/fp-53430067aac0/GSE309595_family.soft.gz		!Sample_characteristics_ch1 = cell type: PBMC	True
GSM9270208	geo:GSE309595:GSM9270208	suspension_type	cell	file	raw/fp-53430067aac0/GSE309595_family.soft.gz		single cell gene expression assay with Cell Hashing	True
GSM9270208	geo:GSE309595:GSM9270208	suspension_type	cell	file	raw/fp-53430067aac0/GSE309595_family.soft.gz		PBMCs were removed from liquid nitrogen and rapidly thawed in a 37	True
GSM9270208	geo:GSE309595:GSM9270208	gene_annotation_version	Ensembl v93	file	raw/fp-53430067aac0/GSE309595_family.soft.gz		refdata-cellranger-GRCh38-3.0.0; based on the GRCh38 genome reference and Ensembl v93 transcriptome annotations	True
GSM9270208	geo:GSE309595:GSM9270208	assay	10x 3' transcription profiling	file	raw/fp-53430067aac0/GSE309595_family.soft.gz		scRNAseq libraries were generated using a modified 10x genomics chromium 3′ single cell gene expression assay with Cell Hashing.	True
GSM9270208	geo:GSE309595:GSM9270208	self_reported_ethnicity	Caucasian	file	raw/fp-53430067aac0/GSE309595_family.soft.gz		!Sample_characteristics_ch1 = race: Caucasian	True
GSM9270208	geo:GSE309595:GSM9270208	disease_free_text	multiple myeloma	file	raw/fp-53430067aac0/GSE309595_family.soft.gz		Multiple myeloma (MM) is a hematological malignancy characterized by an expansion of malignant plasma cells in the bone marrow.	True
GSM9270208	geo:GSE309595:GSM9270208	disease_free_text	multiple myeloma	file	raw/fp-53430067aac0/GSE309595_family.soft.gz		!Sample_characteristics_ch1 = subject id: FH2009	True
GSM9270208	geo:GSE309595:GSM9270208	disease_free_text	multiple myeloma	file	raw/fp-53430067aac0/GSE309595_family.soft.gz		!Sample_characteristics_ch1 = visit: MM CD38 8 weeks	True
GSM9270208	geo:GSE309595:GSM9270208	disease_free_text	multiple myeloma	file	raw/fp-53430067aac0/GSE309595_family.soft.gz		A second cohort of patients over the age of 30 with suspected refractory MM receiving anti-CD38 MAb therapy were enrolled in Seattle, WA.	True
GSM9270209	geo:GSE309595:GSM9270209	donor_id	FH2008	file	raw/fp-53430067aac0/GSE309595_family.soft.gz		!Sample_characteristics_ch1 = subject id: FH2008	True
GSM9270209	geo:GSE309595:GSM9270209	sex	female	file	raw/fp-53430067aac0/GSE309595_family.soft.gz		!Sample_characteristics_ch1 = Sex: Female	True
GSM9270209	geo:GSE309595:GSM9270209	tissue_free_text	Blood	file	raw/fp-53430067aac0/GSE309595_family.soft.gz		!Sample_characteristics_ch1 = tissue: Blood	True
GSM9270209	geo:GSE309595:GSM9270209	tissue_type	tissue	file	raw/fp-53430067aac0/GSE309595_family.soft.gz		!Sample_characteristics_ch1 = tissue: Blood	True
GSM9270209	geo:GSE309595:GSM9270209	tissue_type	tissue	file	raw/fp-53430067aac0/GSE309595_family.soft.gz		!Sample_characteristics_ch1 = cell type: PBMC	True
GSM9270209	geo:GSE309595:GSM9270209	suspension_type	cell	file	raw/fp-53430067aac0/GSE309595_family.soft.gz		single cell gene expression assay with Cell Hashing	True
GSM9270209	geo:GSE309595:GSM9270209	suspension_type	cell	file	raw/fp-53430067aac0/GSE309595_family.soft.gz		PBMCs were removed from liquid nitrogen and rapidly thawed in a 37	True
GSM9270209	geo:GSE309595:GSM9270209	gene_annotation_version	Ensembl v93	file	raw/fp-53430067aac0/GSE309595_family.soft.gz		refdata-cellranger-GRCh38-3.0.0; based on the GRCh38 genome reference and Ensembl v93 transcriptome annotations	True
GSM9270209	geo:GSE309595:GSM9270209	assay	10x 3' transcription profiling	file	raw/fp-53430067aac0/GSE309595_family.soft.gz		scRNAseq libraries were generated using a modified 10x genomics chromium 3′ single cell gene expression assay with Cell Hashing.	True
GSM9270209	geo:GSE309595:GSM9270209	self_reported_ethnicity	Caucasian	file	raw/fp-53430067aac0/GSE309595_family.soft.gz		!Sample_characteristics_ch1 = race: Caucasian	True
GSM9270209	geo:GSE309595:GSM9270209	disease_free_text	multiple myeloma	file	raw/fp-53430067aac0/GSE309595_family.soft.gz		Multiple myeloma (MM) is a hematological malignancy characterized by an expansion of malignant plasma cells in the bone marrow.	True
GSM9270209	geo:GSE309595:GSM9270209	disease_free_text	multiple myeloma	file	raw/fp-53430067aac0/GSE309595_family.soft.gz		!Sample_characteristics_ch1 = subject id: FH2008	True
GSM9270209	geo:GSE309595:GSM9270209	disease_free_text	multiple myeloma	file	raw/fp-53430067aac0/GSE309595_family.soft.gz		!Sample_characteristics_ch1 = visit: MM CD38 6 months	True
GSM9270209	geo:GSE309595:GSM9270209	disease_free_text	multiple myeloma	file	raw/fp-53430067aac0/GSE309595_family.soft.gz		A second cohort of patients over the age of 30 with suspected refractory MM receiving anti-CD38 MAb therapy were enrolled in Seattle, WA.	True
GSM9270210	geo:GSE309595:GSM9270210	donor_id	FH2008	file	raw/fp-53430067aac0/GSE309595_family.soft.gz		!Sample_characteristics_ch1 = subject id: FH2008	True
GSM9270210	geo:GSE309595:GSM9270210	sex	female	file	raw/fp-53430067aac0/GSE309595_family.soft.gz		!Sample_characteristics_ch1 = Sex: Female	True
GSM9270210	geo:GSE309595:GSM9270210	tissue_free_text	Blood	file	raw/fp-53430067aac0/GSE309595_family.soft.gz		!Sample_characteristics_ch1 = tissue: Blood	True
GSM9270210	geo:GSE309595:GSM9270210	tissue_type	tissue	file	raw/fp-53430067aac0/GSE309595_family.soft.gz		!Sample_characteristics_ch1 = tissue: Blood	True
GSM9270210	geo:GSE309595:GSM9270210	tissue_type	tissue	file	raw/fp-53430067aac0/GSE309595_family.soft.gz		!Sample_characteristics_ch1 = cell type: PBMC	True
GSM9270210	geo:GSE309595:GSM9270210	suspension_type	cell	file	raw/fp-53430067aac0/GSE309595_family.soft.gz		single cell gene expression assay with Cell Hashing	True
GSM9270210	geo:GSE309595:GSM9270210	suspension_type	cell	file	raw/fp-53430067aac0/GSE309595_family.soft.gz		PBMCs were removed from liquid nitrogen and rapidly thawed in a 37	True
GSM9270210	geo:GSE309595:GSM9270210	gene_annotation_version	Ensembl v93	file	raw/fp-53430067aac0/GSE309595_family.soft.gz		refdata-cellranger-GRCh38-3.0.0; based on the GRCh38 genome reference and Ensembl v93 transcriptome annotations	True
GSM9270210	geo:GSE309595:GSM9270210	assay	10x 3' transcription profiling	file	raw/fp-53430067aac0/GSE309595_family.soft.gz		scRNAseq libraries were generated using a modified 10x genomics chromium 3′ single cell gene expression assay with Cell Hashing.	True
GSM9270210	geo:GSE309595:GSM9270210	self_reported_ethnicity	Caucasian	file	raw/fp-53430067aac0/GSE309595_family.soft.gz		!Sample_characteristics_ch1 = race: Caucasian	True
GSM9270210	geo:GSE309595:GSM9270210	disease_free_text	multiple myeloma	file	raw/fp-53430067aac0/GSE309595_family.soft.gz		Multiple myeloma (MM) is a hematological malignancy characterized by an expansion of malignant plasma cells in the bone marrow.	True
GSM9270210	geo:GSE309595:GSM9270210	disease_free_text	multiple myeloma	file	raw/fp-53430067aac0/GSE309595_family.soft.gz		!Sample_characteristics_ch1 = subject id: FH2008	True
GSM9270210	geo:GSE309595:GSM9270210	disease_free_text	multiple myeloma	file	raw/fp-53430067aac0/GSE309595_family.soft.gz		!Sample_characteristics_ch1 = visit: MM CD38 Progression	True
GSM9270210	geo:GSE309595:GSM9270210	disease_free_text	multiple myeloma	file	raw/fp-53430067aac0/GSE309595_family.soft.gz		A second cohort of patients over the age of 30 with suspected refractory MM receiving anti-CD38 MAb therapy were enrolled in Seattle, WA.	True
GSM9270211	geo:GSE309595:GSM9270211	donor_id	FH2009	file	raw/fp-53430067aac0/GSE309595_family.soft.gz		!Sample_characteristics_ch1 = subject id: FH2009	True
GSM9270211	geo:GSE309595:GSM9270211	sex	male	file	raw/fp-53430067aac0/GSE309595_family.soft.gz		!Sample_characteristics_ch1 = Sex: Male	True
GSM9270211	geo:GSE309595:GSM9270211	tissue_free_text	Blood	file	raw/fp-53430067aac0/GSE309595_family.soft.gz		!Sample_characteristics_ch1 = tissue: Blood	True
GSM9270211	geo:GSE309595:GSM9270211	tissue_type	tissue	file	raw/fp-53430067aac0/GSE309595_family.soft.gz		!Sample_characteristics_ch1 = tissue: Blood	True
GSM9270211	geo:GSE309595:GSM9270211	tissue_type	tissue	file	raw/fp-53430067aac0/GSE309595_family.soft.gz		!Sample_characteristics_ch1 = cell type: PBMC	True
GSM9270211	geo:GSE309595:GSM9270211	suspension_type	cell	file	raw/fp-53430067aac0/GSE309595_family.soft.gz		single cell gene expression assay with Cell Hashing	True
GSM9270211	geo:GSE309595:GSM9270211	suspension_type	cell	file	raw/fp-53430067aac0/GSE309595_family.soft.gz		PBMCs were removed from liquid nitrogen and rapidly thawed in a 37	True
GSM9270211	geo:GSE309595:GSM9270211	gene_annotation_version	Ensembl v93	file	raw/fp-53430067aac0/GSE309595_family.soft.gz		refdata-cellranger-GRCh38-3.0.0; based on the GRCh38 genome reference and Ensembl v93 transcriptome annotations	True
GSM9270211	geo:GSE309595:GSM9270211	assay	10x 3' transcription profiling	file	raw/fp-53430067aac0/GSE309595_family.soft.gz		scRNAseq libraries were generated using a modified 10x genomics chromium 3′ single cell gene expression assay with Cell Hashing.	True
GSM9270211	geo:GSE309595:GSM9270211	self_reported_ethnicity	Caucasian	file	raw/fp-53430067aac0/GSE309595_family.soft.gz		!Sample_characteristics_ch1 = race: Caucasian	True
GSM9270211	geo:GSE309595:GSM9270211	disease_free_text	multiple myeloma	file	raw/fp-53430067aac0/GSE309595_family.soft.gz		Multiple myeloma (MM) is a hematological malignancy characterized by an expansion of malignant plasma cells in the bone marrow.	True
GSM9270211	geo:GSE309595:GSM9270211	disease_free_text	multiple myeloma	file	raw/fp-53430067aac0/GSE309595_family.soft.gz		!Sample_characteristics_ch1 = subject id: FH2009	True
GSM9270211	geo:GSE309595:GSM9270211	disease_free_text	multiple myeloma	file	raw/fp-53430067aac0/GSE309595_family.soft.gz		!Sample_characteristics_ch1 = visit: MM CD38 4 months	True
GSM9270211	geo:GSE309595:GSM9270211	disease_free_text	multiple myeloma	file	raw/fp-53430067aac0/GSE309595_family.soft.gz		A second cohort of patients over the age of 30 with suspected refractory MM receiving anti-CD38 MAb therapy were enrolled in Seattle, WA.	True
GSM9270212	geo:GSE309595:GSM9270212	donor_id	FH2007	file	raw/fp-53430067aac0/GSE309595_family.soft.gz		!Sample_characteristics_ch1 = subject id: FH2007	True
GSM9270212	geo:GSE309595:GSM9270212	sex	male	file	raw/fp-53430067aac0/GSE309595_family.soft.gz		!Sample_characteristics_ch1 = Sex: Male	True
GSM9270212	geo:GSE309595:GSM9270212	tissue_free_text	Blood	file	raw/fp-53430067aac0/GSE309595_family.soft.gz		!Sample_characteristics_ch1 = tissue: Blood	True
GSM9270212	geo:GSE309595:GSM9270212	tissue_type	tissue	file	raw/fp-53430067aac0/GSE309595_family.soft.gz		!Sample_characteristics_ch1 = tissue: Blood	True
GSM9270212	geo:GSE309595:GSM9270212	tissue_type	tissue	file	raw/fp-53430067aac0/GSE309595_family.soft.gz		!Sample_characteristics_ch1 = cell type: PBMC	True
GSM9270212	geo:GSE309595:GSM9270212	suspension_type	cell	file	raw/fp-53430067aac0/GSE309595_family.soft.gz		single cell gene expression assay with Cell Hashing	True
GSM9270212	geo:GSE309595:GSM9270212	suspension_type	cell	file	raw/fp-53430067aac0/GSE309595_family.soft.gz		PBMCs were removed from liquid nitrogen and rapidly thawed in a 37	True
GSM9270212	geo:GSE309595:GSM9270212	gene_annotation_version	Ensembl v93	file	raw/fp-53430067aac0/GSE309595_family.soft.gz		refdata-cellranger-GRCh38-3.0.0; based on the GRCh38 genome reference and Ensembl v93 transcriptome annotations	True
GSM9270212	geo:GSE309595:GSM9270212	assay	10x 3' transcription profiling	file	raw/fp-53430067aac0/GSE309595_family.soft.gz		scRNAseq libraries were generated using a modified 10x genomics chromium 3′ single cell gene expression assay with Cell Hashing.	True
GSM9270212	geo:GSE309595:GSM9270212	self_reported_ethnicity	Caucasian	file	raw/fp-53430067aac0/GSE309595_family.soft.gz		!Sample_characteristics_ch1 = race: Caucasian	True
GSM9270212	geo:GSE309595:GSM9270212	disease_free_text	multiple myeloma	file	raw/fp-53430067aac0/GSE309595_family.soft.gz		Multiple myeloma (MM) is a hematological malignancy characterized by an expansion of malignant plasma cells in the bone marrow.	True
GSM9270212	geo:GSE309595:GSM9270212	disease_free_text	multiple myeloma	file	raw/fp-53430067aac0/GSE309595_family.soft.gz		!Sample_characteristics_ch1 = subject id: FH2007	True
GSM9270212	geo:GSE309595:GSM9270212	disease_free_text	multiple myeloma	file	raw/fp-53430067aac0/GSE309595_family.soft.gz		!Sample_characteristics_ch1 = visit: MM CD38 Progression	True
GSM9270212	geo:GSE309595:GSM9270212	disease_free_text	multiple myeloma	file	raw/fp-53430067aac0/GSE309595_family.soft.gz		A second cohort of patients over the age of 30 with suspected refractory MM receiving anti-CD38 MAb therapy were enrolled in Seattle, WA.	True
GSM9270213	geo:GSE309595:GSM9270213	donor_id	FH2008	file	raw/fp-53430067aac0/GSE309595_family.soft.gz		!Sample_characteristics_ch1 = subject id: FH2008	True
GSM9270213	geo:GSE309595:GSM9270213	sex	female	file	raw/fp-53430067aac0/GSE309595_family.soft.gz		!Sample_characteristics_ch1 = Sex: Female	True
GSM9270213	geo:GSE309595:GSM9270213	tissue_free_text	Blood	file	raw/fp-53430067aac0/GSE309595_family.soft.gz		!Sample_characteristics_ch1 = tissue: Blood	True
GSM9270213	geo:GSE309595:GSM9270213	tissue_type	tissue	file	raw/fp-53430067aac0/GSE309595_family.soft.gz		!Sample_characteristics_ch1 = tissue: Blood	True
GSM9270213	geo:GSE309595:GSM9270213	tissue_type	tissue	file	raw/fp-53430067aac0/GSE309595_family.soft.gz		!Sample_characteristics_ch1 = cell type: PBMC	True
GSM9270213	geo:GSE309595:GSM9270213	suspension_type	cell	file	raw/fp-53430067aac0/GSE309595_family.soft.gz		single cell gene expression assay with Cell Hashing	True
GSM9270213	geo:GSE309595:GSM9270213	suspension_type	cell	file	raw/fp-53430067aac0/GSE309595_family.soft.gz		PBMCs were removed from liquid nitrogen and rapidly thawed in a 37	True
GSM9270213	geo:GSE309595:GSM9270213	gene_annotation_version	Ensembl v93	file	raw/fp-53430067aac0/GSE309595_family.soft.gz		refdata-cellranger-GRCh38-3.0.0; based on the GRCh38 genome reference and Ensembl v93 transcriptome annotations	True
GSM9270213	geo:GSE309595:GSM9270213	assay	10x 3' transcription profiling	file	raw/fp-53430067aac0/GSE309595_family.soft.gz		scRNAseq libraries were generated using a modified 10x genomics chromium 3′ single cell gene expression assay with Cell Hashing.	True
GSM9270213	geo:GSE309595:GSM9270213	self_reported_ethnicity	Caucasian	file	raw/fp-53430067aac0/GSE309595_family.soft.gz		!Sample_characteristics_ch1 = race: Caucasian	True
GSM9270213	geo:GSE309595:GSM9270213	disease_free_text	multiple myeloma	file	raw/fp-53430067aac0/GSE309595_family.soft.gz		Multiple myeloma (MM) is a hematological malignancy characterized by an expansion of malignant plasma cells in the bone marrow.	True
GSM9270213	geo:GSE309595:GSM9270213	disease_free_text	multiple myeloma	file	raw/fp-53430067aac0/GSE309595_family.soft.gz		!Sample_characteristics_ch1 = subject id: FH2008	True
GSM9270213	geo:GSE309595:GSM9270213	disease_free_text	multiple myeloma	file	raw/fp-53430067aac0/GSE309595_family.soft.gz		!Sample_characteristics_ch1 = visit: MM CD38 9 months	True
GSM9270213	geo:GSE309595:GSM9270213	disease_free_text	multiple myeloma	file	raw/fp-53430067aac0/GSE309595_family.soft.gz		A second cohort of patients over the age of 30 with suspected refractory MM receiving anti-CD38 MAb therapy were enrolled in Seattle, WA.	True
GSM9270214	geo:GSE309595:GSM9270214	donor_id	FH2009	file	raw/fp-53430067aac0/GSE309595_family.soft.gz		!Sample_characteristics_ch1 = subject id: FH2009	True
GSM9270214	geo:GSE309595:GSM9270214	sex	male	file	raw/fp-53430067aac0/GSE309595_family.soft.gz		!Sample_characteristics_ch1 = Sex: Male	True
GSM9270214	geo:GSE309595:GSM9270214	tissue_free_text	Blood	file	raw/fp-53430067aac0/GSE309595_family.soft.gz		!Sample_characteristics_ch1 = tissue: Blood	True
GSM9270214	geo:GSE309595:GSM9270214	tissue_type	tissue	file	raw/fp-53430067aac0/GSE309595_family.soft.gz		!Sample_characteristics_ch1 = tissue: Blood	True
GSM9270214	geo:GSE309595:GSM9270214	tissue_type	tissue	file	raw/fp-53430067aac0/GSE309595_family.soft.gz		!Sample_characteristics_ch1 = cell type: PBMC	True
GSM9270214	geo:GSE309595:GSM9270214	suspension_type	cell	file	raw/fp-53430067aac0/GSE309595_family.soft.gz		single cell gene expression assay with Cell Hashing	True
GSM9270214	geo:GSE309595:GSM9270214	suspension_type	cell	file	raw/fp-53430067aac0/GSE309595_family.soft.gz		PBMCs were removed from liquid nitrogen and rapidly thawed in a 37	True
GSM9270214	geo:GSE309595:GSM9270214	gene_annotation_version	Ensembl v93	file	raw/fp-53430067aac0/GSE309595_family.soft.gz		refdata-cellranger-GRCh38-3.0.0; based on the GRCh38 genome reference and Ensembl v93 transcriptome annotations	True
GSM9270214	geo:GSE309595:GSM9270214	assay	10x 3' transcription profiling	file	raw/fp-53430067aac0/GSE309595_family.soft.gz		scRNAseq libraries were generated using a modified 10x genomics chromium 3′ single cell gene expression assay with Cell Hashing.	True
GSM9270214	geo:GSE309595:GSM9270214	self_reported_ethnicity	Caucasian	file	raw/fp-53430067aac0/GSE309595_family.soft.gz		!Sample_characteristics_ch1 = race: Caucasian	True
GSM9270214	geo:GSE309595:GSM9270214	disease_free_text	multiple myeloma	file	raw/fp-53430067aac0/GSE309595_family.soft.gz		Multiple myeloma (MM) is a hematological malignancy characterized by an expansion of malignant plasma cells in the bone marrow.	True
GSM9270214	geo:GSE309595:GSM9270214	disease_free_text	multiple myeloma	file	raw/fp-53430067aac0/GSE309595_family.soft.gz		!Sample_characteristics_ch1 = subject id: FH2009	True
GSM9270214	geo:GSE309595:GSM9270214	disease_free_text	multiple myeloma	file	raw/fp-53430067aac0/GSE309595_family.soft.gz		!Sample_characteristics_ch1 = visit: MM CD38 6 months	True
GSM9270214	geo:GSE309595:GSM9270214	disease_free_text	multiple myeloma	file	raw/fp-53430067aac0/GSE309595_family.soft.gz		A second cohort of patients over the age of 30 with suspected refractory MM receiving anti-CD38 MAb therapy were enrolled in Seattle, WA.	True
GSM9270215	geo:GSE309595:GSM9270215	donor_id	FH2008	file	raw/fp-53430067aac0/GSE309595_family.soft.gz		!Sample_characteristics_ch1 = subject id: FH2008	True
GSM9270215	geo:GSE309595:GSM9270215	sex	female	file	raw/fp-53430067aac0/GSE309595_family.soft.gz		!Sample_characteristics_ch1 = Sex: Female	True
GSM9270215	geo:GSE309595:GSM9270215	tissue_free_text	Blood	file	raw/fp-53430067aac0/GSE309595_family.soft.gz		!Sample_characteristics_ch1 = tissue: Blood	True
GSM9270215	geo:GSE309595:GSM9270215	tissue_type	tissue	file	raw/fp-53430067aac0/GSE309595_family.soft.gz		!Sample_characteristics_ch1 = tissue: Blood	True
GSM9270215	geo:GSE309595:GSM9270215	tissue_type	tissue	file	raw/fp-53430067aac0/GSE309595_family.soft.gz		!Sample_characteristics_ch1 = cell type: PBMC	True
GSM9270215	geo:GSE309595:GSM9270215	suspension_type	cell	file	raw/fp-53430067aac0/GSE309595_family.soft.gz		single cell gene expression assay with Cell Hashing	True
GSM9270215	geo:GSE309595:GSM9270215	suspension_type	cell	file	raw/fp-53430067aac0/GSE309595_family.soft.gz		PBMCs were removed from liquid nitrogen and rapidly thawed in a 37	True
GSM9270215	geo:GSE309595:GSM9270215	gene_annotation_version	Ensembl v93	file	raw/fp-53430067aac0/GSE309595_family.soft.gz		refdata-cellranger-GRCh38-3.0.0; based on the GRCh38 genome reference and Ensembl v93 transcriptome annotations	True
GSM9270215	geo:GSE309595:GSM9270215	assay	10x 3' transcription profiling	file	raw/fp-53430067aac0/GSE309595_family.soft.gz		scRNAseq libraries were generated using a modified 10x genomics chromium 3′ single cell gene expression assay with Cell Hashing.	True
GSM9270215	geo:GSE309595:GSM9270215	self_reported_ethnicity	Caucasian	file	raw/fp-53430067aac0/GSE309595_family.soft.gz		!Sample_characteristics_ch1 = race: Caucasian	True
GSM9270215	geo:GSE309595:GSM9270215	disease_free_text	multiple myeloma	file	raw/fp-53430067aac0/GSE309595_family.soft.gz		Multiple myeloma (MM) is a hematological malignancy characterized by an expansion of malignant plasma cells in the bone marrow.	True
GSM9270215	geo:GSE309595:GSM9270215	disease_free_text	multiple myeloma	file	raw/fp-53430067aac0/GSE309595_family.soft.gz		!Sample_characteristics_ch1 = subject id: FH2008	True
GSM9270215	geo:GSE309595:GSM9270215	disease_free_text	multiple myeloma	file	raw/fp-53430067aac0/GSE309595_family.soft.gz		!Sample_characteristics_ch1 = visit: MM CD38 12 months	True
GSM9270215	geo:GSE309595:GSM9270215	disease_free_text	multiple myeloma	file	raw/fp-53430067aac0/GSE309595_family.soft.gz		A second cohort of patients over the age of 30 with suspected refractory MM receiving anti-CD38 MAb therapy were enrolled in Seattle, WA.	True
GSM9270216	geo:GSE309595:GSM9270216	donor_id	FH2007	file	raw/fp-53430067aac0/GSE309595_family.soft.gz		!Sample_characteristics_ch1 = subject id: FH2007	True
GSM9270216	geo:GSE309595:GSM9270216	sex	male	file	raw/fp-53430067aac0/GSE309595_family.soft.gz		!Sample_characteristics_ch1 = Sex: Male	True
GSM9270216	geo:GSE309595:GSM9270216	tissue_free_text	Blood	file	raw/fp-53430067aac0/GSE309595_family.soft.gz		!Sample_characteristics_ch1 = tissue: Blood	True
GSM9270216	geo:GSE309595:GSM9270216	tissue_type	tissue	file	raw/fp-53430067aac0/GSE309595_family.soft.gz		!Sample_characteristics_ch1 = tissue: Blood	True
GSM9270216	geo:GSE309595:GSM9270216	tissue_type	tissue	file	raw/fp-53430067aac0/GSE309595_family.soft.gz		!Sample_characteristics_ch1 = cell type: PBMC	True
GSM9270216	geo:GSE309595:GSM9270216	suspension_type	cell	file	raw/fp-53430067aac0/GSE309595_family.soft.gz		single cell gene expression assay with Cell Hashing	True
GSM9270216	geo:GSE309595:GSM9270216	suspension_type	cell	file	raw/fp-53430067aac0/GSE309595_family.soft.gz		PBMCs were removed from liquid nitrogen and rapidly thawed in a 37	True
GSM9270216	geo:GSE309595:GSM9270216	gene_annotation_version	Ensembl v93	file	raw/fp-53430067aac0/GSE309595_family.soft.gz		refdata-cellranger-GRCh38-3.0.0; based on the GRCh38 genome reference and Ensembl v93 transcriptome annotations	True
GSM9270216	geo:GSE309595:GSM9270216	assay	10x 3' transcription profiling	file	raw/fp-53430067aac0/GSE309595_family.soft.gz		scRNAseq libraries were generated using a modified 10x genomics chromium 3′ single cell gene expression assay with Cell Hashing.	True
GSM9270216	geo:GSE309595:GSM9270216	self_reported_ethnicity	Caucasian	file	raw/fp-53430067aac0/GSE309595_family.soft.gz		!Sample_characteristics_ch1 = race: Caucasian	True
GSM9270216	geo:GSE309595:GSM9270216	disease_free_text	multiple myeloma	file	raw/fp-53430067aac0/GSE309595_family.soft.gz		Multiple myeloma (MM) is a hematological malignancy characterized by an expansion of malignant plasma cells in the bone marrow.	True
GSM9270216	geo:GSE309595:GSM9270216	disease_free_text	multiple myeloma	file	raw/fp-53430067aac0/GSE309595_family.soft.gz		!Sample_characteristics_ch1 = subject id: FH2007	True
GSM9270216	geo:GSE309595:GSM9270216	disease_free_text	multiple myeloma	file	raw/fp-53430067aac0/GSE309595_family.soft.gz		!Sample_characteristics_ch1 = visit: MM CD38 18 months	True
GSM9270216	geo:GSE309595:GSM9270216	disease_free_text	multiple myeloma	file	raw/fp-53430067aac0/GSE309595_family.soft.gz		A second cohort of patients over the age of 30 with suspected refractory MM receiving anti-CD38 MAb therapy were enrolled in Seattle, WA.	True
GSM9270217	geo:GSE309595:GSM9270217	donor_id	FH2009	file	raw/fp-53430067aac0/GSE309595_family.soft.gz		!Sample_characteristics_ch1 = subject id: FH2009	True
GSM9270217	geo:GSE309595:GSM9270217	sex	male	file	raw/fp-53430067aac0/GSE309595_family.soft.gz		!Sample_characteristics_ch1 = Sex: Male	True
GSM9270217	geo:GSE309595:GSM9270217	tissue_free_text	Blood	file	raw/fp-53430067aac0/GSE309595_family.soft.gz		!Sample_characteristics_ch1 = tissue: Blood	True
GSM9270217	geo:GSE309595:GSM9270217	tissue_type	tissue	file	raw/fp-53430067aac0/GSE309595_family.soft.gz		!Sample_characteristics_ch1 = tissue: Blood	True
GSM9270217	geo:GSE309595:GSM9270217	tissue_type	tissue	file	raw/fp-53430067aac0/GSE309595_family.soft.gz		!Sample_characteristics_ch1 = cell type: PBMC	True
GSM9270217	geo:GSE309595:GSM9270217	suspension_type	cell	file	raw/fp-53430067aac0/GSE309595_family.soft.gz		single cell gene expression assay with Cell Hashing	True
GSM9270217	geo:GSE309595:GSM9270217	suspension_type	cell	file	raw/fp-53430067aac0/GSE309595_family.soft.gz		PBMCs were removed from liquid nitrogen and rapidly thawed in a 37	True
GSM9270217	geo:GSE309595:GSM9270217	gene_annotation_version	Ensembl v93	file	raw/fp-53430067aac0/GSE309595_family.soft.gz		refdata-cellranger-GRCh38-3.0.0; based on the GRCh38 genome reference and Ensembl v93 transcriptome annotations	True
GSM9270217	geo:GSE309595:GSM9270217	assay	10x 3' transcription profiling	file	raw/fp-53430067aac0/GSE309595_family.soft.gz		scRNAseq libraries were generated using a modified 10x genomics chromium 3′ single cell gene expression assay with Cell Hashing.	True
GSM9270217	geo:GSE309595:GSM9270217	self_reported_ethnicity	Caucasian	file	raw/fp-53430067aac0/GSE309595_family.soft.gz		!Sample_characteristics_ch1 = race: Caucasian	True
GSM9270217	geo:GSE309595:GSM9270217	disease_free_text	multiple myeloma	file	raw/fp-53430067aac0/GSE309595_family.soft.gz		Multiple myeloma (MM) is a hematological malignancy characterized by an expansion of malignant plasma cells in the bone marrow.	True
GSM9270217	geo:GSE309595:GSM9270217	disease_free_text	multiple myeloma	file	raw/fp-53430067aac0/GSE309595_family.soft.gz		!Sample_characteristics_ch1 = subject id: FH2009	True
GSM9270217	geo:GSE309595:GSM9270217	disease_free_text	multiple myeloma	file	raw/fp-53430067aac0/GSE309595_family.soft.gz		!Sample_characteristics_ch1 = visit: MM CD38 9 months	True
GSM9270217	geo:GSE309595:GSM9270217	disease_free_text	multiple myeloma	file	raw/fp-53430067aac0/GSE309595_family.soft.gz		A second cohort of patients over the age of 30 with suspected refractory MM receiving anti-CD38 MAb therapy were enrolled in Seattle, WA.	True
GSM9270218	geo:GSE309595:GSM9270218	donor_id	FH2009	file	raw/fp-53430067aac0/GSE309595_family.soft.gz		!Sample_characteristics_ch1 = subject id: FH2009	True
GSM9270218	geo:GSE309595:GSM9270218	sex	male	file	raw/fp-53430067aac0/GSE309595_family.soft.gz		!Sample_characteristics_ch1 = Sex: Male	True
GSM9270218	geo:GSE309595:GSM9270218	tissue_free_text	Blood	file	raw/fp-53430067aac0/GSE309595_family.soft.gz		!Sample_characteristics_ch1 = tissue: Blood	True
GSM9270218	geo:GSE309595:GSM9270218	tissue_type	tissue	file	raw/fp-53430067aac0/GSE309595_family.soft.gz		!Sample_characteristics_ch1 = tissue: Blood	True
GSM9270218	geo:GSE309595:GSM9270218	tissue_type	tissue	file	raw/fp-53430067aac0/GSE309595_family.soft.gz		!Sample_characteristics_ch1 = cell type: PBMC	True
GSM9270218	geo:GSE309595:GSM9270218	suspension_type	cell	file	raw/fp-53430067aac0/GSE309595_family.soft.gz		single cell gene expression assay with Cell Hashing	True
GSM9270218	geo:GSE309595:GSM9270218	suspension_type	cell	file	raw/fp-53430067aac0/GSE309595_family.soft.gz		PBMCs were removed from liquid nitrogen and rapidly thawed in a 37	True
GSM9270218	geo:GSE309595:GSM9270218	gene_annotation_version	Ensembl v93	file	raw/fp-53430067aac0/GSE309595_family.soft.gz		refdata-cellranger-GRCh38-3.0.0; based on the GRCh38 genome reference and Ensembl v93 transcriptome annotations	True
GSM9270218	geo:GSE309595:GSM9270218	assay	10x 3' transcription profiling	file	raw/fp-53430067aac0/GSE309595_family.soft.gz		scRNAseq libraries were generated using a modified 10x genomics chromium 3′ single cell gene expression assay with Cell Hashing.	True
GSM9270218	geo:GSE309595:GSM9270218	self_reported_ethnicity	Caucasian	file	raw/fp-53430067aac0/GSE309595_family.soft.gz		!Sample_characteristics_ch1 = race: Caucasian	True
GSM9270218	geo:GSE309595:GSM9270218	disease_free_text	multiple myeloma	file	raw/fp-53430067aac0/GSE309595_family.soft.gz		Multiple myeloma (MM) is a hematological malignancy characterized by an expansion of malignant plasma cells in the bone marrow.	True
GSM9270218	geo:GSE309595:GSM9270218	disease_free_text	multiple myeloma	file	raw/fp-53430067aac0/GSE309595_family.soft.gz		!Sample_characteristics_ch1 = subject id: FH2009	True
GSM9270218	geo:GSE309595:GSM9270218	disease_free_text	multiple myeloma	file	raw/fp-53430067aac0/GSE309595_family.soft.gz		!Sample_characteristics_ch1 = visit: MM CD38 12 months	True
GSM9270218	geo:GSE309595:GSM9270218	disease_free_text	multiple myeloma	file	raw/fp-53430067aac0/GSE309595_family.soft.gz		A second cohort of patients over the age of 30 with suspected refractory MM receiving anti-CD38 MAb therapy were enrolled in Seattle, WA.	True
GSM9618382	geo:GSE309595:GSM9618382	donor_id	RB1101	file	raw/fp-53430067aac0/GSE309595_family.soft.gz		!Sample_characteristics_ch1 = subject id: RB1101	True
GSM9618382	geo:GSE309595:GSM9618382	sex	female	file	raw/fp-53430067aac0/GSE309595_family.soft.gz		!Sample_characteristics_ch1 = Sex: Female	True
GSM9618382	geo:GSE309595:GSM9618382	tissue_free_text	Bone Marrow	file	raw/fp-53430067aac0/GSE309595_family.soft.gz		!Sample_characteristics_ch1 = tissue: Bone Marrow	True
GSM9618382	geo:GSE309595:GSM9618382	tissue_type	tissue	file	raw/fp-53430067aac0/GSE309595_family.soft.gz		!Sample_characteristics_ch1 = tissue: Bone Marrow	True
GSM9618382	geo:GSE309595:GSM9618382	tissue_type	tissue	file	raw/fp-53430067aac0/GSE309595_family.soft.gz		!Sample_characteristics_ch1 = cell type: BMMC	True
GSM9618382	geo:GSE309595:GSM9618382	suspension_type	cell	file	raw/fp-53430067aac0/GSE309595_family.soft.gz		single cell gene expression assay with Cell Hashing	True
GSM9618382	geo:GSE309595:GSM9618382	suspension_type	cell	file	raw/fp-53430067aac0/GSE309595_family.soft.gz		BMMCs were removed from liquid nitrogen and rapidly thawed in a 37	True
GSM9618382	geo:GSE309595:GSM9618382	gene_annotation_version	Ensembl v93	file	raw/fp-53430067aac0/GSE309595_family.soft.gz		refdata-cellranger-GRCh38-3.0.0; based on the GRCh38 genome reference and Ensembl v93 transcriptome annotations	True
GSM9618382	geo:GSE309595:GSM9618382	assay	CITE-seq	file	raw/fp-53430067aac0/GSE309595_family.soft.gz		!Sample_data_processing = Library strategy: CITE-seq	True
GSM9618382	geo:GSE309595:GSM9618382	assay	CITE-seq	file	raw/fp-53430067aac0/GSE309595_family.soft.gz		Live cells are then collected and diluted to appropriate concentrations for 3' CITEseq.	True
GSM9618382	geo:GSE309595:GSM9618382	self_reported_ethnicity	Asian	file	raw/fp-53430067aac0/GSE309595_family.soft.gz		!Sample_characteristics_ch1 = race: Asian	True
GSM9618382	geo:GSE309595:GSM9618382	disease_free_text	Healthy	file	raw/fp-53430067aac0/GSE309595_family.soft.gz		!Sample_characteristics_ch1 = visit: Healthy	True
GSM9618382	geo:GSE309595:GSM9618382	disease_free_text	Healthy	file	raw/fp-53430067aac0/GSE309595_family.soft.gz		!Sample_title = BMC06475-001 Healthy	True
GSM9618382	geo:GSE309595:GSM9618382	disease_ontology_term_id	PATO:0000461	file	raw/fp-53430067aac0/GSE309595_family.soft.gz		!Sample_characteristics_ch1 = visit: Healthy	True
GSM9618382	geo:GSE309595:GSM9618382	disease_ontology_term_id	PATO:0000461	file	raw/fp-53430067aac0/GSE309595_family.soft.gz		!Sample_title = BMC06475-001 Healthy	True
GSM9618381	geo:GSE309595:GSM9618381	donor_id	RB1049	file	raw/fp-53430067aac0/GSE309595_family.soft.gz		!Sample_characteristics_ch1 = subject id: RB1049	True
GSM9618381	geo:GSE309595:GSM9618381	sex	female	file	raw/fp-53430067aac0/GSE309595_family.soft.gz		!Sample_characteristics_ch1 = Sex: Female	True
GSM9618381	geo:GSE309595:GSM9618381	tissue_free_text	Bone Marrow	file	raw/fp-53430067aac0/GSE309595_family.soft.gz		!Sample_characteristics_ch1 = tissue: Bone Marrow	True
GSM9618381	geo:GSE309595:GSM9618381	tissue_type	tissue	file	raw/fp-53430067aac0/GSE309595_family.soft.gz		!Sample_characteristics_ch1 = tissue: Bone Marrow	True
GSM9618381	geo:GSE309595:GSM9618381	tissue_type	tissue	file	raw/fp-53430067aac0/GSE309595_family.soft.gz		!Sample_characteristics_ch1 = cell type: BMMC	True
GSM9618381	geo:GSE309595:GSM9618381	suspension_type	cell	file	raw/fp-53430067aac0/GSE309595_family.soft.gz		single cell gene expression assay with Cell Hashing	True
GSM9618381	geo:GSE309595:GSM9618381	suspension_type	cell	file	raw/fp-53430067aac0/GSE309595_family.soft.gz		BMMCs were removed from liquid nitrogen and rapidly thawed in a 37	True
GSM9618381	geo:GSE309595:GSM9618381	gene_annotation_version	Ensembl v93	file	raw/fp-53430067aac0/GSE309595_family.soft.gz		refdata-cellranger-GRCh38-3.0.0; based on the GRCh38 genome reference and Ensembl v93 transcriptome annotations	True
GSM9618381	geo:GSE309595:GSM9618381	assay	CITE-seq	file	raw/fp-53430067aac0/GSE309595_family.soft.gz		!Sample_data_processing = Library strategy: CITE-seq	True
GSM9618381	geo:GSE309595:GSM9618381	assay	CITE-seq	file	raw/fp-53430067aac0/GSE309595_family.soft.gz		Live cells are then collected and diluted to appropriate concentrations for 3' CITEseq.	True
GSM9618381	geo:GSE309595:GSM9618381	self_reported_ethnicity	Hispanic or Latino origin	file	raw/fp-53430067aac0/GSE309595_family.soft.gz		!Sample_characteristics_ch1 = race: Hispanic or Latino origin	True
GSM9618381	geo:GSE309595:GSM9618381	disease_free_text	Healthy	file	raw/fp-53430067aac0/GSE309595_family.soft.gz		!Sample_characteristics_ch1 = visit: Healthy	True
GSM9618381	geo:GSE309595:GSM9618381	disease_free_text	Healthy	file	raw/fp-53430067aac0/GSE309595_family.soft.gz		!Sample_title = BMC06476-001 Healthy	True
GSM9618381	geo:GSE309595:GSM9618381	disease_ontology_term_id	PATO:0000461	file	raw/fp-53430067aac0/GSE309595_family.soft.gz		!Sample_characteristics_ch1 = visit: Healthy	True
GSM9618381	geo:GSE309595:GSM9618381	disease_ontology_term_id	PATO:0000461	file	raw/fp-53430067aac0/GSE309595_family.soft.gz		!Sample_title = BMC06476-001 Healthy	True
GSM9618380	geo:GSE309595:GSM9618380	donor_id	RB1015	file	raw/fp-53430067aac0/GSE309595_family.soft.gz		!Sample_characteristics_ch1 = subject id: RB1015	True
GSM9618380	geo:GSE309595:GSM9618380	sex	female	file	raw/fp-53430067aac0/GSE309595_family.soft.gz		!Sample_characteristics_ch1 = Sex: Female	True
GSM9618380	geo:GSE309595:GSM9618380	tissue_free_text	Bone Marrow	file	raw/fp-53430067aac0/GSE309595_family.soft.gz		!Sample_characteristics_ch1 = tissue: Bone Marrow	True
GSM9618380	geo:GSE309595:GSM9618380	tissue_type	tissue	file	raw/fp-53430067aac0/GSE309595_family.soft.gz		!Sample_characteristics_ch1 = tissue: Bone Marrow	True
GSM9618380	geo:GSE309595:GSM9618380	tissue_type	tissue	file	raw/fp-53430067aac0/GSE309595_family.soft.gz		!Sample_characteristics_ch1 = cell type: BMMC	True
GSM9618380	geo:GSE309595:GSM9618380	suspension_type	cell	file	raw/fp-53430067aac0/GSE309595_family.soft.gz		single cell gene expression assay with Cell Hashing	True
GSM9618380	geo:GSE309595:GSM9618380	suspension_type	cell	file	raw/fp-53430067aac0/GSE309595_family.soft.gz		BMMCs were removed from liquid nitrogen and rapidly thawed in a 37	True
GSM9618380	geo:GSE309595:GSM9618380	gene_annotation_version	Ensembl v93	file	raw/fp-53430067aac0/GSE309595_family.soft.gz		refdata-cellranger-GRCh38-3.0.0; based on the GRCh38 genome reference and Ensembl v93 transcriptome annotations	True
GSM9618380	geo:GSE309595:GSM9618380	assay	CITE-seq	file	raw/fp-53430067aac0/GSE309595_family.soft.gz		!Sample_data_processing = Library strategy: CITE-seq	True
GSM9618380	geo:GSE309595:GSM9618380	assay	CITE-seq	file	raw/fp-53430067aac0/GSE309595_family.soft.gz		Live cells are then collected and diluted to appropriate concentrations for 3' CITEseq.	True
GSM9618380	geo:GSE309595:GSM9618380	self_reported_ethnicity	Caucasian	file	raw/fp-53430067aac0/GSE309595_family.soft.gz		!Sample_characteristics_ch1 = race: Caucasian	True
GSM9618380	geo:GSE309595:GSM9618380	disease_free_text	Healthy	file	raw/fp-53430067aac0/GSE309595_family.soft.gz		!Sample_characteristics_ch1 = visit: Healthy	True
GSM9618380	geo:GSE309595:GSM9618380	disease_free_text	Healthy	file	raw/fp-53430067aac0/GSE309595_family.soft.gz		!Sample_title = BMC06477-001 Healthy	True
GSM9618380	geo:GSE309595:GSM9618380	disease_ontology_term_id	PATO:0000461	file	raw/fp-53430067aac0/GSE309595_family.soft.gz		!Sample_characteristics_ch1 = visit: Healthy	True
GSM9618380	geo:GSE309595:GSM9618380	disease_ontology_term_id	PATO:0000461	file	raw/fp-53430067aac0/GSE309595_family.soft.gz		!Sample_title = BMC06477-001 Healthy	True
GSM9618383	geo:GSE309595:GSM9618383	donor_id	RB1116	file	raw/fp-53430067aac0/GSE309595_family.soft.gz		!Sample_characteristics_ch1 = subject id: RB1116	True
GSM9618383	geo:GSE309595:GSM9618383	sex	male	file	raw/fp-53430067aac0/GSE309595_family.soft.gz		!Sample_characteristics_ch1 = Sex: Male	True
GSM9618383	geo:GSE309595:GSM9618383	tissue_free_text	Bone Marrow	file	raw/fp-53430067aac0/GSE309595_family.soft.gz		!Sample_characteristics_ch1 = tissue: Bone Marrow	True
GSM9618383	geo:GSE309595:GSM9618383	tissue_type	tissue	file	raw/fp-53430067aac0/GSE309595_family.soft.gz		!Sample_characteristics_ch1 = tissue: Bone Marrow	True
GSM9618383	geo:GSE309595:GSM9618383	tissue_type	tissue	file	raw/fp-53430067aac0/GSE309595_family.soft.gz		!Sample_characteristics_ch1 = cell type: BMMC	True
GSM9618383	geo:GSE309595:GSM9618383	suspension_type	cell	file	raw/fp-53430067aac0/GSE309595_family.soft.gz		single cell gene expression assay with Cell Hashing	True
GSM9618383	geo:GSE309595:GSM9618383	suspension_type	cell	file	raw/fp-53430067aac0/GSE309595_family.soft.gz		BMMCs were removed from liquid nitrogen and rapidly thawed in a 37	True
GSM9618383	geo:GSE309595:GSM9618383	gene_annotation_version	Ensembl v93	file	raw/fp-53430067aac0/GSE309595_family.soft.gz		refdata-cellranger-GRCh38-3.0.0; based on the GRCh38 genome reference and Ensembl v93 transcriptome annotations	True
GSM9618383	geo:GSE309595:GSM9618383	assay	CITE-seq	file	raw/fp-53430067aac0/GSE309595_family.soft.gz		!Sample_data_processing = Library strategy: CITE-seq	True
GSM9618383	geo:GSE309595:GSM9618383	assay	CITE-seq	file	raw/fp-53430067aac0/GSE309595_family.soft.gz		Live cells are then collected and diluted to appropriate concentrations for 3' CITEseq.	True
GSM9618383	geo:GSE309595:GSM9618383	self_reported_ethnicity	Caucasian	file	raw/fp-53430067aac0/GSE309595_family.soft.gz		!Sample_characteristics_ch1 = race: Caucasian	True
GSM9618383	geo:GSE309595:GSM9618383	disease_free_text	Healthy	file	raw/fp-53430067aac0/GSE309595_family.soft.gz		!Sample_characteristics_ch1 = visit: Healthy	True
GSM9618383	geo:GSE309595:GSM9618383	disease_free_text	Healthy	file	raw/fp-53430067aac0/GSE309595_family.soft.gz		!Sample_title = BMC06478-001 Healthy	True
GSM9618383	geo:GSE309595:GSM9618383	disease_ontology_term_id	PATO:0000461	file	raw/fp-53430067aac0/GSE309595_family.soft.gz		!Sample_characteristics_ch1 = visit: Healthy	True
GSM9618383	geo:GSE309595:GSM9618383	disease_ontology_term_id	PATO:0000461	file	raw/fp-53430067aac0/GSE309595_family.soft.gz		!Sample_title = BMC06478-001 Healthy	True
GSM9618385	geo:GSE309595:GSM9618385	donor_id	RB1149	file	raw/fp-53430067aac0/GSE309595_family.soft.gz		!Sample_characteristics_ch1 = subject id: RB1149	True
GSM9618385	geo:GSE309595:GSM9618385	sex	male	file	raw/fp-53430067aac0/GSE309595_family.soft.gz		!Sample_characteristics_ch1 = Sex: Male	True
GSM9618385	geo:GSE309595:GSM9618385	tissue_free_text	Bone Marrow	file	raw/fp-53430067aac0/GSE309595_family.soft.gz		!Sample_characteristics_ch1 = tissue: Bone Marrow	True
GSM9618385	geo:GSE309595:GSM9618385	tissue_type	tissue	file	raw/fp-53430067aac0/GSE309595_family.soft.gz		!Sample_characteristics_ch1 = tissue: Bone Marrow	True
GSM9618385	geo:GSE309595:GSM9618385	tissue_type	tissue	file	raw/fp-53430067aac0/GSE309595_family.soft.gz		!Sample_characteristics_ch1 = cell type: BMMC	True
GSM9618385	geo:GSE309595:GSM9618385	suspension_type	cell	file	raw/fp-53430067aac0/GSE309595_family.soft.gz		single cell gene expression assay with Cell Hashing	True
GSM9618385	geo:GSE309595:GSM9618385	suspension_type	cell	file	raw/fp-53430067aac0/GSE309595_family.soft.gz		BMMCs were removed from liquid nitrogen and rapidly thawed in a 37	True
GSM9618385	geo:GSE309595:GSM9618385	gene_annotation_version	Ensembl v93	file	raw/fp-53430067aac0/GSE309595_family.soft.gz		refdata-cellranger-GRCh38-3.0.0; based on the GRCh38 genome reference and Ensembl v93 transcriptome annotations	True
GSM9618385	geo:GSE309595:GSM9618385	assay	CITE-seq	file	raw/fp-53430067aac0/GSE309595_family.soft.gz		!Sample_data_processing = Library strategy: CITE-seq	True
GSM9618385	geo:GSE309595:GSM9618385	assay	CITE-seq	file	raw/fp-53430067aac0/GSE309595_family.soft.gz		Live cells are then collected and diluted to appropriate concentrations for 3' CITEseq.	True
GSM9618385	geo:GSE309595:GSM9618385	self_reported_ethnicity	Caucasian	file	raw/fp-53430067aac0/GSE309595_family.soft.gz		!Sample_characteristics_ch1 = race: Caucasian	True
GSM9618385	geo:GSE309595:GSM9618385	disease_free_text	Healthy	file	raw/fp-53430067aac0/GSE309595_family.soft.gz		!Sample_characteristics_ch1 = visit: Healthy	True
GSM9618385	geo:GSE309595:GSM9618385	disease_free_text	Healthy	file	raw/fp-53430067aac0/GSE309595_family.soft.gz		!Sample_title = BMC06479-001 Healthy	True
GSM9618385	geo:GSE309595:GSM9618385	disease_ontology_term_id	PATO:0000461	file	raw/fp-53430067aac0/GSE309595_family.soft.gz		!Sample_characteristics_ch1 = visit: Healthy	True
GSM9618385	geo:GSE309595:GSM9618385	disease_ontology_term_id	PATO:0000461	file	raw/fp-53430067aac0/GSE309595_family.soft.gz		!Sample_title = BMC06479-001 Healthy	True
GSM9618384	geo:GSE309595:GSM9618384	donor_id	RB1133	file	raw/fp-53430067aac0/GSE309595_family.soft.gz		!Sample_characteristics_ch1 = subject id: RB1133	True
GSM9618384	geo:GSE309595:GSM9618384	sex	female	file	raw/fp-53430067aac0/GSE309595_family.soft.gz		!Sample_characteristics_ch1 = Sex: Female	True
GSM9618384	geo:GSE309595:GSM9618384	tissue_free_text	Bone Marrow	file	raw/fp-53430067aac0/GSE309595_family.soft.gz		!Sample_characteristics_ch1 = tissue: Bone Marrow	True
GSM9618384	geo:GSE309595:GSM9618384	tissue_type	tissue	file	raw/fp-53430067aac0/GSE309595_family.soft.gz		!Sample_characteristics_ch1 = tissue: Bone Marrow	True
GSM9618384	geo:GSE309595:GSM9618384	tissue_type	tissue	file	raw/fp-53430067aac0/GSE309595_family.soft.gz		!Sample_characteristics_ch1 = cell type: BMMC	True
GSM9618384	geo:GSE309595:GSM9618384	suspension_type	cell	file	raw/fp-53430067aac0/GSE309595_family.soft.gz		single cell gene expression assay with Cell Hashing	True
GSM9618384	geo:GSE309595:GSM9618384	suspension_type	cell	file	raw/fp-53430067aac0/GSE309595_family.soft.gz		BMMCs were removed from liquid nitrogen and rapidly thawed in a 37	True
GSM9618384	geo:GSE309595:GSM9618384	gene_annotation_version	Ensembl v93	file	raw/fp-53430067aac0/GSE309595_family.soft.gz		refdata-cellranger-GRCh38-3.0.0; based on the GRCh38 genome reference and Ensembl v93 transcriptome annotations	True
GSM9618384	geo:GSE309595:GSM9618384	assay	CITE-seq	file	raw/fp-53430067aac0/GSE309595_family.soft.gz		!Sample_data_processing = Library strategy: CITE-seq	True
GSM9618384	geo:GSE309595:GSM9618384	assay	CITE-seq	file	raw/fp-53430067aac0/GSE309595_family.soft.gz		Live cells are then collected and diluted to appropriate concentrations for 3' CITEseq.	True
GSM9618384	geo:GSE309595:GSM9618384	self_reported_ethnicity	Caucasian	file	raw/fp-53430067aac0/GSE309595_family.soft.gz		!Sample_characteristics_ch1 = race: Caucasian	True
GSM9618384	geo:GSE309595:GSM9618384	disease_free_text	Healthy	file	raw/fp-53430067aac0/GSE309595_family.soft.gz		!Sample_characteristics_ch1 = visit: Healthy	True
GSM9618384	geo:GSE309595:GSM9618384	disease_free_text	Healthy	file	raw/fp-53430067aac0/GSE309595_family.soft.gz		!Sample_title = BMC06480-001 Healthy	True
GSM9618384	geo:GSE309595:GSM9618384	disease_ontology_term_id	PATO:0000461	file	raw/fp-53430067aac0/GSE309595_family.soft.gz		!Sample_characteristics_ch1 = visit: Healthy	True
GSM9618384	geo:GSE309595:GSM9618384	disease_ontology_term_id	PATO:0000461	file	raw/fp-53430067aac0/GSE309595_family.soft.gz		!Sample_title = BMC06480-001 Healthy	True
GSM9618388	geo:GSE309595:GSM9618388	donor_id	RB1468	file	raw/fp-53430067aac0/GSE309595_family.soft.gz		!Sample_characteristics_ch1 = subject id: RB1468	True
GSM9618388	geo:GSE309595:GSM9618388	sex	male	file	raw/fp-53430067aac0/GSE309595_family.soft.gz		!Sample_characteristics_ch1 = Sex: Male	True
GSM9618388	geo:GSE309595:GSM9618388	tissue_free_text	Bone Marrow	file	raw/fp-53430067aac0/GSE309595_family.soft.gz		!Sample_characteristics_ch1 = tissue: Bone Marrow	True
GSM9618388	geo:GSE309595:GSM9618388	tissue_type	tissue	file	raw/fp-53430067aac0/GSE309595_family.soft.gz		!Sample_characteristics_ch1 = tissue: Bone Marrow	True
GSM9618388	geo:GSE309595:GSM9618388	tissue_type	tissue	file	raw/fp-53430067aac0/GSE309595_family.soft.gz		!Sample_characteristics_ch1 = cell type: BMMC	True
GSM9618388	geo:GSE309595:GSM9618388	suspension_type	cell	file	raw/fp-53430067aac0/GSE309595_family.soft.gz		single cell gene expression assay with Cell Hashing	True
GSM9618388	geo:GSE309595:GSM9618388	suspension_type	cell	file	raw/fp-53430067aac0/GSE309595_family.soft.gz		BMMCs were removed from liquid nitrogen and rapidly thawed in a 37	True
GSM9618388	geo:GSE309595:GSM9618388	gene_annotation_version	Ensembl v93	file	raw/fp-53430067aac0/GSE309595_family.soft.gz		refdata-cellranger-GRCh38-3.0.0; based on the GRCh38 genome reference and Ensembl v93 transcriptome annotations	True
GSM9618388	geo:GSE309595:GSM9618388	assay	CITE-seq	file	raw/fp-53430067aac0/GSE309595_family.soft.gz		!Sample_data_processing = Library strategy: CITE-seq	True
GSM9618388	geo:GSE309595:GSM9618388	assay	CITE-seq	file	raw/fp-53430067aac0/GSE309595_family.soft.gz		Live cells are then collected and diluted to appropriate concentrations for 3' CITEseq.	True
GSM9618388	geo:GSE309595:GSM9618388	self_reported_ethnicity	Caucasian	file	raw/fp-53430067aac0/GSE309595_family.soft.gz		!Sample_characteristics_ch1 = race: Caucasian	True
GSM9618388	geo:GSE309595:GSM9618388	disease_free_text	Healthy	file	raw/fp-53430067aac0/GSE309595_family.soft.gz		!Sample_characteristics_ch1 = visit: Healthy	True
GSM9618388	geo:GSE309595:GSM9618388	disease_free_text	Healthy	file	raw/fp-53430067aac0/GSE309595_family.soft.gz		!Sample_title = BMC06481-001 Healthy	True
GSM9618388	geo:GSE309595:GSM9618388	disease_ontology_term_id	PATO:0000461	file	raw/fp-53430067aac0/GSE309595_family.soft.gz		!Sample_characteristics_ch1 = visit: Healthy	True
GSM9618388	geo:GSE309595:GSM9618388	disease_ontology_term_id	PATO:0000461	file	raw/fp-53430067aac0/GSE309595_family.soft.gz		!Sample_title = BMC06481-001 Healthy	True
GSM9618387	geo:GSE309595:GSM9618387	donor_id	RB1335	file	raw/fp-53430067aac0/GSE309595_family.soft.gz		!Sample_characteristics_ch1 = subject id: RB1335	True
GSM9618387	geo:GSE309595:GSM9618387	sex	male	file	raw/fp-53430067aac0/GSE309595_family.soft.gz		!Sample_characteristics_ch1 = Sex: Male	True
GSM9618387	geo:GSE309595:GSM9618387	tissue_free_text	Bone Marrow	file	raw/fp-53430067aac0/GSE309595_family.soft.gz		!Sample_characteristics_ch1 = tissue: Bone Marrow	True
GSM9618387	geo:GSE309595:GSM9618387	tissue_type	tissue	file	raw/fp-53430067aac0/GSE309595_family.soft.gz		!Sample_characteristics_ch1 = tissue: Bone Marrow	True
GSM9618387	geo:GSE309595:GSM9618387	tissue_type	tissue	file	raw/fp-53430067aac0/GSE309595_family.soft.gz		!Sample_characteristics_ch1 = cell type: BMMC	True
GSM9618387	geo:GSE309595:GSM9618387	suspension_type	cell	file	raw/fp-53430067aac0/GSE309595_family.soft.gz		single cell gene expression assay with Cell Hashing	True
GSM9618387	geo:GSE309595:GSM9618387	suspension_type	cell	file	raw/fp-53430067aac0/GSE309595_family.soft.gz		BMMCs were removed from liquid nitrogen and rapidly thawed in a 37	True
GSM9618387	geo:GSE309595:GSM9618387	gene_annotation_version	Ensembl v93	file	raw/fp-53430067aac0/GSE309595_family.soft.gz		refdata-cellranger-GRCh38-3.0.0; based on the GRCh38 genome reference and Ensembl v93 transcriptome annotations	True
GSM9618387	geo:GSE309595:GSM9618387	assay	CITE-seq	file	raw/fp-53430067aac0/GSE309595_family.soft.gz		!Sample_data_processing = Library strategy: CITE-seq	True
GSM9618387	geo:GSE309595:GSM9618387	assay	CITE-seq	file	raw/fp-53430067aac0/GSE309595_family.soft.gz		Live cells are then collected and diluted to appropriate concentrations for 3' CITEseq.	True
GSM9618387	geo:GSE309595:GSM9618387	self_reported_ethnicity	Caucasian	file	raw/fp-53430067aac0/GSE309595_family.soft.gz		!Sample_characteristics_ch1 = race: Caucasian	True
GSM9618387	geo:GSE309595:GSM9618387	disease_free_text	Healthy	file	raw/fp-53430067aac0/GSE309595_family.soft.gz		!Sample_characteristics_ch1 = visit: Healthy	True
GSM9618387	geo:GSE309595:GSM9618387	disease_free_text	Healthy	file	raw/fp-53430067aac0/GSE309595_family.soft.gz		!Sample_title = BMC06482-001 Healthy	True
GSM9618387	geo:GSE309595:GSM9618387	disease_ontology_term_id	PATO:0000461	file	raw/fp-53430067aac0/GSE309595_family.soft.gz		!Sample_characteristics_ch1 = visit: Healthy	True
GSM9618387	geo:GSE309595:GSM9618387	disease_ontology_term_id	PATO:0000461	file	raw/fp-53430067aac0/GSE309595_family.soft.gz		!Sample_title = BMC06482-001 Healthy	True
GSM9618379	geo:GSE309595:GSM9618379	donor_id	CE0006259	file	raw/fp-53430067aac0/GSE309595_family.soft.gz		!Sample_characteristics_ch1 = subject id: CE0006259	True
GSM9618379	geo:GSE309595:GSM9618379	sex	male	file	raw/fp-53430067aac0/GSE309595_family.soft.gz		!Sample_characteristics_ch1 = Sex: Male	True
GSM9618379	geo:GSE309595:GSM9618379	tissue_free_text	Bone Marrow	file	raw/fp-53430067aac0/GSE309595_family.soft.gz		!Sample_characteristics_ch1 = tissue: Bone Marrow	True
GSM9618379	geo:GSE309595:GSM9618379	tissue_type	tissue	file	raw/fp-53430067aac0/GSE309595_family.soft.gz		!Sample_characteristics_ch1 = tissue: Bone Marrow	True
GSM9618379	geo:GSE309595:GSM9618379	tissue_type	tissue	file	raw/fp-53430067aac0/GSE309595_family.soft.gz		!Sample_characteristics_ch1 = cell type: BMMC	True
GSM9618379	geo:GSE309595:GSM9618379	suspension_type	cell	file	raw/fp-53430067aac0/GSE309595_family.soft.gz		single cell gene expression assay with Cell Hashing	True
GSM9618379	geo:GSE309595:GSM9618379	suspension_type	cell	file	raw/fp-53430067aac0/GSE309595_family.soft.gz		BMMCs were removed from liquid nitrogen and rapidly thawed in a 37	True
GSM9618379	geo:GSE309595:GSM9618379	gene_annotation_version	Ensembl v93	file	raw/fp-53430067aac0/GSE309595_family.soft.gz		refdata-cellranger-GRCh38-3.0.0; based on the GRCh38 genome reference and Ensembl v93 transcriptome annotations	True
GSM9618379	geo:GSE309595:GSM9618379	assay	CITE-seq	file	raw/fp-53430067aac0/GSE309595_family.soft.gz		!Sample_data_processing = Library strategy: CITE-seq	True
GSM9618379	geo:GSE309595:GSM9618379	assay	CITE-seq	file	raw/fp-53430067aac0/GSE309595_family.soft.gz		Live cells are then collected and diluted to appropriate concentrations for 3' CITEseq.	True
GSM9618379	geo:GSE309595:GSM9618379	self_reported_ethnicity	Caucasian	file	raw/fp-53430067aac0/GSE309595_family.soft.gz		!Sample_characteristics_ch1 = race: Caucasian	True
GSM9618379	geo:GSE309595:GSM9618379	disease_free_text	Healthy	file	raw/fp-53430067aac0/GSE309595_family.soft.gz		!Sample_characteristics_ch1 = visit: Healthy	True
GSM9618379	geo:GSE309595:GSM9618379	disease_free_text	Healthy	file	raw/fp-53430067aac0/GSE309595_family.soft.gz		!Sample_title = BMC01671-16 Healthy	True
GSM9618379	geo:GSE309595:GSM9618379	disease_ontology_term_id	PATO:0000461	file	raw/fp-53430067aac0/GSE309595_family.soft.gz		!Sample_characteristics_ch1 = visit: Healthy	True
GSM9618379	geo:GSE309595:GSM9618379	disease_ontology_term_id	PATO:0000461	file	raw/fp-53430067aac0/GSE309595_family.soft.gz		!Sample_title = BMC01671-16 Healthy	True
GSM9618386	geo:GSE309595:GSM9618386	donor_id	RB1221	file	raw/fp-53430067aac0/GSE309595_family.soft.gz		!Sample_characteristics_ch1 = subject id: RB1221	True
GSM9618386	geo:GSE309595:GSM9618386	sex	female	file	raw/fp-53430067aac0/GSE309595_family.soft.gz		!Sample_characteristics_ch1 = Sex: Female	True
GSM9618386	geo:GSE309595:GSM9618386	tissue_free_text	Bone Marrow	file	raw/fp-53430067aac0/GSE309595_family.soft.gz		!Sample_characteristics_ch1 = tissue: Bone Marrow	True
GSM9618386	geo:GSE309595:GSM9618386	tissue_type	tissue	file	raw/fp-53430067aac0/GSE309595_family.soft.gz		!Sample_characteristics_ch1 = tissue: Bone Marrow	True
GSM9618386	geo:GSE309595:GSM9618386	tissue_type	tissue	file	raw/fp-53430067aac0/GSE309595_family.soft.gz		!Sample_characteristics_ch1 = cell type: BMMC	True
GSM9618386	geo:GSE309595:GSM9618386	suspension_type	cell	file	raw/fp-53430067aac0/GSE309595_family.soft.gz		single cell gene expression assay with Cell Hashing	True
GSM9618386	geo:GSE309595:GSM9618386	suspension_type	cell	file	raw/fp-53430067aac0/GSE309595_family.soft.gz		BMMCs were removed from liquid nitrogen and rapidly thawed in a 37	True
GSM9618386	geo:GSE309595:GSM9618386	gene_annotation_version	Ensembl v93	file	raw/fp-53430067aac0/GSE309595_family.soft.gz		refdata-cellranger-GRCh38-3.0.0; based on the GRCh38 genome reference and Ensembl v93 transcriptome annotations	True
GSM9618386	geo:GSE309595:GSM9618386	assay	CITE-seq	file	raw/fp-53430067aac0/GSE309595_family.soft.gz		!Sample_data_processing = Library strategy: CITE-seq	True
GSM9618386	geo:GSE309595:GSM9618386	assay	CITE-seq	file	raw/fp-53430067aac0/GSE309595_family.soft.gz		Live cells are then collected and diluted to appropriate concentrations for 3' CITEseq.	True
GSM9618386	geo:GSE309595:GSM9618386	disease_free_text	Healthy	file	raw/fp-53430067aac0/GSE309595_family.soft.gz		!Sample_characteristics_ch1 = visit: Healthy	True
GSM9618386	geo:GSE309595:GSM9618386	disease_free_text	Healthy	file	raw/fp-53430067aac0/GSE309595_family.soft.gz		!Sample_title = BMC06853-001 Healthy	True
GSM9618386	geo:GSE309595:GSM9618386	disease_ontology_term_id	PATO:0000461	file	raw/fp-53430067aac0/GSE309595_family.soft.gz		!Sample_characteristics_ch1 = visit: Healthy	True
GSM9618386	geo:GSE309595:GSM9618386	disease_ontology_term_id	PATO:0000461	file	raw/fp-53430067aac0/GSE309595_family.soft.gz		!Sample_title = BMC06853-001 Healthy	True
