sample_id	sample_uid	field	value	source	ref	scope	quote	verified
MM02	geo:GSE106218:MM02	donor_id	<column specimen>	column	work/fp-ac2b4f47543b/GSE106218_cell_metadata.tsv/specimen			True
MM02EM	geo:GSE106218:MM02EM	donor_id	<column specimen>	column	work/fp-ac2b4f47543b/GSE106218_cell_metadata.tsv/specimen			True
MM16	geo:GSE106218:MM16	donor_id	<column specimen>	column	work/fp-ac2b4f47543b/GSE106218_cell_metadata.tsv/specimen			True
MM17	geo:GSE106218:MM17	donor_id	<column specimen>	column	work/fp-ac2b4f47543b/GSE106218_cell_metadata.tsv/specimen			True
MM25	geo:GSE106218:MM25	donor_id	<column specimen>	column	work/fp-ac2b4f47543b/GSE106218_cell_metadata.tsv/specimen			True
MM28	geo:GSE106218:MM28	donor_id	<column specimen>	column	work/fp-ac2b4f47543b/GSE106218_cell_metadata.tsv/specimen			True
MM30	geo:GSE106218:MM30	donor_id	<column specimen>	column	work/fp-ac2b4f47543b/GSE106218_cell_metadata.tsv/specimen			True
MM33	geo:GSE106218:MM33	donor_id	<column specimen>	column	work/fp-ac2b4f47543b/GSE106218_cell_metadata.tsv/specimen			True
MM34	geo:GSE106218:MM34	donor_id	<column specimen>	column	work/fp-ac2b4f47543b/GSE106218_cell_metadata.tsv/specimen			True
MM34EM	geo:GSE106218:MM34EM	donor_id	<column specimen>	column	work/fp-ac2b4f47543b/GSE106218_cell_metadata.tsv/specimen			True
MM36EM	geo:GSE106218:MM36EM	donor_id	<column specimen>	column	work/fp-ac2b4f47543b/GSE106218_cell_metadata.tsv/specimen			True
MM38	geo:GSE106218:MM38	donor_id	<column specimen>	column	work/fp-ac2b4f47543b/GSE106218_cell_metadata.tsv/specimen			True
MM02	geo:GSE106218:MM02	sex_ontology_term_id	<column specimen>	column	work/fp-ac2b4f47543b/GSE106218_cell_metadata.tsv/specimen			True
MM02EM	geo:GSE106218:MM02EM	sex_ontology_term_id	<column specimen>	column	work/fp-ac2b4f47543b/GSE106218_cell_metadata.tsv/specimen			True
MM16	geo:GSE106218:MM16	sex_ontology_term_id	<column specimen>	column	work/fp-ac2b4f47543b/GSE106218_cell_metadata.tsv/specimen			True
MM17	geo:GSE106218:MM17	sex_ontology_term_id	<column specimen>	column	work/fp-ac2b4f47543b/GSE106218_cell_metadata.tsv/specimen			True
MM25	geo:GSE106218:MM25	sex_ontology_term_id	<column specimen>	column	work/fp-ac2b4f47543b/GSE106218_cell_metadata.tsv/specimen			True
MM28	geo:GSE106218:MM28	sex_ontology_term_id	<column specimen>	column	work/fp-ac2b4f47543b/GSE106218_cell_metadata.tsv/specimen			True
MM30	geo:GSE106218:MM30	sex_ontology_term_id	<column specimen>	column	work/fp-ac2b4f47543b/GSE106218_cell_metadata.tsv/specimen			True
MM33	geo:GSE106218:MM33	sex_ontology_term_id	<column specimen>	column	work/fp-ac2b4f47543b/GSE106218_cell_metadata.tsv/specimen			True
MM34	geo:GSE106218:MM34	sex_ontology_term_id	<column specimen>	column	work/fp-ac2b4f47543b/GSE106218_cell_metadata.tsv/specimen			True
MM34EM	geo:GSE106218:MM34EM	sex_ontology_term_id	<column specimen>	column	work/fp-ac2b4f47543b/GSE106218_cell_metadata.tsv/specimen			True
MM36EM	geo:GSE106218:MM36EM	sex_ontology_term_id	<column specimen>	column	work/fp-ac2b4f47543b/GSE106218_cell_metadata.tsv/specimen			True
MM38	geo:GSE106218:MM38	sex_ontology_term_id	<column specimen>	column	work/fp-ac2b4f47543b/GSE106218_cell_metadata.tsv/specimen			True
MM02	geo:GSE106218:MM02	tissue_free_text	<column specimen>	column	work/fp-ac2b4f47543b/GSE106218_cell_metadata.tsv/specimen			True
MM02EM	geo:GSE106218:MM02EM	tissue_free_text	<column specimen>	column	work/fp-ac2b4f47543b/GSE106218_cell_metadata.tsv/specimen			True
MM16	geo:GSE106218:MM16	tissue_free_text	<column specimen>	column	work/fp-ac2b4f47543b/GSE106218_cell_metadata.tsv/specimen			True
MM17	geo:GSE106218:MM17	tissue_free_text	<column specimen>	column	work/fp-ac2b4f47543b/GSE106218_cell_metadata.tsv/specimen			True
MM25	geo:GSE106218:MM25	tissue_free_text	<column specimen>	column	work/fp-ac2b4f47543b/GSE106218_cell_metadata.tsv/specimen			True
MM28	geo:GSE106218:MM28	tissue_free_text	<column specimen>	column	work/fp-ac2b4f47543b/GSE106218_cell_metadata.tsv/specimen			True
MM30	geo:GSE106218:MM30	tissue_free_text	<column specimen>	column	work/fp-ac2b4f47543b/GSE106218_cell_metadata.tsv/specimen			True
MM33	geo:GSE106218:MM33	tissue_free_text	<column specimen>	column	work/fp-ac2b4f47543b/GSE106218_cell_metadata.tsv/specimen			True
MM34	geo:GSE106218:MM34	tissue_free_text	<column specimen>	column	work/fp-ac2b4f47543b/GSE106218_cell_metadata.tsv/specimen			True
MM34EM	geo:GSE106218:MM34EM	tissue_free_text	<column specimen>	column	work/fp-ac2b4f47543b/GSE106218_cell_metadata.tsv/specimen			True
MM36EM	geo:GSE106218:MM36EM	tissue_free_text	<column specimen>	column	work/fp-ac2b4f47543b/GSE106218_cell_metadata.tsv/specimen			True
MM38	geo:GSE106218:MM38	tissue_free_text	<column specimen>	column	work/fp-ac2b4f47543b/GSE106218_cell_metadata.tsv/specimen			True
MM02	geo:GSE106218:MM02	sex_ontology_term_id	PATO:0000384	derived	sex_map		male	True
MM02EM	geo:GSE106218:MM02EM	sex_ontology_term_id	PATO:0000384	derived	sex_map		male	True
MM16	geo:GSE106218:MM16	sex_ontology_term_id	PATO:0000384	derived	sex_map		male	True
MM17	geo:GSE106218:MM17	sex_ontology_term_id	PATO:0000384	derived	sex_map		male	True
MM25	geo:GSE106218:MM25	sex_ontology_term_id	PATO:0000384	derived	sex_map		male	True
MM28	geo:GSE106218:MM28	sex_ontology_term_id	PATO:0000384	derived	sex_map		male	True
MM30	geo:GSE106218:MM30	sex_ontology_term_id	PATO:0000384	derived	sex_map		male	True
MM33	geo:GSE106218:MM33	sex_ontology_term_id	PATO:0000384	derived	sex_map		male	True
MM34	geo:GSE106218:MM34	sex_ontology_term_id	PATO:0000384	derived	sex_map		male	True
MM34EM	geo:GSE106218:MM34EM	sex_ontology_term_id	PATO:0000384	derived	sex_map		male	True
MM36EM	geo:GSE106218:MM36EM	sex_ontology_term_id	PATO:0000384	derived	sex_map		male	True
MM38	geo:GSE106218:MM38	sex_ontology_term_id	PATO:0000384	derived	sex_map		male	True
MM02	geo:GSE106218:MM02	sex_ontology_term_id	PATO:0000383	derived	sex_map		female	True
MM02EM	geo:GSE106218:MM02EM	sex_ontology_term_id	PATO:0000383	derived	sex_map		female	True
MM16	geo:GSE106218:MM16	sex_ontology_term_id	PATO:0000383	derived	sex_map		female	True
MM17	geo:GSE106218:MM17	sex_ontology_term_id	PATO:0000383	derived	sex_map		female	True
MM25	geo:GSE106218:MM25	sex_ontology_term_id	PATO:0000383	derived	sex_map		female	True
MM28	geo:GSE106218:MM28	sex_ontology_term_id	PATO:0000383	derived	sex_map		female	True
MM30	geo:GSE106218:MM30	sex_ontology_term_id	PATO:0000383	derived	sex_map		female	True
MM33	geo:GSE106218:MM33	sex_ontology_term_id	PATO:0000383	derived	sex_map		female	True
MM34	geo:GSE106218:MM34	sex_ontology_term_id	PATO:0000383	derived	sex_map		female	True
MM34EM	geo:GSE106218:MM34EM	sex_ontology_term_id	PATO:0000383	derived	sex_map		female	True
MM36EM	geo:GSE106218:MM36EM	sex_ontology_term_id	PATO:0000383	derived	sex_map		female	True
MM38	geo:GSE106218:MM38	sex_ontology_term_id	PATO:0000383	derived	sex_map		female	True
MM02	geo:GSE106218:MM02	tissue_ontology_term_id	UBERON:0002371	derived	ols:uberon		Bone marrow	True
MM02EM	geo:GSE106218:MM02EM	tissue_ontology_term_id	UBERON:0002371	derived	ols:uberon		Bone marrow	True
MM16	geo:GSE106218:MM16	tissue_ontology_term_id	UBERON:0002371	derived	ols:uberon		Bone marrow	True
MM17	geo:GSE106218:MM17	tissue_ontology_term_id	UBERON:0002371	derived	ols:uberon		Bone marrow	True
MM25	geo:GSE106218:MM25	tissue_ontology_term_id	UBERON:0002371	derived	ols:uberon		Bone marrow	True
MM28	geo:GSE106218:MM28	tissue_ontology_term_id	UBERON:0002371	derived	ols:uberon		Bone marrow	True
MM30	geo:GSE106218:MM30	tissue_ontology_term_id	UBERON:0002371	derived	ols:uberon		Bone marrow	True
MM33	geo:GSE106218:MM33	tissue_ontology_term_id	UBERON:0002371	derived	ols:uberon		Bone marrow	True
MM34	geo:GSE106218:MM34	tissue_ontology_term_id	UBERON:0002371	derived	ols:uberon		Bone marrow	True
MM34EM	geo:GSE106218:MM34EM	tissue_ontology_term_id	UBERON:0002371	derived	ols:uberon		Bone marrow	True
MM36EM	geo:GSE106218:MM36EM	tissue_ontology_term_id	UBERON:0002371	derived	ols:uberon		Bone marrow	True
MM38	geo:GSE106218:MM38	tissue_ontology_term_id	UBERON:0002371	derived	ols:uberon		Bone marrow	True
MM02	geo:GSE106218:MM02	tissue_ontology_term_id	UBERON:0000175	derived	ols:uberon		Pleural effusion	True
MM02EM	geo:GSE106218:MM02EM	tissue_ontology_term_id	UBERON:0000175	derived	ols:uberon		Pleural effusion	True
MM16	geo:GSE106218:MM16	tissue_ontology_term_id	UBERON:0000175	derived	ols:uberon		Pleural effusion	True
MM17	geo:GSE106218:MM17	tissue_ontology_term_id	UBERON:0000175	derived	ols:uberon		Pleural effusion	True
MM25	geo:GSE106218:MM25	tissue_ontology_term_id	UBERON:0000175	derived	ols:uberon		Pleural effusion	True
MM28	geo:GSE106218:MM28	tissue_ontology_term_id	UBERON:0000175	derived	ols:uberon		Pleural effusion	True
MM30	geo:GSE106218:MM30	tissue_ontology_term_id	UBERON:0000175	derived	ols:uberon		Pleural effusion	True
MM33	geo:GSE106218:MM33	tissue_ontology_term_id	UBERON:0000175	derived	ols:uberon		Pleural effusion	True
MM34	geo:GSE106218:MM34	tissue_ontology_term_id	UBERON:0000175	derived	ols:uberon		Pleural effusion	True
MM34EM	geo:GSE106218:MM34EM	tissue_ontology_term_id	UBERON:0000175	derived	ols:uberon		Pleural effusion	True
MM36EM	geo:GSE106218:MM36EM	tissue_ontology_term_id	UBERON:0000175	derived	ols:uberon		Pleural effusion	True
MM38	geo:GSE106218:MM38	tissue_ontology_term_id	UBERON:0000175	derived	ols:uberon		Pleural effusion	True
MM02	geo:GSE106218:MM02	tissue_ontology_term_id	UBERON:0007795	derived	ols:uberon		Ascites	True
MM02EM	geo:GSE106218:MM02EM	tissue_ontology_term_id	UBERON:0007795	derived	ols:uberon		Ascites	True
MM16	geo:GSE106218:MM16	tissue_ontology_term_id	UBERON:0007795	derived	ols:uberon		Ascites	True
MM17	geo:GSE106218:MM17	tissue_ontology_term_id	UBERON:0007795	derived	ols:uberon		Ascites	True
MM25	geo:GSE106218:MM25	tissue_ontology_term_id	UBERON:0007795	derived	ols:uberon		Ascites	True
MM28	geo:GSE106218:MM28	tissue_ontology_term_id	UBERON:0007795	derived	ols:uberon		Ascites	True
MM30	geo:GSE106218:MM30	tissue_ontology_term_id	UBERON:0007795	derived	ols:uberon		Ascites	True
MM33	geo:GSE106218:MM33	tissue_ontology_term_id	UBERON:0007795	derived	ols:uberon		Ascites	True
MM34	geo:GSE106218:MM34	tissue_ontology_term_id	UBERON:0007795	derived	ols:uberon		Ascites	True
MM34EM	geo:GSE106218:MM34EM	tissue_ontology_term_id	UBERON:0007795	derived	ols:uberon		Ascites	True
MM36EM	geo:GSE106218:MM36EM	tissue_ontology_term_id	UBERON:0007795	derived	ols:uberon		Ascites	True
MM38	geo:GSE106218:MM38	tissue_ontology_term_id	UBERON:0007795	derived	ols:uberon		Ascites	True
MM02	geo:GSE106218:MM02	disease_ontology_term_id	MONDO:0009693	derived	ols:mondo		Multiple myeloma	True
MM02EM	geo:GSE106218:MM02EM	disease_ontology_term_id	MONDO:0009693	derived	ols:mondo		Multiple myeloma	True
MM16	geo:GSE106218:MM16	disease_ontology_term_id	MONDO:0009693	derived	ols:mondo		Multiple myeloma	True
MM17	geo:GSE106218:MM17	disease_ontology_term_id	MONDO:0009693	derived	ols:mondo		Multiple myeloma	True
MM25	geo:GSE106218:MM25	disease_ontology_term_id	MONDO:0009693	derived	ols:mondo		Multiple myeloma	True
MM28	geo:GSE106218:MM28	disease_ontology_term_id	MONDO:0009693	derived	ols:mondo		Multiple myeloma	True
MM30	geo:GSE106218:MM30	disease_ontology_term_id	MONDO:0009693	derived	ols:mondo		Multiple myeloma	True
MM33	geo:GSE106218:MM33	disease_ontology_term_id	MONDO:0009693	derived	ols:mondo		Multiple myeloma	True
MM34	geo:GSE106218:MM34	disease_ontology_term_id	MONDO:0009693	derived	ols:mondo		Multiple myeloma	True
MM34EM	geo:GSE106218:MM34EM	disease_ontology_term_id	MONDO:0009693	derived	ols:mondo		Multiple myeloma	True
MM36EM	geo:GSE106218:MM36EM	disease_ontology_term_id	MONDO:0009693	derived	ols:mondo		Multiple myeloma	True
MM38	geo:GSE106218:MM38	disease_ontology_term_id	MONDO:0009693	derived	ols:mondo		Multiple myeloma	True
		organism	Homo sapiens	file	raw/fp-ac2b4f47543b/GSE106218_family.soft.gz		!Sample_organism_ch1 = Homo sapiens	True
		organism	Homo sapiens	file	raw/fp-ac2b4f47543b/GSE106218_family.soft.gz		!Series_sample_taxid = 9606	True
MM02	geo:GSE106218:MM02	donor_id	<map of column specimen>	file	raw/fp-ac2b4f47543b/GSE106218_family.soft.gz		!Sample_source_name_ch1 = MM02 !Sample_organism_ch1 = Homo sapiens !Sample_taxid_ch1 = 9606 !Sample_characteristics_ch1 = patient id: MM02 !Sample_characteristics_ch1 = gender: male !Sample_characteristics_ch1 = death(alive=0; death=1): 1 !Sample_characteristics_ch1 = cell type: Multiple myeloma !Sample_characteristics_ch1 = prep-site: Bone marrow !Sample_characteristics_ch1 = facs sorting: CD138 positive	True
MM02EM	geo:GSE106218:MM02EM	donor_id	<map of column specimen>	file	raw/fp-ac2b4f47543b/GSE106218_family.soft.gz		!Sample_source_name_ch1 = MM02 !Sample_organism_ch1 = Homo sapiens !Sample_taxid_ch1 = 9606 !Sample_characteristics_ch1 = patient id: MM02 !Sample_characteristics_ch1 = gender: male !Sample_characteristics_ch1 = death(alive=0; death=1): 1 !Sample_characteristics_ch1 = cell type: Multiple myeloma !Sample_characteristics_ch1 = prep-site: Bone marrow !Sample_characteristics_ch1 = facs sorting: CD138 positive	True
MM16	geo:GSE106218:MM16	donor_id	<map of column specimen>	file	raw/fp-ac2b4f47543b/GSE106218_family.soft.gz		!Sample_source_name_ch1 = MM02 !Sample_organism_ch1 = Homo sapiens !Sample_taxid_ch1 = 9606 !Sample_characteristics_ch1 = patient id: MM02 !Sample_characteristics_ch1 = gender: male !Sample_characteristics_ch1 = death(alive=0; death=1): 1 !Sample_characteristics_ch1 = cell type: Multiple myeloma !Sample_characteristics_ch1 = prep-site: Bone marrow !Sample_characteristics_ch1 = facs sorting: CD138 positive	True
MM17	geo:GSE106218:MM17	donor_id	<map of column specimen>	file	raw/fp-ac2b4f47543b/GSE106218_family.soft.gz		!Sample_source_name_ch1 = MM02 !Sample_organism_ch1 = Homo sapiens !Sample_taxid_ch1 = 9606 !Sample_characteristics_ch1 = patient id: MM02 !Sample_characteristics_ch1 = gender: male !Sample_characteristics_ch1 = death(alive=0; death=1): 1 !Sample_characteristics_ch1 = cell type: Multiple myeloma !Sample_characteristics_ch1 = prep-site: Bone marrow !Sample_characteristics_ch1 = facs sorting: CD138 positive	True
MM25	geo:GSE106218:MM25	donor_id	<map of column specimen>	file	raw/fp-ac2b4f47543b/GSE106218_family.soft.gz		!Sample_source_name_ch1 = MM02 !Sample_organism_ch1 = Homo sapiens !Sample_taxid_ch1 = 9606 !Sample_characteristics_ch1 = patient id: MM02 !Sample_characteristics_ch1 = gender: male !Sample_characteristics_ch1 = death(alive=0; death=1): 1 !Sample_characteristics_ch1 = cell type: Multiple myeloma !Sample_characteristics_ch1 = prep-site: Bone marrow !Sample_characteristics_ch1 = facs sorting: CD138 positive	True
MM28	geo:GSE106218:MM28	donor_id	<map of column specimen>	file	raw/fp-ac2b4f47543b/GSE106218_family.soft.gz		!Sample_source_name_ch1 = MM02 !Sample_organism_ch1 = Homo sapiens !Sample_taxid_ch1 = 9606 !Sample_characteristics_ch1 = patient id: MM02 !Sample_characteristics_ch1 = gender: male !Sample_characteristics_ch1 = death(alive=0; death=1): 1 !Sample_characteristics_ch1 = cell type: Multiple myeloma !Sample_characteristics_ch1 = prep-site: Bone marrow !Sample_characteristics_ch1 = facs sorting: CD138 positive	True
MM30	geo:GSE106218:MM30	donor_id	<map of column specimen>	file	raw/fp-ac2b4f47543b/GSE106218_family.soft.gz		!Sample_source_name_ch1 = MM02 !Sample_organism_ch1 = Homo sapiens !Sample_taxid_ch1 = 9606 !Sample_characteristics_ch1 = patient id: MM02 !Sample_characteristics_ch1 = gender: male !Sample_characteristics_ch1 = death(alive=0; death=1): 1 !Sample_characteristics_ch1 = cell type: Multiple myeloma !Sample_characteristics_ch1 = prep-site: Bone marrow !Sample_characteristics_ch1 = facs sorting: CD138 positive	True
MM33	geo:GSE106218:MM33	donor_id	<map of column specimen>	file	raw/fp-ac2b4f47543b/GSE106218_family.soft.gz		!Sample_source_name_ch1 = MM02 !Sample_organism_ch1 = Homo sapiens !Sample_taxid_ch1 = 9606 !Sample_characteristics_ch1 = patient id: MM02 !Sample_characteristics_ch1 = gender: male !Sample_characteristics_ch1 = death(alive=0; death=1): 1 !Sample_characteristics_ch1 = cell type: Multiple myeloma !Sample_characteristics_ch1 = prep-site: Bone marrow !Sample_characteristics_ch1 = facs sorting: CD138 positive	True
MM34	geo:GSE106218:MM34	donor_id	<map of column specimen>	file	raw/fp-ac2b4f47543b/GSE106218_family.soft.gz		!Sample_source_name_ch1 = MM02 !Sample_organism_ch1 = Homo sapiens !Sample_taxid_ch1 = 9606 !Sample_characteristics_ch1 = patient id: MM02 !Sample_characteristics_ch1 = gender: male !Sample_characteristics_ch1 = death(alive=0; death=1): 1 !Sample_characteristics_ch1 = cell type: Multiple myeloma !Sample_characteristics_ch1 = prep-site: Bone marrow !Sample_characteristics_ch1 = facs sorting: CD138 positive	True
MM34EM	geo:GSE106218:MM34EM	donor_id	<map of column specimen>	file	raw/fp-ac2b4f47543b/GSE106218_family.soft.gz		!Sample_source_name_ch1 = MM02 !Sample_organism_ch1 = Homo sapiens !Sample_taxid_ch1 = 9606 !Sample_characteristics_ch1 = patient id: MM02 !Sample_characteristics_ch1 = gender: male !Sample_characteristics_ch1 = death(alive=0; death=1): 1 !Sample_characteristics_ch1 = cell type: Multiple myeloma !Sample_characteristics_ch1 = prep-site: Bone marrow !Sample_characteristics_ch1 = facs sorting: CD138 positive	True
MM36EM	geo:GSE106218:MM36EM	donor_id	<map of column specimen>	file	raw/fp-ac2b4f47543b/GSE106218_family.soft.gz		!Sample_source_name_ch1 = MM02 !Sample_organism_ch1 = Homo sapiens !Sample_taxid_ch1 = 9606 !Sample_characteristics_ch1 = patient id: MM02 !Sample_characteristics_ch1 = gender: male !Sample_characteristics_ch1 = death(alive=0; death=1): 1 !Sample_characteristics_ch1 = cell type: Multiple myeloma !Sample_characteristics_ch1 = prep-site: Bone marrow !Sample_characteristics_ch1 = facs sorting: CD138 positive	True
MM38	geo:GSE106218:MM38	donor_id	<map of column specimen>	file	raw/fp-ac2b4f47543b/GSE106218_family.soft.gz		!Sample_source_name_ch1 = MM02 !Sample_organism_ch1 = Homo sapiens !Sample_taxid_ch1 = 9606 !Sample_characteristics_ch1 = patient id: MM02 !Sample_characteristics_ch1 = gender: male !Sample_characteristics_ch1 = death(alive=0; death=1): 1 !Sample_characteristics_ch1 = cell type: Multiple myeloma !Sample_characteristics_ch1 = prep-site: Bone marrow !Sample_characteristics_ch1 = facs sorting: CD138 positive	True
MM02	geo:GSE106218:MM02	donor_id	<map of column specimen>	file	raw/fp-ac2b4f47543b/GSE106218_family.soft.gz		!Sample_source_name_ch1 = MM02EM !Sample_organism_ch1 = Homo sapiens !Sample_taxid_ch1 = 9606 !Sample_characteristics_ch1 = patient id: MM02 !Sample_characteristics_ch1 = gender: male !Sample_characteristics_ch1 = death(alive=0; death=1): 1 !Sample_characteristics_ch1 = cell type: Multiple myeloma !Sample_characteristics_ch1 = prep-site: Pleural effusion !Sample_characteristics_ch1 = facs sorting: CD138 positive	True
MM02EM	geo:GSE106218:MM02EM	donor_id	<map of column specimen>	file	raw/fp-ac2b4f47543b/GSE106218_family.soft.gz		!Sample_source_name_ch1 = MM02EM !Sample_organism_ch1 = Homo sapiens !Sample_taxid_ch1 = 9606 !Sample_characteristics_ch1 = patient id: MM02 !Sample_characteristics_ch1 = gender: male !Sample_characteristics_ch1 = death(alive=0; death=1): 1 !Sample_characteristics_ch1 = cell type: Multiple myeloma !Sample_characteristics_ch1 = prep-site: Pleural effusion !Sample_characteristics_ch1 = facs sorting: CD138 positive	True
MM16	geo:GSE106218:MM16	donor_id	<map of column specimen>	file	raw/fp-ac2b4f47543b/GSE106218_family.soft.gz		!Sample_source_name_ch1 = MM02EM !Sample_organism_ch1 = Homo sapiens !Sample_taxid_ch1 = 9606 !Sample_characteristics_ch1 = patient id: MM02 !Sample_characteristics_ch1 = gender: male !Sample_characteristics_ch1 = death(alive=0; death=1): 1 !Sample_characteristics_ch1 = cell type: Multiple myeloma !Sample_characteristics_ch1 = prep-site: Pleural effusion !Sample_characteristics_ch1 = facs sorting: CD138 positive	True
MM17	geo:GSE106218:MM17	donor_id	<map of column specimen>	file	raw/fp-ac2b4f47543b/GSE106218_family.soft.gz		!Sample_source_name_ch1 = MM02EM !Sample_organism_ch1 = Homo sapiens !Sample_taxid_ch1 = 9606 !Sample_characteristics_ch1 = patient id: MM02 !Sample_characteristics_ch1 = gender: male !Sample_characteristics_ch1 = death(alive=0; death=1): 1 !Sample_characteristics_ch1 = cell type: Multiple myeloma !Sample_characteristics_ch1 = prep-site: Pleural effusion !Sample_characteristics_ch1 = facs sorting: CD138 positive	True
MM25	geo:GSE106218:MM25	donor_id	<map of column specimen>	file	raw/fp-ac2b4f47543b/GSE106218_family.soft.gz		!Sample_source_name_ch1 = MM02EM !Sample_organism_ch1 = Homo sapiens !Sample_taxid_ch1 = 9606 !Sample_characteristics_ch1 = patient id: MM02 !Sample_characteristics_ch1 = gender: male !Sample_characteristics_ch1 = death(alive=0; death=1): 1 !Sample_characteristics_ch1 = cell type: Multiple myeloma !Sample_characteristics_ch1 = prep-site: Pleural effusion !Sample_characteristics_ch1 = facs sorting: CD138 positive	True
MM28	geo:GSE106218:MM28	donor_id	<map of column specimen>	file	raw/fp-ac2b4f47543b/GSE106218_family.soft.gz		!Sample_source_name_ch1 = MM02EM !Sample_organism_ch1 = Homo sapiens !Sample_taxid_ch1 = 9606 !Sample_characteristics_ch1 = patient id: MM02 !Sample_characteristics_ch1 = gender: male !Sample_characteristics_ch1 = death(alive=0; death=1): 1 !Sample_characteristics_ch1 = cell type: Multiple myeloma !Sample_characteristics_ch1 = prep-site: Pleural effusion !Sample_characteristics_ch1 = facs sorting: CD138 positive	True
MM30	geo:GSE106218:MM30	donor_id	<map of column specimen>	file	raw/fp-ac2b4f47543b/GSE106218_family.soft.gz		!Sample_source_name_ch1 = MM02EM !Sample_organism_ch1 = Homo sapiens !Sample_taxid_ch1 = 9606 !Sample_characteristics_ch1 = patient id: MM02 !Sample_characteristics_ch1 = gender: male !Sample_characteristics_ch1 = death(alive=0; death=1): 1 !Sample_characteristics_ch1 = cell type: Multiple myeloma !Sample_characteristics_ch1 = prep-site: Pleural effusion !Sample_characteristics_ch1 = facs sorting: CD138 positive	True
MM33	geo:GSE106218:MM33	donor_id	<map of column specimen>	file	raw/fp-ac2b4f47543b/GSE106218_family.soft.gz		!Sample_source_name_ch1 = MM02EM !Sample_organism_ch1 = Homo sapiens !Sample_taxid_ch1 = 9606 !Sample_characteristics_ch1 = patient id: MM02 !Sample_characteristics_ch1 = gender: male !Sample_characteristics_ch1 = death(alive=0; death=1): 1 !Sample_characteristics_ch1 = cell type: Multiple myeloma !Sample_characteristics_ch1 = prep-site: Pleural effusion !Sample_characteristics_ch1 = facs sorting: CD138 positive	True
MM34	geo:GSE106218:MM34	donor_id	<map of column specimen>	file	raw/fp-ac2b4f47543b/GSE106218_family.soft.gz		!Sample_source_name_ch1 = MM02EM !Sample_organism_ch1 = Homo sapiens !Sample_taxid_ch1 = 9606 !Sample_characteristics_ch1 = patient id: MM02 !Sample_characteristics_ch1 = gender: male !Sample_characteristics_ch1 = death(alive=0; death=1): 1 !Sample_characteristics_ch1 = cell type: Multiple myeloma !Sample_characteristics_ch1 = prep-site: Pleural effusion !Sample_characteristics_ch1 = facs sorting: CD138 positive	True
MM34EM	geo:GSE106218:MM34EM	donor_id	<map of column specimen>	file	raw/fp-ac2b4f47543b/GSE106218_family.soft.gz		!Sample_source_name_ch1 = MM02EM !Sample_organism_ch1 = Homo sapiens !Sample_taxid_ch1 = 9606 !Sample_characteristics_ch1 = patient id: MM02 !Sample_characteristics_ch1 = gender: male !Sample_characteristics_ch1 = death(alive=0; death=1): 1 !Sample_characteristics_ch1 = cell type: Multiple myeloma !Sample_characteristics_ch1 = prep-site: Pleural effusion !Sample_characteristics_ch1 = facs sorting: CD138 positive	True
MM36EM	geo:GSE106218:MM36EM	donor_id	<map of column specimen>	file	raw/fp-ac2b4f47543b/GSE106218_family.soft.gz		!Sample_source_name_ch1 = MM02EM !Sample_organism_ch1 = Homo sapiens !Sample_taxid_ch1 = 9606 !Sample_characteristics_ch1 = patient id: MM02 !Sample_characteristics_ch1 = gender: male !Sample_characteristics_ch1 = death(alive=0; death=1): 1 !Sample_characteristics_ch1 = cell type: Multiple myeloma !Sample_characteristics_ch1 = prep-site: Pleural effusion !Sample_characteristics_ch1 = facs sorting: CD138 positive	True
MM38	geo:GSE106218:MM38	donor_id	<map of column specimen>	file	raw/fp-ac2b4f47543b/GSE106218_family.soft.gz		!Sample_source_name_ch1 = MM02EM !Sample_organism_ch1 = Homo sapiens !Sample_taxid_ch1 = 9606 !Sample_characteristics_ch1 = patient id: MM02 !Sample_characteristics_ch1 = gender: male !Sample_characteristics_ch1 = death(alive=0; death=1): 1 !Sample_characteristics_ch1 = cell type: Multiple myeloma !Sample_characteristics_ch1 = prep-site: Pleural effusion !Sample_characteristics_ch1 = facs sorting: CD138 positive	True
MM02	geo:GSE106218:MM02	donor_id	<map of column specimen>	file	raw/fp-ac2b4f47543b/GSE106218_family.soft.gz		!Sample_source_name_ch1 = MM16 !Sample_organism_ch1 = Homo sapiens !Sample_taxid_ch1 = 9606 !Sample_characteristics_ch1 = patient id: MM16 !Sample_characteristics_ch1 = gender: female !Sample_characteristics_ch1 = death(alive=0; death=1): 1 !Sample_characteristics_ch1 = cell type: Multiple myeloma !Sample_characteristics_ch1 = prep-site: Bone marrow !Sample_characteristics_ch1 = facs sorting: CD138 negative	True
MM02EM	geo:GSE106218:MM02EM	donor_id	<map of column specimen>	file	raw/fp-ac2b4f47543b/GSE106218_family.soft.gz		!Sample_source_name_ch1 = MM16 !Sample_organism_ch1 = Homo sapiens !Sample_taxid_ch1 = 9606 !Sample_characteristics_ch1 = patient id: MM16 !Sample_characteristics_ch1 = gender: female !Sample_characteristics_ch1 = death(alive=0; death=1): 1 !Sample_characteristics_ch1 = cell type: Multiple myeloma !Sample_characteristics_ch1 = prep-site: Bone marrow !Sample_characteristics_ch1 = facs sorting: CD138 negative	True
MM16	geo:GSE106218:MM16	donor_id	<map of column specimen>	file	raw/fp-ac2b4f47543b/GSE106218_family.soft.gz		!Sample_source_name_ch1 = MM16 !Sample_organism_ch1 = Homo sapiens !Sample_taxid_ch1 = 9606 !Sample_characteristics_ch1 = patient id: MM16 !Sample_characteristics_ch1 = gender: female !Sample_characteristics_ch1 = death(alive=0; death=1): 1 !Sample_characteristics_ch1 = cell type: Multiple myeloma !Sample_characteristics_ch1 = prep-site: Bone marrow !Sample_characteristics_ch1 = facs sorting: CD138 negative	True
MM17	geo:GSE106218:MM17	donor_id	<map of column specimen>	file	raw/fp-ac2b4f47543b/GSE106218_family.soft.gz		!Sample_source_name_ch1 = MM16 !Sample_organism_ch1 = Homo sapiens !Sample_taxid_ch1 = 9606 !Sample_characteristics_ch1 = patient id: MM16 !Sample_characteristics_ch1 = gender: female !Sample_characteristics_ch1 = death(alive=0; death=1): 1 !Sample_characteristics_ch1 = cell type: Multiple myeloma !Sample_characteristics_ch1 = prep-site: Bone marrow !Sample_characteristics_ch1 = facs sorting: CD138 negative	True
MM25	geo:GSE106218:MM25	donor_id	<map of column specimen>	file	raw/fp-ac2b4f47543b/GSE106218_family.soft.gz		!Sample_source_name_ch1 = MM16 !Sample_organism_ch1 = Homo sapiens !Sample_taxid_ch1 = 9606 !Sample_characteristics_ch1 = patient id: MM16 !Sample_characteristics_ch1 = gender: female !Sample_characteristics_ch1 = death(alive=0; death=1): 1 !Sample_characteristics_ch1 = cell type: Multiple myeloma !Sample_characteristics_ch1 = prep-site: Bone marrow !Sample_characteristics_ch1 = facs sorting: CD138 negative	True
MM28	geo:GSE106218:MM28	donor_id	<map of column specimen>	file	raw/fp-ac2b4f47543b/GSE106218_family.soft.gz		!Sample_source_name_ch1 = MM16 !Sample_organism_ch1 = Homo sapiens !Sample_taxid_ch1 = 9606 !Sample_characteristics_ch1 = patient id: MM16 !Sample_characteristics_ch1 = gender: female !Sample_characteristics_ch1 = death(alive=0; death=1): 1 !Sample_characteristics_ch1 = cell type: Multiple myeloma !Sample_characteristics_ch1 = prep-site: Bone marrow !Sample_characteristics_ch1 = facs sorting: CD138 negative	True
MM30	geo:GSE106218:MM30	donor_id	<map of column specimen>	file	raw/fp-ac2b4f47543b/GSE106218_family.soft.gz		!Sample_source_name_ch1 = MM16 !Sample_organism_ch1 = Homo sapiens !Sample_taxid_ch1 = 9606 !Sample_characteristics_ch1 = patient id: MM16 !Sample_characteristics_ch1 = gender: female !Sample_characteristics_ch1 = death(alive=0; death=1): 1 !Sample_characteristics_ch1 = cell type: Multiple myeloma !Sample_characteristics_ch1 = prep-site: Bone marrow !Sample_characteristics_ch1 = facs sorting: CD138 negative	True
MM33	geo:GSE106218:MM33	donor_id	<map of column specimen>	file	raw/fp-ac2b4f47543b/GSE106218_family.soft.gz		!Sample_source_name_ch1 = MM16 !Sample_organism_ch1 = Homo sapiens !Sample_taxid_ch1 = 9606 !Sample_characteristics_ch1 = patient id: MM16 !Sample_characteristics_ch1 = gender: female !Sample_characteristics_ch1 = death(alive=0; death=1): 1 !Sample_characteristics_ch1 = cell type: Multiple myeloma !Sample_characteristics_ch1 = prep-site: Bone marrow !Sample_characteristics_ch1 = facs sorting: CD138 negative	True
MM34	geo:GSE106218:MM34	donor_id	<map of column specimen>	file	raw/fp-ac2b4f47543b/GSE106218_family.soft.gz		!Sample_source_name_ch1 = MM16 !Sample_organism_ch1 = Homo sapiens !Sample_taxid_ch1 = 9606 !Sample_characteristics_ch1 = patient id: MM16 !Sample_characteristics_ch1 = gender: female !Sample_characteristics_ch1 = death(alive=0; death=1): 1 !Sample_characteristics_ch1 = cell type: Multiple myeloma !Sample_characteristics_ch1 = prep-site: Bone marrow !Sample_characteristics_ch1 = facs sorting: CD138 negative	True
MM34EM	geo:GSE106218:MM34EM	donor_id	<map of column specimen>	file	raw/fp-ac2b4f47543b/GSE106218_family.soft.gz		!Sample_source_name_ch1 = MM16 !Sample_organism_ch1 = Homo sapiens !Sample_taxid_ch1 = 9606 !Sample_characteristics_ch1 = patient id: MM16 !Sample_characteristics_ch1 = gender: female !Sample_characteristics_ch1 = death(alive=0; death=1): 1 !Sample_characteristics_ch1 = cell type: Multiple myeloma !Sample_characteristics_ch1 = prep-site: Bone marrow !Sample_characteristics_ch1 = facs sorting: CD138 negative	True
MM36EM	geo:GSE106218:MM36EM	donor_id	<map of column specimen>	file	raw/fp-ac2b4f47543b/GSE106218_family.soft.gz		!Sample_source_name_ch1 = MM16 !Sample_organism_ch1 = Homo sapiens !Sample_taxid_ch1 = 9606 !Sample_characteristics_ch1 = patient id: MM16 !Sample_characteristics_ch1 = gender: female !Sample_characteristics_ch1 = death(alive=0; death=1): 1 !Sample_characteristics_ch1 = cell type: Multiple myeloma !Sample_characteristics_ch1 = prep-site: Bone marrow !Sample_characteristics_ch1 = facs sorting: CD138 negative	True
MM38	geo:GSE106218:MM38	donor_id	<map of column specimen>	file	raw/fp-ac2b4f47543b/GSE106218_family.soft.gz		!Sample_source_name_ch1 = MM16 !Sample_organism_ch1 = Homo sapiens !Sample_taxid_ch1 = 9606 !Sample_characteristics_ch1 = patient id: MM16 !Sample_characteristics_ch1 = gender: female !Sample_characteristics_ch1 = death(alive=0; death=1): 1 !Sample_characteristics_ch1 = cell type: Multiple myeloma !Sample_characteristics_ch1 = prep-site: Bone marrow !Sample_characteristics_ch1 = facs sorting: CD138 negative	True
MM02	geo:GSE106218:MM02	donor_id	<map of column specimen>	file	raw/fp-ac2b4f47543b/GSE106218_family.soft.gz		!Sample_source_name_ch1 = MM17 !Sample_organism_ch1 = Homo sapiens !Sample_taxid_ch1 = 9606 !Sample_characteristics_ch1 = patient id: MM17 !Sample_characteristics_ch1 = gender: female !Sample_characteristics_ch1 = death(alive=0; death=1): 1 !Sample_characteristics_ch1 = cell type: Multiple myeloma !Sample_characteristics_ch1 = prep-site: Bone marrow !Sample_characteristics_ch1 = facs sorting: CD138 positive	True
MM02EM	geo:GSE106218:MM02EM	donor_id	<map of column specimen>	file	raw/fp-ac2b4f47543b/GSE106218_family.soft.gz		!Sample_source_name_ch1 = MM17 !Sample_organism_ch1 = Homo sapiens !Sample_taxid_ch1 = 9606 !Sample_characteristics_ch1 = patient id: MM17 !Sample_characteristics_ch1 = gender: female !Sample_characteristics_ch1 = death(alive=0; death=1): 1 !Sample_characteristics_ch1 = cell type: Multiple myeloma !Sample_characteristics_ch1 = prep-site: Bone marrow !Sample_characteristics_ch1 = facs sorting: CD138 positive	True
MM16	geo:GSE106218:MM16	donor_id	<map of column specimen>	file	raw/fp-ac2b4f47543b/GSE106218_family.soft.gz		!Sample_source_name_ch1 = MM17 !Sample_organism_ch1 = Homo sapiens !Sample_taxid_ch1 = 9606 !Sample_characteristics_ch1 = patient id: MM17 !Sample_characteristics_ch1 = gender: female !Sample_characteristics_ch1 = death(alive=0; death=1): 1 !Sample_characteristics_ch1 = cell type: Multiple myeloma !Sample_characteristics_ch1 = prep-site: Bone marrow !Sample_characteristics_ch1 = facs sorting: CD138 positive	True
MM17	geo:GSE106218:MM17	donor_id	<map of column specimen>	file	raw/fp-ac2b4f47543b/GSE106218_family.soft.gz		!Sample_source_name_ch1 = MM17 !Sample_organism_ch1 = Homo sapiens !Sample_taxid_ch1 = 9606 !Sample_characteristics_ch1 = patient id: MM17 !Sample_characteristics_ch1 = gender: female !Sample_characteristics_ch1 = death(alive=0; death=1): 1 !Sample_characteristics_ch1 = cell type: Multiple myeloma !Sample_characteristics_ch1 = prep-site: Bone marrow !Sample_characteristics_ch1 = facs sorting: CD138 positive	True
MM25	geo:GSE106218:MM25	donor_id	<map of column specimen>	file	raw/fp-ac2b4f47543b/GSE106218_family.soft.gz		!Sample_source_name_ch1 = MM17 !Sample_organism_ch1 = Homo sapiens !Sample_taxid_ch1 = 9606 !Sample_characteristics_ch1 = patient id: MM17 !Sample_characteristics_ch1 = gender: female !Sample_characteristics_ch1 = death(alive=0; death=1): 1 !Sample_characteristics_ch1 = cell type: Multiple myeloma !Sample_characteristics_ch1 = prep-site: Bone marrow !Sample_characteristics_ch1 = facs sorting: CD138 positive	True
MM28	geo:GSE106218:MM28	donor_id	<map of column specimen>	file	raw/fp-ac2b4f47543b/GSE106218_family.soft.gz		!Sample_source_name_ch1 = MM17 !Sample_organism_ch1 = Homo sapiens !Sample_taxid_ch1 = 9606 !Sample_characteristics_ch1 = patient id: MM17 !Sample_characteristics_ch1 = gender: female !Sample_characteristics_ch1 = death(alive=0; death=1): 1 !Sample_characteristics_ch1 = cell type: Multiple myeloma !Sample_characteristics_ch1 = prep-site: Bone marrow !Sample_characteristics_ch1 = facs sorting: CD138 positive	True
MM30	geo:GSE106218:MM30	donor_id	<map of column specimen>	file	raw/fp-ac2b4f47543b/GSE106218_family.soft.gz		!Sample_source_name_ch1 = MM17 !Sample_organism_ch1 = Homo sapiens !Sample_taxid_ch1 = 9606 !Sample_characteristics_ch1 = patient id: MM17 !Sample_characteristics_ch1 = gender: female !Sample_characteristics_ch1 = death(alive=0; death=1): 1 !Sample_characteristics_ch1 = cell type: Multiple myeloma !Sample_characteristics_ch1 = prep-site: Bone marrow !Sample_characteristics_ch1 = facs sorting: CD138 positive	True
MM33	geo:GSE106218:MM33	donor_id	<map of column specimen>	file	raw/fp-ac2b4f47543b/GSE106218_family.soft.gz		!Sample_source_name_ch1 = MM17 !Sample_organism_ch1 = Homo sapiens !Sample_taxid_ch1 = 9606 !Sample_characteristics_ch1 = patient id: MM17 !Sample_characteristics_ch1 = gender: female !Sample_characteristics_ch1 = death(alive=0; death=1): 1 !Sample_characteristics_ch1 = cell type: Multiple myeloma !Sample_characteristics_ch1 = prep-site: Bone marrow !Sample_characteristics_ch1 = facs sorting: CD138 positive	True
MM34	geo:GSE106218:MM34	donor_id	<map of column specimen>	file	raw/fp-ac2b4f47543b/GSE106218_family.soft.gz		!Sample_source_name_ch1 = MM17 !Sample_organism_ch1 = Homo sapiens !Sample_taxid_ch1 = 9606 !Sample_characteristics_ch1 = patient id: MM17 !Sample_characteristics_ch1 = gender: female !Sample_characteristics_ch1 = death(alive=0; death=1): 1 !Sample_characteristics_ch1 = cell type: Multiple myeloma !Sample_characteristics_ch1 = prep-site: Bone marrow !Sample_characteristics_ch1 = facs sorting: CD138 positive	True
MM34EM	geo:GSE106218:MM34EM	donor_id	<map of column specimen>	file	raw/fp-ac2b4f47543b/GSE106218_family.soft.gz		!Sample_source_name_ch1 = MM17 !Sample_organism_ch1 = Homo sapiens !Sample_taxid_ch1 = 9606 !Sample_characteristics_ch1 = patient id: MM17 !Sample_characteristics_ch1 = gender: female !Sample_characteristics_ch1 = death(alive=0; death=1): 1 !Sample_characteristics_ch1 = cell type: Multiple myeloma !Sample_characteristics_ch1 = prep-site: Bone marrow !Sample_characteristics_ch1 = facs sorting: CD138 positive	True
MM36EM	geo:GSE106218:MM36EM	donor_id	<map of column specimen>	file	raw/fp-ac2b4f47543b/GSE106218_family.soft.gz		!Sample_source_name_ch1 = MM17 !Sample_organism_ch1 = Homo sapiens !Sample_taxid_ch1 = 9606 !Sample_characteristics_ch1 = patient id: MM17 !Sample_characteristics_ch1 = gender: female !Sample_characteristics_ch1 = death(alive=0; death=1): 1 !Sample_characteristics_ch1 = cell type: Multiple myeloma !Sample_characteristics_ch1 = prep-site: Bone marrow !Sample_characteristics_ch1 = facs sorting: CD138 positive	True
MM38	geo:GSE106218:MM38	donor_id	<map of column specimen>	file	raw/fp-ac2b4f47543b/GSE106218_family.soft.gz		!Sample_source_name_ch1 = MM17 !Sample_organism_ch1 = Homo sapiens !Sample_taxid_ch1 = 9606 !Sample_characteristics_ch1 = patient id: MM17 !Sample_characteristics_ch1 = gender: female !Sample_characteristics_ch1 = death(alive=0; death=1): 1 !Sample_characteristics_ch1 = cell type: Multiple myeloma !Sample_characteristics_ch1 = prep-site: Bone marrow !Sample_characteristics_ch1 = facs sorting: CD138 positive	True
MM02	geo:GSE106218:MM02	donor_id	<map of column specimen>	file	raw/fp-ac2b4f47543b/GSE106218_family.soft.gz		!Sample_source_name_ch1 = MM25 !Sample_organism_ch1 = Homo sapiens !Sample_taxid_ch1 = 9606 !Sample_characteristics_ch1 = patient id: MM25 !Sample_characteristics_ch1 = gender: male !Sample_characteristics_ch1 = death(alive=0; death=1): 1 !Sample_characteristics_ch1 = cell type: Multiple myeloma !Sample_characteristics_ch1 = prep-site: Bone marrow !Sample_characteristics_ch1 = facs sorting: CD138 positive	True
MM02EM	geo:GSE106218:MM02EM	donor_id	<map of column specimen>	file	raw/fp-ac2b4f47543b/GSE106218_family.soft.gz		!Sample_source_name_ch1 = MM25 !Sample_organism_ch1 = Homo sapiens !Sample_taxid_ch1 = 9606 !Sample_characteristics_ch1 = patient id: MM25 !Sample_characteristics_ch1 = gender: male !Sample_characteristics_ch1 = death(alive=0; death=1): 1 !Sample_characteristics_ch1 = cell type: Multiple myeloma !Sample_characteristics_ch1 = prep-site: Bone marrow !Sample_characteristics_ch1 = facs sorting: CD138 positive	True
MM16	geo:GSE106218:MM16	donor_id	<map of column specimen>	file	raw/fp-ac2b4f47543b/GSE106218_family.soft.gz		!Sample_source_name_ch1 = MM25 !Sample_organism_ch1 = Homo sapiens !Sample_taxid_ch1 = 9606 !Sample_characteristics_ch1 = patient id: MM25 !Sample_characteristics_ch1 = gender: male !Sample_characteristics_ch1 = death(alive=0; death=1): 1 !Sample_characteristics_ch1 = cell type: Multiple myeloma !Sample_characteristics_ch1 = prep-site: Bone marrow !Sample_characteristics_ch1 = facs sorting: CD138 positive	True
MM17	geo:GSE106218:MM17	donor_id	<map of column specimen>	file	raw/fp-ac2b4f47543b/GSE106218_family.soft.gz		!Sample_source_name_ch1 = MM25 !Sample_organism_ch1 = Homo sapiens !Sample_taxid_ch1 = 9606 !Sample_characteristics_ch1 = patient id: MM25 !Sample_characteristics_ch1 = gender: male !Sample_characteristics_ch1 = death(alive=0; death=1): 1 !Sample_characteristics_ch1 = cell type: Multiple myeloma !Sample_characteristics_ch1 = prep-site: Bone marrow !Sample_characteristics_ch1 = facs sorting: CD138 positive	True
MM25	geo:GSE106218:MM25	donor_id	<map of column specimen>	file	raw/fp-ac2b4f47543b/GSE106218_family.soft.gz		!Sample_source_name_ch1 = MM25 !Sample_organism_ch1 = Homo sapiens !Sample_taxid_ch1 = 9606 !Sample_characteristics_ch1 = patient id: MM25 !Sample_characteristics_ch1 = gender: male !Sample_characteristics_ch1 = death(alive=0; death=1): 1 !Sample_characteristics_ch1 = cell type: Multiple myeloma !Sample_characteristics_ch1 = prep-site: Bone marrow !Sample_characteristics_ch1 = facs sorting: CD138 positive	True
MM28	geo:GSE106218:MM28	donor_id	<map of column specimen>	file	raw/fp-ac2b4f47543b/GSE106218_family.soft.gz		!Sample_source_name_ch1 = MM25 !Sample_organism_ch1 = Homo sapiens !Sample_taxid_ch1 = 9606 !Sample_characteristics_ch1 = patient id: MM25 !Sample_characteristics_ch1 = gender: male !Sample_characteristics_ch1 = death(alive=0; death=1): 1 !Sample_characteristics_ch1 = cell type: Multiple myeloma !Sample_characteristics_ch1 = prep-site: Bone marrow !Sample_characteristics_ch1 = facs sorting: CD138 positive	True
MM30	geo:GSE106218:MM30	donor_id	<map of column specimen>	file	raw/fp-ac2b4f47543b/GSE106218_family.soft.gz		!Sample_source_name_ch1 = MM25 !Sample_organism_ch1 = Homo sapiens !Sample_taxid_ch1 = 9606 !Sample_characteristics_ch1 = patient id: MM25 !Sample_characteristics_ch1 = gender: male !Sample_characteristics_ch1 = death(alive=0; death=1): 1 !Sample_characteristics_ch1 = cell type: Multiple myeloma !Sample_characteristics_ch1 = prep-site: Bone marrow !Sample_characteristics_ch1 = facs sorting: CD138 positive	True
MM33	geo:GSE106218:MM33	donor_id	<map of column specimen>	file	raw/fp-ac2b4f47543b/GSE106218_family.soft.gz		!Sample_source_name_ch1 = MM25 !Sample_organism_ch1 = Homo sapiens !Sample_taxid_ch1 = 9606 !Sample_characteristics_ch1 = patient id: MM25 !Sample_characteristics_ch1 = gender: male !Sample_characteristics_ch1 = death(alive=0; death=1): 1 !Sample_characteristics_ch1 = cell type: Multiple myeloma !Sample_characteristics_ch1 = prep-site: Bone marrow !Sample_characteristics_ch1 = facs sorting: CD138 positive	True
MM34	geo:GSE106218:MM34	donor_id	<map of column specimen>	file	raw/fp-ac2b4f47543b/GSE106218_family.soft.gz		!Sample_source_name_ch1 = MM25 !Sample_organism_ch1 = Homo sapiens !Sample_taxid_ch1 = 9606 !Sample_characteristics_ch1 = patient id: MM25 !Sample_characteristics_ch1 = gender: male !Sample_characteristics_ch1 = death(alive=0; death=1): 1 !Sample_characteristics_ch1 = cell type: Multiple myeloma !Sample_characteristics_ch1 = prep-site: Bone marrow !Sample_characteristics_ch1 = facs sorting: CD138 positive	True
MM34EM	geo:GSE106218:MM34EM	donor_id	<map of column specimen>	file	raw/fp-ac2b4f47543b/GSE106218_family.soft.gz		!Sample_source_name_ch1 = MM25 !Sample_organism_ch1 = Homo sapiens !Sample_taxid_ch1 = 9606 !Sample_characteristics_ch1 = patient id: MM25 !Sample_characteristics_ch1 = gender: male !Sample_characteristics_ch1 = death(alive=0; death=1): 1 !Sample_characteristics_ch1 = cell type: Multiple myeloma !Sample_characteristics_ch1 = prep-site: Bone marrow !Sample_characteristics_ch1 = facs sorting: CD138 positive	True
MM36EM	geo:GSE106218:MM36EM	donor_id	<map of column specimen>	file	raw/fp-ac2b4f47543b/GSE106218_family.soft.gz		!Sample_source_name_ch1 = MM25 !Sample_organism_ch1 = Homo sapiens !Sample_taxid_ch1 = 9606 !Sample_characteristics_ch1 = patient id: MM25 !Sample_characteristics_ch1 = gender: male !Sample_characteristics_ch1 = death(alive=0; death=1): 1 !Sample_characteristics_ch1 = cell type: Multiple myeloma !Sample_characteristics_ch1 = prep-site: Bone marrow !Sample_characteristics_ch1 = facs sorting: CD138 positive	True
MM38	geo:GSE106218:MM38	donor_id	<map of column specimen>	file	raw/fp-ac2b4f47543b/GSE106218_family.soft.gz		!Sample_source_name_ch1 = MM25 !Sample_organism_ch1 = Homo sapiens !Sample_taxid_ch1 = 9606 !Sample_characteristics_ch1 = patient id: MM25 !Sample_characteristics_ch1 = gender: male !Sample_characteristics_ch1 = death(alive=0; death=1): 1 !Sample_characteristics_ch1 = cell type: Multiple myeloma !Sample_characteristics_ch1 = prep-site: Bone marrow !Sample_characteristics_ch1 = facs sorting: CD138 positive	True
MM02	geo:GSE106218:MM02	donor_id	<map of column specimen>	file	raw/fp-ac2b4f47543b/GSE106218_family.soft.gz		!Sample_source_name_ch1 = MM28 !Sample_organism_ch1 = Homo sapiens !Sample_taxid_ch1 = 9606 !Sample_characteristics_ch1 = patient id: MM28 !Sample_characteristics_ch1 = gender: male !Sample_characteristics_ch1 = death(alive=0; death=1): 0 !Sample_characteristics_ch1 = cell type: Multiple myeloma !Sample_characteristics_ch1 = prep-site: Bone marrow !Sample_characteristics_ch1 = facs sorting: CD138 positive	True
MM02EM	geo:GSE106218:MM02EM	donor_id	<map of column specimen>	file	raw/fp-ac2b4f47543b/GSE106218_family.soft.gz		!Sample_source_name_ch1 = MM28 !Sample_organism_ch1 = Homo sapiens !Sample_taxid_ch1 = 9606 !Sample_characteristics_ch1 = patient id: MM28 !Sample_characteristics_ch1 = gender: male !Sample_characteristics_ch1 = death(alive=0; death=1): 0 !Sample_characteristics_ch1 = cell type: Multiple myeloma !Sample_characteristics_ch1 = prep-site: Bone marrow !Sample_characteristics_ch1 = facs sorting: CD138 positive	True
MM16	geo:GSE106218:MM16	donor_id	<map of column specimen>	file	raw/fp-ac2b4f47543b/GSE106218_family.soft.gz		!Sample_source_name_ch1 = MM28 !Sample_organism_ch1 = Homo sapiens !Sample_taxid_ch1 = 9606 !Sample_characteristics_ch1 = patient id: MM28 !Sample_characteristics_ch1 = gender: male !Sample_characteristics_ch1 = death(alive=0; death=1): 0 !Sample_characteristics_ch1 = cell type: Multiple myeloma !Sample_characteristics_ch1 = prep-site: Bone marrow !Sample_characteristics_ch1 = facs sorting: CD138 positive	True
MM17	geo:GSE106218:MM17	donor_id	<map of column specimen>	file	raw/fp-ac2b4f47543b/GSE106218_family.soft.gz		!Sample_source_name_ch1 = MM28 !Sample_organism_ch1 = Homo sapiens !Sample_taxid_ch1 = 9606 !Sample_characteristics_ch1 = patient id: MM28 !Sample_characteristics_ch1 = gender: male !Sample_characteristics_ch1 = death(alive=0; death=1): 0 !Sample_characteristics_ch1 = cell type: Multiple myeloma !Sample_characteristics_ch1 = prep-site: Bone marrow !Sample_characteristics_ch1 = facs sorting: CD138 positive	True
MM25	geo:GSE106218:MM25	donor_id	<map of column specimen>	file	raw/fp-ac2b4f47543b/GSE106218_family.soft.gz		!Sample_source_name_ch1 = MM28 !Sample_organism_ch1 = Homo sapiens !Sample_taxid_ch1 = 9606 !Sample_characteristics_ch1 = patient id: MM28 !Sample_characteristics_ch1 = gender: male !Sample_characteristics_ch1 = death(alive=0; death=1): 0 !Sample_characteristics_ch1 = cell type: Multiple myeloma !Sample_characteristics_ch1 = prep-site: Bone marrow !Sample_characteristics_ch1 = facs sorting: CD138 positive	True
MM28	geo:GSE106218:MM28	donor_id	<map of column specimen>	file	raw/fp-ac2b4f47543b/GSE106218_family.soft.gz		!Sample_source_name_ch1 = MM28 !Sample_organism_ch1 = Homo sapiens !Sample_taxid_ch1 = 9606 !Sample_characteristics_ch1 = patient id: MM28 !Sample_characteristics_ch1 = gender: male !Sample_characteristics_ch1 = death(alive=0; death=1): 0 !Sample_characteristics_ch1 = cell type: Multiple myeloma !Sample_characteristics_ch1 = prep-site: Bone marrow !Sample_characteristics_ch1 = facs sorting: CD138 positive	True
MM30	geo:GSE106218:MM30	donor_id	<map of column specimen>	file	raw/fp-ac2b4f47543b/GSE106218_family.soft.gz		!Sample_source_name_ch1 = MM28 !Sample_organism_ch1 = Homo sapiens !Sample_taxid_ch1 = 9606 !Sample_characteristics_ch1 = patient id: MM28 !Sample_characteristics_ch1 = gender: male !Sample_characteristics_ch1 = death(alive=0; death=1): 0 !Sample_characteristics_ch1 = cell type: Multiple myeloma !Sample_characteristics_ch1 = prep-site: Bone marrow !Sample_characteristics_ch1 = facs sorting: CD138 positive	True
MM33	geo:GSE106218:MM33	donor_id	<map of column specimen>	file	raw/fp-ac2b4f47543b/GSE106218_family.soft.gz		!Sample_source_name_ch1 = MM28 !Sample_organism_ch1 = Homo sapiens !Sample_taxid_ch1 = 9606 !Sample_characteristics_ch1 = patient id: MM28 !Sample_characteristics_ch1 = gender: male !Sample_characteristics_ch1 = death(alive=0; death=1): 0 !Sample_characteristics_ch1 = cell type: Multiple myeloma !Sample_characteristics_ch1 = prep-site: Bone marrow !Sample_characteristics_ch1 = facs sorting: CD138 positive	True
MM34	geo:GSE106218:MM34	donor_id	<map of column specimen>	file	raw/fp-ac2b4f47543b/GSE106218_family.soft.gz		!Sample_source_name_ch1 = MM28 !Sample_organism_ch1 = Homo sapiens !Sample_taxid_ch1 = 9606 !Sample_characteristics_ch1 = patient id: MM28 !Sample_characteristics_ch1 = gender: male !Sample_characteristics_ch1 = death(alive=0; death=1): 0 !Sample_characteristics_ch1 = cell type: Multiple myeloma !Sample_characteristics_ch1 = prep-site: Bone marrow !Sample_characteristics_ch1 = facs sorting: CD138 positive	True
MM34EM	geo:GSE106218:MM34EM	donor_id	<map of column specimen>	file	raw/fp-ac2b4f47543b/GSE106218_family.soft.gz		!Sample_source_name_ch1 = MM28 !Sample_organism_ch1 = Homo sapiens !Sample_taxid_ch1 = 9606 !Sample_characteristics_ch1 = patient id: MM28 !Sample_characteristics_ch1 = gender: male !Sample_characteristics_ch1 = death(alive=0; death=1): 0 !Sample_characteristics_ch1 = cell type: Multiple myeloma !Sample_characteristics_ch1 = prep-site: Bone marrow !Sample_characteristics_ch1 = facs sorting: CD138 positive	True
MM36EM	geo:GSE106218:MM36EM	donor_id	<map of column specimen>	file	raw/fp-ac2b4f47543b/GSE106218_family.soft.gz		!Sample_source_name_ch1 = MM28 !Sample_organism_ch1 = Homo sapiens !Sample_taxid_ch1 = 9606 !Sample_characteristics_ch1 = patient id: MM28 !Sample_characteristics_ch1 = gender: male !Sample_characteristics_ch1 = death(alive=0; death=1): 0 !Sample_characteristics_ch1 = cell type: Multiple myeloma !Sample_characteristics_ch1 = prep-site: Bone marrow !Sample_characteristics_ch1 = facs sorting: CD138 positive	True
MM38	geo:GSE106218:MM38	donor_id	<map of column specimen>	file	raw/fp-ac2b4f47543b/GSE106218_family.soft.gz		!Sample_source_name_ch1 = MM28 !Sample_organism_ch1 = Homo sapiens !Sample_taxid_ch1 = 9606 !Sample_characteristics_ch1 = patient id: MM28 !Sample_characteristics_ch1 = gender: male !Sample_characteristics_ch1 = death(alive=0; death=1): 0 !Sample_characteristics_ch1 = cell type: Multiple myeloma !Sample_characteristics_ch1 = prep-site: Bone marrow !Sample_characteristics_ch1 = facs sorting: CD138 positive	True
MM02	geo:GSE106218:MM02	donor_id	<map of column specimen>	file	raw/fp-ac2b4f47543b/GSE106218_family.soft.gz		!Sample_source_name_ch1 = MM30 !Sample_organism_ch1 = Homo sapiens !Sample_taxid_ch1 = 9606 !Sample_characteristics_ch1 = patient id: MM30 !Sample_characteristics_ch1 = gender: female !Sample_characteristics_ch1 = death(alive=0; death=1): 0 !Sample_characteristics_ch1 = cell type: Multiple myeloma !Sample_characteristics_ch1 = prep-site: Bone marrow !Sample_characteristics_ch1 = facs sorting: CD138 positive	True
MM02EM	geo:GSE106218:MM02EM	donor_id	<map of column specimen>	file	raw/fp-ac2b4f47543b/GSE106218_family.soft.gz		!Sample_source_name_ch1 = MM30 !Sample_organism_ch1 = Homo sapiens !Sample_taxid_ch1 = 9606 !Sample_characteristics_ch1 = patient id: MM30 !Sample_characteristics_ch1 = gender: female !Sample_characteristics_ch1 = death(alive=0; death=1): 0 !Sample_characteristics_ch1 = cell type: Multiple myeloma !Sample_characteristics_ch1 = prep-site: Bone marrow !Sample_characteristics_ch1 = facs sorting: CD138 positive	True
MM16	geo:GSE106218:MM16	donor_id	<map of column specimen>	file	raw/fp-ac2b4f47543b/GSE106218_family.soft.gz		!Sample_source_name_ch1 = MM30 !Sample_organism_ch1 = Homo sapiens !Sample_taxid_ch1 = 9606 !Sample_characteristics_ch1 = patient id: MM30 !Sample_characteristics_ch1 = gender: female !Sample_characteristics_ch1 = death(alive=0; death=1): 0 !Sample_characteristics_ch1 = cell type: Multiple myeloma !Sample_characteristics_ch1 = prep-site: Bone marrow !Sample_characteristics_ch1 = facs sorting: CD138 positive	True
MM17	geo:GSE106218:MM17	donor_id	<map of column specimen>	file	raw/fp-ac2b4f47543b/GSE106218_family.soft.gz		!Sample_source_name_ch1 = MM30 !Sample_organism_ch1 = Homo sapiens !Sample_taxid_ch1 = 9606 !Sample_characteristics_ch1 = patient id: MM30 !Sample_characteristics_ch1 = gender: female !Sample_characteristics_ch1 = death(alive=0; death=1): 0 !Sample_characteristics_ch1 = cell type: Multiple myeloma !Sample_characteristics_ch1 = prep-site: Bone marrow !Sample_characteristics_ch1 = facs sorting: CD138 positive	True
MM25	geo:GSE106218:MM25	donor_id	<map of column specimen>	file	raw/fp-ac2b4f47543b/GSE106218_family.soft.gz		!Sample_source_name_ch1 = MM30 !Sample_organism_ch1 = Homo sapiens !Sample_taxid_ch1 = 9606 !Sample_characteristics_ch1 = patient id: MM30 !Sample_characteristics_ch1 = gender: female !Sample_characteristics_ch1 = death(alive=0; death=1): 0 !Sample_characteristics_ch1 = cell type: Multiple myeloma !Sample_characteristics_ch1 = prep-site: Bone marrow !Sample_characteristics_ch1 = facs sorting: CD138 positive	True
MM28	geo:GSE106218:MM28	donor_id	<map of column specimen>	file	raw/fp-ac2b4f47543b/GSE106218_family.soft.gz		!Sample_source_name_ch1 = MM30 !Sample_organism_ch1 = Homo sapiens !Sample_taxid_ch1 = 9606 !Sample_characteristics_ch1 = patient id: MM30 !Sample_characteristics_ch1 = gender: female !Sample_characteristics_ch1 = death(alive=0; death=1): 0 !Sample_characteristics_ch1 = cell type: Multiple myeloma !Sample_characteristics_ch1 = prep-site: Bone marrow !Sample_characteristics_ch1 = facs sorting: CD138 positive	True
MM30	geo:GSE106218:MM30	donor_id	<map of column specimen>	file	raw/fp-ac2b4f47543b/GSE106218_family.soft.gz		!Sample_source_name_ch1 = MM30 !Sample_organism_ch1 = Homo sapiens !Sample_taxid_ch1 = 9606 !Sample_characteristics_ch1 = patient id: MM30 !Sample_characteristics_ch1 = gender: female !Sample_characteristics_ch1 = death(alive=0; death=1): 0 !Sample_characteristics_ch1 = cell type: Multiple myeloma !Sample_characteristics_ch1 = prep-site: Bone marrow !Sample_characteristics_ch1 = facs sorting: CD138 positive	True
MM33	geo:GSE106218:MM33	donor_id	<map of column specimen>	file	raw/fp-ac2b4f47543b/GSE106218_family.soft.gz		!Sample_source_name_ch1 = MM30 !Sample_organism_ch1 = Homo sapiens !Sample_taxid_ch1 = 9606 !Sample_characteristics_ch1 = patient id: MM30 !Sample_characteristics_ch1 = gender: female !Sample_characteristics_ch1 = death(alive=0; death=1): 0 !Sample_characteristics_ch1 = cell type: Multiple myeloma !Sample_characteristics_ch1 = prep-site: Bone marrow !Sample_characteristics_ch1 = facs sorting: CD138 positive	True
MM34	geo:GSE106218:MM34	donor_id	<map of column specimen>	file	raw/fp-ac2b4f47543b/GSE106218_family.soft.gz		!Sample_source_name_ch1 = MM30 !Sample_organism_ch1 = Homo sapiens !Sample_taxid_ch1 = 9606 !Sample_characteristics_ch1 = patient id: MM30 !Sample_characteristics_ch1 = gender: female !Sample_characteristics_ch1 = death(alive=0; death=1): 0 !Sample_characteristics_ch1 = cell type: Multiple myeloma !Sample_characteristics_ch1 = prep-site: Bone marrow !Sample_characteristics_ch1 = facs sorting: CD138 positive	True
MM34EM	geo:GSE106218:MM34EM	donor_id	<map of column specimen>	file	raw/fp-ac2b4f47543b/GSE106218_family.soft.gz		!Sample_source_name_ch1 = MM30 !Sample_organism_ch1 = Homo sapiens !Sample_taxid_ch1 = 9606 !Sample_characteristics_ch1 = patient id: MM30 !Sample_characteristics_ch1 = gender: female !Sample_characteristics_ch1 = death(alive=0; death=1): 0 !Sample_characteristics_ch1 = cell type: Multiple myeloma !Sample_characteristics_ch1 = prep-site: Bone marrow !Sample_characteristics_ch1 = facs sorting: CD138 positive	True
MM36EM	geo:GSE106218:MM36EM	donor_id	<map of column specimen>	file	raw/fp-ac2b4f47543b/GSE106218_family.soft.gz		!Sample_source_name_ch1 = MM30 !Sample_organism_ch1 = Homo sapiens !Sample_taxid_ch1 = 9606 !Sample_characteristics_ch1 = patient id: MM30 !Sample_characteristics_ch1 = gender: female !Sample_characteristics_ch1 = death(alive=0; death=1): 0 !Sample_characteristics_ch1 = cell type: Multiple myeloma !Sample_characteristics_ch1 = prep-site: Bone marrow !Sample_characteristics_ch1 = facs sorting: CD138 positive	True
MM38	geo:GSE106218:MM38	donor_id	<map of column specimen>	file	raw/fp-ac2b4f47543b/GSE106218_family.soft.gz		!Sample_source_name_ch1 = MM30 !Sample_organism_ch1 = Homo sapiens !Sample_taxid_ch1 = 9606 !Sample_characteristics_ch1 = patient id: MM30 !Sample_characteristics_ch1 = gender: female !Sample_characteristics_ch1 = death(alive=0; death=1): 0 !Sample_characteristics_ch1 = cell type: Multiple myeloma !Sample_characteristics_ch1 = prep-site: Bone marrow !Sample_characteristics_ch1 = facs sorting: CD138 positive	True
MM02	geo:GSE106218:MM02	donor_id	<map of column specimen>	file	raw/fp-ac2b4f47543b/GSE106218_family.soft.gz		!Sample_source_name_ch1 = MM33 !Sample_organism_ch1 = Homo sapiens !Sample_taxid_ch1 = 9606 !Sample_characteristics_ch1 = patient id: MM33 !Sample_characteristics_ch1 = gender: female !Sample_characteristics_ch1 = death(alive=0; death=1): 1 !Sample_characteristics_ch1 = cell type: Multiple myeloma !Sample_characteristics_ch1 = prep-site: Bone marrow !Sample_characteristics_ch1 = facs sorting: CD138 positive	True
MM02EM	geo:GSE106218:MM02EM	donor_id	<map of column specimen>	file	raw/fp-ac2b4f47543b/GSE106218_family.soft.gz		!Sample_source_name_ch1 = MM33 !Sample_organism_ch1 = Homo sapiens !Sample_taxid_ch1 = 9606 !Sample_characteristics_ch1 = patient id: MM33 !Sample_characteristics_ch1 = gender: female !Sample_characteristics_ch1 = death(alive=0; death=1): 1 !Sample_characteristics_ch1 = cell type: Multiple myeloma !Sample_characteristics_ch1 = prep-site: Bone marrow !Sample_characteristics_ch1 = facs sorting: CD138 positive	True
MM16	geo:GSE106218:MM16	donor_id	<map of column specimen>	file	raw/fp-ac2b4f47543b/GSE106218_family.soft.gz		!Sample_source_name_ch1 = MM33 !Sample_organism_ch1 = Homo sapiens !Sample_taxid_ch1 = 9606 !Sample_characteristics_ch1 = patient id: MM33 !Sample_characteristics_ch1 = gender: female !Sample_characteristics_ch1 = death(alive=0; death=1): 1 !Sample_characteristics_ch1 = cell type: Multiple myeloma !Sample_characteristics_ch1 = prep-site: Bone marrow !Sample_characteristics_ch1 = facs sorting: CD138 positive	True
MM17	geo:GSE106218:MM17	donor_id	<map of column specimen>	file	raw/fp-ac2b4f47543b/GSE106218_family.soft.gz		!Sample_source_name_ch1 = MM33 !Sample_organism_ch1 = Homo sapiens !Sample_taxid_ch1 = 9606 !Sample_characteristics_ch1 = patient id: MM33 !Sample_characteristics_ch1 = gender: female !Sample_characteristics_ch1 = death(alive=0; death=1): 1 !Sample_characteristics_ch1 = cell type: Multiple myeloma !Sample_characteristics_ch1 = prep-site: Bone marrow !Sample_characteristics_ch1 = facs sorting: CD138 positive	True
MM25	geo:GSE106218:MM25	donor_id	<map of column specimen>	file	raw/fp-ac2b4f47543b/GSE106218_family.soft.gz		!Sample_source_name_ch1 = MM33 !Sample_organism_ch1 = Homo sapiens !Sample_taxid_ch1 = 9606 !Sample_characteristics_ch1 = patient id: MM33 !Sample_characteristics_ch1 = gender: female !Sample_characteristics_ch1 = death(alive=0; death=1): 1 !Sample_characteristics_ch1 = cell type: Multiple myeloma !Sample_characteristics_ch1 = prep-site: Bone marrow !Sample_characteristics_ch1 = facs sorting: CD138 positive	True
MM28	geo:GSE106218:MM28	donor_id	<map of column specimen>	file	raw/fp-ac2b4f47543b/GSE106218_family.soft.gz		!Sample_source_name_ch1 = MM33 !Sample_organism_ch1 = Homo sapiens !Sample_taxid_ch1 = 9606 !Sample_characteristics_ch1 = patient id: MM33 !Sample_characteristics_ch1 = gender: female !Sample_characteristics_ch1 = death(alive=0; death=1): 1 !Sample_characteristics_ch1 = cell type: Multiple myeloma !Sample_characteristics_ch1 = prep-site: Bone marrow !Sample_characteristics_ch1 = facs sorting: CD138 positive	True
MM30	geo:GSE106218:MM30	donor_id	<map of column specimen>	file	raw/fp-ac2b4f47543b/GSE106218_family.soft.gz		!Sample_source_name_ch1 = MM33 !Sample_organism_ch1 = Homo sapiens !Sample_taxid_ch1 = 9606 !Sample_characteristics_ch1 = patient id: MM33 !Sample_characteristics_ch1 = gender: female !Sample_characteristics_ch1 = death(alive=0; death=1): 1 !Sample_characteristics_ch1 = cell type: Multiple myeloma !Sample_characteristics_ch1 = prep-site: Bone marrow !Sample_characteristics_ch1 = facs sorting: CD138 positive	True
MM33	geo:GSE106218:MM33	donor_id	<map of column specimen>	file	raw/fp-ac2b4f47543b/GSE106218_family.soft.gz		!Sample_source_name_ch1 = MM33 !Sample_organism_ch1 = Homo sapiens !Sample_taxid_ch1 = 9606 !Sample_characteristics_ch1 = patient id: MM33 !Sample_characteristics_ch1 = gender: female !Sample_characteristics_ch1 = death(alive=0; death=1): 1 !Sample_characteristics_ch1 = cell type: Multiple myeloma !Sample_characteristics_ch1 = prep-site: Bone marrow !Sample_characteristics_ch1 = facs sorting: CD138 positive	True
MM34	geo:GSE106218:MM34	donor_id	<map of column specimen>	file	raw/fp-ac2b4f47543b/GSE106218_family.soft.gz		!Sample_source_name_ch1 = MM33 !Sample_organism_ch1 = Homo sapiens !Sample_taxid_ch1 = 9606 !Sample_characteristics_ch1 = patient id: MM33 !Sample_characteristics_ch1 = gender: female !Sample_characteristics_ch1 = death(alive=0; death=1): 1 !Sample_characteristics_ch1 = cell type: Multiple myeloma !Sample_characteristics_ch1 = prep-site: Bone marrow !Sample_characteristics_ch1 = facs sorting: CD138 positive	True
MM34EM	geo:GSE106218:MM34EM	donor_id	<map of column specimen>	file	raw/fp-ac2b4f47543b/GSE106218_family.soft.gz		!Sample_source_name_ch1 = MM33 !Sample_organism_ch1 = Homo sapiens !Sample_taxid_ch1 = 9606 !Sample_characteristics_ch1 = patient id: MM33 !Sample_characteristics_ch1 = gender: female !Sample_characteristics_ch1 = death(alive=0; death=1): 1 !Sample_characteristics_ch1 = cell type: Multiple myeloma !Sample_characteristics_ch1 = prep-site: Bone marrow !Sample_characteristics_ch1 = facs sorting: CD138 positive	True
MM36EM	geo:GSE106218:MM36EM	donor_id	<map of column specimen>	file	raw/fp-ac2b4f47543b/GSE106218_family.soft.gz		!Sample_source_name_ch1 = MM33 !Sample_organism_ch1 = Homo sapiens !Sample_taxid_ch1 = 9606 !Sample_characteristics_ch1 = patient id: MM33 !Sample_characteristics_ch1 = gender: female !Sample_characteristics_ch1 = death(alive=0; death=1): 1 !Sample_characteristics_ch1 = cell type: Multiple myeloma !Sample_characteristics_ch1 = prep-site: Bone marrow !Sample_characteristics_ch1 = facs sorting: CD138 positive	True
MM38	geo:GSE106218:MM38	donor_id	<map of column specimen>	file	raw/fp-ac2b4f47543b/GSE106218_family.soft.gz		!Sample_source_name_ch1 = MM33 !Sample_organism_ch1 = Homo sapiens !Sample_taxid_ch1 = 9606 !Sample_characteristics_ch1 = patient id: MM33 !Sample_characteristics_ch1 = gender: female !Sample_characteristics_ch1 = death(alive=0; death=1): 1 !Sample_characteristics_ch1 = cell type: Multiple myeloma !Sample_characteristics_ch1 = prep-site: Bone marrow !Sample_characteristics_ch1 = facs sorting: CD138 positive	True
MM02	geo:GSE106218:MM02	donor_id	<map of column specimen>	file	raw/fp-ac2b4f47543b/GSE106218_family.soft.gz		!Sample_source_name_ch1 = MM34 !Sample_organism_ch1 = Homo sapiens !Sample_taxid_ch1 = 9606 !Sample_characteristics_ch1 = patient id: MM34 !Sample_characteristics_ch1 = gender: female !Sample_characteristics_ch1 = death(alive=0; death=1): 1 !Sample_characteristics_ch1 = cell type: Multiple myeloma !Sample_characteristics_ch1 = prep-site: Bone marrow !Sample_characteristics_ch1 = facs sorting: CD138 negative	True
MM02EM	geo:GSE106218:MM02EM	donor_id	<map of column specimen>	file	raw/fp-ac2b4f47543b/GSE106218_family.soft.gz		!Sample_source_name_ch1 = MM34 !Sample_organism_ch1 = Homo sapiens !Sample_taxid_ch1 = 9606 !Sample_characteristics_ch1 = patient id: MM34 !Sample_characteristics_ch1 = gender: female !Sample_characteristics_ch1 = death(alive=0; death=1): 1 !Sample_characteristics_ch1 = cell type: Multiple myeloma !Sample_characteristics_ch1 = prep-site: Bone marrow !Sample_characteristics_ch1 = facs sorting: CD138 negative	True
MM16	geo:GSE106218:MM16	donor_id	<map of column specimen>	file	raw/fp-ac2b4f47543b/GSE106218_family.soft.gz		!Sample_source_name_ch1 = MM34 !Sample_organism_ch1 = Homo sapiens !Sample_taxid_ch1 = 9606 !Sample_characteristics_ch1 = patient id: MM34 !Sample_characteristics_ch1 = gender: female !Sample_characteristics_ch1 = death(alive=0; death=1): 1 !Sample_characteristics_ch1 = cell type: Multiple myeloma !Sample_characteristics_ch1 = prep-site: Bone marrow !Sample_characteristics_ch1 = facs sorting: CD138 negative	True
MM17	geo:GSE106218:MM17	donor_id	<map of column specimen>	file	raw/fp-ac2b4f47543b/GSE106218_family.soft.gz		!Sample_source_name_ch1 = MM34 !Sample_organism_ch1 = Homo sapiens !Sample_taxid_ch1 = 9606 !Sample_characteristics_ch1 = patient id: MM34 !Sample_characteristics_ch1 = gender: female !Sample_characteristics_ch1 = death(alive=0; death=1): 1 !Sample_characteristics_ch1 = cell type: Multiple myeloma !Sample_characteristics_ch1 = prep-site: Bone marrow !Sample_characteristics_ch1 = facs sorting: CD138 negative	True
MM25	geo:GSE106218:MM25	donor_id	<map of column specimen>	file	raw/fp-ac2b4f47543b/GSE106218_family.soft.gz		!Sample_source_name_ch1 = MM34 !Sample_organism_ch1 = Homo sapiens !Sample_taxid_ch1 = 9606 !Sample_characteristics_ch1 = patient id: MM34 !Sample_characteristics_ch1 = gender: female !Sample_characteristics_ch1 = death(alive=0; death=1): 1 !Sample_characteristics_ch1 = cell type: Multiple myeloma !Sample_characteristics_ch1 = prep-site: Bone marrow !Sample_characteristics_ch1 = facs sorting: CD138 negative	True
MM28	geo:GSE106218:MM28	donor_id	<map of column specimen>	file	raw/fp-ac2b4f47543b/GSE106218_family.soft.gz		!Sample_source_name_ch1 = MM34 !Sample_organism_ch1 = Homo sapiens !Sample_taxid_ch1 = 9606 !Sample_characteristics_ch1 = patient id: MM34 !Sample_characteristics_ch1 = gender: female !Sample_characteristics_ch1 = death(alive=0; death=1): 1 !Sample_characteristics_ch1 = cell type: Multiple myeloma !Sample_characteristics_ch1 = prep-site: Bone marrow !Sample_characteristics_ch1 = facs sorting: CD138 negative	True
MM30	geo:GSE106218:MM30	donor_id	<map of column specimen>	file	raw/fp-ac2b4f47543b/GSE106218_family.soft.gz		!Sample_source_name_ch1 = MM34 !Sample_organism_ch1 = Homo sapiens !Sample_taxid_ch1 = 9606 !Sample_characteristics_ch1 = patient id: MM34 !Sample_characteristics_ch1 = gender: female !Sample_characteristics_ch1 = death(alive=0; death=1): 1 !Sample_characteristics_ch1 = cell type: Multiple myeloma !Sample_characteristics_ch1 = prep-site: Bone marrow !Sample_characteristics_ch1 = facs sorting: CD138 negative	True
MM33	geo:GSE106218:MM33	donor_id	<map of column specimen>	file	raw/fp-ac2b4f47543b/GSE106218_family.soft.gz		!Sample_source_name_ch1 = MM34 !Sample_organism_ch1 = Homo sapiens !Sample_taxid_ch1 = 9606 !Sample_characteristics_ch1 = patient id: MM34 !Sample_characteristics_ch1 = gender: female !Sample_characteristics_ch1 = death(alive=0; death=1): 1 !Sample_characteristics_ch1 = cell type: Multiple myeloma !Sample_characteristics_ch1 = prep-site: Bone marrow !Sample_characteristics_ch1 = facs sorting: CD138 negative	True
MM34	geo:GSE106218:MM34	donor_id	<map of column specimen>	file	raw/fp-ac2b4f47543b/GSE106218_family.soft.gz		!Sample_source_name_ch1 = MM34 !Sample_organism_ch1 = Homo sapiens !Sample_taxid_ch1 = 9606 !Sample_characteristics_ch1 = patient id: MM34 !Sample_characteristics_ch1 = gender: female !Sample_characteristics_ch1 = death(alive=0; death=1): 1 !Sample_characteristics_ch1 = cell type: Multiple myeloma !Sample_characteristics_ch1 = prep-site: Bone marrow !Sample_characteristics_ch1 = facs sorting: CD138 negative	True
MM34EM	geo:GSE106218:MM34EM	donor_id	<map of column specimen>	file	raw/fp-ac2b4f47543b/GSE106218_family.soft.gz		!Sample_source_name_ch1 = MM34 !Sample_organism_ch1 = Homo sapiens !Sample_taxid_ch1 = 9606 !Sample_characteristics_ch1 = patient id: MM34 !Sample_characteristics_ch1 = gender: female !Sample_characteristics_ch1 = death(alive=0; death=1): 1 !Sample_characteristics_ch1 = cell type: Multiple myeloma !Sample_characteristics_ch1 = prep-site: Bone marrow !Sample_characteristics_ch1 = facs sorting: CD138 negative	True
MM36EM	geo:GSE106218:MM36EM	donor_id	<map of column specimen>	file	raw/fp-ac2b4f47543b/GSE106218_family.soft.gz		!Sample_source_name_ch1 = MM34 !Sample_organism_ch1 = Homo sapiens !Sample_taxid_ch1 = 9606 !Sample_characteristics_ch1 = patient id: MM34 !Sample_characteristics_ch1 = gender: female !Sample_characteristics_ch1 = death(alive=0; death=1): 1 !Sample_characteristics_ch1 = cell type: Multiple myeloma !Sample_characteristics_ch1 = prep-site: Bone marrow !Sample_characteristics_ch1 = facs sorting: CD138 negative	True
MM38	geo:GSE106218:MM38	donor_id	<map of column specimen>	file	raw/fp-ac2b4f47543b/GSE106218_family.soft.gz		!Sample_source_name_ch1 = MM34 !Sample_organism_ch1 = Homo sapiens !Sample_taxid_ch1 = 9606 !Sample_characteristics_ch1 = patient id: MM34 !Sample_characteristics_ch1 = gender: female !Sample_characteristics_ch1 = death(alive=0; death=1): 1 !Sample_characteristics_ch1 = cell type: Multiple myeloma !Sample_characteristics_ch1 = prep-site: Bone marrow !Sample_characteristics_ch1 = facs sorting: CD138 negative	True
MM02	geo:GSE106218:MM02	donor_id	<map of column specimen>	file	raw/fp-ac2b4f47543b/GSE106218_family.soft.gz		!Sample_source_name_ch1 = MM34EM !Sample_organism_ch1 = Homo sapiens !Sample_taxid_ch1 = 9606 !Sample_characteristics_ch1 = patient id: MM34 !Sample_characteristics_ch1 = gender: female !Sample_characteristics_ch1 = death(alive=0; death=1): 1 !Sample_characteristics_ch1 = cell type: Multiple myeloma !Sample_characteristics_ch1 = prep-site: Ascites !Sample_characteristics_ch1 = facs sorting: CD138 negative	True
MM02EM	geo:GSE106218:MM02EM	donor_id	<map of column specimen>	file	raw/fp-ac2b4f47543b/GSE106218_family.soft.gz		!Sample_source_name_ch1 = MM34EM !Sample_organism_ch1 = Homo sapiens !Sample_taxid_ch1 = 9606 !Sample_characteristics_ch1 = patient id: MM34 !Sample_characteristics_ch1 = gender: female !Sample_characteristics_ch1 = death(alive=0; death=1): 1 !Sample_characteristics_ch1 = cell type: Multiple myeloma !Sample_characteristics_ch1 = prep-site: Ascites !Sample_characteristics_ch1 = facs sorting: CD138 negative	True
MM16	geo:GSE106218:MM16	donor_id	<map of column specimen>	file	raw/fp-ac2b4f47543b/GSE106218_family.soft.gz		!Sample_source_name_ch1 = MM34EM !Sample_organism_ch1 = Homo sapiens !Sample_taxid_ch1 = 9606 !Sample_characteristics_ch1 = patient id: MM34 !Sample_characteristics_ch1 = gender: female !Sample_characteristics_ch1 = death(alive=0; death=1): 1 !Sample_characteristics_ch1 = cell type: Multiple myeloma !Sample_characteristics_ch1 = prep-site: Ascites !Sample_characteristics_ch1 = facs sorting: CD138 negative	True
MM17	geo:GSE106218:MM17	donor_id	<map of column specimen>	file	raw/fp-ac2b4f47543b/GSE106218_family.soft.gz		!Sample_source_name_ch1 = MM34EM !Sample_organism_ch1 = Homo sapiens !Sample_taxid_ch1 = 9606 !Sample_characteristics_ch1 = patient id: MM34 !Sample_characteristics_ch1 = gender: female !Sample_characteristics_ch1 = death(alive=0; death=1): 1 !Sample_characteristics_ch1 = cell type: Multiple myeloma !Sample_characteristics_ch1 = prep-site: Ascites !Sample_characteristics_ch1 = facs sorting: CD138 negative	True
MM25	geo:GSE106218:MM25	donor_id	<map of column specimen>	file	raw/fp-ac2b4f47543b/GSE106218_family.soft.gz		!Sample_source_name_ch1 = MM34EM !Sample_organism_ch1 = Homo sapiens !Sample_taxid_ch1 = 9606 !Sample_characteristics_ch1 = patient id: MM34 !Sample_characteristics_ch1 = gender: female !Sample_characteristics_ch1 = death(alive=0; death=1): 1 !Sample_characteristics_ch1 = cell type: Multiple myeloma !Sample_characteristics_ch1 = prep-site: Ascites !Sample_characteristics_ch1 = facs sorting: CD138 negative	True
MM28	geo:GSE106218:MM28	donor_id	<map of column specimen>	file	raw/fp-ac2b4f47543b/GSE106218_family.soft.gz		!Sample_source_name_ch1 = MM34EM !Sample_organism_ch1 = Homo sapiens !Sample_taxid_ch1 = 9606 !Sample_characteristics_ch1 = patient id: MM34 !Sample_characteristics_ch1 = gender: female !Sample_characteristics_ch1 = death(alive=0; death=1): 1 !Sample_characteristics_ch1 = cell type: Multiple myeloma !Sample_characteristics_ch1 = prep-site: Ascites !Sample_characteristics_ch1 = facs sorting: CD138 negative	True
MM30	geo:GSE106218:MM30	donor_id	<map of column specimen>	file	raw/fp-ac2b4f47543b/GSE106218_family.soft.gz		!Sample_source_name_ch1 = MM34EM !Sample_organism_ch1 = Homo sapiens !Sample_taxid_ch1 = 9606 !Sample_characteristics_ch1 = patient id: MM34 !Sample_characteristics_ch1 = gender: female !Sample_characteristics_ch1 = death(alive=0; death=1): 1 !Sample_characteristics_ch1 = cell type: Multiple myeloma !Sample_characteristics_ch1 = prep-site: Ascites !Sample_characteristics_ch1 = facs sorting: CD138 negative	True
MM33	geo:GSE106218:MM33	donor_id	<map of column specimen>	file	raw/fp-ac2b4f47543b/GSE106218_family.soft.gz		!Sample_source_name_ch1 = MM34EM !Sample_organism_ch1 = Homo sapiens !Sample_taxid_ch1 = 9606 !Sample_characteristics_ch1 = patient id: MM34 !Sample_characteristics_ch1 = gender: female !Sample_characteristics_ch1 = death(alive=0; death=1): 1 !Sample_characteristics_ch1 = cell type: Multiple myeloma !Sample_characteristics_ch1 = prep-site: Ascites !Sample_characteristics_ch1 = facs sorting: CD138 negative	True
MM34	geo:GSE106218:MM34	donor_id	<map of column specimen>	file	raw/fp-ac2b4f47543b/GSE106218_family.soft.gz		!Sample_source_name_ch1 = MM34EM !Sample_organism_ch1 = Homo sapiens !Sample_taxid_ch1 = 9606 !Sample_characteristics_ch1 = patient id: MM34 !Sample_characteristics_ch1 = gender: female !Sample_characteristics_ch1 = death(alive=0; death=1): 1 !Sample_characteristics_ch1 = cell type: Multiple myeloma !Sample_characteristics_ch1 = prep-site: Ascites !Sample_characteristics_ch1 = facs sorting: CD138 negative	True
MM34EM	geo:GSE106218:MM34EM	donor_id	<map of column specimen>	file	raw/fp-ac2b4f47543b/GSE106218_family.soft.gz		!Sample_source_name_ch1 = MM34EM !Sample_organism_ch1 = Homo sapiens !Sample_taxid_ch1 = 9606 !Sample_characteristics_ch1 = patient id: MM34 !Sample_characteristics_ch1 = gender: female !Sample_characteristics_ch1 = death(alive=0; death=1): 1 !Sample_characteristics_ch1 = cell type: Multiple myeloma !Sample_characteristics_ch1 = prep-site: Ascites !Sample_characteristics_ch1 = facs sorting: CD138 negative	True
MM36EM	geo:GSE106218:MM36EM	donor_id	<map of column specimen>	file	raw/fp-ac2b4f47543b/GSE106218_family.soft.gz		!Sample_source_name_ch1 = MM34EM !Sample_organism_ch1 = Homo sapiens !Sample_taxid_ch1 = 9606 !Sample_characteristics_ch1 = patient id: MM34 !Sample_characteristics_ch1 = gender: female !Sample_characteristics_ch1 = death(alive=0; death=1): 1 !Sample_characteristics_ch1 = cell type: Multiple myeloma !Sample_characteristics_ch1 = prep-site: Ascites !Sample_characteristics_ch1 = facs sorting: CD138 negative	True
MM38	geo:GSE106218:MM38	donor_id	<map of column specimen>	file	raw/fp-ac2b4f47543b/GSE106218_family.soft.gz		!Sample_source_name_ch1 = MM34EM !Sample_organism_ch1 = Homo sapiens !Sample_taxid_ch1 = 9606 !Sample_characteristics_ch1 = patient id: MM34 !Sample_characteristics_ch1 = gender: female !Sample_characteristics_ch1 = death(alive=0; death=1): 1 !Sample_characteristics_ch1 = cell type: Multiple myeloma !Sample_characteristics_ch1 = prep-site: Ascites !Sample_characteristics_ch1 = facs sorting: CD138 negative	True
MM02	geo:GSE106218:MM02	donor_id	<map of column specimen>	file	raw/fp-ac2b4f47543b/GSE106218_family.soft.gz		!Sample_source_name_ch1 = MM36EM !Sample_organism_ch1 = Homo sapiens !Sample_taxid_ch1 = 9606 !Sample_characteristics_ch1 = patient id: MM36 !Sample_characteristics_ch1 = gender: male !Sample_characteristics_ch1 = death(alive=0; death=1): 1 !Sample_characteristics_ch1 = cell type: Multiple myeloma !Sample_characteristics_ch1 = prep-site: Ascites !Sample_characteristics_ch1 = facs sorting: CD138 positive	True
MM02EM	geo:GSE106218:MM02EM	donor_id	<map of column specimen>	file	raw/fp-ac2b4f47543b/GSE106218_family.soft.gz		!Sample_source_name_ch1 = MM36EM !Sample_organism_ch1 = Homo sapiens !Sample_taxid_ch1 = 9606 !Sample_characteristics_ch1 = patient id: MM36 !Sample_characteristics_ch1 = gender: male !Sample_characteristics_ch1 = death(alive=0; death=1): 1 !Sample_characteristics_ch1 = cell type: Multiple myeloma !Sample_characteristics_ch1 = prep-site: Ascites !Sample_characteristics_ch1 = facs sorting: CD138 positive	True
MM16	geo:GSE106218:MM16	donor_id	<map of column specimen>	file	raw/fp-ac2b4f47543b/GSE106218_family.soft.gz		!Sample_source_name_ch1 = MM36EM !Sample_organism_ch1 = Homo sapiens !Sample_taxid_ch1 = 9606 !Sample_characteristics_ch1 = patient id: MM36 !Sample_characteristics_ch1 = gender: male !Sample_characteristics_ch1 = death(alive=0; death=1): 1 !Sample_characteristics_ch1 = cell type: Multiple myeloma !Sample_characteristics_ch1 = prep-site: Ascites !Sample_characteristics_ch1 = facs sorting: CD138 positive	True
MM17	geo:GSE106218:MM17	donor_id	<map of column specimen>	file	raw/fp-ac2b4f47543b/GSE106218_family.soft.gz		!Sample_source_name_ch1 = MM36EM !Sample_organism_ch1 = Homo sapiens !Sample_taxid_ch1 = 9606 !Sample_characteristics_ch1 = patient id: MM36 !Sample_characteristics_ch1 = gender: male !Sample_characteristics_ch1 = death(alive=0; death=1): 1 !Sample_characteristics_ch1 = cell type: Multiple myeloma !Sample_characteristics_ch1 = prep-site: Ascites !Sample_characteristics_ch1 = facs sorting: CD138 positive	True
MM25	geo:GSE106218:MM25	donor_id	<map of column specimen>	file	raw/fp-ac2b4f47543b/GSE106218_family.soft.gz		!Sample_source_name_ch1 = MM36EM !Sample_organism_ch1 = Homo sapiens !Sample_taxid_ch1 = 9606 !Sample_characteristics_ch1 = patient id: MM36 !Sample_characteristics_ch1 = gender: male !Sample_characteristics_ch1 = death(alive=0; death=1): 1 !Sample_characteristics_ch1 = cell type: Multiple myeloma !Sample_characteristics_ch1 = prep-site: Ascites !Sample_characteristics_ch1 = facs sorting: CD138 positive	True
MM28	geo:GSE106218:MM28	donor_id	<map of column specimen>	file	raw/fp-ac2b4f47543b/GSE106218_family.soft.gz		!Sample_source_name_ch1 = MM36EM !Sample_organism_ch1 = Homo sapiens !Sample_taxid_ch1 = 9606 !Sample_characteristics_ch1 = patient id: MM36 !Sample_characteristics_ch1 = gender: male !Sample_characteristics_ch1 = death(alive=0; death=1): 1 !Sample_characteristics_ch1 = cell type: Multiple myeloma !Sample_characteristics_ch1 = prep-site: Ascites !Sample_characteristics_ch1 = facs sorting: CD138 positive	True
MM30	geo:GSE106218:MM30	donor_id	<map of column specimen>	file	raw/fp-ac2b4f47543b/GSE106218_family.soft.gz		!Sample_source_name_ch1 = MM36EM !Sample_organism_ch1 = Homo sapiens !Sample_taxid_ch1 = 9606 !Sample_characteristics_ch1 = patient id: MM36 !Sample_characteristics_ch1 = gender: male !Sample_characteristics_ch1 = death(alive=0; death=1): 1 !Sample_characteristics_ch1 = cell type: Multiple myeloma !Sample_characteristics_ch1 = prep-site: Ascites !Sample_characteristics_ch1 = facs sorting: CD138 positive	True
MM33	geo:GSE106218:MM33	donor_id	<map of column specimen>	file	raw/fp-ac2b4f47543b/GSE106218_family.soft.gz		!Sample_source_name_ch1 = MM36EM !Sample_organism_ch1 = Homo sapiens !Sample_taxid_ch1 = 9606 !Sample_characteristics_ch1 = patient id: MM36 !Sample_characteristics_ch1 = gender: male !Sample_characteristics_ch1 = death(alive=0; death=1): 1 !Sample_characteristics_ch1 = cell type: Multiple myeloma !Sample_characteristics_ch1 = prep-site: Ascites !Sample_characteristics_ch1 = facs sorting: CD138 positive	True
MM34	geo:GSE106218:MM34	donor_id	<map of column specimen>	file	raw/fp-ac2b4f47543b/GSE106218_family.soft.gz		!Sample_source_name_ch1 = MM36EM !Sample_organism_ch1 = Homo sapiens !Sample_taxid_ch1 = 9606 !Sample_characteristics_ch1 = patient id: MM36 !Sample_characteristics_ch1 = gender: male !Sample_characteristics_ch1 = death(alive=0; death=1): 1 !Sample_characteristics_ch1 = cell type: Multiple myeloma !Sample_characteristics_ch1 = prep-site: Ascites !Sample_characteristics_ch1 = facs sorting: CD138 positive	True
MM34EM	geo:GSE106218:MM34EM	donor_id	<map of column specimen>	file	raw/fp-ac2b4f47543b/GSE106218_family.soft.gz		!Sample_source_name_ch1 = MM36EM !Sample_organism_ch1 = Homo sapiens !Sample_taxid_ch1 = 9606 !Sample_characteristics_ch1 = patient id: MM36 !Sample_characteristics_ch1 = gender: male !Sample_characteristics_ch1 = death(alive=0; death=1): 1 !Sample_characteristics_ch1 = cell type: Multiple myeloma !Sample_characteristics_ch1 = prep-site: Ascites !Sample_characteristics_ch1 = facs sorting: CD138 positive	True
MM36EM	geo:GSE106218:MM36EM	donor_id	<map of column specimen>	file	raw/fp-ac2b4f47543b/GSE106218_family.soft.gz		!Sample_source_name_ch1 = MM36EM !Sample_organism_ch1 = Homo sapiens !Sample_taxid_ch1 = 9606 !Sample_characteristics_ch1 = patient id: MM36 !Sample_characteristics_ch1 = gender: male !Sample_characteristics_ch1 = death(alive=0; death=1): 1 !Sample_characteristics_ch1 = cell type: Multiple myeloma !Sample_characteristics_ch1 = prep-site: Ascites !Sample_characteristics_ch1 = facs sorting: CD138 positive	True
MM38	geo:GSE106218:MM38	donor_id	<map of column specimen>	file	raw/fp-ac2b4f47543b/GSE106218_family.soft.gz		!Sample_source_name_ch1 = MM36EM !Sample_organism_ch1 = Homo sapiens !Sample_taxid_ch1 = 9606 !Sample_characteristics_ch1 = patient id: MM36 !Sample_characteristics_ch1 = gender: male !Sample_characteristics_ch1 = death(alive=0; death=1): 1 !Sample_characteristics_ch1 = cell type: Multiple myeloma !Sample_characteristics_ch1 = prep-site: Ascites !Sample_characteristics_ch1 = facs sorting: CD138 positive	True
MM02	geo:GSE106218:MM02	donor_id	<map of column specimen>	file	raw/fp-ac2b4f47543b/GSE106218_family.soft.gz		!Sample_source_name_ch1 = MM38 !Sample_organism_ch1 = Homo sapiens !Sample_taxid_ch1 = 9606 !Sample_characteristics_ch1 = patient id: MM38 !Sample_characteristics_ch1 = gender: female !Sample_characteristics_ch1 = death(alive=0; death=1): 0 !Sample_characteristics_ch1 = cell type: Multiple myeloma !Sample_characteristics_ch1 = prep-site: Bone marrow !Sample_characteristics_ch1 = facs sorting: CD138 positive	True
MM02EM	geo:GSE106218:MM02EM	donor_id	<map of column specimen>	file	raw/fp-ac2b4f47543b/GSE106218_family.soft.gz		!Sample_source_name_ch1 = MM38 !Sample_organism_ch1 = Homo sapiens !Sample_taxid_ch1 = 9606 !Sample_characteristics_ch1 = patient id: MM38 !Sample_characteristics_ch1 = gender: female !Sample_characteristics_ch1 = death(alive=0; death=1): 0 !Sample_characteristics_ch1 = cell type: Multiple myeloma !Sample_characteristics_ch1 = prep-site: Bone marrow !Sample_characteristics_ch1 = facs sorting: CD138 positive	True
MM16	geo:GSE106218:MM16	donor_id	<map of column specimen>	file	raw/fp-ac2b4f47543b/GSE106218_family.soft.gz		!Sample_source_name_ch1 = MM38 !Sample_organism_ch1 = Homo sapiens !Sample_taxid_ch1 = 9606 !Sample_characteristics_ch1 = patient id: MM38 !Sample_characteristics_ch1 = gender: female !Sample_characteristics_ch1 = death(alive=0; death=1): 0 !Sample_characteristics_ch1 = cell type: Multiple myeloma !Sample_characteristics_ch1 = prep-site: Bone marrow !Sample_characteristics_ch1 = facs sorting: CD138 positive	True
MM17	geo:GSE106218:MM17	donor_id	<map of column specimen>	file	raw/fp-ac2b4f47543b/GSE106218_family.soft.gz		!Sample_source_name_ch1 = MM38 !Sample_organism_ch1 = Homo sapiens !Sample_taxid_ch1 = 9606 !Sample_characteristics_ch1 = patient id: MM38 !Sample_characteristics_ch1 = gender: female !Sample_characteristics_ch1 = death(alive=0; death=1): 0 !Sample_characteristics_ch1 = cell type: Multiple myeloma !Sample_characteristics_ch1 = prep-site: Bone marrow !Sample_characteristics_ch1 = facs sorting: CD138 positive	True
MM25	geo:GSE106218:MM25	donor_id	<map of column specimen>	file	raw/fp-ac2b4f47543b/GSE106218_family.soft.gz		!Sample_source_name_ch1 = MM38 !Sample_organism_ch1 = Homo sapiens !Sample_taxid_ch1 = 9606 !Sample_characteristics_ch1 = patient id: MM38 !Sample_characteristics_ch1 = gender: female !Sample_characteristics_ch1 = death(alive=0; death=1): 0 !Sample_characteristics_ch1 = cell type: Multiple myeloma !Sample_characteristics_ch1 = prep-site: Bone marrow !Sample_characteristics_ch1 = facs sorting: CD138 positive	True
MM28	geo:GSE106218:MM28	donor_id	<map of column specimen>	file	raw/fp-ac2b4f47543b/GSE106218_family.soft.gz		!Sample_source_name_ch1 = MM38 !Sample_organism_ch1 = Homo sapiens !Sample_taxid_ch1 = 9606 !Sample_characteristics_ch1 = patient id: MM38 !Sample_characteristics_ch1 = gender: female !Sample_characteristics_ch1 = death(alive=0; death=1): 0 !Sample_characteristics_ch1 = cell type: Multiple myeloma !Sample_characteristics_ch1 = prep-site: Bone marrow !Sample_characteristics_ch1 = facs sorting: CD138 positive	True
MM30	geo:GSE106218:MM30	donor_id	<map of column specimen>	file	raw/fp-ac2b4f47543b/GSE106218_family.soft.gz		!Sample_source_name_ch1 = MM38 !Sample_organism_ch1 = Homo sapiens !Sample_taxid_ch1 = 9606 !Sample_characteristics_ch1 = patient id: MM38 !Sample_characteristics_ch1 = gender: female !Sample_characteristics_ch1 = death(alive=0; death=1): 0 !Sample_characteristics_ch1 = cell type: Multiple myeloma !Sample_characteristics_ch1 = prep-site: Bone marrow !Sample_characteristics_ch1 = facs sorting: CD138 positive	True
MM33	geo:GSE106218:MM33	donor_id	<map of column specimen>	file	raw/fp-ac2b4f47543b/GSE106218_family.soft.gz		!Sample_source_name_ch1 = MM38 !Sample_organism_ch1 = Homo sapiens !Sample_taxid_ch1 = 9606 !Sample_characteristics_ch1 = patient id: MM38 !Sample_characteristics_ch1 = gender: female !Sample_characteristics_ch1 = death(alive=0; death=1): 0 !Sample_characteristics_ch1 = cell type: Multiple myeloma !Sample_characteristics_ch1 = prep-site: Bone marrow !Sample_characteristics_ch1 = facs sorting: CD138 positive	True
MM34	geo:GSE106218:MM34	donor_id	<map of column specimen>	file	raw/fp-ac2b4f47543b/GSE106218_family.soft.gz		!Sample_source_name_ch1 = MM38 !Sample_organism_ch1 = Homo sapiens !Sample_taxid_ch1 = 9606 !Sample_characteristics_ch1 = patient id: MM38 !Sample_characteristics_ch1 = gender: female !Sample_characteristics_ch1 = death(alive=0; death=1): 0 !Sample_characteristics_ch1 = cell type: Multiple myeloma !Sample_characteristics_ch1 = prep-site: Bone marrow !Sample_characteristics_ch1 = facs sorting: CD138 positive	True
MM34EM	geo:GSE106218:MM34EM	donor_id	<map of column specimen>	file	raw/fp-ac2b4f47543b/GSE106218_family.soft.gz		!Sample_source_name_ch1 = MM38 !Sample_organism_ch1 = Homo sapiens !Sample_taxid_ch1 = 9606 !Sample_characteristics_ch1 = patient id: MM38 !Sample_characteristics_ch1 = gender: female !Sample_characteristics_ch1 = death(alive=0; death=1): 0 !Sample_characteristics_ch1 = cell type: Multiple myeloma !Sample_characteristics_ch1 = prep-site: Bone marrow !Sample_characteristics_ch1 = facs sorting: CD138 positive	True
MM36EM	geo:GSE106218:MM36EM	donor_id	<map of column specimen>	file	raw/fp-ac2b4f47543b/GSE106218_family.soft.gz		!Sample_source_name_ch1 = MM38 !Sample_organism_ch1 = Homo sapiens !Sample_taxid_ch1 = 9606 !Sample_characteristics_ch1 = patient id: MM38 !Sample_characteristics_ch1 = gender: female !Sample_characteristics_ch1 = death(alive=0; death=1): 0 !Sample_characteristics_ch1 = cell type: Multiple myeloma !Sample_characteristics_ch1 = prep-site: Bone marrow !Sample_characteristics_ch1 = facs sorting: CD138 positive	True
MM38	geo:GSE106218:MM38	donor_id	<map of column specimen>	file	raw/fp-ac2b4f47543b/GSE106218_family.soft.gz		!Sample_source_name_ch1 = MM38 !Sample_organism_ch1 = Homo sapiens !Sample_taxid_ch1 = 9606 !Sample_characteristics_ch1 = patient id: MM38 !Sample_characteristics_ch1 = gender: female !Sample_characteristics_ch1 = death(alive=0; death=1): 0 !Sample_characteristics_ch1 = cell type: Multiple myeloma !Sample_characteristics_ch1 = prep-site: Bone marrow !Sample_characteristics_ch1 = facs sorting: CD138 positive	True
MM02	geo:GSE106218:MM02	donor_id	<map of column specimen>	file	raw/fp-ac2b4f47543b/GSE106218_GEO_clinical_information_MM.txt.gz		MM02 MM16 MM17 MM25 MM28 MM30 MM33 MM34 MM36 MM38 Sex M F F M M F F F M F	True
MM02EM	geo:GSE106218:MM02EM	donor_id	<map of column specimen>	file	raw/fp-ac2b4f47543b/GSE106218_GEO_clinical_information_MM.txt.gz		MM02 MM16 MM17 MM25 MM28 MM30 MM33 MM34 MM36 MM38 Sex M F F M M F F F M F	True
MM16	geo:GSE106218:MM16	donor_id	<map of column specimen>	file	raw/fp-ac2b4f47543b/GSE106218_GEO_clinical_information_MM.txt.gz		MM02 MM16 MM17 MM25 MM28 MM30 MM33 MM34 MM36 MM38 Sex M F F M M F F F M F	True
MM17	geo:GSE106218:MM17	donor_id	<map of column specimen>	file	raw/fp-ac2b4f47543b/GSE106218_GEO_clinical_information_MM.txt.gz		MM02 MM16 MM17 MM25 MM28 MM30 MM33 MM34 MM36 MM38 Sex M F F M M F F F M F	True
MM25	geo:GSE106218:MM25	donor_id	<map of column specimen>	file	raw/fp-ac2b4f47543b/GSE106218_GEO_clinical_information_MM.txt.gz		MM02 MM16 MM17 MM25 MM28 MM30 MM33 MM34 MM36 MM38 Sex M F F M M F F F M F	True
MM28	geo:GSE106218:MM28	donor_id	<map of column specimen>	file	raw/fp-ac2b4f47543b/GSE106218_GEO_clinical_information_MM.txt.gz		MM02 MM16 MM17 MM25 MM28 MM30 MM33 MM34 MM36 MM38 Sex M F F M M F F F M F	True
MM30	geo:GSE106218:MM30	donor_id	<map of column specimen>	file	raw/fp-ac2b4f47543b/GSE106218_GEO_clinical_information_MM.txt.gz		MM02 MM16 MM17 MM25 MM28 MM30 MM33 MM34 MM36 MM38 Sex M F F M M F F F M F	True
MM33	geo:GSE106218:MM33	donor_id	<map of column specimen>	file	raw/fp-ac2b4f47543b/GSE106218_GEO_clinical_information_MM.txt.gz		MM02 MM16 MM17 MM25 MM28 MM30 MM33 MM34 MM36 MM38 Sex M F F M M F F F M F	True
MM34	geo:GSE106218:MM34	donor_id	<map of column specimen>	file	raw/fp-ac2b4f47543b/GSE106218_GEO_clinical_information_MM.txt.gz		MM02 MM16 MM17 MM25 MM28 MM30 MM33 MM34 MM36 MM38 Sex M F F M M F F F M F	True
MM34EM	geo:GSE106218:MM34EM	donor_id	<map of column specimen>	file	raw/fp-ac2b4f47543b/GSE106218_GEO_clinical_information_MM.txt.gz		MM02 MM16 MM17 MM25 MM28 MM30 MM33 MM34 MM36 MM38 Sex M F F M M F F F M F	True
MM36EM	geo:GSE106218:MM36EM	donor_id	<map of column specimen>	file	raw/fp-ac2b4f47543b/GSE106218_GEO_clinical_information_MM.txt.gz		MM02 MM16 MM17 MM25 MM28 MM30 MM33 MM34 MM36 MM38 Sex M F F M M F F F M F	True
MM38	geo:GSE106218:MM38	donor_id	<map of column specimen>	file	raw/fp-ac2b4f47543b/GSE106218_GEO_clinical_information_MM.txt.gz		MM02 MM16 MM17 MM25 MM28 MM30 MM33 MM34 MM36 MM38 Sex M F F M M F F F M F	True
MM02	geo:GSE106218:MM02	sex	<map of column specimen>	file	raw/fp-ac2b4f47543b/GSE106218_family.soft.gz		!Sample_source_name_ch1 = MM02 !Sample_organism_ch1 = Homo sapiens !Sample_taxid_ch1 = 9606 !Sample_characteristics_ch1 = patient id: MM02 !Sample_characteristics_ch1 = gender: male !Sample_characteristics_ch1 = death(alive=0; death=1): 1 !Sample_characteristics_ch1 = cell type: Multiple myeloma !Sample_characteristics_ch1 = prep-site: Bone marrow !Sample_characteristics_ch1 = facs sorting: CD138 positive	True
MM02EM	geo:GSE106218:MM02EM	sex	<map of column specimen>	file	raw/fp-ac2b4f47543b/GSE106218_family.soft.gz		!Sample_source_name_ch1 = MM02 !Sample_organism_ch1 = Homo sapiens !Sample_taxid_ch1 = 9606 !Sample_characteristics_ch1 = patient id: MM02 !Sample_characteristics_ch1 = gender: male !Sample_characteristics_ch1 = death(alive=0; death=1): 1 !Sample_characteristics_ch1 = cell type: Multiple myeloma !Sample_characteristics_ch1 = prep-site: Bone marrow !Sample_characteristics_ch1 = facs sorting: CD138 positive	True
MM16	geo:GSE106218:MM16	sex	<map of column specimen>	file	raw/fp-ac2b4f47543b/GSE106218_family.soft.gz		!Sample_source_name_ch1 = MM02 !Sample_organism_ch1 = Homo sapiens !Sample_taxid_ch1 = 9606 !Sample_characteristics_ch1 = patient id: MM02 !Sample_characteristics_ch1 = gender: male !Sample_characteristics_ch1 = death(alive=0; death=1): 1 !Sample_characteristics_ch1 = cell type: Multiple myeloma !Sample_characteristics_ch1 = prep-site: Bone marrow !Sample_characteristics_ch1 = facs sorting: CD138 positive	True
MM17	geo:GSE106218:MM17	sex	<map of column specimen>	file	raw/fp-ac2b4f47543b/GSE106218_family.soft.gz		!Sample_source_name_ch1 = MM02 !Sample_organism_ch1 = Homo sapiens !Sample_taxid_ch1 = 9606 !Sample_characteristics_ch1 = patient id: MM02 !Sample_characteristics_ch1 = gender: male !Sample_characteristics_ch1 = death(alive=0; death=1): 1 !Sample_characteristics_ch1 = cell type: Multiple myeloma !Sample_characteristics_ch1 = prep-site: Bone marrow !Sample_characteristics_ch1 = facs sorting: CD138 positive	True
MM25	geo:GSE106218:MM25	sex	<map of column specimen>	file	raw/fp-ac2b4f47543b/GSE106218_family.soft.gz		!Sample_source_name_ch1 = MM02 !Sample_organism_ch1 = Homo sapiens !Sample_taxid_ch1 = 9606 !Sample_characteristics_ch1 = patient id: MM02 !Sample_characteristics_ch1 = gender: male !Sample_characteristics_ch1 = death(alive=0; death=1): 1 !Sample_characteristics_ch1 = cell type: Multiple myeloma !Sample_characteristics_ch1 = prep-site: Bone marrow !Sample_characteristics_ch1 = facs sorting: CD138 positive	True
MM28	geo:GSE106218:MM28	sex	<map of column specimen>	file	raw/fp-ac2b4f47543b/GSE106218_family.soft.gz		!Sample_source_name_ch1 = MM02 !Sample_organism_ch1 = Homo sapiens !Sample_taxid_ch1 = 9606 !Sample_characteristics_ch1 = patient id: MM02 !Sample_characteristics_ch1 = gender: male !Sample_characteristics_ch1 = death(alive=0; death=1): 1 !Sample_characteristics_ch1 = cell type: Multiple myeloma !Sample_characteristics_ch1 = prep-site: Bone marrow !Sample_characteristics_ch1 = facs sorting: CD138 positive	True
MM30	geo:GSE106218:MM30	sex	<map of column specimen>	file	raw/fp-ac2b4f47543b/GSE106218_family.soft.gz		!Sample_source_name_ch1 = MM02 !Sample_organism_ch1 = Homo sapiens !Sample_taxid_ch1 = 9606 !Sample_characteristics_ch1 = patient id: MM02 !Sample_characteristics_ch1 = gender: male !Sample_characteristics_ch1 = death(alive=0; death=1): 1 !Sample_characteristics_ch1 = cell type: Multiple myeloma !Sample_characteristics_ch1 = prep-site: Bone marrow !Sample_characteristics_ch1 = facs sorting: CD138 positive	True
MM33	geo:GSE106218:MM33	sex	<map of column specimen>	file	raw/fp-ac2b4f47543b/GSE106218_family.soft.gz		!Sample_source_name_ch1 = MM02 !Sample_organism_ch1 = Homo sapiens !Sample_taxid_ch1 = 9606 !Sample_characteristics_ch1 = patient id: MM02 !Sample_characteristics_ch1 = gender: male !Sample_characteristics_ch1 = death(alive=0; death=1): 1 !Sample_characteristics_ch1 = cell type: Multiple myeloma !Sample_characteristics_ch1 = prep-site: Bone marrow !Sample_characteristics_ch1 = facs sorting: CD138 positive	True
MM34	geo:GSE106218:MM34	sex	<map of column specimen>	file	raw/fp-ac2b4f47543b/GSE106218_family.soft.gz		!Sample_source_name_ch1 = MM02 !Sample_organism_ch1 = Homo sapiens !Sample_taxid_ch1 = 9606 !Sample_characteristics_ch1 = patient id: MM02 !Sample_characteristics_ch1 = gender: male !Sample_characteristics_ch1 = death(alive=0; death=1): 1 !Sample_characteristics_ch1 = cell type: Multiple myeloma !Sample_characteristics_ch1 = prep-site: Bone marrow !Sample_characteristics_ch1 = facs sorting: CD138 positive	True
MM34EM	geo:GSE106218:MM34EM	sex	<map of column specimen>	file	raw/fp-ac2b4f47543b/GSE106218_family.soft.gz		!Sample_source_name_ch1 = MM02 !Sample_organism_ch1 = Homo sapiens !Sample_taxid_ch1 = 9606 !Sample_characteristics_ch1 = patient id: MM02 !Sample_characteristics_ch1 = gender: male !Sample_characteristics_ch1 = death(alive=0; death=1): 1 !Sample_characteristics_ch1 = cell type: Multiple myeloma !Sample_characteristics_ch1 = prep-site: Bone marrow !Sample_characteristics_ch1 = facs sorting: CD138 positive	True
MM36EM	geo:GSE106218:MM36EM	sex	<map of column specimen>	file	raw/fp-ac2b4f47543b/GSE106218_family.soft.gz		!Sample_source_name_ch1 = MM02 !Sample_organism_ch1 = Homo sapiens !Sample_taxid_ch1 = 9606 !Sample_characteristics_ch1 = patient id: MM02 !Sample_characteristics_ch1 = gender: male !Sample_characteristics_ch1 = death(alive=0; death=1): 1 !Sample_characteristics_ch1 = cell type: Multiple myeloma !Sample_characteristics_ch1 = prep-site: Bone marrow !Sample_characteristics_ch1 = facs sorting: CD138 positive	True
MM38	geo:GSE106218:MM38	sex	<map of column specimen>	file	raw/fp-ac2b4f47543b/GSE106218_family.soft.gz		!Sample_source_name_ch1 = MM02 !Sample_organism_ch1 = Homo sapiens !Sample_taxid_ch1 = 9606 !Sample_characteristics_ch1 = patient id: MM02 !Sample_characteristics_ch1 = gender: male !Sample_characteristics_ch1 = death(alive=0; death=1): 1 !Sample_characteristics_ch1 = cell type: Multiple myeloma !Sample_characteristics_ch1 = prep-site: Bone marrow !Sample_characteristics_ch1 = facs sorting: CD138 positive	True
MM02	geo:GSE106218:MM02	sex	<map of column specimen>	file	raw/fp-ac2b4f47543b/GSE106218_family.soft.gz		!Sample_source_name_ch1 = MM02EM !Sample_organism_ch1 = Homo sapiens !Sample_taxid_ch1 = 9606 !Sample_characteristics_ch1 = patient id: MM02 !Sample_characteristics_ch1 = gender: male !Sample_characteristics_ch1 = death(alive=0; death=1): 1 !Sample_characteristics_ch1 = cell type: Multiple myeloma !Sample_characteristics_ch1 = prep-site: Pleural effusion !Sample_characteristics_ch1 = facs sorting: CD138 positive	True
MM02EM	geo:GSE106218:MM02EM	sex	<map of column specimen>	file	raw/fp-ac2b4f47543b/GSE106218_family.soft.gz		!Sample_source_name_ch1 = MM02EM !Sample_organism_ch1 = Homo sapiens !Sample_taxid_ch1 = 9606 !Sample_characteristics_ch1 = patient id: MM02 !Sample_characteristics_ch1 = gender: male !Sample_characteristics_ch1 = death(alive=0; death=1): 1 !Sample_characteristics_ch1 = cell type: Multiple myeloma !Sample_characteristics_ch1 = prep-site: Pleural effusion !Sample_characteristics_ch1 = facs sorting: CD138 positive	True
MM16	geo:GSE106218:MM16	sex	<map of column specimen>	file	raw/fp-ac2b4f47543b/GSE106218_family.soft.gz		!Sample_source_name_ch1 = MM02EM !Sample_organism_ch1 = Homo sapiens !Sample_taxid_ch1 = 9606 !Sample_characteristics_ch1 = patient id: MM02 !Sample_characteristics_ch1 = gender: male !Sample_characteristics_ch1 = death(alive=0; death=1): 1 !Sample_characteristics_ch1 = cell type: Multiple myeloma !Sample_characteristics_ch1 = prep-site: Pleural effusion !Sample_characteristics_ch1 = facs sorting: CD138 positive	True
MM17	geo:GSE106218:MM17	sex	<map of column specimen>	file	raw/fp-ac2b4f47543b/GSE106218_family.soft.gz		!Sample_source_name_ch1 = MM02EM !Sample_organism_ch1 = Homo sapiens !Sample_taxid_ch1 = 9606 !Sample_characteristics_ch1 = patient id: MM02 !Sample_characteristics_ch1 = gender: male !Sample_characteristics_ch1 = death(alive=0; death=1): 1 !Sample_characteristics_ch1 = cell type: Multiple myeloma !Sample_characteristics_ch1 = prep-site: Pleural effusion !Sample_characteristics_ch1 = facs sorting: CD138 positive	True
MM25	geo:GSE106218:MM25	sex	<map of column specimen>	file	raw/fp-ac2b4f47543b/GSE106218_family.soft.gz		!Sample_source_name_ch1 = MM02EM !Sample_organism_ch1 = Homo sapiens !Sample_taxid_ch1 = 9606 !Sample_characteristics_ch1 = patient id: MM02 !Sample_characteristics_ch1 = gender: male !Sample_characteristics_ch1 = death(alive=0; death=1): 1 !Sample_characteristics_ch1 = cell type: Multiple myeloma !Sample_characteristics_ch1 = prep-site: Pleural effusion !Sample_characteristics_ch1 = facs sorting: CD138 positive	True
MM28	geo:GSE106218:MM28	sex	<map of column specimen>	file	raw/fp-ac2b4f47543b/GSE106218_family.soft.gz		!Sample_source_name_ch1 = MM02EM !Sample_organism_ch1 = Homo sapiens !Sample_taxid_ch1 = 9606 !Sample_characteristics_ch1 = patient id: MM02 !Sample_characteristics_ch1 = gender: male !Sample_characteristics_ch1 = death(alive=0; death=1): 1 !Sample_characteristics_ch1 = cell type: Multiple myeloma !Sample_characteristics_ch1 = prep-site: Pleural effusion !Sample_characteristics_ch1 = facs sorting: CD138 positive	True
MM30	geo:GSE106218:MM30	sex	<map of column specimen>	file	raw/fp-ac2b4f47543b/GSE106218_family.soft.gz		!Sample_source_name_ch1 = MM02EM !Sample_organism_ch1 = Homo sapiens !Sample_taxid_ch1 = 9606 !Sample_characteristics_ch1 = patient id: MM02 !Sample_characteristics_ch1 = gender: male !Sample_characteristics_ch1 = death(alive=0; death=1): 1 !Sample_characteristics_ch1 = cell type: Multiple myeloma !Sample_characteristics_ch1 = prep-site: Pleural effusion !Sample_characteristics_ch1 = facs sorting: CD138 positive	True
MM33	geo:GSE106218:MM33	sex	<map of column specimen>	file	raw/fp-ac2b4f47543b/GSE106218_family.soft.gz		!Sample_source_name_ch1 = MM02EM !Sample_organism_ch1 = Homo sapiens !Sample_taxid_ch1 = 9606 !Sample_characteristics_ch1 = patient id: MM02 !Sample_characteristics_ch1 = gender: male !Sample_characteristics_ch1 = death(alive=0; death=1): 1 !Sample_characteristics_ch1 = cell type: Multiple myeloma !Sample_characteristics_ch1 = prep-site: Pleural effusion !Sample_characteristics_ch1 = facs sorting: CD138 positive	True
MM34	geo:GSE106218:MM34	sex	<map of column specimen>	file	raw/fp-ac2b4f47543b/GSE106218_family.soft.gz		!Sample_source_name_ch1 = MM02EM !Sample_organism_ch1 = Homo sapiens !Sample_taxid_ch1 = 9606 !Sample_characteristics_ch1 = patient id: MM02 !Sample_characteristics_ch1 = gender: male !Sample_characteristics_ch1 = death(alive=0; death=1): 1 !Sample_characteristics_ch1 = cell type: Multiple myeloma !Sample_characteristics_ch1 = prep-site: Pleural effusion !Sample_characteristics_ch1 = facs sorting: CD138 positive	True
MM34EM	geo:GSE106218:MM34EM	sex	<map of column specimen>	file	raw/fp-ac2b4f47543b/GSE106218_family.soft.gz		!Sample_source_name_ch1 = MM02EM !Sample_organism_ch1 = Homo sapiens !Sample_taxid_ch1 = 9606 !Sample_characteristics_ch1 = patient id: MM02 !Sample_characteristics_ch1 = gender: male !Sample_characteristics_ch1 = death(alive=0; death=1): 1 !Sample_characteristics_ch1 = cell type: Multiple myeloma !Sample_characteristics_ch1 = prep-site: Pleural effusion !Sample_characteristics_ch1 = facs sorting: CD138 positive	True
MM36EM	geo:GSE106218:MM36EM	sex	<map of column specimen>	file	raw/fp-ac2b4f47543b/GSE106218_family.soft.gz		!Sample_source_name_ch1 = MM02EM !Sample_organism_ch1 = Homo sapiens !Sample_taxid_ch1 = 9606 !Sample_characteristics_ch1 = patient id: MM02 !Sample_characteristics_ch1 = gender: male !Sample_characteristics_ch1 = death(alive=0; death=1): 1 !Sample_characteristics_ch1 = cell type: Multiple myeloma !Sample_characteristics_ch1 = prep-site: Pleural effusion !Sample_characteristics_ch1 = facs sorting: CD138 positive	True
MM38	geo:GSE106218:MM38	sex	<map of column specimen>	file	raw/fp-ac2b4f47543b/GSE106218_family.soft.gz		!Sample_source_name_ch1 = MM02EM !Sample_organism_ch1 = Homo sapiens !Sample_taxid_ch1 = 9606 !Sample_characteristics_ch1 = patient id: MM02 !Sample_characteristics_ch1 = gender: male !Sample_characteristics_ch1 = death(alive=0; death=1): 1 !Sample_characteristics_ch1 = cell type: Multiple myeloma !Sample_characteristics_ch1 = prep-site: Pleural effusion !Sample_characteristics_ch1 = facs sorting: CD138 positive	True
MM02	geo:GSE106218:MM02	sex	<map of column specimen>	file	raw/fp-ac2b4f47543b/GSE106218_family.soft.gz		!Sample_source_name_ch1 = MM16 !Sample_organism_ch1 = Homo sapiens !Sample_taxid_ch1 = 9606 !Sample_characteristics_ch1 = patient id: MM16 !Sample_characteristics_ch1 = gender: female !Sample_characteristics_ch1 = death(alive=0; death=1): 1 !Sample_characteristics_ch1 = cell type: Multiple myeloma !Sample_characteristics_ch1 = prep-site: Bone marrow !Sample_characteristics_ch1 = facs sorting: CD138 negative	True
MM02EM	geo:GSE106218:MM02EM	sex	<map of column specimen>	file	raw/fp-ac2b4f47543b/GSE106218_family.soft.gz		!Sample_source_name_ch1 = MM16 !Sample_organism_ch1 = Homo sapiens !Sample_taxid_ch1 = 9606 !Sample_characteristics_ch1 = patient id: MM16 !Sample_characteristics_ch1 = gender: female !Sample_characteristics_ch1 = death(alive=0; death=1): 1 !Sample_characteristics_ch1 = cell type: Multiple myeloma !Sample_characteristics_ch1 = prep-site: Bone marrow !Sample_characteristics_ch1 = facs sorting: CD138 negative	True
MM16	geo:GSE106218:MM16	sex	<map of column specimen>	file	raw/fp-ac2b4f47543b/GSE106218_family.soft.gz		!Sample_source_name_ch1 = MM16 !Sample_organism_ch1 = Homo sapiens !Sample_taxid_ch1 = 9606 !Sample_characteristics_ch1 = patient id: MM16 !Sample_characteristics_ch1 = gender: female !Sample_characteristics_ch1 = death(alive=0; death=1): 1 !Sample_characteristics_ch1 = cell type: Multiple myeloma !Sample_characteristics_ch1 = prep-site: Bone marrow !Sample_characteristics_ch1 = facs sorting: CD138 negative	True
MM17	geo:GSE106218:MM17	sex	<map of column specimen>	file	raw/fp-ac2b4f47543b/GSE106218_family.soft.gz		!Sample_source_name_ch1 = MM16 !Sample_organism_ch1 = Homo sapiens !Sample_taxid_ch1 = 9606 !Sample_characteristics_ch1 = patient id: MM16 !Sample_characteristics_ch1 = gender: female !Sample_characteristics_ch1 = death(alive=0; death=1): 1 !Sample_characteristics_ch1 = cell type: Multiple myeloma !Sample_characteristics_ch1 = prep-site: Bone marrow !Sample_characteristics_ch1 = facs sorting: CD138 negative	True
MM25	geo:GSE106218:MM25	sex	<map of column specimen>	file	raw/fp-ac2b4f47543b/GSE106218_family.soft.gz		!Sample_source_name_ch1 = MM16 !Sample_organism_ch1 = Homo sapiens !Sample_taxid_ch1 = 9606 !Sample_characteristics_ch1 = patient id: MM16 !Sample_characteristics_ch1 = gender: female !Sample_characteristics_ch1 = death(alive=0; death=1): 1 !Sample_characteristics_ch1 = cell type: Multiple myeloma !Sample_characteristics_ch1 = prep-site: Bone marrow !Sample_characteristics_ch1 = facs sorting: CD138 negative	True
MM28	geo:GSE106218:MM28	sex	<map of column specimen>	file	raw/fp-ac2b4f47543b/GSE106218_family.soft.gz		!Sample_source_name_ch1 = MM16 !Sample_organism_ch1 = Homo sapiens !Sample_taxid_ch1 = 9606 !Sample_characteristics_ch1 = patient id: MM16 !Sample_characteristics_ch1 = gender: female !Sample_characteristics_ch1 = death(alive=0; death=1): 1 !Sample_characteristics_ch1 = cell type: Multiple myeloma !Sample_characteristics_ch1 = prep-site: Bone marrow !Sample_characteristics_ch1 = facs sorting: CD138 negative	True
MM30	geo:GSE106218:MM30	sex	<map of column specimen>	file	raw/fp-ac2b4f47543b/GSE106218_family.soft.gz		!Sample_source_name_ch1 = MM16 !Sample_organism_ch1 = Homo sapiens !Sample_taxid_ch1 = 9606 !Sample_characteristics_ch1 = patient id: MM16 !Sample_characteristics_ch1 = gender: female !Sample_characteristics_ch1 = death(alive=0; death=1): 1 !Sample_characteristics_ch1 = cell type: Multiple myeloma !Sample_characteristics_ch1 = prep-site: Bone marrow !Sample_characteristics_ch1 = facs sorting: CD138 negative	True
MM33	geo:GSE106218:MM33	sex	<map of column specimen>	file	raw/fp-ac2b4f47543b/GSE106218_family.soft.gz		!Sample_source_name_ch1 = MM16 !Sample_organism_ch1 = Homo sapiens !Sample_taxid_ch1 = 9606 !Sample_characteristics_ch1 = patient id: MM16 !Sample_characteristics_ch1 = gender: female !Sample_characteristics_ch1 = death(alive=0; death=1): 1 !Sample_characteristics_ch1 = cell type: Multiple myeloma !Sample_characteristics_ch1 = prep-site: Bone marrow !Sample_characteristics_ch1 = facs sorting: CD138 negative	True
MM34	geo:GSE106218:MM34	sex	<map of column specimen>	file	raw/fp-ac2b4f47543b/GSE106218_family.soft.gz		!Sample_source_name_ch1 = MM16 !Sample_organism_ch1 = Homo sapiens !Sample_taxid_ch1 = 9606 !Sample_characteristics_ch1 = patient id: MM16 !Sample_characteristics_ch1 = gender: female !Sample_characteristics_ch1 = death(alive=0; death=1): 1 !Sample_characteristics_ch1 = cell type: Multiple myeloma !Sample_characteristics_ch1 = prep-site: Bone marrow !Sample_characteristics_ch1 = facs sorting: CD138 negative	True
MM34EM	geo:GSE106218:MM34EM	sex	<map of column specimen>	file	raw/fp-ac2b4f47543b/GSE106218_family.soft.gz		!Sample_source_name_ch1 = MM16 !Sample_organism_ch1 = Homo sapiens !Sample_taxid_ch1 = 9606 !Sample_characteristics_ch1 = patient id: MM16 !Sample_characteristics_ch1 = gender: female !Sample_characteristics_ch1 = death(alive=0; death=1): 1 !Sample_characteristics_ch1 = cell type: Multiple myeloma !Sample_characteristics_ch1 = prep-site: Bone marrow !Sample_characteristics_ch1 = facs sorting: CD138 negative	True
MM36EM	geo:GSE106218:MM36EM	sex	<map of column specimen>	file	raw/fp-ac2b4f47543b/GSE106218_family.soft.gz		!Sample_source_name_ch1 = MM16 !Sample_organism_ch1 = Homo sapiens !Sample_taxid_ch1 = 9606 !Sample_characteristics_ch1 = patient id: MM16 !Sample_characteristics_ch1 = gender: female !Sample_characteristics_ch1 = death(alive=0; death=1): 1 !Sample_characteristics_ch1 = cell type: Multiple myeloma !Sample_characteristics_ch1 = prep-site: Bone marrow !Sample_characteristics_ch1 = facs sorting: CD138 negative	True
MM38	geo:GSE106218:MM38	sex	<map of column specimen>	file	raw/fp-ac2b4f47543b/GSE106218_family.soft.gz		!Sample_source_name_ch1 = MM16 !Sample_organism_ch1 = Homo sapiens !Sample_taxid_ch1 = 9606 !Sample_characteristics_ch1 = patient id: MM16 !Sample_characteristics_ch1 = gender: female !Sample_characteristics_ch1 = death(alive=0; death=1): 1 !Sample_characteristics_ch1 = cell type: Multiple myeloma !Sample_characteristics_ch1 = prep-site: Bone marrow !Sample_characteristics_ch1 = facs sorting: CD138 negative	True
MM02	geo:GSE106218:MM02	sex	<map of column specimen>	file	raw/fp-ac2b4f47543b/GSE106218_family.soft.gz		!Sample_source_name_ch1 = MM17 !Sample_organism_ch1 = Homo sapiens !Sample_taxid_ch1 = 9606 !Sample_characteristics_ch1 = patient id: MM17 !Sample_characteristics_ch1 = gender: female !Sample_characteristics_ch1 = death(alive=0; death=1): 1 !Sample_characteristics_ch1 = cell type: Multiple myeloma !Sample_characteristics_ch1 = prep-site: Bone marrow !Sample_characteristics_ch1 = facs sorting: CD138 positive	True
MM02EM	geo:GSE106218:MM02EM	sex	<map of column specimen>	file	raw/fp-ac2b4f47543b/GSE106218_family.soft.gz		!Sample_source_name_ch1 = MM17 !Sample_organism_ch1 = Homo sapiens !Sample_taxid_ch1 = 9606 !Sample_characteristics_ch1 = patient id: MM17 !Sample_characteristics_ch1 = gender: female !Sample_characteristics_ch1 = death(alive=0; death=1): 1 !Sample_characteristics_ch1 = cell type: Multiple myeloma !Sample_characteristics_ch1 = prep-site: Bone marrow !Sample_characteristics_ch1 = facs sorting: CD138 positive	True
MM16	geo:GSE106218:MM16	sex	<map of column specimen>	file	raw/fp-ac2b4f47543b/GSE106218_family.soft.gz		!Sample_source_name_ch1 = MM17 !Sample_organism_ch1 = Homo sapiens !Sample_taxid_ch1 = 9606 !Sample_characteristics_ch1 = patient id: MM17 !Sample_characteristics_ch1 = gender: female !Sample_characteristics_ch1 = death(alive=0; death=1): 1 !Sample_characteristics_ch1 = cell type: Multiple myeloma !Sample_characteristics_ch1 = prep-site: Bone marrow !Sample_characteristics_ch1 = facs sorting: CD138 positive	True
MM17	geo:GSE106218:MM17	sex	<map of column specimen>	file	raw/fp-ac2b4f47543b/GSE106218_family.soft.gz		!Sample_source_name_ch1 = MM17 !Sample_organism_ch1 = Homo sapiens !Sample_taxid_ch1 = 9606 !Sample_characteristics_ch1 = patient id: MM17 !Sample_characteristics_ch1 = gender: female !Sample_characteristics_ch1 = death(alive=0; death=1): 1 !Sample_characteristics_ch1 = cell type: Multiple myeloma !Sample_characteristics_ch1 = prep-site: Bone marrow !Sample_characteristics_ch1 = facs sorting: CD138 positive	True
MM25	geo:GSE106218:MM25	sex	<map of column specimen>	file	raw/fp-ac2b4f47543b/GSE106218_family.soft.gz		!Sample_source_name_ch1 = MM17 !Sample_organism_ch1 = Homo sapiens !Sample_taxid_ch1 = 9606 !Sample_characteristics_ch1 = patient id: MM17 !Sample_characteristics_ch1 = gender: female !Sample_characteristics_ch1 = death(alive=0; death=1): 1 !Sample_characteristics_ch1 = cell type: Multiple myeloma !Sample_characteristics_ch1 = prep-site: Bone marrow !Sample_characteristics_ch1 = facs sorting: CD138 positive	True
MM28	geo:GSE106218:MM28	sex	<map of column specimen>	file	raw/fp-ac2b4f47543b/GSE106218_family.soft.gz		!Sample_source_name_ch1 = MM17 !Sample_organism_ch1 = Homo sapiens !Sample_taxid_ch1 = 9606 !Sample_characteristics_ch1 = patient id: MM17 !Sample_characteristics_ch1 = gender: female !Sample_characteristics_ch1 = death(alive=0; death=1): 1 !Sample_characteristics_ch1 = cell type: Multiple myeloma !Sample_characteristics_ch1 = prep-site: Bone marrow !Sample_characteristics_ch1 = facs sorting: CD138 positive	True
MM30	geo:GSE106218:MM30	sex	<map of column specimen>	file	raw/fp-ac2b4f47543b/GSE106218_family.soft.gz		!Sample_source_name_ch1 = MM17 !Sample_organism_ch1 = Homo sapiens !Sample_taxid_ch1 = 9606 !Sample_characteristics_ch1 = patient id: MM17 !Sample_characteristics_ch1 = gender: female !Sample_characteristics_ch1 = death(alive=0; death=1): 1 !Sample_characteristics_ch1 = cell type: Multiple myeloma !Sample_characteristics_ch1 = prep-site: Bone marrow !Sample_characteristics_ch1 = facs sorting: CD138 positive	True
MM33	geo:GSE106218:MM33	sex	<map of column specimen>	file	raw/fp-ac2b4f47543b/GSE106218_family.soft.gz		!Sample_source_name_ch1 = MM17 !Sample_organism_ch1 = Homo sapiens !Sample_taxid_ch1 = 9606 !Sample_characteristics_ch1 = patient id: MM17 !Sample_characteristics_ch1 = gender: female !Sample_characteristics_ch1 = death(alive=0; death=1): 1 !Sample_characteristics_ch1 = cell type: Multiple myeloma !Sample_characteristics_ch1 = prep-site: Bone marrow !Sample_characteristics_ch1 = facs sorting: CD138 positive	True
MM34	geo:GSE106218:MM34	sex	<map of column specimen>	file	raw/fp-ac2b4f47543b/GSE106218_family.soft.gz		!Sample_source_name_ch1 = MM17 !Sample_organism_ch1 = Homo sapiens !Sample_taxid_ch1 = 9606 !Sample_characteristics_ch1 = patient id: MM17 !Sample_characteristics_ch1 = gender: female !Sample_characteristics_ch1 = death(alive=0; death=1): 1 !Sample_characteristics_ch1 = cell type: Multiple myeloma !Sample_characteristics_ch1 = prep-site: Bone marrow !Sample_characteristics_ch1 = facs sorting: CD138 positive	True
MM34EM	geo:GSE106218:MM34EM	sex	<map of column specimen>	file	raw/fp-ac2b4f47543b/GSE106218_family.soft.gz		!Sample_source_name_ch1 = MM17 !Sample_organism_ch1 = Homo sapiens !Sample_taxid_ch1 = 9606 !Sample_characteristics_ch1 = patient id: MM17 !Sample_characteristics_ch1 = gender: female !Sample_characteristics_ch1 = death(alive=0; death=1): 1 !Sample_characteristics_ch1 = cell type: Multiple myeloma !Sample_characteristics_ch1 = prep-site: Bone marrow !Sample_characteristics_ch1 = facs sorting: CD138 positive	True
MM36EM	geo:GSE106218:MM36EM	sex	<map of column specimen>	file	raw/fp-ac2b4f47543b/GSE106218_family.soft.gz		!Sample_source_name_ch1 = MM17 !Sample_organism_ch1 = Homo sapiens !Sample_taxid_ch1 = 9606 !Sample_characteristics_ch1 = patient id: MM17 !Sample_characteristics_ch1 = gender: female !Sample_characteristics_ch1 = death(alive=0; death=1): 1 !Sample_characteristics_ch1 = cell type: Multiple myeloma !Sample_characteristics_ch1 = prep-site: Bone marrow !Sample_characteristics_ch1 = facs sorting: CD138 positive	True
MM38	geo:GSE106218:MM38	sex	<map of column specimen>	file	raw/fp-ac2b4f47543b/GSE106218_family.soft.gz		!Sample_source_name_ch1 = MM17 !Sample_organism_ch1 = Homo sapiens !Sample_taxid_ch1 = 9606 !Sample_characteristics_ch1 = patient id: MM17 !Sample_characteristics_ch1 = gender: female !Sample_characteristics_ch1 = death(alive=0; death=1): 1 !Sample_characteristics_ch1 = cell type: Multiple myeloma !Sample_characteristics_ch1 = prep-site: Bone marrow !Sample_characteristics_ch1 = facs sorting: CD138 positive	True
MM02	geo:GSE106218:MM02	sex	<map of column specimen>	file	raw/fp-ac2b4f47543b/GSE106218_family.soft.gz		!Sample_source_name_ch1 = MM25 !Sample_organism_ch1 = Homo sapiens !Sample_taxid_ch1 = 9606 !Sample_characteristics_ch1 = patient id: MM25 !Sample_characteristics_ch1 = gender: male !Sample_characteristics_ch1 = death(alive=0; death=1): 1 !Sample_characteristics_ch1 = cell type: Multiple myeloma !Sample_characteristics_ch1 = prep-site: Bone marrow !Sample_characteristics_ch1 = facs sorting: CD138 positive	True
MM02EM	geo:GSE106218:MM02EM	sex	<map of column specimen>	file	raw/fp-ac2b4f47543b/GSE106218_family.soft.gz		!Sample_source_name_ch1 = MM25 !Sample_organism_ch1 = Homo sapiens !Sample_taxid_ch1 = 9606 !Sample_characteristics_ch1 = patient id: MM25 !Sample_characteristics_ch1 = gender: male !Sample_characteristics_ch1 = death(alive=0; death=1): 1 !Sample_characteristics_ch1 = cell type: Multiple myeloma !Sample_characteristics_ch1 = prep-site: Bone marrow !Sample_characteristics_ch1 = facs sorting: CD138 positive	True
MM16	geo:GSE106218:MM16	sex	<map of column specimen>	file	raw/fp-ac2b4f47543b/GSE106218_family.soft.gz		!Sample_source_name_ch1 = MM25 !Sample_organism_ch1 = Homo sapiens !Sample_taxid_ch1 = 9606 !Sample_characteristics_ch1 = patient id: MM25 !Sample_characteristics_ch1 = gender: male !Sample_characteristics_ch1 = death(alive=0; death=1): 1 !Sample_characteristics_ch1 = cell type: Multiple myeloma !Sample_characteristics_ch1 = prep-site: Bone marrow !Sample_characteristics_ch1 = facs sorting: CD138 positive	True
MM17	geo:GSE106218:MM17	sex	<map of column specimen>	file	raw/fp-ac2b4f47543b/GSE106218_family.soft.gz		!Sample_source_name_ch1 = MM25 !Sample_organism_ch1 = Homo sapiens !Sample_taxid_ch1 = 9606 !Sample_characteristics_ch1 = patient id: MM25 !Sample_characteristics_ch1 = gender: male !Sample_characteristics_ch1 = death(alive=0; death=1): 1 !Sample_characteristics_ch1 = cell type: Multiple myeloma !Sample_characteristics_ch1 = prep-site: Bone marrow !Sample_characteristics_ch1 = facs sorting: CD138 positive	True
MM25	geo:GSE106218:MM25	sex	<map of column specimen>	file	raw/fp-ac2b4f47543b/GSE106218_family.soft.gz		!Sample_source_name_ch1 = MM25 !Sample_organism_ch1 = Homo sapiens !Sample_taxid_ch1 = 9606 !Sample_characteristics_ch1 = patient id: MM25 !Sample_characteristics_ch1 = gender: male !Sample_characteristics_ch1 = death(alive=0; death=1): 1 !Sample_characteristics_ch1 = cell type: Multiple myeloma !Sample_characteristics_ch1 = prep-site: Bone marrow !Sample_characteristics_ch1 = facs sorting: CD138 positive	True
MM28	geo:GSE106218:MM28	sex	<map of column specimen>	file	raw/fp-ac2b4f47543b/GSE106218_family.soft.gz		!Sample_source_name_ch1 = MM25 !Sample_organism_ch1 = Homo sapiens !Sample_taxid_ch1 = 9606 !Sample_characteristics_ch1 = patient id: MM25 !Sample_characteristics_ch1 = gender: male !Sample_characteristics_ch1 = death(alive=0; death=1): 1 !Sample_characteristics_ch1 = cell type: Multiple myeloma !Sample_characteristics_ch1 = prep-site: Bone marrow !Sample_characteristics_ch1 = facs sorting: CD138 positive	True
MM30	geo:GSE106218:MM30	sex	<map of column specimen>	file	raw/fp-ac2b4f47543b/GSE106218_family.soft.gz		!Sample_source_name_ch1 = MM25 !Sample_organism_ch1 = Homo sapiens !Sample_taxid_ch1 = 9606 !Sample_characteristics_ch1 = patient id: MM25 !Sample_characteristics_ch1 = gender: male !Sample_characteristics_ch1 = death(alive=0; death=1): 1 !Sample_characteristics_ch1 = cell type: Multiple myeloma !Sample_characteristics_ch1 = prep-site: Bone marrow !Sample_characteristics_ch1 = facs sorting: CD138 positive	True
MM33	geo:GSE106218:MM33	sex	<map of column specimen>	file	raw/fp-ac2b4f47543b/GSE106218_family.soft.gz		!Sample_source_name_ch1 = MM25 !Sample_organism_ch1 = Homo sapiens !Sample_taxid_ch1 = 9606 !Sample_characteristics_ch1 = patient id: MM25 !Sample_characteristics_ch1 = gender: male !Sample_characteristics_ch1 = death(alive=0; death=1): 1 !Sample_characteristics_ch1 = cell type: Multiple myeloma !Sample_characteristics_ch1 = prep-site: Bone marrow !Sample_characteristics_ch1 = facs sorting: CD138 positive	True
MM34	geo:GSE106218:MM34	sex	<map of column specimen>	file	raw/fp-ac2b4f47543b/GSE106218_family.soft.gz		!Sample_source_name_ch1 = MM25 !Sample_organism_ch1 = Homo sapiens !Sample_taxid_ch1 = 9606 !Sample_characteristics_ch1 = patient id: MM25 !Sample_characteristics_ch1 = gender: male !Sample_characteristics_ch1 = death(alive=0; death=1): 1 !Sample_characteristics_ch1 = cell type: Multiple myeloma !Sample_characteristics_ch1 = prep-site: Bone marrow !Sample_characteristics_ch1 = facs sorting: CD138 positive	True
MM34EM	geo:GSE106218:MM34EM	sex	<map of column specimen>	file	raw/fp-ac2b4f47543b/GSE106218_family.soft.gz		!Sample_source_name_ch1 = MM25 !Sample_organism_ch1 = Homo sapiens !Sample_taxid_ch1 = 9606 !Sample_characteristics_ch1 = patient id: MM25 !Sample_characteristics_ch1 = gender: male !Sample_characteristics_ch1 = death(alive=0; death=1): 1 !Sample_characteristics_ch1 = cell type: Multiple myeloma !Sample_characteristics_ch1 = prep-site: Bone marrow !Sample_characteristics_ch1 = facs sorting: CD138 positive	True
MM36EM	geo:GSE106218:MM36EM	sex	<map of column specimen>	file	raw/fp-ac2b4f47543b/GSE106218_family.soft.gz		!Sample_source_name_ch1 = MM25 !Sample_organism_ch1 = Homo sapiens !Sample_taxid_ch1 = 9606 !Sample_characteristics_ch1 = patient id: MM25 !Sample_characteristics_ch1 = gender: male !Sample_characteristics_ch1 = death(alive=0; death=1): 1 !Sample_characteristics_ch1 = cell type: Multiple myeloma !Sample_characteristics_ch1 = prep-site: Bone marrow !Sample_characteristics_ch1 = facs sorting: CD138 positive	True
MM38	geo:GSE106218:MM38	sex	<map of column specimen>	file	raw/fp-ac2b4f47543b/GSE106218_family.soft.gz		!Sample_source_name_ch1 = MM25 !Sample_organism_ch1 = Homo sapiens !Sample_taxid_ch1 = 9606 !Sample_characteristics_ch1 = patient id: MM25 !Sample_characteristics_ch1 = gender: male !Sample_characteristics_ch1 = death(alive=0; death=1): 1 !Sample_characteristics_ch1 = cell type: Multiple myeloma !Sample_characteristics_ch1 = prep-site: Bone marrow !Sample_characteristics_ch1 = facs sorting: CD138 positive	True
MM02	geo:GSE106218:MM02	sex	<map of column specimen>	file	raw/fp-ac2b4f47543b/GSE106218_family.soft.gz		!Sample_source_name_ch1 = MM28 !Sample_organism_ch1 = Homo sapiens !Sample_taxid_ch1 = 9606 !Sample_characteristics_ch1 = patient id: MM28 !Sample_characteristics_ch1 = gender: male !Sample_characteristics_ch1 = death(alive=0; death=1): 0 !Sample_characteristics_ch1 = cell type: Multiple myeloma !Sample_characteristics_ch1 = prep-site: Bone marrow !Sample_characteristics_ch1 = facs sorting: CD138 positive	True
MM02EM	geo:GSE106218:MM02EM	sex	<map of column specimen>	file	raw/fp-ac2b4f47543b/GSE106218_family.soft.gz		!Sample_source_name_ch1 = MM28 !Sample_organism_ch1 = Homo sapiens !Sample_taxid_ch1 = 9606 !Sample_characteristics_ch1 = patient id: MM28 !Sample_characteristics_ch1 = gender: male !Sample_characteristics_ch1 = death(alive=0; death=1): 0 !Sample_characteristics_ch1 = cell type: Multiple myeloma !Sample_characteristics_ch1 = prep-site: Bone marrow !Sample_characteristics_ch1 = facs sorting: CD138 positive	True
MM16	geo:GSE106218:MM16	sex	<map of column specimen>	file	raw/fp-ac2b4f47543b/GSE106218_family.soft.gz		!Sample_source_name_ch1 = MM28 !Sample_organism_ch1 = Homo sapiens !Sample_taxid_ch1 = 9606 !Sample_characteristics_ch1 = patient id: MM28 !Sample_characteristics_ch1 = gender: male !Sample_characteristics_ch1 = death(alive=0; death=1): 0 !Sample_characteristics_ch1 = cell type: Multiple myeloma !Sample_characteristics_ch1 = prep-site: Bone marrow !Sample_characteristics_ch1 = facs sorting: CD138 positive	True
MM17	geo:GSE106218:MM17	sex	<map of column specimen>	file	raw/fp-ac2b4f47543b/GSE106218_family.soft.gz		!Sample_source_name_ch1 = MM28 !Sample_organism_ch1 = Homo sapiens !Sample_taxid_ch1 = 9606 !Sample_characteristics_ch1 = patient id: MM28 !Sample_characteristics_ch1 = gender: male !Sample_characteristics_ch1 = death(alive=0; death=1): 0 !Sample_characteristics_ch1 = cell type: Multiple myeloma !Sample_characteristics_ch1 = prep-site: Bone marrow !Sample_characteristics_ch1 = facs sorting: CD138 positive	True
MM25	geo:GSE106218:MM25	sex	<map of column specimen>	file	raw/fp-ac2b4f47543b/GSE106218_family.soft.gz		!Sample_source_name_ch1 = MM28 !Sample_organism_ch1 = Homo sapiens !Sample_taxid_ch1 = 9606 !Sample_characteristics_ch1 = patient id: MM28 !Sample_characteristics_ch1 = gender: male !Sample_characteristics_ch1 = death(alive=0; death=1): 0 !Sample_characteristics_ch1 = cell type: Multiple myeloma !Sample_characteristics_ch1 = prep-site: Bone marrow !Sample_characteristics_ch1 = facs sorting: CD138 positive	True
MM28	geo:GSE106218:MM28	sex	<map of column specimen>	file	raw/fp-ac2b4f47543b/GSE106218_family.soft.gz		!Sample_source_name_ch1 = MM28 !Sample_organism_ch1 = Homo sapiens !Sample_taxid_ch1 = 9606 !Sample_characteristics_ch1 = patient id: MM28 !Sample_characteristics_ch1 = gender: male !Sample_characteristics_ch1 = death(alive=0; death=1): 0 !Sample_characteristics_ch1 = cell type: Multiple myeloma !Sample_characteristics_ch1 = prep-site: Bone marrow !Sample_characteristics_ch1 = facs sorting: CD138 positive	True
MM30	geo:GSE106218:MM30	sex	<map of column specimen>	file	raw/fp-ac2b4f47543b/GSE106218_family.soft.gz		!Sample_source_name_ch1 = MM28 !Sample_organism_ch1 = Homo sapiens !Sample_taxid_ch1 = 9606 !Sample_characteristics_ch1 = patient id: MM28 !Sample_characteristics_ch1 = gender: male !Sample_characteristics_ch1 = death(alive=0; death=1): 0 !Sample_characteristics_ch1 = cell type: Multiple myeloma !Sample_characteristics_ch1 = prep-site: Bone marrow !Sample_characteristics_ch1 = facs sorting: CD138 positive	True
MM33	geo:GSE106218:MM33	sex	<map of column specimen>	file	raw/fp-ac2b4f47543b/GSE106218_family.soft.gz		!Sample_source_name_ch1 = MM28 !Sample_organism_ch1 = Homo sapiens !Sample_taxid_ch1 = 9606 !Sample_characteristics_ch1 = patient id: MM28 !Sample_characteristics_ch1 = gender: male !Sample_characteristics_ch1 = death(alive=0; death=1): 0 !Sample_characteristics_ch1 = cell type: Multiple myeloma !Sample_characteristics_ch1 = prep-site: Bone marrow !Sample_characteristics_ch1 = facs sorting: CD138 positive	True
MM34	geo:GSE106218:MM34	sex	<map of column specimen>	file	raw/fp-ac2b4f47543b/GSE106218_family.soft.gz		!Sample_source_name_ch1 = MM28 !Sample_organism_ch1 = Homo sapiens !Sample_taxid_ch1 = 9606 !Sample_characteristics_ch1 = patient id: MM28 !Sample_characteristics_ch1 = gender: male !Sample_characteristics_ch1 = death(alive=0; death=1): 0 !Sample_characteristics_ch1 = cell type: Multiple myeloma !Sample_characteristics_ch1 = prep-site: Bone marrow !Sample_characteristics_ch1 = facs sorting: CD138 positive	True
MM34EM	geo:GSE106218:MM34EM	sex	<map of column specimen>	file	raw/fp-ac2b4f47543b/GSE106218_family.soft.gz		!Sample_source_name_ch1 = MM28 !Sample_organism_ch1 = Homo sapiens !Sample_taxid_ch1 = 9606 !Sample_characteristics_ch1 = patient id: MM28 !Sample_characteristics_ch1 = gender: male !Sample_characteristics_ch1 = death(alive=0; death=1): 0 !Sample_characteristics_ch1 = cell type: Multiple myeloma !Sample_characteristics_ch1 = prep-site: Bone marrow !Sample_characteristics_ch1 = facs sorting: CD138 positive	True
MM36EM	geo:GSE106218:MM36EM	sex	<map of column specimen>	file	raw/fp-ac2b4f47543b/GSE106218_family.soft.gz		!Sample_source_name_ch1 = MM28 !Sample_organism_ch1 = Homo sapiens !Sample_taxid_ch1 = 9606 !Sample_characteristics_ch1 = patient id: MM28 !Sample_characteristics_ch1 = gender: male !Sample_characteristics_ch1 = death(alive=0; death=1): 0 !Sample_characteristics_ch1 = cell type: Multiple myeloma !Sample_characteristics_ch1 = prep-site: Bone marrow !Sample_characteristics_ch1 = facs sorting: CD138 positive	True
MM38	geo:GSE106218:MM38	sex	<map of column specimen>	file	raw/fp-ac2b4f47543b/GSE106218_family.soft.gz		!Sample_source_name_ch1 = MM28 !Sample_organism_ch1 = Homo sapiens !Sample_taxid_ch1 = 9606 !Sample_characteristics_ch1 = patient id: MM28 !Sample_characteristics_ch1 = gender: male !Sample_characteristics_ch1 = death(alive=0; death=1): 0 !Sample_characteristics_ch1 = cell type: Multiple myeloma !Sample_characteristics_ch1 = prep-site: Bone marrow !Sample_characteristics_ch1 = facs sorting: CD138 positive	True
MM02	geo:GSE106218:MM02	sex	<map of column specimen>	file	raw/fp-ac2b4f47543b/GSE106218_family.soft.gz		!Sample_source_name_ch1 = MM30 !Sample_organism_ch1 = Homo sapiens !Sample_taxid_ch1 = 9606 !Sample_characteristics_ch1 = patient id: MM30 !Sample_characteristics_ch1 = gender: female !Sample_characteristics_ch1 = death(alive=0; death=1): 0 !Sample_characteristics_ch1 = cell type: Multiple myeloma !Sample_characteristics_ch1 = prep-site: Bone marrow !Sample_characteristics_ch1 = facs sorting: CD138 positive	True
MM02EM	geo:GSE106218:MM02EM	sex	<map of column specimen>	file	raw/fp-ac2b4f47543b/GSE106218_family.soft.gz		!Sample_source_name_ch1 = MM30 !Sample_organism_ch1 = Homo sapiens !Sample_taxid_ch1 = 9606 !Sample_characteristics_ch1 = patient id: MM30 !Sample_characteristics_ch1 = gender: female !Sample_characteristics_ch1 = death(alive=0; death=1): 0 !Sample_characteristics_ch1 = cell type: Multiple myeloma !Sample_characteristics_ch1 = prep-site: Bone marrow !Sample_characteristics_ch1 = facs sorting: CD138 positive	True
MM16	geo:GSE106218:MM16	sex	<map of column specimen>	file	raw/fp-ac2b4f47543b/GSE106218_family.soft.gz		!Sample_source_name_ch1 = MM30 !Sample_organism_ch1 = Homo sapiens !Sample_taxid_ch1 = 9606 !Sample_characteristics_ch1 = patient id: MM30 !Sample_characteristics_ch1 = gender: female !Sample_characteristics_ch1 = death(alive=0; death=1): 0 !Sample_characteristics_ch1 = cell type: Multiple myeloma !Sample_characteristics_ch1 = prep-site: Bone marrow !Sample_characteristics_ch1 = facs sorting: CD138 positive	True
MM17	geo:GSE106218:MM17	sex	<map of column specimen>	file	raw/fp-ac2b4f47543b/GSE106218_family.soft.gz		!Sample_source_name_ch1 = MM30 !Sample_organism_ch1 = Homo sapiens !Sample_taxid_ch1 = 9606 !Sample_characteristics_ch1 = patient id: MM30 !Sample_characteristics_ch1 = gender: female !Sample_characteristics_ch1 = death(alive=0; death=1): 0 !Sample_characteristics_ch1 = cell type: Multiple myeloma !Sample_characteristics_ch1 = prep-site: Bone marrow !Sample_characteristics_ch1 = facs sorting: CD138 positive	True
MM25	geo:GSE106218:MM25	sex	<map of column specimen>	file	raw/fp-ac2b4f47543b/GSE106218_family.soft.gz		!Sample_source_name_ch1 = MM30 !Sample_organism_ch1 = Homo sapiens !Sample_taxid_ch1 = 9606 !Sample_characteristics_ch1 = patient id: MM30 !Sample_characteristics_ch1 = gender: female !Sample_characteristics_ch1 = death(alive=0; death=1): 0 !Sample_characteristics_ch1 = cell type: Multiple myeloma !Sample_characteristics_ch1 = prep-site: Bone marrow !Sample_characteristics_ch1 = facs sorting: CD138 positive	True
MM28	geo:GSE106218:MM28	sex	<map of column specimen>	file	raw/fp-ac2b4f47543b/GSE106218_family.soft.gz		!Sample_source_name_ch1 = MM30 !Sample_organism_ch1 = Homo sapiens !Sample_taxid_ch1 = 9606 !Sample_characteristics_ch1 = patient id: MM30 !Sample_characteristics_ch1 = gender: female !Sample_characteristics_ch1 = death(alive=0; death=1): 0 !Sample_characteristics_ch1 = cell type: Multiple myeloma !Sample_characteristics_ch1 = prep-site: Bone marrow !Sample_characteristics_ch1 = facs sorting: CD138 positive	True
MM30	geo:GSE106218:MM30	sex	<map of column specimen>	file	raw/fp-ac2b4f47543b/GSE106218_family.soft.gz		!Sample_source_name_ch1 = MM30 !Sample_organism_ch1 = Homo sapiens !Sample_taxid_ch1 = 9606 !Sample_characteristics_ch1 = patient id: MM30 !Sample_characteristics_ch1 = gender: female !Sample_characteristics_ch1 = death(alive=0; death=1): 0 !Sample_characteristics_ch1 = cell type: Multiple myeloma !Sample_characteristics_ch1 = prep-site: Bone marrow !Sample_characteristics_ch1 = facs sorting: CD138 positive	True
MM33	geo:GSE106218:MM33	sex	<map of column specimen>	file	raw/fp-ac2b4f47543b/GSE106218_family.soft.gz		!Sample_source_name_ch1 = MM30 !Sample_organism_ch1 = Homo sapiens !Sample_taxid_ch1 = 9606 !Sample_characteristics_ch1 = patient id: MM30 !Sample_characteristics_ch1 = gender: female !Sample_characteristics_ch1 = death(alive=0; death=1): 0 !Sample_characteristics_ch1 = cell type: Multiple myeloma !Sample_characteristics_ch1 = prep-site: Bone marrow !Sample_characteristics_ch1 = facs sorting: CD138 positive	True
MM34	geo:GSE106218:MM34	sex	<map of column specimen>	file	raw/fp-ac2b4f47543b/GSE106218_family.soft.gz		!Sample_source_name_ch1 = MM30 !Sample_organism_ch1 = Homo sapiens !Sample_taxid_ch1 = 9606 !Sample_characteristics_ch1 = patient id: MM30 !Sample_characteristics_ch1 = gender: female !Sample_characteristics_ch1 = death(alive=0; death=1): 0 !Sample_characteristics_ch1 = cell type: Multiple myeloma !Sample_characteristics_ch1 = prep-site: Bone marrow !Sample_characteristics_ch1 = facs sorting: CD138 positive	True
MM34EM	geo:GSE106218:MM34EM	sex	<map of column specimen>	file	raw/fp-ac2b4f47543b/GSE106218_family.soft.gz		!Sample_source_name_ch1 = MM30 !Sample_organism_ch1 = Homo sapiens !Sample_taxid_ch1 = 9606 !Sample_characteristics_ch1 = patient id: MM30 !Sample_characteristics_ch1 = gender: female !Sample_characteristics_ch1 = death(alive=0; death=1): 0 !Sample_characteristics_ch1 = cell type: Multiple myeloma !Sample_characteristics_ch1 = prep-site: Bone marrow !Sample_characteristics_ch1 = facs sorting: CD138 positive	True
MM36EM	geo:GSE106218:MM36EM	sex	<map of column specimen>	file	raw/fp-ac2b4f47543b/GSE106218_family.soft.gz		!Sample_source_name_ch1 = MM30 !Sample_organism_ch1 = Homo sapiens !Sample_taxid_ch1 = 9606 !Sample_characteristics_ch1 = patient id: MM30 !Sample_characteristics_ch1 = gender: female !Sample_characteristics_ch1 = death(alive=0; death=1): 0 !Sample_characteristics_ch1 = cell type: Multiple myeloma !Sample_characteristics_ch1 = prep-site: Bone marrow !Sample_characteristics_ch1 = facs sorting: CD138 positive	True
MM38	geo:GSE106218:MM38	sex	<map of column specimen>	file	raw/fp-ac2b4f47543b/GSE106218_family.soft.gz		!Sample_source_name_ch1 = MM30 !Sample_organism_ch1 = Homo sapiens !Sample_taxid_ch1 = 9606 !Sample_characteristics_ch1 = patient id: MM30 !Sample_characteristics_ch1 = gender: female !Sample_characteristics_ch1 = death(alive=0; death=1): 0 !Sample_characteristics_ch1 = cell type: Multiple myeloma !Sample_characteristics_ch1 = prep-site: Bone marrow !Sample_characteristics_ch1 = facs sorting: CD138 positive	True
MM02	geo:GSE106218:MM02	sex	<map of column specimen>	file	raw/fp-ac2b4f47543b/GSE106218_family.soft.gz		!Sample_source_name_ch1 = MM33 !Sample_organism_ch1 = Homo sapiens !Sample_taxid_ch1 = 9606 !Sample_characteristics_ch1 = patient id: MM33 !Sample_characteristics_ch1 = gender: female !Sample_characteristics_ch1 = death(alive=0; death=1): 1 !Sample_characteristics_ch1 = cell type: Multiple myeloma !Sample_characteristics_ch1 = prep-site: Bone marrow !Sample_characteristics_ch1 = facs sorting: CD138 positive	True
MM02EM	geo:GSE106218:MM02EM	sex	<map of column specimen>	file	raw/fp-ac2b4f47543b/GSE106218_family.soft.gz		!Sample_source_name_ch1 = MM33 !Sample_organism_ch1 = Homo sapiens !Sample_taxid_ch1 = 9606 !Sample_characteristics_ch1 = patient id: MM33 !Sample_characteristics_ch1 = gender: female !Sample_characteristics_ch1 = death(alive=0; death=1): 1 !Sample_characteristics_ch1 = cell type: Multiple myeloma !Sample_characteristics_ch1 = prep-site: Bone marrow !Sample_characteristics_ch1 = facs sorting: CD138 positive	True
MM16	geo:GSE106218:MM16	sex	<map of column specimen>	file	raw/fp-ac2b4f47543b/GSE106218_family.soft.gz		!Sample_source_name_ch1 = MM33 !Sample_organism_ch1 = Homo sapiens !Sample_taxid_ch1 = 9606 !Sample_characteristics_ch1 = patient id: MM33 !Sample_characteristics_ch1 = gender: female !Sample_characteristics_ch1 = death(alive=0; death=1): 1 !Sample_characteristics_ch1 = cell type: Multiple myeloma !Sample_characteristics_ch1 = prep-site: Bone marrow !Sample_characteristics_ch1 = facs sorting: CD138 positive	True
MM17	geo:GSE106218:MM17	sex	<map of column specimen>	file	raw/fp-ac2b4f47543b/GSE106218_family.soft.gz		!Sample_source_name_ch1 = MM33 !Sample_organism_ch1 = Homo sapiens !Sample_taxid_ch1 = 9606 !Sample_characteristics_ch1 = patient id: MM33 !Sample_characteristics_ch1 = gender: female !Sample_characteristics_ch1 = death(alive=0; death=1): 1 !Sample_characteristics_ch1 = cell type: Multiple myeloma !Sample_characteristics_ch1 = prep-site: Bone marrow !Sample_characteristics_ch1 = facs sorting: CD138 positive	True
MM25	geo:GSE106218:MM25	sex	<map of column specimen>	file	raw/fp-ac2b4f47543b/GSE106218_family.soft.gz		!Sample_source_name_ch1 = MM33 !Sample_organism_ch1 = Homo sapiens !Sample_taxid_ch1 = 9606 !Sample_characteristics_ch1 = patient id: MM33 !Sample_characteristics_ch1 = gender: female !Sample_characteristics_ch1 = death(alive=0; death=1): 1 !Sample_characteristics_ch1 = cell type: Multiple myeloma !Sample_characteristics_ch1 = prep-site: Bone marrow !Sample_characteristics_ch1 = facs sorting: CD138 positive	True
MM28	geo:GSE106218:MM28	sex	<map of column specimen>	file	raw/fp-ac2b4f47543b/GSE106218_family.soft.gz		!Sample_source_name_ch1 = MM33 !Sample_organism_ch1 = Homo sapiens !Sample_taxid_ch1 = 9606 !Sample_characteristics_ch1 = patient id: MM33 !Sample_characteristics_ch1 = gender: female !Sample_characteristics_ch1 = death(alive=0; death=1): 1 !Sample_characteristics_ch1 = cell type: Multiple myeloma !Sample_characteristics_ch1 = prep-site: Bone marrow !Sample_characteristics_ch1 = facs sorting: CD138 positive	True
MM30	geo:GSE106218:MM30	sex	<map of column specimen>	file	raw/fp-ac2b4f47543b/GSE106218_family.soft.gz		!Sample_source_name_ch1 = MM33 !Sample_organism_ch1 = Homo sapiens !Sample_taxid_ch1 = 9606 !Sample_characteristics_ch1 = patient id: MM33 !Sample_characteristics_ch1 = gender: female !Sample_characteristics_ch1 = death(alive=0; death=1): 1 !Sample_characteristics_ch1 = cell type: Multiple myeloma !Sample_characteristics_ch1 = prep-site: Bone marrow !Sample_characteristics_ch1 = facs sorting: CD138 positive	True
MM33	geo:GSE106218:MM33	sex	<map of column specimen>	file	raw/fp-ac2b4f47543b/GSE106218_family.soft.gz		!Sample_source_name_ch1 = MM33 !Sample_organism_ch1 = Homo sapiens !Sample_taxid_ch1 = 9606 !Sample_characteristics_ch1 = patient id: MM33 !Sample_characteristics_ch1 = gender: female !Sample_characteristics_ch1 = death(alive=0; death=1): 1 !Sample_characteristics_ch1 = cell type: Multiple myeloma !Sample_characteristics_ch1 = prep-site: Bone marrow !Sample_characteristics_ch1 = facs sorting: CD138 positive	True
MM34	geo:GSE106218:MM34	sex	<map of column specimen>	file	raw/fp-ac2b4f47543b/GSE106218_family.soft.gz		!Sample_source_name_ch1 = MM33 !Sample_organism_ch1 = Homo sapiens !Sample_taxid_ch1 = 9606 !Sample_characteristics_ch1 = patient id: MM33 !Sample_characteristics_ch1 = gender: female !Sample_characteristics_ch1 = death(alive=0; death=1): 1 !Sample_characteristics_ch1 = cell type: Multiple myeloma !Sample_characteristics_ch1 = prep-site: Bone marrow !Sample_characteristics_ch1 = facs sorting: CD138 positive	True
MM34EM	geo:GSE106218:MM34EM	sex	<map of column specimen>	file	raw/fp-ac2b4f47543b/GSE106218_family.soft.gz		!Sample_source_name_ch1 = MM33 !Sample_organism_ch1 = Homo sapiens !Sample_taxid_ch1 = 9606 !Sample_characteristics_ch1 = patient id: MM33 !Sample_characteristics_ch1 = gender: female !Sample_characteristics_ch1 = death(alive=0; death=1): 1 !Sample_characteristics_ch1 = cell type: Multiple myeloma !Sample_characteristics_ch1 = prep-site: Bone marrow !Sample_characteristics_ch1 = facs sorting: CD138 positive	True
MM36EM	geo:GSE106218:MM36EM	sex	<map of column specimen>	file	raw/fp-ac2b4f47543b/GSE106218_family.soft.gz		!Sample_source_name_ch1 = MM33 !Sample_organism_ch1 = Homo sapiens !Sample_taxid_ch1 = 9606 !Sample_characteristics_ch1 = patient id: MM33 !Sample_characteristics_ch1 = gender: female !Sample_characteristics_ch1 = death(alive=0; death=1): 1 !Sample_characteristics_ch1 = cell type: Multiple myeloma !Sample_characteristics_ch1 = prep-site: Bone marrow !Sample_characteristics_ch1 = facs sorting: CD138 positive	True
MM38	geo:GSE106218:MM38	sex	<map of column specimen>	file	raw/fp-ac2b4f47543b/GSE106218_family.soft.gz		!Sample_source_name_ch1 = MM33 !Sample_organism_ch1 = Homo sapiens !Sample_taxid_ch1 = 9606 !Sample_characteristics_ch1 = patient id: MM33 !Sample_characteristics_ch1 = gender: female !Sample_characteristics_ch1 = death(alive=0; death=1): 1 !Sample_characteristics_ch1 = cell type: Multiple myeloma !Sample_characteristics_ch1 = prep-site: Bone marrow !Sample_characteristics_ch1 = facs sorting: CD138 positive	True
MM02	geo:GSE106218:MM02	sex	<map of column specimen>	file	raw/fp-ac2b4f47543b/GSE106218_family.soft.gz		!Sample_source_name_ch1 = MM34 !Sample_organism_ch1 = Homo sapiens !Sample_taxid_ch1 = 9606 !Sample_characteristics_ch1 = patient id: MM34 !Sample_characteristics_ch1 = gender: female !Sample_characteristics_ch1 = death(alive=0; death=1): 1 !Sample_characteristics_ch1 = cell type: Multiple myeloma !Sample_characteristics_ch1 = prep-site: Bone marrow !Sample_characteristics_ch1 = facs sorting: CD138 negative	True
MM02EM	geo:GSE106218:MM02EM	sex	<map of column specimen>	file	raw/fp-ac2b4f47543b/GSE106218_family.soft.gz		!Sample_source_name_ch1 = MM34 !Sample_organism_ch1 = Homo sapiens !Sample_taxid_ch1 = 9606 !Sample_characteristics_ch1 = patient id: MM34 !Sample_characteristics_ch1 = gender: female !Sample_characteristics_ch1 = death(alive=0; death=1): 1 !Sample_characteristics_ch1 = cell type: Multiple myeloma !Sample_characteristics_ch1 = prep-site: Bone marrow !Sample_characteristics_ch1 = facs sorting: CD138 negative	True
MM16	geo:GSE106218:MM16	sex	<map of column specimen>	file	raw/fp-ac2b4f47543b/GSE106218_family.soft.gz		!Sample_source_name_ch1 = MM34 !Sample_organism_ch1 = Homo sapiens !Sample_taxid_ch1 = 9606 !Sample_characteristics_ch1 = patient id: MM34 !Sample_characteristics_ch1 = gender: female !Sample_characteristics_ch1 = death(alive=0; death=1): 1 !Sample_characteristics_ch1 = cell type: Multiple myeloma !Sample_characteristics_ch1 = prep-site: Bone marrow !Sample_characteristics_ch1 = facs sorting: CD138 negative	True
MM17	geo:GSE106218:MM17	sex	<map of column specimen>	file	raw/fp-ac2b4f47543b/GSE106218_family.soft.gz		!Sample_source_name_ch1 = MM34 !Sample_organism_ch1 = Homo sapiens !Sample_taxid_ch1 = 9606 !Sample_characteristics_ch1 = patient id: MM34 !Sample_characteristics_ch1 = gender: female !Sample_characteristics_ch1 = death(alive=0; death=1): 1 !Sample_characteristics_ch1 = cell type: Multiple myeloma !Sample_characteristics_ch1 = prep-site: Bone marrow !Sample_characteristics_ch1 = facs sorting: CD138 negative	True
MM25	geo:GSE106218:MM25	sex	<map of column specimen>	file	raw/fp-ac2b4f47543b/GSE106218_family.soft.gz		!Sample_source_name_ch1 = MM34 !Sample_organism_ch1 = Homo sapiens !Sample_taxid_ch1 = 9606 !Sample_characteristics_ch1 = patient id: MM34 !Sample_characteristics_ch1 = gender: female !Sample_characteristics_ch1 = death(alive=0; death=1): 1 !Sample_characteristics_ch1 = cell type: Multiple myeloma !Sample_characteristics_ch1 = prep-site: Bone marrow !Sample_characteristics_ch1 = facs sorting: CD138 negative	True
MM28	geo:GSE106218:MM28	sex	<map of column specimen>	file	raw/fp-ac2b4f47543b/GSE106218_family.soft.gz		!Sample_source_name_ch1 = MM34 !Sample_organism_ch1 = Homo sapiens !Sample_taxid_ch1 = 9606 !Sample_characteristics_ch1 = patient id: MM34 !Sample_characteristics_ch1 = gender: female !Sample_characteristics_ch1 = death(alive=0; death=1): 1 !Sample_characteristics_ch1 = cell type: Multiple myeloma !Sample_characteristics_ch1 = prep-site: Bone marrow !Sample_characteristics_ch1 = facs sorting: CD138 negative	True
MM30	geo:GSE106218:MM30	sex	<map of column specimen>	file	raw/fp-ac2b4f47543b/GSE106218_family.soft.gz		!Sample_source_name_ch1 = MM34 !Sample_organism_ch1 = Homo sapiens !Sample_taxid_ch1 = 9606 !Sample_characteristics_ch1 = patient id: MM34 !Sample_characteristics_ch1 = gender: female !Sample_characteristics_ch1 = death(alive=0; death=1): 1 !Sample_characteristics_ch1 = cell type: Multiple myeloma !Sample_characteristics_ch1 = prep-site: Bone marrow !Sample_characteristics_ch1 = facs sorting: CD138 negative	True
MM33	geo:GSE106218:MM33	sex	<map of column specimen>	file	raw/fp-ac2b4f47543b/GSE106218_family.soft.gz		!Sample_source_name_ch1 = MM34 !Sample_organism_ch1 = Homo sapiens !Sample_taxid_ch1 = 9606 !Sample_characteristics_ch1 = patient id: MM34 !Sample_characteristics_ch1 = gender: female !Sample_characteristics_ch1 = death(alive=0; death=1): 1 !Sample_characteristics_ch1 = cell type: Multiple myeloma !Sample_characteristics_ch1 = prep-site: Bone marrow !Sample_characteristics_ch1 = facs sorting: CD138 negative	True
MM34	geo:GSE106218:MM34	sex	<map of column specimen>	file	raw/fp-ac2b4f47543b/GSE106218_family.soft.gz		!Sample_source_name_ch1 = MM34 !Sample_organism_ch1 = Homo sapiens !Sample_taxid_ch1 = 9606 !Sample_characteristics_ch1 = patient id: MM34 !Sample_characteristics_ch1 = gender: female !Sample_characteristics_ch1 = death(alive=0; death=1): 1 !Sample_characteristics_ch1 = cell type: Multiple myeloma !Sample_characteristics_ch1 = prep-site: Bone marrow !Sample_characteristics_ch1 = facs sorting: CD138 negative	True
MM34EM	geo:GSE106218:MM34EM	sex	<map of column specimen>	file	raw/fp-ac2b4f47543b/GSE106218_family.soft.gz		!Sample_source_name_ch1 = MM34 !Sample_organism_ch1 = Homo sapiens !Sample_taxid_ch1 = 9606 !Sample_characteristics_ch1 = patient id: MM34 !Sample_characteristics_ch1 = gender: female !Sample_characteristics_ch1 = death(alive=0; death=1): 1 !Sample_characteristics_ch1 = cell type: Multiple myeloma !Sample_characteristics_ch1 = prep-site: Bone marrow !Sample_characteristics_ch1 = facs sorting: CD138 negative	True
MM36EM	geo:GSE106218:MM36EM	sex	<map of column specimen>	file	raw/fp-ac2b4f47543b/GSE106218_family.soft.gz		!Sample_source_name_ch1 = MM34 !Sample_organism_ch1 = Homo sapiens !Sample_taxid_ch1 = 9606 !Sample_characteristics_ch1 = patient id: MM34 !Sample_characteristics_ch1 = gender: female !Sample_characteristics_ch1 = death(alive=0; death=1): 1 !Sample_characteristics_ch1 = cell type: Multiple myeloma !Sample_characteristics_ch1 = prep-site: Bone marrow !Sample_characteristics_ch1 = facs sorting: CD138 negative	True
MM38	geo:GSE106218:MM38	sex	<map of column specimen>	file	raw/fp-ac2b4f47543b/GSE106218_family.soft.gz		!Sample_source_name_ch1 = MM34 !Sample_organism_ch1 = Homo sapiens !Sample_taxid_ch1 = 9606 !Sample_characteristics_ch1 = patient id: MM34 !Sample_characteristics_ch1 = gender: female !Sample_characteristics_ch1 = death(alive=0; death=1): 1 !Sample_characteristics_ch1 = cell type: Multiple myeloma !Sample_characteristics_ch1 = prep-site: Bone marrow !Sample_characteristics_ch1 = facs sorting: CD138 negative	True
MM02	geo:GSE106218:MM02	sex	<map of column specimen>	file	raw/fp-ac2b4f47543b/GSE106218_family.soft.gz		!Sample_source_name_ch1 = MM34EM !Sample_organism_ch1 = Homo sapiens !Sample_taxid_ch1 = 9606 !Sample_characteristics_ch1 = patient id: MM34 !Sample_characteristics_ch1 = gender: female !Sample_characteristics_ch1 = death(alive=0; death=1): 1 !Sample_characteristics_ch1 = cell type: Multiple myeloma !Sample_characteristics_ch1 = prep-site: Ascites !Sample_characteristics_ch1 = facs sorting: CD138 negative	True
MM02EM	geo:GSE106218:MM02EM	sex	<map of column specimen>	file	raw/fp-ac2b4f47543b/GSE106218_family.soft.gz		!Sample_source_name_ch1 = MM34EM !Sample_organism_ch1 = Homo sapiens !Sample_taxid_ch1 = 9606 !Sample_characteristics_ch1 = patient id: MM34 !Sample_characteristics_ch1 = gender: female !Sample_characteristics_ch1 = death(alive=0; death=1): 1 !Sample_characteristics_ch1 = cell type: Multiple myeloma !Sample_characteristics_ch1 = prep-site: Ascites !Sample_characteristics_ch1 = facs sorting: CD138 negative	True
MM16	geo:GSE106218:MM16	sex	<map of column specimen>	file	raw/fp-ac2b4f47543b/GSE106218_family.soft.gz		!Sample_source_name_ch1 = MM34EM !Sample_organism_ch1 = Homo sapiens !Sample_taxid_ch1 = 9606 !Sample_characteristics_ch1 = patient id: MM34 !Sample_characteristics_ch1 = gender: female !Sample_characteristics_ch1 = death(alive=0; death=1): 1 !Sample_characteristics_ch1 = cell type: Multiple myeloma !Sample_characteristics_ch1 = prep-site: Ascites !Sample_characteristics_ch1 = facs sorting: CD138 negative	True
MM17	geo:GSE106218:MM17	sex	<map of column specimen>	file	raw/fp-ac2b4f47543b/GSE106218_family.soft.gz		!Sample_source_name_ch1 = MM34EM !Sample_organism_ch1 = Homo sapiens !Sample_taxid_ch1 = 9606 !Sample_characteristics_ch1 = patient id: MM34 !Sample_characteristics_ch1 = gender: female !Sample_characteristics_ch1 = death(alive=0; death=1): 1 !Sample_characteristics_ch1 = cell type: Multiple myeloma !Sample_characteristics_ch1 = prep-site: Ascites !Sample_characteristics_ch1 = facs sorting: CD138 negative	True
MM25	geo:GSE106218:MM25	sex	<map of column specimen>	file	raw/fp-ac2b4f47543b/GSE106218_family.soft.gz		!Sample_source_name_ch1 = MM34EM !Sample_organism_ch1 = Homo sapiens !Sample_taxid_ch1 = 9606 !Sample_characteristics_ch1 = patient id: MM34 !Sample_characteristics_ch1 = gender: female !Sample_characteristics_ch1 = death(alive=0; death=1): 1 !Sample_characteristics_ch1 = cell type: Multiple myeloma !Sample_characteristics_ch1 = prep-site: Ascites !Sample_characteristics_ch1 = facs sorting: CD138 negative	True
MM28	geo:GSE106218:MM28	sex	<map of column specimen>	file	raw/fp-ac2b4f47543b/GSE106218_family.soft.gz		!Sample_source_name_ch1 = MM34EM !Sample_organism_ch1 = Homo sapiens !Sample_taxid_ch1 = 9606 !Sample_characteristics_ch1 = patient id: MM34 !Sample_characteristics_ch1 = gender: female !Sample_characteristics_ch1 = death(alive=0; death=1): 1 !Sample_characteristics_ch1 = cell type: Multiple myeloma !Sample_characteristics_ch1 = prep-site: Ascites !Sample_characteristics_ch1 = facs sorting: CD138 negative	True
MM30	geo:GSE106218:MM30	sex	<map of column specimen>	file	raw/fp-ac2b4f47543b/GSE106218_family.soft.gz		!Sample_source_name_ch1 = MM34EM !Sample_organism_ch1 = Homo sapiens !Sample_taxid_ch1 = 9606 !Sample_characteristics_ch1 = patient id: MM34 !Sample_characteristics_ch1 = gender: female !Sample_characteristics_ch1 = death(alive=0; death=1): 1 !Sample_characteristics_ch1 = cell type: Multiple myeloma !Sample_characteristics_ch1 = prep-site: Ascites !Sample_characteristics_ch1 = facs sorting: CD138 negative	True
MM33	geo:GSE106218:MM33	sex	<map of column specimen>	file	raw/fp-ac2b4f47543b/GSE106218_family.soft.gz		!Sample_source_name_ch1 = MM34EM !Sample_organism_ch1 = Homo sapiens !Sample_taxid_ch1 = 9606 !Sample_characteristics_ch1 = patient id: MM34 !Sample_characteristics_ch1 = gender: female !Sample_characteristics_ch1 = death(alive=0; death=1): 1 !Sample_characteristics_ch1 = cell type: Multiple myeloma !Sample_characteristics_ch1 = prep-site: Ascites !Sample_characteristics_ch1 = facs sorting: CD138 negative	True
MM34	geo:GSE106218:MM34	sex	<map of column specimen>	file	raw/fp-ac2b4f47543b/GSE106218_family.soft.gz		!Sample_source_name_ch1 = MM34EM !Sample_organism_ch1 = Homo sapiens !Sample_taxid_ch1 = 9606 !Sample_characteristics_ch1 = patient id: MM34 !Sample_characteristics_ch1 = gender: female !Sample_characteristics_ch1 = death(alive=0; death=1): 1 !Sample_characteristics_ch1 = cell type: Multiple myeloma !Sample_characteristics_ch1 = prep-site: Ascites !Sample_characteristics_ch1 = facs sorting: CD138 negative	True
MM34EM	geo:GSE106218:MM34EM	sex	<map of column specimen>	file	raw/fp-ac2b4f47543b/GSE106218_family.soft.gz		!Sample_source_name_ch1 = MM34EM !Sample_organism_ch1 = Homo sapiens !Sample_taxid_ch1 = 9606 !Sample_characteristics_ch1 = patient id: MM34 !Sample_characteristics_ch1 = gender: female !Sample_characteristics_ch1 = death(alive=0; death=1): 1 !Sample_characteristics_ch1 = cell type: Multiple myeloma !Sample_characteristics_ch1 = prep-site: Ascites !Sample_characteristics_ch1 = facs sorting: CD138 negative	True
MM36EM	geo:GSE106218:MM36EM	sex	<map of column specimen>	file	raw/fp-ac2b4f47543b/GSE106218_family.soft.gz		!Sample_source_name_ch1 = MM34EM !Sample_organism_ch1 = Homo sapiens !Sample_taxid_ch1 = 9606 !Sample_characteristics_ch1 = patient id: MM34 !Sample_characteristics_ch1 = gender: female !Sample_characteristics_ch1 = death(alive=0; death=1): 1 !Sample_characteristics_ch1 = cell type: Multiple myeloma !Sample_characteristics_ch1 = prep-site: Ascites !Sample_characteristics_ch1 = facs sorting: CD138 negative	True
MM38	geo:GSE106218:MM38	sex	<map of column specimen>	file	raw/fp-ac2b4f47543b/GSE106218_family.soft.gz		!Sample_source_name_ch1 = MM34EM !Sample_organism_ch1 = Homo sapiens !Sample_taxid_ch1 = 9606 !Sample_characteristics_ch1 = patient id: MM34 !Sample_characteristics_ch1 = gender: female !Sample_characteristics_ch1 = death(alive=0; death=1): 1 !Sample_characteristics_ch1 = cell type: Multiple myeloma !Sample_characteristics_ch1 = prep-site: Ascites !Sample_characteristics_ch1 = facs sorting: CD138 negative	True
MM02	geo:GSE106218:MM02	sex	<map of column specimen>	file	raw/fp-ac2b4f47543b/GSE106218_family.soft.gz		!Sample_source_name_ch1 = MM36EM !Sample_organism_ch1 = Homo sapiens !Sample_taxid_ch1 = 9606 !Sample_characteristics_ch1 = patient id: MM36 !Sample_characteristics_ch1 = gender: male !Sample_characteristics_ch1 = death(alive=0; death=1): 1 !Sample_characteristics_ch1 = cell type: Multiple myeloma !Sample_characteristics_ch1 = prep-site: Ascites !Sample_characteristics_ch1 = facs sorting: CD138 positive	True
MM02EM	geo:GSE106218:MM02EM	sex	<map of column specimen>	file	raw/fp-ac2b4f47543b/GSE106218_family.soft.gz		!Sample_source_name_ch1 = MM36EM !Sample_organism_ch1 = Homo sapiens !Sample_taxid_ch1 = 9606 !Sample_characteristics_ch1 = patient id: MM36 !Sample_characteristics_ch1 = gender: male !Sample_characteristics_ch1 = death(alive=0; death=1): 1 !Sample_characteristics_ch1 = cell type: Multiple myeloma !Sample_characteristics_ch1 = prep-site: Ascites !Sample_characteristics_ch1 = facs sorting: CD138 positive	True
MM16	geo:GSE106218:MM16	sex	<map of column specimen>	file	raw/fp-ac2b4f47543b/GSE106218_family.soft.gz		!Sample_source_name_ch1 = MM36EM !Sample_organism_ch1 = Homo sapiens !Sample_taxid_ch1 = 9606 !Sample_characteristics_ch1 = patient id: MM36 !Sample_characteristics_ch1 = gender: male !Sample_characteristics_ch1 = death(alive=0; death=1): 1 !Sample_characteristics_ch1 = cell type: Multiple myeloma !Sample_characteristics_ch1 = prep-site: Ascites !Sample_characteristics_ch1 = facs sorting: CD138 positive	True
MM17	geo:GSE106218:MM17	sex	<map of column specimen>	file	raw/fp-ac2b4f47543b/GSE106218_family.soft.gz		!Sample_source_name_ch1 = MM36EM !Sample_organism_ch1 = Homo sapiens !Sample_taxid_ch1 = 9606 !Sample_characteristics_ch1 = patient id: MM36 !Sample_characteristics_ch1 = gender: male !Sample_characteristics_ch1 = death(alive=0; death=1): 1 !Sample_characteristics_ch1 = cell type: Multiple myeloma !Sample_characteristics_ch1 = prep-site: Ascites !Sample_characteristics_ch1 = facs sorting: CD138 positive	True
MM25	geo:GSE106218:MM25	sex	<map of column specimen>	file	raw/fp-ac2b4f47543b/GSE106218_family.soft.gz		!Sample_source_name_ch1 = MM36EM !Sample_organism_ch1 = Homo sapiens !Sample_taxid_ch1 = 9606 !Sample_characteristics_ch1 = patient id: MM36 !Sample_characteristics_ch1 = gender: male !Sample_characteristics_ch1 = death(alive=0; death=1): 1 !Sample_characteristics_ch1 = cell type: Multiple myeloma !Sample_characteristics_ch1 = prep-site: Ascites !Sample_characteristics_ch1 = facs sorting: CD138 positive	True
MM28	geo:GSE106218:MM28	sex	<map of column specimen>	file	raw/fp-ac2b4f47543b/GSE106218_family.soft.gz		!Sample_source_name_ch1 = MM36EM !Sample_organism_ch1 = Homo sapiens !Sample_taxid_ch1 = 9606 !Sample_characteristics_ch1 = patient id: MM36 !Sample_characteristics_ch1 = gender: male !Sample_characteristics_ch1 = death(alive=0; death=1): 1 !Sample_characteristics_ch1 = cell type: Multiple myeloma !Sample_characteristics_ch1 = prep-site: Ascites !Sample_characteristics_ch1 = facs sorting: CD138 positive	True
MM30	geo:GSE106218:MM30	sex	<map of column specimen>	file	raw/fp-ac2b4f47543b/GSE106218_family.soft.gz		!Sample_source_name_ch1 = MM36EM !Sample_organism_ch1 = Homo sapiens !Sample_taxid_ch1 = 9606 !Sample_characteristics_ch1 = patient id: MM36 !Sample_characteristics_ch1 = gender: male !Sample_characteristics_ch1 = death(alive=0; death=1): 1 !Sample_characteristics_ch1 = cell type: Multiple myeloma !Sample_characteristics_ch1 = prep-site: Ascites !Sample_characteristics_ch1 = facs sorting: CD138 positive	True
MM33	geo:GSE106218:MM33	sex	<map of column specimen>	file	raw/fp-ac2b4f47543b/GSE106218_family.soft.gz		!Sample_source_name_ch1 = MM36EM !Sample_organism_ch1 = Homo sapiens !Sample_taxid_ch1 = 9606 !Sample_characteristics_ch1 = patient id: MM36 !Sample_characteristics_ch1 = gender: male !Sample_characteristics_ch1 = death(alive=0; death=1): 1 !Sample_characteristics_ch1 = cell type: Multiple myeloma !Sample_characteristics_ch1 = prep-site: Ascites !Sample_characteristics_ch1 = facs sorting: CD138 positive	True
MM34	geo:GSE106218:MM34	sex	<map of column specimen>	file	raw/fp-ac2b4f47543b/GSE106218_family.soft.gz		!Sample_source_name_ch1 = MM36EM !Sample_organism_ch1 = Homo sapiens !Sample_taxid_ch1 = 9606 !Sample_characteristics_ch1 = patient id: MM36 !Sample_characteristics_ch1 = gender: male !Sample_characteristics_ch1 = death(alive=0; death=1): 1 !Sample_characteristics_ch1 = cell type: Multiple myeloma !Sample_characteristics_ch1 = prep-site: Ascites !Sample_characteristics_ch1 = facs sorting: CD138 positive	True
MM34EM	geo:GSE106218:MM34EM	sex	<map of column specimen>	file	raw/fp-ac2b4f47543b/GSE106218_family.soft.gz		!Sample_source_name_ch1 = MM36EM !Sample_organism_ch1 = Homo sapiens !Sample_taxid_ch1 = 9606 !Sample_characteristics_ch1 = patient id: MM36 !Sample_characteristics_ch1 = gender: male !Sample_characteristics_ch1 = death(alive=0; death=1): 1 !Sample_characteristics_ch1 = cell type: Multiple myeloma !Sample_characteristics_ch1 = prep-site: Ascites !Sample_characteristics_ch1 = facs sorting: CD138 positive	True
MM36EM	geo:GSE106218:MM36EM	sex	<map of column specimen>	file	raw/fp-ac2b4f47543b/GSE106218_family.soft.gz		!Sample_source_name_ch1 = MM36EM !Sample_organism_ch1 = Homo sapiens !Sample_taxid_ch1 = 9606 !Sample_characteristics_ch1 = patient id: MM36 !Sample_characteristics_ch1 = gender: male !Sample_characteristics_ch1 = death(alive=0; death=1): 1 !Sample_characteristics_ch1 = cell type: Multiple myeloma !Sample_characteristics_ch1 = prep-site: Ascites !Sample_characteristics_ch1 = facs sorting: CD138 positive	True
MM38	geo:GSE106218:MM38	sex	<map of column specimen>	file	raw/fp-ac2b4f47543b/GSE106218_family.soft.gz		!Sample_source_name_ch1 = MM36EM !Sample_organism_ch1 = Homo sapiens !Sample_taxid_ch1 = 9606 !Sample_characteristics_ch1 = patient id: MM36 !Sample_characteristics_ch1 = gender: male !Sample_characteristics_ch1 = death(alive=0; death=1): 1 !Sample_characteristics_ch1 = cell type: Multiple myeloma !Sample_characteristics_ch1 = prep-site: Ascites !Sample_characteristics_ch1 = facs sorting: CD138 positive	True
MM02	geo:GSE106218:MM02	sex	<map of column specimen>	file	raw/fp-ac2b4f47543b/GSE106218_family.soft.gz		!Sample_source_name_ch1 = MM38 !Sample_organism_ch1 = Homo sapiens !Sample_taxid_ch1 = 9606 !Sample_characteristics_ch1 = patient id: MM38 !Sample_characteristics_ch1 = gender: female !Sample_characteristics_ch1 = death(alive=0; death=1): 0 !Sample_characteristics_ch1 = cell type: Multiple myeloma !Sample_characteristics_ch1 = prep-site: Bone marrow !Sample_characteristics_ch1 = facs sorting: CD138 positive	True
MM02EM	geo:GSE106218:MM02EM	sex	<map of column specimen>	file	raw/fp-ac2b4f47543b/GSE106218_family.soft.gz		!Sample_source_name_ch1 = MM38 !Sample_organism_ch1 = Homo sapiens !Sample_taxid_ch1 = 9606 !Sample_characteristics_ch1 = patient id: MM38 !Sample_characteristics_ch1 = gender: female !Sample_characteristics_ch1 = death(alive=0; death=1): 0 !Sample_characteristics_ch1 = cell type: Multiple myeloma !Sample_characteristics_ch1 = prep-site: Bone marrow !Sample_characteristics_ch1 = facs sorting: CD138 positive	True
MM16	geo:GSE106218:MM16	sex	<map of column specimen>	file	raw/fp-ac2b4f47543b/GSE106218_family.soft.gz		!Sample_source_name_ch1 = MM38 !Sample_organism_ch1 = Homo sapiens !Sample_taxid_ch1 = 9606 !Sample_characteristics_ch1 = patient id: MM38 !Sample_characteristics_ch1 = gender: female !Sample_characteristics_ch1 = death(alive=0; death=1): 0 !Sample_characteristics_ch1 = cell type: Multiple myeloma !Sample_characteristics_ch1 = prep-site: Bone marrow !Sample_characteristics_ch1 = facs sorting: CD138 positive	True
MM17	geo:GSE106218:MM17	sex	<map of column specimen>	file	raw/fp-ac2b4f47543b/GSE106218_family.soft.gz		!Sample_source_name_ch1 = MM38 !Sample_organism_ch1 = Homo sapiens !Sample_taxid_ch1 = 9606 !Sample_characteristics_ch1 = patient id: MM38 !Sample_characteristics_ch1 = gender: female !Sample_characteristics_ch1 = death(alive=0; death=1): 0 !Sample_characteristics_ch1 = cell type: Multiple myeloma !Sample_characteristics_ch1 = prep-site: Bone marrow !Sample_characteristics_ch1 = facs sorting: CD138 positive	True
MM25	geo:GSE106218:MM25	sex	<map of column specimen>	file	raw/fp-ac2b4f47543b/GSE106218_family.soft.gz		!Sample_source_name_ch1 = MM38 !Sample_organism_ch1 = Homo sapiens !Sample_taxid_ch1 = 9606 !Sample_characteristics_ch1 = patient id: MM38 !Sample_characteristics_ch1 = gender: female !Sample_characteristics_ch1 = death(alive=0; death=1): 0 !Sample_characteristics_ch1 = cell type: Multiple myeloma !Sample_characteristics_ch1 = prep-site: Bone marrow !Sample_characteristics_ch1 = facs sorting: CD138 positive	True
MM28	geo:GSE106218:MM28	sex	<map of column specimen>	file	raw/fp-ac2b4f47543b/GSE106218_family.soft.gz		!Sample_source_name_ch1 = MM38 !Sample_organism_ch1 = Homo sapiens !Sample_taxid_ch1 = 9606 !Sample_characteristics_ch1 = patient id: MM38 !Sample_characteristics_ch1 = gender: female !Sample_characteristics_ch1 = death(alive=0; death=1): 0 !Sample_characteristics_ch1 = cell type: Multiple myeloma !Sample_characteristics_ch1 = prep-site: Bone marrow !Sample_characteristics_ch1 = facs sorting: CD138 positive	True
MM30	geo:GSE106218:MM30	sex	<map of column specimen>	file	raw/fp-ac2b4f47543b/GSE106218_family.soft.gz		!Sample_source_name_ch1 = MM38 !Sample_organism_ch1 = Homo sapiens !Sample_taxid_ch1 = 9606 !Sample_characteristics_ch1 = patient id: MM38 !Sample_characteristics_ch1 = gender: female !Sample_characteristics_ch1 = death(alive=0; death=1): 0 !Sample_characteristics_ch1 = cell type: Multiple myeloma !Sample_characteristics_ch1 = prep-site: Bone marrow !Sample_characteristics_ch1 = facs sorting: CD138 positive	True
MM33	geo:GSE106218:MM33	sex	<map of column specimen>	file	raw/fp-ac2b4f47543b/GSE106218_family.soft.gz		!Sample_source_name_ch1 = MM38 !Sample_organism_ch1 = Homo sapiens !Sample_taxid_ch1 = 9606 !Sample_characteristics_ch1 = patient id: MM38 !Sample_characteristics_ch1 = gender: female !Sample_characteristics_ch1 = death(alive=0; death=1): 0 !Sample_characteristics_ch1 = cell type: Multiple myeloma !Sample_characteristics_ch1 = prep-site: Bone marrow !Sample_characteristics_ch1 = facs sorting: CD138 positive	True
MM34	geo:GSE106218:MM34	sex	<map of column specimen>	file	raw/fp-ac2b4f47543b/GSE106218_family.soft.gz		!Sample_source_name_ch1 = MM38 !Sample_organism_ch1 = Homo sapiens !Sample_taxid_ch1 = 9606 !Sample_characteristics_ch1 = patient id: MM38 !Sample_characteristics_ch1 = gender: female !Sample_characteristics_ch1 = death(alive=0; death=1): 0 !Sample_characteristics_ch1 = cell type: Multiple myeloma !Sample_characteristics_ch1 = prep-site: Bone marrow !Sample_characteristics_ch1 = facs sorting: CD138 positive	True
MM34EM	geo:GSE106218:MM34EM	sex	<map of column specimen>	file	raw/fp-ac2b4f47543b/GSE106218_family.soft.gz		!Sample_source_name_ch1 = MM38 !Sample_organism_ch1 = Homo sapiens !Sample_taxid_ch1 = 9606 !Sample_characteristics_ch1 = patient id: MM38 !Sample_characteristics_ch1 = gender: female !Sample_characteristics_ch1 = death(alive=0; death=1): 0 !Sample_characteristics_ch1 = cell type: Multiple myeloma !Sample_characteristics_ch1 = prep-site: Bone marrow !Sample_characteristics_ch1 = facs sorting: CD138 positive	True
MM36EM	geo:GSE106218:MM36EM	sex	<map of column specimen>	file	raw/fp-ac2b4f47543b/GSE106218_family.soft.gz		!Sample_source_name_ch1 = MM38 !Sample_organism_ch1 = Homo sapiens !Sample_taxid_ch1 = 9606 !Sample_characteristics_ch1 = patient id: MM38 !Sample_characteristics_ch1 = gender: female !Sample_characteristics_ch1 = death(alive=0; death=1): 0 !Sample_characteristics_ch1 = cell type: Multiple myeloma !Sample_characteristics_ch1 = prep-site: Bone marrow !Sample_characteristics_ch1 = facs sorting: CD138 positive	True
MM38	geo:GSE106218:MM38	sex	<map of column specimen>	file	raw/fp-ac2b4f47543b/GSE106218_family.soft.gz		!Sample_source_name_ch1 = MM38 !Sample_organism_ch1 = Homo sapiens !Sample_taxid_ch1 = 9606 !Sample_characteristics_ch1 = patient id: MM38 !Sample_characteristics_ch1 = gender: female !Sample_characteristics_ch1 = death(alive=0; death=1): 0 !Sample_characteristics_ch1 = cell type: Multiple myeloma !Sample_characteristics_ch1 = prep-site: Bone marrow !Sample_characteristics_ch1 = facs sorting: CD138 positive	True
MM02	geo:GSE106218:MM02	sex	<map of column specimen>	file	raw/fp-ac2b4f47543b/GSE106218_GEO_clinical_information_MM.txt.gz		MM02 MM16 MM17 MM25 MM28 MM30 MM33 MM34 MM36 MM38 Sex M F F M M F F F M F	True
MM02EM	geo:GSE106218:MM02EM	sex	<map of column specimen>	file	raw/fp-ac2b4f47543b/GSE106218_GEO_clinical_information_MM.txt.gz		MM02 MM16 MM17 MM25 MM28 MM30 MM33 MM34 MM36 MM38 Sex M F F M M F F F M F	True
MM16	geo:GSE106218:MM16	sex	<map of column specimen>	file	raw/fp-ac2b4f47543b/GSE106218_GEO_clinical_information_MM.txt.gz		MM02 MM16 MM17 MM25 MM28 MM30 MM33 MM34 MM36 MM38 Sex M F F M M F F F M F	True
MM17	geo:GSE106218:MM17	sex	<map of column specimen>	file	raw/fp-ac2b4f47543b/GSE106218_GEO_clinical_information_MM.txt.gz		MM02 MM16 MM17 MM25 MM28 MM30 MM33 MM34 MM36 MM38 Sex M F F M M F F F M F	True
MM25	geo:GSE106218:MM25	sex	<map of column specimen>	file	raw/fp-ac2b4f47543b/GSE106218_GEO_clinical_information_MM.txt.gz		MM02 MM16 MM17 MM25 MM28 MM30 MM33 MM34 MM36 MM38 Sex M F F M M F F F M F	True
MM28	geo:GSE106218:MM28	sex	<map of column specimen>	file	raw/fp-ac2b4f47543b/GSE106218_GEO_clinical_information_MM.txt.gz		MM02 MM16 MM17 MM25 MM28 MM30 MM33 MM34 MM36 MM38 Sex M F F M M F F F M F	True
MM30	geo:GSE106218:MM30	sex	<map of column specimen>	file	raw/fp-ac2b4f47543b/GSE106218_GEO_clinical_information_MM.txt.gz		MM02 MM16 MM17 MM25 MM28 MM30 MM33 MM34 MM36 MM38 Sex M F F M M F F F M F	True
MM33	geo:GSE106218:MM33	sex	<map of column specimen>	file	raw/fp-ac2b4f47543b/GSE106218_GEO_clinical_information_MM.txt.gz		MM02 MM16 MM17 MM25 MM28 MM30 MM33 MM34 MM36 MM38 Sex M F F M M F F F M F	True
MM34	geo:GSE106218:MM34	sex	<map of column specimen>	file	raw/fp-ac2b4f47543b/GSE106218_GEO_clinical_information_MM.txt.gz		MM02 MM16 MM17 MM25 MM28 MM30 MM33 MM34 MM36 MM38 Sex M F F M M F F F M F	True
MM34EM	geo:GSE106218:MM34EM	sex	<map of column specimen>	file	raw/fp-ac2b4f47543b/GSE106218_GEO_clinical_information_MM.txt.gz		MM02 MM16 MM17 MM25 MM28 MM30 MM33 MM34 MM36 MM38 Sex M F F M M F F F M F	True
MM36EM	geo:GSE106218:MM36EM	sex	<map of column specimen>	file	raw/fp-ac2b4f47543b/GSE106218_GEO_clinical_information_MM.txt.gz		MM02 MM16 MM17 MM25 MM28 MM30 MM33 MM34 MM36 MM38 Sex M F F M M F F F M F	True
MM38	geo:GSE106218:MM38	sex	<map of column specimen>	file	raw/fp-ac2b4f47543b/GSE106218_GEO_clinical_information_MM.txt.gz		MM02 MM16 MM17 MM25 MM28 MM30 MM33 MM34 MM36 MM38 Sex M F F M M F F F M F	True
MM02	geo:GSE106218:MM02	tissue_free_text	<map of column specimen>	file	raw/fp-ac2b4f47543b/GSE106218_family.soft.gz		!Sample_source_name_ch1 = MM02 !Sample_organism_ch1 = Homo sapiens !Sample_taxid_ch1 = 9606 !Sample_characteristics_ch1 = patient id: MM02 !Sample_characteristics_ch1 = gender: male !Sample_characteristics_ch1 = death(alive=0; death=1): 1 !Sample_characteristics_ch1 = cell type: Multiple myeloma !Sample_characteristics_ch1 = prep-site: Bone marrow !Sample_characteristics_ch1 = facs sorting: CD138 positive	True
MM02EM	geo:GSE106218:MM02EM	tissue_free_text	<map of column specimen>	file	raw/fp-ac2b4f47543b/GSE106218_family.soft.gz		!Sample_source_name_ch1 = MM02 !Sample_organism_ch1 = Homo sapiens !Sample_taxid_ch1 = 9606 !Sample_characteristics_ch1 = patient id: MM02 !Sample_characteristics_ch1 = gender: male !Sample_characteristics_ch1 = death(alive=0; death=1): 1 !Sample_characteristics_ch1 = cell type: Multiple myeloma !Sample_characteristics_ch1 = prep-site: Bone marrow !Sample_characteristics_ch1 = facs sorting: CD138 positive	True
MM16	geo:GSE106218:MM16	tissue_free_text	<map of column specimen>	file	raw/fp-ac2b4f47543b/GSE106218_family.soft.gz		!Sample_source_name_ch1 = MM02 !Sample_organism_ch1 = Homo sapiens !Sample_taxid_ch1 = 9606 !Sample_characteristics_ch1 = patient id: MM02 !Sample_characteristics_ch1 = gender: male !Sample_characteristics_ch1 = death(alive=0; death=1): 1 !Sample_characteristics_ch1 = cell type: Multiple myeloma !Sample_characteristics_ch1 = prep-site: Bone marrow !Sample_characteristics_ch1 = facs sorting: CD138 positive	True
MM17	geo:GSE106218:MM17	tissue_free_text	<map of column specimen>	file	raw/fp-ac2b4f47543b/GSE106218_family.soft.gz		!Sample_source_name_ch1 = MM02 !Sample_organism_ch1 = Homo sapiens !Sample_taxid_ch1 = 9606 !Sample_characteristics_ch1 = patient id: MM02 !Sample_characteristics_ch1 = gender: male !Sample_characteristics_ch1 = death(alive=0; death=1): 1 !Sample_characteristics_ch1 = cell type: Multiple myeloma !Sample_characteristics_ch1 = prep-site: Bone marrow !Sample_characteristics_ch1 = facs sorting: CD138 positive	True
MM25	geo:GSE106218:MM25	tissue_free_text	<map of column specimen>	file	raw/fp-ac2b4f47543b/GSE106218_family.soft.gz		!Sample_source_name_ch1 = MM02 !Sample_organism_ch1 = Homo sapiens !Sample_taxid_ch1 = 9606 !Sample_characteristics_ch1 = patient id: MM02 !Sample_characteristics_ch1 = gender: male !Sample_characteristics_ch1 = death(alive=0; death=1): 1 !Sample_characteristics_ch1 = cell type: Multiple myeloma !Sample_characteristics_ch1 = prep-site: Bone marrow !Sample_characteristics_ch1 = facs sorting: CD138 positive	True
MM28	geo:GSE106218:MM28	tissue_free_text	<map of column specimen>	file	raw/fp-ac2b4f47543b/GSE106218_family.soft.gz		!Sample_source_name_ch1 = MM02 !Sample_organism_ch1 = Homo sapiens !Sample_taxid_ch1 = 9606 !Sample_characteristics_ch1 = patient id: MM02 !Sample_characteristics_ch1 = gender: male !Sample_characteristics_ch1 = death(alive=0; death=1): 1 !Sample_characteristics_ch1 = cell type: Multiple myeloma !Sample_characteristics_ch1 = prep-site: Bone marrow !Sample_characteristics_ch1 = facs sorting: CD138 positive	True
MM30	geo:GSE106218:MM30	tissue_free_text	<map of column specimen>	file	raw/fp-ac2b4f47543b/GSE106218_family.soft.gz		!Sample_source_name_ch1 = MM02 !Sample_organism_ch1 = Homo sapiens !Sample_taxid_ch1 = 9606 !Sample_characteristics_ch1 = patient id: MM02 !Sample_characteristics_ch1 = gender: male !Sample_characteristics_ch1 = death(alive=0; death=1): 1 !Sample_characteristics_ch1 = cell type: Multiple myeloma !Sample_characteristics_ch1 = prep-site: Bone marrow !Sample_characteristics_ch1 = facs sorting: CD138 positive	True
MM33	geo:GSE106218:MM33	tissue_free_text	<map of column specimen>	file	raw/fp-ac2b4f47543b/GSE106218_family.soft.gz		!Sample_source_name_ch1 = MM02 !Sample_organism_ch1 = Homo sapiens !Sample_taxid_ch1 = 9606 !Sample_characteristics_ch1 = patient id: MM02 !Sample_characteristics_ch1 = gender: male !Sample_characteristics_ch1 = death(alive=0; death=1): 1 !Sample_characteristics_ch1 = cell type: Multiple myeloma !Sample_characteristics_ch1 = prep-site: Bone marrow !Sample_characteristics_ch1 = facs sorting: CD138 positive	True
MM34	geo:GSE106218:MM34	tissue_free_text	<map of column specimen>	file	raw/fp-ac2b4f47543b/GSE106218_family.soft.gz		!Sample_source_name_ch1 = MM02 !Sample_organism_ch1 = Homo sapiens !Sample_taxid_ch1 = 9606 !Sample_characteristics_ch1 = patient id: MM02 !Sample_characteristics_ch1 = gender: male !Sample_characteristics_ch1 = death(alive=0; death=1): 1 !Sample_characteristics_ch1 = cell type: Multiple myeloma !Sample_characteristics_ch1 = prep-site: Bone marrow !Sample_characteristics_ch1 = facs sorting: CD138 positive	True
MM34EM	geo:GSE106218:MM34EM	tissue_free_text	<map of column specimen>	file	raw/fp-ac2b4f47543b/GSE106218_family.soft.gz		!Sample_source_name_ch1 = MM02 !Sample_organism_ch1 = Homo sapiens !Sample_taxid_ch1 = 9606 !Sample_characteristics_ch1 = patient id: MM02 !Sample_characteristics_ch1 = gender: male !Sample_characteristics_ch1 = death(alive=0; death=1): 1 !Sample_characteristics_ch1 = cell type: Multiple myeloma !Sample_characteristics_ch1 = prep-site: Bone marrow !Sample_characteristics_ch1 = facs sorting: CD138 positive	True
MM36EM	geo:GSE106218:MM36EM	tissue_free_text	<map of column specimen>	file	raw/fp-ac2b4f47543b/GSE106218_family.soft.gz		!Sample_source_name_ch1 = MM02 !Sample_organism_ch1 = Homo sapiens !Sample_taxid_ch1 = 9606 !Sample_characteristics_ch1 = patient id: MM02 !Sample_characteristics_ch1 = gender: male !Sample_characteristics_ch1 = death(alive=0; death=1): 1 !Sample_characteristics_ch1 = cell type: Multiple myeloma !Sample_characteristics_ch1 = prep-site: Bone marrow !Sample_characteristics_ch1 = facs sorting: CD138 positive	True
MM38	geo:GSE106218:MM38	tissue_free_text	<map of column specimen>	file	raw/fp-ac2b4f47543b/GSE106218_family.soft.gz		!Sample_source_name_ch1 = MM02 !Sample_organism_ch1 = Homo sapiens !Sample_taxid_ch1 = 9606 !Sample_characteristics_ch1 = patient id: MM02 !Sample_characteristics_ch1 = gender: male !Sample_characteristics_ch1 = death(alive=0; death=1): 1 !Sample_characteristics_ch1 = cell type: Multiple myeloma !Sample_characteristics_ch1 = prep-site: Bone marrow !Sample_characteristics_ch1 = facs sorting: CD138 positive	True
MM02	geo:GSE106218:MM02	tissue_free_text	<map of column specimen>	file	raw/fp-ac2b4f47543b/GSE106218_family.soft.gz		!Sample_source_name_ch1 = MM02EM !Sample_organism_ch1 = Homo sapiens !Sample_taxid_ch1 = 9606 !Sample_characteristics_ch1 = patient id: MM02 !Sample_characteristics_ch1 = gender: male !Sample_characteristics_ch1 = death(alive=0; death=1): 1 !Sample_characteristics_ch1 = cell type: Multiple myeloma !Sample_characteristics_ch1 = prep-site: Pleural effusion !Sample_characteristics_ch1 = facs sorting: CD138 positive	True
MM02EM	geo:GSE106218:MM02EM	tissue_free_text	<map of column specimen>	file	raw/fp-ac2b4f47543b/GSE106218_family.soft.gz		!Sample_source_name_ch1 = MM02EM !Sample_organism_ch1 = Homo sapiens !Sample_taxid_ch1 = 9606 !Sample_characteristics_ch1 = patient id: MM02 !Sample_characteristics_ch1 = gender: male !Sample_characteristics_ch1 = death(alive=0; death=1): 1 !Sample_characteristics_ch1 = cell type: Multiple myeloma !Sample_characteristics_ch1 = prep-site: Pleural effusion !Sample_characteristics_ch1 = facs sorting: CD138 positive	True
MM16	geo:GSE106218:MM16	tissue_free_text	<map of column specimen>	file	raw/fp-ac2b4f47543b/GSE106218_family.soft.gz		!Sample_source_name_ch1 = MM02EM !Sample_organism_ch1 = Homo sapiens !Sample_taxid_ch1 = 9606 !Sample_characteristics_ch1 = patient id: MM02 !Sample_characteristics_ch1 = gender: male !Sample_characteristics_ch1 = death(alive=0; death=1): 1 !Sample_characteristics_ch1 = cell type: Multiple myeloma !Sample_characteristics_ch1 = prep-site: Pleural effusion !Sample_characteristics_ch1 = facs sorting: CD138 positive	True
MM17	geo:GSE106218:MM17	tissue_free_text	<map of column specimen>	file	raw/fp-ac2b4f47543b/GSE106218_family.soft.gz		!Sample_source_name_ch1 = MM02EM !Sample_organism_ch1 = Homo sapiens !Sample_taxid_ch1 = 9606 !Sample_characteristics_ch1 = patient id: MM02 !Sample_characteristics_ch1 = gender: male !Sample_characteristics_ch1 = death(alive=0; death=1): 1 !Sample_characteristics_ch1 = cell type: Multiple myeloma !Sample_characteristics_ch1 = prep-site: Pleural effusion !Sample_characteristics_ch1 = facs sorting: CD138 positive	True
MM25	geo:GSE106218:MM25	tissue_free_text	<map of column specimen>	file	raw/fp-ac2b4f47543b/GSE106218_family.soft.gz		!Sample_source_name_ch1 = MM02EM !Sample_organism_ch1 = Homo sapiens !Sample_taxid_ch1 = 9606 !Sample_characteristics_ch1 = patient id: MM02 !Sample_characteristics_ch1 = gender: male !Sample_characteristics_ch1 = death(alive=0; death=1): 1 !Sample_characteristics_ch1 = cell type: Multiple myeloma !Sample_characteristics_ch1 = prep-site: Pleural effusion !Sample_characteristics_ch1 = facs sorting: CD138 positive	True
MM28	geo:GSE106218:MM28	tissue_free_text	<map of column specimen>	file	raw/fp-ac2b4f47543b/GSE106218_family.soft.gz		!Sample_source_name_ch1 = MM02EM !Sample_organism_ch1 = Homo sapiens !Sample_taxid_ch1 = 9606 !Sample_characteristics_ch1 = patient id: MM02 !Sample_characteristics_ch1 = gender: male !Sample_characteristics_ch1 = death(alive=0; death=1): 1 !Sample_characteristics_ch1 = cell type: Multiple myeloma !Sample_characteristics_ch1 = prep-site: Pleural effusion !Sample_characteristics_ch1 = facs sorting: CD138 positive	True
MM30	geo:GSE106218:MM30	tissue_free_text	<map of column specimen>	file	raw/fp-ac2b4f47543b/GSE106218_family.soft.gz		!Sample_source_name_ch1 = MM02EM !Sample_organism_ch1 = Homo sapiens !Sample_taxid_ch1 = 9606 !Sample_characteristics_ch1 = patient id: MM02 !Sample_characteristics_ch1 = gender: male !Sample_characteristics_ch1 = death(alive=0; death=1): 1 !Sample_characteristics_ch1 = cell type: Multiple myeloma !Sample_characteristics_ch1 = prep-site: Pleural effusion !Sample_characteristics_ch1 = facs sorting: CD138 positive	True
MM33	geo:GSE106218:MM33	tissue_free_text	<map of column specimen>	file	raw/fp-ac2b4f47543b/GSE106218_family.soft.gz		!Sample_source_name_ch1 = MM02EM !Sample_organism_ch1 = Homo sapiens !Sample_taxid_ch1 = 9606 !Sample_characteristics_ch1 = patient id: MM02 !Sample_characteristics_ch1 = gender: male !Sample_characteristics_ch1 = death(alive=0; death=1): 1 !Sample_characteristics_ch1 = cell type: Multiple myeloma !Sample_characteristics_ch1 = prep-site: Pleural effusion !Sample_characteristics_ch1 = facs sorting: CD138 positive	True
MM34	geo:GSE106218:MM34	tissue_free_text	<map of column specimen>	file	raw/fp-ac2b4f47543b/GSE106218_family.soft.gz		!Sample_source_name_ch1 = MM02EM !Sample_organism_ch1 = Homo sapiens !Sample_taxid_ch1 = 9606 !Sample_characteristics_ch1 = patient id: MM02 !Sample_characteristics_ch1 = gender: male !Sample_characteristics_ch1 = death(alive=0; death=1): 1 !Sample_characteristics_ch1 = cell type: Multiple myeloma !Sample_characteristics_ch1 = prep-site: Pleural effusion !Sample_characteristics_ch1 = facs sorting: CD138 positive	True
MM34EM	geo:GSE106218:MM34EM	tissue_free_text	<map of column specimen>	file	raw/fp-ac2b4f47543b/GSE106218_family.soft.gz		!Sample_source_name_ch1 = MM02EM !Sample_organism_ch1 = Homo sapiens !Sample_taxid_ch1 = 9606 !Sample_characteristics_ch1 = patient id: MM02 !Sample_characteristics_ch1 = gender: male !Sample_characteristics_ch1 = death(alive=0; death=1): 1 !Sample_characteristics_ch1 = cell type: Multiple myeloma !Sample_characteristics_ch1 = prep-site: Pleural effusion !Sample_characteristics_ch1 = facs sorting: CD138 positive	True
MM36EM	geo:GSE106218:MM36EM	tissue_free_text	<map of column specimen>	file	raw/fp-ac2b4f47543b/GSE106218_family.soft.gz		!Sample_source_name_ch1 = MM02EM !Sample_organism_ch1 = Homo sapiens !Sample_taxid_ch1 = 9606 !Sample_characteristics_ch1 = patient id: MM02 !Sample_characteristics_ch1 = gender: male !Sample_characteristics_ch1 = death(alive=0; death=1): 1 !Sample_characteristics_ch1 = cell type: Multiple myeloma !Sample_characteristics_ch1 = prep-site: Pleural effusion !Sample_characteristics_ch1 = facs sorting: CD138 positive	True
MM38	geo:GSE106218:MM38	tissue_free_text	<map of column specimen>	file	raw/fp-ac2b4f47543b/GSE106218_family.soft.gz		!Sample_source_name_ch1 = MM02EM !Sample_organism_ch1 = Homo sapiens !Sample_taxid_ch1 = 9606 !Sample_characteristics_ch1 = patient id: MM02 !Sample_characteristics_ch1 = gender: male !Sample_characteristics_ch1 = death(alive=0; death=1): 1 !Sample_characteristics_ch1 = cell type: Multiple myeloma !Sample_characteristics_ch1 = prep-site: Pleural effusion !Sample_characteristics_ch1 = facs sorting: CD138 positive	True
MM02	geo:GSE106218:MM02	tissue_free_text	<map of column specimen>	file	raw/fp-ac2b4f47543b/GSE106218_family.soft.gz		!Sample_source_name_ch1 = MM16 !Sample_organism_ch1 = Homo sapiens !Sample_taxid_ch1 = 9606 !Sample_characteristics_ch1 = patient id: MM16 !Sample_characteristics_ch1 = gender: female !Sample_characteristics_ch1 = death(alive=0; death=1): 1 !Sample_characteristics_ch1 = cell type: Multiple myeloma !Sample_characteristics_ch1 = prep-site: Bone marrow !Sample_characteristics_ch1 = facs sorting: CD138 negative	True
MM02EM	geo:GSE106218:MM02EM	tissue_free_text	<map of column specimen>	file	raw/fp-ac2b4f47543b/GSE106218_family.soft.gz		!Sample_source_name_ch1 = MM16 !Sample_organism_ch1 = Homo sapiens !Sample_taxid_ch1 = 9606 !Sample_characteristics_ch1 = patient id: MM16 !Sample_characteristics_ch1 = gender: female !Sample_characteristics_ch1 = death(alive=0; death=1): 1 !Sample_characteristics_ch1 = cell type: Multiple myeloma !Sample_characteristics_ch1 = prep-site: Bone marrow !Sample_characteristics_ch1 = facs sorting: CD138 negative	True
MM16	geo:GSE106218:MM16	tissue_free_text	<map of column specimen>	file	raw/fp-ac2b4f47543b/GSE106218_family.soft.gz		!Sample_source_name_ch1 = MM16 !Sample_organism_ch1 = Homo sapiens !Sample_taxid_ch1 = 9606 !Sample_characteristics_ch1 = patient id: MM16 !Sample_characteristics_ch1 = gender: female !Sample_characteristics_ch1 = death(alive=0; death=1): 1 !Sample_characteristics_ch1 = cell type: Multiple myeloma !Sample_characteristics_ch1 = prep-site: Bone marrow !Sample_characteristics_ch1 = facs sorting: CD138 negative	True
MM17	geo:GSE106218:MM17	tissue_free_text	<map of column specimen>	file	raw/fp-ac2b4f47543b/GSE106218_family.soft.gz		!Sample_source_name_ch1 = MM16 !Sample_organism_ch1 = Homo sapiens !Sample_taxid_ch1 = 9606 !Sample_characteristics_ch1 = patient id: MM16 !Sample_characteristics_ch1 = gender: female !Sample_characteristics_ch1 = death(alive=0; death=1): 1 !Sample_characteristics_ch1 = cell type: Multiple myeloma !Sample_characteristics_ch1 = prep-site: Bone marrow !Sample_characteristics_ch1 = facs sorting: CD138 negative	True
MM25	geo:GSE106218:MM25	tissue_free_text	<map of column specimen>	file	raw/fp-ac2b4f47543b/GSE106218_family.soft.gz		!Sample_source_name_ch1 = MM16 !Sample_organism_ch1 = Homo sapiens !Sample_taxid_ch1 = 9606 !Sample_characteristics_ch1 = patient id: MM16 !Sample_characteristics_ch1 = gender: female !Sample_characteristics_ch1 = death(alive=0; death=1): 1 !Sample_characteristics_ch1 = cell type: Multiple myeloma !Sample_characteristics_ch1 = prep-site: Bone marrow !Sample_characteristics_ch1 = facs sorting: CD138 negative	True
MM28	geo:GSE106218:MM28	tissue_free_text	<map of column specimen>	file	raw/fp-ac2b4f47543b/GSE106218_family.soft.gz		!Sample_source_name_ch1 = MM16 !Sample_organism_ch1 = Homo sapiens !Sample_taxid_ch1 = 9606 !Sample_characteristics_ch1 = patient id: MM16 !Sample_characteristics_ch1 = gender: female !Sample_characteristics_ch1 = death(alive=0; death=1): 1 !Sample_characteristics_ch1 = cell type: Multiple myeloma !Sample_characteristics_ch1 = prep-site: Bone marrow !Sample_characteristics_ch1 = facs sorting: CD138 negative	True
MM30	geo:GSE106218:MM30	tissue_free_text	<map of column specimen>	file	raw/fp-ac2b4f47543b/GSE106218_family.soft.gz		!Sample_source_name_ch1 = MM16 !Sample_organism_ch1 = Homo sapiens !Sample_taxid_ch1 = 9606 !Sample_characteristics_ch1 = patient id: MM16 !Sample_characteristics_ch1 = gender: female !Sample_characteristics_ch1 = death(alive=0; death=1): 1 !Sample_characteristics_ch1 = cell type: Multiple myeloma !Sample_characteristics_ch1 = prep-site: Bone marrow !Sample_characteristics_ch1 = facs sorting: CD138 negative	True
MM33	geo:GSE106218:MM33	tissue_free_text	<map of column specimen>	file	raw/fp-ac2b4f47543b/GSE106218_family.soft.gz		!Sample_source_name_ch1 = MM16 !Sample_organism_ch1 = Homo sapiens !Sample_taxid_ch1 = 9606 !Sample_characteristics_ch1 = patient id: MM16 !Sample_characteristics_ch1 = gender: female !Sample_characteristics_ch1 = death(alive=0; death=1): 1 !Sample_characteristics_ch1 = cell type: Multiple myeloma !Sample_characteristics_ch1 = prep-site: Bone marrow !Sample_characteristics_ch1 = facs sorting: CD138 negative	True
MM34	geo:GSE106218:MM34	tissue_free_text	<map of column specimen>	file	raw/fp-ac2b4f47543b/GSE106218_family.soft.gz		!Sample_source_name_ch1 = MM16 !Sample_organism_ch1 = Homo sapiens !Sample_taxid_ch1 = 9606 !Sample_characteristics_ch1 = patient id: MM16 !Sample_characteristics_ch1 = gender: female !Sample_characteristics_ch1 = death(alive=0; death=1): 1 !Sample_characteristics_ch1 = cell type: Multiple myeloma !Sample_characteristics_ch1 = prep-site: Bone marrow !Sample_characteristics_ch1 = facs sorting: CD138 negative	True
MM34EM	geo:GSE106218:MM34EM	tissue_free_text	<map of column specimen>	file	raw/fp-ac2b4f47543b/GSE106218_family.soft.gz		!Sample_source_name_ch1 = MM16 !Sample_organism_ch1 = Homo sapiens !Sample_taxid_ch1 = 9606 !Sample_characteristics_ch1 = patient id: MM16 !Sample_characteristics_ch1 = gender: female !Sample_characteristics_ch1 = death(alive=0; death=1): 1 !Sample_characteristics_ch1 = cell type: Multiple myeloma !Sample_characteristics_ch1 = prep-site: Bone marrow !Sample_characteristics_ch1 = facs sorting: CD138 negative	True
MM36EM	geo:GSE106218:MM36EM	tissue_free_text	<map of column specimen>	file	raw/fp-ac2b4f47543b/GSE106218_family.soft.gz		!Sample_source_name_ch1 = MM16 !Sample_organism_ch1 = Homo sapiens !Sample_taxid_ch1 = 9606 !Sample_characteristics_ch1 = patient id: MM16 !Sample_characteristics_ch1 = gender: female !Sample_characteristics_ch1 = death(alive=0; death=1): 1 !Sample_characteristics_ch1 = cell type: Multiple myeloma !Sample_characteristics_ch1 = prep-site: Bone marrow !Sample_characteristics_ch1 = facs sorting: CD138 negative	True
MM38	geo:GSE106218:MM38	tissue_free_text	<map of column specimen>	file	raw/fp-ac2b4f47543b/GSE106218_family.soft.gz		!Sample_source_name_ch1 = MM16 !Sample_organism_ch1 = Homo sapiens !Sample_taxid_ch1 = 9606 !Sample_characteristics_ch1 = patient id: MM16 !Sample_characteristics_ch1 = gender: female !Sample_characteristics_ch1 = death(alive=0; death=1): 1 !Sample_characteristics_ch1 = cell type: Multiple myeloma !Sample_characteristics_ch1 = prep-site: Bone marrow !Sample_characteristics_ch1 = facs sorting: CD138 negative	True
MM02	geo:GSE106218:MM02	tissue_free_text	<map of column specimen>	file	raw/fp-ac2b4f47543b/GSE106218_family.soft.gz		!Sample_source_name_ch1 = MM17 !Sample_organism_ch1 = Homo sapiens !Sample_taxid_ch1 = 9606 !Sample_characteristics_ch1 = patient id: MM17 !Sample_characteristics_ch1 = gender: female !Sample_characteristics_ch1 = death(alive=0; death=1): 1 !Sample_characteristics_ch1 = cell type: Multiple myeloma !Sample_characteristics_ch1 = prep-site: Bone marrow !Sample_characteristics_ch1 = facs sorting: CD138 positive	True
MM02EM	geo:GSE106218:MM02EM	tissue_free_text	<map of column specimen>	file	raw/fp-ac2b4f47543b/GSE106218_family.soft.gz		!Sample_source_name_ch1 = MM17 !Sample_organism_ch1 = Homo sapiens !Sample_taxid_ch1 = 9606 !Sample_characteristics_ch1 = patient id: MM17 !Sample_characteristics_ch1 = gender: female !Sample_characteristics_ch1 = death(alive=0; death=1): 1 !Sample_characteristics_ch1 = cell type: Multiple myeloma !Sample_characteristics_ch1 = prep-site: Bone marrow !Sample_characteristics_ch1 = facs sorting: CD138 positive	True
MM16	geo:GSE106218:MM16	tissue_free_text	<map of column specimen>	file	raw/fp-ac2b4f47543b/GSE106218_family.soft.gz		!Sample_source_name_ch1 = MM17 !Sample_organism_ch1 = Homo sapiens !Sample_taxid_ch1 = 9606 !Sample_characteristics_ch1 = patient id: MM17 !Sample_characteristics_ch1 = gender: female !Sample_characteristics_ch1 = death(alive=0; death=1): 1 !Sample_characteristics_ch1 = cell type: Multiple myeloma !Sample_characteristics_ch1 = prep-site: Bone marrow !Sample_characteristics_ch1 = facs sorting: CD138 positive	True
MM17	geo:GSE106218:MM17	tissue_free_text	<map of column specimen>	file	raw/fp-ac2b4f47543b/GSE106218_family.soft.gz		!Sample_source_name_ch1 = MM17 !Sample_organism_ch1 = Homo sapiens !Sample_taxid_ch1 = 9606 !Sample_characteristics_ch1 = patient id: MM17 !Sample_characteristics_ch1 = gender: female !Sample_characteristics_ch1 = death(alive=0; death=1): 1 !Sample_characteristics_ch1 = cell type: Multiple myeloma !Sample_characteristics_ch1 = prep-site: Bone marrow !Sample_characteristics_ch1 = facs sorting: CD138 positive	True
MM25	geo:GSE106218:MM25	tissue_free_text	<map of column specimen>	file	raw/fp-ac2b4f47543b/GSE106218_family.soft.gz		!Sample_source_name_ch1 = MM17 !Sample_organism_ch1 = Homo sapiens !Sample_taxid_ch1 = 9606 !Sample_characteristics_ch1 = patient id: MM17 !Sample_characteristics_ch1 = gender: female !Sample_characteristics_ch1 = death(alive=0; death=1): 1 !Sample_characteristics_ch1 = cell type: Multiple myeloma !Sample_characteristics_ch1 = prep-site: Bone marrow !Sample_characteristics_ch1 = facs sorting: CD138 positive	True
MM28	geo:GSE106218:MM28	tissue_free_text	<map of column specimen>	file	raw/fp-ac2b4f47543b/GSE106218_family.soft.gz		!Sample_source_name_ch1 = MM17 !Sample_organism_ch1 = Homo sapiens !Sample_taxid_ch1 = 9606 !Sample_characteristics_ch1 = patient id: MM17 !Sample_characteristics_ch1 = gender: female !Sample_characteristics_ch1 = death(alive=0; death=1): 1 !Sample_characteristics_ch1 = cell type: Multiple myeloma !Sample_characteristics_ch1 = prep-site: Bone marrow !Sample_characteristics_ch1 = facs sorting: CD138 positive	True
MM30	geo:GSE106218:MM30	tissue_free_text	<map of column specimen>	file	raw/fp-ac2b4f47543b/GSE106218_family.soft.gz		!Sample_source_name_ch1 = MM17 !Sample_organism_ch1 = Homo sapiens !Sample_taxid_ch1 = 9606 !Sample_characteristics_ch1 = patient id: MM17 !Sample_characteristics_ch1 = gender: female !Sample_characteristics_ch1 = death(alive=0; death=1): 1 !Sample_characteristics_ch1 = cell type: Multiple myeloma !Sample_characteristics_ch1 = prep-site: Bone marrow !Sample_characteristics_ch1 = facs sorting: CD138 positive	True
MM33	geo:GSE106218:MM33	tissue_free_text	<map of column specimen>	file	raw/fp-ac2b4f47543b/GSE106218_family.soft.gz		!Sample_source_name_ch1 = MM17 !Sample_organism_ch1 = Homo sapiens !Sample_taxid_ch1 = 9606 !Sample_characteristics_ch1 = patient id: MM17 !Sample_characteristics_ch1 = gender: female !Sample_characteristics_ch1 = death(alive=0; death=1): 1 !Sample_characteristics_ch1 = cell type: Multiple myeloma !Sample_characteristics_ch1 = prep-site: Bone marrow !Sample_characteristics_ch1 = facs sorting: CD138 positive	True
MM34	geo:GSE106218:MM34	tissue_free_text	<map of column specimen>	file	raw/fp-ac2b4f47543b/GSE106218_family.soft.gz		!Sample_source_name_ch1 = MM17 !Sample_organism_ch1 = Homo sapiens !Sample_taxid_ch1 = 9606 !Sample_characteristics_ch1 = patient id: MM17 !Sample_characteristics_ch1 = gender: female !Sample_characteristics_ch1 = death(alive=0; death=1): 1 !Sample_characteristics_ch1 = cell type: Multiple myeloma !Sample_characteristics_ch1 = prep-site: Bone marrow !Sample_characteristics_ch1 = facs sorting: CD138 positive	True
MM34EM	geo:GSE106218:MM34EM	tissue_free_text	<map of column specimen>	file	raw/fp-ac2b4f47543b/GSE106218_family.soft.gz		!Sample_source_name_ch1 = MM17 !Sample_organism_ch1 = Homo sapiens !Sample_taxid_ch1 = 9606 !Sample_characteristics_ch1 = patient id: MM17 !Sample_characteristics_ch1 = gender: female !Sample_characteristics_ch1 = death(alive=0; death=1): 1 !Sample_characteristics_ch1 = cell type: Multiple myeloma !Sample_characteristics_ch1 = prep-site: Bone marrow !Sample_characteristics_ch1 = facs sorting: CD138 positive	True
MM36EM	geo:GSE106218:MM36EM	tissue_free_text	<map of column specimen>	file	raw/fp-ac2b4f47543b/GSE106218_family.soft.gz		!Sample_source_name_ch1 = MM17 !Sample_organism_ch1 = Homo sapiens !Sample_taxid_ch1 = 9606 !Sample_characteristics_ch1 = patient id: MM17 !Sample_characteristics_ch1 = gender: female !Sample_characteristics_ch1 = death(alive=0; death=1): 1 !Sample_characteristics_ch1 = cell type: Multiple myeloma !Sample_characteristics_ch1 = prep-site: Bone marrow !Sample_characteristics_ch1 = facs sorting: CD138 positive	True
MM38	geo:GSE106218:MM38	tissue_free_text	<map of column specimen>	file	raw/fp-ac2b4f47543b/GSE106218_family.soft.gz		!Sample_source_name_ch1 = MM17 !Sample_organism_ch1 = Homo sapiens !Sample_taxid_ch1 = 9606 !Sample_characteristics_ch1 = patient id: MM17 !Sample_characteristics_ch1 = gender: female !Sample_characteristics_ch1 = death(alive=0; death=1): 1 !Sample_characteristics_ch1 = cell type: Multiple myeloma !Sample_characteristics_ch1 = prep-site: Bone marrow !Sample_characteristics_ch1 = facs sorting: CD138 positive	True
MM02	geo:GSE106218:MM02	tissue_free_text	<map of column specimen>	file	raw/fp-ac2b4f47543b/GSE106218_family.soft.gz		!Sample_source_name_ch1 = MM25 !Sample_organism_ch1 = Homo sapiens !Sample_taxid_ch1 = 9606 !Sample_characteristics_ch1 = patient id: MM25 !Sample_characteristics_ch1 = gender: male !Sample_characteristics_ch1 = death(alive=0; death=1): 1 !Sample_characteristics_ch1 = cell type: Multiple myeloma !Sample_characteristics_ch1 = prep-site: Bone marrow !Sample_characteristics_ch1 = facs sorting: CD138 positive	True
MM02EM	geo:GSE106218:MM02EM	tissue_free_text	<map of column specimen>	file	raw/fp-ac2b4f47543b/GSE106218_family.soft.gz		!Sample_source_name_ch1 = MM25 !Sample_organism_ch1 = Homo sapiens !Sample_taxid_ch1 = 9606 !Sample_characteristics_ch1 = patient id: MM25 !Sample_characteristics_ch1 = gender: male !Sample_characteristics_ch1 = death(alive=0; death=1): 1 !Sample_characteristics_ch1 = cell type: Multiple myeloma !Sample_characteristics_ch1 = prep-site: Bone marrow !Sample_characteristics_ch1 = facs sorting: CD138 positive	True
MM16	geo:GSE106218:MM16	tissue_free_text	<map of column specimen>	file	raw/fp-ac2b4f47543b/GSE106218_family.soft.gz		!Sample_source_name_ch1 = MM25 !Sample_organism_ch1 = Homo sapiens !Sample_taxid_ch1 = 9606 !Sample_characteristics_ch1 = patient id: MM25 !Sample_characteristics_ch1 = gender: male !Sample_characteristics_ch1 = death(alive=0; death=1): 1 !Sample_characteristics_ch1 = cell type: Multiple myeloma !Sample_characteristics_ch1 = prep-site: Bone marrow !Sample_characteristics_ch1 = facs sorting: CD138 positive	True
MM17	geo:GSE106218:MM17	tissue_free_text	<map of column specimen>	file	raw/fp-ac2b4f47543b/GSE106218_family.soft.gz		!Sample_source_name_ch1 = MM25 !Sample_organism_ch1 = Homo sapiens !Sample_taxid_ch1 = 9606 !Sample_characteristics_ch1 = patient id: MM25 !Sample_characteristics_ch1 = gender: male !Sample_characteristics_ch1 = death(alive=0; death=1): 1 !Sample_characteristics_ch1 = cell type: Multiple myeloma !Sample_characteristics_ch1 = prep-site: Bone marrow !Sample_characteristics_ch1 = facs sorting: CD138 positive	True
MM25	geo:GSE106218:MM25	tissue_free_text	<map of column specimen>	file	raw/fp-ac2b4f47543b/GSE106218_family.soft.gz		!Sample_source_name_ch1 = MM25 !Sample_organism_ch1 = Homo sapiens !Sample_taxid_ch1 = 9606 !Sample_characteristics_ch1 = patient id: MM25 !Sample_characteristics_ch1 = gender: male !Sample_characteristics_ch1 = death(alive=0; death=1): 1 !Sample_characteristics_ch1 = cell type: Multiple myeloma !Sample_characteristics_ch1 = prep-site: Bone marrow !Sample_characteristics_ch1 = facs sorting: CD138 positive	True
MM28	geo:GSE106218:MM28	tissue_free_text	<map of column specimen>	file	raw/fp-ac2b4f47543b/GSE106218_family.soft.gz		!Sample_source_name_ch1 = MM25 !Sample_organism_ch1 = Homo sapiens !Sample_taxid_ch1 = 9606 !Sample_characteristics_ch1 = patient id: MM25 !Sample_characteristics_ch1 = gender: male !Sample_characteristics_ch1 = death(alive=0; death=1): 1 !Sample_characteristics_ch1 = cell type: Multiple myeloma !Sample_characteristics_ch1 = prep-site: Bone marrow !Sample_characteristics_ch1 = facs sorting: CD138 positive	True
MM30	geo:GSE106218:MM30	tissue_free_text	<map of column specimen>	file	raw/fp-ac2b4f47543b/GSE106218_family.soft.gz		!Sample_source_name_ch1 = MM25 !Sample_organism_ch1 = Homo sapiens !Sample_taxid_ch1 = 9606 !Sample_characteristics_ch1 = patient id: MM25 !Sample_characteristics_ch1 = gender: male !Sample_characteristics_ch1 = death(alive=0; death=1): 1 !Sample_characteristics_ch1 = cell type: Multiple myeloma !Sample_characteristics_ch1 = prep-site: Bone marrow !Sample_characteristics_ch1 = facs sorting: CD138 positive	True
MM33	geo:GSE106218:MM33	tissue_free_text	<map of column specimen>	file	raw/fp-ac2b4f47543b/GSE106218_family.soft.gz		!Sample_source_name_ch1 = MM25 !Sample_organism_ch1 = Homo sapiens !Sample_taxid_ch1 = 9606 !Sample_characteristics_ch1 = patient id: MM25 !Sample_characteristics_ch1 = gender: male !Sample_characteristics_ch1 = death(alive=0; death=1): 1 !Sample_characteristics_ch1 = cell type: Multiple myeloma !Sample_characteristics_ch1 = prep-site: Bone marrow !Sample_characteristics_ch1 = facs sorting: CD138 positive	True
MM34	geo:GSE106218:MM34	tissue_free_text	<map of column specimen>	file	raw/fp-ac2b4f47543b/GSE106218_family.soft.gz		!Sample_source_name_ch1 = MM25 !Sample_organism_ch1 = Homo sapiens !Sample_taxid_ch1 = 9606 !Sample_characteristics_ch1 = patient id: MM25 !Sample_characteristics_ch1 = gender: male !Sample_characteristics_ch1 = death(alive=0; death=1): 1 !Sample_characteristics_ch1 = cell type: Multiple myeloma !Sample_characteristics_ch1 = prep-site: Bone marrow !Sample_characteristics_ch1 = facs sorting: CD138 positive	True
MM34EM	geo:GSE106218:MM34EM	tissue_free_text	<map of column specimen>	file	raw/fp-ac2b4f47543b/GSE106218_family.soft.gz		!Sample_source_name_ch1 = MM25 !Sample_organism_ch1 = Homo sapiens !Sample_taxid_ch1 = 9606 !Sample_characteristics_ch1 = patient id: MM25 !Sample_characteristics_ch1 = gender: male !Sample_characteristics_ch1 = death(alive=0; death=1): 1 !Sample_characteristics_ch1 = cell type: Multiple myeloma !Sample_characteristics_ch1 = prep-site: Bone marrow !Sample_characteristics_ch1 = facs sorting: CD138 positive	True
MM36EM	geo:GSE106218:MM36EM	tissue_free_text	<map of column specimen>	file	raw/fp-ac2b4f47543b/GSE106218_family.soft.gz		!Sample_source_name_ch1 = MM25 !Sample_organism_ch1 = Homo sapiens !Sample_taxid_ch1 = 9606 !Sample_characteristics_ch1 = patient id: MM25 !Sample_characteristics_ch1 = gender: male !Sample_characteristics_ch1 = death(alive=0; death=1): 1 !Sample_characteristics_ch1 = cell type: Multiple myeloma !Sample_characteristics_ch1 = prep-site: Bone marrow !Sample_characteristics_ch1 = facs sorting: CD138 positive	True
MM38	geo:GSE106218:MM38	tissue_free_text	<map of column specimen>	file	raw/fp-ac2b4f47543b/GSE106218_family.soft.gz		!Sample_source_name_ch1 = MM25 !Sample_organism_ch1 = Homo sapiens !Sample_taxid_ch1 = 9606 !Sample_characteristics_ch1 = patient id: MM25 !Sample_characteristics_ch1 = gender: male !Sample_characteristics_ch1 = death(alive=0; death=1): 1 !Sample_characteristics_ch1 = cell type: Multiple myeloma !Sample_characteristics_ch1 = prep-site: Bone marrow !Sample_characteristics_ch1 = facs sorting: CD138 positive	True
MM02	geo:GSE106218:MM02	tissue_free_text	<map of column specimen>	file	raw/fp-ac2b4f47543b/GSE106218_family.soft.gz		!Sample_source_name_ch1 = MM28 !Sample_organism_ch1 = Homo sapiens !Sample_taxid_ch1 = 9606 !Sample_characteristics_ch1 = patient id: MM28 !Sample_characteristics_ch1 = gender: male !Sample_characteristics_ch1 = death(alive=0; death=1): 0 !Sample_characteristics_ch1 = cell type: Multiple myeloma !Sample_characteristics_ch1 = prep-site: Bone marrow !Sample_characteristics_ch1 = facs sorting: CD138 positive	True
MM02EM	geo:GSE106218:MM02EM	tissue_free_text	<map of column specimen>	file	raw/fp-ac2b4f47543b/GSE106218_family.soft.gz		!Sample_source_name_ch1 = MM28 !Sample_organism_ch1 = Homo sapiens !Sample_taxid_ch1 = 9606 !Sample_characteristics_ch1 = patient id: MM28 !Sample_characteristics_ch1 = gender: male !Sample_characteristics_ch1 = death(alive=0; death=1): 0 !Sample_characteristics_ch1 = cell type: Multiple myeloma !Sample_characteristics_ch1 = prep-site: Bone marrow !Sample_characteristics_ch1 = facs sorting: CD138 positive	True
MM16	geo:GSE106218:MM16	tissue_free_text	<map of column specimen>	file	raw/fp-ac2b4f47543b/GSE106218_family.soft.gz		!Sample_source_name_ch1 = MM28 !Sample_organism_ch1 = Homo sapiens !Sample_taxid_ch1 = 9606 !Sample_characteristics_ch1 = patient id: MM28 !Sample_characteristics_ch1 = gender: male !Sample_characteristics_ch1 = death(alive=0; death=1): 0 !Sample_characteristics_ch1 = cell type: Multiple myeloma !Sample_characteristics_ch1 = prep-site: Bone marrow !Sample_characteristics_ch1 = facs sorting: CD138 positive	True
MM17	geo:GSE106218:MM17	tissue_free_text	<map of column specimen>	file	raw/fp-ac2b4f47543b/GSE106218_family.soft.gz		!Sample_source_name_ch1 = MM28 !Sample_organism_ch1 = Homo sapiens !Sample_taxid_ch1 = 9606 !Sample_characteristics_ch1 = patient id: MM28 !Sample_characteristics_ch1 = gender: male !Sample_characteristics_ch1 = death(alive=0; death=1): 0 !Sample_characteristics_ch1 = cell type: Multiple myeloma !Sample_characteristics_ch1 = prep-site: Bone marrow !Sample_characteristics_ch1 = facs sorting: CD138 positive	True
MM25	geo:GSE106218:MM25	tissue_free_text	<map of column specimen>	file	raw/fp-ac2b4f47543b/GSE106218_family.soft.gz		!Sample_source_name_ch1 = MM28 !Sample_organism_ch1 = Homo sapiens !Sample_taxid_ch1 = 9606 !Sample_characteristics_ch1 = patient id: MM28 !Sample_characteristics_ch1 = gender: male !Sample_characteristics_ch1 = death(alive=0; death=1): 0 !Sample_characteristics_ch1 = cell type: Multiple myeloma !Sample_characteristics_ch1 = prep-site: Bone marrow !Sample_characteristics_ch1 = facs sorting: CD138 positive	True
MM28	geo:GSE106218:MM28	tissue_free_text	<map of column specimen>	file	raw/fp-ac2b4f47543b/GSE106218_family.soft.gz		!Sample_source_name_ch1 = MM28 !Sample_organism_ch1 = Homo sapiens !Sample_taxid_ch1 = 9606 !Sample_characteristics_ch1 = patient id: MM28 !Sample_characteristics_ch1 = gender: male !Sample_characteristics_ch1 = death(alive=0; death=1): 0 !Sample_characteristics_ch1 = cell type: Multiple myeloma !Sample_characteristics_ch1 = prep-site: Bone marrow !Sample_characteristics_ch1 = facs sorting: CD138 positive	True
MM30	geo:GSE106218:MM30	tissue_free_text	<map of column specimen>	file	raw/fp-ac2b4f47543b/GSE106218_family.soft.gz		!Sample_source_name_ch1 = MM28 !Sample_organism_ch1 = Homo sapiens !Sample_taxid_ch1 = 9606 !Sample_characteristics_ch1 = patient id: MM28 !Sample_characteristics_ch1 = gender: male !Sample_characteristics_ch1 = death(alive=0; death=1): 0 !Sample_characteristics_ch1 = cell type: Multiple myeloma !Sample_characteristics_ch1 = prep-site: Bone marrow !Sample_characteristics_ch1 = facs sorting: CD138 positive	True
MM33	geo:GSE106218:MM33	tissue_free_text	<map of column specimen>	file	raw/fp-ac2b4f47543b/GSE106218_family.soft.gz		!Sample_source_name_ch1 = MM28 !Sample_organism_ch1 = Homo sapiens !Sample_taxid_ch1 = 9606 !Sample_characteristics_ch1 = patient id: MM28 !Sample_characteristics_ch1 = gender: male !Sample_characteristics_ch1 = death(alive=0; death=1): 0 !Sample_characteristics_ch1 = cell type: Multiple myeloma !Sample_characteristics_ch1 = prep-site: Bone marrow !Sample_characteristics_ch1 = facs sorting: CD138 positive	True
MM34	geo:GSE106218:MM34	tissue_free_text	<map of column specimen>	file	raw/fp-ac2b4f47543b/GSE106218_family.soft.gz		!Sample_source_name_ch1 = MM28 !Sample_organism_ch1 = Homo sapiens !Sample_taxid_ch1 = 9606 !Sample_characteristics_ch1 = patient id: MM28 !Sample_characteristics_ch1 = gender: male !Sample_characteristics_ch1 = death(alive=0; death=1): 0 !Sample_characteristics_ch1 = cell type: Multiple myeloma !Sample_characteristics_ch1 = prep-site: Bone marrow !Sample_characteristics_ch1 = facs sorting: CD138 positive	True
MM34EM	geo:GSE106218:MM34EM	tissue_free_text	<map of column specimen>	file	raw/fp-ac2b4f47543b/GSE106218_family.soft.gz		!Sample_source_name_ch1 = MM28 !Sample_organism_ch1 = Homo sapiens !Sample_taxid_ch1 = 9606 !Sample_characteristics_ch1 = patient id: MM28 !Sample_characteristics_ch1 = gender: male !Sample_characteristics_ch1 = death(alive=0; death=1): 0 !Sample_characteristics_ch1 = cell type: Multiple myeloma !Sample_characteristics_ch1 = prep-site: Bone marrow !Sample_characteristics_ch1 = facs sorting: CD138 positive	True
MM36EM	geo:GSE106218:MM36EM	tissue_free_text	<map of column specimen>	file	raw/fp-ac2b4f47543b/GSE106218_family.soft.gz		!Sample_source_name_ch1 = MM28 !Sample_organism_ch1 = Homo sapiens !Sample_taxid_ch1 = 9606 !Sample_characteristics_ch1 = patient id: MM28 !Sample_characteristics_ch1 = gender: male !Sample_characteristics_ch1 = death(alive=0; death=1): 0 !Sample_characteristics_ch1 = cell type: Multiple myeloma !Sample_characteristics_ch1 = prep-site: Bone marrow !Sample_characteristics_ch1 = facs sorting: CD138 positive	True
MM38	geo:GSE106218:MM38	tissue_free_text	<map of column specimen>	file	raw/fp-ac2b4f47543b/GSE106218_family.soft.gz		!Sample_source_name_ch1 = MM28 !Sample_organism_ch1 = Homo sapiens !Sample_taxid_ch1 = 9606 !Sample_characteristics_ch1 = patient id: MM28 !Sample_characteristics_ch1 = gender: male !Sample_characteristics_ch1 = death(alive=0; death=1): 0 !Sample_characteristics_ch1 = cell type: Multiple myeloma !Sample_characteristics_ch1 = prep-site: Bone marrow !Sample_characteristics_ch1 = facs sorting: CD138 positive	True
MM02	geo:GSE106218:MM02	tissue_free_text	<map of column specimen>	file	raw/fp-ac2b4f47543b/GSE106218_family.soft.gz		!Sample_source_name_ch1 = MM30 !Sample_organism_ch1 = Homo sapiens !Sample_taxid_ch1 = 9606 !Sample_characteristics_ch1 = patient id: MM30 !Sample_characteristics_ch1 = gender: female !Sample_characteristics_ch1 = death(alive=0; death=1): 0 !Sample_characteristics_ch1 = cell type: Multiple myeloma !Sample_characteristics_ch1 = prep-site: Bone marrow !Sample_characteristics_ch1 = facs sorting: CD138 positive	True
MM02EM	geo:GSE106218:MM02EM	tissue_free_text	<map of column specimen>	file	raw/fp-ac2b4f47543b/GSE106218_family.soft.gz		!Sample_source_name_ch1 = MM30 !Sample_organism_ch1 = Homo sapiens !Sample_taxid_ch1 = 9606 !Sample_characteristics_ch1 = patient id: MM30 !Sample_characteristics_ch1 = gender: female !Sample_characteristics_ch1 = death(alive=0; death=1): 0 !Sample_characteristics_ch1 = cell type: Multiple myeloma !Sample_characteristics_ch1 = prep-site: Bone marrow !Sample_characteristics_ch1 = facs sorting: CD138 positive	True
MM16	geo:GSE106218:MM16	tissue_free_text	<map of column specimen>	file	raw/fp-ac2b4f47543b/GSE106218_family.soft.gz		!Sample_source_name_ch1 = MM30 !Sample_organism_ch1 = Homo sapiens !Sample_taxid_ch1 = 9606 !Sample_characteristics_ch1 = patient id: MM30 !Sample_characteristics_ch1 = gender: female !Sample_characteristics_ch1 = death(alive=0; death=1): 0 !Sample_characteristics_ch1 = cell type: Multiple myeloma !Sample_characteristics_ch1 = prep-site: Bone marrow !Sample_characteristics_ch1 = facs sorting: CD138 positive	True
MM17	geo:GSE106218:MM17	tissue_free_text	<map of column specimen>	file	raw/fp-ac2b4f47543b/GSE106218_family.soft.gz		!Sample_source_name_ch1 = MM30 !Sample_organism_ch1 = Homo sapiens !Sample_taxid_ch1 = 9606 !Sample_characteristics_ch1 = patient id: MM30 !Sample_characteristics_ch1 = gender: female !Sample_characteristics_ch1 = death(alive=0; death=1): 0 !Sample_characteristics_ch1 = cell type: Multiple myeloma !Sample_characteristics_ch1 = prep-site: Bone marrow !Sample_characteristics_ch1 = facs sorting: CD138 positive	True
MM25	geo:GSE106218:MM25	tissue_free_text	<map of column specimen>	file	raw/fp-ac2b4f47543b/GSE106218_family.soft.gz		!Sample_source_name_ch1 = MM30 !Sample_organism_ch1 = Homo sapiens !Sample_taxid_ch1 = 9606 !Sample_characteristics_ch1 = patient id: MM30 !Sample_characteristics_ch1 = gender: female !Sample_characteristics_ch1 = death(alive=0; death=1): 0 !Sample_characteristics_ch1 = cell type: Multiple myeloma !Sample_characteristics_ch1 = prep-site: Bone marrow !Sample_characteristics_ch1 = facs sorting: CD138 positive	True
MM28	geo:GSE106218:MM28	tissue_free_text	<map of column specimen>	file	raw/fp-ac2b4f47543b/GSE106218_family.soft.gz		!Sample_source_name_ch1 = MM30 !Sample_organism_ch1 = Homo sapiens !Sample_taxid_ch1 = 9606 !Sample_characteristics_ch1 = patient id: MM30 !Sample_characteristics_ch1 = gender: female !Sample_characteristics_ch1 = death(alive=0; death=1): 0 !Sample_characteristics_ch1 = cell type: Multiple myeloma !Sample_characteristics_ch1 = prep-site: Bone marrow !Sample_characteristics_ch1 = facs sorting: CD138 positive	True
MM30	geo:GSE106218:MM30	tissue_free_text	<map of column specimen>	file	raw/fp-ac2b4f47543b/GSE106218_family.soft.gz		!Sample_source_name_ch1 = MM30 !Sample_organism_ch1 = Homo sapiens !Sample_taxid_ch1 = 9606 !Sample_characteristics_ch1 = patient id: MM30 !Sample_characteristics_ch1 = gender: female !Sample_characteristics_ch1 = death(alive=0; death=1): 0 !Sample_characteristics_ch1 = cell type: Multiple myeloma !Sample_characteristics_ch1 = prep-site: Bone marrow !Sample_characteristics_ch1 = facs sorting: CD138 positive	True
MM33	geo:GSE106218:MM33	tissue_free_text	<map of column specimen>	file	raw/fp-ac2b4f47543b/GSE106218_family.soft.gz		!Sample_source_name_ch1 = MM30 !Sample_organism_ch1 = Homo sapiens !Sample_taxid_ch1 = 9606 !Sample_characteristics_ch1 = patient id: MM30 !Sample_characteristics_ch1 = gender: female !Sample_characteristics_ch1 = death(alive=0; death=1): 0 !Sample_characteristics_ch1 = cell type: Multiple myeloma !Sample_characteristics_ch1 = prep-site: Bone marrow !Sample_characteristics_ch1 = facs sorting: CD138 positive	True
MM34	geo:GSE106218:MM34	tissue_free_text	<map of column specimen>	file	raw/fp-ac2b4f47543b/GSE106218_family.soft.gz		!Sample_source_name_ch1 = MM30 !Sample_organism_ch1 = Homo sapiens !Sample_taxid_ch1 = 9606 !Sample_characteristics_ch1 = patient id: MM30 !Sample_characteristics_ch1 = gender: female !Sample_characteristics_ch1 = death(alive=0; death=1): 0 !Sample_characteristics_ch1 = cell type: Multiple myeloma !Sample_characteristics_ch1 = prep-site: Bone marrow !Sample_characteristics_ch1 = facs sorting: CD138 positive	True
MM34EM	geo:GSE106218:MM34EM	tissue_free_text	<map of column specimen>	file	raw/fp-ac2b4f47543b/GSE106218_family.soft.gz		!Sample_source_name_ch1 = MM30 !Sample_organism_ch1 = Homo sapiens !Sample_taxid_ch1 = 9606 !Sample_characteristics_ch1 = patient id: MM30 !Sample_characteristics_ch1 = gender: female !Sample_characteristics_ch1 = death(alive=0; death=1): 0 !Sample_characteristics_ch1 = cell type: Multiple myeloma !Sample_characteristics_ch1 = prep-site: Bone marrow !Sample_characteristics_ch1 = facs sorting: CD138 positive	True
MM36EM	geo:GSE106218:MM36EM	tissue_free_text	<map of column specimen>	file	raw/fp-ac2b4f47543b/GSE106218_family.soft.gz		!Sample_source_name_ch1 = MM30 !Sample_organism_ch1 = Homo sapiens !Sample_taxid_ch1 = 9606 !Sample_characteristics_ch1 = patient id: MM30 !Sample_characteristics_ch1 = gender: female !Sample_characteristics_ch1 = death(alive=0; death=1): 0 !Sample_characteristics_ch1 = cell type: Multiple myeloma !Sample_characteristics_ch1 = prep-site: Bone marrow !Sample_characteristics_ch1 = facs sorting: CD138 positive	True
MM38	geo:GSE106218:MM38	tissue_free_text	<map of column specimen>	file	raw/fp-ac2b4f47543b/GSE106218_family.soft.gz		!Sample_source_name_ch1 = MM30 !Sample_organism_ch1 = Homo sapiens !Sample_taxid_ch1 = 9606 !Sample_characteristics_ch1 = patient id: MM30 !Sample_characteristics_ch1 = gender: female !Sample_characteristics_ch1 = death(alive=0; death=1): 0 !Sample_characteristics_ch1 = cell type: Multiple myeloma !Sample_characteristics_ch1 = prep-site: Bone marrow !Sample_characteristics_ch1 = facs sorting: CD138 positive	True
MM02	geo:GSE106218:MM02	tissue_free_text	<map of column specimen>	file	raw/fp-ac2b4f47543b/GSE106218_family.soft.gz		!Sample_source_name_ch1 = MM33 !Sample_organism_ch1 = Homo sapiens !Sample_taxid_ch1 = 9606 !Sample_characteristics_ch1 = patient id: MM33 !Sample_characteristics_ch1 = gender: female !Sample_characteristics_ch1 = death(alive=0; death=1): 1 !Sample_characteristics_ch1 = cell type: Multiple myeloma !Sample_characteristics_ch1 = prep-site: Bone marrow !Sample_characteristics_ch1 = facs sorting: CD138 positive	True
MM02EM	geo:GSE106218:MM02EM	tissue_free_text	<map of column specimen>	file	raw/fp-ac2b4f47543b/GSE106218_family.soft.gz		!Sample_source_name_ch1 = MM33 !Sample_organism_ch1 = Homo sapiens !Sample_taxid_ch1 = 9606 !Sample_characteristics_ch1 = patient id: MM33 !Sample_characteristics_ch1 = gender: female !Sample_characteristics_ch1 = death(alive=0; death=1): 1 !Sample_characteristics_ch1 = cell type: Multiple myeloma !Sample_characteristics_ch1 = prep-site: Bone marrow !Sample_characteristics_ch1 = facs sorting: CD138 positive	True
MM16	geo:GSE106218:MM16	tissue_free_text	<map of column specimen>	file	raw/fp-ac2b4f47543b/GSE106218_family.soft.gz		!Sample_source_name_ch1 = MM33 !Sample_organism_ch1 = Homo sapiens !Sample_taxid_ch1 = 9606 !Sample_characteristics_ch1 = patient id: MM33 !Sample_characteristics_ch1 = gender: female !Sample_characteristics_ch1 = death(alive=0; death=1): 1 !Sample_characteristics_ch1 = cell type: Multiple myeloma !Sample_characteristics_ch1 = prep-site: Bone marrow !Sample_characteristics_ch1 = facs sorting: CD138 positive	True
MM17	geo:GSE106218:MM17	tissue_free_text	<map of column specimen>	file	raw/fp-ac2b4f47543b/GSE106218_family.soft.gz		!Sample_source_name_ch1 = MM33 !Sample_organism_ch1 = Homo sapiens !Sample_taxid_ch1 = 9606 !Sample_characteristics_ch1 = patient id: MM33 !Sample_characteristics_ch1 = gender: female !Sample_characteristics_ch1 = death(alive=0; death=1): 1 !Sample_characteristics_ch1 = cell type: Multiple myeloma !Sample_characteristics_ch1 = prep-site: Bone marrow !Sample_characteristics_ch1 = facs sorting: CD138 positive	True
MM25	geo:GSE106218:MM25	tissue_free_text	<map of column specimen>	file	raw/fp-ac2b4f47543b/GSE106218_family.soft.gz		!Sample_source_name_ch1 = MM33 !Sample_organism_ch1 = Homo sapiens !Sample_taxid_ch1 = 9606 !Sample_characteristics_ch1 = patient id: MM33 !Sample_characteristics_ch1 = gender: female !Sample_characteristics_ch1 = death(alive=0; death=1): 1 !Sample_characteristics_ch1 = cell type: Multiple myeloma !Sample_characteristics_ch1 = prep-site: Bone marrow !Sample_characteristics_ch1 = facs sorting: CD138 positive	True
MM28	geo:GSE106218:MM28	tissue_free_text	<map of column specimen>	file	raw/fp-ac2b4f47543b/GSE106218_family.soft.gz		!Sample_source_name_ch1 = MM33 !Sample_organism_ch1 = Homo sapiens !Sample_taxid_ch1 = 9606 !Sample_characteristics_ch1 = patient id: MM33 !Sample_characteristics_ch1 = gender: female !Sample_characteristics_ch1 = death(alive=0; death=1): 1 !Sample_characteristics_ch1 = cell type: Multiple myeloma !Sample_characteristics_ch1 = prep-site: Bone marrow !Sample_characteristics_ch1 = facs sorting: CD138 positive	True
MM30	geo:GSE106218:MM30	tissue_free_text	<map of column specimen>	file	raw/fp-ac2b4f47543b/GSE106218_family.soft.gz		!Sample_source_name_ch1 = MM33 !Sample_organism_ch1 = Homo sapiens !Sample_taxid_ch1 = 9606 !Sample_characteristics_ch1 = patient id: MM33 !Sample_characteristics_ch1 = gender: female !Sample_characteristics_ch1 = death(alive=0; death=1): 1 !Sample_characteristics_ch1 = cell type: Multiple myeloma !Sample_characteristics_ch1 = prep-site: Bone marrow !Sample_characteristics_ch1 = facs sorting: CD138 positive	True
MM33	geo:GSE106218:MM33	tissue_free_text	<map of column specimen>	file	raw/fp-ac2b4f47543b/GSE106218_family.soft.gz		!Sample_source_name_ch1 = MM33 !Sample_organism_ch1 = Homo sapiens !Sample_taxid_ch1 = 9606 !Sample_characteristics_ch1 = patient id: MM33 !Sample_characteristics_ch1 = gender: female !Sample_characteristics_ch1 = death(alive=0; death=1): 1 !Sample_characteristics_ch1 = cell type: Multiple myeloma !Sample_characteristics_ch1 = prep-site: Bone marrow !Sample_characteristics_ch1 = facs sorting: CD138 positive	True
MM34	geo:GSE106218:MM34	tissue_free_text	<map of column specimen>	file	raw/fp-ac2b4f47543b/GSE106218_family.soft.gz		!Sample_source_name_ch1 = MM33 !Sample_organism_ch1 = Homo sapiens !Sample_taxid_ch1 = 9606 !Sample_characteristics_ch1 = patient id: MM33 !Sample_characteristics_ch1 = gender: female !Sample_characteristics_ch1 = death(alive=0; death=1): 1 !Sample_characteristics_ch1 = cell type: Multiple myeloma !Sample_characteristics_ch1 = prep-site: Bone marrow !Sample_characteristics_ch1 = facs sorting: CD138 positive	True
MM34EM	geo:GSE106218:MM34EM	tissue_free_text	<map of column specimen>	file	raw/fp-ac2b4f47543b/GSE106218_family.soft.gz		!Sample_source_name_ch1 = MM33 !Sample_organism_ch1 = Homo sapiens !Sample_taxid_ch1 = 9606 !Sample_characteristics_ch1 = patient id: MM33 !Sample_characteristics_ch1 = gender: female !Sample_characteristics_ch1 = death(alive=0; death=1): 1 !Sample_characteristics_ch1 = cell type: Multiple myeloma !Sample_characteristics_ch1 = prep-site: Bone marrow !Sample_characteristics_ch1 = facs sorting: CD138 positive	True
MM36EM	geo:GSE106218:MM36EM	tissue_free_text	<map of column specimen>	file	raw/fp-ac2b4f47543b/GSE106218_family.soft.gz		!Sample_source_name_ch1 = MM33 !Sample_organism_ch1 = Homo sapiens !Sample_taxid_ch1 = 9606 !Sample_characteristics_ch1 = patient id: MM33 !Sample_characteristics_ch1 = gender: female !Sample_characteristics_ch1 = death(alive=0; death=1): 1 !Sample_characteristics_ch1 = cell type: Multiple myeloma !Sample_characteristics_ch1 = prep-site: Bone marrow !Sample_characteristics_ch1 = facs sorting: CD138 positive	True
MM38	geo:GSE106218:MM38	tissue_free_text	<map of column specimen>	file	raw/fp-ac2b4f47543b/GSE106218_family.soft.gz		!Sample_source_name_ch1 = MM33 !Sample_organism_ch1 = Homo sapiens !Sample_taxid_ch1 = 9606 !Sample_characteristics_ch1 = patient id: MM33 !Sample_characteristics_ch1 = gender: female !Sample_characteristics_ch1 = death(alive=0; death=1): 1 !Sample_characteristics_ch1 = cell type: Multiple myeloma !Sample_characteristics_ch1 = prep-site: Bone marrow !Sample_characteristics_ch1 = facs sorting: CD138 positive	True
MM02	geo:GSE106218:MM02	tissue_free_text	<map of column specimen>	file	raw/fp-ac2b4f47543b/GSE106218_family.soft.gz		!Sample_source_name_ch1 = MM34 !Sample_organism_ch1 = Homo sapiens !Sample_taxid_ch1 = 9606 !Sample_characteristics_ch1 = patient id: MM34 !Sample_characteristics_ch1 = gender: female !Sample_characteristics_ch1 = death(alive=0; death=1): 1 !Sample_characteristics_ch1 = cell type: Multiple myeloma !Sample_characteristics_ch1 = prep-site: Bone marrow !Sample_characteristics_ch1 = facs sorting: CD138 negative	True
MM02EM	geo:GSE106218:MM02EM	tissue_free_text	<map of column specimen>	file	raw/fp-ac2b4f47543b/GSE106218_family.soft.gz		!Sample_source_name_ch1 = MM34 !Sample_organism_ch1 = Homo sapiens !Sample_taxid_ch1 = 9606 !Sample_characteristics_ch1 = patient id: MM34 !Sample_characteristics_ch1 = gender: female !Sample_characteristics_ch1 = death(alive=0; death=1): 1 !Sample_characteristics_ch1 = cell type: Multiple myeloma !Sample_characteristics_ch1 = prep-site: Bone marrow !Sample_characteristics_ch1 = facs sorting: CD138 negative	True
MM16	geo:GSE106218:MM16	tissue_free_text	<map of column specimen>	file	raw/fp-ac2b4f47543b/GSE106218_family.soft.gz		!Sample_source_name_ch1 = MM34 !Sample_organism_ch1 = Homo sapiens !Sample_taxid_ch1 = 9606 !Sample_characteristics_ch1 = patient id: MM34 !Sample_characteristics_ch1 = gender: female !Sample_characteristics_ch1 = death(alive=0; death=1): 1 !Sample_characteristics_ch1 = cell type: Multiple myeloma !Sample_characteristics_ch1 = prep-site: Bone marrow !Sample_characteristics_ch1 = facs sorting: CD138 negative	True
MM17	geo:GSE106218:MM17	tissue_free_text	<map of column specimen>	file	raw/fp-ac2b4f47543b/GSE106218_family.soft.gz		!Sample_source_name_ch1 = MM34 !Sample_organism_ch1 = Homo sapiens !Sample_taxid_ch1 = 9606 !Sample_characteristics_ch1 = patient id: MM34 !Sample_characteristics_ch1 = gender: female !Sample_characteristics_ch1 = death(alive=0; death=1): 1 !Sample_characteristics_ch1 = cell type: Multiple myeloma !Sample_characteristics_ch1 = prep-site: Bone marrow !Sample_characteristics_ch1 = facs sorting: CD138 negative	True
MM25	geo:GSE106218:MM25	tissue_free_text	<map of column specimen>	file	raw/fp-ac2b4f47543b/GSE106218_family.soft.gz		!Sample_source_name_ch1 = MM34 !Sample_organism_ch1 = Homo sapiens !Sample_taxid_ch1 = 9606 !Sample_characteristics_ch1 = patient id: MM34 !Sample_characteristics_ch1 = gender: female !Sample_characteristics_ch1 = death(alive=0; death=1): 1 !Sample_characteristics_ch1 = cell type: Multiple myeloma !Sample_characteristics_ch1 = prep-site: Bone marrow !Sample_characteristics_ch1 = facs sorting: CD138 negative	True
MM28	geo:GSE106218:MM28	tissue_free_text	<map of column specimen>	file	raw/fp-ac2b4f47543b/GSE106218_family.soft.gz		!Sample_source_name_ch1 = MM34 !Sample_organism_ch1 = Homo sapiens !Sample_taxid_ch1 = 9606 !Sample_characteristics_ch1 = patient id: MM34 !Sample_characteristics_ch1 = gender: female !Sample_characteristics_ch1 = death(alive=0; death=1): 1 !Sample_characteristics_ch1 = cell type: Multiple myeloma !Sample_characteristics_ch1 = prep-site: Bone marrow !Sample_characteristics_ch1 = facs sorting: CD138 negative	True
MM30	geo:GSE106218:MM30	tissue_free_text	<map of column specimen>	file	raw/fp-ac2b4f47543b/GSE106218_family.soft.gz		!Sample_source_name_ch1 = MM34 !Sample_organism_ch1 = Homo sapiens !Sample_taxid_ch1 = 9606 !Sample_characteristics_ch1 = patient id: MM34 !Sample_characteristics_ch1 = gender: female !Sample_characteristics_ch1 = death(alive=0; death=1): 1 !Sample_characteristics_ch1 = cell type: Multiple myeloma !Sample_characteristics_ch1 = prep-site: Bone marrow !Sample_characteristics_ch1 = facs sorting: CD138 negative	True
MM33	geo:GSE106218:MM33	tissue_free_text	<map of column specimen>	file	raw/fp-ac2b4f47543b/GSE106218_family.soft.gz		!Sample_source_name_ch1 = MM34 !Sample_organism_ch1 = Homo sapiens !Sample_taxid_ch1 = 9606 !Sample_characteristics_ch1 = patient id: MM34 !Sample_characteristics_ch1 = gender: female !Sample_characteristics_ch1 = death(alive=0; death=1): 1 !Sample_characteristics_ch1 = cell type: Multiple myeloma !Sample_characteristics_ch1 = prep-site: Bone marrow !Sample_characteristics_ch1 = facs sorting: CD138 negative	True
MM34	geo:GSE106218:MM34	tissue_free_text	<map of column specimen>	file	raw/fp-ac2b4f47543b/GSE106218_family.soft.gz		!Sample_source_name_ch1 = MM34 !Sample_organism_ch1 = Homo sapiens !Sample_taxid_ch1 = 9606 !Sample_characteristics_ch1 = patient id: MM34 !Sample_characteristics_ch1 = gender: female !Sample_characteristics_ch1 = death(alive=0; death=1): 1 !Sample_characteristics_ch1 = cell type: Multiple myeloma !Sample_characteristics_ch1 = prep-site: Bone marrow !Sample_characteristics_ch1 = facs sorting: CD138 negative	True
MM34EM	geo:GSE106218:MM34EM	tissue_free_text	<map of column specimen>	file	raw/fp-ac2b4f47543b/GSE106218_family.soft.gz		!Sample_source_name_ch1 = MM34 !Sample_organism_ch1 = Homo sapiens !Sample_taxid_ch1 = 9606 !Sample_characteristics_ch1 = patient id: MM34 !Sample_characteristics_ch1 = gender: female !Sample_characteristics_ch1 = death(alive=0; death=1): 1 !Sample_characteristics_ch1 = cell type: Multiple myeloma !Sample_characteristics_ch1 = prep-site: Bone marrow !Sample_characteristics_ch1 = facs sorting: CD138 negative	True
MM36EM	geo:GSE106218:MM36EM	tissue_free_text	<map of column specimen>	file	raw/fp-ac2b4f47543b/GSE106218_family.soft.gz		!Sample_source_name_ch1 = MM34 !Sample_organism_ch1 = Homo sapiens !Sample_taxid_ch1 = 9606 !Sample_characteristics_ch1 = patient id: MM34 !Sample_characteristics_ch1 = gender: female !Sample_characteristics_ch1 = death(alive=0; death=1): 1 !Sample_characteristics_ch1 = cell type: Multiple myeloma !Sample_characteristics_ch1 = prep-site: Bone marrow !Sample_characteristics_ch1 = facs sorting: CD138 negative	True
MM38	geo:GSE106218:MM38	tissue_free_text	<map of column specimen>	file	raw/fp-ac2b4f47543b/GSE106218_family.soft.gz		!Sample_source_name_ch1 = MM34 !Sample_organism_ch1 = Homo sapiens !Sample_taxid_ch1 = 9606 !Sample_characteristics_ch1 = patient id: MM34 !Sample_characteristics_ch1 = gender: female !Sample_characteristics_ch1 = death(alive=0; death=1): 1 !Sample_characteristics_ch1 = cell type: Multiple myeloma !Sample_characteristics_ch1 = prep-site: Bone marrow !Sample_characteristics_ch1 = facs sorting: CD138 negative	True
MM02	geo:GSE106218:MM02	tissue_free_text	<map of column specimen>	file	raw/fp-ac2b4f47543b/GSE106218_family.soft.gz		!Sample_source_name_ch1 = MM34EM !Sample_organism_ch1 = Homo sapiens !Sample_taxid_ch1 = 9606 !Sample_characteristics_ch1 = patient id: MM34 !Sample_characteristics_ch1 = gender: female !Sample_characteristics_ch1 = death(alive=0; death=1): 1 !Sample_characteristics_ch1 = cell type: Multiple myeloma !Sample_characteristics_ch1 = prep-site: Ascites !Sample_characteristics_ch1 = facs sorting: CD138 negative	True
MM02EM	geo:GSE106218:MM02EM	tissue_free_text	<map of column specimen>	file	raw/fp-ac2b4f47543b/GSE106218_family.soft.gz		!Sample_source_name_ch1 = MM34EM !Sample_organism_ch1 = Homo sapiens !Sample_taxid_ch1 = 9606 !Sample_characteristics_ch1 = patient id: MM34 !Sample_characteristics_ch1 = gender: female !Sample_characteristics_ch1 = death(alive=0; death=1): 1 !Sample_characteristics_ch1 = cell type: Multiple myeloma !Sample_characteristics_ch1 = prep-site: Ascites !Sample_characteristics_ch1 = facs sorting: CD138 negative	True
MM16	geo:GSE106218:MM16	tissue_free_text	<map of column specimen>	file	raw/fp-ac2b4f47543b/GSE106218_family.soft.gz		!Sample_source_name_ch1 = MM34EM !Sample_organism_ch1 = Homo sapiens !Sample_taxid_ch1 = 9606 !Sample_characteristics_ch1 = patient id: MM34 !Sample_characteristics_ch1 = gender: female !Sample_characteristics_ch1 = death(alive=0; death=1): 1 !Sample_characteristics_ch1 = cell type: Multiple myeloma !Sample_characteristics_ch1 = prep-site: Ascites !Sample_characteristics_ch1 = facs sorting: CD138 negative	True
MM17	geo:GSE106218:MM17	tissue_free_text	<map of column specimen>	file	raw/fp-ac2b4f47543b/GSE106218_family.soft.gz		!Sample_source_name_ch1 = MM34EM !Sample_organism_ch1 = Homo sapiens !Sample_taxid_ch1 = 9606 !Sample_characteristics_ch1 = patient id: MM34 !Sample_characteristics_ch1 = gender: female !Sample_characteristics_ch1 = death(alive=0; death=1): 1 !Sample_characteristics_ch1 = cell type: Multiple myeloma !Sample_characteristics_ch1 = prep-site: Ascites !Sample_characteristics_ch1 = facs sorting: CD138 negative	True
MM25	geo:GSE106218:MM25	tissue_free_text	<map of column specimen>	file	raw/fp-ac2b4f47543b/GSE106218_family.soft.gz		!Sample_source_name_ch1 = MM34EM !Sample_organism_ch1 = Homo sapiens !Sample_taxid_ch1 = 9606 !Sample_characteristics_ch1 = patient id: MM34 !Sample_characteristics_ch1 = gender: female !Sample_characteristics_ch1 = death(alive=0; death=1): 1 !Sample_characteristics_ch1 = cell type: Multiple myeloma !Sample_characteristics_ch1 = prep-site: Ascites !Sample_characteristics_ch1 = facs sorting: CD138 negative	True
MM28	geo:GSE106218:MM28	tissue_free_text	<map of column specimen>	file	raw/fp-ac2b4f47543b/GSE106218_family.soft.gz		!Sample_source_name_ch1 = MM34EM !Sample_organism_ch1 = Homo sapiens !Sample_taxid_ch1 = 9606 !Sample_characteristics_ch1 = patient id: MM34 !Sample_characteristics_ch1 = gender: female !Sample_characteristics_ch1 = death(alive=0; death=1): 1 !Sample_characteristics_ch1 = cell type: Multiple myeloma !Sample_characteristics_ch1 = prep-site: Ascites !Sample_characteristics_ch1 = facs sorting: CD138 negative	True
MM30	geo:GSE106218:MM30	tissue_free_text	<map of column specimen>	file	raw/fp-ac2b4f47543b/GSE106218_family.soft.gz		!Sample_source_name_ch1 = MM34EM !Sample_organism_ch1 = Homo sapiens !Sample_taxid_ch1 = 9606 !Sample_characteristics_ch1 = patient id: MM34 !Sample_characteristics_ch1 = gender: female !Sample_characteristics_ch1 = death(alive=0; death=1): 1 !Sample_characteristics_ch1 = cell type: Multiple myeloma !Sample_characteristics_ch1 = prep-site: Ascites !Sample_characteristics_ch1 = facs sorting: CD138 negative	True
MM33	geo:GSE106218:MM33	tissue_free_text	<map of column specimen>	file	raw/fp-ac2b4f47543b/GSE106218_family.soft.gz		!Sample_source_name_ch1 = MM34EM !Sample_organism_ch1 = Homo sapiens !Sample_taxid_ch1 = 9606 !Sample_characteristics_ch1 = patient id: MM34 !Sample_characteristics_ch1 = gender: female !Sample_characteristics_ch1 = death(alive=0; death=1): 1 !Sample_characteristics_ch1 = cell type: Multiple myeloma !Sample_characteristics_ch1 = prep-site: Ascites !Sample_characteristics_ch1 = facs sorting: CD138 negative	True
MM34	geo:GSE106218:MM34	tissue_free_text	<map of column specimen>	file	raw/fp-ac2b4f47543b/GSE106218_family.soft.gz		!Sample_source_name_ch1 = MM34EM !Sample_organism_ch1 = Homo sapiens !Sample_taxid_ch1 = 9606 !Sample_characteristics_ch1 = patient id: MM34 !Sample_characteristics_ch1 = gender: female !Sample_characteristics_ch1 = death(alive=0; death=1): 1 !Sample_characteristics_ch1 = cell type: Multiple myeloma !Sample_characteristics_ch1 = prep-site: Ascites !Sample_characteristics_ch1 = facs sorting: CD138 negative	True
MM34EM	geo:GSE106218:MM34EM	tissue_free_text	<map of column specimen>	file	raw/fp-ac2b4f47543b/GSE106218_family.soft.gz		!Sample_source_name_ch1 = MM34EM !Sample_organism_ch1 = Homo sapiens !Sample_taxid_ch1 = 9606 !Sample_characteristics_ch1 = patient id: MM34 !Sample_characteristics_ch1 = gender: female !Sample_characteristics_ch1 = death(alive=0; death=1): 1 !Sample_characteristics_ch1 = cell type: Multiple myeloma !Sample_characteristics_ch1 = prep-site: Ascites !Sample_characteristics_ch1 = facs sorting: CD138 negative	True
MM36EM	geo:GSE106218:MM36EM	tissue_free_text	<map of column specimen>	file	raw/fp-ac2b4f47543b/GSE106218_family.soft.gz		!Sample_source_name_ch1 = MM34EM !Sample_organism_ch1 = Homo sapiens !Sample_taxid_ch1 = 9606 !Sample_characteristics_ch1 = patient id: MM34 !Sample_characteristics_ch1 = gender: female !Sample_characteristics_ch1 = death(alive=0; death=1): 1 !Sample_characteristics_ch1 = cell type: Multiple myeloma !Sample_characteristics_ch1 = prep-site: Ascites !Sample_characteristics_ch1 = facs sorting: CD138 negative	True
MM38	geo:GSE106218:MM38	tissue_free_text	<map of column specimen>	file	raw/fp-ac2b4f47543b/GSE106218_family.soft.gz		!Sample_source_name_ch1 = MM34EM !Sample_organism_ch1 = Homo sapiens !Sample_taxid_ch1 = 9606 !Sample_characteristics_ch1 = patient id: MM34 !Sample_characteristics_ch1 = gender: female !Sample_characteristics_ch1 = death(alive=0; death=1): 1 !Sample_characteristics_ch1 = cell type: Multiple myeloma !Sample_characteristics_ch1 = prep-site: Ascites !Sample_characteristics_ch1 = facs sorting: CD138 negative	True
MM02	geo:GSE106218:MM02	tissue_free_text	<map of column specimen>	file	raw/fp-ac2b4f47543b/GSE106218_family.soft.gz		!Sample_source_name_ch1 = MM36EM !Sample_organism_ch1 = Homo sapiens !Sample_taxid_ch1 = 9606 !Sample_characteristics_ch1 = patient id: MM36 !Sample_characteristics_ch1 = gender: male !Sample_characteristics_ch1 = death(alive=0; death=1): 1 !Sample_characteristics_ch1 = cell type: Multiple myeloma !Sample_characteristics_ch1 = prep-site: Ascites !Sample_characteristics_ch1 = facs sorting: CD138 positive	True
MM02EM	geo:GSE106218:MM02EM	tissue_free_text	<map of column specimen>	file	raw/fp-ac2b4f47543b/GSE106218_family.soft.gz		!Sample_source_name_ch1 = MM36EM !Sample_organism_ch1 = Homo sapiens !Sample_taxid_ch1 = 9606 !Sample_characteristics_ch1 = patient id: MM36 !Sample_characteristics_ch1 = gender: male !Sample_characteristics_ch1 = death(alive=0; death=1): 1 !Sample_characteristics_ch1 = cell type: Multiple myeloma !Sample_characteristics_ch1 = prep-site: Ascites !Sample_characteristics_ch1 = facs sorting: CD138 positive	True
MM16	geo:GSE106218:MM16	tissue_free_text	<map of column specimen>	file	raw/fp-ac2b4f47543b/GSE106218_family.soft.gz		!Sample_source_name_ch1 = MM36EM !Sample_organism_ch1 = Homo sapiens !Sample_taxid_ch1 = 9606 !Sample_characteristics_ch1 = patient id: MM36 !Sample_characteristics_ch1 = gender: male !Sample_characteristics_ch1 = death(alive=0; death=1): 1 !Sample_characteristics_ch1 = cell type: Multiple myeloma !Sample_characteristics_ch1 = prep-site: Ascites !Sample_characteristics_ch1 = facs sorting: CD138 positive	True
MM17	geo:GSE106218:MM17	tissue_free_text	<map of column specimen>	file	raw/fp-ac2b4f47543b/GSE106218_family.soft.gz		!Sample_source_name_ch1 = MM36EM !Sample_organism_ch1 = Homo sapiens !Sample_taxid_ch1 = 9606 !Sample_characteristics_ch1 = patient id: MM36 !Sample_characteristics_ch1 = gender: male !Sample_characteristics_ch1 = death(alive=0; death=1): 1 !Sample_characteristics_ch1 = cell type: Multiple myeloma !Sample_characteristics_ch1 = prep-site: Ascites !Sample_characteristics_ch1 = facs sorting: CD138 positive	True
MM25	geo:GSE106218:MM25	tissue_free_text	<map of column specimen>	file	raw/fp-ac2b4f47543b/GSE106218_family.soft.gz		!Sample_source_name_ch1 = MM36EM !Sample_organism_ch1 = Homo sapiens !Sample_taxid_ch1 = 9606 !Sample_characteristics_ch1 = patient id: MM36 !Sample_characteristics_ch1 = gender: male !Sample_characteristics_ch1 = death(alive=0; death=1): 1 !Sample_characteristics_ch1 = cell type: Multiple myeloma !Sample_characteristics_ch1 = prep-site: Ascites !Sample_characteristics_ch1 = facs sorting: CD138 positive	True
MM28	geo:GSE106218:MM28	tissue_free_text	<map of column specimen>	file	raw/fp-ac2b4f47543b/GSE106218_family.soft.gz		!Sample_source_name_ch1 = MM36EM !Sample_organism_ch1 = Homo sapiens !Sample_taxid_ch1 = 9606 !Sample_characteristics_ch1 = patient id: MM36 !Sample_characteristics_ch1 = gender: male !Sample_characteristics_ch1 = death(alive=0; death=1): 1 !Sample_characteristics_ch1 = cell type: Multiple myeloma !Sample_characteristics_ch1 = prep-site: Ascites !Sample_characteristics_ch1 = facs sorting: CD138 positive	True
MM30	geo:GSE106218:MM30	tissue_free_text	<map of column specimen>	file	raw/fp-ac2b4f47543b/GSE106218_family.soft.gz		!Sample_source_name_ch1 = MM36EM !Sample_organism_ch1 = Homo sapiens !Sample_taxid_ch1 = 9606 !Sample_characteristics_ch1 = patient id: MM36 !Sample_characteristics_ch1 = gender: male !Sample_characteristics_ch1 = death(alive=0; death=1): 1 !Sample_characteristics_ch1 = cell type: Multiple myeloma !Sample_characteristics_ch1 = prep-site: Ascites !Sample_characteristics_ch1 = facs sorting: CD138 positive	True
MM33	geo:GSE106218:MM33	tissue_free_text	<map of column specimen>	file	raw/fp-ac2b4f47543b/GSE106218_family.soft.gz		!Sample_source_name_ch1 = MM36EM !Sample_organism_ch1 = Homo sapiens !Sample_taxid_ch1 = 9606 !Sample_characteristics_ch1 = patient id: MM36 !Sample_characteristics_ch1 = gender: male !Sample_characteristics_ch1 = death(alive=0; death=1): 1 !Sample_characteristics_ch1 = cell type: Multiple myeloma !Sample_characteristics_ch1 = prep-site: Ascites !Sample_characteristics_ch1 = facs sorting: CD138 positive	True
MM34	geo:GSE106218:MM34	tissue_free_text	<map of column specimen>	file	raw/fp-ac2b4f47543b/GSE106218_family.soft.gz		!Sample_source_name_ch1 = MM36EM !Sample_organism_ch1 = Homo sapiens !Sample_taxid_ch1 = 9606 !Sample_characteristics_ch1 = patient id: MM36 !Sample_characteristics_ch1 = gender: male !Sample_characteristics_ch1 = death(alive=0; death=1): 1 !Sample_characteristics_ch1 = cell type: Multiple myeloma !Sample_characteristics_ch1 = prep-site: Ascites !Sample_characteristics_ch1 = facs sorting: CD138 positive	True
MM34EM	geo:GSE106218:MM34EM	tissue_free_text	<map of column specimen>	file	raw/fp-ac2b4f47543b/GSE106218_family.soft.gz		!Sample_source_name_ch1 = MM36EM !Sample_organism_ch1 = Homo sapiens !Sample_taxid_ch1 = 9606 !Sample_characteristics_ch1 = patient id: MM36 !Sample_characteristics_ch1 = gender: male !Sample_characteristics_ch1 = death(alive=0; death=1): 1 !Sample_characteristics_ch1 = cell type: Multiple myeloma !Sample_characteristics_ch1 = prep-site: Ascites !Sample_characteristics_ch1 = facs sorting: CD138 positive	True
MM36EM	geo:GSE106218:MM36EM	tissue_free_text	<map of column specimen>	file	raw/fp-ac2b4f47543b/GSE106218_family.soft.gz		!Sample_source_name_ch1 = MM36EM !Sample_organism_ch1 = Homo sapiens !Sample_taxid_ch1 = 9606 !Sample_characteristics_ch1 = patient id: MM36 !Sample_characteristics_ch1 = gender: male !Sample_characteristics_ch1 = death(alive=0; death=1): 1 !Sample_characteristics_ch1 = cell type: Multiple myeloma !Sample_characteristics_ch1 = prep-site: Ascites !Sample_characteristics_ch1 = facs sorting: CD138 positive	True
MM38	geo:GSE106218:MM38	tissue_free_text	<map of column specimen>	file	raw/fp-ac2b4f47543b/GSE106218_family.soft.gz		!Sample_source_name_ch1 = MM36EM !Sample_organism_ch1 = Homo sapiens !Sample_taxid_ch1 = 9606 !Sample_characteristics_ch1 = patient id: MM36 !Sample_characteristics_ch1 = gender: male !Sample_characteristics_ch1 = death(alive=0; death=1): 1 !Sample_characteristics_ch1 = cell type: Multiple myeloma !Sample_characteristics_ch1 = prep-site: Ascites !Sample_characteristics_ch1 = facs sorting: CD138 positive	True
MM02	geo:GSE106218:MM02	tissue_free_text	<map of column specimen>	file	raw/fp-ac2b4f47543b/GSE106218_family.soft.gz		!Sample_source_name_ch1 = MM38 !Sample_organism_ch1 = Homo sapiens !Sample_taxid_ch1 = 9606 !Sample_characteristics_ch1 = patient id: MM38 !Sample_characteristics_ch1 = gender: female !Sample_characteristics_ch1 = death(alive=0; death=1): 0 !Sample_characteristics_ch1 = cell type: Multiple myeloma !Sample_characteristics_ch1 = prep-site: Bone marrow !Sample_characteristics_ch1 = facs sorting: CD138 positive	True
MM02EM	geo:GSE106218:MM02EM	tissue_free_text	<map of column specimen>	file	raw/fp-ac2b4f47543b/GSE106218_family.soft.gz		!Sample_source_name_ch1 = MM38 !Sample_organism_ch1 = Homo sapiens !Sample_taxid_ch1 = 9606 !Sample_characteristics_ch1 = patient id: MM38 !Sample_characteristics_ch1 = gender: female !Sample_characteristics_ch1 = death(alive=0; death=1): 0 !Sample_characteristics_ch1 = cell type: Multiple myeloma !Sample_characteristics_ch1 = prep-site: Bone marrow !Sample_characteristics_ch1 = facs sorting: CD138 positive	True
MM16	geo:GSE106218:MM16	tissue_free_text	<map of column specimen>	file	raw/fp-ac2b4f47543b/GSE106218_family.soft.gz		!Sample_source_name_ch1 = MM38 !Sample_organism_ch1 = Homo sapiens !Sample_taxid_ch1 = 9606 !Sample_characteristics_ch1 = patient id: MM38 !Sample_characteristics_ch1 = gender: female !Sample_characteristics_ch1 = death(alive=0; death=1): 0 !Sample_characteristics_ch1 = cell type: Multiple myeloma !Sample_characteristics_ch1 = prep-site: Bone marrow !Sample_characteristics_ch1 = facs sorting: CD138 positive	True
MM17	geo:GSE106218:MM17	tissue_free_text	<map of column specimen>	file	raw/fp-ac2b4f47543b/GSE106218_family.soft.gz		!Sample_source_name_ch1 = MM38 !Sample_organism_ch1 = Homo sapiens !Sample_taxid_ch1 = 9606 !Sample_characteristics_ch1 = patient id: MM38 !Sample_characteristics_ch1 = gender: female !Sample_characteristics_ch1 = death(alive=0; death=1): 0 !Sample_characteristics_ch1 = cell type: Multiple myeloma !Sample_characteristics_ch1 = prep-site: Bone marrow !Sample_characteristics_ch1 = facs sorting: CD138 positive	True
MM25	geo:GSE106218:MM25	tissue_free_text	<map of column specimen>	file	raw/fp-ac2b4f47543b/GSE106218_family.soft.gz		!Sample_source_name_ch1 = MM38 !Sample_organism_ch1 = Homo sapiens !Sample_taxid_ch1 = 9606 !Sample_characteristics_ch1 = patient id: MM38 !Sample_characteristics_ch1 = gender: female !Sample_characteristics_ch1 = death(alive=0; death=1): 0 !Sample_characteristics_ch1 = cell type: Multiple myeloma !Sample_characteristics_ch1 = prep-site: Bone marrow !Sample_characteristics_ch1 = facs sorting: CD138 positive	True
MM28	geo:GSE106218:MM28	tissue_free_text	<map of column specimen>	file	raw/fp-ac2b4f47543b/GSE106218_family.soft.gz		!Sample_source_name_ch1 = MM38 !Sample_organism_ch1 = Homo sapiens !Sample_taxid_ch1 = 9606 !Sample_characteristics_ch1 = patient id: MM38 !Sample_characteristics_ch1 = gender: female !Sample_characteristics_ch1 = death(alive=0; death=1): 0 !Sample_characteristics_ch1 = cell type: Multiple myeloma !Sample_characteristics_ch1 = prep-site: Bone marrow !Sample_characteristics_ch1 = facs sorting: CD138 positive	True
MM30	geo:GSE106218:MM30	tissue_free_text	<map of column specimen>	file	raw/fp-ac2b4f47543b/GSE106218_family.soft.gz		!Sample_source_name_ch1 = MM38 !Sample_organism_ch1 = Homo sapiens !Sample_taxid_ch1 = 9606 !Sample_characteristics_ch1 = patient id: MM38 !Sample_characteristics_ch1 = gender: female !Sample_characteristics_ch1 = death(alive=0; death=1): 0 !Sample_characteristics_ch1 = cell type: Multiple myeloma !Sample_characteristics_ch1 = prep-site: Bone marrow !Sample_characteristics_ch1 = facs sorting: CD138 positive	True
MM33	geo:GSE106218:MM33	tissue_free_text	<map of column specimen>	file	raw/fp-ac2b4f47543b/GSE106218_family.soft.gz		!Sample_source_name_ch1 = MM38 !Sample_organism_ch1 = Homo sapiens !Sample_taxid_ch1 = 9606 !Sample_characteristics_ch1 = patient id: MM38 !Sample_characteristics_ch1 = gender: female !Sample_characteristics_ch1 = death(alive=0; death=1): 0 !Sample_characteristics_ch1 = cell type: Multiple myeloma !Sample_characteristics_ch1 = prep-site: Bone marrow !Sample_characteristics_ch1 = facs sorting: CD138 positive	True
MM34	geo:GSE106218:MM34	tissue_free_text	<map of column specimen>	file	raw/fp-ac2b4f47543b/GSE106218_family.soft.gz		!Sample_source_name_ch1 = MM38 !Sample_organism_ch1 = Homo sapiens !Sample_taxid_ch1 = 9606 !Sample_characteristics_ch1 = patient id: MM38 !Sample_characteristics_ch1 = gender: female !Sample_characteristics_ch1 = death(alive=0; death=1): 0 !Sample_characteristics_ch1 = cell type: Multiple myeloma !Sample_characteristics_ch1 = prep-site: Bone marrow !Sample_characteristics_ch1 = facs sorting: CD138 positive	True
MM34EM	geo:GSE106218:MM34EM	tissue_free_text	<map of column specimen>	file	raw/fp-ac2b4f47543b/GSE106218_family.soft.gz		!Sample_source_name_ch1 = MM38 !Sample_organism_ch1 = Homo sapiens !Sample_taxid_ch1 = 9606 !Sample_characteristics_ch1 = patient id: MM38 !Sample_characteristics_ch1 = gender: female !Sample_characteristics_ch1 = death(alive=0; death=1): 0 !Sample_characteristics_ch1 = cell type: Multiple myeloma !Sample_characteristics_ch1 = prep-site: Bone marrow !Sample_characteristics_ch1 = facs sorting: CD138 positive	True
MM36EM	geo:GSE106218:MM36EM	tissue_free_text	<map of column specimen>	file	raw/fp-ac2b4f47543b/GSE106218_family.soft.gz		!Sample_source_name_ch1 = MM38 !Sample_organism_ch1 = Homo sapiens !Sample_taxid_ch1 = 9606 !Sample_characteristics_ch1 = patient id: MM38 !Sample_characteristics_ch1 = gender: female !Sample_characteristics_ch1 = death(alive=0; death=1): 0 !Sample_characteristics_ch1 = cell type: Multiple myeloma !Sample_characteristics_ch1 = prep-site: Bone marrow !Sample_characteristics_ch1 = facs sorting: CD138 positive	True
MM38	geo:GSE106218:MM38	tissue_free_text	<map of column specimen>	file	raw/fp-ac2b4f47543b/GSE106218_family.soft.gz		!Sample_source_name_ch1 = MM38 !Sample_organism_ch1 = Homo sapiens !Sample_taxid_ch1 = 9606 !Sample_characteristics_ch1 = patient id: MM38 !Sample_characteristics_ch1 = gender: female !Sample_characteristics_ch1 = death(alive=0; death=1): 0 !Sample_characteristics_ch1 = cell type: Multiple myeloma !Sample_characteristics_ch1 = prep-site: Bone marrow !Sample_characteristics_ch1 = facs sorting: CD138 positive	True
MM02	geo:GSE106218:MM02	tissue_free_text	<map of column specimen>	file	raw/fp-ac2b4f47543b/GSE106218_family.soft.gz		we applied single-cell RNA sequencing to myeloma cells in the bone marrow and extramedullary sites	True
MM02EM	geo:GSE106218:MM02EM	tissue_free_text	<map of column specimen>	file	raw/fp-ac2b4f47543b/GSE106218_family.soft.gz		we applied single-cell RNA sequencing to myeloma cells in the bone marrow and extramedullary sites	True
MM16	geo:GSE106218:MM16	tissue_free_text	<map of column specimen>	file	raw/fp-ac2b4f47543b/GSE106218_family.soft.gz		we applied single-cell RNA sequencing to myeloma cells in the bone marrow and extramedullary sites	True
MM17	geo:GSE106218:MM17	tissue_free_text	<map of column specimen>	file	raw/fp-ac2b4f47543b/GSE106218_family.soft.gz		we applied single-cell RNA sequencing to myeloma cells in the bone marrow and extramedullary sites	True
MM25	geo:GSE106218:MM25	tissue_free_text	<map of column specimen>	file	raw/fp-ac2b4f47543b/GSE106218_family.soft.gz		we applied single-cell RNA sequencing to myeloma cells in the bone marrow and extramedullary sites	True
MM28	geo:GSE106218:MM28	tissue_free_text	<map of column specimen>	file	raw/fp-ac2b4f47543b/GSE106218_family.soft.gz		we applied single-cell RNA sequencing to myeloma cells in the bone marrow and extramedullary sites	True
MM30	geo:GSE106218:MM30	tissue_free_text	<map of column specimen>	file	raw/fp-ac2b4f47543b/GSE106218_family.soft.gz		we applied single-cell RNA sequencing to myeloma cells in the bone marrow and extramedullary sites	True
MM33	geo:GSE106218:MM33	tissue_free_text	<map of column specimen>	file	raw/fp-ac2b4f47543b/GSE106218_family.soft.gz		we applied single-cell RNA sequencing to myeloma cells in the bone marrow and extramedullary sites	True
MM34	geo:GSE106218:MM34	tissue_free_text	<map of column specimen>	file	raw/fp-ac2b4f47543b/GSE106218_family.soft.gz		we applied single-cell RNA sequencing to myeloma cells in the bone marrow and extramedullary sites	True
MM34EM	geo:GSE106218:MM34EM	tissue_free_text	<map of column specimen>	file	raw/fp-ac2b4f47543b/GSE106218_family.soft.gz		we applied single-cell RNA sequencing to myeloma cells in the bone marrow and extramedullary sites	True
MM36EM	geo:GSE106218:MM36EM	tissue_free_text	<map of column specimen>	file	raw/fp-ac2b4f47543b/GSE106218_family.soft.gz		we applied single-cell RNA sequencing to myeloma cells in the bone marrow and extramedullary sites	True
MM38	geo:GSE106218:MM38	tissue_free_text	<map of column specimen>	file	raw/fp-ac2b4f47543b/GSE106218_family.soft.gz		we applied single-cell RNA sequencing to myeloma cells in the bone marrow and extramedullary sites	True
MM02	geo:GSE106218:MM02	disease_free_text	Multiple myeloma	file	raw/fp-ac2b4f47543b/GSE106218_family.soft.gz		!Sample_characteristics_ch1 = cell type: Multiple myeloma	True
MM02EM	geo:GSE106218:MM02EM	disease_free_text	Multiple myeloma	file	raw/fp-ac2b4f47543b/GSE106218_family.soft.gz		!Sample_characteristics_ch1 = cell type: Multiple myeloma	True
MM16	geo:GSE106218:MM16	disease_free_text	Multiple myeloma	file	raw/fp-ac2b4f47543b/GSE106218_family.soft.gz		!Sample_characteristics_ch1 = cell type: Multiple myeloma	True
MM17	geo:GSE106218:MM17	disease_free_text	Multiple myeloma	file	raw/fp-ac2b4f47543b/GSE106218_family.soft.gz		!Sample_characteristics_ch1 = cell type: Multiple myeloma	True
MM25	geo:GSE106218:MM25	disease_free_text	Multiple myeloma	file	raw/fp-ac2b4f47543b/GSE106218_family.soft.gz		!Sample_characteristics_ch1 = cell type: Multiple myeloma	True
MM28	geo:GSE106218:MM28	disease_free_text	Multiple myeloma	file	raw/fp-ac2b4f47543b/GSE106218_family.soft.gz		!Sample_characteristics_ch1 = cell type: Multiple myeloma	True
MM30	geo:GSE106218:MM30	disease_free_text	Multiple myeloma	file	raw/fp-ac2b4f47543b/GSE106218_family.soft.gz		!Sample_characteristics_ch1 = cell type: Multiple myeloma	True
MM33	geo:GSE106218:MM33	disease_free_text	Multiple myeloma	file	raw/fp-ac2b4f47543b/GSE106218_family.soft.gz		!Sample_characteristics_ch1 = cell type: Multiple myeloma	True
MM34	geo:GSE106218:MM34	disease_free_text	Multiple myeloma	file	raw/fp-ac2b4f47543b/GSE106218_family.soft.gz		!Sample_characteristics_ch1 = cell type: Multiple myeloma	True
MM34EM	geo:GSE106218:MM34EM	disease_free_text	Multiple myeloma	file	raw/fp-ac2b4f47543b/GSE106218_family.soft.gz		!Sample_characteristics_ch1 = cell type: Multiple myeloma	True
MM36EM	geo:GSE106218:MM36EM	disease_free_text	Multiple myeloma	file	raw/fp-ac2b4f47543b/GSE106218_family.soft.gz		!Sample_characteristics_ch1 = cell type: Multiple myeloma	True
MM38	geo:GSE106218:MM38	disease_free_text	Multiple myeloma	file	raw/fp-ac2b4f47543b/GSE106218_family.soft.gz		!Sample_characteristics_ch1 = cell type: Multiple myeloma	True
MM02	geo:GSE106218:MM02	disease_free_text	Multiple myeloma	file	raw/fp-ac2b4f47543b/GSE106218_family.soft.gz		!Series_overall_design = We performed single cell RNA sequencing (RNA-seq) for multiple myeloma from the bone marrow and/or extramedullary sites from 10 patients.	True
MM02EM	geo:GSE106218:MM02EM	disease_free_text	Multiple myeloma	file	raw/fp-ac2b4f47543b/GSE106218_family.soft.gz		!Series_overall_design = We performed single cell RNA sequencing (RNA-seq) for multiple myeloma from the bone marrow and/or extramedullary sites from 10 patients.	True
MM16	geo:GSE106218:MM16	disease_free_text	Multiple myeloma	file	raw/fp-ac2b4f47543b/GSE106218_family.soft.gz		!Series_overall_design = We performed single cell RNA sequencing (RNA-seq) for multiple myeloma from the bone marrow and/or extramedullary sites from 10 patients.	True
MM17	geo:GSE106218:MM17	disease_free_text	Multiple myeloma	file	raw/fp-ac2b4f47543b/GSE106218_family.soft.gz		!Series_overall_design = We performed single cell RNA sequencing (RNA-seq) for multiple myeloma from the bone marrow and/or extramedullary sites from 10 patients.	True
MM25	geo:GSE106218:MM25	disease_free_text	Multiple myeloma	file	raw/fp-ac2b4f47543b/GSE106218_family.soft.gz		!Series_overall_design = We performed single cell RNA sequencing (RNA-seq) for multiple myeloma from the bone marrow and/or extramedullary sites from 10 patients.	True
MM28	geo:GSE106218:MM28	disease_free_text	Multiple myeloma	file	raw/fp-ac2b4f47543b/GSE106218_family.soft.gz		!Series_overall_design = We performed single cell RNA sequencing (RNA-seq) for multiple myeloma from the bone marrow and/or extramedullary sites from 10 patients.	True
MM30	geo:GSE106218:MM30	disease_free_text	Multiple myeloma	file	raw/fp-ac2b4f47543b/GSE106218_family.soft.gz		!Series_overall_design = We performed single cell RNA sequencing (RNA-seq) for multiple myeloma from the bone marrow and/or extramedullary sites from 10 patients.	True
MM33	geo:GSE106218:MM33	disease_free_text	Multiple myeloma	file	raw/fp-ac2b4f47543b/GSE106218_family.soft.gz		!Series_overall_design = We performed single cell RNA sequencing (RNA-seq) for multiple myeloma from the bone marrow and/or extramedullary sites from 10 patients.	True
MM34	geo:GSE106218:MM34	disease_free_text	Multiple myeloma	file	raw/fp-ac2b4f47543b/GSE106218_family.soft.gz		!Series_overall_design = We performed single cell RNA sequencing (RNA-seq) for multiple myeloma from the bone marrow and/or extramedullary sites from 10 patients.	True
MM34EM	geo:GSE106218:MM34EM	disease_free_text	Multiple myeloma	file	raw/fp-ac2b4f47543b/GSE106218_family.soft.gz		!Series_overall_design = We performed single cell RNA sequencing (RNA-seq) for multiple myeloma from the bone marrow and/or extramedullary sites from 10 patients.	True
MM36EM	geo:GSE106218:MM36EM	disease_free_text	Multiple myeloma	file	raw/fp-ac2b4f47543b/GSE106218_family.soft.gz		!Series_overall_design = We performed single cell RNA sequencing (RNA-seq) for multiple myeloma from the bone marrow and/or extramedullary sites from 10 patients.	True
MM38	geo:GSE106218:MM38	disease_free_text	Multiple myeloma	file	raw/fp-ac2b4f47543b/GSE106218_family.soft.gz		!Series_overall_design = We performed single cell RNA sequencing (RNA-seq) for multiple myeloma from the bone marrow and/or extramedullary sites from 10 patients.	True
MM02	geo:GSE106218:MM02	sampled_site_condition	diseased	file	raw/fp-ac2b4f47543b/GSE106218_family.soft.gz		we applied single-cell RNA sequencing to myeloma cells in the bone marrow and extramedullary sites	True
MM02EM	geo:GSE106218:MM02EM	sampled_site_condition	diseased	file	raw/fp-ac2b4f47543b/GSE106218_family.soft.gz		we applied single-cell RNA sequencing to myeloma cells in the bone marrow and extramedullary sites	True
MM16	geo:GSE106218:MM16	sampled_site_condition	diseased	file	raw/fp-ac2b4f47543b/GSE106218_family.soft.gz		we applied single-cell RNA sequencing to myeloma cells in the bone marrow and extramedullary sites	True
MM17	geo:GSE106218:MM17	sampled_site_condition	diseased	file	raw/fp-ac2b4f47543b/GSE106218_family.soft.gz		we applied single-cell RNA sequencing to myeloma cells in the bone marrow and extramedullary sites	True
MM25	geo:GSE106218:MM25	sampled_site_condition	diseased	file	raw/fp-ac2b4f47543b/GSE106218_family.soft.gz		we applied single-cell RNA sequencing to myeloma cells in the bone marrow and extramedullary sites	True
MM28	geo:GSE106218:MM28	sampled_site_condition	diseased	file	raw/fp-ac2b4f47543b/GSE106218_family.soft.gz		we applied single-cell RNA sequencing to myeloma cells in the bone marrow and extramedullary sites	True
MM30	geo:GSE106218:MM30	sampled_site_condition	diseased	file	raw/fp-ac2b4f47543b/GSE106218_family.soft.gz		we applied single-cell RNA sequencing to myeloma cells in the bone marrow and extramedullary sites	True
MM33	geo:GSE106218:MM33	sampled_site_condition	diseased	file	raw/fp-ac2b4f47543b/GSE106218_family.soft.gz		we applied single-cell RNA sequencing to myeloma cells in the bone marrow and extramedullary sites	True
MM34	geo:GSE106218:MM34	sampled_site_condition	diseased	file	raw/fp-ac2b4f47543b/GSE106218_family.soft.gz		we applied single-cell RNA sequencing to myeloma cells in the bone marrow and extramedullary sites	True
MM34EM	geo:GSE106218:MM34EM	sampled_site_condition	diseased	file	raw/fp-ac2b4f47543b/GSE106218_family.soft.gz		we applied single-cell RNA sequencing to myeloma cells in the bone marrow and extramedullary sites	True
MM36EM	geo:GSE106218:MM36EM	sampled_site_condition	diseased	file	raw/fp-ac2b4f47543b/GSE106218_family.soft.gz		we applied single-cell RNA sequencing to myeloma cells in the bone marrow and extramedullary sites	True
MM38	geo:GSE106218:MM38	sampled_site_condition	diseased	file	raw/fp-ac2b4f47543b/GSE106218_family.soft.gz		we applied single-cell RNA sequencing to myeloma cells in the bone marrow and extramedullary sites	True
MM02	geo:GSE106218:MM02	sampled_site_condition	diseased	file	raw/fp-ac2b4f47543b/GSE106218_family.soft.gz		!Series_overall_design = We performed single cell RNA sequencing (RNA-seq) for multiple myeloma from the bone marrow and/or extramedullary sites from 10 patients.	True
MM02EM	geo:GSE106218:MM02EM	sampled_site_condition	diseased	file	raw/fp-ac2b4f47543b/GSE106218_family.soft.gz		!Series_overall_design = We performed single cell RNA sequencing (RNA-seq) for multiple myeloma from the bone marrow and/or extramedullary sites from 10 patients.	True
MM16	geo:GSE106218:MM16	sampled_site_condition	diseased	file	raw/fp-ac2b4f47543b/GSE106218_family.soft.gz		!Series_overall_design = We performed single cell RNA sequencing (RNA-seq) for multiple myeloma from the bone marrow and/or extramedullary sites from 10 patients.	True
MM17	geo:GSE106218:MM17	sampled_site_condition	diseased	file	raw/fp-ac2b4f47543b/GSE106218_family.soft.gz		!Series_overall_design = We performed single cell RNA sequencing (RNA-seq) for multiple myeloma from the bone marrow and/or extramedullary sites from 10 patients.	True
MM25	geo:GSE106218:MM25	sampled_site_condition	diseased	file	raw/fp-ac2b4f47543b/GSE106218_family.soft.gz		!Series_overall_design = We performed single cell RNA sequencing (RNA-seq) for multiple myeloma from the bone marrow and/or extramedullary sites from 10 patients.	True
MM28	geo:GSE106218:MM28	sampled_site_condition	diseased	file	raw/fp-ac2b4f47543b/GSE106218_family.soft.gz		!Series_overall_design = We performed single cell RNA sequencing (RNA-seq) for multiple myeloma from the bone marrow and/or extramedullary sites from 10 patients.	True
MM30	geo:GSE106218:MM30	sampled_site_condition	diseased	file	raw/fp-ac2b4f47543b/GSE106218_family.soft.gz		!Series_overall_design = We performed single cell RNA sequencing (RNA-seq) for multiple myeloma from the bone marrow and/or extramedullary sites from 10 patients.	True
MM33	geo:GSE106218:MM33	sampled_site_condition	diseased	file	raw/fp-ac2b4f47543b/GSE106218_family.soft.gz		!Series_overall_design = We performed single cell RNA sequencing (RNA-seq) for multiple myeloma from the bone marrow and/or extramedullary sites from 10 patients.	True
MM34	geo:GSE106218:MM34	sampled_site_condition	diseased	file	raw/fp-ac2b4f47543b/GSE106218_family.soft.gz		!Series_overall_design = We performed single cell RNA sequencing (RNA-seq) for multiple myeloma from the bone marrow and/or extramedullary sites from 10 patients.	True
MM34EM	geo:GSE106218:MM34EM	sampled_site_condition	diseased	file	raw/fp-ac2b4f47543b/GSE106218_family.soft.gz		!Series_overall_design = We performed single cell RNA sequencing (RNA-seq) for multiple myeloma from the bone marrow and/or extramedullary sites from 10 patients.	True
MM36EM	geo:GSE106218:MM36EM	sampled_site_condition	diseased	file	raw/fp-ac2b4f47543b/GSE106218_family.soft.gz		!Series_overall_design = We performed single cell RNA sequencing (RNA-seq) for multiple myeloma from the bone marrow and/or extramedullary sites from 10 patients.	True
MM38	geo:GSE106218:MM38	sampled_site_condition	diseased	file	raw/fp-ac2b4f47543b/GSE106218_family.soft.gz		!Series_overall_design = We performed single cell RNA sequencing (RNA-seq) for multiple myeloma from the bone marrow and/or extramedullary sites from 10 patients.	True
MM02	geo:GSE106218:MM02	tissue_type	tissue	file	raw/fp-ac2b4f47543b/GSE106218_family.soft.gz		!Series_overall_design = We performed single cell RNA sequencing (RNA-seq) for multiple myeloma from the bone marrow and/or extramedullary sites from 10 patients.	True
MM02EM	geo:GSE106218:MM02EM	tissue_type	tissue	file	raw/fp-ac2b4f47543b/GSE106218_family.soft.gz		!Series_overall_design = We performed single cell RNA sequencing (RNA-seq) for multiple myeloma from the bone marrow and/or extramedullary sites from 10 patients.	True
MM16	geo:GSE106218:MM16	tissue_type	tissue	file	raw/fp-ac2b4f47543b/GSE106218_family.soft.gz		!Series_overall_design = We performed single cell RNA sequencing (RNA-seq) for multiple myeloma from the bone marrow and/or extramedullary sites from 10 patients.	True
MM17	geo:GSE106218:MM17	tissue_type	tissue	file	raw/fp-ac2b4f47543b/GSE106218_family.soft.gz		!Series_overall_design = We performed single cell RNA sequencing (RNA-seq) for multiple myeloma from the bone marrow and/or extramedullary sites from 10 patients.	True
MM25	geo:GSE106218:MM25	tissue_type	tissue	file	raw/fp-ac2b4f47543b/GSE106218_family.soft.gz		!Series_overall_design = We performed single cell RNA sequencing (RNA-seq) for multiple myeloma from the bone marrow and/or extramedullary sites from 10 patients.	True
MM28	geo:GSE106218:MM28	tissue_type	tissue	file	raw/fp-ac2b4f47543b/GSE106218_family.soft.gz		!Series_overall_design = We performed single cell RNA sequencing (RNA-seq) for multiple myeloma from the bone marrow and/or extramedullary sites from 10 patients.	True
MM30	geo:GSE106218:MM30	tissue_type	tissue	file	raw/fp-ac2b4f47543b/GSE106218_family.soft.gz		!Series_overall_design = We performed single cell RNA sequencing (RNA-seq) for multiple myeloma from the bone marrow and/or extramedullary sites from 10 patients.	True
MM33	geo:GSE106218:MM33	tissue_type	tissue	file	raw/fp-ac2b4f47543b/GSE106218_family.soft.gz		!Series_overall_design = We performed single cell RNA sequencing (RNA-seq) for multiple myeloma from the bone marrow and/or extramedullary sites from 10 patients.	True
MM34	geo:GSE106218:MM34	tissue_type	tissue	file	raw/fp-ac2b4f47543b/GSE106218_family.soft.gz		!Series_overall_design = We performed single cell RNA sequencing (RNA-seq) for multiple myeloma from the bone marrow and/or extramedullary sites from 10 patients.	True
MM34EM	geo:GSE106218:MM34EM	tissue_type	tissue	file	raw/fp-ac2b4f47543b/GSE106218_family.soft.gz		!Series_overall_design = We performed single cell RNA sequencing (RNA-seq) for multiple myeloma from the bone marrow and/or extramedullary sites from 10 patients.	True
MM36EM	geo:GSE106218:MM36EM	tissue_type	tissue	file	raw/fp-ac2b4f47543b/GSE106218_family.soft.gz		!Series_overall_design = We performed single cell RNA sequencing (RNA-seq) for multiple myeloma from the bone marrow and/or extramedullary sites from 10 patients.	True
MM38	geo:GSE106218:MM38	tissue_type	tissue	file	raw/fp-ac2b4f47543b/GSE106218_family.soft.gz		!Series_overall_design = We performed single cell RNA sequencing (RNA-seq) for multiple myeloma from the bone marrow and/or extramedullary sites from 10 patients.	True
MM02	geo:GSE106218:MM02	suspension_type	cell	file	raw/fp-ac2b4f47543b/GSE106218_family.soft.gz		Data contain 477 single-cell RNA-seq and 11 bulk RNA-seq.	True
MM02EM	geo:GSE106218:MM02EM	suspension_type	cell	file	raw/fp-ac2b4f47543b/GSE106218_family.soft.gz		Data contain 477 single-cell RNA-seq and 11 bulk RNA-seq.	True
MM16	geo:GSE106218:MM16	suspension_type	cell	file	raw/fp-ac2b4f47543b/GSE106218_family.soft.gz		Data contain 477 single-cell RNA-seq and 11 bulk RNA-seq.	True
MM17	geo:GSE106218:MM17	suspension_type	cell	file	raw/fp-ac2b4f47543b/GSE106218_family.soft.gz		Data contain 477 single-cell RNA-seq and 11 bulk RNA-seq.	True
MM25	geo:GSE106218:MM25	suspension_type	cell	file	raw/fp-ac2b4f47543b/GSE106218_family.soft.gz		Data contain 477 single-cell RNA-seq and 11 bulk RNA-seq.	True
MM28	geo:GSE106218:MM28	suspension_type	cell	file	raw/fp-ac2b4f47543b/GSE106218_family.soft.gz		Data contain 477 single-cell RNA-seq and 11 bulk RNA-seq.	True
MM30	geo:GSE106218:MM30	suspension_type	cell	file	raw/fp-ac2b4f47543b/GSE106218_family.soft.gz		Data contain 477 single-cell RNA-seq and 11 bulk RNA-seq.	True
MM33	geo:GSE106218:MM33	suspension_type	cell	file	raw/fp-ac2b4f47543b/GSE106218_family.soft.gz		Data contain 477 single-cell RNA-seq and 11 bulk RNA-seq.	True
MM34	geo:GSE106218:MM34	suspension_type	cell	file	raw/fp-ac2b4f47543b/GSE106218_family.soft.gz		Data contain 477 single-cell RNA-seq and 11 bulk RNA-seq.	True
MM34EM	geo:GSE106218:MM34EM	suspension_type	cell	file	raw/fp-ac2b4f47543b/GSE106218_family.soft.gz		Data contain 477 single-cell RNA-seq and 11 bulk RNA-seq.	True
MM36EM	geo:GSE106218:MM36EM	suspension_type	cell	file	raw/fp-ac2b4f47543b/GSE106218_family.soft.gz		Data contain 477 single-cell RNA-seq and 11 bulk RNA-seq.	True
MM38	geo:GSE106218:MM38	suspension_type	cell	file	raw/fp-ac2b4f47543b/GSE106218_family.soft.gz		Data contain 477 single-cell RNA-seq and 11 bulk RNA-seq.	True
MM02	geo:GSE106218:MM02	suspension_type	cell	file	raw/fp-ac2b4f47543b/GSE106218_family.soft.gz		cDNA synthesis and amplification were performed with SMARTer Ultra Low RNA Kit (Clontech) in the C1TM Single-Cell Auto Prep System (Fluidigm).	True
MM02EM	geo:GSE106218:MM02EM	suspension_type	cell	file	raw/fp-ac2b4f47543b/GSE106218_family.soft.gz		cDNA synthesis and amplification were performed with SMARTer Ultra Low RNA Kit (Clontech) in the C1TM Single-Cell Auto Prep System (Fluidigm).	True
MM16	geo:GSE106218:MM16	suspension_type	cell	file	raw/fp-ac2b4f47543b/GSE106218_family.soft.gz		cDNA synthesis and amplification were performed with SMARTer Ultra Low RNA Kit (Clontech) in the C1TM Single-Cell Auto Prep System (Fluidigm).	True
MM17	geo:GSE106218:MM17	suspension_type	cell	file	raw/fp-ac2b4f47543b/GSE106218_family.soft.gz		cDNA synthesis and amplification were performed with SMARTer Ultra Low RNA Kit (Clontech) in the C1TM Single-Cell Auto Prep System (Fluidigm).	True
MM25	geo:GSE106218:MM25	suspension_type	cell	file	raw/fp-ac2b4f47543b/GSE106218_family.soft.gz		cDNA synthesis and amplification were performed with SMARTer Ultra Low RNA Kit (Clontech) in the C1TM Single-Cell Auto Prep System (Fluidigm).	True
MM28	geo:GSE106218:MM28	suspension_type	cell	file	raw/fp-ac2b4f47543b/GSE106218_family.soft.gz		cDNA synthesis and amplification were performed with SMARTer Ultra Low RNA Kit (Clontech) in the C1TM Single-Cell Auto Prep System (Fluidigm).	True
MM30	geo:GSE106218:MM30	suspension_type	cell	file	raw/fp-ac2b4f47543b/GSE106218_family.soft.gz		cDNA synthesis and amplification were performed with SMARTer Ultra Low RNA Kit (Clontech) in the C1TM Single-Cell Auto Prep System (Fluidigm).	True
MM33	geo:GSE106218:MM33	suspension_type	cell	file	raw/fp-ac2b4f47543b/GSE106218_family.soft.gz		cDNA synthesis and amplification were performed with SMARTer Ultra Low RNA Kit (Clontech) in the C1TM Single-Cell Auto Prep System (Fluidigm).	True
MM34	geo:GSE106218:MM34	suspension_type	cell	file	raw/fp-ac2b4f47543b/GSE106218_family.soft.gz		cDNA synthesis and amplification were performed with SMARTer Ultra Low RNA Kit (Clontech) in the C1TM Single-Cell Auto Prep System (Fluidigm).	True
MM34EM	geo:GSE106218:MM34EM	suspension_type	cell	file	raw/fp-ac2b4f47543b/GSE106218_family.soft.gz		cDNA synthesis and amplification were performed with SMARTer Ultra Low RNA Kit (Clontech) in the C1TM Single-Cell Auto Prep System (Fluidigm).	True
MM36EM	geo:GSE106218:MM36EM	suspension_type	cell	file	raw/fp-ac2b4f47543b/GSE106218_family.soft.gz		cDNA synthesis and amplification were performed with SMARTer Ultra Low RNA Kit (Clontech) in the C1TM Single-Cell Auto Prep System (Fluidigm).	True
MM38	geo:GSE106218:MM38	suspension_type	cell	file	raw/fp-ac2b4f47543b/GSE106218_family.soft.gz		cDNA synthesis and amplification were performed with SMARTer Ultra Low RNA Kit (Clontech) in the C1TM Single-Cell Auto Prep System (Fluidigm).	True
MM02	geo:GSE106218:MM02	cell_enrichment	CD138+	file	raw/fp-ac2b4f47543b/GSE106218_family.soft.gz		CD138 Positive Selection kit before loading to integrated fluidic circuit (IFC) chip.	True
MM02EM	geo:GSE106218:MM02EM	cell_enrichment	CD138+	file	raw/fp-ac2b4f47543b/GSE106218_family.soft.gz		CD138 Positive Selection kit before loading to integrated fluidic circuit (IFC) chip.	True
MM16	geo:GSE106218:MM16	cell_enrichment	CD138+	file	raw/fp-ac2b4f47543b/GSE106218_family.soft.gz		CD138 Positive Selection kit before loading to integrated fluidic circuit (IFC) chip.	True
MM17	geo:GSE106218:MM17	cell_enrichment	CD138+	file	raw/fp-ac2b4f47543b/GSE106218_family.soft.gz		CD138 Positive Selection kit before loading to integrated fluidic circuit (IFC) chip.	True
MM25	geo:GSE106218:MM25	cell_enrichment	CD138+	file	raw/fp-ac2b4f47543b/GSE106218_family.soft.gz		CD138 Positive Selection kit before loading to integrated fluidic circuit (IFC) chip.	True
MM28	geo:GSE106218:MM28	cell_enrichment	CD138+	file	raw/fp-ac2b4f47543b/GSE106218_family.soft.gz		CD138 Positive Selection kit before loading to integrated fluidic circuit (IFC) chip.	True
MM30	geo:GSE106218:MM30	cell_enrichment	CD138+	file	raw/fp-ac2b4f47543b/GSE106218_family.soft.gz		CD138 Positive Selection kit before loading to integrated fluidic circuit (IFC) chip.	True
MM33	geo:GSE106218:MM33	cell_enrichment	CD138+	file	raw/fp-ac2b4f47543b/GSE106218_family.soft.gz		CD138 Positive Selection kit before loading to integrated fluidic circuit (IFC) chip.	True
MM34	geo:GSE106218:MM34	cell_enrichment	CD138+	file	raw/fp-ac2b4f47543b/GSE106218_family.soft.gz		CD138 Positive Selection kit before loading to integrated fluidic circuit (IFC) chip.	True
MM34EM	geo:GSE106218:MM34EM	cell_enrichment	CD138+	file	raw/fp-ac2b4f47543b/GSE106218_family.soft.gz		CD138 Positive Selection kit before loading to integrated fluidic circuit (IFC) chip.	True
MM36EM	geo:GSE106218:MM36EM	cell_enrichment	CD138+	file	raw/fp-ac2b4f47543b/GSE106218_family.soft.gz		CD138 Positive Selection kit before loading to integrated fluidic circuit (IFC) chip.	True
MM38	geo:GSE106218:MM38	cell_enrichment	CD138+	file	raw/fp-ac2b4f47543b/GSE106218_family.soft.gz		CD138 Positive Selection kit before loading to integrated fluidic circuit (IFC) chip.	True
MM02	geo:GSE106218:MM02	cell_enrichment	CD138+	file	raw/fp-ac2b4f47543b/GSE106218_family.soft.gz		!Sample_characteristics_ch1 = facs sorting: CD138 positive	True
MM02EM	geo:GSE106218:MM02EM	cell_enrichment	CD138+	file	raw/fp-ac2b4f47543b/GSE106218_family.soft.gz		!Sample_characteristics_ch1 = facs sorting: CD138 positive	True
MM16	geo:GSE106218:MM16	cell_enrichment	CD138+	file	raw/fp-ac2b4f47543b/GSE106218_family.soft.gz		!Sample_characteristics_ch1 = facs sorting: CD138 positive	True
MM17	geo:GSE106218:MM17	cell_enrichment	CD138+	file	raw/fp-ac2b4f47543b/GSE106218_family.soft.gz		!Sample_characteristics_ch1 = facs sorting: CD138 positive	True
MM25	geo:GSE106218:MM25	cell_enrichment	CD138+	file	raw/fp-ac2b4f47543b/GSE106218_family.soft.gz		!Sample_characteristics_ch1 = facs sorting: CD138 positive	True
MM28	geo:GSE106218:MM28	cell_enrichment	CD138+	file	raw/fp-ac2b4f47543b/GSE106218_family.soft.gz		!Sample_characteristics_ch1 = facs sorting: CD138 positive	True
MM30	geo:GSE106218:MM30	cell_enrichment	CD138+	file	raw/fp-ac2b4f47543b/GSE106218_family.soft.gz		!Sample_characteristics_ch1 = facs sorting: CD138 positive	True
MM33	geo:GSE106218:MM33	cell_enrichment	CD138+	file	raw/fp-ac2b4f47543b/GSE106218_family.soft.gz		!Sample_characteristics_ch1 = facs sorting: CD138 positive	True
MM34	geo:GSE106218:MM34	cell_enrichment	CD138+	file	raw/fp-ac2b4f47543b/GSE106218_family.soft.gz		!Sample_characteristics_ch1 = facs sorting: CD138 positive	True
MM34EM	geo:GSE106218:MM34EM	cell_enrichment	CD138+	file	raw/fp-ac2b4f47543b/GSE106218_family.soft.gz		!Sample_characteristics_ch1 = facs sorting: CD138 positive	True
MM36EM	geo:GSE106218:MM36EM	cell_enrichment	CD138+	file	raw/fp-ac2b4f47543b/GSE106218_family.soft.gz		!Sample_characteristics_ch1 = facs sorting: CD138 positive	True
MM38	geo:GSE106218:MM38	cell_enrichment	CD138+	file	raw/fp-ac2b4f47543b/GSE106218_family.soft.gz		!Sample_characteristics_ch1 = facs sorting: CD138 positive	True
MM02	geo:GSE106218:MM02	assay_ontology_term_id	EFO:0010058	file	raw/fp-ac2b4f47543b/GSE106218_family.soft.gz		cDNA synthesis and amplification were performed with SMARTer Ultra Low RNA Kit (Clontech) in the C1TM Single-Cell Auto Prep System (Fluidigm).	True
MM02EM	geo:GSE106218:MM02EM	assay_ontology_term_id	EFO:0010058	file	raw/fp-ac2b4f47543b/GSE106218_family.soft.gz		cDNA synthesis and amplification were performed with SMARTer Ultra Low RNA Kit (Clontech) in the C1TM Single-Cell Auto Prep System (Fluidigm).	True
MM16	geo:GSE106218:MM16	assay_ontology_term_id	EFO:0010058	file	raw/fp-ac2b4f47543b/GSE106218_family.soft.gz		cDNA synthesis and amplification were performed with SMARTer Ultra Low RNA Kit (Clontech) in the C1TM Single-Cell Auto Prep System (Fluidigm).	True
MM17	geo:GSE106218:MM17	assay_ontology_term_id	EFO:0010058	file	raw/fp-ac2b4f47543b/GSE106218_family.soft.gz		cDNA synthesis and amplification were performed with SMARTer Ultra Low RNA Kit (Clontech) in the C1TM Single-Cell Auto Prep System (Fluidigm).	True
MM25	geo:GSE106218:MM25	assay_ontology_term_id	EFO:0010058	file	raw/fp-ac2b4f47543b/GSE106218_family.soft.gz		cDNA synthesis and amplification were performed with SMARTer Ultra Low RNA Kit (Clontech) in the C1TM Single-Cell Auto Prep System (Fluidigm).	True
MM28	geo:GSE106218:MM28	assay_ontology_term_id	EFO:0010058	file	raw/fp-ac2b4f47543b/GSE106218_family.soft.gz		cDNA synthesis and amplification were performed with SMARTer Ultra Low RNA Kit (Clontech) in the C1TM Single-Cell Auto Prep System (Fluidigm).	True
MM30	geo:GSE106218:MM30	assay_ontology_term_id	EFO:0010058	file	raw/fp-ac2b4f47543b/GSE106218_family.soft.gz		cDNA synthesis and amplification were performed with SMARTer Ultra Low RNA Kit (Clontech) in the C1TM Single-Cell Auto Prep System (Fluidigm).	True
MM33	geo:GSE106218:MM33	assay_ontology_term_id	EFO:0010058	file	raw/fp-ac2b4f47543b/GSE106218_family.soft.gz		cDNA synthesis and amplification were performed with SMARTer Ultra Low RNA Kit (Clontech) in the C1TM Single-Cell Auto Prep System (Fluidigm).	True
MM34	geo:GSE106218:MM34	assay_ontology_term_id	EFO:0010058	file	raw/fp-ac2b4f47543b/GSE106218_family.soft.gz		cDNA synthesis and amplification were performed with SMARTer Ultra Low RNA Kit (Clontech) in the C1TM Single-Cell Auto Prep System (Fluidigm).	True
MM34EM	geo:GSE106218:MM34EM	assay_ontology_term_id	EFO:0010058	file	raw/fp-ac2b4f47543b/GSE106218_family.soft.gz		cDNA synthesis and amplification were performed with SMARTer Ultra Low RNA Kit (Clontech) in the C1TM Single-Cell Auto Prep System (Fluidigm).	True
MM36EM	geo:GSE106218:MM36EM	assay_ontology_term_id	EFO:0010058	file	raw/fp-ac2b4f47543b/GSE106218_family.soft.gz		cDNA synthesis and amplification were performed with SMARTer Ultra Low RNA Kit (Clontech) in the C1TM Single-Cell Auto Prep System (Fluidigm).	True
MM38	geo:GSE106218:MM38	assay_ontology_term_id	EFO:0010058	file	raw/fp-ac2b4f47543b/GSE106218_family.soft.gz		cDNA synthesis and amplification were performed with SMARTer Ultra Low RNA Kit (Clontech) in the C1TM Single-Cell Auto Prep System (Fluidigm).	True
MM02	geo:GSE106218:MM02	gene_annotation_version	GENCODE 19	file	raw/fp-ac2b4f47543b/GSE106218_family.soft.gz		the human genome reference (hg19) with the GENCODE 19 annotations.	True
MM02EM	geo:GSE106218:MM02EM	gene_annotation_version	GENCODE 19	file	raw/fp-ac2b4f47543b/GSE106218_family.soft.gz		the human genome reference (hg19) with the GENCODE 19 annotations.	True
MM16	geo:GSE106218:MM16	gene_annotation_version	GENCODE 19	file	raw/fp-ac2b4f47543b/GSE106218_family.soft.gz		the human genome reference (hg19) with the GENCODE 19 annotations.	True
MM17	geo:GSE106218:MM17	gene_annotation_version	GENCODE 19	file	raw/fp-ac2b4f47543b/GSE106218_family.soft.gz		the human genome reference (hg19) with the GENCODE 19 annotations.	True
MM25	geo:GSE106218:MM25	gene_annotation_version	GENCODE 19	file	raw/fp-ac2b4f47543b/GSE106218_family.soft.gz		the human genome reference (hg19) with the GENCODE 19 annotations.	True
MM28	geo:GSE106218:MM28	gene_annotation_version	GENCODE 19	file	raw/fp-ac2b4f47543b/GSE106218_family.soft.gz		the human genome reference (hg19) with the GENCODE 19 annotations.	True
MM30	geo:GSE106218:MM30	gene_annotation_version	GENCODE 19	file	raw/fp-ac2b4f47543b/GSE106218_family.soft.gz		the human genome reference (hg19) with the GENCODE 19 annotations.	True
MM33	geo:GSE106218:MM33	gene_annotation_version	GENCODE 19	file	raw/fp-ac2b4f47543b/GSE106218_family.soft.gz		the human genome reference (hg19) with the GENCODE 19 annotations.	True
MM34	geo:GSE106218:MM34	gene_annotation_version	GENCODE 19	file	raw/fp-ac2b4f47543b/GSE106218_family.soft.gz		the human genome reference (hg19) with the GENCODE 19 annotations.	True
MM34EM	geo:GSE106218:MM34EM	gene_annotation_version	GENCODE 19	file	raw/fp-ac2b4f47543b/GSE106218_family.soft.gz		the human genome reference (hg19) with the GENCODE 19 annotations.	True
MM36EM	geo:GSE106218:MM36EM	gene_annotation_version	GENCODE 19	file	raw/fp-ac2b4f47543b/GSE106218_family.soft.gz		the human genome reference (hg19) with the GENCODE 19 annotations.	True
MM38	geo:GSE106218:MM38	gene_annotation_version	GENCODE 19	file	raw/fp-ac2b4f47543b/GSE106218_family.soft.gz		the human genome reference (hg19) with the GENCODE 19 annotations.	True
