sample_id	sample_uid	field	value	source	ref	scope	quote	verified
GSM5818780	geo:GSE193695:GSM5818780	development_stage_ontology_term_id	<column characteristics_time_point>	column	work/fp-7a78a7e414d4/converted/GSE193695_S1_cells.tsv/characteristics_time_point			True
GSM5818781	geo:GSE193695:GSM5818781	development_stage_ontology_term_id	<column characteristics_time_point>	column	work/fp-7a78a7e414d4/converted/GSE193695_S1_cells.tsv/characteristics_time_point			True
GSM5818782	geo:GSE193695:GSM5818782	development_stage_ontology_term_id	<column characteristics_time_point>	column	work/fp-7a78a7e414d4/converted/GSE193695_S1_cells.tsv/characteristics_time_point			True
GSM5818783	geo:GSE193695:GSM5818783	development_stage_ontology_term_id	<column characteristics_time_point>	column	work/fp-7a78a7e414d4/converted/GSE193695_S1_cells.tsv/characteristics_time_point			True
GSM5818784	geo:GSE193695:GSM5818784	development_stage_ontology_term_id	<column characteristics_time_point>	column	work/fp-7a78a7e414d4/converted/GSE193695_S1_cells.tsv/characteristics_time_point			True
GSM5818785	geo:GSE193695:GSM5818785	development_stage_ontology_term_id	<column characteristics_time_point>	column	work/fp-7a78a7e414d4/converted/GSE193695_S1_cells.tsv/characteristics_time_point			True
GSM5818786	geo:GSE193695:GSM5818786	development_stage_ontology_term_id	<column characteristics_time_point>	column	work/fp-7a78a7e414d4/converted/GSE193695_S1_cells.tsv/characteristics_time_point			True
GSM5818787	geo:GSE193695:GSM5818787	development_stage_ontology_term_id	<column characteristics_time_point>	column	work/fp-7a78a7e414d4/converted/GSE193695_S1_cells.tsv/characteristics_time_point			True
GSM5818788	geo:GSE193695:GSM5818788	development_stage_ontology_term_id	<column characteristics_time_point>	column	work/fp-7a78a7e414d4/converted/GSE193695_S1_cells.tsv/characteristics_time_point			True
GSM5818789	geo:GSE193695:GSM5818789	development_stage_ontology_term_id	<column characteristics_time_point>	column	work/fp-7a78a7e414d4/converted/GSE193695_S1_cells.tsv/characteristics_time_point			True
GSM5818790	geo:GSE193695:GSM5818790	development_stage_ontology_term_id	<column characteristics_time_point>	column	work/fp-7a78a7e414d4/converted/GSE193695_S1_cells.tsv/characteristics_time_point			True
GSM5818791	geo:GSE193695:GSM5818791	development_stage_ontology_term_id	<column characteristics_time_point>	column	work/fp-7a78a7e414d4/converted/GSE193695_S1_cells.tsv/characteristics_time_point			True
GSM5818792	geo:GSE193695:GSM5818792	development_stage_ontology_term_id	<column characteristics_time_point>	column	work/fp-7a78a7e414d4/converted/GSE193695_S1_cells.tsv/characteristics_time_point			True
GSM5818793	geo:GSE193695:GSM5818793	development_stage_ontology_term_id	<column characteristics_time_point>	column	work/fp-7a78a7e414d4/converted/GSE193695_S1_cells.tsv/characteristics_time_point			True
GSM5818794	geo:GSE193695:GSM5818794	development_stage_ontology_term_id	<column characteristics_time_point>	column	work/fp-7a78a7e414d4/converted/GSE193695_S1_cells.tsv/characteristics_time_point			True
GSM5818795	geo:GSE193695:GSM5818795	development_stage_ontology_term_id	<column characteristics_time_point>	column	work/fp-7a78a7e414d4/converted/GSE193695_S1_cells.tsv/characteristics_time_point			True
GSM5818796	geo:GSE193695:GSM5818796	development_stage_ontology_term_id	<column characteristics_time_point>	column	work/fp-7a78a7e414d4/converted/GSE193695_S1_cells.tsv/characteristics_time_point			True
GSM5818797	geo:GSE193695:GSM5818797	development_stage_ontology_term_id	<column characteristics_time_point>	column	work/fp-7a78a7e414d4/converted/GSE193695_S1_cells.tsv/characteristics_time_point			True
GSM5818798	geo:GSE193695:GSM5818798	development_stage_ontology_term_id	<column characteristics_time_point>	column	work/fp-7a78a7e414d4/converted/GSE193695_S1_cells.tsv/characteristics_time_point			True
GSM5818799	geo:GSE193695:GSM5818799	development_stage_ontology_term_id	<column characteristics_time_point>	column	work/fp-7a78a7e414d4/converted/GSE193695_S1_cells.tsv/characteristics_time_point			True
GSM5818800	geo:GSE193695:GSM5818800	development_stage_ontology_term_id	<column characteristics_time_point>	column	work/fp-7a78a7e414d4/converted/GSE193695_S1_cells.tsv/characteristics_time_point			True
GSM5818801	geo:GSE193695:GSM5818801	development_stage_ontology_term_id	<column characteristics_time_point>	column	work/fp-7a78a7e414d4/converted/GSE193695_S1_cells.tsv/characteristics_time_point			True
GSM5818802	geo:GSE193695:GSM5818802	development_stage_ontology_term_id	<column characteristics_time_point>	column	work/fp-7a78a7e414d4/converted/GSE193695_S1_cells.tsv/characteristics_time_point			True
GSM5818803	geo:GSE193695:GSM5818803	development_stage_ontology_term_id	<column characteristics_time_point>	column	work/fp-7a78a7e414d4/converted/GSE193695_S1_cells.tsv/characteristics_time_point			True
GSM5818780	geo:GSE193695:GSM5818780	sex_ontology_term_id	PATO:0000384	derived	sex_map		male	True
GSM5818781	geo:GSE193695:GSM5818781	sex_ontology_term_id	PATO:0000384	derived	sex_map		male	True
GSM5818782	geo:GSE193695:GSM5818782	sex_ontology_term_id	PATO:0000384	derived	sex_map		male	True
GSM5818783	geo:GSE193695:GSM5818783	sex_ontology_term_id	PATO:0000384	derived	sex_map		male	True
GSM5818784	geo:GSE193695:GSM5818784	sex_ontology_term_id	PATO:0000384	derived	sex_map		male	True
GSM5818785	geo:GSE193695:GSM5818785	sex_ontology_term_id	PATO:0000384	derived	sex_map		male	True
GSM5818786	geo:GSE193695:GSM5818786	sex_ontology_term_id	PATO:0000384	derived	sex_map		male	True
GSM5818787	geo:GSE193695:GSM5818787	sex_ontology_term_id	PATO:0000384	derived	sex_map		male	True
GSM5818788	geo:GSE193695:GSM5818788	sex_ontology_term_id	PATO:0000384	derived	sex_map		male	True
GSM5818789	geo:GSE193695:GSM5818789	sex_ontology_term_id	PATO:0000384	derived	sex_map		male	True
GSM5818790	geo:GSE193695:GSM5818790	sex_ontology_term_id	PATO:0000384	derived	sex_map		male	True
GSM5818791	geo:GSE193695:GSM5818791	sex_ontology_term_id	PATO:0000384	derived	sex_map		male	True
GSM5818792	geo:GSE193695:GSM5818792	sex_ontology_term_id	PATO:0000384	derived	sex_map		male	True
GSM5818793	geo:GSE193695:GSM5818793	sex_ontology_term_id	PATO:0000384	derived	sex_map		male	True
GSM5818794	geo:GSE193695:GSM5818794	sex_ontology_term_id	PATO:0000384	derived	sex_map		male	True
GSM5818795	geo:GSE193695:GSM5818795	sex_ontology_term_id	PATO:0000384	derived	sex_map		male	True
GSM5818796	geo:GSE193695:GSM5818796	sex_ontology_term_id	PATO:0000384	derived	sex_map		male	True
GSM5818797	geo:GSE193695:GSM5818797	sex_ontology_term_id	PATO:0000384	derived	sex_map		male	True
GSM5818798	geo:GSE193695:GSM5818798	sex_ontology_term_id	PATO:0000384	derived	sex_map		male	True
GSM5818799	geo:GSE193695:GSM5818799	sex_ontology_term_id	PATO:0000384	derived	sex_map		male	True
GSM5818800	geo:GSE193695:GSM5818800	sex_ontology_term_id	PATO:0000384	derived	sex_map		male	True
GSM5818801	geo:GSE193695:GSM5818801	sex_ontology_term_id	PATO:0000384	derived	sex_map		male	True
GSM5818802	geo:GSE193695:GSM5818802	sex_ontology_term_id	PATO:0000384	derived	sex_map		male	True
GSM5818803	geo:GSE193695:GSM5818803	sex_ontology_term_id	PATO:0000384	derived	sex_map		male	True
GSM5818780	geo:GSE193695:GSM5818780	assay_ontology_term_id	EFO:0010010	derived	ols:efo		CEL-seq2	True
GSM5818781	geo:GSE193695:GSM5818781	assay_ontology_term_id	EFO:0010010	derived	ols:efo		CEL-seq2	True
GSM5818782	geo:GSE193695:GSM5818782	assay_ontology_term_id	EFO:0010010	derived	ols:efo		CEL-seq2	True
GSM5818783	geo:GSE193695:GSM5818783	assay_ontology_term_id	EFO:0010010	derived	ols:efo		CEL-seq2	True
GSM5818784	geo:GSE193695:GSM5818784	assay_ontology_term_id	EFO:0010010	derived	ols:efo		CEL-seq2	True
GSM5818785	geo:GSE193695:GSM5818785	assay_ontology_term_id	EFO:0010010	derived	ols:efo		CEL-seq2	True
GSM5818786	geo:GSE193695:GSM5818786	assay_ontology_term_id	EFO:0010010	derived	ols:efo		CEL-seq2	True
GSM5818787	geo:GSE193695:GSM5818787	assay_ontology_term_id	EFO:0010010	derived	ols:efo		CEL-seq2	True
GSM5818788	geo:GSE193695:GSM5818788	assay_ontology_term_id	EFO:0010010	derived	ols:efo		CEL-seq2	True
GSM5818789	geo:GSE193695:GSM5818789	assay_ontology_term_id	EFO:0010010	derived	ols:efo		CEL-seq2	True
GSM5818790	geo:GSE193695:GSM5818790	assay_ontology_term_id	EFO:0010010	derived	ols:efo		CEL-seq2	True
GSM5818791	geo:GSE193695:GSM5818791	assay_ontology_term_id	EFO:0010010	derived	ols:efo		CEL-seq2	True
GSM5818792	geo:GSE193695:GSM5818792	assay_ontology_term_id	EFO:0010010	derived	ols:efo		CEL-seq2	True
GSM5818793	geo:GSE193695:GSM5818793	assay_ontology_term_id	EFO:0010010	derived	ols:efo		CEL-seq2	True
GSM5818794	geo:GSE193695:GSM5818794	assay_ontology_term_id	EFO:0010010	derived	ols:efo		CEL-seq2	True
GSM5818795	geo:GSE193695:GSM5818795	assay_ontology_term_id	EFO:0010010	derived	ols:efo		CEL-seq2	True
GSM5818796	geo:GSE193695:GSM5818796	assay_ontology_term_id	EFO:0010010	derived	ols:efo		CEL-seq2	True
GSM5818797	geo:GSE193695:GSM5818797	assay_ontology_term_id	EFO:0010010	derived	ols:efo		CEL-seq2	True
GSM5818798	geo:GSE193695:GSM5818798	assay_ontology_term_id	EFO:0010010	derived	ols:efo		CEL-seq2	True
GSM5818799	geo:GSE193695:GSM5818799	assay_ontology_term_id	EFO:0010010	derived	ols:efo		CEL-seq2	True
GSM5818800	geo:GSE193695:GSM5818800	assay_ontology_term_id	EFO:0010010	derived	ols:efo		CEL-seq2	True
GSM5818801	geo:GSE193695:GSM5818801	assay_ontology_term_id	EFO:0010010	derived	ols:efo		CEL-seq2	True
GSM5818802	geo:GSE193695:GSM5818802	assay_ontology_term_id	EFO:0010010	derived	ols:efo		CEL-seq2	True
GSM5818803	geo:GSE193695:GSM5818803	assay_ontology_term_id	EFO:0010010	derived	ols:efo		CEL-seq2	True
GSM5818780	geo:GSE193695:GSM5818780	tissue_ontology_term_id	UBERON:0002371	derived	ols:uberon		Bone marrow	True
GSM5818781	geo:GSE193695:GSM5818781	tissue_ontology_term_id	UBERON:0002371	derived	ols:uberon		Bone marrow	True
GSM5818782	geo:GSE193695:GSM5818782	tissue_ontology_term_id	UBERON:0002371	derived	ols:uberon		Bone marrow	True
GSM5818783	geo:GSE193695:GSM5818783	tissue_ontology_term_id	UBERON:0002371	derived	ols:uberon		Bone marrow	True
GSM5818784	geo:GSE193695:GSM5818784	tissue_ontology_term_id	UBERON:0002371	derived	ols:uberon		Bone marrow	True
GSM5818785	geo:GSE193695:GSM5818785	tissue_ontology_term_id	UBERON:0002371	derived	ols:uberon		Bone marrow	True
GSM5818786	geo:GSE193695:GSM5818786	tissue_ontology_term_id	UBERON:0002371	derived	ols:uberon		Bone marrow	True
GSM5818787	geo:GSE193695:GSM5818787	tissue_ontology_term_id	UBERON:0002371	derived	ols:uberon		Bone marrow	True
GSM5818788	geo:GSE193695:GSM5818788	tissue_ontology_term_id	UBERON:0002371	derived	ols:uberon		Bone marrow	True
GSM5818789	geo:GSE193695:GSM5818789	tissue_ontology_term_id	UBERON:0002371	derived	ols:uberon		Bone marrow	True
GSM5818790	geo:GSE193695:GSM5818790	tissue_ontology_term_id	UBERON:0002371	derived	ols:uberon		Bone marrow	True
GSM5818791	geo:GSE193695:GSM5818791	tissue_ontology_term_id	UBERON:0002371	derived	ols:uberon		Bone marrow	True
GSM5818792	geo:GSE193695:GSM5818792	tissue_ontology_term_id	UBERON:0002371	derived	ols:uberon		Bone marrow	True
GSM5818793	geo:GSE193695:GSM5818793	tissue_ontology_term_id	UBERON:0002371	derived	ols:uberon		Bone marrow	True
GSM5818794	geo:GSE193695:GSM5818794	tissue_ontology_term_id	UBERON:0002371	derived	ols:uberon		Bone marrow	True
GSM5818795	geo:GSE193695:GSM5818795	tissue_ontology_term_id	UBERON:0002371	derived	ols:uberon		Bone marrow	True
GSM5818796	geo:GSE193695:GSM5818796	tissue_ontology_term_id	UBERON:0002371	derived	ols:uberon		Bone marrow	True
GSM5818797	geo:GSE193695:GSM5818797	tissue_ontology_term_id	UBERON:0002371	derived	ols:uberon		Bone marrow	True
GSM5818798	geo:GSE193695:GSM5818798	tissue_ontology_term_id	UBERON:0002371	derived	ols:uberon		Bone marrow	True
GSM5818799	geo:GSE193695:GSM5818799	tissue_ontology_term_id	UBERON:0002371	derived	ols:uberon		Bone marrow	True
GSM5818800	geo:GSE193695:GSM5818800	tissue_ontology_term_id	UBERON:0002371	derived	ols:uberon		Bone marrow	True
GSM5818801	geo:GSE193695:GSM5818801	tissue_ontology_term_id	UBERON:0002371	derived	ols:uberon		Bone marrow	True
GSM5818802	geo:GSE193695:GSM5818802	tissue_ontology_term_id	UBERON:0002371	derived	ols:uberon		Bone marrow	True
GSM5818803	geo:GSE193695:GSM5818803	tissue_ontology_term_id	UBERON:0002371	derived	ols:uberon		Bone marrow	True
GSM5818780	geo:GSE193695:GSM5818780	disease_ontology_term_id	MONDO:0009693	derived	ols:mondo		multiple myeloma	True
GSM5818781	geo:GSE193695:GSM5818781	disease_ontology_term_id	MONDO:0009693	derived	ols:mondo		multiple myeloma	True
GSM5818782	geo:GSE193695:GSM5818782	disease_ontology_term_id	MONDO:0009693	derived	ols:mondo		multiple myeloma	True
GSM5818783	geo:GSE193695:GSM5818783	disease_ontology_term_id	MONDO:0009693	derived	ols:mondo		multiple myeloma	True
GSM5818784	geo:GSE193695:GSM5818784	disease_ontology_term_id	MONDO:0009693	derived	ols:mondo		multiple myeloma	True
GSM5818785	geo:GSE193695:GSM5818785	disease_ontology_term_id	MONDO:0009693	derived	ols:mondo		multiple myeloma	True
GSM5818786	geo:GSE193695:GSM5818786	disease_ontology_term_id	MONDO:0009693	derived	ols:mondo		multiple myeloma	True
GSM5818787	geo:GSE193695:GSM5818787	disease_ontology_term_id	MONDO:0009693	derived	ols:mondo		multiple myeloma	True
GSM5818788	geo:GSE193695:GSM5818788	disease_ontology_term_id	MONDO:0009693	derived	ols:mondo		multiple myeloma	True
GSM5818789	geo:GSE193695:GSM5818789	disease_ontology_term_id	MONDO:0009693	derived	ols:mondo		multiple myeloma	True
GSM5818790	geo:GSE193695:GSM5818790	disease_ontology_term_id	MONDO:0009693	derived	ols:mondo		multiple myeloma	True
GSM5818791	geo:GSE193695:GSM5818791	disease_ontology_term_id	MONDO:0009693	derived	ols:mondo		multiple myeloma	True
GSM5818792	geo:GSE193695:GSM5818792	disease_ontology_term_id	MONDO:0009693	derived	ols:mondo		multiple myeloma	True
GSM5818793	geo:GSE193695:GSM5818793	disease_ontology_term_id	MONDO:0009693	derived	ols:mondo		multiple myeloma	True
GSM5818794	geo:GSE193695:GSM5818794	disease_ontology_term_id	MONDO:0009693	derived	ols:mondo		multiple myeloma	True
GSM5818795	geo:GSE193695:GSM5818795	disease_ontology_term_id	MONDO:0009693	derived	ols:mondo		multiple myeloma	True
GSM5818796	geo:GSE193695:GSM5818796	disease_ontology_term_id	MONDO:0009693	derived	ols:mondo		multiple myeloma	True
GSM5818797	geo:GSE193695:GSM5818797	disease_ontology_term_id	MONDO:0009693	derived	ols:mondo		multiple myeloma	True
GSM5818798	geo:GSE193695:GSM5818798	disease_ontology_term_id	MONDO:0009693	derived	ols:mondo		multiple myeloma	True
GSM5818799	geo:GSE193695:GSM5818799	disease_ontology_term_id	MONDO:0009693	derived	ols:mondo		multiple myeloma	True
GSM5818800	geo:GSE193695:GSM5818800	disease_ontology_term_id	MONDO:0009693	derived	ols:mondo		multiple myeloma	True
GSM5818801	geo:GSE193695:GSM5818801	disease_ontology_term_id	MONDO:0009693	derived	ols:mondo		multiple myeloma	True
GSM5818802	geo:GSE193695:GSM5818802	disease_ontology_term_id	MONDO:0009693	derived	ols:mondo		multiple myeloma	True
GSM5818803	geo:GSE193695:GSM5818803	disease_ontology_term_id	MONDO:0009693	derived	ols:mondo		multiple myeloma	True
GSM5818780	geo:GSE193695:GSM5818780	author_cell_type	<column characteristics_cell_type>	column	work/fp-7a78a7e414d4/converted/GSE193695_S1_cells.tsv/characteristics_cell_type			True
GSM5818781	geo:GSE193695:GSM5818781	author_cell_type	<column characteristics_cell_type>	column	work/fp-7a78a7e414d4/converted/GSE193695_S1_cells.tsv/characteristics_cell_type			True
GSM5818782	geo:GSE193695:GSM5818782	author_cell_type	<column characteristics_cell_type>	column	work/fp-7a78a7e414d4/converted/GSE193695_S1_cells.tsv/characteristics_cell_type			True
GSM5818783	geo:GSE193695:GSM5818783	author_cell_type	<column characteristics_cell_type>	column	work/fp-7a78a7e414d4/converted/GSE193695_S1_cells.tsv/characteristics_cell_type			True
GSM5818784	geo:GSE193695:GSM5818784	author_cell_type	<column characteristics_cell_type>	column	work/fp-7a78a7e414d4/converted/GSE193695_S1_cells.tsv/characteristics_cell_type			True
GSM5818785	geo:GSE193695:GSM5818785	author_cell_type	<column characteristics_cell_type>	column	work/fp-7a78a7e414d4/converted/GSE193695_S1_cells.tsv/characteristics_cell_type			True
GSM5818786	geo:GSE193695:GSM5818786	author_cell_type	<column characteristics_cell_type>	column	work/fp-7a78a7e414d4/converted/GSE193695_S1_cells.tsv/characteristics_cell_type			True
GSM5818787	geo:GSE193695:GSM5818787	author_cell_type	<column characteristics_cell_type>	column	work/fp-7a78a7e414d4/converted/GSE193695_S1_cells.tsv/characteristics_cell_type			True
GSM5818788	geo:GSE193695:GSM5818788	author_cell_type	<column characteristics_cell_type>	column	work/fp-7a78a7e414d4/converted/GSE193695_S1_cells.tsv/characteristics_cell_type			True
GSM5818789	geo:GSE193695:GSM5818789	author_cell_type	<column characteristics_cell_type>	column	work/fp-7a78a7e414d4/converted/GSE193695_S1_cells.tsv/characteristics_cell_type			True
GSM5818790	geo:GSE193695:GSM5818790	author_cell_type	<column characteristics_cell_type>	column	work/fp-7a78a7e414d4/converted/GSE193695_S1_cells.tsv/characteristics_cell_type			True
GSM5818791	geo:GSE193695:GSM5818791	author_cell_type	<column characteristics_cell_type>	column	work/fp-7a78a7e414d4/converted/GSE193695_S1_cells.tsv/characteristics_cell_type			True
GSM5818792	geo:GSE193695:GSM5818792	author_cell_type	<column characteristics_cell_type>	column	work/fp-7a78a7e414d4/converted/GSE193695_S1_cells.tsv/characteristics_cell_type			True
GSM5818793	geo:GSE193695:GSM5818793	author_cell_type	<column characteristics_cell_type>	column	work/fp-7a78a7e414d4/converted/GSE193695_S1_cells.tsv/characteristics_cell_type			True
GSM5818794	geo:GSE193695:GSM5818794	author_cell_type	<column characteristics_cell_type>	column	work/fp-7a78a7e414d4/converted/GSE193695_S1_cells.tsv/characteristics_cell_type			True
GSM5818795	geo:GSE193695:GSM5818795	author_cell_type	<column characteristics_cell_type>	column	work/fp-7a78a7e414d4/converted/GSE193695_S1_cells.tsv/characteristics_cell_type			True
GSM5818796	geo:GSE193695:GSM5818796	author_cell_type	<column characteristics_cell_type>	column	work/fp-7a78a7e414d4/converted/GSE193695_S1_cells.tsv/characteristics_cell_type			True
GSM5818797	geo:GSE193695:GSM5818797	author_cell_type	<column characteristics_cell_type>	column	work/fp-7a78a7e414d4/converted/GSE193695_S1_cells.tsv/characteristics_cell_type			True
GSM5818798	geo:GSE193695:GSM5818798	author_cell_type	<column characteristics_cell_type>	column	work/fp-7a78a7e414d4/converted/GSE193695_S1_cells.tsv/characteristics_cell_type			True
GSM5818799	geo:GSE193695:GSM5818799	author_cell_type	<column characteristics_cell_type>	column	work/fp-7a78a7e414d4/converted/GSE193695_S1_cells.tsv/characteristics_cell_type			True
GSM5818800	geo:GSE193695:GSM5818800	author_cell_type	<column characteristics_cell_type>	column	work/fp-7a78a7e414d4/converted/GSE193695_S1_cells.tsv/characteristics_cell_type			True
GSM5818801	geo:GSE193695:GSM5818801	author_cell_type	<column characteristics_cell_type>	column	work/fp-7a78a7e414d4/converted/GSE193695_S1_cells.tsv/characteristics_cell_type			True
GSM5818802	geo:GSE193695:GSM5818802	author_cell_type	<column characteristics_cell_type>	column	work/fp-7a78a7e414d4/converted/GSE193695_S1_cells.tsv/characteristics_cell_type			True
GSM5818803	geo:GSE193695:GSM5818803	author_cell_type	<column characteristics_cell_type>	column	work/fp-7a78a7e414d4/converted/GSE193695_S1_cells.tsv/characteristics_cell_type			True
GSM5818804	geo:GSE193695:GSM5818804	development_stage_ontology_term_id	<column characteristics_time_point>	column	work/fp-7a78a7e414d4/converted/GSE193695_S2_cells.tsv/characteristics_time_point			True
GSM5818805	geo:GSE193695:GSM5818805	development_stage_ontology_term_id	<column characteristics_time_point>	column	work/fp-7a78a7e414d4/converted/GSE193695_S2_cells.tsv/characteristics_time_point			True
GSM5818806	geo:GSE193695:GSM5818806	development_stage_ontology_term_id	<column characteristics_time_point>	column	work/fp-7a78a7e414d4/converted/GSE193695_S2_cells.tsv/characteristics_time_point			True
GSM5818807	geo:GSE193695:GSM5818807	development_stage_ontology_term_id	<column characteristics_time_point>	column	work/fp-7a78a7e414d4/converted/GSE193695_S2_cells.tsv/characteristics_time_point			True
GSM5818808	geo:GSE193695:GSM5818808	development_stage_ontology_term_id	<column characteristics_time_point>	column	work/fp-7a78a7e414d4/converted/GSE193695_S2_cells.tsv/characteristics_time_point			True
GSM5818809	geo:GSE193695:GSM5818809	development_stage_ontology_term_id	<column characteristics_time_point>	column	work/fp-7a78a7e414d4/converted/GSE193695_S2_cells.tsv/characteristics_time_point			True
GSM5818810	geo:GSE193695:GSM5818810	development_stage_ontology_term_id	<column characteristics_time_point>	column	work/fp-7a78a7e414d4/converted/GSE193695_S2_cells.tsv/characteristics_time_point			True
GSM5818811	geo:GSE193695:GSM5818811	development_stage_ontology_term_id	<column characteristics_time_point>	column	work/fp-7a78a7e414d4/converted/GSE193695_S2_cells.tsv/characteristics_time_point			True
GSM5818812	geo:GSE193695:GSM5818812	development_stage_ontology_term_id	<column characteristics_time_point>	column	work/fp-7a78a7e414d4/converted/GSE193695_S2_cells.tsv/characteristics_time_point			True
GSM5818813	geo:GSE193695:GSM5818813	development_stage_ontology_term_id	<column characteristics_time_point>	column	work/fp-7a78a7e414d4/converted/GSE193695_S2_cells.tsv/characteristics_time_point			True
GSM5818814	geo:GSE193695:GSM5818814	development_stage_ontology_term_id	<column characteristics_time_point>	column	work/fp-7a78a7e414d4/converted/GSE193695_S2_cells.tsv/characteristics_time_point			True
GSM5818815	geo:GSE193695:GSM5818815	development_stage_ontology_term_id	<column characteristics_time_point>	column	work/fp-7a78a7e414d4/converted/GSE193695_S2_cells.tsv/characteristics_time_point			True
GSM5818816	geo:GSE193695:GSM5818816	development_stage_ontology_term_id	<column characteristics_time_point>	column	work/fp-7a78a7e414d4/converted/GSE193695_S2_cells.tsv/characteristics_time_point			True
GSM5818817	geo:GSE193695:GSM5818817	development_stage_ontology_term_id	<column characteristics_time_point>	column	work/fp-7a78a7e414d4/converted/GSE193695_S2_cells.tsv/characteristics_time_point			True
GSM5818818	geo:GSE193695:GSM5818818	development_stage_ontology_term_id	<column characteristics_time_point>	column	work/fp-7a78a7e414d4/converted/GSE193695_S2_cells.tsv/characteristics_time_point			True
GSM5818819	geo:GSE193695:GSM5818819	development_stage_ontology_term_id	<column characteristics_time_point>	column	work/fp-7a78a7e414d4/converted/GSE193695_S2_cells.tsv/characteristics_time_point			True
GSM5818820	geo:GSE193695:GSM5818820	development_stage_ontology_term_id	<column characteristics_time_point>	column	work/fp-7a78a7e414d4/converted/GSE193695_S2_cells.tsv/characteristics_time_point			True
GSM5818821	geo:GSE193695:GSM5818821	development_stage_ontology_term_id	<column characteristics_time_point>	column	work/fp-7a78a7e414d4/converted/GSE193695_S2_cells.tsv/characteristics_time_point			True
GSM5818822	geo:GSE193695:GSM5818822	development_stage_ontology_term_id	<column characteristics_time_point>	column	work/fp-7a78a7e414d4/converted/GSE193695_S2_cells.tsv/characteristics_time_point			True
GSM5818823	geo:GSE193695:GSM5818823	development_stage_ontology_term_id	<column characteristics_time_point>	column	work/fp-7a78a7e414d4/converted/GSE193695_S2_cells.tsv/characteristics_time_point			True
GSM5818824	geo:GSE193695:GSM5818824	development_stage_ontology_term_id	<column characteristics_time_point>	column	work/fp-7a78a7e414d4/converted/GSE193695_S2_cells.tsv/characteristics_time_point			True
GSM5818825	geo:GSE193695:GSM5818825	development_stage_ontology_term_id	<column characteristics_time_point>	column	work/fp-7a78a7e414d4/converted/GSE193695_S2_cells.tsv/characteristics_time_point			True
GSM5818826	geo:GSE193695:GSM5818826	development_stage_ontology_term_id	<column characteristics_time_point>	column	work/fp-7a78a7e414d4/converted/GSE193695_S2_cells.tsv/characteristics_time_point			True
GSM5818827	geo:GSE193695:GSM5818827	development_stage_ontology_term_id	<column characteristics_time_point>	column	work/fp-7a78a7e414d4/converted/GSE193695_S2_cells.tsv/characteristics_time_point			True
GSM5818804	geo:GSE193695:GSM5818804	sex_ontology_term_id	PATO:0000384	derived	sex_map		male	True
GSM5818805	geo:GSE193695:GSM5818805	sex_ontology_term_id	PATO:0000384	derived	sex_map		male	True
GSM5818806	geo:GSE193695:GSM5818806	sex_ontology_term_id	PATO:0000384	derived	sex_map		male	True
GSM5818807	geo:GSE193695:GSM5818807	sex_ontology_term_id	PATO:0000384	derived	sex_map		male	True
GSM5818808	geo:GSE193695:GSM5818808	sex_ontology_term_id	PATO:0000384	derived	sex_map		male	True
GSM5818809	geo:GSE193695:GSM5818809	sex_ontology_term_id	PATO:0000384	derived	sex_map		male	True
GSM5818810	geo:GSE193695:GSM5818810	sex_ontology_term_id	PATO:0000384	derived	sex_map		male	True
GSM5818811	geo:GSE193695:GSM5818811	sex_ontology_term_id	PATO:0000384	derived	sex_map		male	True
GSM5818812	geo:GSE193695:GSM5818812	sex_ontology_term_id	PATO:0000384	derived	sex_map		male	True
GSM5818813	geo:GSE193695:GSM5818813	sex_ontology_term_id	PATO:0000384	derived	sex_map		male	True
GSM5818814	geo:GSE193695:GSM5818814	sex_ontology_term_id	PATO:0000384	derived	sex_map		male	True
GSM5818815	geo:GSE193695:GSM5818815	sex_ontology_term_id	PATO:0000384	derived	sex_map		male	True
GSM5818816	geo:GSE193695:GSM5818816	sex_ontology_term_id	PATO:0000384	derived	sex_map		male	True
GSM5818817	geo:GSE193695:GSM5818817	sex_ontology_term_id	PATO:0000384	derived	sex_map		male	True
GSM5818818	geo:GSE193695:GSM5818818	sex_ontology_term_id	PATO:0000384	derived	sex_map		male	True
GSM5818819	geo:GSE193695:GSM5818819	sex_ontology_term_id	PATO:0000384	derived	sex_map		male	True
GSM5818820	geo:GSE193695:GSM5818820	sex_ontology_term_id	PATO:0000384	derived	sex_map		male	True
GSM5818821	geo:GSE193695:GSM5818821	sex_ontology_term_id	PATO:0000384	derived	sex_map		male	True
GSM5818822	geo:GSE193695:GSM5818822	sex_ontology_term_id	PATO:0000384	derived	sex_map		male	True
GSM5818823	geo:GSE193695:GSM5818823	sex_ontology_term_id	PATO:0000384	derived	sex_map		male	True
GSM5818824	geo:GSE193695:GSM5818824	sex_ontology_term_id	PATO:0000384	derived	sex_map		male	True
GSM5818825	geo:GSE193695:GSM5818825	sex_ontology_term_id	PATO:0000384	derived	sex_map		male	True
GSM5818826	geo:GSE193695:GSM5818826	sex_ontology_term_id	PATO:0000384	derived	sex_map		male	True
GSM5818827	geo:GSE193695:GSM5818827	sex_ontology_term_id	PATO:0000384	derived	sex_map		male	True
GSM5818804	geo:GSE193695:GSM5818804	assay_ontology_term_id	EFO:0010010	derived	ols:efo		CEL-seq2	True
GSM5818805	geo:GSE193695:GSM5818805	assay_ontology_term_id	EFO:0010010	derived	ols:efo		CEL-seq2	True
GSM5818806	geo:GSE193695:GSM5818806	assay_ontology_term_id	EFO:0010010	derived	ols:efo		CEL-seq2	True
GSM5818807	geo:GSE193695:GSM5818807	assay_ontology_term_id	EFO:0010010	derived	ols:efo		CEL-seq2	True
GSM5818808	geo:GSE193695:GSM5818808	assay_ontology_term_id	EFO:0010010	derived	ols:efo		CEL-seq2	True
GSM5818809	geo:GSE193695:GSM5818809	assay_ontology_term_id	EFO:0010010	derived	ols:efo		CEL-seq2	True
GSM5818810	geo:GSE193695:GSM5818810	assay_ontology_term_id	EFO:0010010	derived	ols:efo		CEL-seq2	True
GSM5818811	geo:GSE193695:GSM5818811	assay_ontology_term_id	EFO:0010010	derived	ols:efo		CEL-seq2	True
GSM5818812	geo:GSE193695:GSM5818812	assay_ontology_term_id	EFO:0010010	derived	ols:efo		CEL-seq2	True
GSM5818813	geo:GSE193695:GSM5818813	assay_ontology_term_id	EFO:0010010	derived	ols:efo		CEL-seq2	True
GSM5818814	geo:GSE193695:GSM5818814	assay_ontology_term_id	EFO:0010010	derived	ols:efo		CEL-seq2	True
GSM5818815	geo:GSE193695:GSM5818815	assay_ontology_term_id	EFO:0010010	derived	ols:efo		CEL-seq2	True
GSM5818816	geo:GSE193695:GSM5818816	assay_ontology_term_id	EFO:0010010	derived	ols:efo		CEL-seq2	True
GSM5818817	geo:GSE193695:GSM5818817	assay_ontology_term_id	EFO:0010010	derived	ols:efo		CEL-seq2	True
GSM5818818	geo:GSE193695:GSM5818818	assay_ontology_term_id	EFO:0010010	derived	ols:efo		CEL-seq2	True
GSM5818819	geo:GSE193695:GSM5818819	assay_ontology_term_id	EFO:0010010	derived	ols:efo		CEL-seq2	True
GSM5818820	geo:GSE193695:GSM5818820	assay_ontology_term_id	EFO:0010010	derived	ols:efo		CEL-seq2	True
GSM5818821	geo:GSE193695:GSM5818821	assay_ontology_term_id	EFO:0010010	derived	ols:efo		CEL-seq2	True
GSM5818822	geo:GSE193695:GSM5818822	assay_ontology_term_id	EFO:0010010	derived	ols:efo		CEL-seq2	True
GSM5818823	geo:GSE193695:GSM5818823	assay_ontology_term_id	EFO:0010010	derived	ols:efo		CEL-seq2	True
GSM5818824	geo:GSE193695:GSM5818824	assay_ontology_term_id	EFO:0010010	derived	ols:efo		CEL-seq2	True
GSM5818825	geo:GSE193695:GSM5818825	assay_ontology_term_id	EFO:0010010	derived	ols:efo		CEL-seq2	True
GSM5818826	geo:GSE193695:GSM5818826	assay_ontology_term_id	EFO:0010010	derived	ols:efo		CEL-seq2	True
GSM5818827	geo:GSE193695:GSM5818827	assay_ontology_term_id	EFO:0010010	derived	ols:efo		CEL-seq2	True
GSM5818804	geo:GSE193695:GSM5818804	tissue_ontology_term_id	UBERON:0002371	derived	ols:uberon		Bone marrow	True
GSM5818805	geo:GSE193695:GSM5818805	tissue_ontology_term_id	UBERON:0002371	derived	ols:uberon		Bone marrow	True
GSM5818806	geo:GSE193695:GSM5818806	tissue_ontology_term_id	UBERON:0002371	derived	ols:uberon		Bone marrow	True
GSM5818807	geo:GSE193695:GSM5818807	tissue_ontology_term_id	UBERON:0002371	derived	ols:uberon		Bone marrow	True
GSM5818808	geo:GSE193695:GSM5818808	tissue_ontology_term_id	UBERON:0002371	derived	ols:uberon		Bone marrow	True
GSM5818809	geo:GSE193695:GSM5818809	tissue_ontology_term_id	UBERON:0002371	derived	ols:uberon		Bone marrow	True
GSM5818810	geo:GSE193695:GSM5818810	tissue_ontology_term_id	UBERON:0002371	derived	ols:uberon		Bone marrow	True
GSM5818811	geo:GSE193695:GSM5818811	tissue_ontology_term_id	UBERON:0002371	derived	ols:uberon		Bone marrow	True
GSM5818812	geo:GSE193695:GSM5818812	tissue_ontology_term_id	UBERON:0002371	derived	ols:uberon		Bone marrow	True
GSM5818813	geo:GSE193695:GSM5818813	tissue_ontology_term_id	UBERON:0002371	derived	ols:uberon		Bone marrow	True
GSM5818814	geo:GSE193695:GSM5818814	tissue_ontology_term_id	UBERON:0002371	derived	ols:uberon		Bone marrow	True
GSM5818815	geo:GSE193695:GSM5818815	tissue_ontology_term_id	UBERON:0002371	derived	ols:uberon		Bone marrow	True
GSM5818816	geo:GSE193695:GSM5818816	tissue_ontology_term_id	UBERON:0002371	derived	ols:uberon		Bone marrow	True
GSM5818817	geo:GSE193695:GSM5818817	tissue_ontology_term_id	UBERON:0002371	derived	ols:uberon		Bone marrow	True
GSM5818818	geo:GSE193695:GSM5818818	tissue_ontology_term_id	UBERON:0002371	derived	ols:uberon		Bone marrow	True
GSM5818819	geo:GSE193695:GSM5818819	tissue_ontology_term_id	UBERON:0002371	derived	ols:uberon		Bone marrow	True
GSM5818820	geo:GSE193695:GSM5818820	tissue_ontology_term_id	UBERON:0002371	derived	ols:uberon		Bone marrow	True
GSM5818821	geo:GSE193695:GSM5818821	tissue_ontology_term_id	UBERON:0002371	derived	ols:uberon		Bone marrow	True
GSM5818822	geo:GSE193695:GSM5818822	tissue_ontology_term_id	UBERON:0002371	derived	ols:uberon		Bone marrow	True
GSM5818823	geo:GSE193695:GSM5818823	tissue_ontology_term_id	UBERON:0002371	derived	ols:uberon		Bone marrow	True
GSM5818824	geo:GSE193695:GSM5818824	tissue_ontology_term_id	UBERON:0002371	derived	ols:uberon		Bone marrow	True
GSM5818825	geo:GSE193695:GSM5818825	tissue_ontology_term_id	UBERON:0002371	derived	ols:uberon		Bone marrow	True
GSM5818826	geo:GSE193695:GSM5818826	tissue_ontology_term_id	UBERON:0002371	derived	ols:uberon		Bone marrow	True
GSM5818827	geo:GSE193695:GSM5818827	tissue_ontology_term_id	UBERON:0002371	derived	ols:uberon		Bone marrow	True
GSM5818804	geo:GSE193695:GSM5818804	disease_ontology_term_id	MONDO:0009693	derived	ols:mondo		multiple myeloma	True
GSM5818805	geo:GSE193695:GSM5818805	disease_ontology_term_id	MONDO:0009693	derived	ols:mondo		multiple myeloma	True
GSM5818806	geo:GSE193695:GSM5818806	disease_ontology_term_id	MONDO:0009693	derived	ols:mondo		multiple myeloma	True
GSM5818807	geo:GSE193695:GSM5818807	disease_ontology_term_id	MONDO:0009693	derived	ols:mondo		multiple myeloma	True
GSM5818808	geo:GSE193695:GSM5818808	disease_ontology_term_id	MONDO:0009693	derived	ols:mondo		multiple myeloma	True
GSM5818809	geo:GSE193695:GSM5818809	disease_ontology_term_id	MONDO:0009693	derived	ols:mondo		multiple myeloma	True
GSM5818810	geo:GSE193695:GSM5818810	disease_ontology_term_id	MONDO:0009693	derived	ols:mondo		multiple myeloma	True
GSM5818811	geo:GSE193695:GSM5818811	disease_ontology_term_id	MONDO:0009693	derived	ols:mondo		multiple myeloma	True
GSM5818812	geo:GSE193695:GSM5818812	disease_ontology_term_id	MONDO:0009693	derived	ols:mondo		multiple myeloma	True
GSM5818813	geo:GSE193695:GSM5818813	disease_ontology_term_id	MONDO:0009693	derived	ols:mondo		multiple myeloma	True
GSM5818814	geo:GSE193695:GSM5818814	disease_ontology_term_id	MONDO:0009693	derived	ols:mondo		multiple myeloma	True
GSM5818815	geo:GSE193695:GSM5818815	disease_ontology_term_id	MONDO:0009693	derived	ols:mondo		multiple myeloma	True
GSM5818816	geo:GSE193695:GSM5818816	disease_ontology_term_id	MONDO:0009693	derived	ols:mondo		multiple myeloma	True
GSM5818817	geo:GSE193695:GSM5818817	disease_ontology_term_id	MONDO:0009693	derived	ols:mondo		multiple myeloma	True
GSM5818818	geo:GSE193695:GSM5818818	disease_ontology_term_id	MONDO:0009693	derived	ols:mondo		multiple myeloma	True
GSM5818819	geo:GSE193695:GSM5818819	disease_ontology_term_id	MONDO:0009693	derived	ols:mondo		multiple myeloma	True
GSM5818820	geo:GSE193695:GSM5818820	disease_ontology_term_id	MONDO:0009693	derived	ols:mondo		multiple myeloma	True
GSM5818821	geo:GSE193695:GSM5818821	disease_ontology_term_id	MONDO:0009693	derived	ols:mondo		multiple myeloma	True
GSM5818822	geo:GSE193695:GSM5818822	disease_ontology_term_id	MONDO:0009693	derived	ols:mondo		multiple myeloma	True
GSM5818823	geo:GSE193695:GSM5818823	disease_ontology_term_id	MONDO:0009693	derived	ols:mondo		multiple myeloma	True
GSM5818824	geo:GSE193695:GSM5818824	disease_ontology_term_id	MONDO:0009693	derived	ols:mondo		multiple myeloma	True
GSM5818825	geo:GSE193695:GSM5818825	disease_ontology_term_id	MONDO:0009693	derived	ols:mondo		multiple myeloma	True
GSM5818826	geo:GSE193695:GSM5818826	disease_ontology_term_id	MONDO:0009693	derived	ols:mondo		multiple myeloma	True
GSM5818827	geo:GSE193695:GSM5818827	disease_ontology_term_id	MONDO:0009693	derived	ols:mondo		multiple myeloma	True
GSM5818804	geo:GSE193695:GSM5818804	author_cell_type	<column characteristics_cell_type>	column	work/fp-7a78a7e414d4/converted/GSE193695_S2_cells.tsv/characteristics_cell_type			True
GSM5818805	geo:GSE193695:GSM5818805	author_cell_type	<column characteristics_cell_type>	column	work/fp-7a78a7e414d4/converted/GSE193695_S2_cells.tsv/characteristics_cell_type			True
GSM5818806	geo:GSE193695:GSM5818806	author_cell_type	<column characteristics_cell_type>	column	work/fp-7a78a7e414d4/converted/GSE193695_S2_cells.tsv/characteristics_cell_type			True
GSM5818807	geo:GSE193695:GSM5818807	author_cell_type	<column characteristics_cell_type>	column	work/fp-7a78a7e414d4/converted/GSE193695_S2_cells.tsv/characteristics_cell_type			True
GSM5818808	geo:GSE193695:GSM5818808	author_cell_type	<column characteristics_cell_type>	column	work/fp-7a78a7e414d4/converted/GSE193695_S2_cells.tsv/characteristics_cell_type			True
GSM5818809	geo:GSE193695:GSM5818809	author_cell_type	<column characteristics_cell_type>	column	work/fp-7a78a7e414d4/converted/GSE193695_S2_cells.tsv/characteristics_cell_type			True
GSM5818810	geo:GSE193695:GSM5818810	author_cell_type	<column characteristics_cell_type>	column	work/fp-7a78a7e414d4/converted/GSE193695_S2_cells.tsv/characteristics_cell_type			True
GSM5818811	geo:GSE193695:GSM5818811	author_cell_type	<column characteristics_cell_type>	column	work/fp-7a78a7e414d4/converted/GSE193695_S2_cells.tsv/characteristics_cell_type			True
GSM5818812	geo:GSE193695:GSM5818812	author_cell_type	<column characteristics_cell_type>	column	work/fp-7a78a7e414d4/converted/GSE193695_S2_cells.tsv/characteristics_cell_type			True
GSM5818813	geo:GSE193695:GSM5818813	author_cell_type	<column characteristics_cell_type>	column	work/fp-7a78a7e414d4/converted/GSE193695_S2_cells.tsv/characteristics_cell_type			True
GSM5818814	geo:GSE193695:GSM5818814	author_cell_type	<column characteristics_cell_type>	column	work/fp-7a78a7e414d4/converted/GSE193695_S2_cells.tsv/characteristics_cell_type			True
GSM5818815	geo:GSE193695:GSM5818815	author_cell_type	<column characteristics_cell_type>	column	work/fp-7a78a7e414d4/converted/GSE193695_S2_cells.tsv/characteristics_cell_type			True
GSM5818816	geo:GSE193695:GSM5818816	author_cell_type	<column characteristics_cell_type>	column	work/fp-7a78a7e414d4/converted/GSE193695_S2_cells.tsv/characteristics_cell_type			True
GSM5818817	geo:GSE193695:GSM5818817	author_cell_type	<column characteristics_cell_type>	column	work/fp-7a78a7e414d4/converted/GSE193695_S2_cells.tsv/characteristics_cell_type			True
GSM5818818	geo:GSE193695:GSM5818818	author_cell_type	<column characteristics_cell_type>	column	work/fp-7a78a7e414d4/converted/GSE193695_S2_cells.tsv/characteristics_cell_type			True
GSM5818819	geo:GSE193695:GSM5818819	author_cell_type	<column characteristics_cell_type>	column	work/fp-7a78a7e414d4/converted/GSE193695_S2_cells.tsv/characteristics_cell_type			True
GSM5818820	geo:GSE193695:GSM5818820	author_cell_type	<column characteristics_cell_type>	column	work/fp-7a78a7e414d4/converted/GSE193695_S2_cells.tsv/characteristics_cell_type			True
GSM5818821	geo:GSE193695:GSM5818821	author_cell_type	<column characteristics_cell_type>	column	work/fp-7a78a7e414d4/converted/GSE193695_S2_cells.tsv/characteristics_cell_type			True
GSM5818822	geo:GSE193695:GSM5818822	author_cell_type	<column characteristics_cell_type>	column	work/fp-7a78a7e414d4/converted/GSE193695_S2_cells.tsv/characteristics_cell_type			True
GSM5818823	geo:GSE193695:GSM5818823	author_cell_type	<column characteristics_cell_type>	column	work/fp-7a78a7e414d4/converted/GSE193695_S2_cells.tsv/characteristics_cell_type			True
GSM5818824	geo:GSE193695:GSM5818824	author_cell_type	<column characteristics_cell_type>	column	work/fp-7a78a7e414d4/converted/GSE193695_S2_cells.tsv/characteristics_cell_type			True
GSM5818825	geo:GSE193695:GSM5818825	author_cell_type	<column characteristics_cell_type>	column	work/fp-7a78a7e414d4/converted/GSE193695_S2_cells.tsv/characteristics_cell_type			True
GSM5818826	geo:GSE193695:GSM5818826	author_cell_type	<column characteristics_cell_type>	column	work/fp-7a78a7e414d4/converted/GSE193695_S2_cells.tsv/characteristics_cell_type			True
GSM5818827	geo:GSE193695:GSM5818827	author_cell_type	<column characteristics_cell_type>	column	work/fp-7a78a7e414d4/converted/GSE193695_S2_cells.tsv/characteristics_cell_type			True
GSM5818828	geo:GSE193695:GSM5818828	development_stage_ontology_term_id	<column characteristics_time_point>	column	work/fp-7a78a7e414d4/converted/GSE193695_S3_cells.tsv/characteristics_time_point			True
GSM5818829	geo:GSE193695:GSM5818829	development_stage_ontology_term_id	<column characteristics_time_point>	column	work/fp-7a78a7e414d4/converted/GSE193695_S3_cells.tsv/characteristics_time_point			True
GSM5818830	geo:GSE193695:GSM5818830	development_stage_ontology_term_id	<column characteristics_time_point>	column	work/fp-7a78a7e414d4/converted/GSE193695_S3_cells.tsv/characteristics_time_point			True
GSM5818831	geo:GSE193695:GSM5818831	development_stage_ontology_term_id	<column characteristics_time_point>	column	work/fp-7a78a7e414d4/converted/GSE193695_S3_cells.tsv/characteristics_time_point			True
GSM5818832	geo:GSE193695:GSM5818832	development_stage_ontology_term_id	<column characteristics_time_point>	column	work/fp-7a78a7e414d4/converted/GSE193695_S3_cells.tsv/characteristics_time_point			True
GSM5818833	geo:GSE193695:GSM5818833	development_stage_ontology_term_id	<column characteristics_time_point>	column	work/fp-7a78a7e414d4/converted/GSE193695_S3_cells.tsv/characteristics_time_point			True
GSM5818834	geo:GSE193695:GSM5818834	development_stage_ontology_term_id	<column characteristics_time_point>	column	work/fp-7a78a7e414d4/converted/GSE193695_S3_cells.tsv/characteristics_time_point			True
GSM5818835	geo:GSE193695:GSM5818835	development_stage_ontology_term_id	<column characteristics_time_point>	column	work/fp-7a78a7e414d4/converted/GSE193695_S3_cells.tsv/characteristics_time_point			True
GSM5818836	geo:GSE193695:GSM5818836	development_stage_ontology_term_id	<column characteristics_time_point>	column	work/fp-7a78a7e414d4/converted/GSE193695_S3_cells.tsv/characteristics_time_point			True
GSM5818837	geo:GSE193695:GSM5818837	development_stage_ontology_term_id	<column characteristics_time_point>	column	work/fp-7a78a7e414d4/converted/GSE193695_S3_cells.tsv/characteristics_time_point			True
GSM5818838	geo:GSE193695:GSM5818838	development_stage_ontology_term_id	<column characteristics_time_point>	column	work/fp-7a78a7e414d4/converted/GSE193695_S3_cells.tsv/characteristics_time_point			True
GSM5818839	geo:GSE193695:GSM5818839	development_stage_ontology_term_id	<column characteristics_time_point>	column	work/fp-7a78a7e414d4/converted/GSE193695_S3_cells.tsv/characteristics_time_point			True
GSM5818840	geo:GSE193695:GSM5818840	development_stage_ontology_term_id	<column characteristics_time_point>	column	work/fp-7a78a7e414d4/converted/GSE193695_S3_cells.tsv/characteristics_time_point			True
GSM5818841	geo:GSE193695:GSM5818841	development_stage_ontology_term_id	<column characteristics_time_point>	column	work/fp-7a78a7e414d4/converted/GSE193695_S3_cells.tsv/characteristics_time_point			True
GSM5818842	geo:GSE193695:GSM5818842	development_stage_ontology_term_id	<column characteristics_time_point>	column	work/fp-7a78a7e414d4/converted/GSE193695_S3_cells.tsv/characteristics_time_point			True
GSM5818843	geo:GSE193695:GSM5818843	development_stage_ontology_term_id	<column characteristics_time_point>	column	work/fp-7a78a7e414d4/converted/GSE193695_S3_cells.tsv/characteristics_time_point			True
GSM5818844	geo:GSE193695:GSM5818844	development_stage_ontology_term_id	<column characteristics_time_point>	column	work/fp-7a78a7e414d4/converted/GSE193695_S3_cells.tsv/characteristics_time_point			True
GSM5818845	geo:GSE193695:GSM5818845	development_stage_ontology_term_id	<column characteristics_time_point>	column	work/fp-7a78a7e414d4/converted/GSE193695_S3_cells.tsv/characteristics_time_point			True
GSM5818846	geo:GSE193695:GSM5818846	development_stage_ontology_term_id	<column characteristics_time_point>	column	work/fp-7a78a7e414d4/converted/GSE193695_S3_cells.tsv/characteristics_time_point			True
GSM5818847	geo:GSE193695:GSM5818847	development_stage_ontology_term_id	<column characteristics_time_point>	column	work/fp-7a78a7e414d4/converted/GSE193695_S3_cells.tsv/characteristics_time_point			True
GSM5818848	geo:GSE193695:GSM5818848	development_stage_ontology_term_id	<column characteristics_time_point>	column	work/fp-7a78a7e414d4/converted/GSE193695_S3_cells.tsv/characteristics_time_point			True
GSM5818849	geo:GSE193695:GSM5818849	development_stage_ontology_term_id	<column characteristics_time_point>	column	work/fp-7a78a7e414d4/converted/GSE193695_S3_cells.tsv/characteristics_time_point			True
GSM5818850	geo:GSE193695:GSM5818850	development_stage_ontology_term_id	<column characteristics_time_point>	column	work/fp-7a78a7e414d4/converted/GSE193695_S3_cells.tsv/characteristics_time_point			True
GSM5818851	geo:GSE193695:GSM5818851	development_stage_ontology_term_id	<column characteristics_time_point>	column	work/fp-7a78a7e414d4/converted/GSE193695_S3_cells.tsv/characteristics_time_point			True
GSM5818852	geo:GSE193695:GSM5818852	development_stage_ontology_term_id	<column characteristics_time_point>	column	work/fp-7a78a7e414d4/converted/GSE193695_S3_cells.tsv/characteristics_time_point			True
GSM5818853	geo:GSE193695:GSM5818853	development_stage_ontology_term_id	<column characteristics_time_point>	column	work/fp-7a78a7e414d4/converted/GSE193695_S3_cells.tsv/characteristics_time_point			True
GSM5818854	geo:GSE193695:GSM5818854	development_stage_ontology_term_id	<column characteristics_time_point>	column	work/fp-7a78a7e414d4/converted/GSE193695_S3_cells.tsv/characteristics_time_point			True
GSM5818855	geo:GSE193695:GSM5818855	development_stage_ontology_term_id	<column characteristics_time_point>	column	work/fp-7a78a7e414d4/converted/GSE193695_S3_cells.tsv/characteristics_time_point			True
GSM5818828	geo:GSE193695:GSM5818828	sex_ontology_term_id	PATO:0000384	derived	sex_map		male	True
GSM5818829	geo:GSE193695:GSM5818829	sex_ontology_term_id	PATO:0000384	derived	sex_map		male	True
GSM5818830	geo:GSE193695:GSM5818830	sex_ontology_term_id	PATO:0000384	derived	sex_map		male	True
GSM5818831	geo:GSE193695:GSM5818831	sex_ontology_term_id	PATO:0000384	derived	sex_map		male	True
GSM5818832	geo:GSE193695:GSM5818832	sex_ontology_term_id	PATO:0000384	derived	sex_map		male	True
GSM5818833	geo:GSE193695:GSM5818833	sex_ontology_term_id	PATO:0000384	derived	sex_map		male	True
GSM5818834	geo:GSE193695:GSM5818834	sex_ontology_term_id	PATO:0000384	derived	sex_map		male	True
GSM5818835	geo:GSE193695:GSM5818835	sex_ontology_term_id	PATO:0000384	derived	sex_map		male	True
GSM5818836	geo:GSE193695:GSM5818836	sex_ontology_term_id	PATO:0000384	derived	sex_map		male	True
GSM5818837	geo:GSE193695:GSM5818837	sex_ontology_term_id	PATO:0000384	derived	sex_map		male	True
GSM5818838	geo:GSE193695:GSM5818838	sex_ontology_term_id	PATO:0000384	derived	sex_map		male	True
GSM5818839	geo:GSE193695:GSM5818839	sex_ontology_term_id	PATO:0000384	derived	sex_map		male	True
GSM5818840	geo:GSE193695:GSM5818840	sex_ontology_term_id	PATO:0000384	derived	sex_map		male	True
GSM5818841	geo:GSE193695:GSM5818841	sex_ontology_term_id	PATO:0000384	derived	sex_map		male	True
GSM5818842	geo:GSE193695:GSM5818842	sex_ontology_term_id	PATO:0000384	derived	sex_map		male	True
GSM5818843	geo:GSE193695:GSM5818843	sex_ontology_term_id	PATO:0000384	derived	sex_map		male	True
GSM5818844	geo:GSE193695:GSM5818844	sex_ontology_term_id	PATO:0000384	derived	sex_map		male	True
GSM5818845	geo:GSE193695:GSM5818845	sex_ontology_term_id	PATO:0000384	derived	sex_map		male	True
GSM5818846	geo:GSE193695:GSM5818846	sex_ontology_term_id	PATO:0000384	derived	sex_map		male	True
GSM5818847	geo:GSE193695:GSM5818847	sex_ontology_term_id	PATO:0000384	derived	sex_map		male	True
GSM5818848	geo:GSE193695:GSM5818848	sex_ontology_term_id	PATO:0000384	derived	sex_map		male	True
GSM5818849	geo:GSE193695:GSM5818849	sex_ontology_term_id	PATO:0000384	derived	sex_map		male	True
GSM5818850	geo:GSE193695:GSM5818850	sex_ontology_term_id	PATO:0000384	derived	sex_map		male	True
GSM5818851	geo:GSE193695:GSM5818851	sex_ontology_term_id	PATO:0000384	derived	sex_map		male	True
GSM5818852	geo:GSE193695:GSM5818852	sex_ontology_term_id	PATO:0000384	derived	sex_map		male	True
GSM5818853	geo:GSE193695:GSM5818853	sex_ontology_term_id	PATO:0000384	derived	sex_map		male	True
GSM5818854	geo:GSE193695:GSM5818854	sex_ontology_term_id	PATO:0000384	derived	sex_map		male	True
GSM5818855	geo:GSE193695:GSM5818855	sex_ontology_term_id	PATO:0000384	derived	sex_map		male	True
GSM5818828	geo:GSE193695:GSM5818828	assay_ontology_term_id	EFO:0010010	derived	ols:efo		CEL-seq2	True
GSM5818829	geo:GSE193695:GSM5818829	assay_ontology_term_id	EFO:0010010	derived	ols:efo		CEL-seq2	True
GSM5818830	geo:GSE193695:GSM5818830	assay_ontology_term_id	EFO:0010010	derived	ols:efo		CEL-seq2	True
GSM5818831	geo:GSE193695:GSM5818831	assay_ontology_term_id	EFO:0010010	derived	ols:efo		CEL-seq2	True
GSM5818832	geo:GSE193695:GSM5818832	assay_ontology_term_id	EFO:0010010	derived	ols:efo		CEL-seq2	True
GSM5818833	geo:GSE193695:GSM5818833	assay_ontology_term_id	EFO:0010010	derived	ols:efo		CEL-seq2	True
GSM5818834	geo:GSE193695:GSM5818834	assay_ontology_term_id	EFO:0010010	derived	ols:efo		CEL-seq2	True
GSM5818835	geo:GSE193695:GSM5818835	assay_ontology_term_id	EFO:0010010	derived	ols:efo		CEL-seq2	True
GSM5818836	geo:GSE193695:GSM5818836	assay_ontology_term_id	EFO:0010010	derived	ols:efo		CEL-seq2	True
GSM5818837	geo:GSE193695:GSM5818837	assay_ontology_term_id	EFO:0010010	derived	ols:efo		CEL-seq2	True
GSM5818838	geo:GSE193695:GSM5818838	assay_ontology_term_id	EFO:0010010	derived	ols:efo		CEL-seq2	True
GSM5818839	geo:GSE193695:GSM5818839	assay_ontology_term_id	EFO:0010010	derived	ols:efo		CEL-seq2	True
GSM5818840	geo:GSE193695:GSM5818840	assay_ontology_term_id	EFO:0010010	derived	ols:efo		CEL-seq2	True
GSM5818841	geo:GSE193695:GSM5818841	assay_ontology_term_id	EFO:0010010	derived	ols:efo		CEL-seq2	True
GSM5818842	geo:GSE193695:GSM5818842	assay_ontology_term_id	EFO:0010010	derived	ols:efo		CEL-seq2	True
GSM5818843	geo:GSE193695:GSM5818843	assay_ontology_term_id	EFO:0010010	derived	ols:efo		CEL-seq2	True
GSM5818844	geo:GSE193695:GSM5818844	assay_ontology_term_id	EFO:0010010	derived	ols:efo		CEL-seq2	True
GSM5818845	geo:GSE193695:GSM5818845	assay_ontology_term_id	EFO:0010010	derived	ols:efo		CEL-seq2	True
GSM5818846	geo:GSE193695:GSM5818846	assay_ontology_term_id	EFO:0010010	derived	ols:efo		CEL-seq2	True
GSM5818847	geo:GSE193695:GSM5818847	assay_ontology_term_id	EFO:0010010	derived	ols:efo		CEL-seq2	True
GSM5818848	geo:GSE193695:GSM5818848	assay_ontology_term_id	EFO:0010010	derived	ols:efo		CEL-seq2	True
GSM5818849	geo:GSE193695:GSM5818849	assay_ontology_term_id	EFO:0010010	derived	ols:efo		CEL-seq2	True
GSM5818850	geo:GSE193695:GSM5818850	assay_ontology_term_id	EFO:0010010	derived	ols:efo		CEL-seq2	True
GSM5818851	geo:GSE193695:GSM5818851	assay_ontology_term_id	EFO:0010010	derived	ols:efo		CEL-seq2	True
GSM5818852	geo:GSE193695:GSM5818852	assay_ontology_term_id	EFO:0010010	derived	ols:efo		CEL-seq2	True
GSM5818853	geo:GSE193695:GSM5818853	assay_ontology_term_id	EFO:0010010	derived	ols:efo		CEL-seq2	True
GSM5818854	geo:GSE193695:GSM5818854	assay_ontology_term_id	EFO:0010010	derived	ols:efo		CEL-seq2	True
GSM5818855	geo:GSE193695:GSM5818855	assay_ontology_term_id	EFO:0010010	derived	ols:efo		CEL-seq2	True
GSM5818828	geo:GSE193695:GSM5818828	tissue_ontology_term_id	UBERON:0002371	derived	ols:uberon		Bone marrow	True
GSM5818829	geo:GSE193695:GSM5818829	tissue_ontology_term_id	UBERON:0002371	derived	ols:uberon		Bone marrow	True
GSM5818830	geo:GSE193695:GSM5818830	tissue_ontology_term_id	UBERON:0002371	derived	ols:uberon		Bone marrow	True
GSM5818831	geo:GSE193695:GSM5818831	tissue_ontology_term_id	UBERON:0002371	derived	ols:uberon		Bone marrow	True
GSM5818832	geo:GSE193695:GSM5818832	tissue_ontology_term_id	UBERON:0002371	derived	ols:uberon		Bone marrow	True
GSM5818833	geo:GSE193695:GSM5818833	tissue_ontology_term_id	UBERON:0002371	derived	ols:uberon		Bone marrow	True
GSM5818834	geo:GSE193695:GSM5818834	tissue_ontology_term_id	UBERON:0002371	derived	ols:uberon		Bone marrow	True
GSM5818835	geo:GSE193695:GSM5818835	tissue_ontology_term_id	UBERON:0002371	derived	ols:uberon		Bone marrow	True
GSM5818836	geo:GSE193695:GSM5818836	tissue_ontology_term_id	UBERON:0002371	derived	ols:uberon		Bone marrow	True
GSM5818837	geo:GSE193695:GSM5818837	tissue_ontology_term_id	UBERON:0002371	derived	ols:uberon		Bone marrow	True
GSM5818838	geo:GSE193695:GSM5818838	tissue_ontology_term_id	UBERON:0002371	derived	ols:uberon		Bone marrow	True
GSM5818839	geo:GSE193695:GSM5818839	tissue_ontology_term_id	UBERON:0002371	derived	ols:uberon		Bone marrow	True
GSM5818840	geo:GSE193695:GSM5818840	tissue_ontology_term_id	UBERON:0002371	derived	ols:uberon		Bone marrow	True
GSM5818841	geo:GSE193695:GSM5818841	tissue_ontology_term_id	UBERON:0002371	derived	ols:uberon		Bone marrow	True
GSM5818842	geo:GSE193695:GSM5818842	tissue_ontology_term_id	UBERON:0002371	derived	ols:uberon		Bone marrow	True
GSM5818843	geo:GSE193695:GSM5818843	tissue_ontology_term_id	UBERON:0002371	derived	ols:uberon		Bone marrow	True
GSM5818844	geo:GSE193695:GSM5818844	tissue_ontology_term_id	UBERON:0002371	derived	ols:uberon		Bone marrow	True
GSM5818845	geo:GSE193695:GSM5818845	tissue_ontology_term_id	UBERON:0002371	derived	ols:uberon		Bone marrow	True
GSM5818846	geo:GSE193695:GSM5818846	tissue_ontology_term_id	UBERON:0002371	derived	ols:uberon		Bone marrow	True
GSM5818847	geo:GSE193695:GSM5818847	tissue_ontology_term_id	UBERON:0002371	derived	ols:uberon		Bone marrow	True
GSM5818848	geo:GSE193695:GSM5818848	tissue_ontology_term_id	UBERON:0002371	derived	ols:uberon		Bone marrow	True
GSM5818849	geo:GSE193695:GSM5818849	tissue_ontology_term_id	UBERON:0002371	derived	ols:uberon		Bone marrow	True
GSM5818850	geo:GSE193695:GSM5818850	tissue_ontology_term_id	UBERON:0002371	derived	ols:uberon		Bone marrow	True
GSM5818851	geo:GSE193695:GSM5818851	tissue_ontology_term_id	UBERON:0002371	derived	ols:uberon		Bone marrow	True
GSM5818852	geo:GSE193695:GSM5818852	tissue_ontology_term_id	UBERON:0002371	derived	ols:uberon		Bone marrow	True
GSM5818853	geo:GSE193695:GSM5818853	tissue_ontology_term_id	UBERON:0002371	derived	ols:uberon		Bone marrow	True
GSM5818854	geo:GSE193695:GSM5818854	tissue_ontology_term_id	UBERON:0002371	derived	ols:uberon		Bone marrow	True
GSM5818855	geo:GSE193695:GSM5818855	tissue_ontology_term_id	UBERON:0002371	derived	ols:uberon		Bone marrow	True
GSM5818828	geo:GSE193695:GSM5818828	disease_ontology_term_id	MONDO:0009693	derived	ols:mondo		multiple myeloma	True
GSM5818829	geo:GSE193695:GSM5818829	disease_ontology_term_id	MONDO:0009693	derived	ols:mondo		multiple myeloma	True
GSM5818830	geo:GSE193695:GSM5818830	disease_ontology_term_id	MONDO:0009693	derived	ols:mondo		multiple myeloma	True
GSM5818831	geo:GSE193695:GSM5818831	disease_ontology_term_id	MONDO:0009693	derived	ols:mondo		multiple myeloma	True
GSM5818832	geo:GSE193695:GSM5818832	disease_ontology_term_id	MONDO:0009693	derived	ols:mondo		multiple myeloma	True
GSM5818833	geo:GSE193695:GSM5818833	disease_ontology_term_id	MONDO:0009693	derived	ols:mondo		multiple myeloma	True
GSM5818834	geo:GSE193695:GSM5818834	disease_ontology_term_id	MONDO:0009693	derived	ols:mondo		multiple myeloma	True
GSM5818835	geo:GSE193695:GSM5818835	disease_ontology_term_id	MONDO:0009693	derived	ols:mondo		multiple myeloma	True
GSM5818836	geo:GSE193695:GSM5818836	disease_ontology_term_id	MONDO:0009693	derived	ols:mondo		multiple myeloma	True
GSM5818837	geo:GSE193695:GSM5818837	disease_ontology_term_id	MONDO:0009693	derived	ols:mondo		multiple myeloma	True
GSM5818838	geo:GSE193695:GSM5818838	disease_ontology_term_id	MONDO:0009693	derived	ols:mondo		multiple myeloma	True
GSM5818839	geo:GSE193695:GSM5818839	disease_ontology_term_id	MONDO:0009693	derived	ols:mondo		multiple myeloma	True
GSM5818840	geo:GSE193695:GSM5818840	disease_ontology_term_id	MONDO:0009693	derived	ols:mondo		multiple myeloma	True
GSM5818841	geo:GSE193695:GSM5818841	disease_ontology_term_id	MONDO:0009693	derived	ols:mondo		multiple myeloma	True
GSM5818842	geo:GSE193695:GSM5818842	disease_ontology_term_id	MONDO:0009693	derived	ols:mondo		multiple myeloma	True
GSM5818843	geo:GSE193695:GSM5818843	disease_ontology_term_id	MONDO:0009693	derived	ols:mondo		multiple myeloma	True
GSM5818844	geo:GSE193695:GSM5818844	disease_ontology_term_id	MONDO:0009693	derived	ols:mondo		multiple myeloma	True
GSM5818845	geo:GSE193695:GSM5818845	disease_ontology_term_id	MONDO:0009693	derived	ols:mondo		multiple myeloma	True
GSM5818846	geo:GSE193695:GSM5818846	disease_ontology_term_id	MONDO:0009693	derived	ols:mondo		multiple myeloma	True
GSM5818847	geo:GSE193695:GSM5818847	disease_ontology_term_id	MONDO:0009693	derived	ols:mondo		multiple myeloma	True
GSM5818848	geo:GSE193695:GSM5818848	disease_ontology_term_id	MONDO:0009693	derived	ols:mondo		multiple myeloma	True
GSM5818849	geo:GSE193695:GSM5818849	disease_ontology_term_id	MONDO:0009693	derived	ols:mondo		multiple myeloma	True
GSM5818850	geo:GSE193695:GSM5818850	disease_ontology_term_id	MONDO:0009693	derived	ols:mondo		multiple myeloma	True
GSM5818851	geo:GSE193695:GSM5818851	disease_ontology_term_id	MONDO:0009693	derived	ols:mondo		multiple myeloma	True
GSM5818852	geo:GSE193695:GSM5818852	disease_ontology_term_id	MONDO:0009693	derived	ols:mondo		multiple myeloma	True
GSM5818853	geo:GSE193695:GSM5818853	disease_ontology_term_id	MONDO:0009693	derived	ols:mondo		multiple myeloma	True
GSM5818854	geo:GSE193695:GSM5818854	disease_ontology_term_id	MONDO:0009693	derived	ols:mondo		multiple myeloma	True
GSM5818855	geo:GSE193695:GSM5818855	disease_ontology_term_id	MONDO:0009693	derived	ols:mondo		multiple myeloma	True
GSM5818828	geo:GSE193695:GSM5818828	author_cell_type	<column characteristics_cell_type>	column	work/fp-7a78a7e414d4/converted/GSE193695_S3_cells.tsv/characteristics_cell_type			True
GSM5818829	geo:GSE193695:GSM5818829	author_cell_type	<column characteristics_cell_type>	column	work/fp-7a78a7e414d4/converted/GSE193695_S3_cells.tsv/characteristics_cell_type			True
GSM5818830	geo:GSE193695:GSM5818830	author_cell_type	<column characteristics_cell_type>	column	work/fp-7a78a7e414d4/converted/GSE193695_S3_cells.tsv/characteristics_cell_type			True
GSM5818831	geo:GSE193695:GSM5818831	author_cell_type	<column characteristics_cell_type>	column	work/fp-7a78a7e414d4/converted/GSE193695_S3_cells.tsv/characteristics_cell_type			True
GSM5818832	geo:GSE193695:GSM5818832	author_cell_type	<column characteristics_cell_type>	column	work/fp-7a78a7e414d4/converted/GSE193695_S3_cells.tsv/characteristics_cell_type			True
GSM5818833	geo:GSE193695:GSM5818833	author_cell_type	<column characteristics_cell_type>	column	work/fp-7a78a7e414d4/converted/GSE193695_S3_cells.tsv/characteristics_cell_type			True
GSM5818834	geo:GSE193695:GSM5818834	author_cell_type	<column characteristics_cell_type>	column	work/fp-7a78a7e414d4/converted/GSE193695_S3_cells.tsv/characteristics_cell_type			True
GSM5818835	geo:GSE193695:GSM5818835	author_cell_type	<column characteristics_cell_type>	column	work/fp-7a78a7e414d4/converted/GSE193695_S3_cells.tsv/characteristics_cell_type			True
GSM5818836	geo:GSE193695:GSM5818836	author_cell_type	<column characteristics_cell_type>	column	work/fp-7a78a7e414d4/converted/GSE193695_S3_cells.tsv/characteristics_cell_type			True
GSM5818837	geo:GSE193695:GSM5818837	author_cell_type	<column characteristics_cell_type>	column	work/fp-7a78a7e414d4/converted/GSE193695_S3_cells.tsv/characteristics_cell_type			True
GSM5818838	geo:GSE193695:GSM5818838	author_cell_type	<column characteristics_cell_type>	column	work/fp-7a78a7e414d4/converted/GSE193695_S3_cells.tsv/characteristics_cell_type			True
GSM5818839	geo:GSE193695:GSM5818839	author_cell_type	<column characteristics_cell_type>	column	work/fp-7a78a7e414d4/converted/GSE193695_S3_cells.tsv/characteristics_cell_type			True
GSM5818840	geo:GSE193695:GSM5818840	author_cell_type	<column characteristics_cell_type>	column	work/fp-7a78a7e414d4/converted/GSE193695_S3_cells.tsv/characteristics_cell_type			True
GSM5818841	geo:GSE193695:GSM5818841	author_cell_type	<column characteristics_cell_type>	column	work/fp-7a78a7e414d4/converted/GSE193695_S3_cells.tsv/characteristics_cell_type			True
GSM5818842	geo:GSE193695:GSM5818842	author_cell_type	<column characteristics_cell_type>	column	work/fp-7a78a7e414d4/converted/GSE193695_S3_cells.tsv/characteristics_cell_type			True
GSM5818843	geo:GSE193695:GSM5818843	author_cell_type	<column characteristics_cell_type>	column	work/fp-7a78a7e414d4/converted/GSE193695_S3_cells.tsv/characteristics_cell_type			True
GSM5818844	geo:GSE193695:GSM5818844	author_cell_type	<column characteristics_cell_type>	column	work/fp-7a78a7e414d4/converted/GSE193695_S3_cells.tsv/characteristics_cell_type			True
GSM5818845	geo:GSE193695:GSM5818845	author_cell_type	<column characteristics_cell_type>	column	work/fp-7a78a7e414d4/converted/GSE193695_S3_cells.tsv/characteristics_cell_type			True
GSM5818846	geo:GSE193695:GSM5818846	author_cell_type	<column characteristics_cell_type>	column	work/fp-7a78a7e414d4/converted/GSE193695_S3_cells.tsv/characteristics_cell_type			True
GSM5818847	geo:GSE193695:GSM5818847	author_cell_type	<column characteristics_cell_type>	column	work/fp-7a78a7e414d4/converted/GSE193695_S3_cells.tsv/characteristics_cell_type			True
GSM5818848	geo:GSE193695:GSM5818848	author_cell_type	<column characteristics_cell_type>	column	work/fp-7a78a7e414d4/converted/GSE193695_S3_cells.tsv/characteristics_cell_type			True
GSM5818849	geo:GSE193695:GSM5818849	author_cell_type	<column characteristics_cell_type>	column	work/fp-7a78a7e414d4/converted/GSE193695_S3_cells.tsv/characteristics_cell_type			True
GSM5818850	geo:GSE193695:GSM5818850	author_cell_type	<column characteristics_cell_type>	column	work/fp-7a78a7e414d4/converted/GSE193695_S3_cells.tsv/characteristics_cell_type			True
GSM5818851	geo:GSE193695:GSM5818851	author_cell_type	<column characteristics_cell_type>	column	work/fp-7a78a7e414d4/converted/GSE193695_S3_cells.tsv/characteristics_cell_type			True
GSM5818852	geo:GSE193695:GSM5818852	author_cell_type	<column characteristics_cell_type>	column	work/fp-7a78a7e414d4/converted/GSE193695_S3_cells.tsv/characteristics_cell_type			True
GSM5818853	geo:GSE193695:GSM5818853	author_cell_type	<column characteristics_cell_type>	column	work/fp-7a78a7e414d4/converted/GSE193695_S3_cells.tsv/characteristics_cell_type			True
GSM5818854	geo:GSE193695:GSM5818854	author_cell_type	<column characteristics_cell_type>	column	work/fp-7a78a7e414d4/converted/GSE193695_S3_cells.tsv/characteristics_cell_type			True
GSM5818855	geo:GSE193695:GSM5818855	author_cell_type	<column characteristics_cell_type>	column	work/fp-7a78a7e414d4/converted/GSE193695_S3_cells.tsv/characteristics_cell_type			True
GSM5818856	geo:GSE193695:GSM5818856	development_stage_ontology_term_id	<column characteristics_time_point>	column	work/fp-7a78a7e414d4/converted/GSE193695_S4_cells.tsv/characteristics_time_point			True
GSM5818857	geo:GSE193695:GSM5818857	development_stage_ontology_term_id	<column characteristics_time_point>	column	work/fp-7a78a7e414d4/converted/GSE193695_S4_cells.tsv/characteristics_time_point			True
GSM5818858	geo:GSE193695:GSM5818858	development_stage_ontology_term_id	<column characteristics_time_point>	column	work/fp-7a78a7e414d4/converted/GSE193695_S4_cells.tsv/characteristics_time_point			True
GSM5818859	geo:GSE193695:GSM5818859	development_stage_ontology_term_id	<column characteristics_time_point>	column	work/fp-7a78a7e414d4/converted/GSE193695_S4_cells.tsv/characteristics_time_point			True
GSM5818860	geo:GSE193695:GSM5818860	development_stage_ontology_term_id	<column characteristics_time_point>	column	work/fp-7a78a7e414d4/converted/GSE193695_S4_cells.tsv/characteristics_time_point			True
GSM5818861	geo:GSE193695:GSM5818861	development_stage_ontology_term_id	<column characteristics_time_point>	column	work/fp-7a78a7e414d4/converted/GSE193695_S4_cells.tsv/characteristics_time_point			True
GSM5818862	geo:GSE193695:GSM5818862	development_stage_ontology_term_id	<column characteristics_time_point>	column	work/fp-7a78a7e414d4/converted/GSE193695_S4_cells.tsv/characteristics_time_point			True
GSM5818863	geo:GSE193695:GSM5818863	development_stage_ontology_term_id	<column characteristics_time_point>	column	work/fp-7a78a7e414d4/converted/GSE193695_S4_cells.tsv/characteristics_time_point			True
GSM5818864	geo:GSE193695:GSM5818864	development_stage_ontology_term_id	<column characteristics_time_point>	column	work/fp-7a78a7e414d4/converted/GSE193695_S4_cells.tsv/characteristics_time_point			True
GSM5818865	geo:GSE193695:GSM5818865	development_stage_ontology_term_id	<column characteristics_time_point>	column	work/fp-7a78a7e414d4/converted/GSE193695_S4_cells.tsv/characteristics_time_point			True
GSM5818866	geo:GSE193695:GSM5818866	development_stage_ontology_term_id	<column characteristics_time_point>	column	work/fp-7a78a7e414d4/converted/GSE193695_S4_cells.tsv/characteristics_time_point			True
GSM5818867	geo:GSE193695:GSM5818867	development_stage_ontology_term_id	<column characteristics_time_point>	column	work/fp-7a78a7e414d4/converted/GSE193695_S4_cells.tsv/characteristics_time_point			True
GSM5818868	geo:GSE193695:GSM5818868	development_stage_ontology_term_id	<column characteristics_time_point>	column	work/fp-7a78a7e414d4/converted/GSE193695_S4_cells.tsv/characteristics_time_point			True
GSM5818869	geo:GSE193695:GSM5818869	development_stage_ontology_term_id	<column characteristics_time_point>	column	work/fp-7a78a7e414d4/converted/GSE193695_S4_cells.tsv/characteristics_time_point			True
GSM5818870	geo:GSE193695:GSM5818870	development_stage_ontology_term_id	<column characteristics_time_point>	column	work/fp-7a78a7e414d4/converted/GSE193695_S4_cells.tsv/characteristics_time_point			True
GSM5818871	geo:GSE193695:GSM5818871	development_stage_ontology_term_id	<column characteristics_time_point>	column	work/fp-7a78a7e414d4/converted/GSE193695_S4_cells.tsv/characteristics_time_point			True
GSM5818872	geo:GSE193695:GSM5818872	development_stage_ontology_term_id	<column characteristics_time_point>	column	work/fp-7a78a7e414d4/converted/GSE193695_S4_cells.tsv/characteristics_time_point			True
GSM5818873	geo:GSE193695:GSM5818873	development_stage_ontology_term_id	<column characteristics_time_point>	column	work/fp-7a78a7e414d4/converted/GSE193695_S4_cells.tsv/characteristics_time_point			True
GSM5818874	geo:GSE193695:GSM5818874	development_stage_ontology_term_id	<column characteristics_time_point>	column	work/fp-7a78a7e414d4/converted/GSE193695_S4_cells.tsv/characteristics_time_point			True
GSM5818875	geo:GSE193695:GSM5818875	development_stage_ontology_term_id	<column characteristics_time_point>	column	work/fp-7a78a7e414d4/converted/GSE193695_S4_cells.tsv/characteristics_time_point			True
GSM5818876	geo:GSE193695:GSM5818876	development_stage_ontology_term_id	<column characteristics_time_point>	column	work/fp-7a78a7e414d4/converted/GSE193695_S4_cells.tsv/characteristics_time_point			True
GSM5818877	geo:GSE193695:GSM5818877	development_stage_ontology_term_id	<column characteristics_time_point>	column	work/fp-7a78a7e414d4/converted/GSE193695_S4_cells.tsv/characteristics_time_point			True
GSM5818878	geo:GSE193695:GSM5818878	development_stage_ontology_term_id	<column characteristics_time_point>	column	work/fp-7a78a7e414d4/converted/GSE193695_S4_cells.tsv/characteristics_time_point			True
GSM5818879	geo:GSE193695:GSM5818879	development_stage_ontology_term_id	<column characteristics_time_point>	column	work/fp-7a78a7e414d4/converted/GSE193695_S4_cells.tsv/characteristics_time_point			True
GSM5818856	geo:GSE193695:GSM5818856	sex_ontology_term_id	PATO:0000384	derived	sex_map		male	True
GSM5818857	geo:GSE193695:GSM5818857	sex_ontology_term_id	PATO:0000384	derived	sex_map		male	True
GSM5818858	geo:GSE193695:GSM5818858	sex_ontology_term_id	PATO:0000384	derived	sex_map		male	True
GSM5818859	geo:GSE193695:GSM5818859	sex_ontology_term_id	PATO:0000384	derived	sex_map		male	True
GSM5818860	geo:GSE193695:GSM5818860	sex_ontology_term_id	PATO:0000384	derived	sex_map		male	True
GSM5818861	geo:GSE193695:GSM5818861	sex_ontology_term_id	PATO:0000384	derived	sex_map		male	True
GSM5818862	geo:GSE193695:GSM5818862	sex_ontology_term_id	PATO:0000384	derived	sex_map		male	True
GSM5818863	geo:GSE193695:GSM5818863	sex_ontology_term_id	PATO:0000384	derived	sex_map		male	True
GSM5818864	geo:GSE193695:GSM5818864	sex_ontology_term_id	PATO:0000384	derived	sex_map		male	True
GSM5818865	geo:GSE193695:GSM5818865	sex_ontology_term_id	PATO:0000384	derived	sex_map		male	True
GSM5818866	geo:GSE193695:GSM5818866	sex_ontology_term_id	PATO:0000384	derived	sex_map		male	True
GSM5818867	geo:GSE193695:GSM5818867	sex_ontology_term_id	PATO:0000384	derived	sex_map		male	True
GSM5818868	geo:GSE193695:GSM5818868	sex_ontology_term_id	PATO:0000384	derived	sex_map		male	True
GSM5818869	geo:GSE193695:GSM5818869	sex_ontology_term_id	PATO:0000384	derived	sex_map		male	True
GSM5818870	geo:GSE193695:GSM5818870	sex_ontology_term_id	PATO:0000384	derived	sex_map		male	True
GSM5818871	geo:GSE193695:GSM5818871	sex_ontology_term_id	PATO:0000384	derived	sex_map		male	True
GSM5818872	geo:GSE193695:GSM5818872	sex_ontology_term_id	PATO:0000384	derived	sex_map		male	True
GSM5818873	geo:GSE193695:GSM5818873	sex_ontology_term_id	PATO:0000384	derived	sex_map		male	True
GSM5818874	geo:GSE193695:GSM5818874	sex_ontology_term_id	PATO:0000384	derived	sex_map		male	True
GSM5818875	geo:GSE193695:GSM5818875	sex_ontology_term_id	PATO:0000384	derived	sex_map		male	True
GSM5818876	geo:GSE193695:GSM5818876	sex_ontology_term_id	PATO:0000384	derived	sex_map		male	True
GSM5818877	geo:GSE193695:GSM5818877	sex_ontology_term_id	PATO:0000384	derived	sex_map		male	True
GSM5818878	geo:GSE193695:GSM5818878	sex_ontology_term_id	PATO:0000384	derived	sex_map		male	True
GSM5818879	geo:GSE193695:GSM5818879	sex_ontology_term_id	PATO:0000384	derived	sex_map		male	True
GSM5818856	geo:GSE193695:GSM5818856	assay_ontology_term_id	EFO:0010010	derived	ols:efo		CEL-seq2	True
GSM5818857	geo:GSE193695:GSM5818857	assay_ontology_term_id	EFO:0010010	derived	ols:efo		CEL-seq2	True
GSM5818858	geo:GSE193695:GSM5818858	assay_ontology_term_id	EFO:0010010	derived	ols:efo		CEL-seq2	True
GSM5818859	geo:GSE193695:GSM5818859	assay_ontology_term_id	EFO:0010010	derived	ols:efo		CEL-seq2	True
GSM5818860	geo:GSE193695:GSM5818860	assay_ontology_term_id	EFO:0010010	derived	ols:efo		CEL-seq2	True
GSM5818861	geo:GSE193695:GSM5818861	assay_ontology_term_id	EFO:0010010	derived	ols:efo		CEL-seq2	True
GSM5818862	geo:GSE193695:GSM5818862	assay_ontology_term_id	EFO:0010010	derived	ols:efo		CEL-seq2	True
GSM5818863	geo:GSE193695:GSM5818863	assay_ontology_term_id	EFO:0010010	derived	ols:efo		CEL-seq2	True
GSM5818864	geo:GSE193695:GSM5818864	assay_ontology_term_id	EFO:0010010	derived	ols:efo		CEL-seq2	True
GSM5818865	geo:GSE193695:GSM5818865	assay_ontology_term_id	EFO:0010010	derived	ols:efo		CEL-seq2	True
GSM5818866	geo:GSE193695:GSM5818866	assay_ontology_term_id	EFO:0010010	derived	ols:efo		CEL-seq2	True
GSM5818867	geo:GSE193695:GSM5818867	assay_ontology_term_id	EFO:0010010	derived	ols:efo		CEL-seq2	True
GSM5818868	geo:GSE193695:GSM5818868	assay_ontology_term_id	EFO:0010010	derived	ols:efo		CEL-seq2	True
GSM5818869	geo:GSE193695:GSM5818869	assay_ontology_term_id	EFO:0010010	derived	ols:efo		CEL-seq2	True
GSM5818870	geo:GSE193695:GSM5818870	assay_ontology_term_id	EFO:0010010	derived	ols:efo		CEL-seq2	True
GSM5818871	geo:GSE193695:GSM5818871	assay_ontology_term_id	EFO:0010010	derived	ols:efo		CEL-seq2	True
GSM5818872	geo:GSE193695:GSM5818872	assay_ontology_term_id	EFO:0010010	derived	ols:efo		CEL-seq2	True
GSM5818873	geo:GSE193695:GSM5818873	assay_ontology_term_id	EFO:0010010	derived	ols:efo		CEL-seq2	True
GSM5818874	geo:GSE193695:GSM5818874	assay_ontology_term_id	EFO:0010010	derived	ols:efo		CEL-seq2	True
GSM5818875	geo:GSE193695:GSM5818875	assay_ontology_term_id	EFO:0010010	derived	ols:efo		CEL-seq2	True
GSM5818876	geo:GSE193695:GSM5818876	assay_ontology_term_id	EFO:0010010	derived	ols:efo		CEL-seq2	True
GSM5818877	geo:GSE193695:GSM5818877	assay_ontology_term_id	EFO:0010010	derived	ols:efo		CEL-seq2	True
GSM5818878	geo:GSE193695:GSM5818878	assay_ontology_term_id	EFO:0010010	derived	ols:efo		CEL-seq2	True
GSM5818879	geo:GSE193695:GSM5818879	assay_ontology_term_id	EFO:0010010	derived	ols:efo		CEL-seq2	True
GSM5818856	geo:GSE193695:GSM5818856	development_stage_ontology_term_id	HsapDv:0000161	derived	ols:hsapdv		67-year-old stage	True
GSM5818857	geo:GSE193695:GSM5818857	development_stage_ontology_term_id	HsapDv:0000161	derived	ols:hsapdv		67-year-old stage	True
GSM5818858	geo:GSE193695:GSM5818858	development_stage_ontology_term_id	HsapDv:0000161	derived	ols:hsapdv		67-year-old stage	True
GSM5818859	geo:GSE193695:GSM5818859	development_stage_ontology_term_id	HsapDv:0000161	derived	ols:hsapdv		67-year-old stage	True
GSM5818860	geo:GSE193695:GSM5818860	development_stage_ontology_term_id	HsapDv:0000161	derived	ols:hsapdv		67-year-old stage	True
GSM5818861	geo:GSE193695:GSM5818861	development_stage_ontology_term_id	HsapDv:0000161	derived	ols:hsapdv		67-year-old stage	True
GSM5818862	geo:GSE193695:GSM5818862	development_stage_ontology_term_id	HsapDv:0000161	derived	ols:hsapdv		67-year-old stage	True
GSM5818863	geo:GSE193695:GSM5818863	development_stage_ontology_term_id	HsapDv:0000161	derived	ols:hsapdv		67-year-old stage	True
GSM5818864	geo:GSE193695:GSM5818864	development_stage_ontology_term_id	HsapDv:0000161	derived	ols:hsapdv		67-year-old stage	True
GSM5818865	geo:GSE193695:GSM5818865	development_stage_ontology_term_id	HsapDv:0000161	derived	ols:hsapdv		67-year-old stage	True
GSM5818866	geo:GSE193695:GSM5818866	development_stage_ontology_term_id	HsapDv:0000161	derived	ols:hsapdv		67-year-old stage	True
GSM5818867	geo:GSE193695:GSM5818867	development_stage_ontology_term_id	HsapDv:0000161	derived	ols:hsapdv		67-year-old stage	True
GSM5818868	geo:GSE193695:GSM5818868	development_stage_ontology_term_id	HsapDv:0000161	derived	ols:hsapdv		67-year-old stage	True
GSM5818869	geo:GSE193695:GSM5818869	development_stage_ontology_term_id	HsapDv:0000161	derived	ols:hsapdv		67-year-old stage	True
GSM5818870	geo:GSE193695:GSM5818870	development_stage_ontology_term_id	HsapDv:0000161	derived	ols:hsapdv		67-year-old stage	True
GSM5818871	geo:GSE193695:GSM5818871	development_stage_ontology_term_id	HsapDv:0000161	derived	ols:hsapdv		67-year-old stage	True
GSM5818872	geo:GSE193695:GSM5818872	development_stage_ontology_term_id	HsapDv:0000161	derived	ols:hsapdv		67-year-old stage	True
GSM5818873	geo:GSE193695:GSM5818873	development_stage_ontology_term_id	HsapDv:0000161	derived	ols:hsapdv		67-year-old stage	True
GSM5818874	geo:GSE193695:GSM5818874	development_stage_ontology_term_id	HsapDv:0000161	derived	ols:hsapdv		67-year-old stage	True
GSM5818875	geo:GSE193695:GSM5818875	development_stage_ontology_term_id	HsapDv:0000161	derived	ols:hsapdv		67-year-old stage	True
GSM5818876	geo:GSE193695:GSM5818876	development_stage_ontology_term_id	HsapDv:0000161	derived	ols:hsapdv		67-year-old stage	True
GSM5818877	geo:GSE193695:GSM5818877	development_stage_ontology_term_id	HsapDv:0000161	derived	ols:hsapdv		67-year-old stage	True
GSM5818878	geo:GSE193695:GSM5818878	development_stage_ontology_term_id	HsapDv:0000161	derived	ols:hsapdv		67-year-old stage	True
GSM5818879	geo:GSE193695:GSM5818879	development_stage_ontology_term_id	HsapDv:0000161	derived	ols:hsapdv		67-year-old stage	True
GSM5818856	geo:GSE193695:GSM5818856	tissue_ontology_term_id	UBERON:0002371	derived	ols:uberon		Bone marrow	True
GSM5818857	geo:GSE193695:GSM5818857	tissue_ontology_term_id	UBERON:0002371	derived	ols:uberon		Bone marrow	True
GSM5818858	geo:GSE193695:GSM5818858	tissue_ontology_term_id	UBERON:0002371	derived	ols:uberon		Bone marrow	True
GSM5818859	geo:GSE193695:GSM5818859	tissue_ontology_term_id	UBERON:0002371	derived	ols:uberon		Bone marrow	True
GSM5818860	geo:GSE193695:GSM5818860	tissue_ontology_term_id	UBERON:0002371	derived	ols:uberon		Bone marrow	True
GSM5818861	geo:GSE193695:GSM5818861	tissue_ontology_term_id	UBERON:0002371	derived	ols:uberon		Bone marrow	True
GSM5818862	geo:GSE193695:GSM5818862	tissue_ontology_term_id	UBERON:0002371	derived	ols:uberon		Bone marrow	True
GSM5818863	geo:GSE193695:GSM5818863	tissue_ontology_term_id	UBERON:0002371	derived	ols:uberon		Bone marrow	True
GSM5818864	geo:GSE193695:GSM5818864	tissue_ontology_term_id	UBERON:0002371	derived	ols:uberon		Bone marrow	True
GSM5818865	geo:GSE193695:GSM5818865	tissue_ontology_term_id	UBERON:0002371	derived	ols:uberon		Bone marrow	True
GSM5818866	geo:GSE193695:GSM5818866	tissue_ontology_term_id	UBERON:0002371	derived	ols:uberon		Bone marrow	True
GSM5818867	geo:GSE193695:GSM5818867	tissue_ontology_term_id	UBERON:0002371	derived	ols:uberon		Bone marrow	True
GSM5818868	geo:GSE193695:GSM5818868	tissue_ontology_term_id	UBERON:0002371	derived	ols:uberon		Bone marrow	True
GSM5818869	geo:GSE193695:GSM5818869	tissue_ontology_term_id	UBERON:0002371	derived	ols:uberon		Bone marrow	True
GSM5818870	geo:GSE193695:GSM5818870	tissue_ontology_term_id	UBERON:0002371	derived	ols:uberon		Bone marrow	True
GSM5818871	geo:GSE193695:GSM5818871	tissue_ontology_term_id	UBERON:0002371	derived	ols:uberon		Bone marrow	True
GSM5818872	geo:GSE193695:GSM5818872	tissue_ontology_term_id	UBERON:0002371	derived	ols:uberon		Bone marrow	True
GSM5818873	geo:GSE193695:GSM5818873	tissue_ontology_term_id	UBERON:0002371	derived	ols:uberon		Bone marrow	True
GSM5818874	geo:GSE193695:GSM5818874	tissue_ontology_term_id	UBERON:0002371	derived	ols:uberon		Bone marrow	True
GSM5818875	geo:GSE193695:GSM5818875	tissue_ontology_term_id	UBERON:0002371	derived	ols:uberon		Bone marrow	True
GSM5818876	geo:GSE193695:GSM5818876	tissue_ontology_term_id	UBERON:0002371	derived	ols:uberon		Bone marrow	True
GSM5818877	geo:GSE193695:GSM5818877	tissue_ontology_term_id	UBERON:0002371	derived	ols:uberon		Bone marrow	True
GSM5818878	geo:GSE193695:GSM5818878	tissue_ontology_term_id	UBERON:0002371	derived	ols:uberon		Bone marrow	True
GSM5818879	geo:GSE193695:GSM5818879	tissue_ontology_term_id	UBERON:0002371	derived	ols:uberon		Bone marrow	True
GSM5818856	geo:GSE193695:GSM5818856	disease_ontology_term_id	MONDO:0009693	derived	ols:mondo		multiple myeloma	True
GSM5818857	geo:GSE193695:GSM5818857	disease_ontology_term_id	MONDO:0009693	derived	ols:mondo		multiple myeloma	True
GSM5818858	geo:GSE193695:GSM5818858	disease_ontology_term_id	MONDO:0009693	derived	ols:mondo		multiple myeloma	True
GSM5818859	geo:GSE193695:GSM5818859	disease_ontology_term_id	MONDO:0009693	derived	ols:mondo		multiple myeloma	True
GSM5818860	geo:GSE193695:GSM5818860	disease_ontology_term_id	MONDO:0009693	derived	ols:mondo		multiple myeloma	True
GSM5818861	geo:GSE193695:GSM5818861	disease_ontology_term_id	MONDO:0009693	derived	ols:mondo		multiple myeloma	True
GSM5818862	geo:GSE193695:GSM5818862	disease_ontology_term_id	MONDO:0009693	derived	ols:mondo		multiple myeloma	True
GSM5818863	geo:GSE193695:GSM5818863	disease_ontology_term_id	MONDO:0009693	derived	ols:mondo		multiple myeloma	True
GSM5818864	geo:GSE193695:GSM5818864	disease_ontology_term_id	MONDO:0009693	derived	ols:mondo		multiple myeloma	True
GSM5818865	geo:GSE193695:GSM5818865	disease_ontology_term_id	MONDO:0009693	derived	ols:mondo		multiple myeloma	True
GSM5818866	geo:GSE193695:GSM5818866	disease_ontology_term_id	MONDO:0009693	derived	ols:mondo		multiple myeloma	True
GSM5818867	geo:GSE193695:GSM5818867	disease_ontology_term_id	MONDO:0009693	derived	ols:mondo		multiple myeloma	True
GSM5818868	geo:GSE193695:GSM5818868	disease_ontology_term_id	MONDO:0009693	derived	ols:mondo		multiple myeloma	True
GSM5818869	geo:GSE193695:GSM5818869	disease_ontology_term_id	MONDO:0009693	derived	ols:mondo		multiple myeloma	True
GSM5818870	geo:GSE193695:GSM5818870	disease_ontology_term_id	MONDO:0009693	derived	ols:mondo		multiple myeloma	True
GSM5818871	geo:GSE193695:GSM5818871	disease_ontology_term_id	MONDO:0009693	derived	ols:mondo		multiple myeloma	True
GSM5818872	geo:GSE193695:GSM5818872	disease_ontology_term_id	MONDO:0009693	derived	ols:mondo		multiple myeloma	True
GSM5818873	geo:GSE193695:GSM5818873	disease_ontology_term_id	MONDO:0009693	derived	ols:mondo		multiple myeloma	True
GSM5818874	geo:GSE193695:GSM5818874	disease_ontology_term_id	MONDO:0009693	derived	ols:mondo		multiple myeloma	True
GSM5818875	geo:GSE193695:GSM5818875	disease_ontology_term_id	MONDO:0009693	derived	ols:mondo		multiple myeloma	True
GSM5818876	geo:GSE193695:GSM5818876	disease_ontology_term_id	MONDO:0009693	derived	ols:mondo		multiple myeloma	True
GSM5818877	geo:GSE193695:GSM5818877	disease_ontology_term_id	MONDO:0009693	derived	ols:mondo		multiple myeloma	True
GSM5818878	geo:GSE193695:GSM5818878	disease_ontology_term_id	MONDO:0009693	derived	ols:mondo		multiple myeloma	True
GSM5818879	geo:GSE193695:GSM5818879	disease_ontology_term_id	MONDO:0009693	derived	ols:mondo		multiple myeloma	True
GSM5818856	geo:GSE193695:GSM5818856	author_cell_type	<column characteristics_cell_type>	column	work/fp-7a78a7e414d4/converted/GSE193695_S4_cells.tsv/characteristics_cell_type			True
GSM5818857	geo:GSE193695:GSM5818857	author_cell_type	<column characteristics_cell_type>	column	work/fp-7a78a7e414d4/converted/GSE193695_S4_cells.tsv/characteristics_cell_type			True
GSM5818858	geo:GSE193695:GSM5818858	author_cell_type	<column characteristics_cell_type>	column	work/fp-7a78a7e414d4/converted/GSE193695_S4_cells.tsv/characteristics_cell_type			True
GSM5818859	geo:GSE193695:GSM5818859	author_cell_type	<column characteristics_cell_type>	column	work/fp-7a78a7e414d4/converted/GSE193695_S4_cells.tsv/characteristics_cell_type			True
GSM5818860	geo:GSE193695:GSM5818860	author_cell_type	<column characteristics_cell_type>	column	work/fp-7a78a7e414d4/converted/GSE193695_S4_cells.tsv/characteristics_cell_type			True
GSM5818861	geo:GSE193695:GSM5818861	author_cell_type	<column characteristics_cell_type>	column	work/fp-7a78a7e414d4/converted/GSE193695_S4_cells.tsv/characteristics_cell_type			True
GSM5818862	geo:GSE193695:GSM5818862	author_cell_type	<column characteristics_cell_type>	column	work/fp-7a78a7e414d4/converted/GSE193695_S4_cells.tsv/characteristics_cell_type			True
GSM5818863	geo:GSE193695:GSM5818863	author_cell_type	<column characteristics_cell_type>	column	work/fp-7a78a7e414d4/converted/GSE193695_S4_cells.tsv/characteristics_cell_type			True
GSM5818864	geo:GSE193695:GSM5818864	author_cell_type	<column characteristics_cell_type>	column	work/fp-7a78a7e414d4/converted/GSE193695_S4_cells.tsv/characteristics_cell_type			True
GSM5818865	geo:GSE193695:GSM5818865	author_cell_type	<column characteristics_cell_type>	column	work/fp-7a78a7e414d4/converted/GSE193695_S4_cells.tsv/characteristics_cell_type			True
GSM5818866	geo:GSE193695:GSM5818866	author_cell_type	<column characteristics_cell_type>	column	work/fp-7a78a7e414d4/converted/GSE193695_S4_cells.tsv/characteristics_cell_type			True
GSM5818867	geo:GSE193695:GSM5818867	author_cell_type	<column characteristics_cell_type>	column	work/fp-7a78a7e414d4/converted/GSE193695_S4_cells.tsv/characteristics_cell_type			True
GSM5818868	geo:GSE193695:GSM5818868	author_cell_type	<column characteristics_cell_type>	column	work/fp-7a78a7e414d4/converted/GSE193695_S4_cells.tsv/characteristics_cell_type			True
GSM5818869	geo:GSE193695:GSM5818869	author_cell_type	<column characteristics_cell_type>	column	work/fp-7a78a7e414d4/converted/GSE193695_S4_cells.tsv/characteristics_cell_type			True
GSM5818870	geo:GSE193695:GSM5818870	author_cell_type	<column characteristics_cell_type>	column	work/fp-7a78a7e414d4/converted/GSE193695_S4_cells.tsv/characteristics_cell_type			True
GSM5818871	geo:GSE193695:GSM5818871	author_cell_type	<column characteristics_cell_type>	column	work/fp-7a78a7e414d4/converted/GSE193695_S4_cells.tsv/characteristics_cell_type			True
GSM5818872	geo:GSE193695:GSM5818872	author_cell_type	<column characteristics_cell_type>	column	work/fp-7a78a7e414d4/converted/GSE193695_S4_cells.tsv/characteristics_cell_type			True
GSM5818873	geo:GSE193695:GSM5818873	author_cell_type	<column characteristics_cell_type>	column	work/fp-7a78a7e414d4/converted/GSE193695_S4_cells.tsv/characteristics_cell_type			True
GSM5818874	geo:GSE193695:GSM5818874	author_cell_type	<column characteristics_cell_type>	column	work/fp-7a78a7e414d4/converted/GSE193695_S4_cells.tsv/characteristics_cell_type			True
GSM5818875	geo:GSE193695:GSM5818875	author_cell_type	<column characteristics_cell_type>	column	work/fp-7a78a7e414d4/converted/GSE193695_S4_cells.tsv/characteristics_cell_type			True
GSM5818876	geo:GSE193695:GSM5818876	author_cell_type	<column characteristics_cell_type>	column	work/fp-7a78a7e414d4/converted/GSE193695_S4_cells.tsv/characteristics_cell_type			True
GSM5818877	geo:GSE193695:GSM5818877	author_cell_type	<column characteristics_cell_type>	column	work/fp-7a78a7e414d4/converted/GSE193695_S4_cells.tsv/characteristics_cell_type			True
GSM5818878	geo:GSE193695:GSM5818878	author_cell_type	<column characteristics_cell_type>	column	work/fp-7a78a7e414d4/converted/GSE193695_S4_cells.tsv/characteristics_cell_type			True
GSM5818879	geo:GSE193695:GSM5818879	author_cell_type	<column characteristics_cell_type>	column	work/fp-7a78a7e414d4/converted/GSE193695_S4_cells.tsv/characteristics_cell_type			True
GSM5818880	geo:GSE193695:GSM5818880	development_stage_ontology_term_id	<column characteristics_time_point>	column	work/fp-7a78a7e414d4/converted/GSE193695_S5_cells.tsv/characteristics_time_point			True
GSM5818881	geo:GSE193695:GSM5818881	development_stage_ontology_term_id	<column characteristics_time_point>	column	work/fp-7a78a7e414d4/converted/GSE193695_S5_cells.tsv/characteristics_time_point			True
GSM5818882	geo:GSE193695:GSM5818882	development_stage_ontology_term_id	<column characteristics_time_point>	column	work/fp-7a78a7e414d4/converted/GSE193695_S5_cells.tsv/characteristics_time_point			True
GSM5818883	geo:GSE193695:GSM5818883	development_stage_ontology_term_id	<column characteristics_time_point>	column	work/fp-7a78a7e414d4/converted/GSE193695_S5_cells.tsv/characteristics_time_point			True
GSM5818884	geo:GSE193695:GSM5818884	development_stage_ontology_term_id	<column characteristics_time_point>	column	work/fp-7a78a7e414d4/converted/GSE193695_S5_cells.tsv/characteristics_time_point			True
GSM5818885	geo:GSE193695:GSM5818885	development_stage_ontology_term_id	<column characteristics_time_point>	column	work/fp-7a78a7e414d4/converted/GSE193695_S5_cells.tsv/characteristics_time_point			True
GSM5818880	geo:GSE193695:GSM5818880	sex_ontology_term_id	PATO:0000384	derived	sex_map		male	True
GSM5818881	geo:GSE193695:GSM5818881	sex_ontology_term_id	PATO:0000384	derived	sex_map		male	True
GSM5818882	geo:GSE193695:GSM5818882	sex_ontology_term_id	PATO:0000384	derived	sex_map		male	True
GSM5818883	geo:GSE193695:GSM5818883	sex_ontology_term_id	PATO:0000384	derived	sex_map		male	True
GSM5818884	geo:GSE193695:GSM5818884	sex_ontology_term_id	PATO:0000384	derived	sex_map		male	True
GSM5818885	geo:GSE193695:GSM5818885	sex_ontology_term_id	PATO:0000384	derived	sex_map		male	True
GSM5818880	geo:GSE193695:GSM5818880	assay_ontology_term_id	EFO:0010010	derived	ols:efo		CEL-seq2	True
GSM5818881	geo:GSE193695:GSM5818881	assay_ontology_term_id	EFO:0010010	derived	ols:efo		CEL-seq2	True
GSM5818882	geo:GSE193695:GSM5818882	assay_ontology_term_id	EFO:0010010	derived	ols:efo		CEL-seq2	True
GSM5818883	geo:GSE193695:GSM5818883	assay_ontology_term_id	EFO:0010010	derived	ols:efo		CEL-seq2	True
GSM5818884	geo:GSE193695:GSM5818884	assay_ontology_term_id	EFO:0010010	derived	ols:efo		CEL-seq2	True
GSM5818885	geo:GSE193695:GSM5818885	assay_ontology_term_id	EFO:0010010	derived	ols:efo		CEL-seq2	True
GSM5818880	geo:GSE193695:GSM5818880	development_stage_ontology_term_id	HsapDv:0000161	derived	ols:hsapdv		67-year-old stage	True
GSM5818881	geo:GSE193695:GSM5818881	development_stage_ontology_term_id	HsapDv:0000161	derived	ols:hsapdv		67-year-old stage	True
GSM5818882	geo:GSE193695:GSM5818882	development_stage_ontology_term_id	HsapDv:0000161	derived	ols:hsapdv		67-year-old stage	True
GSM5818883	geo:GSE193695:GSM5818883	development_stage_ontology_term_id	HsapDv:0000161	derived	ols:hsapdv		67-year-old stage	True
GSM5818884	geo:GSE193695:GSM5818884	development_stage_ontology_term_id	HsapDv:0000161	derived	ols:hsapdv		67-year-old stage	True
GSM5818885	geo:GSE193695:GSM5818885	development_stage_ontology_term_id	HsapDv:0000161	derived	ols:hsapdv		67-year-old stage	True
GSM5818880	geo:GSE193695:GSM5818880	tissue_ontology_term_id	UBERON:0002371	derived	ols:uberon		Bone marrow	True
GSM5818881	geo:GSE193695:GSM5818881	tissue_ontology_term_id	UBERON:0002371	derived	ols:uberon		Bone marrow	True
GSM5818882	geo:GSE193695:GSM5818882	tissue_ontology_term_id	UBERON:0002371	derived	ols:uberon		Bone marrow	True
GSM5818883	geo:GSE193695:GSM5818883	tissue_ontology_term_id	UBERON:0002371	derived	ols:uberon		Bone marrow	True
GSM5818884	geo:GSE193695:GSM5818884	tissue_ontology_term_id	UBERON:0002371	derived	ols:uberon		Bone marrow	True
GSM5818885	geo:GSE193695:GSM5818885	tissue_ontology_term_id	UBERON:0002371	derived	ols:uberon		Bone marrow	True
GSM5818880	geo:GSE193695:GSM5818880	disease_ontology_term_id	MONDO:0009693	derived	ols:mondo		multiple myeloma	True
GSM5818881	geo:GSE193695:GSM5818881	disease_ontology_term_id	MONDO:0009693	derived	ols:mondo		multiple myeloma	True
GSM5818882	geo:GSE193695:GSM5818882	disease_ontology_term_id	MONDO:0009693	derived	ols:mondo		multiple myeloma	True
GSM5818883	geo:GSE193695:GSM5818883	disease_ontology_term_id	MONDO:0009693	derived	ols:mondo		multiple myeloma	True
GSM5818884	geo:GSE193695:GSM5818884	disease_ontology_term_id	MONDO:0009693	derived	ols:mondo		multiple myeloma	True
GSM5818885	geo:GSE193695:GSM5818885	disease_ontology_term_id	MONDO:0009693	derived	ols:mondo		multiple myeloma	True
GSM5818880	geo:GSE193695:GSM5818880	author_cell_type	<column characteristics_cell_type>	column	work/fp-7a78a7e414d4/converted/GSE193695_S5_cells.tsv/characteristics_cell_type			True
GSM5818881	geo:GSE193695:GSM5818881	author_cell_type	<column characteristics_cell_type>	column	work/fp-7a78a7e414d4/converted/GSE193695_S5_cells.tsv/characteristics_cell_type			True
GSM5818882	geo:GSE193695:GSM5818882	author_cell_type	<column characteristics_cell_type>	column	work/fp-7a78a7e414d4/converted/GSE193695_S5_cells.tsv/characteristics_cell_type			True
GSM5818883	geo:GSE193695:GSM5818883	author_cell_type	<column characteristics_cell_type>	column	work/fp-7a78a7e414d4/converted/GSE193695_S5_cells.tsv/characteristics_cell_type			True
GSM5818884	geo:GSE193695:GSM5818884	author_cell_type	<column characteristics_cell_type>	column	work/fp-7a78a7e414d4/converted/GSE193695_S5_cells.tsv/characteristics_cell_type			True
GSM5818885	geo:GSE193695:GSM5818885	author_cell_type	<column characteristics_cell_type>	column	work/fp-7a78a7e414d4/converted/GSE193695_S5_cells.tsv/characteristics_cell_type			True
GSM5818886	geo:GSE193695:GSM5818886	development_stage_ontology_term_id	<column characteristics_time_point>	column	work/fp-7a78a7e414d4/converted/GSE193695_S6_cells.tsv/characteristics_time_point			True
GSM5818887	geo:GSE193695:GSM5818887	development_stage_ontology_term_id	<column characteristics_time_point>	column	work/fp-7a78a7e414d4/converted/GSE193695_S6_cells.tsv/characteristics_time_point			True
GSM5818888	geo:GSE193695:GSM5818888	development_stage_ontology_term_id	<column characteristics_time_point>	column	work/fp-7a78a7e414d4/converted/GSE193695_S6_cells.tsv/characteristics_time_point			True
GSM5818889	geo:GSE193695:GSM5818889	development_stage_ontology_term_id	<column characteristics_time_point>	column	work/fp-7a78a7e414d4/converted/GSE193695_S6_cells.tsv/characteristics_time_point			True
GSM5818890	geo:GSE193695:GSM5818890	development_stage_ontology_term_id	<column characteristics_time_point>	column	work/fp-7a78a7e414d4/converted/GSE193695_S6_cells.tsv/characteristics_time_point			True
GSM5818891	geo:GSE193695:GSM5818891	development_stage_ontology_term_id	<column characteristics_time_point>	column	work/fp-7a78a7e414d4/converted/GSE193695_S6_cells.tsv/characteristics_time_point			True
GSM5818892	geo:GSE193695:GSM5818892	development_stage_ontology_term_id	<column characteristics_time_point>	column	work/fp-7a78a7e414d4/converted/GSE193695_S6_cells.tsv/characteristics_time_point			True
GSM5818893	geo:GSE193695:GSM5818893	development_stage_ontology_term_id	<column characteristics_time_point>	column	work/fp-7a78a7e414d4/converted/GSE193695_S6_cells.tsv/characteristics_time_point			True
GSM5818894	geo:GSE193695:GSM5818894	development_stage_ontology_term_id	<column characteristics_time_point>	column	work/fp-7a78a7e414d4/converted/GSE193695_S6_cells.tsv/characteristics_time_point			True
GSM5818895	geo:GSE193695:GSM5818895	development_stage_ontology_term_id	<column characteristics_time_point>	column	work/fp-7a78a7e414d4/converted/GSE193695_S6_cells.tsv/characteristics_time_point			True
GSM5818896	geo:GSE193695:GSM5818896	development_stage_ontology_term_id	<column characteristics_time_point>	column	work/fp-7a78a7e414d4/converted/GSE193695_S6_cells.tsv/characteristics_time_point			True
GSM5818897	geo:GSE193695:GSM5818897	development_stage_ontology_term_id	<column characteristics_time_point>	column	work/fp-7a78a7e414d4/converted/GSE193695_S6_cells.tsv/characteristics_time_point			True
GSM5818898	geo:GSE193695:GSM5818898	development_stage_ontology_term_id	<column characteristics_time_point>	column	work/fp-7a78a7e414d4/converted/GSE193695_S6_cells.tsv/characteristics_time_point			True
GSM5818899	geo:GSE193695:GSM5818899	development_stage_ontology_term_id	<column characteristics_time_point>	column	work/fp-7a78a7e414d4/converted/GSE193695_S6_cells.tsv/characteristics_time_point			True
GSM5818900	geo:GSE193695:GSM5818900	development_stage_ontology_term_id	<column characteristics_time_point>	column	work/fp-7a78a7e414d4/converted/GSE193695_S6_cells.tsv/characteristics_time_point			True
GSM5818901	geo:GSE193695:GSM5818901	development_stage_ontology_term_id	<column characteristics_time_point>	column	work/fp-7a78a7e414d4/converted/GSE193695_S6_cells.tsv/characteristics_time_point			True
GSM5818902	geo:GSE193695:GSM5818902	development_stage_ontology_term_id	<column characteristics_time_point>	column	work/fp-7a78a7e414d4/converted/GSE193695_S6_cells.tsv/characteristics_time_point			True
GSM5818903	geo:GSE193695:GSM5818903	development_stage_ontology_term_id	<column characteristics_time_point>	column	work/fp-7a78a7e414d4/converted/GSE193695_S6_cells.tsv/characteristics_time_point			True
GSM5818904	geo:GSE193695:GSM5818904	development_stage_ontology_term_id	<column characteristics_time_point>	column	work/fp-7a78a7e414d4/converted/GSE193695_S6_cells.tsv/characteristics_time_point			True
GSM5818905	geo:GSE193695:GSM5818905	development_stage_ontology_term_id	<column characteristics_time_point>	column	work/fp-7a78a7e414d4/converted/GSE193695_S6_cells.tsv/characteristics_time_point			True
GSM5818906	geo:GSE193695:GSM5818906	development_stage_ontology_term_id	<column characteristics_time_point>	column	work/fp-7a78a7e414d4/converted/GSE193695_S6_cells.tsv/characteristics_time_point			True
GSM5818907	geo:GSE193695:GSM5818907	development_stage_ontology_term_id	<column characteristics_time_point>	column	work/fp-7a78a7e414d4/converted/GSE193695_S6_cells.tsv/characteristics_time_point			True
GSM5818908	geo:GSE193695:GSM5818908	development_stage_ontology_term_id	<column characteristics_time_point>	column	work/fp-7a78a7e414d4/converted/GSE193695_S6_cells.tsv/characteristics_time_point			True
GSM5818909	geo:GSE193695:GSM5818909	development_stage_ontology_term_id	<column characteristics_time_point>	column	work/fp-7a78a7e414d4/converted/GSE193695_S6_cells.tsv/characteristics_time_point			True
GSM5818886	geo:GSE193695:GSM5818886	sex_ontology_term_id	PATO:0000384	derived	sex_map		male	True
GSM5818887	geo:GSE193695:GSM5818887	sex_ontology_term_id	PATO:0000384	derived	sex_map		male	True
GSM5818888	geo:GSE193695:GSM5818888	sex_ontology_term_id	PATO:0000384	derived	sex_map		male	True
GSM5818889	geo:GSE193695:GSM5818889	sex_ontology_term_id	PATO:0000384	derived	sex_map		male	True
GSM5818890	geo:GSE193695:GSM5818890	sex_ontology_term_id	PATO:0000384	derived	sex_map		male	True
GSM5818891	geo:GSE193695:GSM5818891	sex_ontology_term_id	PATO:0000384	derived	sex_map		male	True
GSM5818892	geo:GSE193695:GSM5818892	sex_ontology_term_id	PATO:0000384	derived	sex_map		male	True
GSM5818893	geo:GSE193695:GSM5818893	sex_ontology_term_id	PATO:0000384	derived	sex_map		male	True
GSM5818894	geo:GSE193695:GSM5818894	sex_ontology_term_id	PATO:0000384	derived	sex_map		male	True
GSM5818895	geo:GSE193695:GSM5818895	sex_ontology_term_id	PATO:0000384	derived	sex_map		male	True
GSM5818896	geo:GSE193695:GSM5818896	sex_ontology_term_id	PATO:0000384	derived	sex_map		male	True
GSM5818897	geo:GSE193695:GSM5818897	sex_ontology_term_id	PATO:0000384	derived	sex_map		male	True
GSM5818898	geo:GSE193695:GSM5818898	sex_ontology_term_id	PATO:0000384	derived	sex_map		male	True
GSM5818899	geo:GSE193695:GSM5818899	sex_ontology_term_id	PATO:0000384	derived	sex_map		male	True
GSM5818900	geo:GSE193695:GSM5818900	sex_ontology_term_id	PATO:0000384	derived	sex_map		male	True
GSM5818901	geo:GSE193695:GSM5818901	sex_ontology_term_id	PATO:0000384	derived	sex_map		male	True
GSM5818902	geo:GSE193695:GSM5818902	sex_ontology_term_id	PATO:0000384	derived	sex_map		male	True
GSM5818903	geo:GSE193695:GSM5818903	sex_ontology_term_id	PATO:0000384	derived	sex_map		male	True
GSM5818904	geo:GSE193695:GSM5818904	sex_ontology_term_id	PATO:0000384	derived	sex_map		male	True
GSM5818905	geo:GSE193695:GSM5818905	sex_ontology_term_id	PATO:0000384	derived	sex_map		male	True
GSM5818906	geo:GSE193695:GSM5818906	sex_ontology_term_id	PATO:0000384	derived	sex_map		male	True
GSM5818907	geo:GSE193695:GSM5818907	sex_ontology_term_id	PATO:0000384	derived	sex_map		male	True
GSM5818908	geo:GSE193695:GSM5818908	sex_ontology_term_id	PATO:0000384	derived	sex_map		male	True
GSM5818909	geo:GSE193695:GSM5818909	sex_ontology_term_id	PATO:0000384	derived	sex_map		male	True
GSM5818886	geo:GSE193695:GSM5818886	assay_ontology_term_id	EFO:0010010	derived	ols:efo		CEL-seq2	True
GSM5818887	geo:GSE193695:GSM5818887	assay_ontology_term_id	EFO:0010010	derived	ols:efo		CEL-seq2	True
GSM5818888	geo:GSE193695:GSM5818888	assay_ontology_term_id	EFO:0010010	derived	ols:efo		CEL-seq2	True
GSM5818889	geo:GSE193695:GSM5818889	assay_ontology_term_id	EFO:0010010	derived	ols:efo		CEL-seq2	True
GSM5818890	geo:GSE193695:GSM5818890	assay_ontology_term_id	EFO:0010010	derived	ols:efo		CEL-seq2	True
GSM5818891	geo:GSE193695:GSM5818891	assay_ontology_term_id	EFO:0010010	derived	ols:efo		CEL-seq2	True
GSM5818892	geo:GSE193695:GSM5818892	assay_ontology_term_id	EFO:0010010	derived	ols:efo		CEL-seq2	True
GSM5818893	geo:GSE193695:GSM5818893	assay_ontology_term_id	EFO:0010010	derived	ols:efo		CEL-seq2	True
GSM5818894	geo:GSE193695:GSM5818894	assay_ontology_term_id	EFO:0010010	derived	ols:efo		CEL-seq2	True
GSM5818895	geo:GSE193695:GSM5818895	assay_ontology_term_id	EFO:0010010	derived	ols:efo		CEL-seq2	True
GSM5818896	geo:GSE193695:GSM5818896	assay_ontology_term_id	EFO:0010010	derived	ols:efo		CEL-seq2	True
GSM5818897	geo:GSE193695:GSM5818897	assay_ontology_term_id	EFO:0010010	derived	ols:efo		CEL-seq2	True
GSM5818898	geo:GSE193695:GSM5818898	assay_ontology_term_id	EFO:0010010	derived	ols:efo		CEL-seq2	True
GSM5818899	geo:GSE193695:GSM5818899	assay_ontology_term_id	EFO:0010010	derived	ols:efo		CEL-seq2	True
GSM5818900	geo:GSE193695:GSM5818900	assay_ontology_term_id	EFO:0010010	derived	ols:efo		CEL-seq2	True
GSM5818901	geo:GSE193695:GSM5818901	assay_ontology_term_id	EFO:0010010	derived	ols:efo		CEL-seq2	True
GSM5818902	geo:GSE193695:GSM5818902	assay_ontology_term_id	EFO:0010010	derived	ols:efo		CEL-seq2	True
GSM5818903	geo:GSE193695:GSM5818903	assay_ontology_term_id	EFO:0010010	derived	ols:efo		CEL-seq2	True
GSM5818904	geo:GSE193695:GSM5818904	assay_ontology_term_id	EFO:0010010	derived	ols:efo		CEL-seq2	True
GSM5818905	geo:GSE193695:GSM5818905	assay_ontology_term_id	EFO:0010010	derived	ols:efo		CEL-seq2	True
GSM5818906	geo:GSE193695:GSM5818906	assay_ontology_term_id	EFO:0010010	derived	ols:efo		CEL-seq2	True
GSM5818907	geo:GSE193695:GSM5818907	assay_ontology_term_id	EFO:0010010	derived	ols:efo		CEL-seq2	True
GSM5818908	geo:GSE193695:GSM5818908	assay_ontology_term_id	EFO:0010010	derived	ols:efo		CEL-seq2	True
GSM5818909	geo:GSE193695:GSM5818909	assay_ontology_term_id	EFO:0010010	derived	ols:efo		CEL-seq2	True
GSM5818886	geo:GSE193695:GSM5818886	tissue_ontology_term_id	UBERON:0002371	derived	ols:uberon		Bone marrow	True
GSM5818887	geo:GSE193695:GSM5818887	tissue_ontology_term_id	UBERON:0002371	derived	ols:uberon		Bone marrow	True
GSM5818888	geo:GSE193695:GSM5818888	tissue_ontology_term_id	UBERON:0002371	derived	ols:uberon		Bone marrow	True
GSM5818889	geo:GSE193695:GSM5818889	tissue_ontology_term_id	UBERON:0002371	derived	ols:uberon		Bone marrow	True
GSM5818890	geo:GSE193695:GSM5818890	tissue_ontology_term_id	UBERON:0002371	derived	ols:uberon		Bone marrow	True
GSM5818891	geo:GSE193695:GSM5818891	tissue_ontology_term_id	UBERON:0002371	derived	ols:uberon		Bone marrow	True
GSM5818892	geo:GSE193695:GSM5818892	tissue_ontology_term_id	UBERON:0002371	derived	ols:uberon		Bone marrow	True
GSM5818893	geo:GSE193695:GSM5818893	tissue_ontology_term_id	UBERON:0002371	derived	ols:uberon		Bone marrow	True
GSM5818894	geo:GSE193695:GSM5818894	tissue_ontology_term_id	UBERON:0002371	derived	ols:uberon		Bone marrow	True
GSM5818895	geo:GSE193695:GSM5818895	tissue_ontology_term_id	UBERON:0002371	derived	ols:uberon		Bone marrow	True
GSM5818896	geo:GSE193695:GSM5818896	tissue_ontology_term_id	UBERON:0002371	derived	ols:uberon		Bone marrow	True
GSM5818897	geo:GSE193695:GSM5818897	tissue_ontology_term_id	UBERON:0002371	derived	ols:uberon		Bone marrow	True
GSM5818898	geo:GSE193695:GSM5818898	tissue_ontology_term_id	UBERON:0002371	derived	ols:uberon		Bone marrow	True
GSM5818899	geo:GSE193695:GSM5818899	tissue_ontology_term_id	UBERON:0002371	derived	ols:uberon		Bone marrow	True
GSM5818900	geo:GSE193695:GSM5818900	tissue_ontology_term_id	UBERON:0002371	derived	ols:uberon		Bone marrow	True
GSM5818901	geo:GSE193695:GSM5818901	tissue_ontology_term_id	UBERON:0002371	derived	ols:uberon		Bone marrow	True
GSM5818902	geo:GSE193695:GSM5818902	tissue_ontology_term_id	UBERON:0002371	derived	ols:uberon		Bone marrow	True
GSM5818903	geo:GSE193695:GSM5818903	tissue_ontology_term_id	UBERON:0002371	derived	ols:uberon		Bone marrow	True
GSM5818904	geo:GSE193695:GSM5818904	tissue_ontology_term_id	UBERON:0002371	derived	ols:uberon		Bone marrow	True
GSM5818905	geo:GSE193695:GSM5818905	tissue_ontology_term_id	UBERON:0002371	derived	ols:uberon		Bone marrow	True
GSM5818906	geo:GSE193695:GSM5818906	tissue_ontology_term_id	UBERON:0002371	derived	ols:uberon		Bone marrow	True
GSM5818907	geo:GSE193695:GSM5818907	tissue_ontology_term_id	UBERON:0002371	derived	ols:uberon		Bone marrow	True
GSM5818908	geo:GSE193695:GSM5818908	tissue_ontology_term_id	UBERON:0002371	derived	ols:uberon		Bone marrow	True
GSM5818909	geo:GSE193695:GSM5818909	tissue_ontology_term_id	UBERON:0002371	derived	ols:uberon		Bone marrow	True
GSM5818886	geo:GSE193695:GSM5818886	disease_ontology_term_id	MONDO:0009693	derived	ols:mondo		multiple myeloma	True
GSM5818887	geo:GSE193695:GSM5818887	disease_ontology_term_id	MONDO:0009693	derived	ols:mondo		multiple myeloma	True
GSM5818888	geo:GSE193695:GSM5818888	disease_ontology_term_id	MONDO:0009693	derived	ols:mondo		multiple myeloma	True
GSM5818889	geo:GSE193695:GSM5818889	disease_ontology_term_id	MONDO:0009693	derived	ols:mondo		multiple myeloma	True
GSM5818890	geo:GSE193695:GSM5818890	disease_ontology_term_id	MONDO:0009693	derived	ols:mondo		multiple myeloma	True
GSM5818891	geo:GSE193695:GSM5818891	disease_ontology_term_id	MONDO:0009693	derived	ols:mondo		multiple myeloma	True
GSM5818892	geo:GSE193695:GSM5818892	disease_ontology_term_id	MONDO:0009693	derived	ols:mondo		multiple myeloma	True
GSM5818893	geo:GSE193695:GSM5818893	disease_ontology_term_id	MONDO:0009693	derived	ols:mondo		multiple myeloma	True
GSM5818894	geo:GSE193695:GSM5818894	disease_ontology_term_id	MONDO:0009693	derived	ols:mondo		multiple myeloma	True
GSM5818895	geo:GSE193695:GSM5818895	disease_ontology_term_id	MONDO:0009693	derived	ols:mondo		multiple myeloma	True
GSM5818896	geo:GSE193695:GSM5818896	disease_ontology_term_id	MONDO:0009693	derived	ols:mondo		multiple myeloma	True
GSM5818897	geo:GSE193695:GSM5818897	disease_ontology_term_id	MONDO:0009693	derived	ols:mondo		multiple myeloma	True
GSM5818898	geo:GSE193695:GSM5818898	disease_ontology_term_id	MONDO:0009693	derived	ols:mondo		multiple myeloma	True
GSM5818899	geo:GSE193695:GSM5818899	disease_ontology_term_id	MONDO:0009693	derived	ols:mondo		multiple myeloma	True
GSM5818900	geo:GSE193695:GSM5818900	disease_ontology_term_id	MONDO:0009693	derived	ols:mondo		multiple myeloma	True
GSM5818901	geo:GSE193695:GSM5818901	disease_ontology_term_id	MONDO:0009693	derived	ols:mondo		multiple myeloma	True
GSM5818902	geo:GSE193695:GSM5818902	disease_ontology_term_id	MONDO:0009693	derived	ols:mondo		multiple myeloma	True
GSM5818903	geo:GSE193695:GSM5818903	disease_ontology_term_id	MONDO:0009693	derived	ols:mondo		multiple myeloma	True
GSM5818904	geo:GSE193695:GSM5818904	disease_ontology_term_id	MONDO:0009693	derived	ols:mondo		multiple myeloma	True
GSM5818905	geo:GSE193695:GSM5818905	disease_ontology_term_id	MONDO:0009693	derived	ols:mondo		multiple myeloma	True
GSM5818906	geo:GSE193695:GSM5818906	disease_ontology_term_id	MONDO:0009693	derived	ols:mondo		multiple myeloma	True
GSM5818907	geo:GSE193695:GSM5818907	disease_ontology_term_id	MONDO:0009693	derived	ols:mondo		multiple myeloma	True
GSM5818908	geo:GSE193695:GSM5818908	disease_ontology_term_id	MONDO:0009693	derived	ols:mondo		multiple myeloma	True
GSM5818909	geo:GSE193695:GSM5818909	disease_ontology_term_id	MONDO:0009693	derived	ols:mondo		multiple myeloma	True
GSM5818886	geo:GSE193695:GSM5818886	author_cell_type	<column characteristics_cell_type>	column	work/fp-7a78a7e414d4/converted/GSE193695_S6_cells.tsv/characteristics_cell_type			True
GSM5818887	geo:GSE193695:GSM5818887	author_cell_type	<column characteristics_cell_type>	column	work/fp-7a78a7e414d4/converted/GSE193695_S6_cells.tsv/characteristics_cell_type			True
GSM5818888	geo:GSE193695:GSM5818888	author_cell_type	<column characteristics_cell_type>	column	work/fp-7a78a7e414d4/converted/GSE193695_S6_cells.tsv/characteristics_cell_type			True
GSM5818889	geo:GSE193695:GSM5818889	author_cell_type	<column characteristics_cell_type>	column	work/fp-7a78a7e414d4/converted/GSE193695_S6_cells.tsv/characteristics_cell_type			True
GSM5818890	geo:GSE193695:GSM5818890	author_cell_type	<column characteristics_cell_type>	column	work/fp-7a78a7e414d4/converted/GSE193695_S6_cells.tsv/characteristics_cell_type			True
GSM5818891	geo:GSE193695:GSM5818891	author_cell_type	<column characteristics_cell_type>	column	work/fp-7a78a7e414d4/converted/GSE193695_S6_cells.tsv/characteristics_cell_type			True
GSM5818892	geo:GSE193695:GSM5818892	author_cell_type	<column characteristics_cell_type>	column	work/fp-7a78a7e414d4/converted/GSE193695_S6_cells.tsv/characteristics_cell_type			True
GSM5818893	geo:GSE193695:GSM5818893	author_cell_type	<column characteristics_cell_type>	column	work/fp-7a78a7e414d4/converted/GSE193695_S6_cells.tsv/characteristics_cell_type			True
GSM5818894	geo:GSE193695:GSM5818894	author_cell_type	<column characteristics_cell_type>	column	work/fp-7a78a7e414d4/converted/GSE193695_S6_cells.tsv/characteristics_cell_type			True
GSM5818895	geo:GSE193695:GSM5818895	author_cell_type	<column characteristics_cell_type>	column	work/fp-7a78a7e414d4/converted/GSE193695_S6_cells.tsv/characteristics_cell_type			True
GSM5818896	geo:GSE193695:GSM5818896	author_cell_type	<column characteristics_cell_type>	column	work/fp-7a78a7e414d4/converted/GSE193695_S6_cells.tsv/characteristics_cell_type			True
GSM5818897	geo:GSE193695:GSM5818897	author_cell_type	<column characteristics_cell_type>	column	work/fp-7a78a7e414d4/converted/GSE193695_S6_cells.tsv/characteristics_cell_type			True
GSM5818898	geo:GSE193695:GSM5818898	author_cell_type	<column characteristics_cell_type>	column	work/fp-7a78a7e414d4/converted/GSE193695_S6_cells.tsv/characteristics_cell_type			True
GSM5818899	geo:GSE193695:GSM5818899	author_cell_type	<column characteristics_cell_type>	column	work/fp-7a78a7e414d4/converted/GSE193695_S6_cells.tsv/characteristics_cell_type			True
GSM5818900	geo:GSE193695:GSM5818900	author_cell_type	<column characteristics_cell_type>	column	work/fp-7a78a7e414d4/converted/GSE193695_S6_cells.tsv/characteristics_cell_type			True
GSM5818901	geo:GSE193695:GSM5818901	author_cell_type	<column characteristics_cell_type>	column	work/fp-7a78a7e414d4/converted/GSE193695_S6_cells.tsv/characteristics_cell_type			True
GSM5818902	geo:GSE193695:GSM5818902	author_cell_type	<column characteristics_cell_type>	column	work/fp-7a78a7e414d4/converted/GSE193695_S6_cells.tsv/characteristics_cell_type			True
GSM5818903	geo:GSE193695:GSM5818903	author_cell_type	<column characteristics_cell_type>	column	work/fp-7a78a7e414d4/converted/GSE193695_S6_cells.tsv/characteristics_cell_type			True
GSM5818904	geo:GSE193695:GSM5818904	author_cell_type	<column characteristics_cell_type>	column	work/fp-7a78a7e414d4/converted/GSE193695_S6_cells.tsv/characteristics_cell_type			True
GSM5818905	geo:GSE193695:GSM5818905	author_cell_type	<column characteristics_cell_type>	column	work/fp-7a78a7e414d4/converted/GSE193695_S6_cells.tsv/characteristics_cell_type			True
GSM5818906	geo:GSE193695:GSM5818906	author_cell_type	<column characteristics_cell_type>	column	work/fp-7a78a7e414d4/converted/GSE193695_S6_cells.tsv/characteristics_cell_type			True
GSM5818907	geo:GSE193695:GSM5818907	author_cell_type	<column characteristics_cell_type>	column	work/fp-7a78a7e414d4/converted/GSE193695_S6_cells.tsv/characteristics_cell_type			True
GSM5818908	geo:GSE193695:GSM5818908	author_cell_type	<column characteristics_cell_type>	column	work/fp-7a78a7e414d4/converted/GSE193695_S6_cells.tsv/characteristics_cell_type			True
GSM5818909	geo:GSE193695:GSM5818909	author_cell_type	<column characteristics_cell_type>	column	work/fp-7a78a7e414d4/converted/GSE193695_S6_cells.tsv/characteristics_cell_type			True
GSM5818910	geo:GSE193695:GSM5818910	development_stage_ontology_term_id	<column characteristics_time_point>	column	work/fp-7a78a7e414d4/converted/GSE193695_S7_cells.tsv/characteristics_time_point			True
GSM5818911	geo:GSE193695:GSM5818911	development_stage_ontology_term_id	<column characteristics_time_point>	column	work/fp-7a78a7e414d4/converted/GSE193695_S7_cells.tsv/characteristics_time_point			True
GSM5818912	geo:GSE193695:GSM5818912	development_stage_ontology_term_id	<column characteristics_time_point>	column	work/fp-7a78a7e414d4/converted/GSE193695_S7_cells.tsv/characteristics_time_point			True
GSM5818913	geo:GSE193695:GSM5818913	development_stage_ontology_term_id	<column characteristics_time_point>	column	work/fp-7a78a7e414d4/converted/GSE193695_S7_cells.tsv/characteristics_time_point			True
GSM5818914	geo:GSE193695:GSM5818914	development_stage_ontology_term_id	<column characteristics_time_point>	column	work/fp-7a78a7e414d4/converted/GSE193695_S7_cells.tsv/characteristics_time_point			True
GSM5818915	geo:GSE193695:GSM5818915	development_stage_ontology_term_id	<column characteristics_time_point>	column	work/fp-7a78a7e414d4/converted/GSE193695_S7_cells.tsv/characteristics_time_point			True
GSM5818916	geo:GSE193695:GSM5818916	development_stage_ontology_term_id	<column characteristics_time_point>	column	work/fp-7a78a7e414d4/converted/GSE193695_S7_cells.tsv/characteristics_time_point			True
GSM5818917	geo:GSE193695:GSM5818917	development_stage_ontology_term_id	<column characteristics_time_point>	column	work/fp-7a78a7e414d4/converted/GSE193695_S7_cells.tsv/characteristics_time_point			True
GSM5818918	geo:GSE193695:GSM5818918	development_stage_ontology_term_id	<column characteristics_time_point>	column	work/fp-7a78a7e414d4/converted/GSE193695_S7_cells.tsv/characteristics_time_point			True
GSM5818919	geo:GSE193695:GSM5818919	development_stage_ontology_term_id	<column characteristics_time_point>	column	work/fp-7a78a7e414d4/converted/GSE193695_S7_cells.tsv/characteristics_time_point			True
GSM5818920	geo:GSE193695:GSM5818920	development_stage_ontology_term_id	<column characteristics_time_point>	column	work/fp-7a78a7e414d4/converted/GSE193695_S7_cells.tsv/characteristics_time_point			True
GSM5818921	geo:GSE193695:GSM5818921	development_stage_ontology_term_id	<column characteristics_time_point>	column	work/fp-7a78a7e414d4/converted/GSE193695_S7_cells.tsv/characteristics_time_point			True
GSM5818922	geo:GSE193695:GSM5818922	development_stage_ontology_term_id	<column characteristics_time_point>	column	work/fp-7a78a7e414d4/converted/GSE193695_S7_cells.tsv/characteristics_time_point			True
GSM5818923	geo:GSE193695:GSM5818923	development_stage_ontology_term_id	<column characteristics_time_point>	column	work/fp-7a78a7e414d4/converted/GSE193695_S7_cells.tsv/characteristics_time_point			True
GSM5818924	geo:GSE193695:GSM5818924	development_stage_ontology_term_id	<column characteristics_time_point>	column	work/fp-7a78a7e414d4/converted/GSE193695_S7_cells.tsv/characteristics_time_point			True
GSM5818925	geo:GSE193695:GSM5818925	development_stage_ontology_term_id	<column characteristics_time_point>	column	work/fp-7a78a7e414d4/converted/GSE193695_S7_cells.tsv/characteristics_time_point			True
GSM5818926	geo:GSE193695:GSM5818926	development_stage_ontology_term_id	<column characteristics_time_point>	column	work/fp-7a78a7e414d4/converted/GSE193695_S7_cells.tsv/characteristics_time_point			True
GSM5818927	geo:GSE193695:GSM5818927	development_stage_ontology_term_id	<column characteristics_time_point>	column	work/fp-7a78a7e414d4/converted/GSE193695_S7_cells.tsv/characteristics_time_point			True
GSM5818910	geo:GSE193695:GSM5818910	sex_ontology_term_id	PATO:0000384	derived	sex_map		male	True
GSM5818911	geo:GSE193695:GSM5818911	sex_ontology_term_id	PATO:0000384	derived	sex_map		male	True
GSM5818912	geo:GSE193695:GSM5818912	sex_ontology_term_id	PATO:0000384	derived	sex_map		male	True
GSM5818913	geo:GSE193695:GSM5818913	sex_ontology_term_id	PATO:0000384	derived	sex_map		male	True
GSM5818914	geo:GSE193695:GSM5818914	sex_ontology_term_id	PATO:0000384	derived	sex_map		male	True
GSM5818915	geo:GSE193695:GSM5818915	sex_ontology_term_id	PATO:0000384	derived	sex_map		male	True
GSM5818916	geo:GSE193695:GSM5818916	sex_ontology_term_id	PATO:0000384	derived	sex_map		male	True
GSM5818917	geo:GSE193695:GSM5818917	sex_ontology_term_id	PATO:0000384	derived	sex_map		male	True
GSM5818918	geo:GSE193695:GSM5818918	sex_ontology_term_id	PATO:0000384	derived	sex_map		male	True
GSM5818919	geo:GSE193695:GSM5818919	sex_ontology_term_id	PATO:0000384	derived	sex_map		male	True
GSM5818920	geo:GSE193695:GSM5818920	sex_ontology_term_id	PATO:0000384	derived	sex_map		male	True
GSM5818921	geo:GSE193695:GSM5818921	sex_ontology_term_id	PATO:0000384	derived	sex_map		male	True
GSM5818922	geo:GSE193695:GSM5818922	sex_ontology_term_id	PATO:0000384	derived	sex_map		male	True
GSM5818923	geo:GSE193695:GSM5818923	sex_ontology_term_id	PATO:0000384	derived	sex_map		male	True
GSM5818924	geo:GSE193695:GSM5818924	sex_ontology_term_id	PATO:0000384	derived	sex_map		male	True
GSM5818925	geo:GSE193695:GSM5818925	sex_ontology_term_id	PATO:0000384	derived	sex_map		male	True
GSM5818926	geo:GSE193695:GSM5818926	sex_ontology_term_id	PATO:0000384	derived	sex_map		male	True
GSM5818927	geo:GSE193695:GSM5818927	sex_ontology_term_id	PATO:0000384	derived	sex_map		male	True
GSM5818910	geo:GSE193695:GSM5818910	assay_ontology_term_id	EFO:0010010	derived	ols:efo		CEL-seq2	True
GSM5818911	geo:GSE193695:GSM5818911	assay_ontology_term_id	EFO:0010010	derived	ols:efo		CEL-seq2	True
GSM5818912	geo:GSE193695:GSM5818912	assay_ontology_term_id	EFO:0010010	derived	ols:efo		CEL-seq2	True
GSM5818913	geo:GSE193695:GSM5818913	assay_ontology_term_id	EFO:0010010	derived	ols:efo		CEL-seq2	True
GSM5818914	geo:GSE193695:GSM5818914	assay_ontology_term_id	EFO:0010010	derived	ols:efo		CEL-seq2	True
GSM5818915	geo:GSE193695:GSM5818915	assay_ontology_term_id	EFO:0010010	derived	ols:efo		CEL-seq2	True
GSM5818916	geo:GSE193695:GSM5818916	assay_ontology_term_id	EFO:0010010	derived	ols:efo		CEL-seq2	True
GSM5818917	geo:GSE193695:GSM5818917	assay_ontology_term_id	EFO:0010010	derived	ols:efo		CEL-seq2	True
GSM5818918	geo:GSE193695:GSM5818918	assay_ontology_term_id	EFO:0010010	derived	ols:efo		CEL-seq2	True
GSM5818919	geo:GSE193695:GSM5818919	assay_ontology_term_id	EFO:0010010	derived	ols:efo		CEL-seq2	True
GSM5818920	geo:GSE193695:GSM5818920	assay_ontology_term_id	EFO:0010010	derived	ols:efo		CEL-seq2	True
GSM5818921	geo:GSE193695:GSM5818921	assay_ontology_term_id	EFO:0010010	derived	ols:efo		CEL-seq2	True
GSM5818922	geo:GSE193695:GSM5818922	assay_ontology_term_id	EFO:0010010	derived	ols:efo		CEL-seq2	True
GSM5818923	geo:GSE193695:GSM5818923	assay_ontology_term_id	EFO:0010010	derived	ols:efo		CEL-seq2	True
GSM5818924	geo:GSE193695:GSM5818924	assay_ontology_term_id	EFO:0010010	derived	ols:efo		CEL-seq2	True
GSM5818925	geo:GSE193695:GSM5818925	assay_ontology_term_id	EFO:0010010	derived	ols:efo		CEL-seq2	True
GSM5818926	geo:GSE193695:GSM5818926	assay_ontology_term_id	EFO:0010010	derived	ols:efo		CEL-seq2	True
GSM5818927	geo:GSE193695:GSM5818927	assay_ontology_term_id	EFO:0010010	derived	ols:efo		CEL-seq2	True
GSM5818910	geo:GSE193695:GSM5818910	tissue_ontology_term_id	UBERON:0002371	derived	ols:uberon		Bone marrow	True
GSM5818911	geo:GSE193695:GSM5818911	tissue_ontology_term_id	UBERON:0002371	derived	ols:uberon		Bone marrow	True
GSM5818912	geo:GSE193695:GSM5818912	tissue_ontology_term_id	UBERON:0002371	derived	ols:uberon		Bone marrow	True
GSM5818913	geo:GSE193695:GSM5818913	tissue_ontology_term_id	UBERON:0002371	derived	ols:uberon		Bone marrow	True
GSM5818914	geo:GSE193695:GSM5818914	tissue_ontology_term_id	UBERON:0002371	derived	ols:uberon		Bone marrow	True
GSM5818915	geo:GSE193695:GSM5818915	tissue_ontology_term_id	UBERON:0002371	derived	ols:uberon		Bone marrow	True
GSM5818916	geo:GSE193695:GSM5818916	tissue_ontology_term_id	UBERON:0002371	derived	ols:uberon		Bone marrow	True
GSM5818917	geo:GSE193695:GSM5818917	tissue_ontology_term_id	UBERON:0002371	derived	ols:uberon		Bone marrow	True
GSM5818918	geo:GSE193695:GSM5818918	tissue_ontology_term_id	UBERON:0002371	derived	ols:uberon		Bone marrow	True
GSM5818919	geo:GSE193695:GSM5818919	tissue_ontology_term_id	UBERON:0002371	derived	ols:uberon		Bone marrow	True
GSM5818920	geo:GSE193695:GSM5818920	tissue_ontology_term_id	UBERON:0002371	derived	ols:uberon		Bone marrow	True
GSM5818921	geo:GSE193695:GSM5818921	tissue_ontology_term_id	UBERON:0002371	derived	ols:uberon		Bone marrow	True
GSM5818922	geo:GSE193695:GSM5818922	tissue_ontology_term_id	UBERON:0002371	derived	ols:uberon		Bone marrow	True
GSM5818923	geo:GSE193695:GSM5818923	tissue_ontology_term_id	UBERON:0002371	derived	ols:uberon		Bone marrow	True
GSM5818924	geo:GSE193695:GSM5818924	tissue_ontology_term_id	UBERON:0002371	derived	ols:uberon		Bone marrow	True
GSM5818925	geo:GSE193695:GSM5818925	tissue_ontology_term_id	UBERON:0002371	derived	ols:uberon		Bone marrow	True
GSM5818926	geo:GSE193695:GSM5818926	tissue_ontology_term_id	UBERON:0002371	derived	ols:uberon		Bone marrow	True
GSM5818927	geo:GSE193695:GSM5818927	tissue_ontology_term_id	UBERON:0002371	derived	ols:uberon		Bone marrow	True
GSM5818910	geo:GSE193695:GSM5818910	disease_ontology_term_id	MONDO:0009693	derived	ols:mondo		multiple myeloma	True
GSM5818911	geo:GSE193695:GSM5818911	disease_ontology_term_id	MONDO:0009693	derived	ols:mondo		multiple myeloma	True
GSM5818912	geo:GSE193695:GSM5818912	disease_ontology_term_id	MONDO:0009693	derived	ols:mondo		multiple myeloma	True
GSM5818913	geo:GSE193695:GSM5818913	disease_ontology_term_id	MONDO:0009693	derived	ols:mondo		multiple myeloma	True
GSM5818914	geo:GSE193695:GSM5818914	disease_ontology_term_id	MONDO:0009693	derived	ols:mondo		multiple myeloma	True
GSM5818915	geo:GSE193695:GSM5818915	disease_ontology_term_id	MONDO:0009693	derived	ols:mondo		multiple myeloma	True
GSM5818916	geo:GSE193695:GSM5818916	disease_ontology_term_id	MONDO:0009693	derived	ols:mondo		multiple myeloma	True
GSM5818917	geo:GSE193695:GSM5818917	disease_ontology_term_id	MONDO:0009693	derived	ols:mondo		multiple myeloma	True
GSM5818918	geo:GSE193695:GSM5818918	disease_ontology_term_id	MONDO:0009693	derived	ols:mondo		multiple myeloma	True
GSM5818919	geo:GSE193695:GSM5818919	disease_ontology_term_id	MONDO:0009693	derived	ols:mondo		multiple myeloma	True
GSM5818920	geo:GSE193695:GSM5818920	disease_ontology_term_id	MONDO:0009693	derived	ols:mondo		multiple myeloma	True
GSM5818921	geo:GSE193695:GSM5818921	disease_ontology_term_id	MONDO:0009693	derived	ols:mondo		multiple myeloma	True
GSM5818922	geo:GSE193695:GSM5818922	disease_ontology_term_id	MONDO:0009693	derived	ols:mondo		multiple myeloma	True
GSM5818923	geo:GSE193695:GSM5818923	disease_ontology_term_id	MONDO:0009693	derived	ols:mondo		multiple myeloma	True
GSM5818924	geo:GSE193695:GSM5818924	disease_ontology_term_id	MONDO:0009693	derived	ols:mondo		multiple myeloma	True
GSM5818925	geo:GSE193695:GSM5818925	disease_ontology_term_id	MONDO:0009693	derived	ols:mondo		multiple myeloma	True
GSM5818926	geo:GSE193695:GSM5818926	disease_ontology_term_id	MONDO:0009693	derived	ols:mondo		multiple myeloma	True
GSM5818927	geo:GSE193695:GSM5818927	disease_ontology_term_id	MONDO:0009693	derived	ols:mondo		multiple myeloma	True
GSM5818910	geo:GSE193695:GSM5818910	author_cell_type	<column characteristics_cell_type>	column	work/fp-7a78a7e414d4/converted/GSE193695_S7_cells.tsv/characteristics_cell_type			True
GSM5818911	geo:GSE193695:GSM5818911	author_cell_type	<column characteristics_cell_type>	column	work/fp-7a78a7e414d4/converted/GSE193695_S7_cells.tsv/characteristics_cell_type			True
GSM5818912	geo:GSE193695:GSM5818912	author_cell_type	<column characteristics_cell_type>	column	work/fp-7a78a7e414d4/converted/GSE193695_S7_cells.tsv/characteristics_cell_type			True
GSM5818913	geo:GSE193695:GSM5818913	author_cell_type	<column characteristics_cell_type>	column	work/fp-7a78a7e414d4/converted/GSE193695_S7_cells.tsv/characteristics_cell_type			True
GSM5818914	geo:GSE193695:GSM5818914	author_cell_type	<column characteristics_cell_type>	column	work/fp-7a78a7e414d4/converted/GSE193695_S7_cells.tsv/characteristics_cell_type			True
GSM5818915	geo:GSE193695:GSM5818915	author_cell_type	<column characteristics_cell_type>	column	work/fp-7a78a7e414d4/converted/GSE193695_S7_cells.tsv/characteristics_cell_type			True
GSM5818916	geo:GSE193695:GSM5818916	author_cell_type	<column characteristics_cell_type>	column	work/fp-7a78a7e414d4/converted/GSE193695_S7_cells.tsv/characteristics_cell_type			True
GSM5818917	geo:GSE193695:GSM5818917	author_cell_type	<column characteristics_cell_type>	column	work/fp-7a78a7e414d4/converted/GSE193695_S7_cells.tsv/characteristics_cell_type			True
GSM5818918	geo:GSE193695:GSM5818918	author_cell_type	<column characteristics_cell_type>	column	work/fp-7a78a7e414d4/converted/GSE193695_S7_cells.tsv/characteristics_cell_type			True
GSM5818919	geo:GSE193695:GSM5818919	author_cell_type	<column characteristics_cell_type>	column	work/fp-7a78a7e414d4/converted/GSE193695_S7_cells.tsv/characteristics_cell_type			True
GSM5818920	geo:GSE193695:GSM5818920	author_cell_type	<column characteristics_cell_type>	column	work/fp-7a78a7e414d4/converted/GSE193695_S7_cells.tsv/characteristics_cell_type			True
GSM5818921	geo:GSE193695:GSM5818921	author_cell_type	<column characteristics_cell_type>	column	work/fp-7a78a7e414d4/converted/GSE193695_S7_cells.tsv/characteristics_cell_type			True
GSM5818922	geo:GSE193695:GSM5818922	author_cell_type	<column characteristics_cell_type>	column	work/fp-7a78a7e414d4/converted/GSE193695_S7_cells.tsv/characteristics_cell_type			True
GSM5818923	geo:GSE193695:GSM5818923	author_cell_type	<column characteristics_cell_type>	column	work/fp-7a78a7e414d4/converted/GSE193695_S7_cells.tsv/characteristics_cell_type			True
GSM5818924	geo:GSE193695:GSM5818924	author_cell_type	<column characteristics_cell_type>	column	work/fp-7a78a7e414d4/converted/GSE193695_S7_cells.tsv/characteristics_cell_type			True
GSM5818925	geo:GSE193695:GSM5818925	author_cell_type	<column characteristics_cell_type>	column	work/fp-7a78a7e414d4/converted/GSE193695_S7_cells.tsv/characteristics_cell_type			True
GSM5818926	geo:GSE193695:GSM5818926	author_cell_type	<column characteristics_cell_type>	column	work/fp-7a78a7e414d4/converted/GSE193695_S7_cells.tsv/characteristics_cell_type			True
GSM5818927	geo:GSE193695:GSM5818927	author_cell_type	<column characteristics_cell_type>	column	work/fp-7a78a7e414d4/converted/GSE193695_S7_cells.tsv/characteristics_cell_type			True
		organism	Homo sapiens	file	raw/fp-7a78a7e414d4/GSE193695_family.soft.gz		!Sample_organism_ch1 = Homo sapiens	True
		organism	Homo sapiens	file	raw/fp-7a78a7e414d4/GSE193695_family.soft.gz		!Series_sample_taxid = 9606	True
GSM5818780	geo:GSE193695:GSM5818780	donor_id	patient	file	raw/fp-7a78a7e414d4/GSE193695_family.soft.gz		bone marrow cells from a single patient with relapsed and refractory MM	True
GSM5818781	geo:GSE193695:GSM5818781	donor_id	patient	file	raw/fp-7a78a7e414d4/GSE193695_family.soft.gz		bone marrow cells from a single patient with relapsed and refractory MM	True
GSM5818782	geo:GSE193695:GSM5818782	donor_id	patient	file	raw/fp-7a78a7e414d4/GSE193695_family.soft.gz		bone marrow cells from a single patient with relapsed and refractory MM	True
GSM5818783	geo:GSE193695:GSM5818783	donor_id	patient	file	raw/fp-7a78a7e414d4/GSE193695_family.soft.gz		bone marrow cells from a single patient with relapsed and refractory MM	True
GSM5818784	geo:GSE193695:GSM5818784	donor_id	patient	file	raw/fp-7a78a7e414d4/GSE193695_family.soft.gz		bone marrow cells from a single patient with relapsed and refractory MM	True
GSM5818785	geo:GSE193695:GSM5818785	donor_id	patient	file	raw/fp-7a78a7e414d4/GSE193695_family.soft.gz		bone marrow cells from a single patient with relapsed and refractory MM	True
GSM5818786	geo:GSE193695:GSM5818786	donor_id	patient	file	raw/fp-7a78a7e414d4/GSE193695_family.soft.gz		bone marrow cells from a single patient with relapsed and refractory MM	True
GSM5818787	geo:GSE193695:GSM5818787	donor_id	patient	file	raw/fp-7a78a7e414d4/GSE193695_family.soft.gz		bone marrow cells from a single patient with relapsed and refractory MM	True
GSM5818788	geo:GSE193695:GSM5818788	donor_id	patient	file	raw/fp-7a78a7e414d4/GSE193695_family.soft.gz		bone marrow cells from a single patient with relapsed and refractory MM	True
GSM5818789	geo:GSE193695:GSM5818789	donor_id	patient	file	raw/fp-7a78a7e414d4/GSE193695_family.soft.gz		bone marrow cells from a single patient with relapsed and refractory MM	True
GSM5818790	geo:GSE193695:GSM5818790	donor_id	patient	file	raw/fp-7a78a7e414d4/GSE193695_family.soft.gz		bone marrow cells from a single patient with relapsed and refractory MM	True
GSM5818791	geo:GSE193695:GSM5818791	donor_id	patient	file	raw/fp-7a78a7e414d4/GSE193695_family.soft.gz		bone marrow cells from a single patient with relapsed and refractory MM	True
GSM5818792	geo:GSE193695:GSM5818792	donor_id	patient	file	raw/fp-7a78a7e414d4/GSE193695_family.soft.gz		bone marrow cells from a single patient with relapsed and refractory MM	True
GSM5818793	geo:GSE193695:GSM5818793	donor_id	patient	file	raw/fp-7a78a7e414d4/GSE193695_family.soft.gz		bone marrow cells from a single patient with relapsed and refractory MM	True
GSM5818794	geo:GSE193695:GSM5818794	donor_id	patient	file	raw/fp-7a78a7e414d4/GSE193695_family.soft.gz		bone marrow cells from a single patient with relapsed and refractory MM	True
GSM5818795	geo:GSE193695:GSM5818795	donor_id	patient	file	raw/fp-7a78a7e414d4/GSE193695_family.soft.gz		bone marrow cells from a single patient with relapsed and refractory MM	True
GSM5818796	geo:GSE193695:GSM5818796	donor_id	patient	file	raw/fp-7a78a7e414d4/GSE193695_family.soft.gz		bone marrow cells from a single patient with relapsed and refractory MM	True
GSM5818797	geo:GSE193695:GSM5818797	donor_id	patient	file	raw/fp-7a78a7e414d4/GSE193695_family.soft.gz		bone marrow cells from a single patient with relapsed and refractory MM	True
GSM5818798	geo:GSE193695:GSM5818798	donor_id	patient	file	raw/fp-7a78a7e414d4/GSE193695_family.soft.gz		bone marrow cells from a single patient with relapsed and refractory MM	True
GSM5818799	geo:GSE193695:GSM5818799	donor_id	patient	file	raw/fp-7a78a7e414d4/GSE193695_family.soft.gz		bone marrow cells from a single patient with relapsed and refractory MM	True
GSM5818800	geo:GSE193695:GSM5818800	donor_id	patient	file	raw/fp-7a78a7e414d4/GSE193695_family.soft.gz		bone marrow cells from a single patient with relapsed and refractory MM	True
GSM5818801	geo:GSE193695:GSM5818801	donor_id	patient	file	raw/fp-7a78a7e414d4/GSE193695_family.soft.gz		bone marrow cells from a single patient with relapsed and refractory MM	True
GSM5818802	geo:GSE193695:GSM5818802	donor_id	patient	file	raw/fp-7a78a7e414d4/GSE193695_family.soft.gz		bone marrow cells from a single patient with relapsed and refractory MM	True
GSM5818803	geo:GSE193695:GSM5818803	donor_id	patient	file	raw/fp-7a78a7e414d4/GSE193695_family.soft.gz		bone marrow cells from a single patient with relapsed and refractory MM	True
GSM5818780	geo:GSE193695:GSM5818780	donor_id	patient	file	evidence/PMC9386061.txt		we recruited a patient with relapsed and refractory MM	True
GSM5818781	geo:GSE193695:GSM5818781	donor_id	patient	file	evidence/PMC9386061.txt		we recruited a patient with relapsed and refractory MM	True
GSM5818782	geo:GSE193695:GSM5818782	donor_id	patient	file	evidence/PMC9386061.txt		we recruited a patient with relapsed and refractory MM	True
GSM5818783	geo:GSE193695:GSM5818783	donor_id	patient	file	evidence/PMC9386061.txt		we recruited a patient with relapsed and refractory MM	True
GSM5818784	geo:GSE193695:GSM5818784	donor_id	patient	file	evidence/PMC9386061.txt		we recruited a patient with relapsed and refractory MM	True
GSM5818785	geo:GSE193695:GSM5818785	donor_id	patient	file	evidence/PMC9386061.txt		we recruited a patient with relapsed and refractory MM	True
GSM5818786	geo:GSE193695:GSM5818786	donor_id	patient	file	evidence/PMC9386061.txt		we recruited a patient with relapsed and refractory MM	True
GSM5818787	geo:GSE193695:GSM5818787	donor_id	patient	file	evidence/PMC9386061.txt		we recruited a patient with relapsed and refractory MM	True
GSM5818788	geo:GSE193695:GSM5818788	donor_id	patient	file	evidence/PMC9386061.txt		we recruited a patient with relapsed and refractory MM	True
GSM5818789	geo:GSE193695:GSM5818789	donor_id	patient	file	evidence/PMC9386061.txt		we recruited a patient with relapsed and refractory MM	True
GSM5818790	geo:GSE193695:GSM5818790	donor_id	patient	file	evidence/PMC9386061.txt		we recruited a patient with relapsed and refractory MM	True
GSM5818791	geo:GSE193695:GSM5818791	donor_id	patient	file	evidence/PMC9386061.txt		we recruited a patient with relapsed and refractory MM	True
GSM5818792	geo:GSE193695:GSM5818792	donor_id	patient	file	evidence/PMC9386061.txt		we recruited a patient with relapsed and refractory MM	True
GSM5818793	geo:GSE193695:GSM5818793	donor_id	patient	file	evidence/PMC9386061.txt		we recruited a patient with relapsed and refractory MM	True
GSM5818794	geo:GSE193695:GSM5818794	donor_id	patient	file	evidence/PMC9386061.txt		we recruited a patient with relapsed and refractory MM	True
GSM5818795	geo:GSE193695:GSM5818795	donor_id	patient	file	evidence/PMC9386061.txt		we recruited a patient with relapsed and refractory MM	True
GSM5818796	geo:GSE193695:GSM5818796	donor_id	patient	file	evidence/PMC9386061.txt		we recruited a patient with relapsed and refractory MM	True
GSM5818797	geo:GSE193695:GSM5818797	donor_id	patient	file	evidence/PMC9386061.txt		we recruited a patient with relapsed and refractory MM	True
GSM5818798	geo:GSE193695:GSM5818798	donor_id	patient	file	evidence/PMC9386061.txt		we recruited a patient with relapsed and refractory MM	True
GSM5818799	geo:GSE193695:GSM5818799	donor_id	patient	file	evidence/PMC9386061.txt		we recruited a patient with relapsed and refractory MM	True
GSM5818800	geo:GSE193695:GSM5818800	donor_id	patient	file	evidence/PMC9386061.txt		we recruited a patient with relapsed and refractory MM	True
GSM5818801	geo:GSE193695:GSM5818801	donor_id	patient	file	evidence/PMC9386061.txt		we recruited a patient with relapsed and refractory MM	True
GSM5818802	geo:GSE193695:GSM5818802	donor_id	patient	file	evidence/PMC9386061.txt		we recruited a patient with relapsed and refractory MM	True
GSM5818803	geo:GSE193695:GSM5818803	donor_id	patient	file	evidence/PMC9386061.txt		we recruited a patient with relapsed and refractory MM	True
GSM5818780	geo:GSE193695:GSM5818780	donor_id	patient	file	evidence/PMC9386061.txt		The patient was a 67-year-old man with MM at diagnosis.	True
GSM5818781	geo:GSE193695:GSM5818781	donor_id	patient	file	evidence/PMC9386061.txt		The patient was a 67-year-old man with MM at diagnosis.	True
GSM5818782	geo:GSE193695:GSM5818782	donor_id	patient	file	evidence/PMC9386061.txt		The patient was a 67-year-old man with MM at diagnosis.	True
GSM5818783	geo:GSE193695:GSM5818783	donor_id	patient	file	evidence/PMC9386061.txt		The patient was a 67-year-old man with MM at diagnosis.	True
GSM5818784	geo:GSE193695:GSM5818784	donor_id	patient	file	evidence/PMC9386061.txt		The patient was a 67-year-old man with MM at diagnosis.	True
GSM5818785	geo:GSE193695:GSM5818785	donor_id	patient	file	evidence/PMC9386061.txt		The patient was a 67-year-old man with MM at diagnosis.	True
GSM5818786	geo:GSE193695:GSM5818786	donor_id	patient	file	evidence/PMC9386061.txt		The patient was a 67-year-old man with MM at diagnosis.	True
GSM5818787	geo:GSE193695:GSM5818787	donor_id	patient	file	evidence/PMC9386061.txt		The patient was a 67-year-old man with MM at diagnosis.	True
GSM5818788	geo:GSE193695:GSM5818788	donor_id	patient	file	evidence/PMC9386061.txt		The patient was a 67-year-old man with MM at diagnosis.	True
GSM5818789	geo:GSE193695:GSM5818789	donor_id	patient	file	evidence/PMC9386061.txt		The patient was a 67-year-old man with MM at diagnosis.	True
GSM5818790	geo:GSE193695:GSM5818790	donor_id	patient	file	evidence/PMC9386061.txt		The patient was a 67-year-old man with MM at diagnosis.	True
GSM5818791	geo:GSE193695:GSM5818791	donor_id	patient	file	evidence/PMC9386061.txt		The patient was a 67-year-old man with MM at diagnosis.	True
GSM5818792	geo:GSE193695:GSM5818792	donor_id	patient	file	evidence/PMC9386061.txt		The patient was a 67-year-old man with MM at diagnosis.	True
GSM5818793	geo:GSE193695:GSM5818793	donor_id	patient	file	evidence/PMC9386061.txt		The patient was a 67-year-old man with MM at diagnosis.	True
GSM5818794	geo:GSE193695:GSM5818794	donor_id	patient	file	evidence/PMC9386061.txt		The patient was a 67-year-old man with MM at diagnosis.	True
GSM5818795	geo:GSE193695:GSM5818795	donor_id	patient	file	evidence/PMC9386061.txt		The patient was a 67-year-old man with MM at diagnosis.	True
GSM5818796	geo:GSE193695:GSM5818796	donor_id	patient	file	evidence/PMC9386061.txt		The patient was a 67-year-old man with MM at diagnosis.	True
GSM5818797	geo:GSE193695:GSM5818797	donor_id	patient	file	evidence/PMC9386061.txt		The patient was a 67-year-old man with MM at diagnosis.	True
GSM5818798	geo:GSE193695:GSM5818798	donor_id	patient	file	evidence/PMC9386061.txt		The patient was a 67-year-old man with MM at diagnosis.	True
GSM5818799	geo:GSE193695:GSM5818799	donor_id	patient	file	evidence/PMC9386061.txt		The patient was a 67-year-old man with MM at diagnosis.	True
GSM5818800	geo:GSE193695:GSM5818800	donor_id	patient	file	evidence/PMC9386061.txt		The patient was a 67-year-old man with MM at diagnosis.	True
GSM5818801	geo:GSE193695:GSM5818801	donor_id	patient	file	evidence/PMC9386061.txt		The patient was a 67-year-old man with MM at diagnosis.	True
GSM5818802	geo:GSE193695:GSM5818802	donor_id	patient	file	evidence/PMC9386061.txt		The patient was a 67-year-old man with MM at diagnosis.	True
GSM5818803	geo:GSE193695:GSM5818803	donor_id	patient	file	evidence/PMC9386061.txt		The patient was a 67-year-old man with MM at diagnosis.	True
GSM5818780	geo:GSE193695:GSM5818780	sex	male	file	evidence/PMC9386061.txt		The patient was a 67-year-old man with MM at diagnosis.	True
GSM5818781	geo:GSE193695:GSM5818781	sex	male	file	evidence/PMC9386061.txt		The patient was a 67-year-old man with MM at diagnosis.	True
GSM5818782	geo:GSE193695:GSM5818782	sex	male	file	evidence/PMC9386061.txt		The patient was a 67-year-old man with MM at diagnosis.	True
GSM5818783	geo:GSE193695:GSM5818783	sex	male	file	evidence/PMC9386061.txt		The patient was a 67-year-old man with MM at diagnosis.	True
GSM5818784	geo:GSE193695:GSM5818784	sex	male	file	evidence/PMC9386061.txt		The patient was a 67-year-old man with MM at diagnosis.	True
GSM5818785	geo:GSE193695:GSM5818785	sex	male	file	evidence/PMC9386061.txt		The patient was a 67-year-old man with MM at diagnosis.	True
GSM5818786	geo:GSE193695:GSM5818786	sex	male	file	evidence/PMC9386061.txt		The patient was a 67-year-old man with MM at diagnosis.	True
GSM5818787	geo:GSE193695:GSM5818787	sex	male	file	evidence/PMC9386061.txt		The patient was a 67-year-old man with MM at diagnosis.	True
GSM5818788	geo:GSE193695:GSM5818788	sex	male	file	evidence/PMC9386061.txt		The patient was a 67-year-old man with MM at diagnosis.	True
GSM5818789	geo:GSE193695:GSM5818789	sex	male	file	evidence/PMC9386061.txt		The patient was a 67-year-old man with MM at diagnosis.	True
GSM5818790	geo:GSE193695:GSM5818790	sex	male	file	evidence/PMC9386061.txt		The patient was a 67-year-old man with MM at diagnosis.	True
GSM5818791	geo:GSE193695:GSM5818791	sex	male	file	evidence/PMC9386061.txt		The patient was a 67-year-old man with MM at diagnosis.	True
GSM5818792	geo:GSE193695:GSM5818792	sex	male	file	evidence/PMC9386061.txt		The patient was a 67-year-old man with MM at diagnosis.	True
GSM5818793	geo:GSE193695:GSM5818793	sex	male	file	evidence/PMC9386061.txt		The patient was a 67-year-old man with MM at diagnosis.	True
GSM5818794	geo:GSE193695:GSM5818794	sex	male	file	evidence/PMC9386061.txt		The patient was a 67-year-old man with MM at diagnosis.	True
GSM5818795	geo:GSE193695:GSM5818795	sex	male	file	evidence/PMC9386061.txt		The patient was a 67-year-old man with MM at diagnosis.	True
GSM5818796	geo:GSE193695:GSM5818796	sex	male	file	evidence/PMC9386061.txt		The patient was a 67-year-old man with MM at diagnosis.	True
GSM5818797	geo:GSE193695:GSM5818797	sex	male	file	evidence/PMC9386061.txt		The patient was a 67-year-old man with MM at diagnosis.	True
GSM5818798	geo:GSE193695:GSM5818798	sex	male	file	evidence/PMC9386061.txt		The patient was a 67-year-old man with MM at diagnosis.	True
GSM5818799	geo:GSE193695:GSM5818799	sex	male	file	evidence/PMC9386061.txt		The patient was a 67-year-old man with MM at diagnosis.	True
GSM5818800	geo:GSE193695:GSM5818800	sex	male	file	evidence/PMC9386061.txt		The patient was a 67-year-old man with MM at diagnosis.	True
GSM5818801	geo:GSE193695:GSM5818801	sex	male	file	evidence/PMC9386061.txt		The patient was a 67-year-old man with MM at diagnosis.	True
GSM5818802	geo:GSE193695:GSM5818802	sex	male	file	evidence/PMC9386061.txt		The patient was a 67-year-old man with MM at diagnosis.	True
GSM5818803	geo:GSE193695:GSM5818803	sex	male	file	evidence/PMC9386061.txt		The patient was a 67-year-old man with MM at diagnosis.	True
GSM5818780	geo:GSE193695:GSM5818780	sex	male	file	evidence/PMC9386061.txt		A 67-year-old man, who had undergone a routine medical examination	True
GSM5818781	geo:GSE193695:GSM5818781	sex	male	file	evidence/PMC9386061.txt		A 67-year-old man, who had undergone a routine medical examination	True
GSM5818782	geo:GSE193695:GSM5818782	sex	male	file	evidence/PMC9386061.txt		A 67-year-old man, who had undergone a routine medical examination	True
GSM5818783	geo:GSE193695:GSM5818783	sex	male	file	evidence/PMC9386061.txt		A 67-year-old man, who had undergone a routine medical examination	True
GSM5818784	geo:GSE193695:GSM5818784	sex	male	file	evidence/PMC9386061.txt		A 67-year-old man, who had undergone a routine medical examination	True
GSM5818785	geo:GSE193695:GSM5818785	sex	male	file	evidence/PMC9386061.txt		A 67-year-old man, who had undergone a routine medical examination	True
GSM5818786	geo:GSE193695:GSM5818786	sex	male	file	evidence/PMC9386061.txt		A 67-year-old man, who had undergone a routine medical examination	True
GSM5818787	geo:GSE193695:GSM5818787	sex	male	file	evidence/PMC9386061.txt		A 67-year-old man, who had undergone a routine medical examination	True
GSM5818788	geo:GSE193695:GSM5818788	sex	male	file	evidence/PMC9386061.txt		A 67-year-old man, who had undergone a routine medical examination	True
GSM5818789	geo:GSE193695:GSM5818789	sex	male	file	evidence/PMC9386061.txt		A 67-year-old man, who had undergone a routine medical examination	True
GSM5818790	geo:GSE193695:GSM5818790	sex	male	file	evidence/PMC9386061.txt		A 67-year-old man, who had undergone a routine medical examination	True
GSM5818791	geo:GSE193695:GSM5818791	sex	male	file	evidence/PMC9386061.txt		A 67-year-old man, who had undergone a routine medical examination	True
GSM5818792	geo:GSE193695:GSM5818792	sex	male	file	evidence/PMC9386061.txt		A 67-year-old man, who had undergone a routine medical examination	True
GSM5818793	geo:GSE193695:GSM5818793	sex	male	file	evidence/PMC9386061.txt		A 67-year-old man, who had undergone a routine medical examination	True
GSM5818794	geo:GSE193695:GSM5818794	sex	male	file	evidence/PMC9386061.txt		A 67-year-old man, who had undergone a routine medical examination	True
GSM5818795	geo:GSE193695:GSM5818795	sex	male	file	evidence/PMC9386061.txt		A 67-year-old man, who had undergone a routine medical examination	True
GSM5818796	geo:GSE193695:GSM5818796	sex	male	file	evidence/PMC9386061.txt		A 67-year-old man, who had undergone a routine medical examination	True
GSM5818797	geo:GSE193695:GSM5818797	sex	male	file	evidence/PMC9386061.txt		A 67-year-old man, who had undergone a routine medical examination	True
GSM5818798	geo:GSE193695:GSM5818798	sex	male	file	evidence/PMC9386061.txt		A 67-year-old man, who had undergone a routine medical examination	True
GSM5818799	geo:GSE193695:GSM5818799	sex	male	file	evidence/PMC9386061.txt		A 67-year-old man, who had undergone a routine medical examination	True
GSM5818800	geo:GSE193695:GSM5818800	sex	male	file	evidence/PMC9386061.txt		A 67-year-old man, who had undergone a routine medical examination	True
GSM5818801	geo:GSE193695:GSM5818801	sex	male	file	evidence/PMC9386061.txt		A 67-year-old man, who had undergone a routine medical examination	True
GSM5818802	geo:GSE193695:GSM5818802	sex	male	file	evidence/PMC9386061.txt		A 67-year-old man, who had undergone a routine medical examination	True
GSM5818803	geo:GSE193695:GSM5818803	sex	male	file	evidence/PMC9386061.txt		A 67-year-old man, who had undergone a routine medical examination	True
GSM5818780	geo:GSE193695:GSM5818780	development_stage	<map of column characteristics_time_point>	file	evidence/PMC9386061.txt		The patient was a 67-year-old man with MM at diagnosis.	True
GSM5818781	geo:GSE193695:GSM5818781	development_stage	<map of column characteristics_time_point>	file	evidence/PMC9386061.txt		The patient was a 67-year-old man with MM at diagnosis.	True
GSM5818782	geo:GSE193695:GSM5818782	development_stage	<map of column characteristics_time_point>	file	evidence/PMC9386061.txt		The patient was a 67-year-old man with MM at diagnosis.	True
GSM5818783	geo:GSE193695:GSM5818783	development_stage	<map of column characteristics_time_point>	file	evidence/PMC9386061.txt		The patient was a 67-year-old man with MM at diagnosis.	True
GSM5818784	geo:GSE193695:GSM5818784	development_stage	<map of column characteristics_time_point>	file	evidence/PMC9386061.txt		The patient was a 67-year-old man with MM at diagnosis.	True
GSM5818785	geo:GSE193695:GSM5818785	development_stage	<map of column characteristics_time_point>	file	evidence/PMC9386061.txt		The patient was a 67-year-old man with MM at diagnosis.	True
GSM5818786	geo:GSE193695:GSM5818786	development_stage	<map of column characteristics_time_point>	file	evidence/PMC9386061.txt		The patient was a 67-year-old man with MM at diagnosis.	True
GSM5818787	geo:GSE193695:GSM5818787	development_stage	<map of column characteristics_time_point>	file	evidence/PMC9386061.txt		The patient was a 67-year-old man with MM at diagnosis.	True
GSM5818788	geo:GSE193695:GSM5818788	development_stage	<map of column characteristics_time_point>	file	evidence/PMC9386061.txt		The patient was a 67-year-old man with MM at diagnosis.	True
GSM5818789	geo:GSE193695:GSM5818789	development_stage	<map of column characteristics_time_point>	file	evidence/PMC9386061.txt		The patient was a 67-year-old man with MM at diagnosis.	True
GSM5818790	geo:GSE193695:GSM5818790	development_stage	<map of column characteristics_time_point>	file	evidence/PMC9386061.txt		The patient was a 67-year-old man with MM at diagnosis.	True
GSM5818791	geo:GSE193695:GSM5818791	development_stage	<map of column characteristics_time_point>	file	evidence/PMC9386061.txt		The patient was a 67-year-old man with MM at diagnosis.	True
GSM5818792	geo:GSE193695:GSM5818792	development_stage	<map of column characteristics_time_point>	file	evidence/PMC9386061.txt		The patient was a 67-year-old man with MM at diagnosis.	True
GSM5818793	geo:GSE193695:GSM5818793	development_stage	<map of column characteristics_time_point>	file	evidence/PMC9386061.txt		The patient was a 67-year-old man with MM at diagnosis.	True
GSM5818794	geo:GSE193695:GSM5818794	development_stage	<map of column characteristics_time_point>	file	evidence/PMC9386061.txt		The patient was a 67-year-old man with MM at diagnosis.	True
GSM5818795	geo:GSE193695:GSM5818795	development_stage	<map of column characteristics_time_point>	file	evidence/PMC9386061.txt		The patient was a 67-year-old man with MM at diagnosis.	True
GSM5818796	geo:GSE193695:GSM5818796	development_stage	<map of column characteristics_time_point>	file	evidence/PMC9386061.txt		The patient was a 67-year-old man with MM at diagnosis.	True
GSM5818797	geo:GSE193695:GSM5818797	development_stage	<map of column characteristics_time_point>	file	evidence/PMC9386061.txt		The patient was a 67-year-old man with MM at diagnosis.	True
GSM5818798	geo:GSE193695:GSM5818798	development_stage	<map of column characteristics_time_point>	file	evidence/PMC9386061.txt		The patient was a 67-year-old man with MM at diagnosis.	True
GSM5818799	geo:GSE193695:GSM5818799	development_stage	<map of column characteristics_time_point>	file	evidence/PMC9386061.txt		The patient was a 67-year-old man with MM at diagnosis.	True
GSM5818800	geo:GSE193695:GSM5818800	development_stage	<map of column characteristics_time_point>	file	evidence/PMC9386061.txt		The patient was a 67-year-old man with MM at diagnosis.	True
GSM5818801	geo:GSE193695:GSM5818801	development_stage	<map of column characteristics_time_point>	file	evidence/PMC9386061.txt		The patient was a 67-year-old man with MM at diagnosis.	True
GSM5818802	geo:GSE193695:GSM5818802	development_stage	<map of column characteristics_time_point>	file	evidence/PMC9386061.txt		The patient was a 67-year-old man with MM at diagnosis.	True
GSM5818803	geo:GSE193695:GSM5818803	development_stage	<map of column characteristics_time_point>	file	evidence/PMC9386061.txt		The patient was a 67-year-old man with MM at diagnosis.	True
GSM5818780	geo:GSE193695:GSM5818780	development_stage	<map of column characteristics_time_point>	file	evidence/PMC9386061.txt		Before treatment, the first BM sample (termed P1) was collected.	True
GSM5818781	geo:GSE193695:GSM5818781	development_stage	<map of column characteristics_time_point>	file	evidence/PMC9386061.txt		Before treatment, the first BM sample (termed P1) was collected.	True
GSM5818782	geo:GSE193695:GSM5818782	development_stage	<map of column characteristics_time_point>	file	evidence/PMC9386061.txt		Before treatment, the first BM sample (termed P1) was collected.	True
GSM5818783	geo:GSE193695:GSM5818783	development_stage	<map of column characteristics_time_point>	file	evidence/PMC9386061.txt		Before treatment, the first BM sample (termed P1) was collected.	True
GSM5818784	geo:GSE193695:GSM5818784	development_stage	<map of column characteristics_time_point>	file	evidence/PMC9386061.txt		Before treatment, the first BM sample (termed P1) was collected.	True
GSM5818785	geo:GSE193695:GSM5818785	development_stage	<map of column characteristics_time_point>	file	evidence/PMC9386061.txt		Before treatment, the first BM sample (termed P1) was collected.	True
GSM5818786	geo:GSE193695:GSM5818786	development_stage	<map of column characteristics_time_point>	file	evidence/PMC9386061.txt		Before treatment, the first BM sample (termed P1) was collected.	True
GSM5818787	geo:GSE193695:GSM5818787	development_stage	<map of column characteristics_time_point>	file	evidence/PMC9386061.txt		Before treatment, the first BM sample (termed P1) was collected.	True
GSM5818788	geo:GSE193695:GSM5818788	development_stage	<map of column characteristics_time_point>	file	evidence/PMC9386061.txt		Before treatment, the first BM sample (termed P1) was collected.	True
GSM5818789	geo:GSE193695:GSM5818789	development_stage	<map of column characteristics_time_point>	file	evidence/PMC9386061.txt		Before treatment, the first BM sample (termed P1) was collected.	True
GSM5818790	geo:GSE193695:GSM5818790	development_stage	<map of column characteristics_time_point>	file	evidence/PMC9386061.txt		Before treatment, the first BM sample (termed P1) was collected.	True
GSM5818791	geo:GSE193695:GSM5818791	development_stage	<map of column characteristics_time_point>	file	evidence/PMC9386061.txt		Before treatment, the first BM sample (termed P1) was collected.	True
GSM5818792	geo:GSE193695:GSM5818792	development_stage	<map of column characteristics_time_point>	file	evidence/PMC9386061.txt		Before treatment, the first BM sample (termed P1) was collected.	True
GSM5818793	geo:GSE193695:GSM5818793	development_stage	<map of column characteristics_time_point>	file	evidence/PMC9386061.txt		Before treatment, the first BM sample (termed P1) was collected.	True
GSM5818794	geo:GSE193695:GSM5818794	development_stage	<map of column characteristics_time_point>	file	evidence/PMC9386061.txt		Before treatment, the first BM sample (termed P1) was collected.	True
GSM5818795	geo:GSE193695:GSM5818795	development_stage	<map of column characteristics_time_point>	file	evidence/PMC9386061.txt		Before treatment, the first BM sample (termed P1) was collected.	True
GSM5818796	geo:GSE193695:GSM5818796	development_stage	<map of column characteristics_time_point>	file	evidence/PMC9386061.txt		Before treatment, the first BM sample (termed P1) was collected.	True
GSM5818797	geo:GSE193695:GSM5818797	development_stage	<map of column characteristics_time_point>	file	evidence/PMC9386061.txt		Before treatment, the first BM sample (termed P1) was collected.	True
GSM5818798	geo:GSE193695:GSM5818798	development_stage	<map of column characteristics_time_point>	file	evidence/PMC9386061.txt		Before treatment, the first BM sample (termed P1) was collected.	True
GSM5818799	geo:GSE193695:GSM5818799	development_stage	<map of column characteristics_time_point>	file	evidence/PMC9386061.txt		Before treatment, the first BM sample (termed P1) was collected.	True
GSM5818800	geo:GSE193695:GSM5818800	development_stage	<map of column characteristics_time_point>	file	evidence/PMC9386061.txt		Before treatment, the first BM sample (termed P1) was collected.	True
GSM5818801	geo:GSE193695:GSM5818801	development_stage	<map of column characteristics_time_point>	file	evidence/PMC9386061.txt		Before treatment, the first BM sample (termed P1) was collected.	True
GSM5818802	geo:GSE193695:GSM5818802	development_stage	<map of column characteristics_time_point>	file	evidence/PMC9386061.txt		Before treatment, the first BM sample (termed P1) was collected.	True
GSM5818803	geo:GSE193695:GSM5818803	development_stage	<map of column characteristics_time_point>	file	evidence/PMC9386061.txt		Before treatment, the first BM sample (termed P1) was collected.	True
GSM5818780	geo:GSE193695:GSM5818780	development_stage	<map of column characteristics_time_point>	file	evidence/PMC9386061.txt		we performed longitudinal scRNA-seq analysis of BM samples collected at the time of diagnosis (P1) and relapse (P3, P4, and P5)	True
GSM5818781	geo:GSE193695:GSM5818781	development_stage	<map of column characteristics_time_point>	file	evidence/PMC9386061.txt		we performed longitudinal scRNA-seq analysis of BM samples collected at the time of diagnosis (P1) and relapse (P3, P4, and P5)	True
GSM5818782	geo:GSE193695:GSM5818782	development_stage	<map of column characteristics_time_point>	file	evidence/PMC9386061.txt		we performed longitudinal scRNA-seq analysis of BM samples collected at the time of diagnosis (P1) and relapse (P3, P4, and P5)	True
GSM5818783	geo:GSE193695:GSM5818783	development_stage	<map of column characteristics_time_point>	file	evidence/PMC9386061.txt		we performed longitudinal scRNA-seq analysis of BM samples collected at the time of diagnosis (P1) and relapse (P3, P4, and P5)	True
GSM5818784	geo:GSE193695:GSM5818784	development_stage	<map of column characteristics_time_point>	file	evidence/PMC9386061.txt		we performed longitudinal scRNA-seq analysis of BM samples collected at the time of diagnosis (P1) and relapse (P3, P4, and P5)	True
GSM5818785	geo:GSE193695:GSM5818785	development_stage	<map of column characteristics_time_point>	file	evidence/PMC9386061.txt		we performed longitudinal scRNA-seq analysis of BM samples collected at the time of diagnosis (P1) and relapse (P3, P4, and P5)	True
GSM5818786	geo:GSE193695:GSM5818786	development_stage	<map of column characteristics_time_point>	file	evidence/PMC9386061.txt		we performed longitudinal scRNA-seq analysis of BM samples collected at the time of diagnosis (P1) and relapse (P3, P4, and P5)	True
GSM5818787	geo:GSE193695:GSM5818787	development_stage	<map of column characteristics_time_point>	file	evidence/PMC9386061.txt		we performed longitudinal scRNA-seq analysis of BM samples collected at the time of diagnosis (P1) and relapse (P3, P4, and P5)	True
GSM5818788	geo:GSE193695:GSM5818788	development_stage	<map of column characteristics_time_point>	file	evidence/PMC9386061.txt		we performed longitudinal scRNA-seq analysis of BM samples collected at the time of diagnosis (P1) and relapse (P3, P4, and P5)	True
GSM5818789	geo:GSE193695:GSM5818789	development_stage	<map of column characteristics_time_point>	file	evidence/PMC9386061.txt		we performed longitudinal scRNA-seq analysis of BM samples collected at the time of diagnosis (P1) and relapse (P3, P4, and P5)	True
GSM5818790	geo:GSE193695:GSM5818790	development_stage	<map of column characteristics_time_point>	file	evidence/PMC9386061.txt		we performed longitudinal scRNA-seq analysis of BM samples collected at the time of diagnosis (P1) and relapse (P3, P4, and P5)	True
GSM5818791	geo:GSE193695:GSM5818791	development_stage	<map of column characteristics_time_point>	file	evidence/PMC9386061.txt		we performed longitudinal scRNA-seq analysis of BM samples collected at the time of diagnosis (P1) and relapse (P3, P4, and P5)	True
GSM5818792	geo:GSE193695:GSM5818792	development_stage	<map of column characteristics_time_point>	file	evidence/PMC9386061.txt		we performed longitudinal scRNA-seq analysis of BM samples collected at the time of diagnosis (P1) and relapse (P3, P4, and P5)	True
GSM5818793	geo:GSE193695:GSM5818793	development_stage	<map of column characteristics_time_point>	file	evidence/PMC9386061.txt		we performed longitudinal scRNA-seq analysis of BM samples collected at the time of diagnosis (P1) and relapse (P3, P4, and P5)	True
GSM5818794	geo:GSE193695:GSM5818794	development_stage	<map of column characteristics_time_point>	file	evidence/PMC9386061.txt		we performed longitudinal scRNA-seq analysis of BM samples collected at the time of diagnosis (P1) and relapse (P3, P4, and P5)	True
GSM5818795	geo:GSE193695:GSM5818795	development_stage	<map of column characteristics_time_point>	file	evidence/PMC9386061.txt		we performed longitudinal scRNA-seq analysis of BM samples collected at the time of diagnosis (P1) and relapse (P3, P4, and P5)	True
GSM5818796	geo:GSE193695:GSM5818796	development_stage	<map of column characteristics_time_point>	file	evidence/PMC9386061.txt		we performed longitudinal scRNA-seq analysis of BM samples collected at the time of diagnosis (P1) and relapse (P3, P4, and P5)	True
GSM5818797	geo:GSE193695:GSM5818797	development_stage	<map of column characteristics_time_point>	file	evidence/PMC9386061.txt		we performed longitudinal scRNA-seq analysis of BM samples collected at the time of diagnosis (P1) and relapse (P3, P4, and P5)	True
GSM5818798	geo:GSE193695:GSM5818798	development_stage	<map of column characteristics_time_point>	file	evidence/PMC9386061.txt		we performed longitudinal scRNA-seq analysis of BM samples collected at the time of diagnosis (P1) and relapse (P3, P4, and P5)	True
GSM5818799	geo:GSE193695:GSM5818799	development_stage	<map of column characteristics_time_point>	file	evidence/PMC9386061.txt		we performed longitudinal scRNA-seq analysis of BM samples collected at the time of diagnosis (P1) and relapse (P3, P4, and P5)	True
GSM5818800	geo:GSE193695:GSM5818800	development_stage	<map of column characteristics_time_point>	file	evidence/PMC9386061.txt		we performed longitudinal scRNA-seq analysis of BM samples collected at the time of diagnosis (P1) and relapse (P3, P4, and P5)	True
GSM5818801	geo:GSE193695:GSM5818801	development_stage	<map of column characteristics_time_point>	file	evidence/PMC9386061.txt		we performed longitudinal scRNA-seq analysis of BM samples collected at the time of diagnosis (P1) and relapse (P3, P4, and P5)	True
GSM5818802	geo:GSE193695:GSM5818802	development_stage	<map of column characteristics_time_point>	file	evidence/PMC9386061.txt		we performed longitudinal scRNA-seq analysis of BM samples collected at the time of diagnosis (P1) and relapse (P3, P4, and P5)	True
GSM5818803	geo:GSE193695:GSM5818803	development_stage	<map of column characteristics_time_point>	file	evidence/PMC9386061.txt		we performed longitudinal scRNA-seq analysis of BM samples collected at the time of diagnosis (P1) and relapse (P3, P4, and P5)	True
GSM5818780	geo:GSE193695:GSM5818780	development_stage	<map of column characteristics_time_point>	file	raw/fp-7a78a7e414d4/GSE193695_family.soft.gz		!Sample_characteristics_ch1 = time point: P1	True
GSM5818781	geo:GSE193695:GSM5818781	development_stage	<map of column characteristics_time_point>	file	raw/fp-7a78a7e414d4/GSE193695_family.soft.gz		!Sample_characteristics_ch1 = time point: P1	True
GSM5818782	geo:GSE193695:GSM5818782	development_stage	<map of column characteristics_time_point>	file	raw/fp-7a78a7e414d4/GSE193695_family.soft.gz		!Sample_characteristics_ch1 = time point: P1	True
GSM5818783	geo:GSE193695:GSM5818783	development_stage	<map of column characteristics_time_point>	file	raw/fp-7a78a7e414d4/GSE193695_family.soft.gz		!Sample_characteristics_ch1 = time point: P1	True
GSM5818784	geo:GSE193695:GSM5818784	development_stage	<map of column characteristics_time_point>	file	raw/fp-7a78a7e414d4/GSE193695_family.soft.gz		!Sample_characteristics_ch1 = time point: P1	True
GSM5818785	geo:GSE193695:GSM5818785	development_stage	<map of column characteristics_time_point>	file	raw/fp-7a78a7e414d4/GSE193695_family.soft.gz		!Sample_characteristics_ch1 = time point: P1	True
GSM5818786	geo:GSE193695:GSM5818786	development_stage	<map of column characteristics_time_point>	file	raw/fp-7a78a7e414d4/GSE193695_family.soft.gz		!Sample_characteristics_ch1 = time point: P1	True
GSM5818787	geo:GSE193695:GSM5818787	development_stage	<map of column characteristics_time_point>	file	raw/fp-7a78a7e414d4/GSE193695_family.soft.gz		!Sample_characteristics_ch1 = time point: P1	True
GSM5818788	geo:GSE193695:GSM5818788	development_stage	<map of column characteristics_time_point>	file	raw/fp-7a78a7e414d4/GSE193695_family.soft.gz		!Sample_characteristics_ch1 = time point: P1	True
GSM5818789	geo:GSE193695:GSM5818789	development_stage	<map of column characteristics_time_point>	file	raw/fp-7a78a7e414d4/GSE193695_family.soft.gz		!Sample_characteristics_ch1 = time point: P1	True
GSM5818790	geo:GSE193695:GSM5818790	development_stage	<map of column characteristics_time_point>	file	raw/fp-7a78a7e414d4/GSE193695_family.soft.gz		!Sample_characteristics_ch1 = time point: P1	True
GSM5818791	geo:GSE193695:GSM5818791	development_stage	<map of column characteristics_time_point>	file	raw/fp-7a78a7e414d4/GSE193695_family.soft.gz		!Sample_characteristics_ch1 = time point: P1	True
GSM5818792	geo:GSE193695:GSM5818792	development_stage	<map of column characteristics_time_point>	file	raw/fp-7a78a7e414d4/GSE193695_family.soft.gz		!Sample_characteristics_ch1 = time point: P1	True
GSM5818793	geo:GSE193695:GSM5818793	development_stage	<map of column characteristics_time_point>	file	raw/fp-7a78a7e414d4/GSE193695_family.soft.gz		!Sample_characteristics_ch1 = time point: P1	True
GSM5818794	geo:GSE193695:GSM5818794	development_stage	<map of column characteristics_time_point>	file	raw/fp-7a78a7e414d4/GSE193695_family.soft.gz		!Sample_characteristics_ch1 = time point: P1	True
GSM5818795	geo:GSE193695:GSM5818795	development_stage	<map of column characteristics_time_point>	file	raw/fp-7a78a7e414d4/GSE193695_family.soft.gz		!Sample_characteristics_ch1 = time point: P1	True
GSM5818796	geo:GSE193695:GSM5818796	development_stage	<map of column characteristics_time_point>	file	raw/fp-7a78a7e414d4/GSE193695_family.soft.gz		!Sample_characteristics_ch1 = time point: P1	True
GSM5818797	geo:GSE193695:GSM5818797	development_stage	<map of column characteristics_time_point>	file	raw/fp-7a78a7e414d4/GSE193695_family.soft.gz		!Sample_characteristics_ch1 = time point: P1	True
GSM5818798	geo:GSE193695:GSM5818798	development_stage	<map of column characteristics_time_point>	file	raw/fp-7a78a7e414d4/GSE193695_family.soft.gz		!Sample_characteristics_ch1 = time point: P1	True
GSM5818799	geo:GSE193695:GSM5818799	development_stage	<map of column characteristics_time_point>	file	raw/fp-7a78a7e414d4/GSE193695_family.soft.gz		!Sample_characteristics_ch1 = time point: P1	True
GSM5818800	geo:GSE193695:GSM5818800	development_stage	<map of column characteristics_time_point>	file	raw/fp-7a78a7e414d4/GSE193695_family.soft.gz		!Sample_characteristics_ch1 = time point: P1	True
GSM5818801	geo:GSE193695:GSM5818801	development_stage	<map of column characteristics_time_point>	file	raw/fp-7a78a7e414d4/GSE193695_family.soft.gz		!Sample_characteristics_ch1 = time point: P1	True
GSM5818802	geo:GSE193695:GSM5818802	development_stage	<map of column characteristics_time_point>	file	raw/fp-7a78a7e414d4/GSE193695_family.soft.gz		!Sample_characteristics_ch1 = time point: P1	True
GSM5818803	geo:GSE193695:GSM5818803	development_stage	<map of column characteristics_time_point>	file	raw/fp-7a78a7e414d4/GSE193695_family.soft.gz		!Sample_characteristics_ch1 = time point: P1	True
GSM5818780	geo:GSE193695:GSM5818780	tissue_free_text	Bone marrow	file	raw/fp-7a78a7e414d4/GSE193695_family.soft.gz		!Sample_characteristics_ch1 = organ: Bone marrow	True
GSM5818781	geo:GSE193695:GSM5818781	tissue_free_text	Bone marrow	file	raw/fp-7a78a7e414d4/GSE193695_family.soft.gz		!Sample_characteristics_ch1 = organ: Bone marrow	True
GSM5818782	geo:GSE193695:GSM5818782	tissue_free_text	Bone marrow	file	raw/fp-7a78a7e414d4/GSE193695_family.soft.gz		!Sample_characteristics_ch1 = organ: Bone marrow	True
GSM5818783	geo:GSE193695:GSM5818783	tissue_free_text	Bone marrow	file	raw/fp-7a78a7e414d4/GSE193695_family.soft.gz		!Sample_characteristics_ch1 = organ: Bone marrow	True
GSM5818784	geo:GSE193695:GSM5818784	tissue_free_text	Bone marrow	file	raw/fp-7a78a7e414d4/GSE193695_family.soft.gz		!Sample_characteristics_ch1 = organ: Bone marrow	True
GSM5818785	geo:GSE193695:GSM5818785	tissue_free_text	Bone marrow	file	raw/fp-7a78a7e414d4/GSE193695_family.soft.gz		!Sample_characteristics_ch1 = organ: Bone marrow	True
GSM5818786	geo:GSE193695:GSM5818786	tissue_free_text	Bone marrow	file	raw/fp-7a78a7e414d4/GSE193695_family.soft.gz		!Sample_characteristics_ch1 = organ: Bone marrow	True
GSM5818787	geo:GSE193695:GSM5818787	tissue_free_text	Bone marrow	file	raw/fp-7a78a7e414d4/GSE193695_family.soft.gz		!Sample_characteristics_ch1 = organ: Bone marrow	True
GSM5818788	geo:GSE193695:GSM5818788	tissue_free_text	Bone marrow	file	raw/fp-7a78a7e414d4/GSE193695_family.soft.gz		!Sample_characteristics_ch1 = organ: Bone marrow	True
GSM5818789	geo:GSE193695:GSM5818789	tissue_free_text	Bone marrow	file	raw/fp-7a78a7e414d4/GSE193695_family.soft.gz		!Sample_characteristics_ch1 = organ: Bone marrow	True
GSM5818790	geo:GSE193695:GSM5818790	tissue_free_text	Bone marrow	file	raw/fp-7a78a7e414d4/GSE193695_family.soft.gz		!Sample_characteristics_ch1 = organ: Bone marrow	True
GSM5818791	geo:GSE193695:GSM5818791	tissue_free_text	Bone marrow	file	raw/fp-7a78a7e414d4/GSE193695_family.soft.gz		!Sample_characteristics_ch1 = organ: Bone marrow	True
GSM5818792	geo:GSE193695:GSM5818792	tissue_free_text	Bone marrow	file	raw/fp-7a78a7e414d4/GSE193695_family.soft.gz		!Sample_characteristics_ch1 = organ: Bone marrow	True
GSM5818793	geo:GSE193695:GSM5818793	tissue_free_text	Bone marrow	file	raw/fp-7a78a7e414d4/GSE193695_family.soft.gz		!Sample_characteristics_ch1 = organ: Bone marrow	True
GSM5818794	geo:GSE193695:GSM5818794	tissue_free_text	Bone marrow	file	raw/fp-7a78a7e414d4/GSE193695_family.soft.gz		!Sample_characteristics_ch1 = organ: Bone marrow	True
GSM5818795	geo:GSE193695:GSM5818795	tissue_free_text	Bone marrow	file	raw/fp-7a78a7e414d4/GSE193695_family.soft.gz		!Sample_characteristics_ch1 = organ: Bone marrow	True
GSM5818796	geo:GSE193695:GSM5818796	tissue_free_text	Bone marrow	file	raw/fp-7a78a7e414d4/GSE193695_family.soft.gz		!Sample_characteristics_ch1 = organ: Bone marrow	True
GSM5818797	geo:GSE193695:GSM5818797	tissue_free_text	Bone marrow	file	raw/fp-7a78a7e414d4/GSE193695_family.soft.gz		!Sample_characteristics_ch1 = organ: Bone marrow	True
GSM5818798	geo:GSE193695:GSM5818798	tissue_free_text	Bone marrow	file	raw/fp-7a78a7e414d4/GSE193695_family.soft.gz		!Sample_characteristics_ch1 = organ: Bone marrow	True
GSM5818799	geo:GSE193695:GSM5818799	tissue_free_text	Bone marrow	file	raw/fp-7a78a7e414d4/GSE193695_family.soft.gz		!Sample_characteristics_ch1 = organ: Bone marrow	True
GSM5818800	geo:GSE193695:GSM5818800	tissue_free_text	Bone marrow	file	raw/fp-7a78a7e414d4/GSE193695_family.soft.gz		!Sample_characteristics_ch1 = organ: Bone marrow	True
GSM5818801	geo:GSE193695:GSM5818801	tissue_free_text	Bone marrow	file	raw/fp-7a78a7e414d4/GSE193695_family.soft.gz		!Sample_characteristics_ch1 = organ: Bone marrow	True
GSM5818802	geo:GSE193695:GSM5818802	tissue_free_text	Bone marrow	file	raw/fp-7a78a7e414d4/GSE193695_family.soft.gz		!Sample_characteristics_ch1 = organ: Bone marrow	True
GSM5818803	geo:GSE193695:GSM5818803	tissue_free_text	Bone marrow	file	raw/fp-7a78a7e414d4/GSE193695_family.soft.gz		!Sample_characteristics_ch1 = organ: Bone marrow	True
GSM5818780	geo:GSE193695:GSM5818780	tissue_type	tissue	file	raw/fp-7a78a7e414d4/GSE193695_family.soft.gz		!Sample_characteristics_ch1 = organ: Bone marrow	True
GSM5818781	geo:GSE193695:GSM5818781	tissue_type	tissue	file	raw/fp-7a78a7e414d4/GSE193695_family.soft.gz		!Sample_characteristics_ch1 = organ: Bone marrow	True
GSM5818782	geo:GSE193695:GSM5818782	tissue_type	tissue	file	raw/fp-7a78a7e414d4/GSE193695_family.soft.gz		!Sample_characteristics_ch1 = organ: Bone marrow	True
GSM5818783	geo:GSE193695:GSM5818783	tissue_type	tissue	file	raw/fp-7a78a7e414d4/GSE193695_family.soft.gz		!Sample_characteristics_ch1 = organ: Bone marrow	True
GSM5818784	geo:GSE193695:GSM5818784	tissue_type	tissue	file	raw/fp-7a78a7e414d4/GSE193695_family.soft.gz		!Sample_characteristics_ch1 = organ: Bone marrow	True
GSM5818785	geo:GSE193695:GSM5818785	tissue_type	tissue	file	raw/fp-7a78a7e414d4/GSE193695_family.soft.gz		!Sample_characteristics_ch1 = organ: Bone marrow	True
GSM5818786	geo:GSE193695:GSM5818786	tissue_type	tissue	file	raw/fp-7a78a7e414d4/GSE193695_family.soft.gz		!Sample_characteristics_ch1 = organ: Bone marrow	True
GSM5818787	geo:GSE193695:GSM5818787	tissue_type	tissue	file	raw/fp-7a78a7e414d4/GSE193695_family.soft.gz		!Sample_characteristics_ch1 = organ: Bone marrow	True
GSM5818788	geo:GSE193695:GSM5818788	tissue_type	tissue	file	raw/fp-7a78a7e414d4/GSE193695_family.soft.gz		!Sample_characteristics_ch1 = organ: Bone marrow	True
GSM5818789	geo:GSE193695:GSM5818789	tissue_type	tissue	file	raw/fp-7a78a7e414d4/GSE193695_family.soft.gz		!Sample_characteristics_ch1 = organ: Bone marrow	True
GSM5818790	geo:GSE193695:GSM5818790	tissue_type	tissue	file	raw/fp-7a78a7e414d4/GSE193695_family.soft.gz		!Sample_characteristics_ch1 = organ: Bone marrow	True
GSM5818791	geo:GSE193695:GSM5818791	tissue_type	tissue	file	raw/fp-7a78a7e414d4/GSE193695_family.soft.gz		!Sample_characteristics_ch1 = organ: Bone marrow	True
GSM5818792	geo:GSE193695:GSM5818792	tissue_type	tissue	file	raw/fp-7a78a7e414d4/GSE193695_family.soft.gz		!Sample_characteristics_ch1 = organ: Bone marrow	True
GSM5818793	geo:GSE193695:GSM5818793	tissue_type	tissue	file	raw/fp-7a78a7e414d4/GSE193695_family.soft.gz		!Sample_characteristics_ch1 = organ: Bone marrow	True
GSM5818794	geo:GSE193695:GSM5818794	tissue_type	tissue	file	raw/fp-7a78a7e414d4/GSE193695_family.soft.gz		!Sample_characteristics_ch1 = organ: Bone marrow	True
GSM5818795	geo:GSE193695:GSM5818795	tissue_type	tissue	file	raw/fp-7a78a7e414d4/GSE193695_family.soft.gz		!Sample_characteristics_ch1 = organ: Bone marrow	True
GSM5818796	geo:GSE193695:GSM5818796	tissue_type	tissue	file	raw/fp-7a78a7e414d4/GSE193695_family.soft.gz		!Sample_characteristics_ch1 = organ: Bone marrow	True
GSM5818797	geo:GSE193695:GSM5818797	tissue_type	tissue	file	raw/fp-7a78a7e414d4/GSE193695_family.soft.gz		!Sample_characteristics_ch1 = organ: Bone marrow	True
GSM5818798	geo:GSE193695:GSM5818798	tissue_type	tissue	file	raw/fp-7a78a7e414d4/GSE193695_family.soft.gz		!Sample_characteristics_ch1 = organ: Bone marrow	True
GSM5818799	geo:GSE193695:GSM5818799	tissue_type	tissue	file	raw/fp-7a78a7e414d4/GSE193695_family.soft.gz		!Sample_characteristics_ch1 = organ: Bone marrow	True
GSM5818800	geo:GSE193695:GSM5818800	tissue_type	tissue	file	raw/fp-7a78a7e414d4/GSE193695_family.soft.gz		!Sample_characteristics_ch1 = organ: Bone marrow	True
GSM5818801	geo:GSE193695:GSM5818801	tissue_type	tissue	file	raw/fp-7a78a7e414d4/GSE193695_family.soft.gz		!Sample_characteristics_ch1 = organ: Bone marrow	True
GSM5818802	geo:GSE193695:GSM5818802	tissue_type	tissue	file	raw/fp-7a78a7e414d4/GSE193695_family.soft.gz		!Sample_characteristics_ch1 = organ: Bone marrow	True
GSM5818803	geo:GSE193695:GSM5818803	tissue_type	tissue	file	raw/fp-7a78a7e414d4/GSE193695_family.soft.gz		!Sample_characteristics_ch1 = organ: Bone marrow	True
GSM5818780	geo:GSE193695:GSM5818780	tissue_type	tissue	file	raw/fp-7a78a7e414d4/GSE193695_family.soft.gz		Mononuclear cells were isolated from bone marrow aspirates using density centrifugation media	True
GSM5818781	geo:GSE193695:GSM5818781	tissue_type	tissue	file	raw/fp-7a78a7e414d4/GSE193695_family.soft.gz		Mononuclear cells were isolated from bone marrow aspirates using density centrifugation media	True
GSM5818782	geo:GSE193695:GSM5818782	tissue_type	tissue	file	raw/fp-7a78a7e414d4/GSE193695_family.soft.gz		Mononuclear cells were isolated from bone marrow aspirates using density centrifugation media	True
GSM5818783	geo:GSE193695:GSM5818783	tissue_type	tissue	file	raw/fp-7a78a7e414d4/GSE193695_family.soft.gz		Mononuclear cells were isolated from bone marrow aspirates using density centrifugation media	True
GSM5818784	geo:GSE193695:GSM5818784	tissue_type	tissue	file	raw/fp-7a78a7e414d4/GSE193695_family.soft.gz		Mononuclear cells were isolated from bone marrow aspirates using density centrifugation media	True
GSM5818785	geo:GSE193695:GSM5818785	tissue_type	tissue	file	raw/fp-7a78a7e414d4/GSE193695_family.soft.gz		Mononuclear cells were isolated from bone marrow aspirates using density centrifugation media	True
GSM5818786	geo:GSE193695:GSM5818786	tissue_type	tissue	file	raw/fp-7a78a7e414d4/GSE193695_family.soft.gz		Mononuclear cells were isolated from bone marrow aspirates using density centrifugation media	True
GSM5818787	geo:GSE193695:GSM5818787	tissue_type	tissue	file	raw/fp-7a78a7e414d4/GSE193695_family.soft.gz		Mononuclear cells were isolated from bone marrow aspirates using density centrifugation media	True
GSM5818788	geo:GSE193695:GSM5818788	tissue_type	tissue	file	raw/fp-7a78a7e414d4/GSE193695_family.soft.gz		Mononuclear cells were isolated from bone marrow aspirates using density centrifugation media	True
GSM5818789	geo:GSE193695:GSM5818789	tissue_type	tissue	file	raw/fp-7a78a7e414d4/GSE193695_family.soft.gz		Mononuclear cells were isolated from bone marrow aspirates using density centrifugation media	True
GSM5818790	geo:GSE193695:GSM5818790	tissue_type	tissue	file	raw/fp-7a78a7e414d4/GSE193695_family.soft.gz		Mononuclear cells were isolated from bone marrow aspirates using density centrifugation media	True
GSM5818791	geo:GSE193695:GSM5818791	tissue_type	tissue	file	raw/fp-7a78a7e414d4/GSE193695_family.soft.gz		Mononuclear cells were isolated from bone marrow aspirates using density centrifugation media	True
GSM5818792	geo:GSE193695:GSM5818792	tissue_type	tissue	file	raw/fp-7a78a7e414d4/GSE193695_family.soft.gz		Mononuclear cells were isolated from bone marrow aspirates using density centrifugation media	True
GSM5818793	geo:GSE193695:GSM5818793	tissue_type	tissue	file	raw/fp-7a78a7e414d4/GSE193695_family.soft.gz		Mononuclear cells were isolated from bone marrow aspirates using density centrifugation media	True
GSM5818794	geo:GSE193695:GSM5818794	tissue_type	tissue	file	raw/fp-7a78a7e414d4/GSE193695_family.soft.gz		Mononuclear cells were isolated from bone marrow aspirates using density centrifugation media	True
GSM5818795	geo:GSE193695:GSM5818795	tissue_type	tissue	file	raw/fp-7a78a7e414d4/GSE193695_family.soft.gz		Mononuclear cells were isolated from bone marrow aspirates using density centrifugation media	True
GSM5818796	geo:GSE193695:GSM5818796	tissue_type	tissue	file	raw/fp-7a78a7e414d4/GSE193695_family.soft.gz		Mononuclear cells were isolated from bone marrow aspirates using density centrifugation media	True
GSM5818797	geo:GSE193695:GSM5818797	tissue_type	tissue	file	raw/fp-7a78a7e414d4/GSE193695_family.soft.gz		Mononuclear cells were isolated from bone marrow aspirates using density centrifugation media	True
GSM5818798	geo:GSE193695:GSM5818798	tissue_type	tissue	file	raw/fp-7a78a7e414d4/GSE193695_family.soft.gz		Mononuclear cells were isolated from bone marrow aspirates using density centrifugation media	True
GSM5818799	geo:GSE193695:GSM5818799	tissue_type	tissue	file	raw/fp-7a78a7e414d4/GSE193695_family.soft.gz		Mononuclear cells were isolated from bone marrow aspirates using density centrifugation media	True
GSM5818800	geo:GSE193695:GSM5818800	tissue_type	tissue	file	raw/fp-7a78a7e414d4/GSE193695_family.soft.gz		Mononuclear cells were isolated from bone marrow aspirates using density centrifugation media	True
GSM5818801	geo:GSE193695:GSM5818801	tissue_type	tissue	file	raw/fp-7a78a7e414d4/GSE193695_family.soft.gz		Mononuclear cells were isolated from bone marrow aspirates using density centrifugation media	True
GSM5818802	geo:GSE193695:GSM5818802	tissue_type	tissue	file	raw/fp-7a78a7e414d4/GSE193695_family.soft.gz		Mononuclear cells were isolated from bone marrow aspirates using density centrifugation media	True
GSM5818803	geo:GSE193695:GSM5818803	tissue_type	tissue	file	raw/fp-7a78a7e414d4/GSE193695_family.soft.gz		Mononuclear cells were isolated from bone marrow aspirates using density centrifugation media	True
GSM5818780	geo:GSE193695:GSM5818780	sample_collection_method	bone marrow aspiration	file	raw/fp-7a78a7e414d4/GSE193695_family.soft.gz		!Sample_source_name_ch1 = Bone marrow aspiration	True
GSM5818781	geo:GSE193695:GSM5818781	sample_collection_method	bone marrow aspiration	file	raw/fp-7a78a7e414d4/GSE193695_family.soft.gz		!Sample_source_name_ch1 = Bone marrow aspiration	True
GSM5818782	geo:GSE193695:GSM5818782	sample_collection_method	bone marrow aspiration	file	raw/fp-7a78a7e414d4/GSE193695_family.soft.gz		!Sample_source_name_ch1 = Bone marrow aspiration	True
GSM5818783	geo:GSE193695:GSM5818783	sample_collection_method	bone marrow aspiration	file	raw/fp-7a78a7e414d4/GSE193695_family.soft.gz		!Sample_source_name_ch1 = Bone marrow aspiration	True
GSM5818784	geo:GSE193695:GSM5818784	sample_collection_method	bone marrow aspiration	file	raw/fp-7a78a7e414d4/GSE193695_family.soft.gz		!Sample_source_name_ch1 = Bone marrow aspiration	True
GSM5818785	geo:GSE193695:GSM5818785	sample_collection_method	bone marrow aspiration	file	raw/fp-7a78a7e414d4/GSE193695_family.soft.gz		!Sample_source_name_ch1 = Bone marrow aspiration	True
GSM5818786	geo:GSE193695:GSM5818786	sample_collection_method	bone marrow aspiration	file	raw/fp-7a78a7e414d4/GSE193695_family.soft.gz		!Sample_source_name_ch1 = Bone marrow aspiration	True
GSM5818787	geo:GSE193695:GSM5818787	sample_collection_method	bone marrow aspiration	file	raw/fp-7a78a7e414d4/GSE193695_family.soft.gz		!Sample_source_name_ch1 = Bone marrow aspiration	True
GSM5818788	geo:GSE193695:GSM5818788	sample_collection_method	bone marrow aspiration	file	raw/fp-7a78a7e414d4/GSE193695_family.soft.gz		!Sample_source_name_ch1 = Bone marrow aspiration	True
GSM5818789	geo:GSE193695:GSM5818789	sample_collection_method	bone marrow aspiration	file	raw/fp-7a78a7e414d4/GSE193695_family.soft.gz		!Sample_source_name_ch1 = Bone marrow aspiration	True
GSM5818790	geo:GSE193695:GSM5818790	sample_collection_method	bone marrow aspiration	file	raw/fp-7a78a7e414d4/GSE193695_family.soft.gz		!Sample_source_name_ch1 = Bone marrow aspiration	True
GSM5818791	geo:GSE193695:GSM5818791	sample_collection_method	bone marrow aspiration	file	raw/fp-7a78a7e414d4/GSE193695_family.soft.gz		!Sample_source_name_ch1 = Bone marrow aspiration	True
GSM5818792	geo:GSE193695:GSM5818792	sample_collection_method	bone marrow aspiration	file	raw/fp-7a78a7e414d4/GSE193695_family.soft.gz		!Sample_source_name_ch1 = Bone marrow aspiration	True
GSM5818793	geo:GSE193695:GSM5818793	sample_collection_method	bone marrow aspiration	file	raw/fp-7a78a7e414d4/GSE193695_family.soft.gz		!Sample_source_name_ch1 = Bone marrow aspiration	True
GSM5818794	geo:GSE193695:GSM5818794	sample_collection_method	bone marrow aspiration	file	raw/fp-7a78a7e414d4/GSE193695_family.soft.gz		!Sample_source_name_ch1 = Bone marrow aspiration	True
GSM5818795	geo:GSE193695:GSM5818795	sample_collection_method	bone marrow aspiration	file	raw/fp-7a78a7e414d4/GSE193695_family.soft.gz		!Sample_source_name_ch1 = Bone marrow aspiration	True
GSM5818796	geo:GSE193695:GSM5818796	sample_collection_method	bone marrow aspiration	file	raw/fp-7a78a7e414d4/GSE193695_family.soft.gz		!Sample_source_name_ch1 = Bone marrow aspiration	True
GSM5818797	geo:GSE193695:GSM5818797	sample_collection_method	bone marrow aspiration	file	raw/fp-7a78a7e414d4/GSE193695_family.soft.gz		!Sample_source_name_ch1 = Bone marrow aspiration	True
GSM5818798	geo:GSE193695:GSM5818798	sample_collection_method	bone marrow aspiration	file	raw/fp-7a78a7e414d4/GSE193695_family.soft.gz		!Sample_source_name_ch1 = Bone marrow aspiration	True
GSM5818799	geo:GSE193695:GSM5818799	sample_collection_method	bone marrow aspiration	file	raw/fp-7a78a7e414d4/GSE193695_family.soft.gz		!Sample_source_name_ch1 = Bone marrow aspiration	True
GSM5818800	geo:GSE193695:GSM5818800	sample_collection_method	bone marrow aspiration	file	raw/fp-7a78a7e414d4/GSE193695_family.soft.gz		!Sample_source_name_ch1 = Bone marrow aspiration	True
GSM5818801	geo:GSE193695:GSM5818801	sample_collection_method	bone marrow aspiration	file	raw/fp-7a78a7e414d4/GSE193695_family.soft.gz		!Sample_source_name_ch1 = Bone marrow aspiration	True
GSM5818802	geo:GSE193695:GSM5818802	sample_collection_method	bone marrow aspiration	file	raw/fp-7a78a7e414d4/GSE193695_family.soft.gz		!Sample_source_name_ch1 = Bone marrow aspiration	True
GSM5818803	geo:GSE193695:GSM5818803	sample_collection_method	bone marrow aspiration	file	raw/fp-7a78a7e414d4/GSE193695_family.soft.gz		!Sample_source_name_ch1 = Bone marrow aspiration	True
GSM5818780	geo:GSE193695:GSM5818780	disease_free_text	multiple myeloma	file	raw/fp-7a78a7e414d4/GSE193695_family.soft.gz		!Series_title = Identification of a drug-response gene in multiple myeloma through longitudinal single-cell transcriptome sequencing.	True
GSM5818781	geo:GSE193695:GSM5818781	disease_free_text	multiple myeloma	file	raw/fp-7a78a7e414d4/GSE193695_family.soft.gz		!Series_title = Identification of a drug-response gene in multiple myeloma through longitudinal single-cell transcriptome sequencing.	True
GSM5818782	geo:GSE193695:GSM5818782	disease_free_text	multiple myeloma	file	raw/fp-7a78a7e414d4/GSE193695_family.soft.gz		!Series_title = Identification of a drug-response gene in multiple myeloma through longitudinal single-cell transcriptome sequencing.	True
GSM5818783	geo:GSE193695:GSM5818783	disease_free_text	multiple myeloma	file	raw/fp-7a78a7e414d4/GSE193695_family.soft.gz		!Series_title = Identification of a drug-response gene in multiple myeloma through longitudinal single-cell transcriptome sequencing.	True
GSM5818784	geo:GSE193695:GSM5818784	disease_free_text	multiple myeloma	file	raw/fp-7a78a7e414d4/GSE193695_family.soft.gz		!Series_title = Identification of a drug-response gene in multiple myeloma through longitudinal single-cell transcriptome sequencing.	True
GSM5818785	geo:GSE193695:GSM5818785	disease_free_text	multiple myeloma	file	raw/fp-7a78a7e414d4/GSE193695_family.soft.gz		!Series_title = Identification of a drug-response gene in multiple myeloma through longitudinal single-cell transcriptome sequencing.	True
GSM5818786	geo:GSE193695:GSM5818786	disease_free_text	multiple myeloma	file	raw/fp-7a78a7e414d4/GSE193695_family.soft.gz		!Series_title = Identification of a drug-response gene in multiple myeloma through longitudinal single-cell transcriptome sequencing.	True
GSM5818787	geo:GSE193695:GSM5818787	disease_free_text	multiple myeloma	file	raw/fp-7a78a7e414d4/GSE193695_family.soft.gz		!Series_title = Identification of a drug-response gene in multiple myeloma through longitudinal single-cell transcriptome sequencing.	True
GSM5818788	geo:GSE193695:GSM5818788	disease_free_text	multiple myeloma	file	raw/fp-7a78a7e414d4/GSE193695_family.soft.gz		!Series_title = Identification of a drug-response gene in multiple myeloma through longitudinal single-cell transcriptome sequencing.	True
GSM5818789	geo:GSE193695:GSM5818789	disease_free_text	multiple myeloma	file	raw/fp-7a78a7e414d4/GSE193695_family.soft.gz		!Series_title = Identification of a drug-response gene in multiple myeloma through longitudinal single-cell transcriptome sequencing.	True
GSM5818790	geo:GSE193695:GSM5818790	disease_free_text	multiple myeloma	file	raw/fp-7a78a7e414d4/GSE193695_family.soft.gz		!Series_title = Identification of a drug-response gene in multiple myeloma through longitudinal single-cell transcriptome sequencing.	True
GSM5818791	geo:GSE193695:GSM5818791	disease_free_text	multiple myeloma	file	raw/fp-7a78a7e414d4/GSE193695_family.soft.gz		!Series_title = Identification of a drug-response gene in multiple myeloma through longitudinal single-cell transcriptome sequencing.	True
GSM5818792	geo:GSE193695:GSM5818792	disease_free_text	multiple myeloma	file	raw/fp-7a78a7e414d4/GSE193695_family.soft.gz		!Series_title = Identification of a drug-response gene in multiple myeloma through longitudinal single-cell transcriptome sequencing.	True
GSM5818793	geo:GSE193695:GSM5818793	disease_free_text	multiple myeloma	file	raw/fp-7a78a7e414d4/GSE193695_family.soft.gz		!Series_title = Identification of a drug-response gene in multiple myeloma through longitudinal single-cell transcriptome sequencing.	True
GSM5818794	geo:GSE193695:GSM5818794	disease_free_text	multiple myeloma	file	raw/fp-7a78a7e414d4/GSE193695_family.soft.gz		!Series_title = Identification of a drug-response gene in multiple myeloma through longitudinal single-cell transcriptome sequencing.	True
GSM5818795	geo:GSE193695:GSM5818795	disease_free_text	multiple myeloma	file	raw/fp-7a78a7e414d4/GSE193695_family.soft.gz		!Series_title = Identification of a drug-response gene in multiple myeloma through longitudinal single-cell transcriptome sequencing.	True
GSM5818796	geo:GSE193695:GSM5818796	disease_free_text	multiple myeloma	file	raw/fp-7a78a7e414d4/GSE193695_family.soft.gz		!Series_title = Identification of a drug-response gene in multiple myeloma through longitudinal single-cell transcriptome sequencing.	True
GSM5818797	geo:GSE193695:GSM5818797	disease_free_text	multiple myeloma	file	raw/fp-7a78a7e414d4/GSE193695_family.soft.gz		!Series_title = Identification of a drug-response gene in multiple myeloma through longitudinal single-cell transcriptome sequencing.	True
GSM5818798	geo:GSE193695:GSM5818798	disease_free_text	multiple myeloma	file	raw/fp-7a78a7e414d4/GSE193695_family.soft.gz		!Series_title = Identification of a drug-response gene in multiple myeloma through longitudinal single-cell transcriptome sequencing.	True
GSM5818799	geo:GSE193695:GSM5818799	disease_free_text	multiple myeloma	file	raw/fp-7a78a7e414d4/GSE193695_family.soft.gz		!Series_title = Identification of a drug-response gene in multiple myeloma through longitudinal single-cell transcriptome sequencing.	True
GSM5818800	geo:GSE193695:GSM5818800	disease_free_text	multiple myeloma	file	raw/fp-7a78a7e414d4/GSE193695_family.soft.gz		!Series_title = Identification of a drug-response gene in multiple myeloma through longitudinal single-cell transcriptome sequencing.	True
GSM5818801	geo:GSE193695:GSM5818801	disease_free_text	multiple myeloma	file	raw/fp-7a78a7e414d4/GSE193695_family.soft.gz		!Series_title = Identification of a drug-response gene in multiple myeloma through longitudinal single-cell transcriptome sequencing.	True
GSM5818802	geo:GSE193695:GSM5818802	disease_free_text	multiple myeloma	file	raw/fp-7a78a7e414d4/GSE193695_family.soft.gz		!Series_title = Identification of a drug-response gene in multiple myeloma through longitudinal single-cell transcriptome sequencing.	True
GSM5818803	geo:GSE193695:GSM5818803	disease_free_text	multiple myeloma	file	raw/fp-7a78a7e414d4/GSE193695_family.soft.gz		!Series_title = Identification of a drug-response gene in multiple myeloma through longitudinal single-cell transcriptome sequencing.	True
GSM5818780	geo:GSE193695:GSM5818780	disease_free_text	multiple myeloma	file	raw/fp-7a78a7e414d4/GSE193695_family.soft.gz		bone marrow cells from a single patient with relapsed and refractory MM	True
GSM5818781	geo:GSE193695:GSM5818781	disease_free_text	multiple myeloma	file	raw/fp-7a78a7e414d4/GSE193695_family.soft.gz		bone marrow cells from a single patient with relapsed and refractory MM	True
GSM5818782	geo:GSE193695:GSM5818782	disease_free_text	multiple myeloma	file	raw/fp-7a78a7e414d4/GSE193695_family.soft.gz		bone marrow cells from a single patient with relapsed and refractory MM	True
GSM5818783	geo:GSE193695:GSM5818783	disease_free_text	multiple myeloma	file	raw/fp-7a78a7e414d4/GSE193695_family.soft.gz		bone marrow cells from a single patient with relapsed and refractory MM	True
GSM5818784	geo:GSE193695:GSM5818784	disease_free_text	multiple myeloma	file	raw/fp-7a78a7e414d4/GSE193695_family.soft.gz		bone marrow cells from a single patient with relapsed and refractory MM	True
GSM5818785	geo:GSE193695:GSM5818785	disease_free_text	multiple myeloma	file	raw/fp-7a78a7e414d4/GSE193695_family.soft.gz		bone marrow cells from a single patient with relapsed and refractory MM	True
GSM5818786	geo:GSE193695:GSM5818786	disease_free_text	multiple myeloma	file	raw/fp-7a78a7e414d4/GSE193695_family.soft.gz		bone marrow cells from a single patient with relapsed and refractory MM	True
GSM5818787	geo:GSE193695:GSM5818787	disease_free_text	multiple myeloma	file	raw/fp-7a78a7e414d4/GSE193695_family.soft.gz		bone marrow cells from a single patient with relapsed and refractory MM	True
GSM5818788	geo:GSE193695:GSM5818788	disease_free_text	multiple myeloma	file	raw/fp-7a78a7e414d4/GSE193695_family.soft.gz		bone marrow cells from a single patient with relapsed and refractory MM	True
GSM5818789	geo:GSE193695:GSM5818789	disease_free_text	multiple myeloma	file	raw/fp-7a78a7e414d4/GSE193695_family.soft.gz		bone marrow cells from a single patient with relapsed and refractory MM	True
GSM5818790	geo:GSE193695:GSM5818790	disease_free_text	multiple myeloma	file	raw/fp-7a78a7e414d4/GSE193695_family.soft.gz		bone marrow cells from a single patient with relapsed and refractory MM	True
GSM5818791	geo:GSE193695:GSM5818791	disease_free_text	multiple myeloma	file	raw/fp-7a78a7e414d4/GSE193695_family.soft.gz		bone marrow cells from a single patient with relapsed and refractory MM	True
GSM5818792	geo:GSE193695:GSM5818792	disease_free_text	multiple myeloma	file	raw/fp-7a78a7e414d4/GSE193695_family.soft.gz		bone marrow cells from a single patient with relapsed and refractory MM	True
GSM5818793	geo:GSE193695:GSM5818793	disease_free_text	multiple myeloma	file	raw/fp-7a78a7e414d4/GSE193695_family.soft.gz		bone marrow cells from a single patient with relapsed and refractory MM	True
GSM5818794	geo:GSE193695:GSM5818794	disease_free_text	multiple myeloma	file	raw/fp-7a78a7e414d4/GSE193695_family.soft.gz		bone marrow cells from a single patient with relapsed and refractory MM	True
GSM5818795	geo:GSE193695:GSM5818795	disease_free_text	multiple myeloma	file	raw/fp-7a78a7e414d4/GSE193695_family.soft.gz		bone marrow cells from a single patient with relapsed and refractory MM	True
GSM5818796	geo:GSE193695:GSM5818796	disease_free_text	multiple myeloma	file	raw/fp-7a78a7e414d4/GSE193695_family.soft.gz		bone marrow cells from a single patient with relapsed and refractory MM	True
GSM5818797	geo:GSE193695:GSM5818797	disease_free_text	multiple myeloma	file	raw/fp-7a78a7e414d4/GSE193695_family.soft.gz		bone marrow cells from a single patient with relapsed and refractory MM	True
GSM5818798	geo:GSE193695:GSM5818798	disease_free_text	multiple myeloma	file	raw/fp-7a78a7e414d4/GSE193695_family.soft.gz		bone marrow cells from a single patient with relapsed and refractory MM	True
GSM5818799	geo:GSE193695:GSM5818799	disease_free_text	multiple myeloma	file	raw/fp-7a78a7e414d4/GSE193695_family.soft.gz		bone marrow cells from a single patient with relapsed and refractory MM	True
GSM5818800	geo:GSE193695:GSM5818800	disease_free_text	multiple myeloma	file	raw/fp-7a78a7e414d4/GSE193695_family.soft.gz		bone marrow cells from a single patient with relapsed and refractory MM	True
GSM5818801	geo:GSE193695:GSM5818801	disease_free_text	multiple myeloma	file	raw/fp-7a78a7e414d4/GSE193695_family.soft.gz		bone marrow cells from a single patient with relapsed and refractory MM	True
GSM5818802	geo:GSE193695:GSM5818802	disease_free_text	multiple myeloma	file	raw/fp-7a78a7e414d4/GSE193695_family.soft.gz		bone marrow cells from a single patient with relapsed and refractory MM	True
GSM5818803	geo:GSE193695:GSM5818803	disease_free_text	multiple myeloma	file	raw/fp-7a78a7e414d4/GSE193695_family.soft.gz		bone marrow cells from a single patient with relapsed and refractory MM	True
GSM5818780	geo:GSE193695:GSM5818780	sampled_site_condition	diseased	file	raw/fp-7a78a7e414d4/GSE193695_family.soft.gz		bone marrow cells from a single patient with relapsed and refractory MM	True
GSM5818781	geo:GSE193695:GSM5818781	sampled_site_condition	diseased	file	raw/fp-7a78a7e414d4/GSE193695_family.soft.gz		bone marrow cells from a single patient with relapsed and refractory MM	True
GSM5818782	geo:GSE193695:GSM5818782	sampled_site_condition	diseased	file	raw/fp-7a78a7e414d4/GSE193695_family.soft.gz		bone marrow cells from a single patient with relapsed and refractory MM	True
GSM5818783	geo:GSE193695:GSM5818783	sampled_site_condition	diseased	file	raw/fp-7a78a7e414d4/GSE193695_family.soft.gz		bone marrow cells from a single patient with relapsed and refractory MM	True
GSM5818784	geo:GSE193695:GSM5818784	sampled_site_condition	diseased	file	raw/fp-7a78a7e414d4/GSE193695_family.soft.gz		bone marrow cells from a single patient with relapsed and refractory MM	True
GSM5818785	geo:GSE193695:GSM5818785	sampled_site_condition	diseased	file	raw/fp-7a78a7e414d4/GSE193695_family.soft.gz		bone marrow cells from a single patient with relapsed and refractory MM	True
GSM5818786	geo:GSE193695:GSM5818786	sampled_site_condition	diseased	file	raw/fp-7a78a7e414d4/GSE193695_family.soft.gz		bone marrow cells from a single patient with relapsed and refractory MM	True
GSM5818787	geo:GSE193695:GSM5818787	sampled_site_condition	diseased	file	raw/fp-7a78a7e414d4/GSE193695_family.soft.gz		bone marrow cells from a single patient with relapsed and refractory MM	True
GSM5818788	geo:GSE193695:GSM5818788	sampled_site_condition	diseased	file	raw/fp-7a78a7e414d4/GSE193695_family.soft.gz		bone marrow cells from a single patient with relapsed and refractory MM	True
GSM5818789	geo:GSE193695:GSM5818789	sampled_site_condition	diseased	file	raw/fp-7a78a7e414d4/GSE193695_family.soft.gz		bone marrow cells from a single patient with relapsed and refractory MM	True
GSM5818790	geo:GSE193695:GSM5818790	sampled_site_condition	diseased	file	raw/fp-7a78a7e414d4/GSE193695_family.soft.gz		bone marrow cells from a single patient with relapsed and refractory MM	True
GSM5818791	geo:GSE193695:GSM5818791	sampled_site_condition	diseased	file	raw/fp-7a78a7e414d4/GSE193695_family.soft.gz		bone marrow cells from a single patient with relapsed and refractory MM	True
GSM5818792	geo:GSE193695:GSM5818792	sampled_site_condition	diseased	file	raw/fp-7a78a7e414d4/GSE193695_family.soft.gz		bone marrow cells from a single patient with relapsed and refractory MM	True
GSM5818793	geo:GSE193695:GSM5818793	sampled_site_condition	diseased	file	raw/fp-7a78a7e414d4/GSE193695_family.soft.gz		bone marrow cells from a single patient with relapsed and refractory MM	True
GSM5818794	geo:GSE193695:GSM5818794	sampled_site_condition	diseased	file	raw/fp-7a78a7e414d4/GSE193695_family.soft.gz		bone marrow cells from a single patient with relapsed and refractory MM	True
GSM5818795	geo:GSE193695:GSM5818795	sampled_site_condition	diseased	file	raw/fp-7a78a7e414d4/GSE193695_family.soft.gz		bone marrow cells from a single patient with relapsed and refractory MM	True
GSM5818796	geo:GSE193695:GSM5818796	sampled_site_condition	diseased	file	raw/fp-7a78a7e414d4/GSE193695_family.soft.gz		bone marrow cells from a single patient with relapsed and refractory MM	True
GSM5818797	geo:GSE193695:GSM5818797	sampled_site_condition	diseased	file	raw/fp-7a78a7e414d4/GSE193695_family.soft.gz		bone marrow cells from a single patient with relapsed and refractory MM	True
GSM5818798	geo:GSE193695:GSM5818798	sampled_site_condition	diseased	file	raw/fp-7a78a7e414d4/GSE193695_family.soft.gz		bone marrow cells from a single patient with relapsed and refractory MM	True
GSM5818799	geo:GSE193695:GSM5818799	sampled_site_condition	diseased	file	raw/fp-7a78a7e414d4/GSE193695_family.soft.gz		bone marrow cells from a single patient with relapsed and refractory MM	True
GSM5818800	geo:GSE193695:GSM5818800	sampled_site_condition	diseased	file	raw/fp-7a78a7e414d4/GSE193695_family.soft.gz		bone marrow cells from a single patient with relapsed and refractory MM	True
GSM5818801	geo:GSE193695:GSM5818801	sampled_site_condition	diseased	file	raw/fp-7a78a7e414d4/GSE193695_family.soft.gz		bone marrow cells from a single patient with relapsed and refractory MM	True
GSM5818802	geo:GSE193695:GSM5818802	sampled_site_condition	diseased	file	raw/fp-7a78a7e414d4/GSE193695_family.soft.gz		bone marrow cells from a single patient with relapsed and refractory MM	True
GSM5818803	geo:GSE193695:GSM5818803	sampled_site_condition	diseased	file	raw/fp-7a78a7e414d4/GSE193695_family.soft.gz		bone marrow cells from a single patient with relapsed and refractory MM	True
GSM5818780	geo:GSE193695:GSM5818780	assay	CEL-seq2	file	raw/fp-7a78a7e414d4/GSE193695_family.soft.gz		Libraries were prepared according to the CEL-Seq2 protocol.	True
GSM5818781	geo:GSE193695:GSM5818781	assay	CEL-seq2	file	raw/fp-7a78a7e414d4/GSE193695_family.soft.gz		Libraries were prepared according to the CEL-Seq2 protocol.	True
GSM5818782	geo:GSE193695:GSM5818782	assay	CEL-seq2	file	raw/fp-7a78a7e414d4/GSE193695_family.soft.gz		Libraries were prepared according to the CEL-Seq2 protocol.	True
GSM5818783	geo:GSE193695:GSM5818783	assay	CEL-seq2	file	raw/fp-7a78a7e414d4/GSE193695_family.soft.gz		Libraries were prepared according to the CEL-Seq2 protocol.	True
GSM5818784	geo:GSE193695:GSM5818784	assay	CEL-seq2	file	raw/fp-7a78a7e414d4/GSE193695_family.soft.gz		Libraries were prepared according to the CEL-Seq2 protocol.	True
GSM5818785	geo:GSE193695:GSM5818785	assay	CEL-seq2	file	raw/fp-7a78a7e414d4/GSE193695_family.soft.gz		Libraries were prepared according to the CEL-Seq2 protocol.	True
GSM5818786	geo:GSE193695:GSM5818786	assay	CEL-seq2	file	raw/fp-7a78a7e414d4/GSE193695_family.soft.gz		Libraries were prepared according to the CEL-Seq2 protocol.	True
GSM5818787	geo:GSE193695:GSM5818787	assay	CEL-seq2	file	raw/fp-7a78a7e414d4/GSE193695_family.soft.gz		Libraries were prepared according to the CEL-Seq2 protocol.	True
GSM5818788	geo:GSE193695:GSM5818788	assay	CEL-seq2	file	raw/fp-7a78a7e414d4/GSE193695_family.soft.gz		Libraries were prepared according to the CEL-Seq2 protocol.	True
GSM5818789	geo:GSE193695:GSM5818789	assay	CEL-seq2	file	raw/fp-7a78a7e414d4/GSE193695_family.soft.gz		Libraries were prepared according to the CEL-Seq2 protocol.	True
GSM5818790	geo:GSE193695:GSM5818790	assay	CEL-seq2	file	raw/fp-7a78a7e414d4/GSE193695_family.soft.gz		Libraries were prepared according to the CEL-Seq2 protocol.	True
GSM5818791	geo:GSE193695:GSM5818791	assay	CEL-seq2	file	raw/fp-7a78a7e414d4/GSE193695_family.soft.gz		Libraries were prepared according to the CEL-Seq2 protocol.	True
GSM5818792	geo:GSE193695:GSM5818792	assay	CEL-seq2	file	raw/fp-7a78a7e414d4/GSE193695_family.soft.gz		Libraries were prepared according to the CEL-Seq2 protocol.	True
GSM5818793	geo:GSE193695:GSM5818793	assay	CEL-seq2	file	raw/fp-7a78a7e414d4/GSE193695_family.soft.gz		Libraries were prepared according to the CEL-Seq2 protocol.	True
GSM5818794	geo:GSE193695:GSM5818794	assay	CEL-seq2	file	raw/fp-7a78a7e414d4/GSE193695_family.soft.gz		Libraries were prepared according to the CEL-Seq2 protocol.	True
GSM5818795	geo:GSE193695:GSM5818795	assay	CEL-seq2	file	raw/fp-7a78a7e414d4/GSE193695_family.soft.gz		Libraries were prepared according to the CEL-Seq2 protocol.	True
GSM5818796	geo:GSE193695:GSM5818796	assay	CEL-seq2	file	raw/fp-7a78a7e414d4/GSE193695_family.soft.gz		Libraries were prepared according to the CEL-Seq2 protocol.	True
GSM5818797	geo:GSE193695:GSM5818797	assay	CEL-seq2	file	raw/fp-7a78a7e414d4/GSE193695_family.soft.gz		Libraries were prepared according to the CEL-Seq2 protocol.	True
GSM5818798	geo:GSE193695:GSM5818798	assay	CEL-seq2	file	raw/fp-7a78a7e414d4/GSE193695_family.soft.gz		Libraries were prepared according to the CEL-Seq2 protocol.	True
GSM5818799	geo:GSE193695:GSM5818799	assay	CEL-seq2	file	raw/fp-7a78a7e414d4/GSE193695_family.soft.gz		Libraries were prepared according to the CEL-Seq2 protocol.	True
GSM5818800	geo:GSE193695:GSM5818800	assay	CEL-seq2	file	raw/fp-7a78a7e414d4/GSE193695_family.soft.gz		Libraries were prepared according to the CEL-Seq2 protocol.	True
GSM5818801	geo:GSE193695:GSM5818801	assay	CEL-seq2	file	raw/fp-7a78a7e414d4/GSE193695_family.soft.gz		Libraries were prepared according to the CEL-Seq2 protocol.	True
GSM5818802	geo:GSE193695:GSM5818802	assay	CEL-seq2	file	raw/fp-7a78a7e414d4/GSE193695_family.soft.gz		Libraries were prepared according to the CEL-Seq2 protocol.	True
GSM5818803	geo:GSE193695:GSM5818803	assay	CEL-seq2	file	raw/fp-7a78a7e414d4/GSE193695_family.soft.gz		Libraries were prepared according to the CEL-Seq2 protocol.	True
GSM5818780	geo:GSE193695:GSM5818780	suspension_type	cell	file	raw/fp-7a78a7e414d4/GSE193695_family.soft.gz		Single cell sort of MM cells was performed in 384 well plates using FACS.	True
GSM5818781	geo:GSE193695:GSM5818781	suspension_type	cell	file	raw/fp-7a78a7e414d4/GSE193695_family.soft.gz		Single cell sort of MM cells was performed in 384 well plates using FACS.	True
GSM5818782	geo:GSE193695:GSM5818782	suspension_type	cell	file	raw/fp-7a78a7e414d4/GSE193695_family.soft.gz		Single cell sort of MM cells was performed in 384 well plates using FACS.	True
GSM5818783	geo:GSE193695:GSM5818783	suspension_type	cell	file	raw/fp-7a78a7e414d4/GSE193695_family.soft.gz		Single cell sort of MM cells was performed in 384 well plates using FACS.	True
GSM5818784	geo:GSE193695:GSM5818784	suspension_type	cell	file	raw/fp-7a78a7e414d4/GSE193695_family.soft.gz		Single cell sort of MM cells was performed in 384 well plates using FACS.	True
GSM5818785	geo:GSE193695:GSM5818785	suspension_type	cell	file	raw/fp-7a78a7e414d4/GSE193695_family.soft.gz		Single cell sort of MM cells was performed in 384 well plates using FACS.	True
GSM5818786	geo:GSE193695:GSM5818786	suspension_type	cell	file	raw/fp-7a78a7e414d4/GSE193695_family.soft.gz		Single cell sort of MM cells was performed in 384 well plates using FACS.	True
GSM5818787	geo:GSE193695:GSM5818787	suspension_type	cell	file	raw/fp-7a78a7e414d4/GSE193695_family.soft.gz		Single cell sort of MM cells was performed in 384 well plates using FACS.	True
GSM5818788	geo:GSE193695:GSM5818788	suspension_type	cell	file	raw/fp-7a78a7e414d4/GSE193695_family.soft.gz		Single cell sort of MM cells was performed in 384 well plates using FACS.	True
GSM5818789	geo:GSE193695:GSM5818789	suspension_type	cell	file	raw/fp-7a78a7e414d4/GSE193695_family.soft.gz		Single cell sort of MM cells was performed in 384 well plates using FACS.	True
GSM5818790	geo:GSE193695:GSM5818790	suspension_type	cell	file	raw/fp-7a78a7e414d4/GSE193695_family.soft.gz		Single cell sort of MM cells was performed in 384 well plates using FACS.	True
GSM5818791	geo:GSE193695:GSM5818791	suspension_type	cell	file	raw/fp-7a78a7e414d4/GSE193695_family.soft.gz		Single cell sort of MM cells was performed in 384 well plates using FACS.	True
GSM5818792	geo:GSE193695:GSM5818792	suspension_type	cell	file	raw/fp-7a78a7e414d4/GSE193695_family.soft.gz		Single cell sort of MM cells was performed in 384 well plates using FACS.	True
GSM5818793	geo:GSE193695:GSM5818793	suspension_type	cell	file	raw/fp-7a78a7e414d4/GSE193695_family.soft.gz		Single cell sort of MM cells was performed in 384 well plates using FACS.	True
GSM5818794	geo:GSE193695:GSM5818794	suspension_type	cell	file	raw/fp-7a78a7e414d4/GSE193695_family.soft.gz		Single cell sort of MM cells was performed in 384 well plates using FACS.	True
GSM5818795	geo:GSE193695:GSM5818795	suspension_type	cell	file	raw/fp-7a78a7e414d4/GSE193695_family.soft.gz		Single cell sort of MM cells was performed in 384 well plates using FACS.	True
GSM5818796	geo:GSE193695:GSM5818796	suspension_type	cell	file	raw/fp-7a78a7e414d4/GSE193695_family.soft.gz		Single cell sort of MM cells was performed in 384 well plates using FACS.	True
GSM5818797	geo:GSE193695:GSM5818797	suspension_type	cell	file	raw/fp-7a78a7e414d4/GSE193695_family.soft.gz		Single cell sort of MM cells was performed in 384 well plates using FACS.	True
GSM5818798	geo:GSE193695:GSM5818798	suspension_type	cell	file	raw/fp-7a78a7e414d4/GSE193695_family.soft.gz		Single cell sort of MM cells was performed in 384 well plates using FACS.	True
GSM5818799	geo:GSE193695:GSM5818799	suspension_type	cell	file	raw/fp-7a78a7e414d4/GSE193695_family.soft.gz		Single cell sort of MM cells was performed in 384 well plates using FACS.	True
GSM5818800	geo:GSE193695:GSM5818800	suspension_type	cell	file	raw/fp-7a78a7e414d4/GSE193695_family.soft.gz		Single cell sort of MM cells was performed in 384 well plates using FACS.	True
GSM5818801	geo:GSE193695:GSM5818801	suspension_type	cell	file	raw/fp-7a78a7e414d4/GSE193695_family.soft.gz		Single cell sort of MM cells was performed in 384 well plates using FACS.	True
GSM5818802	geo:GSE193695:GSM5818802	suspension_type	cell	file	raw/fp-7a78a7e414d4/GSE193695_family.soft.gz		Single cell sort of MM cells was performed in 384 well plates using FACS.	True
GSM5818803	geo:GSE193695:GSM5818803	suspension_type	cell	file	raw/fp-7a78a7e414d4/GSE193695_family.soft.gz		Single cell sort of MM cells was performed in 384 well plates using FACS.	True
GSM5818780	geo:GSE193695:GSM5818780	cell_enrichment	CD38++CD45-CD19-	file	raw/fp-7a78a7e414d4/GSE193695_family.soft.gz		!Sample_characteristics_ch1 = selection marker: CD38++CD45-CD19-	True
GSM5818781	geo:GSE193695:GSM5818781	cell_enrichment	CD38++CD45-CD19-	file	raw/fp-7a78a7e414d4/GSE193695_family.soft.gz		!Sample_characteristics_ch1 = selection marker: CD38++CD45-CD19-	True
GSM5818782	geo:GSE193695:GSM5818782	cell_enrichment	CD38++CD45-CD19-	file	raw/fp-7a78a7e414d4/GSE193695_family.soft.gz		!Sample_characteristics_ch1 = selection marker: CD38++CD45-CD19-	True
GSM5818783	geo:GSE193695:GSM5818783	cell_enrichment	CD38++CD45-CD19-	file	raw/fp-7a78a7e414d4/GSE193695_family.soft.gz		!Sample_characteristics_ch1 = selection marker: CD38++CD45-CD19-	True
GSM5818784	geo:GSE193695:GSM5818784	cell_enrichment	CD38++CD45-CD19-	file	raw/fp-7a78a7e414d4/GSE193695_family.soft.gz		!Sample_characteristics_ch1 = selection marker: CD38++CD45-CD19-	True
GSM5818785	geo:GSE193695:GSM5818785	cell_enrichment	CD38++CD45-CD19-	file	raw/fp-7a78a7e414d4/GSE193695_family.soft.gz		!Sample_characteristics_ch1 = selection marker: CD38++CD45-CD19-	True
GSM5818786	geo:GSE193695:GSM5818786	cell_enrichment	CD38++CD45-CD19-	file	raw/fp-7a78a7e414d4/GSE193695_family.soft.gz		!Sample_characteristics_ch1 = selection marker: CD38++CD45-CD19-	True
GSM5818787	geo:GSE193695:GSM5818787	cell_enrichment	CD38++CD45-CD19-	file	raw/fp-7a78a7e414d4/GSE193695_family.soft.gz		!Sample_characteristics_ch1 = selection marker: CD38++CD45-CD19-	True
GSM5818788	geo:GSE193695:GSM5818788	cell_enrichment	CD38++CD45-CD19-	file	raw/fp-7a78a7e414d4/GSE193695_family.soft.gz		!Sample_characteristics_ch1 = selection marker: CD38++CD45-CD19-	True
GSM5818789	geo:GSE193695:GSM5818789	cell_enrichment	CD38++CD45-CD19-	file	raw/fp-7a78a7e414d4/GSE193695_family.soft.gz		!Sample_characteristics_ch1 = selection marker: CD38++CD45-CD19-	True
GSM5818790	geo:GSE193695:GSM5818790	cell_enrichment	CD38++CD45-CD19-	file	raw/fp-7a78a7e414d4/GSE193695_family.soft.gz		!Sample_characteristics_ch1 = selection marker: CD38++CD45-CD19-	True
GSM5818791	geo:GSE193695:GSM5818791	cell_enrichment	CD38++CD45-CD19-	file	raw/fp-7a78a7e414d4/GSE193695_family.soft.gz		!Sample_characteristics_ch1 = selection marker: CD38++CD45-CD19-	True
GSM5818792	geo:GSE193695:GSM5818792	cell_enrichment	CD38++CD45-CD19-	file	raw/fp-7a78a7e414d4/GSE193695_family.soft.gz		!Sample_characteristics_ch1 = selection marker: CD38++CD45-CD19-	True
GSM5818793	geo:GSE193695:GSM5818793	cell_enrichment	CD38++CD45-CD19-	file	raw/fp-7a78a7e414d4/GSE193695_family.soft.gz		!Sample_characteristics_ch1 = selection marker: CD38++CD45-CD19-	True
GSM5818794	geo:GSE193695:GSM5818794	cell_enrichment	CD38++CD45-CD19-	file	raw/fp-7a78a7e414d4/GSE193695_family.soft.gz		!Sample_characteristics_ch1 = selection marker: CD38++CD45-CD19-	True
GSM5818795	geo:GSE193695:GSM5818795	cell_enrichment	CD38++CD45-CD19-	file	raw/fp-7a78a7e414d4/GSE193695_family.soft.gz		!Sample_characteristics_ch1 = selection marker: CD38++CD45-CD19-	True
GSM5818796	geo:GSE193695:GSM5818796	cell_enrichment	CD38++CD45-CD19-	file	raw/fp-7a78a7e414d4/GSE193695_family.soft.gz		!Sample_characteristics_ch1 = selection marker: CD38++CD45-CD19-	True
GSM5818797	geo:GSE193695:GSM5818797	cell_enrichment	CD38++CD45-CD19-	file	raw/fp-7a78a7e414d4/GSE193695_family.soft.gz		!Sample_characteristics_ch1 = selection marker: CD38++CD45-CD19-	True
GSM5818798	geo:GSE193695:GSM5818798	cell_enrichment	CD38++CD45-CD19-	file	raw/fp-7a78a7e414d4/GSE193695_family.soft.gz		!Sample_characteristics_ch1 = selection marker: CD38++CD45-CD19-	True
GSM5818799	geo:GSE193695:GSM5818799	cell_enrichment	CD38++CD45-CD19-	file	raw/fp-7a78a7e414d4/GSE193695_family.soft.gz		!Sample_characteristics_ch1 = selection marker: CD38++CD45-CD19-	True
GSM5818800	geo:GSE193695:GSM5818800	cell_enrichment	CD38++CD45-CD19-	file	raw/fp-7a78a7e414d4/GSE193695_family.soft.gz		!Sample_characteristics_ch1 = selection marker: CD38++CD45-CD19-	True
GSM5818801	geo:GSE193695:GSM5818801	cell_enrichment	CD38++CD45-CD19-	file	raw/fp-7a78a7e414d4/GSE193695_family.soft.gz		!Sample_characteristics_ch1 = selection marker: CD38++CD45-CD19-	True
GSM5818802	geo:GSE193695:GSM5818802	cell_enrichment	CD38++CD45-CD19-	file	raw/fp-7a78a7e414d4/GSE193695_family.soft.gz		!Sample_characteristics_ch1 = selection marker: CD38++CD45-CD19-	True
GSM5818803	geo:GSE193695:GSM5818803	cell_enrichment	CD38++CD45-CD19-	file	raw/fp-7a78a7e414d4/GSE193695_family.soft.gz		!Sample_characteristics_ch1 = selection marker: CD38++CD45-CD19-	True
GSM5818780	geo:GSE193695:GSM5818780	cell_enrichment	CD38++CD45-CD19-	file	evidence/PMC9386061.txt		After doublet exclusion, CD38 ++ CD45 − CD19 − cells were index-sorted into 384-well plates	True
GSM5818781	geo:GSE193695:GSM5818781	cell_enrichment	CD38++CD45-CD19-	file	evidence/PMC9386061.txt		After doublet exclusion, CD38 ++ CD45 − CD19 − cells were index-sorted into 384-well plates	True
GSM5818782	geo:GSE193695:GSM5818782	cell_enrichment	CD38++CD45-CD19-	file	evidence/PMC9386061.txt		After doublet exclusion, CD38 ++ CD45 − CD19 − cells were index-sorted into 384-well plates	True
GSM5818783	geo:GSE193695:GSM5818783	cell_enrichment	CD38++CD45-CD19-	file	evidence/PMC9386061.txt		After doublet exclusion, CD38 ++ CD45 − CD19 − cells were index-sorted into 384-well plates	True
GSM5818784	geo:GSE193695:GSM5818784	cell_enrichment	CD38++CD45-CD19-	file	evidence/PMC9386061.txt		After doublet exclusion, CD38 ++ CD45 − CD19 − cells were index-sorted into 384-well plates	True
GSM5818785	geo:GSE193695:GSM5818785	cell_enrichment	CD38++CD45-CD19-	file	evidence/PMC9386061.txt		After doublet exclusion, CD38 ++ CD45 − CD19 − cells were index-sorted into 384-well plates	True
GSM5818786	geo:GSE193695:GSM5818786	cell_enrichment	CD38++CD45-CD19-	file	evidence/PMC9386061.txt		After doublet exclusion, CD38 ++ CD45 − CD19 − cells were index-sorted into 384-well plates	True
GSM5818787	geo:GSE193695:GSM5818787	cell_enrichment	CD38++CD45-CD19-	file	evidence/PMC9386061.txt		After doublet exclusion, CD38 ++ CD45 − CD19 − cells were index-sorted into 384-well plates	True
GSM5818788	geo:GSE193695:GSM5818788	cell_enrichment	CD38++CD45-CD19-	file	evidence/PMC9386061.txt		After doublet exclusion, CD38 ++ CD45 − CD19 − cells were index-sorted into 384-well plates	True
GSM5818789	geo:GSE193695:GSM5818789	cell_enrichment	CD38++CD45-CD19-	file	evidence/PMC9386061.txt		After doublet exclusion, CD38 ++ CD45 − CD19 − cells were index-sorted into 384-well plates	True
GSM5818790	geo:GSE193695:GSM5818790	cell_enrichment	CD38++CD45-CD19-	file	evidence/PMC9386061.txt		After doublet exclusion, CD38 ++ CD45 − CD19 − cells were index-sorted into 384-well plates	True
GSM5818791	geo:GSE193695:GSM5818791	cell_enrichment	CD38++CD45-CD19-	file	evidence/PMC9386061.txt		After doublet exclusion, CD38 ++ CD45 − CD19 − cells were index-sorted into 384-well plates	True
GSM5818792	geo:GSE193695:GSM5818792	cell_enrichment	CD38++CD45-CD19-	file	evidence/PMC9386061.txt		After doublet exclusion, CD38 ++ CD45 − CD19 − cells were index-sorted into 384-well plates	True
GSM5818793	geo:GSE193695:GSM5818793	cell_enrichment	CD38++CD45-CD19-	file	evidence/PMC9386061.txt		After doublet exclusion, CD38 ++ CD45 − CD19 − cells were index-sorted into 384-well plates	True
GSM5818794	geo:GSE193695:GSM5818794	cell_enrichment	CD38++CD45-CD19-	file	evidence/PMC9386061.txt		After doublet exclusion, CD38 ++ CD45 − CD19 − cells were index-sorted into 384-well plates	True
GSM5818795	geo:GSE193695:GSM5818795	cell_enrichment	CD38++CD45-CD19-	file	evidence/PMC9386061.txt		After doublet exclusion, CD38 ++ CD45 − CD19 − cells were index-sorted into 384-well plates	True
GSM5818796	geo:GSE193695:GSM5818796	cell_enrichment	CD38++CD45-CD19-	file	evidence/PMC9386061.txt		After doublet exclusion, CD38 ++ CD45 − CD19 − cells were index-sorted into 384-well plates	True
GSM5818797	geo:GSE193695:GSM5818797	cell_enrichment	CD38++CD45-CD19-	file	evidence/PMC9386061.txt		After doublet exclusion, CD38 ++ CD45 − CD19 − cells were index-sorted into 384-well plates	True
GSM5818798	geo:GSE193695:GSM5818798	cell_enrichment	CD38++CD45-CD19-	file	evidence/PMC9386061.txt		After doublet exclusion, CD38 ++ CD45 − CD19 − cells were index-sorted into 384-well plates	True
GSM5818799	geo:GSE193695:GSM5818799	cell_enrichment	CD38++CD45-CD19-	file	evidence/PMC9386061.txt		After doublet exclusion, CD38 ++ CD45 − CD19 − cells were index-sorted into 384-well plates	True
GSM5818800	geo:GSE193695:GSM5818800	cell_enrichment	CD38++CD45-CD19-	file	evidence/PMC9386061.txt		After doublet exclusion, CD38 ++ CD45 − CD19 − cells were index-sorted into 384-well plates	True
GSM5818801	geo:GSE193695:GSM5818801	cell_enrichment	CD38++CD45-CD19-	file	evidence/PMC9386061.txt		After doublet exclusion, CD38 ++ CD45 − CD19 − cells were index-sorted into 384-well plates	True
GSM5818802	geo:GSE193695:GSM5818802	cell_enrichment	CD38++CD45-CD19-	file	evidence/PMC9386061.txt		After doublet exclusion, CD38 ++ CD45 − CD19 − cells were index-sorted into 384-well plates	True
GSM5818803	geo:GSE193695:GSM5818803	cell_enrichment	CD38++CD45-CD19-	file	evidence/PMC9386061.txt		After doublet exclusion, CD38 ++ CD45 − CD19 − cells were index-sorted into 384-well plates	True
GSM5818804	geo:GSE193695:GSM5818804	donor_id	patient	file	raw/fp-7a78a7e414d4/GSE193695_family.soft.gz		bone marrow cells from a single patient with relapsed and refractory MM	True
GSM5818805	geo:GSE193695:GSM5818805	donor_id	patient	file	raw/fp-7a78a7e414d4/GSE193695_family.soft.gz		bone marrow cells from a single patient with relapsed and refractory MM	True
GSM5818806	geo:GSE193695:GSM5818806	donor_id	patient	file	raw/fp-7a78a7e414d4/GSE193695_family.soft.gz		bone marrow cells from a single patient with relapsed and refractory MM	True
GSM5818807	geo:GSE193695:GSM5818807	donor_id	patient	file	raw/fp-7a78a7e414d4/GSE193695_family.soft.gz		bone marrow cells from a single patient with relapsed and refractory MM	True
GSM5818808	geo:GSE193695:GSM5818808	donor_id	patient	file	raw/fp-7a78a7e414d4/GSE193695_family.soft.gz		bone marrow cells from a single patient with relapsed and refractory MM	True
GSM5818809	geo:GSE193695:GSM5818809	donor_id	patient	file	raw/fp-7a78a7e414d4/GSE193695_family.soft.gz		bone marrow cells from a single patient with relapsed and refractory MM	True
GSM5818810	geo:GSE193695:GSM5818810	donor_id	patient	file	raw/fp-7a78a7e414d4/GSE193695_family.soft.gz		bone marrow cells from a single patient with relapsed and refractory MM	True
GSM5818811	geo:GSE193695:GSM5818811	donor_id	patient	file	raw/fp-7a78a7e414d4/GSE193695_family.soft.gz		bone marrow cells from a single patient with relapsed and refractory MM	True
GSM5818812	geo:GSE193695:GSM5818812	donor_id	patient	file	raw/fp-7a78a7e414d4/GSE193695_family.soft.gz		bone marrow cells from a single patient with relapsed and refractory MM	True
GSM5818813	geo:GSE193695:GSM5818813	donor_id	patient	file	raw/fp-7a78a7e414d4/GSE193695_family.soft.gz		bone marrow cells from a single patient with relapsed and refractory MM	True
GSM5818814	geo:GSE193695:GSM5818814	donor_id	patient	file	raw/fp-7a78a7e414d4/GSE193695_family.soft.gz		bone marrow cells from a single patient with relapsed and refractory MM	True
GSM5818815	geo:GSE193695:GSM5818815	donor_id	patient	file	raw/fp-7a78a7e414d4/GSE193695_family.soft.gz		bone marrow cells from a single patient with relapsed and refractory MM	True
GSM5818816	geo:GSE193695:GSM5818816	donor_id	patient	file	raw/fp-7a78a7e414d4/GSE193695_family.soft.gz		bone marrow cells from a single patient with relapsed and refractory MM	True
GSM5818817	geo:GSE193695:GSM5818817	donor_id	patient	file	raw/fp-7a78a7e414d4/GSE193695_family.soft.gz		bone marrow cells from a single patient with relapsed and refractory MM	True
GSM5818818	geo:GSE193695:GSM5818818	donor_id	patient	file	raw/fp-7a78a7e414d4/GSE193695_family.soft.gz		bone marrow cells from a single patient with relapsed and refractory MM	True
GSM5818819	geo:GSE193695:GSM5818819	donor_id	patient	file	raw/fp-7a78a7e414d4/GSE193695_family.soft.gz		bone marrow cells from a single patient with relapsed and refractory MM	True
GSM5818820	geo:GSE193695:GSM5818820	donor_id	patient	file	raw/fp-7a78a7e414d4/GSE193695_family.soft.gz		bone marrow cells from a single patient with relapsed and refractory MM	True
GSM5818821	geo:GSE193695:GSM5818821	donor_id	patient	file	raw/fp-7a78a7e414d4/GSE193695_family.soft.gz		bone marrow cells from a single patient with relapsed and refractory MM	True
GSM5818822	geo:GSE193695:GSM5818822	donor_id	patient	file	raw/fp-7a78a7e414d4/GSE193695_family.soft.gz		bone marrow cells from a single patient with relapsed and refractory MM	True
GSM5818823	geo:GSE193695:GSM5818823	donor_id	patient	file	raw/fp-7a78a7e414d4/GSE193695_family.soft.gz		bone marrow cells from a single patient with relapsed and refractory MM	True
GSM5818824	geo:GSE193695:GSM5818824	donor_id	patient	file	raw/fp-7a78a7e414d4/GSE193695_family.soft.gz		bone marrow cells from a single patient with relapsed and refractory MM	True
GSM5818825	geo:GSE193695:GSM5818825	donor_id	patient	file	raw/fp-7a78a7e414d4/GSE193695_family.soft.gz		bone marrow cells from a single patient with relapsed and refractory MM	True
GSM5818826	geo:GSE193695:GSM5818826	donor_id	patient	file	raw/fp-7a78a7e414d4/GSE193695_family.soft.gz		bone marrow cells from a single patient with relapsed and refractory MM	True
GSM5818827	geo:GSE193695:GSM5818827	donor_id	patient	file	raw/fp-7a78a7e414d4/GSE193695_family.soft.gz		bone marrow cells from a single patient with relapsed and refractory MM	True
GSM5818804	geo:GSE193695:GSM5818804	donor_id	patient	file	evidence/PMC9386061.txt		we recruited a patient with relapsed and refractory MM	True
GSM5818805	geo:GSE193695:GSM5818805	donor_id	patient	file	evidence/PMC9386061.txt		we recruited a patient with relapsed and refractory MM	True
GSM5818806	geo:GSE193695:GSM5818806	donor_id	patient	file	evidence/PMC9386061.txt		we recruited a patient with relapsed and refractory MM	True
GSM5818807	geo:GSE193695:GSM5818807	donor_id	patient	file	evidence/PMC9386061.txt		we recruited a patient with relapsed and refractory MM	True
GSM5818808	geo:GSE193695:GSM5818808	donor_id	patient	file	evidence/PMC9386061.txt		we recruited a patient with relapsed and refractory MM	True
GSM5818809	geo:GSE193695:GSM5818809	donor_id	patient	file	evidence/PMC9386061.txt		we recruited a patient with relapsed and refractory MM	True
GSM5818810	geo:GSE193695:GSM5818810	donor_id	patient	file	evidence/PMC9386061.txt		we recruited a patient with relapsed and refractory MM	True
GSM5818811	geo:GSE193695:GSM5818811	donor_id	patient	file	evidence/PMC9386061.txt		we recruited a patient with relapsed and refractory MM	True
GSM5818812	geo:GSE193695:GSM5818812	donor_id	patient	file	evidence/PMC9386061.txt		we recruited a patient with relapsed and refractory MM	True
GSM5818813	geo:GSE193695:GSM5818813	donor_id	patient	file	evidence/PMC9386061.txt		we recruited a patient with relapsed and refractory MM	True
GSM5818814	geo:GSE193695:GSM5818814	donor_id	patient	file	evidence/PMC9386061.txt		we recruited a patient with relapsed and refractory MM	True
GSM5818815	geo:GSE193695:GSM5818815	donor_id	patient	file	evidence/PMC9386061.txt		we recruited a patient with relapsed and refractory MM	True
GSM5818816	geo:GSE193695:GSM5818816	donor_id	patient	file	evidence/PMC9386061.txt		we recruited a patient with relapsed and refractory MM	True
GSM5818817	geo:GSE193695:GSM5818817	donor_id	patient	file	evidence/PMC9386061.txt		we recruited a patient with relapsed and refractory MM	True
GSM5818818	geo:GSE193695:GSM5818818	donor_id	patient	file	evidence/PMC9386061.txt		we recruited a patient with relapsed and refractory MM	True
GSM5818819	geo:GSE193695:GSM5818819	donor_id	patient	file	evidence/PMC9386061.txt		we recruited a patient with relapsed and refractory MM	True
GSM5818820	geo:GSE193695:GSM5818820	donor_id	patient	file	evidence/PMC9386061.txt		we recruited a patient with relapsed and refractory MM	True
GSM5818821	geo:GSE193695:GSM5818821	donor_id	patient	file	evidence/PMC9386061.txt		we recruited a patient with relapsed and refractory MM	True
GSM5818822	geo:GSE193695:GSM5818822	donor_id	patient	file	evidence/PMC9386061.txt		we recruited a patient with relapsed and refractory MM	True
GSM5818823	geo:GSE193695:GSM5818823	donor_id	patient	file	evidence/PMC9386061.txt		we recruited a patient with relapsed and refractory MM	True
GSM5818824	geo:GSE193695:GSM5818824	donor_id	patient	file	evidence/PMC9386061.txt		we recruited a patient with relapsed and refractory MM	True
GSM5818825	geo:GSE193695:GSM5818825	donor_id	patient	file	evidence/PMC9386061.txt		we recruited a patient with relapsed and refractory MM	True
GSM5818826	geo:GSE193695:GSM5818826	donor_id	patient	file	evidence/PMC9386061.txt		we recruited a patient with relapsed and refractory MM	True
GSM5818827	geo:GSE193695:GSM5818827	donor_id	patient	file	evidence/PMC9386061.txt		we recruited a patient with relapsed and refractory MM	True
GSM5818804	geo:GSE193695:GSM5818804	donor_id	patient	file	evidence/PMC9386061.txt		The patient was a 67-year-old man with MM at diagnosis.	True
GSM5818805	geo:GSE193695:GSM5818805	donor_id	patient	file	evidence/PMC9386061.txt		The patient was a 67-year-old man with MM at diagnosis.	True
GSM5818806	geo:GSE193695:GSM5818806	donor_id	patient	file	evidence/PMC9386061.txt		The patient was a 67-year-old man with MM at diagnosis.	True
GSM5818807	geo:GSE193695:GSM5818807	donor_id	patient	file	evidence/PMC9386061.txt		The patient was a 67-year-old man with MM at diagnosis.	True
GSM5818808	geo:GSE193695:GSM5818808	donor_id	patient	file	evidence/PMC9386061.txt		The patient was a 67-year-old man with MM at diagnosis.	True
GSM5818809	geo:GSE193695:GSM5818809	donor_id	patient	file	evidence/PMC9386061.txt		The patient was a 67-year-old man with MM at diagnosis.	True
GSM5818810	geo:GSE193695:GSM5818810	donor_id	patient	file	evidence/PMC9386061.txt		The patient was a 67-year-old man with MM at diagnosis.	True
GSM5818811	geo:GSE193695:GSM5818811	donor_id	patient	file	evidence/PMC9386061.txt		The patient was a 67-year-old man with MM at diagnosis.	True
GSM5818812	geo:GSE193695:GSM5818812	donor_id	patient	file	evidence/PMC9386061.txt		The patient was a 67-year-old man with MM at diagnosis.	True
GSM5818813	geo:GSE193695:GSM5818813	donor_id	patient	file	evidence/PMC9386061.txt		The patient was a 67-year-old man with MM at diagnosis.	True
GSM5818814	geo:GSE193695:GSM5818814	donor_id	patient	file	evidence/PMC9386061.txt		The patient was a 67-year-old man with MM at diagnosis.	True
GSM5818815	geo:GSE193695:GSM5818815	donor_id	patient	file	evidence/PMC9386061.txt		The patient was a 67-year-old man with MM at diagnosis.	True
GSM5818816	geo:GSE193695:GSM5818816	donor_id	patient	file	evidence/PMC9386061.txt		The patient was a 67-year-old man with MM at diagnosis.	True
GSM5818817	geo:GSE193695:GSM5818817	donor_id	patient	file	evidence/PMC9386061.txt		The patient was a 67-year-old man with MM at diagnosis.	True
GSM5818818	geo:GSE193695:GSM5818818	donor_id	patient	file	evidence/PMC9386061.txt		The patient was a 67-year-old man with MM at diagnosis.	True
GSM5818819	geo:GSE193695:GSM5818819	donor_id	patient	file	evidence/PMC9386061.txt		The patient was a 67-year-old man with MM at diagnosis.	True
GSM5818820	geo:GSE193695:GSM5818820	donor_id	patient	file	evidence/PMC9386061.txt		The patient was a 67-year-old man with MM at diagnosis.	True
GSM5818821	geo:GSE193695:GSM5818821	donor_id	patient	file	evidence/PMC9386061.txt		The patient was a 67-year-old man with MM at diagnosis.	True
GSM5818822	geo:GSE193695:GSM5818822	donor_id	patient	file	evidence/PMC9386061.txt		The patient was a 67-year-old man with MM at diagnosis.	True
GSM5818823	geo:GSE193695:GSM5818823	donor_id	patient	file	evidence/PMC9386061.txt		The patient was a 67-year-old man with MM at diagnosis.	True
GSM5818824	geo:GSE193695:GSM5818824	donor_id	patient	file	evidence/PMC9386061.txt		The patient was a 67-year-old man with MM at diagnosis.	True
GSM5818825	geo:GSE193695:GSM5818825	donor_id	patient	file	evidence/PMC9386061.txt		The patient was a 67-year-old man with MM at diagnosis.	True
GSM5818826	geo:GSE193695:GSM5818826	donor_id	patient	file	evidence/PMC9386061.txt		The patient was a 67-year-old man with MM at diagnosis.	True
GSM5818827	geo:GSE193695:GSM5818827	donor_id	patient	file	evidence/PMC9386061.txt		The patient was a 67-year-old man with MM at diagnosis.	True
GSM5818804	geo:GSE193695:GSM5818804	sex	male	file	evidence/PMC9386061.txt		The patient was a 67-year-old man with MM at diagnosis.	True
GSM5818805	geo:GSE193695:GSM5818805	sex	male	file	evidence/PMC9386061.txt		The patient was a 67-year-old man with MM at diagnosis.	True
GSM5818806	geo:GSE193695:GSM5818806	sex	male	file	evidence/PMC9386061.txt		The patient was a 67-year-old man with MM at diagnosis.	True
GSM5818807	geo:GSE193695:GSM5818807	sex	male	file	evidence/PMC9386061.txt		The patient was a 67-year-old man with MM at diagnosis.	True
GSM5818808	geo:GSE193695:GSM5818808	sex	male	file	evidence/PMC9386061.txt		The patient was a 67-year-old man with MM at diagnosis.	True
GSM5818809	geo:GSE193695:GSM5818809	sex	male	file	evidence/PMC9386061.txt		The patient was a 67-year-old man with MM at diagnosis.	True
GSM5818810	geo:GSE193695:GSM5818810	sex	male	file	evidence/PMC9386061.txt		The patient was a 67-year-old man with MM at diagnosis.	True
GSM5818811	geo:GSE193695:GSM5818811	sex	male	file	evidence/PMC9386061.txt		The patient was a 67-year-old man with MM at diagnosis.	True
GSM5818812	geo:GSE193695:GSM5818812	sex	male	file	evidence/PMC9386061.txt		The patient was a 67-year-old man with MM at diagnosis.	True
GSM5818813	geo:GSE193695:GSM5818813	sex	male	file	evidence/PMC9386061.txt		The patient was a 67-year-old man with MM at diagnosis.	True
GSM5818814	geo:GSE193695:GSM5818814	sex	male	file	evidence/PMC9386061.txt		The patient was a 67-year-old man with MM at diagnosis.	True
GSM5818815	geo:GSE193695:GSM5818815	sex	male	file	evidence/PMC9386061.txt		The patient was a 67-year-old man with MM at diagnosis.	True
GSM5818816	geo:GSE193695:GSM5818816	sex	male	file	evidence/PMC9386061.txt		The patient was a 67-year-old man with MM at diagnosis.	True
GSM5818817	geo:GSE193695:GSM5818817	sex	male	file	evidence/PMC9386061.txt		The patient was a 67-year-old man with MM at diagnosis.	True
GSM5818818	geo:GSE193695:GSM5818818	sex	male	file	evidence/PMC9386061.txt		The patient was a 67-year-old man with MM at diagnosis.	True
GSM5818819	geo:GSE193695:GSM5818819	sex	male	file	evidence/PMC9386061.txt		The patient was a 67-year-old man with MM at diagnosis.	True
GSM5818820	geo:GSE193695:GSM5818820	sex	male	file	evidence/PMC9386061.txt		The patient was a 67-year-old man with MM at diagnosis.	True
GSM5818821	geo:GSE193695:GSM5818821	sex	male	file	evidence/PMC9386061.txt		The patient was a 67-year-old man with MM at diagnosis.	True
GSM5818822	geo:GSE193695:GSM5818822	sex	male	file	evidence/PMC9386061.txt		The patient was a 67-year-old man with MM at diagnosis.	True
GSM5818823	geo:GSE193695:GSM5818823	sex	male	file	evidence/PMC9386061.txt		The patient was a 67-year-old man with MM at diagnosis.	True
GSM5818824	geo:GSE193695:GSM5818824	sex	male	file	evidence/PMC9386061.txt		The patient was a 67-year-old man with MM at diagnosis.	True
GSM5818825	geo:GSE193695:GSM5818825	sex	male	file	evidence/PMC9386061.txt		The patient was a 67-year-old man with MM at diagnosis.	True
GSM5818826	geo:GSE193695:GSM5818826	sex	male	file	evidence/PMC9386061.txt		The patient was a 67-year-old man with MM at diagnosis.	True
GSM5818827	geo:GSE193695:GSM5818827	sex	male	file	evidence/PMC9386061.txt		The patient was a 67-year-old man with MM at diagnosis.	True
GSM5818804	geo:GSE193695:GSM5818804	sex	male	file	evidence/PMC9386061.txt		A 67-year-old man, who had undergone a routine medical examination	True
GSM5818805	geo:GSE193695:GSM5818805	sex	male	file	evidence/PMC9386061.txt		A 67-year-old man, who had undergone a routine medical examination	True
GSM5818806	geo:GSE193695:GSM5818806	sex	male	file	evidence/PMC9386061.txt		A 67-year-old man, who had undergone a routine medical examination	True
GSM5818807	geo:GSE193695:GSM5818807	sex	male	file	evidence/PMC9386061.txt		A 67-year-old man, who had undergone a routine medical examination	True
GSM5818808	geo:GSE193695:GSM5818808	sex	male	file	evidence/PMC9386061.txt		A 67-year-old man, who had undergone a routine medical examination	True
GSM5818809	geo:GSE193695:GSM5818809	sex	male	file	evidence/PMC9386061.txt		A 67-year-old man, who had undergone a routine medical examination	True
GSM5818810	geo:GSE193695:GSM5818810	sex	male	file	evidence/PMC9386061.txt		A 67-year-old man, who had undergone a routine medical examination	True
GSM5818811	geo:GSE193695:GSM5818811	sex	male	file	evidence/PMC9386061.txt		A 67-year-old man, who had undergone a routine medical examination	True
GSM5818812	geo:GSE193695:GSM5818812	sex	male	file	evidence/PMC9386061.txt		A 67-year-old man, who had undergone a routine medical examination	True
GSM5818813	geo:GSE193695:GSM5818813	sex	male	file	evidence/PMC9386061.txt		A 67-year-old man, who had undergone a routine medical examination	True
GSM5818814	geo:GSE193695:GSM5818814	sex	male	file	evidence/PMC9386061.txt		A 67-year-old man, who had undergone a routine medical examination	True
GSM5818815	geo:GSE193695:GSM5818815	sex	male	file	evidence/PMC9386061.txt		A 67-year-old man, who had undergone a routine medical examination	True
GSM5818816	geo:GSE193695:GSM5818816	sex	male	file	evidence/PMC9386061.txt		A 67-year-old man, who had undergone a routine medical examination	True
GSM5818817	geo:GSE193695:GSM5818817	sex	male	file	evidence/PMC9386061.txt		A 67-year-old man, who had undergone a routine medical examination	True
GSM5818818	geo:GSE193695:GSM5818818	sex	male	file	evidence/PMC9386061.txt		A 67-year-old man, who had undergone a routine medical examination	True
GSM5818819	geo:GSE193695:GSM5818819	sex	male	file	evidence/PMC9386061.txt		A 67-year-old man, who had undergone a routine medical examination	True
GSM5818820	geo:GSE193695:GSM5818820	sex	male	file	evidence/PMC9386061.txt		A 67-year-old man, who had undergone a routine medical examination	True
GSM5818821	geo:GSE193695:GSM5818821	sex	male	file	evidence/PMC9386061.txt		A 67-year-old man, who had undergone a routine medical examination	True
GSM5818822	geo:GSE193695:GSM5818822	sex	male	file	evidence/PMC9386061.txt		A 67-year-old man, who had undergone a routine medical examination	True
GSM5818823	geo:GSE193695:GSM5818823	sex	male	file	evidence/PMC9386061.txt		A 67-year-old man, who had undergone a routine medical examination	True
GSM5818824	geo:GSE193695:GSM5818824	sex	male	file	evidence/PMC9386061.txt		A 67-year-old man, who had undergone a routine medical examination	True
GSM5818825	geo:GSE193695:GSM5818825	sex	male	file	evidence/PMC9386061.txt		A 67-year-old man, who had undergone a routine medical examination	True
GSM5818826	geo:GSE193695:GSM5818826	sex	male	file	evidence/PMC9386061.txt		A 67-year-old man, who had undergone a routine medical examination	True
GSM5818827	geo:GSE193695:GSM5818827	sex	male	file	evidence/PMC9386061.txt		A 67-year-old man, who had undergone a routine medical examination	True
GSM5818804	geo:GSE193695:GSM5818804	development_stage	<map of column characteristics_time_point>	file	evidence/PMC9386061.txt		The patient was a 67-year-old man with MM at diagnosis.	True
GSM5818805	geo:GSE193695:GSM5818805	development_stage	<map of column characteristics_time_point>	file	evidence/PMC9386061.txt		The patient was a 67-year-old man with MM at diagnosis.	True
GSM5818806	geo:GSE193695:GSM5818806	development_stage	<map of column characteristics_time_point>	file	evidence/PMC9386061.txt		The patient was a 67-year-old man with MM at diagnosis.	True
GSM5818807	geo:GSE193695:GSM5818807	development_stage	<map of column characteristics_time_point>	file	evidence/PMC9386061.txt		The patient was a 67-year-old man with MM at diagnosis.	True
GSM5818808	geo:GSE193695:GSM5818808	development_stage	<map of column characteristics_time_point>	file	evidence/PMC9386061.txt		The patient was a 67-year-old man with MM at diagnosis.	True
GSM5818809	geo:GSE193695:GSM5818809	development_stage	<map of column characteristics_time_point>	file	evidence/PMC9386061.txt		The patient was a 67-year-old man with MM at diagnosis.	True
GSM5818810	geo:GSE193695:GSM5818810	development_stage	<map of column characteristics_time_point>	file	evidence/PMC9386061.txt		The patient was a 67-year-old man with MM at diagnosis.	True
GSM5818811	geo:GSE193695:GSM5818811	development_stage	<map of column characteristics_time_point>	file	evidence/PMC9386061.txt		The patient was a 67-year-old man with MM at diagnosis.	True
GSM5818812	geo:GSE193695:GSM5818812	development_stage	<map of column characteristics_time_point>	file	evidence/PMC9386061.txt		The patient was a 67-year-old man with MM at diagnosis.	True
GSM5818813	geo:GSE193695:GSM5818813	development_stage	<map of column characteristics_time_point>	file	evidence/PMC9386061.txt		The patient was a 67-year-old man with MM at diagnosis.	True
GSM5818814	geo:GSE193695:GSM5818814	development_stage	<map of column characteristics_time_point>	file	evidence/PMC9386061.txt		The patient was a 67-year-old man with MM at diagnosis.	True
GSM5818815	geo:GSE193695:GSM5818815	development_stage	<map of column characteristics_time_point>	file	evidence/PMC9386061.txt		The patient was a 67-year-old man with MM at diagnosis.	True
GSM5818816	geo:GSE193695:GSM5818816	development_stage	<map of column characteristics_time_point>	file	evidence/PMC9386061.txt		The patient was a 67-year-old man with MM at diagnosis.	True
GSM5818817	geo:GSE193695:GSM5818817	development_stage	<map of column characteristics_time_point>	file	evidence/PMC9386061.txt		The patient was a 67-year-old man with MM at diagnosis.	True
GSM5818818	geo:GSE193695:GSM5818818	development_stage	<map of column characteristics_time_point>	file	evidence/PMC9386061.txt		The patient was a 67-year-old man with MM at diagnosis.	True
GSM5818819	geo:GSE193695:GSM5818819	development_stage	<map of column characteristics_time_point>	file	evidence/PMC9386061.txt		The patient was a 67-year-old man with MM at diagnosis.	True
GSM5818820	geo:GSE193695:GSM5818820	development_stage	<map of column characteristics_time_point>	file	evidence/PMC9386061.txt		The patient was a 67-year-old man with MM at diagnosis.	True
GSM5818821	geo:GSE193695:GSM5818821	development_stage	<map of column characteristics_time_point>	file	evidence/PMC9386061.txt		The patient was a 67-year-old man with MM at diagnosis.	True
GSM5818822	geo:GSE193695:GSM5818822	development_stage	<map of column characteristics_time_point>	file	evidence/PMC9386061.txt		The patient was a 67-year-old man with MM at diagnosis.	True
GSM5818823	geo:GSE193695:GSM5818823	development_stage	<map of column characteristics_time_point>	file	evidence/PMC9386061.txt		The patient was a 67-year-old man with MM at diagnosis.	True
GSM5818824	geo:GSE193695:GSM5818824	development_stage	<map of column characteristics_time_point>	file	evidence/PMC9386061.txt		The patient was a 67-year-old man with MM at diagnosis.	True
GSM5818825	geo:GSE193695:GSM5818825	development_stage	<map of column characteristics_time_point>	file	evidence/PMC9386061.txt		The patient was a 67-year-old man with MM at diagnosis.	True
GSM5818826	geo:GSE193695:GSM5818826	development_stage	<map of column characteristics_time_point>	file	evidence/PMC9386061.txt		The patient was a 67-year-old man with MM at diagnosis.	True
GSM5818827	geo:GSE193695:GSM5818827	development_stage	<map of column characteristics_time_point>	file	evidence/PMC9386061.txt		The patient was a 67-year-old man with MM at diagnosis.	True
GSM5818804	geo:GSE193695:GSM5818804	development_stage	<map of column characteristics_time_point>	file	evidence/PMC9386061.txt		Before treatment, the first BM sample (termed P1) was collected.	True
GSM5818805	geo:GSE193695:GSM5818805	development_stage	<map of column characteristics_time_point>	file	evidence/PMC9386061.txt		Before treatment, the first BM sample (termed P1) was collected.	True
GSM5818806	geo:GSE193695:GSM5818806	development_stage	<map of column characteristics_time_point>	file	evidence/PMC9386061.txt		Before treatment, the first BM sample (termed P1) was collected.	True
GSM5818807	geo:GSE193695:GSM5818807	development_stage	<map of column characteristics_time_point>	file	evidence/PMC9386061.txt		Before treatment, the first BM sample (termed P1) was collected.	True
GSM5818808	geo:GSE193695:GSM5818808	development_stage	<map of column characteristics_time_point>	file	evidence/PMC9386061.txt		Before treatment, the first BM sample (termed P1) was collected.	True
GSM5818809	geo:GSE193695:GSM5818809	development_stage	<map of column characteristics_time_point>	file	evidence/PMC9386061.txt		Before treatment, the first BM sample (termed P1) was collected.	True
GSM5818810	geo:GSE193695:GSM5818810	development_stage	<map of column characteristics_time_point>	file	evidence/PMC9386061.txt		Before treatment, the first BM sample (termed P1) was collected.	True
GSM5818811	geo:GSE193695:GSM5818811	development_stage	<map of column characteristics_time_point>	file	evidence/PMC9386061.txt		Before treatment, the first BM sample (termed P1) was collected.	True
GSM5818812	geo:GSE193695:GSM5818812	development_stage	<map of column characteristics_time_point>	file	evidence/PMC9386061.txt		Before treatment, the first BM sample (termed P1) was collected.	True
GSM5818813	geo:GSE193695:GSM5818813	development_stage	<map of column characteristics_time_point>	file	evidence/PMC9386061.txt		Before treatment, the first BM sample (termed P1) was collected.	True
GSM5818814	geo:GSE193695:GSM5818814	development_stage	<map of column characteristics_time_point>	file	evidence/PMC9386061.txt		Before treatment, the first BM sample (termed P1) was collected.	True
GSM5818815	geo:GSE193695:GSM5818815	development_stage	<map of column characteristics_time_point>	file	evidence/PMC9386061.txt		Before treatment, the first BM sample (termed P1) was collected.	True
GSM5818816	geo:GSE193695:GSM5818816	development_stage	<map of column characteristics_time_point>	file	evidence/PMC9386061.txt		Before treatment, the first BM sample (termed P1) was collected.	True
GSM5818817	geo:GSE193695:GSM5818817	development_stage	<map of column characteristics_time_point>	file	evidence/PMC9386061.txt		Before treatment, the first BM sample (termed P1) was collected.	True
GSM5818818	geo:GSE193695:GSM5818818	development_stage	<map of column characteristics_time_point>	file	evidence/PMC9386061.txt		Before treatment, the first BM sample (termed P1) was collected.	True
GSM5818819	geo:GSE193695:GSM5818819	development_stage	<map of column characteristics_time_point>	file	evidence/PMC9386061.txt		Before treatment, the first BM sample (termed P1) was collected.	True
GSM5818820	geo:GSE193695:GSM5818820	development_stage	<map of column characteristics_time_point>	file	evidence/PMC9386061.txt		Before treatment, the first BM sample (termed P1) was collected.	True
GSM5818821	geo:GSE193695:GSM5818821	development_stage	<map of column characteristics_time_point>	file	evidence/PMC9386061.txt		Before treatment, the first BM sample (termed P1) was collected.	True
GSM5818822	geo:GSE193695:GSM5818822	development_stage	<map of column characteristics_time_point>	file	evidence/PMC9386061.txt		Before treatment, the first BM sample (termed P1) was collected.	True
GSM5818823	geo:GSE193695:GSM5818823	development_stage	<map of column characteristics_time_point>	file	evidence/PMC9386061.txt		Before treatment, the first BM sample (termed P1) was collected.	True
GSM5818824	geo:GSE193695:GSM5818824	development_stage	<map of column characteristics_time_point>	file	evidence/PMC9386061.txt		Before treatment, the first BM sample (termed P1) was collected.	True
GSM5818825	geo:GSE193695:GSM5818825	development_stage	<map of column characteristics_time_point>	file	evidence/PMC9386061.txt		Before treatment, the first BM sample (termed P1) was collected.	True
GSM5818826	geo:GSE193695:GSM5818826	development_stage	<map of column characteristics_time_point>	file	evidence/PMC9386061.txt		Before treatment, the first BM sample (termed P1) was collected.	True
GSM5818827	geo:GSE193695:GSM5818827	development_stage	<map of column characteristics_time_point>	file	evidence/PMC9386061.txt		Before treatment, the first BM sample (termed P1) was collected.	True
GSM5818804	geo:GSE193695:GSM5818804	development_stage	<map of column characteristics_time_point>	file	evidence/PMC9386061.txt		we performed longitudinal scRNA-seq analysis of BM samples collected at the time of diagnosis (P1) and relapse (P3, P4, and P5)	True
GSM5818805	geo:GSE193695:GSM5818805	development_stage	<map of column characteristics_time_point>	file	evidence/PMC9386061.txt		we performed longitudinal scRNA-seq analysis of BM samples collected at the time of diagnosis (P1) and relapse (P3, P4, and P5)	True
GSM5818806	geo:GSE193695:GSM5818806	development_stage	<map of column characteristics_time_point>	file	evidence/PMC9386061.txt		we performed longitudinal scRNA-seq analysis of BM samples collected at the time of diagnosis (P1) and relapse (P3, P4, and P5)	True
GSM5818807	geo:GSE193695:GSM5818807	development_stage	<map of column characteristics_time_point>	file	evidence/PMC9386061.txt		we performed longitudinal scRNA-seq analysis of BM samples collected at the time of diagnosis (P1) and relapse (P3, P4, and P5)	True
GSM5818808	geo:GSE193695:GSM5818808	development_stage	<map of column characteristics_time_point>	file	evidence/PMC9386061.txt		we performed longitudinal scRNA-seq analysis of BM samples collected at the time of diagnosis (P1) and relapse (P3, P4, and P5)	True
GSM5818809	geo:GSE193695:GSM5818809	development_stage	<map of column characteristics_time_point>	file	evidence/PMC9386061.txt		we performed longitudinal scRNA-seq analysis of BM samples collected at the time of diagnosis (P1) and relapse (P3, P4, and P5)	True
GSM5818810	geo:GSE193695:GSM5818810	development_stage	<map of column characteristics_time_point>	file	evidence/PMC9386061.txt		we performed longitudinal scRNA-seq analysis of BM samples collected at the time of diagnosis (P1) and relapse (P3, P4, and P5)	True
GSM5818811	geo:GSE193695:GSM5818811	development_stage	<map of column characteristics_time_point>	file	evidence/PMC9386061.txt		we performed longitudinal scRNA-seq analysis of BM samples collected at the time of diagnosis (P1) and relapse (P3, P4, and P5)	True
GSM5818812	geo:GSE193695:GSM5818812	development_stage	<map of column characteristics_time_point>	file	evidence/PMC9386061.txt		we performed longitudinal scRNA-seq analysis of BM samples collected at the time of diagnosis (P1) and relapse (P3, P4, and P5)	True
GSM5818813	geo:GSE193695:GSM5818813	development_stage	<map of column characteristics_time_point>	file	evidence/PMC9386061.txt		we performed longitudinal scRNA-seq analysis of BM samples collected at the time of diagnosis (P1) and relapse (P3, P4, and P5)	True
GSM5818814	geo:GSE193695:GSM5818814	development_stage	<map of column characteristics_time_point>	file	evidence/PMC9386061.txt		we performed longitudinal scRNA-seq analysis of BM samples collected at the time of diagnosis (P1) and relapse (P3, P4, and P5)	True
GSM5818815	geo:GSE193695:GSM5818815	development_stage	<map of column characteristics_time_point>	file	evidence/PMC9386061.txt		we performed longitudinal scRNA-seq analysis of BM samples collected at the time of diagnosis (P1) and relapse (P3, P4, and P5)	True
GSM5818816	geo:GSE193695:GSM5818816	development_stage	<map of column characteristics_time_point>	file	evidence/PMC9386061.txt		we performed longitudinal scRNA-seq analysis of BM samples collected at the time of diagnosis (P1) and relapse (P3, P4, and P5)	True
GSM5818817	geo:GSE193695:GSM5818817	development_stage	<map of column characteristics_time_point>	file	evidence/PMC9386061.txt		we performed longitudinal scRNA-seq analysis of BM samples collected at the time of diagnosis (P1) and relapse (P3, P4, and P5)	True
GSM5818818	geo:GSE193695:GSM5818818	development_stage	<map of column characteristics_time_point>	file	evidence/PMC9386061.txt		we performed longitudinal scRNA-seq analysis of BM samples collected at the time of diagnosis (P1) and relapse (P3, P4, and P5)	True
GSM5818819	geo:GSE193695:GSM5818819	development_stage	<map of column characteristics_time_point>	file	evidence/PMC9386061.txt		we performed longitudinal scRNA-seq analysis of BM samples collected at the time of diagnosis (P1) and relapse (P3, P4, and P5)	True
GSM5818820	geo:GSE193695:GSM5818820	development_stage	<map of column characteristics_time_point>	file	evidence/PMC9386061.txt		we performed longitudinal scRNA-seq analysis of BM samples collected at the time of diagnosis (P1) and relapse (P3, P4, and P5)	True
GSM5818821	geo:GSE193695:GSM5818821	development_stage	<map of column characteristics_time_point>	file	evidence/PMC9386061.txt		we performed longitudinal scRNA-seq analysis of BM samples collected at the time of diagnosis (P1) and relapse (P3, P4, and P5)	True
GSM5818822	geo:GSE193695:GSM5818822	development_stage	<map of column characteristics_time_point>	file	evidence/PMC9386061.txt		we performed longitudinal scRNA-seq analysis of BM samples collected at the time of diagnosis (P1) and relapse (P3, P4, and P5)	True
GSM5818823	geo:GSE193695:GSM5818823	development_stage	<map of column characteristics_time_point>	file	evidence/PMC9386061.txt		we performed longitudinal scRNA-seq analysis of BM samples collected at the time of diagnosis (P1) and relapse (P3, P4, and P5)	True
GSM5818824	geo:GSE193695:GSM5818824	development_stage	<map of column characteristics_time_point>	file	evidence/PMC9386061.txt		we performed longitudinal scRNA-seq analysis of BM samples collected at the time of diagnosis (P1) and relapse (P3, P4, and P5)	True
GSM5818825	geo:GSE193695:GSM5818825	development_stage	<map of column characteristics_time_point>	file	evidence/PMC9386061.txt		we performed longitudinal scRNA-seq analysis of BM samples collected at the time of diagnosis (P1) and relapse (P3, P4, and P5)	True
GSM5818826	geo:GSE193695:GSM5818826	development_stage	<map of column characteristics_time_point>	file	evidence/PMC9386061.txt		we performed longitudinal scRNA-seq analysis of BM samples collected at the time of diagnosis (P1) and relapse (P3, P4, and P5)	True
GSM5818827	geo:GSE193695:GSM5818827	development_stage	<map of column characteristics_time_point>	file	evidence/PMC9386061.txt		we performed longitudinal scRNA-seq analysis of BM samples collected at the time of diagnosis (P1) and relapse (P3, P4, and P5)	True
GSM5818804	geo:GSE193695:GSM5818804	development_stage	<map of column characteristics_time_point>	file	raw/fp-7a78a7e414d4/GSE193695_family.soft.gz		!Sample_characteristics_ch1 = time point: P1	True
GSM5818805	geo:GSE193695:GSM5818805	development_stage	<map of column characteristics_time_point>	file	raw/fp-7a78a7e414d4/GSE193695_family.soft.gz		!Sample_characteristics_ch1 = time point: P1	True
GSM5818806	geo:GSE193695:GSM5818806	development_stage	<map of column characteristics_time_point>	file	raw/fp-7a78a7e414d4/GSE193695_family.soft.gz		!Sample_characteristics_ch1 = time point: P1	True
GSM5818807	geo:GSE193695:GSM5818807	development_stage	<map of column characteristics_time_point>	file	raw/fp-7a78a7e414d4/GSE193695_family.soft.gz		!Sample_characteristics_ch1 = time point: P1	True
GSM5818808	geo:GSE193695:GSM5818808	development_stage	<map of column characteristics_time_point>	file	raw/fp-7a78a7e414d4/GSE193695_family.soft.gz		!Sample_characteristics_ch1 = time point: P1	True
GSM5818809	geo:GSE193695:GSM5818809	development_stage	<map of column characteristics_time_point>	file	raw/fp-7a78a7e414d4/GSE193695_family.soft.gz		!Sample_characteristics_ch1 = time point: P1	True
GSM5818810	geo:GSE193695:GSM5818810	development_stage	<map of column characteristics_time_point>	file	raw/fp-7a78a7e414d4/GSE193695_family.soft.gz		!Sample_characteristics_ch1 = time point: P1	True
GSM5818811	geo:GSE193695:GSM5818811	development_stage	<map of column characteristics_time_point>	file	raw/fp-7a78a7e414d4/GSE193695_family.soft.gz		!Sample_characteristics_ch1 = time point: P1	True
GSM5818812	geo:GSE193695:GSM5818812	development_stage	<map of column characteristics_time_point>	file	raw/fp-7a78a7e414d4/GSE193695_family.soft.gz		!Sample_characteristics_ch1 = time point: P1	True
GSM5818813	geo:GSE193695:GSM5818813	development_stage	<map of column characteristics_time_point>	file	raw/fp-7a78a7e414d4/GSE193695_family.soft.gz		!Sample_characteristics_ch1 = time point: P1	True
GSM5818814	geo:GSE193695:GSM5818814	development_stage	<map of column characteristics_time_point>	file	raw/fp-7a78a7e414d4/GSE193695_family.soft.gz		!Sample_characteristics_ch1 = time point: P1	True
GSM5818815	geo:GSE193695:GSM5818815	development_stage	<map of column characteristics_time_point>	file	raw/fp-7a78a7e414d4/GSE193695_family.soft.gz		!Sample_characteristics_ch1 = time point: P1	True
GSM5818816	geo:GSE193695:GSM5818816	development_stage	<map of column characteristics_time_point>	file	raw/fp-7a78a7e414d4/GSE193695_family.soft.gz		!Sample_characteristics_ch1 = time point: P1	True
GSM5818817	geo:GSE193695:GSM5818817	development_stage	<map of column characteristics_time_point>	file	raw/fp-7a78a7e414d4/GSE193695_family.soft.gz		!Sample_characteristics_ch1 = time point: P1	True
GSM5818818	geo:GSE193695:GSM5818818	development_stage	<map of column characteristics_time_point>	file	raw/fp-7a78a7e414d4/GSE193695_family.soft.gz		!Sample_characteristics_ch1 = time point: P1	True
GSM5818819	geo:GSE193695:GSM5818819	development_stage	<map of column characteristics_time_point>	file	raw/fp-7a78a7e414d4/GSE193695_family.soft.gz		!Sample_characteristics_ch1 = time point: P1	True
GSM5818820	geo:GSE193695:GSM5818820	development_stage	<map of column characteristics_time_point>	file	raw/fp-7a78a7e414d4/GSE193695_family.soft.gz		!Sample_characteristics_ch1 = time point: P1	True
GSM5818821	geo:GSE193695:GSM5818821	development_stage	<map of column characteristics_time_point>	file	raw/fp-7a78a7e414d4/GSE193695_family.soft.gz		!Sample_characteristics_ch1 = time point: P1	True
GSM5818822	geo:GSE193695:GSM5818822	development_stage	<map of column characteristics_time_point>	file	raw/fp-7a78a7e414d4/GSE193695_family.soft.gz		!Sample_characteristics_ch1 = time point: P1	True
GSM5818823	geo:GSE193695:GSM5818823	development_stage	<map of column characteristics_time_point>	file	raw/fp-7a78a7e414d4/GSE193695_family.soft.gz		!Sample_characteristics_ch1 = time point: P1	True
GSM5818824	geo:GSE193695:GSM5818824	development_stage	<map of column characteristics_time_point>	file	raw/fp-7a78a7e414d4/GSE193695_family.soft.gz		!Sample_characteristics_ch1 = time point: P1	True
GSM5818825	geo:GSE193695:GSM5818825	development_stage	<map of column characteristics_time_point>	file	raw/fp-7a78a7e414d4/GSE193695_family.soft.gz		!Sample_characteristics_ch1 = time point: P1	True
GSM5818826	geo:GSE193695:GSM5818826	development_stage	<map of column characteristics_time_point>	file	raw/fp-7a78a7e414d4/GSE193695_family.soft.gz		!Sample_characteristics_ch1 = time point: P1	True
GSM5818827	geo:GSE193695:GSM5818827	development_stage	<map of column characteristics_time_point>	file	raw/fp-7a78a7e414d4/GSE193695_family.soft.gz		!Sample_characteristics_ch1 = time point: P1	True
GSM5818804	geo:GSE193695:GSM5818804	tissue_free_text	Bone marrow	file	raw/fp-7a78a7e414d4/GSE193695_family.soft.gz		!Sample_characteristics_ch1 = organ: Bone marrow	True
GSM5818805	geo:GSE193695:GSM5818805	tissue_free_text	Bone marrow	file	raw/fp-7a78a7e414d4/GSE193695_family.soft.gz		!Sample_characteristics_ch1 = organ: Bone marrow	True
GSM5818806	geo:GSE193695:GSM5818806	tissue_free_text	Bone marrow	file	raw/fp-7a78a7e414d4/GSE193695_family.soft.gz		!Sample_characteristics_ch1 = organ: Bone marrow	True
GSM5818807	geo:GSE193695:GSM5818807	tissue_free_text	Bone marrow	file	raw/fp-7a78a7e414d4/GSE193695_family.soft.gz		!Sample_characteristics_ch1 = organ: Bone marrow	True
GSM5818808	geo:GSE193695:GSM5818808	tissue_free_text	Bone marrow	file	raw/fp-7a78a7e414d4/GSE193695_family.soft.gz		!Sample_characteristics_ch1 = organ: Bone marrow	True
GSM5818809	geo:GSE193695:GSM5818809	tissue_free_text	Bone marrow	file	raw/fp-7a78a7e414d4/GSE193695_family.soft.gz		!Sample_characteristics_ch1 = organ: Bone marrow	True
GSM5818810	geo:GSE193695:GSM5818810	tissue_free_text	Bone marrow	file	raw/fp-7a78a7e414d4/GSE193695_family.soft.gz		!Sample_characteristics_ch1 = organ: Bone marrow	True
GSM5818811	geo:GSE193695:GSM5818811	tissue_free_text	Bone marrow	file	raw/fp-7a78a7e414d4/GSE193695_family.soft.gz		!Sample_characteristics_ch1 = organ: Bone marrow	True
GSM5818812	geo:GSE193695:GSM5818812	tissue_free_text	Bone marrow	file	raw/fp-7a78a7e414d4/GSE193695_family.soft.gz		!Sample_characteristics_ch1 = organ: Bone marrow	True
GSM5818813	geo:GSE193695:GSM5818813	tissue_free_text	Bone marrow	file	raw/fp-7a78a7e414d4/GSE193695_family.soft.gz		!Sample_characteristics_ch1 = organ: Bone marrow	True
GSM5818814	geo:GSE193695:GSM5818814	tissue_free_text	Bone marrow	file	raw/fp-7a78a7e414d4/GSE193695_family.soft.gz		!Sample_characteristics_ch1 = organ: Bone marrow	True
GSM5818815	geo:GSE193695:GSM5818815	tissue_free_text	Bone marrow	file	raw/fp-7a78a7e414d4/GSE193695_family.soft.gz		!Sample_characteristics_ch1 = organ: Bone marrow	True
GSM5818816	geo:GSE193695:GSM5818816	tissue_free_text	Bone marrow	file	raw/fp-7a78a7e414d4/GSE193695_family.soft.gz		!Sample_characteristics_ch1 = organ: Bone marrow	True
GSM5818817	geo:GSE193695:GSM5818817	tissue_free_text	Bone marrow	file	raw/fp-7a78a7e414d4/GSE193695_family.soft.gz		!Sample_characteristics_ch1 = organ: Bone marrow	True
GSM5818818	geo:GSE193695:GSM5818818	tissue_free_text	Bone marrow	file	raw/fp-7a78a7e414d4/GSE193695_family.soft.gz		!Sample_characteristics_ch1 = organ: Bone marrow	True
GSM5818819	geo:GSE193695:GSM5818819	tissue_free_text	Bone marrow	file	raw/fp-7a78a7e414d4/GSE193695_family.soft.gz		!Sample_characteristics_ch1 = organ: Bone marrow	True
GSM5818820	geo:GSE193695:GSM5818820	tissue_free_text	Bone marrow	file	raw/fp-7a78a7e414d4/GSE193695_family.soft.gz		!Sample_characteristics_ch1 = organ: Bone marrow	True
GSM5818821	geo:GSE193695:GSM5818821	tissue_free_text	Bone marrow	file	raw/fp-7a78a7e414d4/GSE193695_family.soft.gz		!Sample_characteristics_ch1 = organ: Bone marrow	True
GSM5818822	geo:GSE193695:GSM5818822	tissue_free_text	Bone marrow	file	raw/fp-7a78a7e414d4/GSE193695_family.soft.gz		!Sample_characteristics_ch1 = organ: Bone marrow	True
GSM5818823	geo:GSE193695:GSM5818823	tissue_free_text	Bone marrow	file	raw/fp-7a78a7e414d4/GSE193695_family.soft.gz		!Sample_characteristics_ch1 = organ: Bone marrow	True
GSM5818824	geo:GSE193695:GSM5818824	tissue_free_text	Bone marrow	file	raw/fp-7a78a7e414d4/GSE193695_family.soft.gz		!Sample_characteristics_ch1 = organ: Bone marrow	True
GSM5818825	geo:GSE193695:GSM5818825	tissue_free_text	Bone marrow	file	raw/fp-7a78a7e414d4/GSE193695_family.soft.gz		!Sample_characteristics_ch1 = organ: Bone marrow	True
GSM5818826	geo:GSE193695:GSM5818826	tissue_free_text	Bone marrow	file	raw/fp-7a78a7e414d4/GSE193695_family.soft.gz		!Sample_characteristics_ch1 = organ: Bone marrow	True
GSM5818827	geo:GSE193695:GSM5818827	tissue_free_text	Bone marrow	file	raw/fp-7a78a7e414d4/GSE193695_family.soft.gz		!Sample_characteristics_ch1 = organ: Bone marrow	True
GSM5818804	geo:GSE193695:GSM5818804	tissue_type	tissue	file	raw/fp-7a78a7e414d4/GSE193695_family.soft.gz		!Sample_characteristics_ch1 = organ: Bone marrow	True
GSM5818805	geo:GSE193695:GSM5818805	tissue_type	tissue	file	raw/fp-7a78a7e414d4/GSE193695_family.soft.gz		!Sample_characteristics_ch1 = organ: Bone marrow	True
GSM5818806	geo:GSE193695:GSM5818806	tissue_type	tissue	file	raw/fp-7a78a7e414d4/GSE193695_family.soft.gz		!Sample_characteristics_ch1 = organ: Bone marrow	True
GSM5818807	geo:GSE193695:GSM5818807	tissue_type	tissue	file	raw/fp-7a78a7e414d4/GSE193695_family.soft.gz		!Sample_characteristics_ch1 = organ: Bone marrow	True
GSM5818808	geo:GSE193695:GSM5818808	tissue_type	tissue	file	raw/fp-7a78a7e414d4/GSE193695_family.soft.gz		!Sample_characteristics_ch1 = organ: Bone marrow	True
GSM5818809	geo:GSE193695:GSM5818809	tissue_type	tissue	file	raw/fp-7a78a7e414d4/GSE193695_family.soft.gz		!Sample_characteristics_ch1 = organ: Bone marrow	True
GSM5818810	geo:GSE193695:GSM5818810	tissue_type	tissue	file	raw/fp-7a78a7e414d4/GSE193695_family.soft.gz		!Sample_characteristics_ch1 = organ: Bone marrow	True
GSM5818811	geo:GSE193695:GSM5818811	tissue_type	tissue	file	raw/fp-7a78a7e414d4/GSE193695_family.soft.gz		!Sample_characteristics_ch1 = organ: Bone marrow	True
GSM5818812	geo:GSE193695:GSM5818812	tissue_type	tissue	file	raw/fp-7a78a7e414d4/GSE193695_family.soft.gz		!Sample_characteristics_ch1 = organ: Bone marrow	True
GSM5818813	geo:GSE193695:GSM5818813	tissue_type	tissue	file	raw/fp-7a78a7e414d4/GSE193695_family.soft.gz		!Sample_characteristics_ch1 = organ: Bone marrow	True
GSM5818814	geo:GSE193695:GSM5818814	tissue_type	tissue	file	raw/fp-7a78a7e414d4/GSE193695_family.soft.gz		!Sample_characteristics_ch1 = organ: Bone marrow	True
GSM5818815	geo:GSE193695:GSM5818815	tissue_type	tissue	file	raw/fp-7a78a7e414d4/GSE193695_family.soft.gz		!Sample_characteristics_ch1 = organ: Bone marrow	True
GSM5818816	geo:GSE193695:GSM5818816	tissue_type	tissue	file	raw/fp-7a78a7e414d4/GSE193695_family.soft.gz		!Sample_characteristics_ch1 = organ: Bone marrow	True
GSM5818817	geo:GSE193695:GSM5818817	tissue_type	tissue	file	raw/fp-7a78a7e414d4/GSE193695_family.soft.gz		!Sample_characteristics_ch1 = organ: Bone marrow	True
GSM5818818	geo:GSE193695:GSM5818818	tissue_type	tissue	file	raw/fp-7a78a7e414d4/GSE193695_family.soft.gz		!Sample_characteristics_ch1 = organ: Bone marrow	True
GSM5818819	geo:GSE193695:GSM5818819	tissue_type	tissue	file	raw/fp-7a78a7e414d4/GSE193695_family.soft.gz		!Sample_characteristics_ch1 = organ: Bone marrow	True
GSM5818820	geo:GSE193695:GSM5818820	tissue_type	tissue	file	raw/fp-7a78a7e414d4/GSE193695_family.soft.gz		!Sample_characteristics_ch1 = organ: Bone marrow	True
GSM5818821	geo:GSE193695:GSM5818821	tissue_type	tissue	file	raw/fp-7a78a7e414d4/GSE193695_family.soft.gz		!Sample_characteristics_ch1 = organ: Bone marrow	True
GSM5818822	geo:GSE193695:GSM5818822	tissue_type	tissue	file	raw/fp-7a78a7e414d4/GSE193695_family.soft.gz		!Sample_characteristics_ch1 = organ: Bone marrow	True
GSM5818823	geo:GSE193695:GSM5818823	tissue_type	tissue	file	raw/fp-7a78a7e414d4/GSE193695_family.soft.gz		!Sample_characteristics_ch1 = organ: Bone marrow	True
GSM5818824	geo:GSE193695:GSM5818824	tissue_type	tissue	file	raw/fp-7a78a7e414d4/GSE193695_family.soft.gz		!Sample_characteristics_ch1 = organ: Bone marrow	True
GSM5818825	geo:GSE193695:GSM5818825	tissue_type	tissue	file	raw/fp-7a78a7e414d4/GSE193695_family.soft.gz		!Sample_characteristics_ch1 = organ: Bone marrow	True
GSM5818826	geo:GSE193695:GSM5818826	tissue_type	tissue	file	raw/fp-7a78a7e414d4/GSE193695_family.soft.gz		!Sample_characteristics_ch1 = organ: Bone marrow	True
GSM5818827	geo:GSE193695:GSM5818827	tissue_type	tissue	file	raw/fp-7a78a7e414d4/GSE193695_family.soft.gz		!Sample_characteristics_ch1 = organ: Bone marrow	True
GSM5818804	geo:GSE193695:GSM5818804	tissue_type	tissue	file	raw/fp-7a78a7e414d4/GSE193695_family.soft.gz		Mononuclear cells were isolated from bone marrow aspirates using density centrifugation media	True
GSM5818805	geo:GSE193695:GSM5818805	tissue_type	tissue	file	raw/fp-7a78a7e414d4/GSE193695_family.soft.gz		Mononuclear cells were isolated from bone marrow aspirates using density centrifugation media	True
GSM5818806	geo:GSE193695:GSM5818806	tissue_type	tissue	file	raw/fp-7a78a7e414d4/GSE193695_family.soft.gz		Mononuclear cells were isolated from bone marrow aspirates using density centrifugation media	True
GSM5818807	geo:GSE193695:GSM5818807	tissue_type	tissue	file	raw/fp-7a78a7e414d4/GSE193695_family.soft.gz		Mononuclear cells were isolated from bone marrow aspirates using density centrifugation media	True
GSM5818808	geo:GSE193695:GSM5818808	tissue_type	tissue	file	raw/fp-7a78a7e414d4/GSE193695_family.soft.gz		Mononuclear cells were isolated from bone marrow aspirates using density centrifugation media	True
GSM5818809	geo:GSE193695:GSM5818809	tissue_type	tissue	file	raw/fp-7a78a7e414d4/GSE193695_family.soft.gz		Mononuclear cells were isolated from bone marrow aspirates using density centrifugation media	True
GSM5818810	geo:GSE193695:GSM5818810	tissue_type	tissue	file	raw/fp-7a78a7e414d4/GSE193695_family.soft.gz		Mononuclear cells were isolated from bone marrow aspirates using density centrifugation media	True
GSM5818811	geo:GSE193695:GSM5818811	tissue_type	tissue	file	raw/fp-7a78a7e414d4/GSE193695_family.soft.gz		Mononuclear cells were isolated from bone marrow aspirates using density centrifugation media	True
GSM5818812	geo:GSE193695:GSM5818812	tissue_type	tissue	file	raw/fp-7a78a7e414d4/GSE193695_family.soft.gz		Mononuclear cells were isolated from bone marrow aspirates using density centrifugation media	True
GSM5818813	geo:GSE193695:GSM5818813	tissue_type	tissue	file	raw/fp-7a78a7e414d4/GSE193695_family.soft.gz		Mononuclear cells were isolated from bone marrow aspirates using density centrifugation media	True
GSM5818814	geo:GSE193695:GSM5818814	tissue_type	tissue	file	raw/fp-7a78a7e414d4/GSE193695_family.soft.gz		Mononuclear cells were isolated from bone marrow aspirates using density centrifugation media	True
GSM5818815	geo:GSE193695:GSM5818815	tissue_type	tissue	file	raw/fp-7a78a7e414d4/GSE193695_family.soft.gz		Mononuclear cells were isolated from bone marrow aspirates using density centrifugation media	True
GSM5818816	geo:GSE193695:GSM5818816	tissue_type	tissue	file	raw/fp-7a78a7e414d4/GSE193695_family.soft.gz		Mononuclear cells were isolated from bone marrow aspirates using density centrifugation media	True
GSM5818817	geo:GSE193695:GSM5818817	tissue_type	tissue	file	raw/fp-7a78a7e414d4/GSE193695_family.soft.gz		Mononuclear cells were isolated from bone marrow aspirates using density centrifugation media	True
GSM5818818	geo:GSE193695:GSM5818818	tissue_type	tissue	file	raw/fp-7a78a7e414d4/GSE193695_family.soft.gz		Mononuclear cells were isolated from bone marrow aspirates using density centrifugation media	True
GSM5818819	geo:GSE193695:GSM5818819	tissue_type	tissue	file	raw/fp-7a78a7e414d4/GSE193695_family.soft.gz		Mononuclear cells were isolated from bone marrow aspirates using density centrifugation media	True
GSM5818820	geo:GSE193695:GSM5818820	tissue_type	tissue	file	raw/fp-7a78a7e414d4/GSE193695_family.soft.gz		Mononuclear cells were isolated from bone marrow aspirates using density centrifugation media	True
GSM5818821	geo:GSE193695:GSM5818821	tissue_type	tissue	file	raw/fp-7a78a7e414d4/GSE193695_family.soft.gz		Mononuclear cells were isolated from bone marrow aspirates using density centrifugation media	True
GSM5818822	geo:GSE193695:GSM5818822	tissue_type	tissue	file	raw/fp-7a78a7e414d4/GSE193695_family.soft.gz		Mononuclear cells were isolated from bone marrow aspirates using density centrifugation media	True
GSM5818823	geo:GSE193695:GSM5818823	tissue_type	tissue	file	raw/fp-7a78a7e414d4/GSE193695_family.soft.gz		Mononuclear cells were isolated from bone marrow aspirates using density centrifugation media	True
GSM5818824	geo:GSE193695:GSM5818824	tissue_type	tissue	file	raw/fp-7a78a7e414d4/GSE193695_family.soft.gz		Mononuclear cells were isolated from bone marrow aspirates using density centrifugation media	True
GSM5818825	geo:GSE193695:GSM5818825	tissue_type	tissue	file	raw/fp-7a78a7e414d4/GSE193695_family.soft.gz		Mononuclear cells were isolated from bone marrow aspirates using density centrifugation media	True
GSM5818826	geo:GSE193695:GSM5818826	tissue_type	tissue	file	raw/fp-7a78a7e414d4/GSE193695_family.soft.gz		Mononuclear cells were isolated from bone marrow aspirates using density centrifugation media	True
GSM5818827	geo:GSE193695:GSM5818827	tissue_type	tissue	file	raw/fp-7a78a7e414d4/GSE193695_family.soft.gz		Mononuclear cells were isolated from bone marrow aspirates using density centrifugation media	True
GSM5818804	geo:GSE193695:GSM5818804	sample_collection_method	bone marrow aspiration	file	raw/fp-7a78a7e414d4/GSE193695_family.soft.gz		!Sample_source_name_ch1 = Bone marrow aspiration	True
GSM5818805	geo:GSE193695:GSM5818805	sample_collection_method	bone marrow aspiration	file	raw/fp-7a78a7e414d4/GSE193695_family.soft.gz		!Sample_source_name_ch1 = Bone marrow aspiration	True
GSM5818806	geo:GSE193695:GSM5818806	sample_collection_method	bone marrow aspiration	file	raw/fp-7a78a7e414d4/GSE193695_family.soft.gz		!Sample_source_name_ch1 = Bone marrow aspiration	True
GSM5818807	geo:GSE193695:GSM5818807	sample_collection_method	bone marrow aspiration	file	raw/fp-7a78a7e414d4/GSE193695_family.soft.gz		!Sample_source_name_ch1 = Bone marrow aspiration	True
GSM5818808	geo:GSE193695:GSM5818808	sample_collection_method	bone marrow aspiration	file	raw/fp-7a78a7e414d4/GSE193695_family.soft.gz		!Sample_source_name_ch1 = Bone marrow aspiration	True
GSM5818809	geo:GSE193695:GSM5818809	sample_collection_method	bone marrow aspiration	file	raw/fp-7a78a7e414d4/GSE193695_family.soft.gz		!Sample_source_name_ch1 = Bone marrow aspiration	True
GSM5818810	geo:GSE193695:GSM5818810	sample_collection_method	bone marrow aspiration	file	raw/fp-7a78a7e414d4/GSE193695_family.soft.gz		!Sample_source_name_ch1 = Bone marrow aspiration	True
GSM5818811	geo:GSE193695:GSM5818811	sample_collection_method	bone marrow aspiration	file	raw/fp-7a78a7e414d4/GSE193695_family.soft.gz		!Sample_source_name_ch1 = Bone marrow aspiration	True
GSM5818812	geo:GSE193695:GSM5818812	sample_collection_method	bone marrow aspiration	file	raw/fp-7a78a7e414d4/GSE193695_family.soft.gz		!Sample_source_name_ch1 = Bone marrow aspiration	True
GSM5818813	geo:GSE193695:GSM5818813	sample_collection_method	bone marrow aspiration	file	raw/fp-7a78a7e414d4/GSE193695_family.soft.gz		!Sample_source_name_ch1 = Bone marrow aspiration	True
GSM5818814	geo:GSE193695:GSM5818814	sample_collection_method	bone marrow aspiration	file	raw/fp-7a78a7e414d4/GSE193695_family.soft.gz		!Sample_source_name_ch1 = Bone marrow aspiration	True
GSM5818815	geo:GSE193695:GSM5818815	sample_collection_method	bone marrow aspiration	file	raw/fp-7a78a7e414d4/GSE193695_family.soft.gz		!Sample_source_name_ch1 = Bone marrow aspiration	True
GSM5818816	geo:GSE193695:GSM5818816	sample_collection_method	bone marrow aspiration	file	raw/fp-7a78a7e414d4/GSE193695_family.soft.gz		!Sample_source_name_ch1 = Bone marrow aspiration	True
GSM5818817	geo:GSE193695:GSM5818817	sample_collection_method	bone marrow aspiration	file	raw/fp-7a78a7e414d4/GSE193695_family.soft.gz		!Sample_source_name_ch1 = Bone marrow aspiration	True
GSM5818818	geo:GSE193695:GSM5818818	sample_collection_method	bone marrow aspiration	file	raw/fp-7a78a7e414d4/GSE193695_family.soft.gz		!Sample_source_name_ch1 = Bone marrow aspiration	True
GSM5818819	geo:GSE193695:GSM5818819	sample_collection_method	bone marrow aspiration	file	raw/fp-7a78a7e414d4/GSE193695_family.soft.gz		!Sample_source_name_ch1 = Bone marrow aspiration	True
GSM5818820	geo:GSE193695:GSM5818820	sample_collection_method	bone marrow aspiration	file	raw/fp-7a78a7e414d4/GSE193695_family.soft.gz		!Sample_source_name_ch1 = Bone marrow aspiration	True
GSM5818821	geo:GSE193695:GSM5818821	sample_collection_method	bone marrow aspiration	file	raw/fp-7a78a7e414d4/GSE193695_family.soft.gz		!Sample_source_name_ch1 = Bone marrow aspiration	True
GSM5818822	geo:GSE193695:GSM5818822	sample_collection_method	bone marrow aspiration	file	raw/fp-7a78a7e414d4/GSE193695_family.soft.gz		!Sample_source_name_ch1 = Bone marrow aspiration	True
GSM5818823	geo:GSE193695:GSM5818823	sample_collection_method	bone marrow aspiration	file	raw/fp-7a78a7e414d4/GSE193695_family.soft.gz		!Sample_source_name_ch1 = Bone marrow aspiration	True
GSM5818824	geo:GSE193695:GSM5818824	sample_collection_method	bone marrow aspiration	file	raw/fp-7a78a7e414d4/GSE193695_family.soft.gz		!Sample_source_name_ch1 = Bone marrow aspiration	True
GSM5818825	geo:GSE193695:GSM5818825	sample_collection_method	bone marrow aspiration	file	raw/fp-7a78a7e414d4/GSE193695_family.soft.gz		!Sample_source_name_ch1 = Bone marrow aspiration	True
GSM5818826	geo:GSE193695:GSM5818826	sample_collection_method	bone marrow aspiration	file	raw/fp-7a78a7e414d4/GSE193695_family.soft.gz		!Sample_source_name_ch1 = Bone marrow aspiration	True
GSM5818827	geo:GSE193695:GSM5818827	sample_collection_method	bone marrow aspiration	file	raw/fp-7a78a7e414d4/GSE193695_family.soft.gz		!Sample_source_name_ch1 = Bone marrow aspiration	True
GSM5818804	geo:GSE193695:GSM5818804	disease_free_text	multiple myeloma	file	raw/fp-7a78a7e414d4/GSE193695_family.soft.gz		!Series_title = Identification of a drug-response gene in multiple myeloma through longitudinal single-cell transcriptome sequencing.	True
GSM5818805	geo:GSE193695:GSM5818805	disease_free_text	multiple myeloma	file	raw/fp-7a78a7e414d4/GSE193695_family.soft.gz		!Series_title = Identification of a drug-response gene in multiple myeloma through longitudinal single-cell transcriptome sequencing.	True
GSM5818806	geo:GSE193695:GSM5818806	disease_free_text	multiple myeloma	file	raw/fp-7a78a7e414d4/GSE193695_family.soft.gz		!Series_title = Identification of a drug-response gene in multiple myeloma through longitudinal single-cell transcriptome sequencing.	True
GSM5818807	geo:GSE193695:GSM5818807	disease_free_text	multiple myeloma	file	raw/fp-7a78a7e414d4/GSE193695_family.soft.gz		!Series_title = Identification of a drug-response gene in multiple myeloma through longitudinal single-cell transcriptome sequencing.	True
GSM5818808	geo:GSE193695:GSM5818808	disease_free_text	multiple myeloma	file	raw/fp-7a78a7e414d4/GSE193695_family.soft.gz		!Series_title = Identification of a drug-response gene in multiple myeloma through longitudinal single-cell transcriptome sequencing.	True
GSM5818809	geo:GSE193695:GSM5818809	disease_free_text	multiple myeloma	file	raw/fp-7a78a7e414d4/GSE193695_family.soft.gz		!Series_title = Identification of a drug-response gene in multiple myeloma through longitudinal single-cell transcriptome sequencing.	True
GSM5818810	geo:GSE193695:GSM5818810	disease_free_text	multiple myeloma	file	raw/fp-7a78a7e414d4/GSE193695_family.soft.gz		!Series_title = Identification of a drug-response gene in multiple myeloma through longitudinal single-cell transcriptome sequencing.	True
GSM5818811	geo:GSE193695:GSM5818811	disease_free_text	multiple myeloma	file	raw/fp-7a78a7e414d4/GSE193695_family.soft.gz		!Series_title = Identification of a drug-response gene in multiple myeloma through longitudinal single-cell transcriptome sequencing.	True
GSM5818812	geo:GSE193695:GSM5818812	disease_free_text	multiple myeloma	file	raw/fp-7a78a7e414d4/GSE193695_family.soft.gz		!Series_title = Identification of a drug-response gene in multiple myeloma through longitudinal single-cell transcriptome sequencing.	True
GSM5818813	geo:GSE193695:GSM5818813	disease_free_text	multiple myeloma	file	raw/fp-7a78a7e414d4/GSE193695_family.soft.gz		!Series_title = Identification of a drug-response gene in multiple myeloma through longitudinal single-cell transcriptome sequencing.	True
GSM5818814	geo:GSE193695:GSM5818814	disease_free_text	multiple myeloma	file	raw/fp-7a78a7e414d4/GSE193695_family.soft.gz		!Series_title = Identification of a drug-response gene in multiple myeloma through longitudinal single-cell transcriptome sequencing.	True
GSM5818815	geo:GSE193695:GSM5818815	disease_free_text	multiple myeloma	file	raw/fp-7a78a7e414d4/GSE193695_family.soft.gz		!Series_title = Identification of a drug-response gene in multiple myeloma through longitudinal single-cell transcriptome sequencing.	True
GSM5818816	geo:GSE193695:GSM5818816	disease_free_text	multiple myeloma	file	raw/fp-7a78a7e414d4/GSE193695_family.soft.gz		!Series_title = Identification of a drug-response gene in multiple myeloma through longitudinal single-cell transcriptome sequencing.	True
GSM5818817	geo:GSE193695:GSM5818817	disease_free_text	multiple myeloma	file	raw/fp-7a78a7e414d4/GSE193695_family.soft.gz		!Series_title = Identification of a drug-response gene in multiple myeloma through longitudinal single-cell transcriptome sequencing.	True
GSM5818818	geo:GSE193695:GSM5818818	disease_free_text	multiple myeloma	file	raw/fp-7a78a7e414d4/GSE193695_family.soft.gz		!Series_title = Identification of a drug-response gene in multiple myeloma through longitudinal single-cell transcriptome sequencing.	True
GSM5818819	geo:GSE193695:GSM5818819	disease_free_text	multiple myeloma	file	raw/fp-7a78a7e414d4/GSE193695_family.soft.gz		!Series_title = Identification of a drug-response gene in multiple myeloma through longitudinal single-cell transcriptome sequencing.	True
GSM5818820	geo:GSE193695:GSM5818820	disease_free_text	multiple myeloma	file	raw/fp-7a78a7e414d4/GSE193695_family.soft.gz		!Series_title = Identification of a drug-response gene in multiple myeloma through longitudinal single-cell transcriptome sequencing.	True
GSM5818821	geo:GSE193695:GSM5818821	disease_free_text	multiple myeloma	file	raw/fp-7a78a7e414d4/GSE193695_family.soft.gz		!Series_title = Identification of a drug-response gene in multiple myeloma through longitudinal single-cell transcriptome sequencing.	True
GSM5818822	geo:GSE193695:GSM5818822	disease_free_text	multiple myeloma	file	raw/fp-7a78a7e414d4/GSE193695_family.soft.gz		!Series_title = Identification of a drug-response gene in multiple myeloma through longitudinal single-cell transcriptome sequencing.	True
GSM5818823	geo:GSE193695:GSM5818823	disease_free_text	multiple myeloma	file	raw/fp-7a78a7e414d4/GSE193695_family.soft.gz		!Series_title = Identification of a drug-response gene in multiple myeloma through longitudinal single-cell transcriptome sequencing.	True
GSM5818824	geo:GSE193695:GSM5818824	disease_free_text	multiple myeloma	file	raw/fp-7a78a7e414d4/GSE193695_family.soft.gz		!Series_title = Identification of a drug-response gene in multiple myeloma through longitudinal single-cell transcriptome sequencing.	True
GSM5818825	geo:GSE193695:GSM5818825	disease_free_text	multiple myeloma	file	raw/fp-7a78a7e414d4/GSE193695_family.soft.gz		!Series_title = Identification of a drug-response gene in multiple myeloma through longitudinal single-cell transcriptome sequencing.	True
GSM5818826	geo:GSE193695:GSM5818826	disease_free_text	multiple myeloma	file	raw/fp-7a78a7e414d4/GSE193695_family.soft.gz		!Series_title = Identification of a drug-response gene in multiple myeloma through longitudinal single-cell transcriptome sequencing.	True
GSM5818827	geo:GSE193695:GSM5818827	disease_free_text	multiple myeloma	file	raw/fp-7a78a7e414d4/GSE193695_family.soft.gz		!Series_title = Identification of a drug-response gene in multiple myeloma through longitudinal single-cell transcriptome sequencing.	True
GSM5818804	geo:GSE193695:GSM5818804	disease_free_text	multiple myeloma	file	raw/fp-7a78a7e414d4/GSE193695_family.soft.gz		bone marrow cells from a single patient with relapsed and refractory MM	True
GSM5818805	geo:GSE193695:GSM5818805	disease_free_text	multiple myeloma	file	raw/fp-7a78a7e414d4/GSE193695_family.soft.gz		bone marrow cells from a single patient with relapsed and refractory MM	True
GSM5818806	geo:GSE193695:GSM5818806	disease_free_text	multiple myeloma	file	raw/fp-7a78a7e414d4/GSE193695_family.soft.gz		bone marrow cells from a single patient with relapsed and refractory MM	True
GSM5818807	geo:GSE193695:GSM5818807	disease_free_text	multiple myeloma	file	raw/fp-7a78a7e414d4/GSE193695_family.soft.gz		bone marrow cells from a single patient with relapsed and refractory MM	True
GSM5818808	geo:GSE193695:GSM5818808	disease_free_text	multiple myeloma	file	raw/fp-7a78a7e414d4/GSE193695_family.soft.gz		bone marrow cells from a single patient with relapsed and refractory MM	True
GSM5818809	geo:GSE193695:GSM5818809	disease_free_text	multiple myeloma	file	raw/fp-7a78a7e414d4/GSE193695_family.soft.gz		bone marrow cells from a single patient with relapsed and refractory MM	True
GSM5818810	geo:GSE193695:GSM5818810	disease_free_text	multiple myeloma	file	raw/fp-7a78a7e414d4/GSE193695_family.soft.gz		bone marrow cells from a single patient with relapsed and refractory MM	True
GSM5818811	geo:GSE193695:GSM5818811	disease_free_text	multiple myeloma	file	raw/fp-7a78a7e414d4/GSE193695_family.soft.gz		bone marrow cells from a single patient with relapsed and refractory MM	True
GSM5818812	geo:GSE193695:GSM5818812	disease_free_text	multiple myeloma	file	raw/fp-7a78a7e414d4/GSE193695_family.soft.gz		bone marrow cells from a single patient with relapsed and refractory MM	True
GSM5818813	geo:GSE193695:GSM5818813	disease_free_text	multiple myeloma	file	raw/fp-7a78a7e414d4/GSE193695_family.soft.gz		bone marrow cells from a single patient with relapsed and refractory MM	True
GSM5818814	geo:GSE193695:GSM5818814	disease_free_text	multiple myeloma	file	raw/fp-7a78a7e414d4/GSE193695_family.soft.gz		bone marrow cells from a single patient with relapsed and refractory MM	True
GSM5818815	geo:GSE193695:GSM5818815	disease_free_text	multiple myeloma	file	raw/fp-7a78a7e414d4/GSE193695_family.soft.gz		bone marrow cells from a single patient with relapsed and refractory MM	True
GSM5818816	geo:GSE193695:GSM5818816	disease_free_text	multiple myeloma	file	raw/fp-7a78a7e414d4/GSE193695_family.soft.gz		bone marrow cells from a single patient with relapsed and refractory MM	True
GSM5818817	geo:GSE193695:GSM5818817	disease_free_text	multiple myeloma	file	raw/fp-7a78a7e414d4/GSE193695_family.soft.gz		bone marrow cells from a single patient with relapsed and refractory MM	True
GSM5818818	geo:GSE193695:GSM5818818	disease_free_text	multiple myeloma	file	raw/fp-7a78a7e414d4/GSE193695_family.soft.gz		bone marrow cells from a single patient with relapsed and refractory MM	True
GSM5818819	geo:GSE193695:GSM5818819	disease_free_text	multiple myeloma	file	raw/fp-7a78a7e414d4/GSE193695_family.soft.gz		bone marrow cells from a single patient with relapsed and refractory MM	True
GSM5818820	geo:GSE193695:GSM5818820	disease_free_text	multiple myeloma	file	raw/fp-7a78a7e414d4/GSE193695_family.soft.gz		bone marrow cells from a single patient with relapsed and refractory MM	True
GSM5818821	geo:GSE193695:GSM5818821	disease_free_text	multiple myeloma	file	raw/fp-7a78a7e414d4/GSE193695_family.soft.gz		bone marrow cells from a single patient with relapsed and refractory MM	True
GSM5818822	geo:GSE193695:GSM5818822	disease_free_text	multiple myeloma	file	raw/fp-7a78a7e414d4/GSE193695_family.soft.gz		bone marrow cells from a single patient with relapsed and refractory MM	True
GSM5818823	geo:GSE193695:GSM5818823	disease_free_text	multiple myeloma	file	raw/fp-7a78a7e414d4/GSE193695_family.soft.gz		bone marrow cells from a single patient with relapsed and refractory MM	True
GSM5818824	geo:GSE193695:GSM5818824	disease_free_text	multiple myeloma	file	raw/fp-7a78a7e414d4/GSE193695_family.soft.gz		bone marrow cells from a single patient with relapsed and refractory MM	True
GSM5818825	geo:GSE193695:GSM5818825	disease_free_text	multiple myeloma	file	raw/fp-7a78a7e414d4/GSE193695_family.soft.gz		bone marrow cells from a single patient with relapsed and refractory MM	True
GSM5818826	geo:GSE193695:GSM5818826	disease_free_text	multiple myeloma	file	raw/fp-7a78a7e414d4/GSE193695_family.soft.gz		bone marrow cells from a single patient with relapsed and refractory MM	True
GSM5818827	geo:GSE193695:GSM5818827	disease_free_text	multiple myeloma	file	raw/fp-7a78a7e414d4/GSE193695_family.soft.gz		bone marrow cells from a single patient with relapsed and refractory MM	True
GSM5818804	geo:GSE193695:GSM5818804	sampled_site_condition	diseased	file	raw/fp-7a78a7e414d4/GSE193695_family.soft.gz		bone marrow cells from a single patient with relapsed and refractory MM	True
GSM5818805	geo:GSE193695:GSM5818805	sampled_site_condition	diseased	file	raw/fp-7a78a7e414d4/GSE193695_family.soft.gz		bone marrow cells from a single patient with relapsed and refractory MM	True
GSM5818806	geo:GSE193695:GSM5818806	sampled_site_condition	diseased	file	raw/fp-7a78a7e414d4/GSE193695_family.soft.gz		bone marrow cells from a single patient with relapsed and refractory MM	True
GSM5818807	geo:GSE193695:GSM5818807	sampled_site_condition	diseased	file	raw/fp-7a78a7e414d4/GSE193695_family.soft.gz		bone marrow cells from a single patient with relapsed and refractory MM	True
GSM5818808	geo:GSE193695:GSM5818808	sampled_site_condition	diseased	file	raw/fp-7a78a7e414d4/GSE193695_family.soft.gz		bone marrow cells from a single patient with relapsed and refractory MM	True
GSM5818809	geo:GSE193695:GSM5818809	sampled_site_condition	diseased	file	raw/fp-7a78a7e414d4/GSE193695_family.soft.gz		bone marrow cells from a single patient with relapsed and refractory MM	True
GSM5818810	geo:GSE193695:GSM5818810	sampled_site_condition	diseased	file	raw/fp-7a78a7e414d4/GSE193695_family.soft.gz		bone marrow cells from a single patient with relapsed and refractory MM	True
GSM5818811	geo:GSE193695:GSM5818811	sampled_site_condition	diseased	file	raw/fp-7a78a7e414d4/GSE193695_family.soft.gz		bone marrow cells from a single patient with relapsed and refractory MM	True
GSM5818812	geo:GSE193695:GSM5818812	sampled_site_condition	diseased	file	raw/fp-7a78a7e414d4/GSE193695_family.soft.gz		bone marrow cells from a single patient with relapsed and refractory MM	True
GSM5818813	geo:GSE193695:GSM5818813	sampled_site_condition	diseased	file	raw/fp-7a78a7e414d4/GSE193695_family.soft.gz		bone marrow cells from a single patient with relapsed and refractory MM	True
GSM5818814	geo:GSE193695:GSM5818814	sampled_site_condition	diseased	file	raw/fp-7a78a7e414d4/GSE193695_family.soft.gz		bone marrow cells from a single patient with relapsed and refractory MM	True
GSM5818815	geo:GSE193695:GSM5818815	sampled_site_condition	diseased	file	raw/fp-7a78a7e414d4/GSE193695_family.soft.gz		bone marrow cells from a single patient with relapsed and refractory MM	True
GSM5818816	geo:GSE193695:GSM5818816	sampled_site_condition	diseased	file	raw/fp-7a78a7e414d4/GSE193695_family.soft.gz		bone marrow cells from a single patient with relapsed and refractory MM	True
GSM5818817	geo:GSE193695:GSM5818817	sampled_site_condition	diseased	file	raw/fp-7a78a7e414d4/GSE193695_family.soft.gz		bone marrow cells from a single patient with relapsed and refractory MM	True
GSM5818818	geo:GSE193695:GSM5818818	sampled_site_condition	diseased	file	raw/fp-7a78a7e414d4/GSE193695_family.soft.gz		bone marrow cells from a single patient with relapsed and refractory MM	True
GSM5818819	geo:GSE193695:GSM5818819	sampled_site_condition	diseased	file	raw/fp-7a78a7e414d4/GSE193695_family.soft.gz		bone marrow cells from a single patient with relapsed and refractory MM	True
GSM5818820	geo:GSE193695:GSM5818820	sampled_site_condition	diseased	file	raw/fp-7a78a7e414d4/GSE193695_family.soft.gz		bone marrow cells from a single patient with relapsed and refractory MM	True
GSM5818821	geo:GSE193695:GSM5818821	sampled_site_condition	diseased	file	raw/fp-7a78a7e414d4/GSE193695_family.soft.gz		bone marrow cells from a single patient with relapsed and refractory MM	True
GSM5818822	geo:GSE193695:GSM5818822	sampled_site_condition	diseased	file	raw/fp-7a78a7e414d4/GSE193695_family.soft.gz		bone marrow cells from a single patient with relapsed and refractory MM	True
GSM5818823	geo:GSE193695:GSM5818823	sampled_site_condition	diseased	file	raw/fp-7a78a7e414d4/GSE193695_family.soft.gz		bone marrow cells from a single patient with relapsed and refractory MM	True
GSM5818824	geo:GSE193695:GSM5818824	sampled_site_condition	diseased	file	raw/fp-7a78a7e414d4/GSE193695_family.soft.gz		bone marrow cells from a single patient with relapsed and refractory MM	True
GSM5818825	geo:GSE193695:GSM5818825	sampled_site_condition	diseased	file	raw/fp-7a78a7e414d4/GSE193695_family.soft.gz		bone marrow cells from a single patient with relapsed and refractory MM	True
GSM5818826	geo:GSE193695:GSM5818826	sampled_site_condition	diseased	file	raw/fp-7a78a7e414d4/GSE193695_family.soft.gz		bone marrow cells from a single patient with relapsed and refractory MM	True
GSM5818827	geo:GSE193695:GSM5818827	sampled_site_condition	diseased	file	raw/fp-7a78a7e414d4/GSE193695_family.soft.gz		bone marrow cells from a single patient with relapsed and refractory MM	True
GSM5818804	geo:GSE193695:GSM5818804	assay	CEL-seq2	file	raw/fp-7a78a7e414d4/GSE193695_family.soft.gz		Libraries were prepared according to the CEL-Seq2 protocol.	True
GSM5818805	geo:GSE193695:GSM5818805	assay	CEL-seq2	file	raw/fp-7a78a7e414d4/GSE193695_family.soft.gz		Libraries were prepared according to the CEL-Seq2 protocol.	True
GSM5818806	geo:GSE193695:GSM5818806	assay	CEL-seq2	file	raw/fp-7a78a7e414d4/GSE193695_family.soft.gz		Libraries were prepared according to the CEL-Seq2 protocol.	True
GSM5818807	geo:GSE193695:GSM5818807	assay	CEL-seq2	file	raw/fp-7a78a7e414d4/GSE193695_family.soft.gz		Libraries were prepared according to the CEL-Seq2 protocol.	True
GSM5818808	geo:GSE193695:GSM5818808	assay	CEL-seq2	file	raw/fp-7a78a7e414d4/GSE193695_family.soft.gz		Libraries were prepared according to the CEL-Seq2 protocol.	True
GSM5818809	geo:GSE193695:GSM5818809	assay	CEL-seq2	file	raw/fp-7a78a7e414d4/GSE193695_family.soft.gz		Libraries were prepared according to the CEL-Seq2 protocol.	True
GSM5818810	geo:GSE193695:GSM5818810	assay	CEL-seq2	file	raw/fp-7a78a7e414d4/GSE193695_family.soft.gz		Libraries were prepared according to the CEL-Seq2 protocol.	True
GSM5818811	geo:GSE193695:GSM5818811	assay	CEL-seq2	file	raw/fp-7a78a7e414d4/GSE193695_family.soft.gz		Libraries were prepared according to the CEL-Seq2 protocol.	True
GSM5818812	geo:GSE193695:GSM5818812	assay	CEL-seq2	file	raw/fp-7a78a7e414d4/GSE193695_family.soft.gz		Libraries were prepared according to the CEL-Seq2 protocol.	True
GSM5818813	geo:GSE193695:GSM5818813	assay	CEL-seq2	file	raw/fp-7a78a7e414d4/GSE193695_family.soft.gz		Libraries were prepared according to the CEL-Seq2 protocol.	True
GSM5818814	geo:GSE193695:GSM5818814	assay	CEL-seq2	file	raw/fp-7a78a7e414d4/GSE193695_family.soft.gz		Libraries were prepared according to the CEL-Seq2 protocol.	True
GSM5818815	geo:GSE193695:GSM5818815	assay	CEL-seq2	file	raw/fp-7a78a7e414d4/GSE193695_family.soft.gz		Libraries were prepared according to the CEL-Seq2 protocol.	True
GSM5818816	geo:GSE193695:GSM5818816	assay	CEL-seq2	file	raw/fp-7a78a7e414d4/GSE193695_family.soft.gz		Libraries were prepared according to the CEL-Seq2 protocol.	True
GSM5818817	geo:GSE193695:GSM5818817	assay	CEL-seq2	file	raw/fp-7a78a7e414d4/GSE193695_family.soft.gz		Libraries were prepared according to the CEL-Seq2 protocol.	True
GSM5818818	geo:GSE193695:GSM5818818	assay	CEL-seq2	file	raw/fp-7a78a7e414d4/GSE193695_family.soft.gz		Libraries were prepared according to the CEL-Seq2 protocol.	True
GSM5818819	geo:GSE193695:GSM5818819	assay	CEL-seq2	file	raw/fp-7a78a7e414d4/GSE193695_family.soft.gz		Libraries were prepared according to the CEL-Seq2 protocol.	True
GSM5818820	geo:GSE193695:GSM5818820	assay	CEL-seq2	file	raw/fp-7a78a7e414d4/GSE193695_family.soft.gz		Libraries were prepared according to the CEL-Seq2 protocol.	True
GSM5818821	geo:GSE193695:GSM5818821	assay	CEL-seq2	file	raw/fp-7a78a7e414d4/GSE193695_family.soft.gz		Libraries were prepared according to the CEL-Seq2 protocol.	True
GSM5818822	geo:GSE193695:GSM5818822	assay	CEL-seq2	file	raw/fp-7a78a7e414d4/GSE193695_family.soft.gz		Libraries were prepared according to the CEL-Seq2 protocol.	True
GSM5818823	geo:GSE193695:GSM5818823	assay	CEL-seq2	file	raw/fp-7a78a7e414d4/GSE193695_family.soft.gz		Libraries were prepared according to the CEL-Seq2 protocol.	True
GSM5818824	geo:GSE193695:GSM5818824	assay	CEL-seq2	file	raw/fp-7a78a7e414d4/GSE193695_family.soft.gz		Libraries were prepared according to the CEL-Seq2 protocol.	True
GSM5818825	geo:GSE193695:GSM5818825	assay	CEL-seq2	file	raw/fp-7a78a7e414d4/GSE193695_family.soft.gz		Libraries were prepared according to the CEL-Seq2 protocol.	True
GSM5818826	geo:GSE193695:GSM5818826	assay	CEL-seq2	file	raw/fp-7a78a7e414d4/GSE193695_family.soft.gz		Libraries were prepared according to the CEL-Seq2 protocol.	True
GSM5818827	geo:GSE193695:GSM5818827	assay	CEL-seq2	file	raw/fp-7a78a7e414d4/GSE193695_family.soft.gz		Libraries were prepared according to the CEL-Seq2 protocol.	True
GSM5818804	geo:GSE193695:GSM5818804	suspension_type	cell	file	raw/fp-7a78a7e414d4/GSE193695_family.soft.gz		Single cell sort of MM cells was performed in 384 well plates using FACS.	True
GSM5818805	geo:GSE193695:GSM5818805	suspension_type	cell	file	raw/fp-7a78a7e414d4/GSE193695_family.soft.gz		Single cell sort of MM cells was performed in 384 well plates using FACS.	True
GSM5818806	geo:GSE193695:GSM5818806	suspension_type	cell	file	raw/fp-7a78a7e414d4/GSE193695_family.soft.gz		Single cell sort of MM cells was performed in 384 well plates using FACS.	True
GSM5818807	geo:GSE193695:GSM5818807	suspension_type	cell	file	raw/fp-7a78a7e414d4/GSE193695_family.soft.gz		Single cell sort of MM cells was performed in 384 well plates using FACS.	True
GSM5818808	geo:GSE193695:GSM5818808	suspension_type	cell	file	raw/fp-7a78a7e414d4/GSE193695_family.soft.gz		Single cell sort of MM cells was performed in 384 well plates using FACS.	True
GSM5818809	geo:GSE193695:GSM5818809	suspension_type	cell	file	raw/fp-7a78a7e414d4/GSE193695_family.soft.gz		Single cell sort of MM cells was performed in 384 well plates using FACS.	True
GSM5818810	geo:GSE193695:GSM5818810	suspension_type	cell	file	raw/fp-7a78a7e414d4/GSE193695_family.soft.gz		Single cell sort of MM cells was performed in 384 well plates using FACS.	True
GSM5818811	geo:GSE193695:GSM5818811	suspension_type	cell	file	raw/fp-7a78a7e414d4/GSE193695_family.soft.gz		Single cell sort of MM cells was performed in 384 well plates using FACS.	True
GSM5818812	geo:GSE193695:GSM5818812	suspension_type	cell	file	raw/fp-7a78a7e414d4/GSE193695_family.soft.gz		Single cell sort of MM cells was performed in 384 well plates using FACS.	True
GSM5818813	geo:GSE193695:GSM5818813	suspension_type	cell	file	raw/fp-7a78a7e414d4/GSE193695_family.soft.gz		Single cell sort of MM cells was performed in 384 well plates using FACS.	True
GSM5818814	geo:GSE193695:GSM5818814	suspension_type	cell	file	raw/fp-7a78a7e414d4/GSE193695_family.soft.gz		Single cell sort of MM cells was performed in 384 well plates using FACS.	True
GSM5818815	geo:GSE193695:GSM5818815	suspension_type	cell	file	raw/fp-7a78a7e414d4/GSE193695_family.soft.gz		Single cell sort of MM cells was performed in 384 well plates using FACS.	True
GSM5818816	geo:GSE193695:GSM5818816	suspension_type	cell	file	raw/fp-7a78a7e414d4/GSE193695_family.soft.gz		Single cell sort of MM cells was performed in 384 well plates using FACS.	True
GSM5818817	geo:GSE193695:GSM5818817	suspension_type	cell	file	raw/fp-7a78a7e414d4/GSE193695_family.soft.gz		Single cell sort of MM cells was performed in 384 well plates using FACS.	True
GSM5818818	geo:GSE193695:GSM5818818	suspension_type	cell	file	raw/fp-7a78a7e414d4/GSE193695_family.soft.gz		Single cell sort of MM cells was performed in 384 well plates using FACS.	True
GSM5818819	geo:GSE193695:GSM5818819	suspension_type	cell	file	raw/fp-7a78a7e414d4/GSE193695_family.soft.gz		Single cell sort of MM cells was performed in 384 well plates using FACS.	True
GSM5818820	geo:GSE193695:GSM5818820	suspension_type	cell	file	raw/fp-7a78a7e414d4/GSE193695_family.soft.gz		Single cell sort of MM cells was performed in 384 well plates using FACS.	True
GSM5818821	geo:GSE193695:GSM5818821	suspension_type	cell	file	raw/fp-7a78a7e414d4/GSE193695_family.soft.gz		Single cell sort of MM cells was performed in 384 well plates using FACS.	True
GSM5818822	geo:GSE193695:GSM5818822	suspension_type	cell	file	raw/fp-7a78a7e414d4/GSE193695_family.soft.gz		Single cell sort of MM cells was performed in 384 well plates using FACS.	True
GSM5818823	geo:GSE193695:GSM5818823	suspension_type	cell	file	raw/fp-7a78a7e414d4/GSE193695_family.soft.gz		Single cell sort of MM cells was performed in 384 well plates using FACS.	True
GSM5818824	geo:GSE193695:GSM5818824	suspension_type	cell	file	raw/fp-7a78a7e414d4/GSE193695_family.soft.gz		Single cell sort of MM cells was performed in 384 well plates using FACS.	True
GSM5818825	geo:GSE193695:GSM5818825	suspension_type	cell	file	raw/fp-7a78a7e414d4/GSE193695_family.soft.gz		Single cell sort of MM cells was performed in 384 well plates using FACS.	True
GSM5818826	geo:GSE193695:GSM5818826	suspension_type	cell	file	raw/fp-7a78a7e414d4/GSE193695_family.soft.gz		Single cell sort of MM cells was performed in 384 well plates using FACS.	True
GSM5818827	geo:GSE193695:GSM5818827	suspension_type	cell	file	raw/fp-7a78a7e414d4/GSE193695_family.soft.gz		Single cell sort of MM cells was performed in 384 well plates using FACS.	True
GSM5818804	geo:GSE193695:GSM5818804	cell_enrichment	CD38++CD45-CD19-	file	raw/fp-7a78a7e414d4/GSE193695_family.soft.gz		!Sample_characteristics_ch1 = selection marker: CD38++CD45-CD19-	True
GSM5818805	geo:GSE193695:GSM5818805	cell_enrichment	CD38++CD45-CD19-	file	raw/fp-7a78a7e414d4/GSE193695_family.soft.gz		!Sample_characteristics_ch1 = selection marker: CD38++CD45-CD19-	True
GSM5818806	geo:GSE193695:GSM5818806	cell_enrichment	CD38++CD45-CD19-	file	raw/fp-7a78a7e414d4/GSE193695_family.soft.gz		!Sample_characteristics_ch1 = selection marker: CD38++CD45-CD19-	True
GSM5818807	geo:GSE193695:GSM5818807	cell_enrichment	CD38++CD45-CD19-	file	raw/fp-7a78a7e414d4/GSE193695_family.soft.gz		!Sample_characteristics_ch1 = selection marker: CD38++CD45-CD19-	True
GSM5818808	geo:GSE193695:GSM5818808	cell_enrichment	CD38++CD45-CD19-	file	raw/fp-7a78a7e414d4/GSE193695_family.soft.gz		!Sample_characteristics_ch1 = selection marker: CD38++CD45-CD19-	True
GSM5818809	geo:GSE193695:GSM5818809	cell_enrichment	CD38++CD45-CD19-	file	raw/fp-7a78a7e414d4/GSE193695_family.soft.gz		!Sample_characteristics_ch1 = selection marker: CD38++CD45-CD19-	True
GSM5818810	geo:GSE193695:GSM5818810	cell_enrichment	CD38++CD45-CD19-	file	raw/fp-7a78a7e414d4/GSE193695_family.soft.gz		!Sample_characteristics_ch1 = selection marker: CD38++CD45-CD19-	True
GSM5818811	geo:GSE193695:GSM5818811	cell_enrichment	CD38++CD45-CD19-	file	raw/fp-7a78a7e414d4/GSE193695_family.soft.gz		!Sample_characteristics_ch1 = selection marker: CD38++CD45-CD19-	True
GSM5818812	geo:GSE193695:GSM5818812	cell_enrichment	CD38++CD45-CD19-	file	raw/fp-7a78a7e414d4/GSE193695_family.soft.gz		!Sample_characteristics_ch1 = selection marker: CD38++CD45-CD19-	True
GSM5818813	geo:GSE193695:GSM5818813	cell_enrichment	CD38++CD45-CD19-	file	raw/fp-7a78a7e414d4/GSE193695_family.soft.gz		!Sample_characteristics_ch1 = selection marker: CD38++CD45-CD19-	True
GSM5818814	geo:GSE193695:GSM5818814	cell_enrichment	CD38++CD45-CD19-	file	raw/fp-7a78a7e414d4/GSE193695_family.soft.gz		!Sample_characteristics_ch1 = selection marker: CD38++CD45-CD19-	True
GSM5818815	geo:GSE193695:GSM5818815	cell_enrichment	CD38++CD45-CD19-	file	raw/fp-7a78a7e414d4/GSE193695_family.soft.gz		!Sample_characteristics_ch1 = selection marker: CD38++CD45-CD19-	True
GSM5818816	geo:GSE193695:GSM5818816	cell_enrichment	CD38++CD45-CD19-	file	raw/fp-7a78a7e414d4/GSE193695_family.soft.gz		!Sample_characteristics_ch1 = selection marker: CD38++CD45-CD19-	True
GSM5818817	geo:GSE193695:GSM5818817	cell_enrichment	CD38++CD45-CD19-	file	raw/fp-7a78a7e414d4/GSE193695_family.soft.gz		!Sample_characteristics_ch1 = selection marker: CD38++CD45-CD19-	True
GSM5818818	geo:GSE193695:GSM5818818	cell_enrichment	CD38++CD45-CD19-	file	raw/fp-7a78a7e414d4/GSE193695_family.soft.gz		!Sample_characteristics_ch1 = selection marker: CD38++CD45-CD19-	True
GSM5818819	geo:GSE193695:GSM5818819	cell_enrichment	CD38++CD45-CD19-	file	raw/fp-7a78a7e414d4/GSE193695_family.soft.gz		!Sample_characteristics_ch1 = selection marker: CD38++CD45-CD19-	True
GSM5818820	geo:GSE193695:GSM5818820	cell_enrichment	CD38++CD45-CD19-	file	raw/fp-7a78a7e414d4/GSE193695_family.soft.gz		!Sample_characteristics_ch1 = selection marker: CD38++CD45-CD19-	True
GSM5818821	geo:GSE193695:GSM5818821	cell_enrichment	CD38++CD45-CD19-	file	raw/fp-7a78a7e414d4/GSE193695_family.soft.gz		!Sample_characteristics_ch1 = selection marker: CD38++CD45-CD19-	True
GSM5818822	geo:GSE193695:GSM5818822	cell_enrichment	CD38++CD45-CD19-	file	raw/fp-7a78a7e414d4/GSE193695_family.soft.gz		!Sample_characteristics_ch1 = selection marker: CD38++CD45-CD19-	True
GSM5818823	geo:GSE193695:GSM5818823	cell_enrichment	CD38++CD45-CD19-	file	raw/fp-7a78a7e414d4/GSE193695_family.soft.gz		!Sample_characteristics_ch1 = selection marker: CD38++CD45-CD19-	True
GSM5818824	geo:GSE193695:GSM5818824	cell_enrichment	CD38++CD45-CD19-	file	raw/fp-7a78a7e414d4/GSE193695_family.soft.gz		!Sample_characteristics_ch1 = selection marker: CD38++CD45-CD19-	True
GSM5818825	geo:GSE193695:GSM5818825	cell_enrichment	CD38++CD45-CD19-	file	raw/fp-7a78a7e414d4/GSE193695_family.soft.gz		!Sample_characteristics_ch1 = selection marker: CD38++CD45-CD19-	True
GSM5818826	geo:GSE193695:GSM5818826	cell_enrichment	CD38++CD45-CD19-	file	raw/fp-7a78a7e414d4/GSE193695_family.soft.gz		!Sample_characteristics_ch1 = selection marker: CD38++CD45-CD19-	True
GSM5818827	geo:GSE193695:GSM5818827	cell_enrichment	CD38++CD45-CD19-	file	raw/fp-7a78a7e414d4/GSE193695_family.soft.gz		!Sample_characteristics_ch1 = selection marker: CD38++CD45-CD19-	True
GSM5818804	geo:GSE193695:GSM5818804	cell_enrichment	CD38++CD45-CD19-	file	evidence/PMC9386061.txt		After doublet exclusion, CD38 ++ CD45 − CD19 − cells were index-sorted into 384-well plates	True
GSM5818805	geo:GSE193695:GSM5818805	cell_enrichment	CD38++CD45-CD19-	file	evidence/PMC9386061.txt		After doublet exclusion, CD38 ++ CD45 − CD19 − cells were index-sorted into 384-well plates	True
GSM5818806	geo:GSE193695:GSM5818806	cell_enrichment	CD38++CD45-CD19-	file	evidence/PMC9386061.txt		After doublet exclusion, CD38 ++ CD45 − CD19 − cells were index-sorted into 384-well plates	True
GSM5818807	geo:GSE193695:GSM5818807	cell_enrichment	CD38++CD45-CD19-	file	evidence/PMC9386061.txt		After doublet exclusion, CD38 ++ CD45 − CD19 − cells were index-sorted into 384-well plates	True
GSM5818808	geo:GSE193695:GSM5818808	cell_enrichment	CD38++CD45-CD19-	file	evidence/PMC9386061.txt		After doublet exclusion, CD38 ++ CD45 − CD19 − cells were index-sorted into 384-well plates	True
GSM5818809	geo:GSE193695:GSM5818809	cell_enrichment	CD38++CD45-CD19-	file	evidence/PMC9386061.txt		After doublet exclusion, CD38 ++ CD45 − CD19 − cells were index-sorted into 384-well plates	True
GSM5818810	geo:GSE193695:GSM5818810	cell_enrichment	CD38++CD45-CD19-	file	evidence/PMC9386061.txt		After doublet exclusion, CD38 ++ CD45 − CD19 − cells were index-sorted into 384-well plates	True
GSM5818811	geo:GSE193695:GSM5818811	cell_enrichment	CD38++CD45-CD19-	file	evidence/PMC9386061.txt		After doublet exclusion, CD38 ++ CD45 − CD19 − cells were index-sorted into 384-well plates	True
GSM5818812	geo:GSE193695:GSM5818812	cell_enrichment	CD38++CD45-CD19-	file	evidence/PMC9386061.txt		After doublet exclusion, CD38 ++ CD45 − CD19 − cells were index-sorted into 384-well plates	True
GSM5818813	geo:GSE193695:GSM5818813	cell_enrichment	CD38++CD45-CD19-	file	evidence/PMC9386061.txt		After doublet exclusion, CD38 ++ CD45 − CD19 − cells were index-sorted into 384-well plates	True
GSM5818814	geo:GSE193695:GSM5818814	cell_enrichment	CD38++CD45-CD19-	file	evidence/PMC9386061.txt		After doublet exclusion, CD38 ++ CD45 − CD19 − cells were index-sorted into 384-well plates	True
GSM5818815	geo:GSE193695:GSM5818815	cell_enrichment	CD38++CD45-CD19-	file	evidence/PMC9386061.txt		After doublet exclusion, CD38 ++ CD45 − CD19 − cells were index-sorted into 384-well plates	True
GSM5818816	geo:GSE193695:GSM5818816	cell_enrichment	CD38++CD45-CD19-	file	evidence/PMC9386061.txt		After doublet exclusion, CD38 ++ CD45 − CD19 − cells were index-sorted into 384-well plates	True
GSM5818817	geo:GSE193695:GSM5818817	cell_enrichment	CD38++CD45-CD19-	file	evidence/PMC9386061.txt		After doublet exclusion, CD38 ++ CD45 − CD19 − cells were index-sorted into 384-well plates	True
GSM5818818	geo:GSE193695:GSM5818818	cell_enrichment	CD38++CD45-CD19-	file	evidence/PMC9386061.txt		After doublet exclusion, CD38 ++ CD45 − CD19 − cells were index-sorted into 384-well plates	True
GSM5818819	geo:GSE193695:GSM5818819	cell_enrichment	CD38++CD45-CD19-	file	evidence/PMC9386061.txt		After doublet exclusion, CD38 ++ CD45 − CD19 − cells were index-sorted into 384-well plates	True
GSM5818820	geo:GSE193695:GSM5818820	cell_enrichment	CD38++CD45-CD19-	file	evidence/PMC9386061.txt		After doublet exclusion, CD38 ++ CD45 − CD19 − cells were index-sorted into 384-well plates	True
GSM5818821	geo:GSE193695:GSM5818821	cell_enrichment	CD38++CD45-CD19-	file	evidence/PMC9386061.txt		After doublet exclusion, CD38 ++ CD45 − CD19 − cells were index-sorted into 384-well plates	True
GSM5818822	geo:GSE193695:GSM5818822	cell_enrichment	CD38++CD45-CD19-	file	evidence/PMC9386061.txt		After doublet exclusion, CD38 ++ CD45 − CD19 − cells were index-sorted into 384-well plates	True
GSM5818823	geo:GSE193695:GSM5818823	cell_enrichment	CD38++CD45-CD19-	file	evidence/PMC9386061.txt		After doublet exclusion, CD38 ++ CD45 − CD19 − cells were index-sorted into 384-well plates	True
GSM5818824	geo:GSE193695:GSM5818824	cell_enrichment	CD38++CD45-CD19-	file	evidence/PMC9386061.txt		After doublet exclusion, CD38 ++ CD45 − CD19 − cells were index-sorted into 384-well plates	True
GSM5818825	geo:GSE193695:GSM5818825	cell_enrichment	CD38++CD45-CD19-	file	evidence/PMC9386061.txt		After doublet exclusion, CD38 ++ CD45 − CD19 − cells were index-sorted into 384-well plates	True
GSM5818826	geo:GSE193695:GSM5818826	cell_enrichment	CD38++CD45-CD19-	file	evidence/PMC9386061.txt		After doublet exclusion, CD38 ++ CD45 − CD19 − cells were index-sorted into 384-well plates	True
GSM5818827	geo:GSE193695:GSM5818827	cell_enrichment	CD38++CD45-CD19-	file	evidence/PMC9386061.txt		After doublet exclusion, CD38 ++ CD45 − CD19 − cells were index-sorted into 384-well plates	True
GSM5818828	geo:GSE193695:GSM5818828	donor_id	patient	file	raw/fp-7a78a7e414d4/GSE193695_family.soft.gz		bone marrow cells from a single patient with relapsed and refractory MM	True
GSM5818829	geo:GSE193695:GSM5818829	donor_id	patient	file	raw/fp-7a78a7e414d4/GSE193695_family.soft.gz		bone marrow cells from a single patient with relapsed and refractory MM	True
GSM5818830	geo:GSE193695:GSM5818830	donor_id	patient	file	raw/fp-7a78a7e414d4/GSE193695_family.soft.gz		bone marrow cells from a single patient with relapsed and refractory MM	True
GSM5818831	geo:GSE193695:GSM5818831	donor_id	patient	file	raw/fp-7a78a7e414d4/GSE193695_family.soft.gz		bone marrow cells from a single patient with relapsed and refractory MM	True
GSM5818832	geo:GSE193695:GSM5818832	donor_id	patient	file	raw/fp-7a78a7e414d4/GSE193695_family.soft.gz		bone marrow cells from a single patient with relapsed and refractory MM	True
GSM5818833	geo:GSE193695:GSM5818833	donor_id	patient	file	raw/fp-7a78a7e414d4/GSE193695_family.soft.gz		bone marrow cells from a single patient with relapsed and refractory MM	True
GSM5818834	geo:GSE193695:GSM5818834	donor_id	patient	file	raw/fp-7a78a7e414d4/GSE193695_family.soft.gz		bone marrow cells from a single patient with relapsed and refractory MM	True
GSM5818835	geo:GSE193695:GSM5818835	donor_id	patient	file	raw/fp-7a78a7e414d4/GSE193695_family.soft.gz		bone marrow cells from a single patient with relapsed and refractory MM	True
GSM5818836	geo:GSE193695:GSM5818836	donor_id	patient	file	raw/fp-7a78a7e414d4/GSE193695_family.soft.gz		bone marrow cells from a single patient with relapsed and refractory MM	True
GSM5818837	geo:GSE193695:GSM5818837	donor_id	patient	file	raw/fp-7a78a7e414d4/GSE193695_family.soft.gz		bone marrow cells from a single patient with relapsed and refractory MM	True
GSM5818838	geo:GSE193695:GSM5818838	donor_id	patient	file	raw/fp-7a78a7e414d4/GSE193695_family.soft.gz		bone marrow cells from a single patient with relapsed and refractory MM	True
GSM5818839	geo:GSE193695:GSM5818839	donor_id	patient	file	raw/fp-7a78a7e414d4/GSE193695_family.soft.gz		bone marrow cells from a single patient with relapsed and refractory MM	True
GSM5818840	geo:GSE193695:GSM5818840	donor_id	patient	file	raw/fp-7a78a7e414d4/GSE193695_family.soft.gz		bone marrow cells from a single patient with relapsed and refractory MM	True
GSM5818841	geo:GSE193695:GSM5818841	donor_id	patient	file	raw/fp-7a78a7e414d4/GSE193695_family.soft.gz		bone marrow cells from a single patient with relapsed and refractory MM	True
GSM5818842	geo:GSE193695:GSM5818842	donor_id	patient	file	raw/fp-7a78a7e414d4/GSE193695_family.soft.gz		bone marrow cells from a single patient with relapsed and refractory MM	True
GSM5818843	geo:GSE193695:GSM5818843	donor_id	patient	file	raw/fp-7a78a7e414d4/GSE193695_family.soft.gz		bone marrow cells from a single patient with relapsed and refractory MM	True
GSM5818844	geo:GSE193695:GSM5818844	donor_id	patient	file	raw/fp-7a78a7e414d4/GSE193695_family.soft.gz		bone marrow cells from a single patient with relapsed and refractory MM	True
GSM5818845	geo:GSE193695:GSM5818845	donor_id	patient	file	raw/fp-7a78a7e414d4/GSE193695_family.soft.gz		bone marrow cells from a single patient with relapsed and refractory MM	True
GSM5818846	geo:GSE193695:GSM5818846	donor_id	patient	file	raw/fp-7a78a7e414d4/GSE193695_family.soft.gz		bone marrow cells from a single patient with relapsed and refractory MM	True
GSM5818847	geo:GSE193695:GSM5818847	donor_id	patient	file	raw/fp-7a78a7e414d4/GSE193695_family.soft.gz		bone marrow cells from a single patient with relapsed and refractory MM	True
GSM5818848	geo:GSE193695:GSM5818848	donor_id	patient	file	raw/fp-7a78a7e414d4/GSE193695_family.soft.gz		bone marrow cells from a single patient with relapsed and refractory MM	True
GSM5818849	geo:GSE193695:GSM5818849	donor_id	patient	file	raw/fp-7a78a7e414d4/GSE193695_family.soft.gz		bone marrow cells from a single patient with relapsed and refractory MM	True
GSM5818850	geo:GSE193695:GSM5818850	donor_id	patient	file	raw/fp-7a78a7e414d4/GSE193695_family.soft.gz		bone marrow cells from a single patient with relapsed and refractory MM	True
GSM5818851	geo:GSE193695:GSM5818851	donor_id	patient	file	raw/fp-7a78a7e414d4/GSE193695_family.soft.gz		bone marrow cells from a single patient with relapsed and refractory MM	True
GSM5818852	geo:GSE193695:GSM5818852	donor_id	patient	file	raw/fp-7a78a7e414d4/GSE193695_family.soft.gz		bone marrow cells from a single patient with relapsed and refractory MM	True
GSM5818853	geo:GSE193695:GSM5818853	donor_id	patient	file	raw/fp-7a78a7e414d4/GSE193695_family.soft.gz		bone marrow cells from a single patient with relapsed and refractory MM	True
GSM5818854	geo:GSE193695:GSM5818854	donor_id	patient	file	raw/fp-7a78a7e414d4/GSE193695_family.soft.gz		bone marrow cells from a single patient with relapsed and refractory MM	True
GSM5818855	geo:GSE193695:GSM5818855	donor_id	patient	file	raw/fp-7a78a7e414d4/GSE193695_family.soft.gz		bone marrow cells from a single patient with relapsed and refractory MM	True
GSM5818828	geo:GSE193695:GSM5818828	donor_id	patient	file	evidence/PMC9386061.txt		we recruited a patient with relapsed and refractory MM	True
GSM5818829	geo:GSE193695:GSM5818829	donor_id	patient	file	evidence/PMC9386061.txt		we recruited a patient with relapsed and refractory MM	True
GSM5818830	geo:GSE193695:GSM5818830	donor_id	patient	file	evidence/PMC9386061.txt		we recruited a patient with relapsed and refractory MM	True
GSM5818831	geo:GSE193695:GSM5818831	donor_id	patient	file	evidence/PMC9386061.txt		we recruited a patient with relapsed and refractory MM	True
GSM5818832	geo:GSE193695:GSM5818832	donor_id	patient	file	evidence/PMC9386061.txt		we recruited a patient with relapsed and refractory MM	True
GSM5818833	geo:GSE193695:GSM5818833	donor_id	patient	file	evidence/PMC9386061.txt		we recruited a patient with relapsed and refractory MM	True
GSM5818834	geo:GSE193695:GSM5818834	donor_id	patient	file	evidence/PMC9386061.txt		we recruited a patient with relapsed and refractory MM	True
GSM5818835	geo:GSE193695:GSM5818835	donor_id	patient	file	evidence/PMC9386061.txt		we recruited a patient with relapsed and refractory MM	True
GSM5818836	geo:GSE193695:GSM5818836	donor_id	patient	file	evidence/PMC9386061.txt		we recruited a patient with relapsed and refractory MM	True
GSM5818837	geo:GSE193695:GSM5818837	donor_id	patient	file	evidence/PMC9386061.txt		we recruited a patient with relapsed and refractory MM	True
GSM5818838	geo:GSE193695:GSM5818838	donor_id	patient	file	evidence/PMC9386061.txt		we recruited a patient with relapsed and refractory MM	True
GSM5818839	geo:GSE193695:GSM5818839	donor_id	patient	file	evidence/PMC9386061.txt		we recruited a patient with relapsed and refractory MM	True
GSM5818840	geo:GSE193695:GSM5818840	donor_id	patient	file	evidence/PMC9386061.txt		we recruited a patient with relapsed and refractory MM	True
GSM5818841	geo:GSE193695:GSM5818841	donor_id	patient	file	evidence/PMC9386061.txt		we recruited a patient with relapsed and refractory MM	True
GSM5818842	geo:GSE193695:GSM5818842	donor_id	patient	file	evidence/PMC9386061.txt		we recruited a patient with relapsed and refractory MM	True
GSM5818843	geo:GSE193695:GSM5818843	donor_id	patient	file	evidence/PMC9386061.txt		we recruited a patient with relapsed and refractory MM	True
GSM5818844	geo:GSE193695:GSM5818844	donor_id	patient	file	evidence/PMC9386061.txt		we recruited a patient with relapsed and refractory MM	True
GSM5818845	geo:GSE193695:GSM5818845	donor_id	patient	file	evidence/PMC9386061.txt		we recruited a patient with relapsed and refractory MM	True
GSM5818846	geo:GSE193695:GSM5818846	donor_id	patient	file	evidence/PMC9386061.txt		we recruited a patient with relapsed and refractory MM	True
GSM5818847	geo:GSE193695:GSM5818847	donor_id	patient	file	evidence/PMC9386061.txt		we recruited a patient with relapsed and refractory MM	True
GSM5818848	geo:GSE193695:GSM5818848	donor_id	patient	file	evidence/PMC9386061.txt		we recruited a patient with relapsed and refractory MM	True
GSM5818849	geo:GSE193695:GSM5818849	donor_id	patient	file	evidence/PMC9386061.txt		we recruited a patient with relapsed and refractory MM	True
GSM5818850	geo:GSE193695:GSM5818850	donor_id	patient	file	evidence/PMC9386061.txt		we recruited a patient with relapsed and refractory MM	True
GSM5818851	geo:GSE193695:GSM5818851	donor_id	patient	file	evidence/PMC9386061.txt		we recruited a patient with relapsed and refractory MM	True
GSM5818852	geo:GSE193695:GSM5818852	donor_id	patient	file	evidence/PMC9386061.txt		we recruited a patient with relapsed and refractory MM	True
GSM5818853	geo:GSE193695:GSM5818853	donor_id	patient	file	evidence/PMC9386061.txt		we recruited a patient with relapsed and refractory MM	True
GSM5818854	geo:GSE193695:GSM5818854	donor_id	patient	file	evidence/PMC9386061.txt		we recruited a patient with relapsed and refractory MM	True
GSM5818855	geo:GSE193695:GSM5818855	donor_id	patient	file	evidence/PMC9386061.txt		we recruited a patient with relapsed and refractory MM	True
GSM5818828	geo:GSE193695:GSM5818828	donor_id	patient	file	evidence/PMC9386061.txt		The patient was a 67-year-old man with MM at diagnosis.	True
GSM5818829	geo:GSE193695:GSM5818829	donor_id	patient	file	evidence/PMC9386061.txt		The patient was a 67-year-old man with MM at diagnosis.	True
GSM5818830	geo:GSE193695:GSM5818830	donor_id	patient	file	evidence/PMC9386061.txt		The patient was a 67-year-old man with MM at diagnosis.	True
GSM5818831	geo:GSE193695:GSM5818831	donor_id	patient	file	evidence/PMC9386061.txt		The patient was a 67-year-old man with MM at diagnosis.	True
GSM5818832	geo:GSE193695:GSM5818832	donor_id	patient	file	evidence/PMC9386061.txt		The patient was a 67-year-old man with MM at diagnosis.	True
GSM5818833	geo:GSE193695:GSM5818833	donor_id	patient	file	evidence/PMC9386061.txt		The patient was a 67-year-old man with MM at diagnosis.	True
GSM5818834	geo:GSE193695:GSM5818834	donor_id	patient	file	evidence/PMC9386061.txt		The patient was a 67-year-old man with MM at diagnosis.	True
GSM5818835	geo:GSE193695:GSM5818835	donor_id	patient	file	evidence/PMC9386061.txt		The patient was a 67-year-old man with MM at diagnosis.	True
GSM5818836	geo:GSE193695:GSM5818836	donor_id	patient	file	evidence/PMC9386061.txt		The patient was a 67-year-old man with MM at diagnosis.	True
GSM5818837	geo:GSE193695:GSM5818837	donor_id	patient	file	evidence/PMC9386061.txt		The patient was a 67-year-old man with MM at diagnosis.	True
GSM5818838	geo:GSE193695:GSM5818838	donor_id	patient	file	evidence/PMC9386061.txt		The patient was a 67-year-old man with MM at diagnosis.	True
GSM5818839	geo:GSE193695:GSM5818839	donor_id	patient	file	evidence/PMC9386061.txt		The patient was a 67-year-old man with MM at diagnosis.	True
GSM5818840	geo:GSE193695:GSM5818840	donor_id	patient	file	evidence/PMC9386061.txt		The patient was a 67-year-old man with MM at diagnosis.	True
GSM5818841	geo:GSE193695:GSM5818841	donor_id	patient	file	evidence/PMC9386061.txt		The patient was a 67-year-old man with MM at diagnosis.	True
GSM5818842	geo:GSE193695:GSM5818842	donor_id	patient	file	evidence/PMC9386061.txt		The patient was a 67-year-old man with MM at diagnosis.	True
GSM5818843	geo:GSE193695:GSM5818843	donor_id	patient	file	evidence/PMC9386061.txt		The patient was a 67-year-old man with MM at diagnosis.	True
GSM5818844	geo:GSE193695:GSM5818844	donor_id	patient	file	evidence/PMC9386061.txt		The patient was a 67-year-old man with MM at diagnosis.	True
GSM5818845	geo:GSE193695:GSM5818845	donor_id	patient	file	evidence/PMC9386061.txt		The patient was a 67-year-old man with MM at diagnosis.	True
GSM5818846	geo:GSE193695:GSM5818846	donor_id	patient	file	evidence/PMC9386061.txt		The patient was a 67-year-old man with MM at diagnosis.	True
GSM5818847	geo:GSE193695:GSM5818847	donor_id	patient	file	evidence/PMC9386061.txt		The patient was a 67-year-old man with MM at diagnosis.	True
GSM5818848	geo:GSE193695:GSM5818848	donor_id	patient	file	evidence/PMC9386061.txt		The patient was a 67-year-old man with MM at diagnosis.	True
GSM5818849	geo:GSE193695:GSM5818849	donor_id	patient	file	evidence/PMC9386061.txt		The patient was a 67-year-old man with MM at diagnosis.	True
GSM5818850	geo:GSE193695:GSM5818850	donor_id	patient	file	evidence/PMC9386061.txt		The patient was a 67-year-old man with MM at diagnosis.	True
GSM5818851	geo:GSE193695:GSM5818851	donor_id	patient	file	evidence/PMC9386061.txt		The patient was a 67-year-old man with MM at diagnosis.	True
GSM5818852	geo:GSE193695:GSM5818852	donor_id	patient	file	evidence/PMC9386061.txt		The patient was a 67-year-old man with MM at diagnosis.	True
GSM5818853	geo:GSE193695:GSM5818853	donor_id	patient	file	evidence/PMC9386061.txt		The patient was a 67-year-old man with MM at diagnosis.	True
GSM5818854	geo:GSE193695:GSM5818854	donor_id	patient	file	evidence/PMC9386061.txt		The patient was a 67-year-old man with MM at diagnosis.	True
GSM5818855	geo:GSE193695:GSM5818855	donor_id	patient	file	evidence/PMC9386061.txt		The patient was a 67-year-old man with MM at diagnosis.	True
GSM5818828	geo:GSE193695:GSM5818828	sex	male	file	evidence/PMC9386061.txt		The patient was a 67-year-old man with MM at diagnosis.	True
GSM5818829	geo:GSE193695:GSM5818829	sex	male	file	evidence/PMC9386061.txt		The patient was a 67-year-old man with MM at diagnosis.	True
GSM5818830	geo:GSE193695:GSM5818830	sex	male	file	evidence/PMC9386061.txt		The patient was a 67-year-old man with MM at diagnosis.	True
GSM5818831	geo:GSE193695:GSM5818831	sex	male	file	evidence/PMC9386061.txt		The patient was a 67-year-old man with MM at diagnosis.	True
GSM5818832	geo:GSE193695:GSM5818832	sex	male	file	evidence/PMC9386061.txt		The patient was a 67-year-old man with MM at diagnosis.	True
GSM5818833	geo:GSE193695:GSM5818833	sex	male	file	evidence/PMC9386061.txt		The patient was a 67-year-old man with MM at diagnosis.	True
GSM5818834	geo:GSE193695:GSM5818834	sex	male	file	evidence/PMC9386061.txt		The patient was a 67-year-old man with MM at diagnosis.	True
GSM5818835	geo:GSE193695:GSM5818835	sex	male	file	evidence/PMC9386061.txt		The patient was a 67-year-old man with MM at diagnosis.	True
GSM5818836	geo:GSE193695:GSM5818836	sex	male	file	evidence/PMC9386061.txt		The patient was a 67-year-old man with MM at diagnosis.	True
GSM5818837	geo:GSE193695:GSM5818837	sex	male	file	evidence/PMC9386061.txt		The patient was a 67-year-old man with MM at diagnosis.	True
GSM5818838	geo:GSE193695:GSM5818838	sex	male	file	evidence/PMC9386061.txt		The patient was a 67-year-old man with MM at diagnosis.	True
GSM5818839	geo:GSE193695:GSM5818839	sex	male	file	evidence/PMC9386061.txt		The patient was a 67-year-old man with MM at diagnosis.	True
GSM5818840	geo:GSE193695:GSM5818840	sex	male	file	evidence/PMC9386061.txt		The patient was a 67-year-old man with MM at diagnosis.	True
GSM5818841	geo:GSE193695:GSM5818841	sex	male	file	evidence/PMC9386061.txt		The patient was a 67-year-old man with MM at diagnosis.	True
GSM5818842	geo:GSE193695:GSM5818842	sex	male	file	evidence/PMC9386061.txt		The patient was a 67-year-old man with MM at diagnosis.	True
GSM5818843	geo:GSE193695:GSM5818843	sex	male	file	evidence/PMC9386061.txt		The patient was a 67-year-old man with MM at diagnosis.	True
GSM5818844	geo:GSE193695:GSM5818844	sex	male	file	evidence/PMC9386061.txt		The patient was a 67-year-old man with MM at diagnosis.	True
GSM5818845	geo:GSE193695:GSM5818845	sex	male	file	evidence/PMC9386061.txt		The patient was a 67-year-old man with MM at diagnosis.	True
GSM5818846	geo:GSE193695:GSM5818846	sex	male	file	evidence/PMC9386061.txt		The patient was a 67-year-old man with MM at diagnosis.	True
GSM5818847	geo:GSE193695:GSM5818847	sex	male	file	evidence/PMC9386061.txt		The patient was a 67-year-old man with MM at diagnosis.	True
GSM5818848	geo:GSE193695:GSM5818848	sex	male	file	evidence/PMC9386061.txt		The patient was a 67-year-old man with MM at diagnosis.	True
GSM5818849	geo:GSE193695:GSM5818849	sex	male	file	evidence/PMC9386061.txt		The patient was a 67-year-old man with MM at diagnosis.	True
GSM5818850	geo:GSE193695:GSM5818850	sex	male	file	evidence/PMC9386061.txt		The patient was a 67-year-old man with MM at diagnosis.	True
GSM5818851	geo:GSE193695:GSM5818851	sex	male	file	evidence/PMC9386061.txt		The patient was a 67-year-old man with MM at diagnosis.	True
GSM5818852	geo:GSE193695:GSM5818852	sex	male	file	evidence/PMC9386061.txt		The patient was a 67-year-old man with MM at diagnosis.	True
GSM5818853	geo:GSE193695:GSM5818853	sex	male	file	evidence/PMC9386061.txt		The patient was a 67-year-old man with MM at diagnosis.	True
GSM5818854	geo:GSE193695:GSM5818854	sex	male	file	evidence/PMC9386061.txt		The patient was a 67-year-old man with MM at diagnosis.	True
GSM5818855	geo:GSE193695:GSM5818855	sex	male	file	evidence/PMC9386061.txt		The patient was a 67-year-old man with MM at diagnosis.	True
GSM5818828	geo:GSE193695:GSM5818828	sex	male	file	evidence/PMC9386061.txt		A 67-year-old man, who had undergone a routine medical examination	True
GSM5818829	geo:GSE193695:GSM5818829	sex	male	file	evidence/PMC9386061.txt		A 67-year-old man, who had undergone a routine medical examination	True
GSM5818830	geo:GSE193695:GSM5818830	sex	male	file	evidence/PMC9386061.txt		A 67-year-old man, who had undergone a routine medical examination	True
GSM5818831	geo:GSE193695:GSM5818831	sex	male	file	evidence/PMC9386061.txt		A 67-year-old man, who had undergone a routine medical examination	True
GSM5818832	geo:GSE193695:GSM5818832	sex	male	file	evidence/PMC9386061.txt		A 67-year-old man, who had undergone a routine medical examination	True
GSM5818833	geo:GSE193695:GSM5818833	sex	male	file	evidence/PMC9386061.txt		A 67-year-old man, who had undergone a routine medical examination	True
GSM5818834	geo:GSE193695:GSM5818834	sex	male	file	evidence/PMC9386061.txt		A 67-year-old man, who had undergone a routine medical examination	True
GSM5818835	geo:GSE193695:GSM5818835	sex	male	file	evidence/PMC9386061.txt		A 67-year-old man, who had undergone a routine medical examination	True
GSM5818836	geo:GSE193695:GSM5818836	sex	male	file	evidence/PMC9386061.txt		A 67-year-old man, who had undergone a routine medical examination	True
GSM5818837	geo:GSE193695:GSM5818837	sex	male	file	evidence/PMC9386061.txt		A 67-year-old man, who had undergone a routine medical examination	True
GSM5818838	geo:GSE193695:GSM5818838	sex	male	file	evidence/PMC9386061.txt		A 67-year-old man, who had undergone a routine medical examination	True
GSM5818839	geo:GSE193695:GSM5818839	sex	male	file	evidence/PMC9386061.txt		A 67-year-old man, who had undergone a routine medical examination	True
GSM5818840	geo:GSE193695:GSM5818840	sex	male	file	evidence/PMC9386061.txt		A 67-year-old man, who had undergone a routine medical examination	True
GSM5818841	geo:GSE193695:GSM5818841	sex	male	file	evidence/PMC9386061.txt		A 67-year-old man, who had undergone a routine medical examination	True
GSM5818842	geo:GSE193695:GSM5818842	sex	male	file	evidence/PMC9386061.txt		A 67-year-old man, who had undergone a routine medical examination	True
GSM5818843	geo:GSE193695:GSM5818843	sex	male	file	evidence/PMC9386061.txt		A 67-year-old man, who had undergone a routine medical examination	True
GSM5818844	geo:GSE193695:GSM5818844	sex	male	file	evidence/PMC9386061.txt		A 67-year-old man, who had undergone a routine medical examination	True
GSM5818845	geo:GSE193695:GSM5818845	sex	male	file	evidence/PMC9386061.txt		A 67-year-old man, who had undergone a routine medical examination	True
GSM5818846	geo:GSE193695:GSM5818846	sex	male	file	evidence/PMC9386061.txt		A 67-year-old man, who had undergone a routine medical examination	True
GSM5818847	geo:GSE193695:GSM5818847	sex	male	file	evidence/PMC9386061.txt		A 67-year-old man, who had undergone a routine medical examination	True
GSM5818848	geo:GSE193695:GSM5818848	sex	male	file	evidence/PMC9386061.txt		A 67-year-old man, who had undergone a routine medical examination	True
GSM5818849	geo:GSE193695:GSM5818849	sex	male	file	evidence/PMC9386061.txt		A 67-year-old man, who had undergone a routine medical examination	True
GSM5818850	geo:GSE193695:GSM5818850	sex	male	file	evidence/PMC9386061.txt		A 67-year-old man, who had undergone a routine medical examination	True
GSM5818851	geo:GSE193695:GSM5818851	sex	male	file	evidence/PMC9386061.txt		A 67-year-old man, who had undergone a routine medical examination	True
GSM5818852	geo:GSE193695:GSM5818852	sex	male	file	evidence/PMC9386061.txt		A 67-year-old man, who had undergone a routine medical examination	True
GSM5818853	geo:GSE193695:GSM5818853	sex	male	file	evidence/PMC9386061.txt		A 67-year-old man, who had undergone a routine medical examination	True
GSM5818854	geo:GSE193695:GSM5818854	sex	male	file	evidence/PMC9386061.txt		A 67-year-old man, who had undergone a routine medical examination	True
GSM5818855	geo:GSE193695:GSM5818855	sex	male	file	evidence/PMC9386061.txt		A 67-year-old man, who had undergone a routine medical examination	True
GSM5818828	geo:GSE193695:GSM5818828	development_stage	<map of column characteristics_time_point>	file	evidence/PMC9386061.txt		The patient was a 67-year-old man with MM at diagnosis.	True
GSM5818829	geo:GSE193695:GSM5818829	development_stage	<map of column characteristics_time_point>	file	evidence/PMC9386061.txt		The patient was a 67-year-old man with MM at diagnosis.	True
GSM5818830	geo:GSE193695:GSM5818830	development_stage	<map of column characteristics_time_point>	file	evidence/PMC9386061.txt		The patient was a 67-year-old man with MM at diagnosis.	True
GSM5818831	geo:GSE193695:GSM5818831	development_stage	<map of column characteristics_time_point>	file	evidence/PMC9386061.txt		The patient was a 67-year-old man with MM at diagnosis.	True
GSM5818832	geo:GSE193695:GSM5818832	development_stage	<map of column characteristics_time_point>	file	evidence/PMC9386061.txt		The patient was a 67-year-old man with MM at diagnosis.	True
GSM5818833	geo:GSE193695:GSM5818833	development_stage	<map of column characteristics_time_point>	file	evidence/PMC9386061.txt		The patient was a 67-year-old man with MM at diagnosis.	True
GSM5818834	geo:GSE193695:GSM5818834	development_stage	<map of column characteristics_time_point>	file	evidence/PMC9386061.txt		The patient was a 67-year-old man with MM at diagnosis.	True
GSM5818835	geo:GSE193695:GSM5818835	development_stage	<map of column characteristics_time_point>	file	evidence/PMC9386061.txt		The patient was a 67-year-old man with MM at diagnosis.	True
GSM5818836	geo:GSE193695:GSM5818836	development_stage	<map of column characteristics_time_point>	file	evidence/PMC9386061.txt		The patient was a 67-year-old man with MM at diagnosis.	True
GSM5818837	geo:GSE193695:GSM5818837	development_stage	<map of column characteristics_time_point>	file	evidence/PMC9386061.txt		The patient was a 67-year-old man with MM at diagnosis.	True
GSM5818838	geo:GSE193695:GSM5818838	development_stage	<map of column characteristics_time_point>	file	evidence/PMC9386061.txt		The patient was a 67-year-old man with MM at diagnosis.	True
GSM5818839	geo:GSE193695:GSM5818839	development_stage	<map of column characteristics_time_point>	file	evidence/PMC9386061.txt		The patient was a 67-year-old man with MM at diagnosis.	True
GSM5818840	geo:GSE193695:GSM5818840	development_stage	<map of column characteristics_time_point>	file	evidence/PMC9386061.txt		The patient was a 67-year-old man with MM at diagnosis.	True
GSM5818841	geo:GSE193695:GSM5818841	development_stage	<map of column characteristics_time_point>	file	evidence/PMC9386061.txt		The patient was a 67-year-old man with MM at diagnosis.	True
GSM5818842	geo:GSE193695:GSM5818842	development_stage	<map of column characteristics_time_point>	file	evidence/PMC9386061.txt		The patient was a 67-year-old man with MM at diagnosis.	True
GSM5818843	geo:GSE193695:GSM5818843	development_stage	<map of column characteristics_time_point>	file	evidence/PMC9386061.txt		The patient was a 67-year-old man with MM at diagnosis.	True
GSM5818844	geo:GSE193695:GSM5818844	development_stage	<map of column characteristics_time_point>	file	evidence/PMC9386061.txt		The patient was a 67-year-old man with MM at diagnosis.	True
GSM5818845	geo:GSE193695:GSM5818845	development_stage	<map of column characteristics_time_point>	file	evidence/PMC9386061.txt		The patient was a 67-year-old man with MM at diagnosis.	True
GSM5818846	geo:GSE193695:GSM5818846	development_stage	<map of column characteristics_time_point>	file	evidence/PMC9386061.txt		The patient was a 67-year-old man with MM at diagnosis.	True
GSM5818847	geo:GSE193695:GSM5818847	development_stage	<map of column characteristics_time_point>	file	evidence/PMC9386061.txt		The patient was a 67-year-old man with MM at diagnosis.	True
GSM5818848	geo:GSE193695:GSM5818848	development_stage	<map of column characteristics_time_point>	file	evidence/PMC9386061.txt		The patient was a 67-year-old man with MM at diagnosis.	True
GSM5818849	geo:GSE193695:GSM5818849	development_stage	<map of column characteristics_time_point>	file	evidence/PMC9386061.txt		The patient was a 67-year-old man with MM at diagnosis.	True
GSM5818850	geo:GSE193695:GSM5818850	development_stage	<map of column characteristics_time_point>	file	evidence/PMC9386061.txt		The patient was a 67-year-old man with MM at diagnosis.	True
GSM5818851	geo:GSE193695:GSM5818851	development_stage	<map of column characteristics_time_point>	file	evidence/PMC9386061.txt		The patient was a 67-year-old man with MM at diagnosis.	True
GSM5818852	geo:GSE193695:GSM5818852	development_stage	<map of column characteristics_time_point>	file	evidence/PMC9386061.txt		The patient was a 67-year-old man with MM at diagnosis.	True
GSM5818853	geo:GSE193695:GSM5818853	development_stage	<map of column characteristics_time_point>	file	evidence/PMC9386061.txt		The patient was a 67-year-old man with MM at diagnosis.	True
GSM5818854	geo:GSE193695:GSM5818854	development_stage	<map of column characteristics_time_point>	file	evidence/PMC9386061.txt		The patient was a 67-year-old man with MM at diagnosis.	True
GSM5818855	geo:GSE193695:GSM5818855	development_stage	<map of column characteristics_time_point>	file	evidence/PMC9386061.txt		The patient was a 67-year-old man with MM at diagnosis.	True
GSM5818828	geo:GSE193695:GSM5818828	development_stage	<map of column characteristics_time_point>	file	evidence/PMC9386061.txt		Before treatment, the first BM sample (termed P1) was collected.	True
GSM5818829	geo:GSE193695:GSM5818829	development_stage	<map of column characteristics_time_point>	file	evidence/PMC9386061.txt		Before treatment, the first BM sample (termed P1) was collected.	True
GSM5818830	geo:GSE193695:GSM5818830	development_stage	<map of column characteristics_time_point>	file	evidence/PMC9386061.txt		Before treatment, the first BM sample (termed P1) was collected.	True
GSM5818831	geo:GSE193695:GSM5818831	development_stage	<map of column characteristics_time_point>	file	evidence/PMC9386061.txt		Before treatment, the first BM sample (termed P1) was collected.	True
GSM5818832	geo:GSE193695:GSM5818832	development_stage	<map of column characteristics_time_point>	file	evidence/PMC9386061.txt		Before treatment, the first BM sample (termed P1) was collected.	True
GSM5818833	geo:GSE193695:GSM5818833	development_stage	<map of column characteristics_time_point>	file	evidence/PMC9386061.txt		Before treatment, the first BM sample (termed P1) was collected.	True
GSM5818834	geo:GSE193695:GSM5818834	development_stage	<map of column characteristics_time_point>	file	evidence/PMC9386061.txt		Before treatment, the first BM sample (termed P1) was collected.	True
GSM5818835	geo:GSE193695:GSM5818835	development_stage	<map of column characteristics_time_point>	file	evidence/PMC9386061.txt		Before treatment, the first BM sample (termed P1) was collected.	True
GSM5818836	geo:GSE193695:GSM5818836	development_stage	<map of column characteristics_time_point>	file	evidence/PMC9386061.txt		Before treatment, the first BM sample (termed P1) was collected.	True
GSM5818837	geo:GSE193695:GSM5818837	development_stage	<map of column characteristics_time_point>	file	evidence/PMC9386061.txt		Before treatment, the first BM sample (termed P1) was collected.	True
GSM5818838	geo:GSE193695:GSM5818838	development_stage	<map of column characteristics_time_point>	file	evidence/PMC9386061.txt		Before treatment, the first BM sample (termed P1) was collected.	True
GSM5818839	geo:GSE193695:GSM5818839	development_stage	<map of column characteristics_time_point>	file	evidence/PMC9386061.txt		Before treatment, the first BM sample (termed P1) was collected.	True
GSM5818840	geo:GSE193695:GSM5818840	development_stage	<map of column characteristics_time_point>	file	evidence/PMC9386061.txt		Before treatment, the first BM sample (termed P1) was collected.	True
GSM5818841	geo:GSE193695:GSM5818841	development_stage	<map of column characteristics_time_point>	file	evidence/PMC9386061.txt		Before treatment, the first BM sample (termed P1) was collected.	True
GSM5818842	geo:GSE193695:GSM5818842	development_stage	<map of column characteristics_time_point>	file	evidence/PMC9386061.txt		Before treatment, the first BM sample (termed P1) was collected.	True
GSM5818843	geo:GSE193695:GSM5818843	development_stage	<map of column characteristics_time_point>	file	evidence/PMC9386061.txt		Before treatment, the first BM sample (termed P1) was collected.	True
GSM5818844	geo:GSE193695:GSM5818844	development_stage	<map of column characteristics_time_point>	file	evidence/PMC9386061.txt		Before treatment, the first BM sample (termed P1) was collected.	True
GSM5818845	geo:GSE193695:GSM5818845	development_stage	<map of column characteristics_time_point>	file	evidence/PMC9386061.txt		Before treatment, the first BM sample (termed P1) was collected.	True
GSM5818846	geo:GSE193695:GSM5818846	development_stage	<map of column characteristics_time_point>	file	evidence/PMC9386061.txt		Before treatment, the first BM sample (termed P1) was collected.	True
GSM5818847	geo:GSE193695:GSM5818847	development_stage	<map of column characteristics_time_point>	file	evidence/PMC9386061.txt		Before treatment, the first BM sample (termed P1) was collected.	True
GSM5818848	geo:GSE193695:GSM5818848	development_stage	<map of column characteristics_time_point>	file	evidence/PMC9386061.txt		Before treatment, the first BM sample (termed P1) was collected.	True
GSM5818849	geo:GSE193695:GSM5818849	development_stage	<map of column characteristics_time_point>	file	evidence/PMC9386061.txt		Before treatment, the first BM sample (termed P1) was collected.	True
GSM5818850	geo:GSE193695:GSM5818850	development_stage	<map of column characteristics_time_point>	file	evidence/PMC9386061.txt		Before treatment, the first BM sample (termed P1) was collected.	True
GSM5818851	geo:GSE193695:GSM5818851	development_stage	<map of column characteristics_time_point>	file	evidence/PMC9386061.txt		Before treatment, the first BM sample (termed P1) was collected.	True
GSM5818852	geo:GSE193695:GSM5818852	development_stage	<map of column characteristics_time_point>	file	evidence/PMC9386061.txt		Before treatment, the first BM sample (termed P1) was collected.	True
GSM5818853	geo:GSE193695:GSM5818853	development_stage	<map of column characteristics_time_point>	file	evidence/PMC9386061.txt		Before treatment, the first BM sample (termed P1) was collected.	True
GSM5818854	geo:GSE193695:GSM5818854	development_stage	<map of column characteristics_time_point>	file	evidence/PMC9386061.txt		Before treatment, the first BM sample (termed P1) was collected.	True
GSM5818855	geo:GSE193695:GSM5818855	development_stage	<map of column characteristics_time_point>	file	evidence/PMC9386061.txt		Before treatment, the first BM sample (termed P1) was collected.	True
GSM5818828	geo:GSE193695:GSM5818828	development_stage	<map of column characteristics_time_point>	file	evidence/PMC9386061.txt		we performed longitudinal scRNA-seq analysis of BM samples collected at the time of diagnosis (P1) and relapse (P3, P4, and P5)	True
GSM5818829	geo:GSE193695:GSM5818829	development_stage	<map of column characteristics_time_point>	file	evidence/PMC9386061.txt		we performed longitudinal scRNA-seq analysis of BM samples collected at the time of diagnosis (P1) and relapse (P3, P4, and P5)	True
GSM5818830	geo:GSE193695:GSM5818830	development_stage	<map of column characteristics_time_point>	file	evidence/PMC9386061.txt		we performed longitudinal scRNA-seq analysis of BM samples collected at the time of diagnosis (P1) and relapse (P3, P4, and P5)	True
GSM5818831	geo:GSE193695:GSM5818831	development_stage	<map of column characteristics_time_point>	file	evidence/PMC9386061.txt		we performed longitudinal scRNA-seq analysis of BM samples collected at the time of diagnosis (P1) and relapse (P3, P4, and P5)	True
GSM5818832	geo:GSE193695:GSM5818832	development_stage	<map of column characteristics_time_point>	file	evidence/PMC9386061.txt		we performed longitudinal scRNA-seq analysis of BM samples collected at the time of diagnosis (P1) and relapse (P3, P4, and P5)	True
GSM5818833	geo:GSE193695:GSM5818833	development_stage	<map of column characteristics_time_point>	file	evidence/PMC9386061.txt		we performed longitudinal scRNA-seq analysis of BM samples collected at the time of diagnosis (P1) and relapse (P3, P4, and P5)	True
GSM5818834	geo:GSE193695:GSM5818834	development_stage	<map of column characteristics_time_point>	file	evidence/PMC9386061.txt		we performed longitudinal scRNA-seq analysis of BM samples collected at the time of diagnosis (P1) and relapse (P3, P4, and P5)	True
GSM5818835	geo:GSE193695:GSM5818835	development_stage	<map of column characteristics_time_point>	file	evidence/PMC9386061.txt		we performed longitudinal scRNA-seq analysis of BM samples collected at the time of diagnosis (P1) and relapse (P3, P4, and P5)	True
GSM5818836	geo:GSE193695:GSM5818836	development_stage	<map of column characteristics_time_point>	file	evidence/PMC9386061.txt		we performed longitudinal scRNA-seq analysis of BM samples collected at the time of diagnosis (P1) and relapse (P3, P4, and P5)	True
GSM5818837	geo:GSE193695:GSM5818837	development_stage	<map of column characteristics_time_point>	file	evidence/PMC9386061.txt		we performed longitudinal scRNA-seq analysis of BM samples collected at the time of diagnosis (P1) and relapse (P3, P4, and P5)	True
GSM5818838	geo:GSE193695:GSM5818838	development_stage	<map of column characteristics_time_point>	file	evidence/PMC9386061.txt		we performed longitudinal scRNA-seq analysis of BM samples collected at the time of diagnosis (P1) and relapse (P3, P4, and P5)	True
GSM5818839	geo:GSE193695:GSM5818839	development_stage	<map of column characteristics_time_point>	file	evidence/PMC9386061.txt		we performed longitudinal scRNA-seq analysis of BM samples collected at the time of diagnosis (P1) and relapse (P3, P4, and P5)	True
GSM5818840	geo:GSE193695:GSM5818840	development_stage	<map of column characteristics_time_point>	file	evidence/PMC9386061.txt		we performed longitudinal scRNA-seq analysis of BM samples collected at the time of diagnosis (P1) and relapse (P3, P4, and P5)	True
GSM5818841	geo:GSE193695:GSM5818841	development_stage	<map of column characteristics_time_point>	file	evidence/PMC9386061.txt		we performed longitudinal scRNA-seq analysis of BM samples collected at the time of diagnosis (P1) and relapse (P3, P4, and P5)	True
GSM5818842	geo:GSE193695:GSM5818842	development_stage	<map of column characteristics_time_point>	file	evidence/PMC9386061.txt		we performed longitudinal scRNA-seq analysis of BM samples collected at the time of diagnosis (P1) and relapse (P3, P4, and P5)	True
GSM5818843	geo:GSE193695:GSM5818843	development_stage	<map of column characteristics_time_point>	file	evidence/PMC9386061.txt		we performed longitudinal scRNA-seq analysis of BM samples collected at the time of diagnosis (P1) and relapse (P3, P4, and P5)	True
GSM5818844	geo:GSE193695:GSM5818844	development_stage	<map of column characteristics_time_point>	file	evidence/PMC9386061.txt		we performed longitudinal scRNA-seq analysis of BM samples collected at the time of diagnosis (P1) and relapse (P3, P4, and P5)	True
GSM5818845	geo:GSE193695:GSM5818845	development_stage	<map of column characteristics_time_point>	file	evidence/PMC9386061.txt		we performed longitudinal scRNA-seq analysis of BM samples collected at the time of diagnosis (P1) and relapse (P3, P4, and P5)	True
GSM5818846	geo:GSE193695:GSM5818846	development_stage	<map of column characteristics_time_point>	file	evidence/PMC9386061.txt		we performed longitudinal scRNA-seq analysis of BM samples collected at the time of diagnosis (P1) and relapse (P3, P4, and P5)	True
GSM5818847	geo:GSE193695:GSM5818847	development_stage	<map of column characteristics_time_point>	file	evidence/PMC9386061.txt		we performed longitudinal scRNA-seq analysis of BM samples collected at the time of diagnosis (P1) and relapse (P3, P4, and P5)	True
GSM5818848	geo:GSE193695:GSM5818848	development_stage	<map of column characteristics_time_point>	file	evidence/PMC9386061.txt		we performed longitudinal scRNA-seq analysis of BM samples collected at the time of diagnosis (P1) and relapse (P3, P4, and P5)	True
GSM5818849	geo:GSE193695:GSM5818849	development_stage	<map of column characteristics_time_point>	file	evidence/PMC9386061.txt		we performed longitudinal scRNA-seq analysis of BM samples collected at the time of diagnosis (P1) and relapse (P3, P4, and P5)	True
GSM5818850	geo:GSE193695:GSM5818850	development_stage	<map of column characteristics_time_point>	file	evidence/PMC9386061.txt		we performed longitudinal scRNA-seq analysis of BM samples collected at the time of diagnosis (P1) and relapse (P3, P4, and P5)	True
GSM5818851	geo:GSE193695:GSM5818851	development_stage	<map of column characteristics_time_point>	file	evidence/PMC9386061.txt		we performed longitudinal scRNA-seq analysis of BM samples collected at the time of diagnosis (P1) and relapse (P3, P4, and P5)	True
GSM5818852	geo:GSE193695:GSM5818852	development_stage	<map of column characteristics_time_point>	file	evidence/PMC9386061.txt		we performed longitudinal scRNA-seq analysis of BM samples collected at the time of diagnosis (P1) and relapse (P3, P4, and P5)	True
GSM5818853	geo:GSE193695:GSM5818853	development_stage	<map of column characteristics_time_point>	file	evidence/PMC9386061.txt		we performed longitudinal scRNA-seq analysis of BM samples collected at the time of diagnosis (P1) and relapse (P3, P4, and P5)	True
GSM5818854	geo:GSE193695:GSM5818854	development_stage	<map of column characteristics_time_point>	file	evidence/PMC9386061.txt		we performed longitudinal scRNA-seq analysis of BM samples collected at the time of diagnosis (P1) and relapse (P3, P4, and P5)	True
GSM5818855	geo:GSE193695:GSM5818855	development_stage	<map of column characteristics_time_point>	file	evidence/PMC9386061.txt		we performed longitudinal scRNA-seq analysis of BM samples collected at the time of diagnosis (P1) and relapse (P3, P4, and P5)	True
GSM5818828	geo:GSE193695:GSM5818828	development_stage	<map of column characteristics_time_point>	file	raw/fp-7a78a7e414d4/GSE193695_family.soft.gz		!Sample_characteristics_ch1 = time point: P1	True
GSM5818829	geo:GSE193695:GSM5818829	development_stage	<map of column characteristics_time_point>	file	raw/fp-7a78a7e414d4/GSE193695_family.soft.gz		!Sample_characteristics_ch1 = time point: P1	True
GSM5818830	geo:GSE193695:GSM5818830	development_stage	<map of column characteristics_time_point>	file	raw/fp-7a78a7e414d4/GSE193695_family.soft.gz		!Sample_characteristics_ch1 = time point: P1	True
GSM5818831	geo:GSE193695:GSM5818831	development_stage	<map of column characteristics_time_point>	file	raw/fp-7a78a7e414d4/GSE193695_family.soft.gz		!Sample_characteristics_ch1 = time point: P1	True
GSM5818832	geo:GSE193695:GSM5818832	development_stage	<map of column characteristics_time_point>	file	raw/fp-7a78a7e414d4/GSE193695_family.soft.gz		!Sample_characteristics_ch1 = time point: P1	True
GSM5818833	geo:GSE193695:GSM5818833	development_stage	<map of column characteristics_time_point>	file	raw/fp-7a78a7e414d4/GSE193695_family.soft.gz		!Sample_characteristics_ch1 = time point: P1	True
GSM5818834	geo:GSE193695:GSM5818834	development_stage	<map of column characteristics_time_point>	file	raw/fp-7a78a7e414d4/GSE193695_family.soft.gz		!Sample_characteristics_ch1 = time point: P1	True
GSM5818835	geo:GSE193695:GSM5818835	development_stage	<map of column characteristics_time_point>	file	raw/fp-7a78a7e414d4/GSE193695_family.soft.gz		!Sample_characteristics_ch1 = time point: P1	True
GSM5818836	geo:GSE193695:GSM5818836	development_stage	<map of column characteristics_time_point>	file	raw/fp-7a78a7e414d4/GSE193695_family.soft.gz		!Sample_characteristics_ch1 = time point: P1	True
GSM5818837	geo:GSE193695:GSM5818837	development_stage	<map of column characteristics_time_point>	file	raw/fp-7a78a7e414d4/GSE193695_family.soft.gz		!Sample_characteristics_ch1 = time point: P1	True
GSM5818838	geo:GSE193695:GSM5818838	development_stage	<map of column characteristics_time_point>	file	raw/fp-7a78a7e414d4/GSE193695_family.soft.gz		!Sample_characteristics_ch1 = time point: P1	True
GSM5818839	geo:GSE193695:GSM5818839	development_stage	<map of column characteristics_time_point>	file	raw/fp-7a78a7e414d4/GSE193695_family.soft.gz		!Sample_characteristics_ch1 = time point: P1	True
GSM5818840	geo:GSE193695:GSM5818840	development_stage	<map of column characteristics_time_point>	file	raw/fp-7a78a7e414d4/GSE193695_family.soft.gz		!Sample_characteristics_ch1 = time point: P1	True
GSM5818841	geo:GSE193695:GSM5818841	development_stage	<map of column characteristics_time_point>	file	raw/fp-7a78a7e414d4/GSE193695_family.soft.gz		!Sample_characteristics_ch1 = time point: P1	True
GSM5818842	geo:GSE193695:GSM5818842	development_stage	<map of column characteristics_time_point>	file	raw/fp-7a78a7e414d4/GSE193695_family.soft.gz		!Sample_characteristics_ch1 = time point: P1	True
GSM5818843	geo:GSE193695:GSM5818843	development_stage	<map of column characteristics_time_point>	file	raw/fp-7a78a7e414d4/GSE193695_family.soft.gz		!Sample_characteristics_ch1 = time point: P1	True
GSM5818844	geo:GSE193695:GSM5818844	development_stage	<map of column characteristics_time_point>	file	raw/fp-7a78a7e414d4/GSE193695_family.soft.gz		!Sample_characteristics_ch1 = time point: P1	True
GSM5818845	geo:GSE193695:GSM5818845	development_stage	<map of column characteristics_time_point>	file	raw/fp-7a78a7e414d4/GSE193695_family.soft.gz		!Sample_characteristics_ch1 = time point: P1	True
GSM5818846	geo:GSE193695:GSM5818846	development_stage	<map of column characteristics_time_point>	file	raw/fp-7a78a7e414d4/GSE193695_family.soft.gz		!Sample_characteristics_ch1 = time point: P1	True
GSM5818847	geo:GSE193695:GSM5818847	development_stage	<map of column characteristics_time_point>	file	raw/fp-7a78a7e414d4/GSE193695_family.soft.gz		!Sample_characteristics_ch1 = time point: P1	True
GSM5818848	geo:GSE193695:GSM5818848	development_stage	<map of column characteristics_time_point>	file	raw/fp-7a78a7e414d4/GSE193695_family.soft.gz		!Sample_characteristics_ch1 = time point: P1	True
GSM5818849	geo:GSE193695:GSM5818849	development_stage	<map of column characteristics_time_point>	file	raw/fp-7a78a7e414d4/GSE193695_family.soft.gz		!Sample_characteristics_ch1 = time point: P1	True
GSM5818850	geo:GSE193695:GSM5818850	development_stage	<map of column characteristics_time_point>	file	raw/fp-7a78a7e414d4/GSE193695_family.soft.gz		!Sample_characteristics_ch1 = time point: P1	True
GSM5818851	geo:GSE193695:GSM5818851	development_stage	<map of column characteristics_time_point>	file	raw/fp-7a78a7e414d4/GSE193695_family.soft.gz		!Sample_characteristics_ch1 = time point: P1	True
GSM5818852	geo:GSE193695:GSM5818852	development_stage	<map of column characteristics_time_point>	file	raw/fp-7a78a7e414d4/GSE193695_family.soft.gz		!Sample_characteristics_ch1 = time point: P1	True
GSM5818853	geo:GSE193695:GSM5818853	development_stage	<map of column characteristics_time_point>	file	raw/fp-7a78a7e414d4/GSE193695_family.soft.gz		!Sample_characteristics_ch1 = time point: P1	True
GSM5818854	geo:GSE193695:GSM5818854	development_stage	<map of column characteristics_time_point>	file	raw/fp-7a78a7e414d4/GSE193695_family.soft.gz		!Sample_characteristics_ch1 = time point: P1	True
GSM5818855	geo:GSE193695:GSM5818855	development_stage	<map of column characteristics_time_point>	file	raw/fp-7a78a7e414d4/GSE193695_family.soft.gz		!Sample_characteristics_ch1 = time point: P1	True
GSM5818828	geo:GSE193695:GSM5818828	tissue_free_text	Bone marrow	file	raw/fp-7a78a7e414d4/GSE193695_family.soft.gz		!Sample_characteristics_ch1 = organ: Bone marrow	True
GSM5818829	geo:GSE193695:GSM5818829	tissue_free_text	Bone marrow	file	raw/fp-7a78a7e414d4/GSE193695_family.soft.gz		!Sample_characteristics_ch1 = organ: Bone marrow	True
GSM5818830	geo:GSE193695:GSM5818830	tissue_free_text	Bone marrow	file	raw/fp-7a78a7e414d4/GSE193695_family.soft.gz		!Sample_characteristics_ch1 = organ: Bone marrow	True
GSM5818831	geo:GSE193695:GSM5818831	tissue_free_text	Bone marrow	file	raw/fp-7a78a7e414d4/GSE193695_family.soft.gz		!Sample_characteristics_ch1 = organ: Bone marrow	True
GSM5818832	geo:GSE193695:GSM5818832	tissue_free_text	Bone marrow	file	raw/fp-7a78a7e414d4/GSE193695_family.soft.gz		!Sample_characteristics_ch1 = organ: Bone marrow	True
GSM5818833	geo:GSE193695:GSM5818833	tissue_free_text	Bone marrow	file	raw/fp-7a78a7e414d4/GSE193695_family.soft.gz		!Sample_characteristics_ch1 = organ: Bone marrow	True
GSM5818834	geo:GSE193695:GSM5818834	tissue_free_text	Bone marrow	file	raw/fp-7a78a7e414d4/GSE193695_family.soft.gz		!Sample_characteristics_ch1 = organ: Bone marrow	True
GSM5818835	geo:GSE193695:GSM5818835	tissue_free_text	Bone marrow	file	raw/fp-7a78a7e414d4/GSE193695_family.soft.gz		!Sample_characteristics_ch1 = organ: Bone marrow	True
GSM5818836	geo:GSE193695:GSM5818836	tissue_free_text	Bone marrow	file	raw/fp-7a78a7e414d4/GSE193695_family.soft.gz		!Sample_characteristics_ch1 = organ: Bone marrow	True
GSM5818837	geo:GSE193695:GSM5818837	tissue_free_text	Bone marrow	file	raw/fp-7a78a7e414d4/GSE193695_family.soft.gz		!Sample_characteristics_ch1 = organ: Bone marrow	True
GSM5818838	geo:GSE193695:GSM5818838	tissue_free_text	Bone marrow	file	raw/fp-7a78a7e414d4/GSE193695_family.soft.gz		!Sample_characteristics_ch1 = organ: Bone marrow	True
GSM5818839	geo:GSE193695:GSM5818839	tissue_free_text	Bone marrow	file	raw/fp-7a78a7e414d4/GSE193695_family.soft.gz		!Sample_characteristics_ch1 = organ: Bone marrow	True
GSM5818840	geo:GSE193695:GSM5818840	tissue_free_text	Bone marrow	file	raw/fp-7a78a7e414d4/GSE193695_family.soft.gz		!Sample_characteristics_ch1 = organ: Bone marrow	True
GSM5818841	geo:GSE193695:GSM5818841	tissue_free_text	Bone marrow	file	raw/fp-7a78a7e414d4/GSE193695_family.soft.gz		!Sample_characteristics_ch1 = organ: Bone marrow	True
GSM5818842	geo:GSE193695:GSM5818842	tissue_free_text	Bone marrow	file	raw/fp-7a78a7e414d4/GSE193695_family.soft.gz		!Sample_characteristics_ch1 = organ: Bone marrow	True
GSM5818843	geo:GSE193695:GSM5818843	tissue_free_text	Bone marrow	file	raw/fp-7a78a7e414d4/GSE193695_family.soft.gz		!Sample_characteristics_ch1 = organ: Bone marrow	True
GSM5818844	geo:GSE193695:GSM5818844	tissue_free_text	Bone marrow	file	raw/fp-7a78a7e414d4/GSE193695_family.soft.gz		!Sample_characteristics_ch1 = organ: Bone marrow	True
GSM5818845	geo:GSE193695:GSM5818845	tissue_free_text	Bone marrow	file	raw/fp-7a78a7e414d4/GSE193695_family.soft.gz		!Sample_characteristics_ch1 = organ: Bone marrow	True
GSM5818846	geo:GSE193695:GSM5818846	tissue_free_text	Bone marrow	file	raw/fp-7a78a7e414d4/GSE193695_family.soft.gz		!Sample_characteristics_ch1 = organ: Bone marrow	True
GSM5818847	geo:GSE193695:GSM5818847	tissue_free_text	Bone marrow	file	raw/fp-7a78a7e414d4/GSE193695_family.soft.gz		!Sample_characteristics_ch1 = organ: Bone marrow	True
GSM5818848	geo:GSE193695:GSM5818848	tissue_free_text	Bone marrow	file	raw/fp-7a78a7e414d4/GSE193695_family.soft.gz		!Sample_characteristics_ch1 = organ: Bone marrow	True
GSM5818849	geo:GSE193695:GSM5818849	tissue_free_text	Bone marrow	file	raw/fp-7a78a7e414d4/GSE193695_family.soft.gz		!Sample_characteristics_ch1 = organ: Bone marrow	True
GSM5818850	geo:GSE193695:GSM5818850	tissue_free_text	Bone marrow	file	raw/fp-7a78a7e414d4/GSE193695_family.soft.gz		!Sample_characteristics_ch1 = organ: Bone marrow	True
GSM5818851	geo:GSE193695:GSM5818851	tissue_free_text	Bone marrow	file	raw/fp-7a78a7e414d4/GSE193695_family.soft.gz		!Sample_characteristics_ch1 = organ: Bone marrow	True
GSM5818852	geo:GSE193695:GSM5818852	tissue_free_text	Bone marrow	file	raw/fp-7a78a7e414d4/GSE193695_family.soft.gz		!Sample_characteristics_ch1 = organ: Bone marrow	True
GSM5818853	geo:GSE193695:GSM5818853	tissue_free_text	Bone marrow	file	raw/fp-7a78a7e414d4/GSE193695_family.soft.gz		!Sample_characteristics_ch1 = organ: Bone marrow	True
GSM5818854	geo:GSE193695:GSM5818854	tissue_free_text	Bone marrow	file	raw/fp-7a78a7e414d4/GSE193695_family.soft.gz		!Sample_characteristics_ch1 = organ: Bone marrow	True
GSM5818855	geo:GSE193695:GSM5818855	tissue_free_text	Bone marrow	file	raw/fp-7a78a7e414d4/GSE193695_family.soft.gz		!Sample_characteristics_ch1 = organ: Bone marrow	True
GSM5818828	geo:GSE193695:GSM5818828	tissue_type	tissue	file	raw/fp-7a78a7e414d4/GSE193695_family.soft.gz		!Sample_characteristics_ch1 = organ: Bone marrow	True
GSM5818829	geo:GSE193695:GSM5818829	tissue_type	tissue	file	raw/fp-7a78a7e414d4/GSE193695_family.soft.gz		!Sample_characteristics_ch1 = organ: Bone marrow	True
GSM5818830	geo:GSE193695:GSM5818830	tissue_type	tissue	file	raw/fp-7a78a7e414d4/GSE193695_family.soft.gz		!Sample_characteristics_ch1 = organ: Bone marrow	True
GSM5818831	geo:GSE193695:GSM5818831	tissue_type	tissue	file	raw/fp-7a78a7e414d4/GSE193695_family.soft.gz		!Sample_characteristics_ch1 = organ: Bone marrow	True
GSM5818832	geo:GSE193695:GSM5818832	tissue_type	tissue	file	raw/fp-7a78a7e414d4/GSE193695_family.soft.gz		!Sample_characteristics_ch1 = organ: Bone marrow	True
GSM5818833	geo:GSE193695:GSM5818833	tissue_type	tissue	file	raw/fp-7a78a7e414d4/GSE193695_family.soft.gz		!Sample_characteristics_ch1 = organ: Bone marrow	True
GSM5818834	geo:GSE193695:GSM5818834	tissue_type	tissue	file	raw/fp-7a78a7e414d4/GSE193695_family.soft.gz		!Sample_characteristics_ch1 = organ: Bone marrow	True
GSM5818835	geo:GSE193695:GSM5818835	tissue_type	tissue	file	raw/fp-7a78a7e414d4/GSE193695_family.soft.gz		!Sample_characteristics_ch1 = organ: Bone marrow	True
GSM5818836	geo:GSE193695:GSM5818836	tissue_type	tissue	file	raw/fp-7a78a7e414d4/GSE193695_family.soft.gz		!Sample_characteristics_ch1 = organ: Bone marrow	True
GSM5818837	geo:GSE193695:GSM5818837	tissue_type	tissue	file	raw/fp-7a78a7e414d4/GSE193695_family.soft.gz		!Sample_characteristics_ch1 = organ: Bone marrow	True
GSM5818838	geo:GSE193695:GSM5818838	tissue_type	tissue	file	raw/fp-7a78a7e414d4/GSE193695_family.soft.gz		!Sample_characteristics_ch1 = organ: Bone marrow	True
GSM5818839	geo:GSE193695:GSM5818839	tissue_type	tissue	file	raw/fp-7a78a7e414d4/GSE193695_family.soft.gz		!Sample_characteristics_ch1 = organ: Bone marrow	True
GSM5818840	geo:GSE193695:GSM5818840	tissue_type	tissue	file	raw/fp-7a78a7e414d4/GSE193695_family.soft.gz		!Sample_characteristics_ch1 = organ: Bone marrow	True
GSM5818841	geo:GSE193695:GSM5818841	tissue_type	tissue	file	raw/fp-7a78a7e414d4/GSE193695_family.soft.gz		!Sample_characteristics_ch1 = organ: Bone marrow	True
GSM5818842	geo:GSE193695:GSM5818842	tissue_type	tissue	file	raw/fp-7a78a7e414d4/GSE193695_family.soft.gz		!Sample_characteristics_ch1 = organ: Bone marrow	True
GSM5818843	geo:GSE193695:GSM5818843	tissue_type	tissue	file	raw/fp-7a78a7e414d4/GSE193695_family.soft.gz		!Sample_characteristics_ch1 = organ: Bone marrow	True
GSM5818844	geo:GSE193695:GSM5818844	tissue_type	tissue	file	raw/fp-7a78a7e414d4/GSE193695_family.soft.gz		!Sample_characteristics_ch1 = organ: Bone marrow	True
GSM5818845	geo:GSE193695:GSM5818845	tissue_type	tissue	file	raw/fp-7a78a7e414d4/GSE193695_family.soft.gz		!Sample_characteristics_ch1 = organ: Bone marrow	True
GSM5818846	geo:GSE193695:GSM5818846	tissue_type	tissue	file	raw/fp-7a78a7e414d4/GSE193695_family.soft.gz		!Sample_characteristics_ch1 = organ: Bone marrow	True
GSM5818847	geo:GSE193695:GSM5818847	tissue_type	tissue	file	raw/fp-7a78a7e414d4/GSE193695_family.soft.gz		!Sample_characteristics_ch1 = organ: Bone marrow	True
GSM5818848	geo:GSE193695:GSM5818848	tissue_type	tissue	file	raw/fp-7a78a7e414d4/GSE193695_family.soft.gz		!Sample_characteristics_ch1 = organ: Bone marrow	True
GSM5818849	geo:GSE193695:GSM5818849	tissue_type	tissue	file	raw/fp-7a78a7e414d4/GSE193695_family.soft.gz		!Sample_characteristics_ch1 = organ: Bone marrow	True
GSM5818850	geo:GSE193695:GSM5818850	tissue_type	tissue	file	raw/fp-7a78a7e414d4/GSE193695_family.soft.gz		!Sample_characteristics_ch1 = organ: Bone marrow	True
GSM5818851	geo:GSE193695:GSM5818851	tissue_type	tissue	file	raw/fp-7a78a7e414d4/GSE193695_family.soft.gz		!Sample_characteristics_ch1 = organ: Bone marrow	True
GSM5818852	geo:GSE193695:GSM5818852	tissue_type	tissue	file	raw/fp-7a78a7e414d4/GSE193695_family.soft.gz		!Sample_characteristics_ch1 = organ: Bone marrow	True
GSM5818853	geo:GSE193695:GSM5818853	tissue_type	tissue	file	raw/fp-7a78a7e414d4/GSE193695_family.soft.gz		!Sample_characteristics_ch1 = organ: Bone marrow	True
GSM5818854	geo:GSE193695:GSM5818854	tissue_type	tissue	file	raw/fp-7a78a7e414d4/GSE193695_family.soft.gz		!Sample_characteristics_ch1 = organ: Bone marrow	True
GSM5818855	geo:GSE193695:GSM5818855	tissue_type	tissue	file	raw/fp-7a78a7e414d4/GSE193695_family.soft.gz		!Sample_characteristics_ch1 = organ: Bone marrow	True
GSM5818828	geo:GSE193695:GSM5818828	tissue_type	tissue	file	raw/fp-7a78a7e414d4/GSE193695_family.soft.gz		Mononuclear cells were isolated from bone marrow aspirates using density centrifugation media	True
GSM5818829	geo:GSE193695:GSM5818829	tissue_type	tissue	file	raw/fp-7a78a7e414d4/GSE193695_family.soft.gz		Mononuclear cells were isolated from bone marrow aspirates using density centrifugation media	True
GSM5818830	geo:GSE193695:GSM5818830	tissue_type	tissue	file	raw/fp-7a78a7e414d4/GSE193695_family.soft.gz		Mononuclear cells were isolated from bone marrow aspirates using density centrifugation media	True
GSM5818831	geo:GSE193695:GSM5818831	tissue_type	tissue	file	raw/fp-7a78a7e414d4/GSE193695_family.soft.gz		Mononuclear cells were isolated from bone marrow aspirates using density centrifugation media	True
GSM5818832	geo:GSE193695:GSM5818832	tissue_type	tissue	file	raw/fp-7a78a7e414d4/GSE193695_family.soft.gz		Mononuclear cells were isolated from bone marrow aspirates using density centrifugation media	True
GSM5818833	geo:GSE193695:GSM5818833	tissue_type	tissue	file	raw/fp-7a78a7e414d4/GSE193695_family.soft.gz		Mononuclear cells were isolated from bone marrow aspirates using density centrifugation media	True
GSM5818834	geo:GSE193695:GSM5818834	tissue_type	tissue	file	raw/fp-7a78a7e414d4/GSE193695_family.soft.gz		Mononuclear cells were isolated from bone marrow aspirates using density centrifugation media	True
GSM5818835	geo:GSE193695:GSM5818835	tissue_type	tissue	file	raw/fp-7a78a7e414d4/GSE193695_family.soft.gz		Mononuclear cells were isolated from bone marrow aspirates using density centrifugation media	True
GSM5818836	geo:GSE193695:GSM5818836	tissue_type	tissue	file	raw/fp-7a78a7e414d4/GSE193695_family.soft.gz		Mononuclear cells were isolated from bone marrow aspirates using density centrifugation media	True
GSM5818837	geo:GSE193695:GSM5818837	tissue_type	tissue	file	raw/fp-7a78a7e414d4/GSE193695_family.soft.gz		Mononuclear cells were isolated from bone marrow aspirates using density centrifugation media	True
GSM5818838	geo:GSE193695:GSM5818838	tissue_type	tissue	file	raw/fp-7a78a7e414d4/GSE193695_family.soft.gz		Mononuclear cells were isolated from bone marrow aspirates using density centrifugation media	True
GSM5818839	geo:GSE193695:GSM5818839	tissue_type	tissue	file	raw/fp-7a78a7e414d4/GSE193695_family.soft.gz		Mononuclear cells were isolated from bone marrow aspirates using density centrifugation media	True
GSM5818840	geo:GSE193695:GSM5818840	tissue_type	tissue	file	raw/fp-7a78a7e414d4/GSE193695_family.soft.gz		Mononuclear cells were isolated from bone marrow aspirates using density centrifugation media	True
GSM5818841	geo:GSE193695:GSM5818841	tissue_type	tissue	file	raw/fp-7a78a7e414d4/GSE193695_family.soft.gz		Mononuclear cells were isolated from bone marrow aspirates using density centrifugation media	True
GSM5818842	geo:GSE193695:GSM5818842	tissue_type	tissue	file	raw/fp-7a78a7e414d4/GSE193695_family.soft.gz		Mononuclear cells were isolated from bone marrow aspirates using density centrifugation media	True
GSM5818843	geo:GSE193695:GSM5818843	tissue_type	tissue	file	raw/fp-7a78a7e414d4/GSE193695_family.soft.gz		Mononuclear cells were isolated from bone marrow aspirates using density centrifugation media	True
GSM5818844	geo:GSE193695:GSM5818844	tissue_type	tissue	file	raw/fp-7a78a7e414d4/GSE193695_family.soft.gz		Mononuclear cells were isolated from bone marrow aspirates using density centrifugation media	True
GSM5818845	geo:GSE193695:GSM5818845	tissue_type	tissue	file	raw/fp-7a78a7e414d4/GSE193695_family.soft.gz		Mononuclear cells were isolated from bone marrow aspirates using density centrifugation media	True
GSM5818846	geo:GSE193695:GSM5818846	tissue_type	tissue	file	raw/fp-7a78a7e414d4/GSE193695_family.soft.gz		Mononuclear cells were isolated from bone marrow aspirates using density centrifugation media	True
GSM5818847	geo:GSE193695:GSM5818847	tissue_type	tissue	file	raw/fp-7a78a7e414d4/GSE193695_family.soft.gz		Mononuclear cells were isolated from bone marrow aspirates using density centrifugation media	True
GSM5818848	geo:GSE193695:GSM5818848	tissue_type	tissue	file	raw/fp-7a78a7e414d4/GSE193695_family.soft.gz		Mononuclear cells were isolated from bone marrow aspirates using density centrifugation media	True
GSM5818849	geo:GSE193695:GSM5818849	tissue_type	tissue	file	raw/fp-7a78a7e414d4/GSE193695_family.soft.gz		Mononuclear cells were isolated from bone marrow aspirates using density centrifugation media	True
GSM5818850	geo:GSE193695:GSM5818850	tissue_type	tissue	file	raw/fp-7a78a7e414d4/GSE193695_family.soft.gz		Mononuclear cells were isolated from bone marrow aspirates using density centrifugation media	True
GSM5818851	geo:GSE193695:GSM5818851	tissue_type	tissue	file	raw/fp-7a78a7e414d4/GSE193695_family.soft.gz		Mononuclear cells were isolated from bone marrow aspirates using density centrifugation media	True
GSM5818852	geo:GSE193695:GSM5818852	tissue_type	tissue	file	raw/fp-7a78a7e414d4/GSE193695_family.soft.gz		Mononuclear cells were isolated from bone marrow aspirates using density centrifugation media	True
GSM5818853	geo:GSE193695:GSM5818853	tissue_type	tissue	file	raw/fp-7a78a7e414d4/GSE193695_family.soft.gz		Mononuclear cells were isolated from bone marrow aspirates using density centrifugation media	True
GSM5818854	geo:GSE193695:GSM5818854	tissue_type	tissue	file	raw/fp-7a78a7e414d4/GSE193695_family.soft.gz		Mononuclear cells were isolated from bone marrow aspirates using density centrifugation media	True
GSM5818855	geo:GSE193695:GSM5818855	tissue_type	tissue	file	raw/fp-7a78a7e414d4/GSE193695_family.soft.gz		Mononuclear cells were isolated from bone marrow aspirates using density centrifugation media	True
GSM5818828	geo:GSE193695:GSM5818828	sample_collection_method	bone marrow aspiration	file	raw/fp-7a78a7e414d4/GSE193695_family.soft.gz		!Sample_source_name_ch1 = Bone marrow aspiration	True
GSM5818829	geo:GSE193695:GSM5818829	sample_collection_method	bone marrow aspiration	file	raw/fp-7a78a7e414d4/GSE193695_family.soft.gz		!Sample_source_name_ch1 = Bone marrow aspiration	True
GSM5818830	geo:GSE193695:GSM5818830	sample_collection_method	bone marrow aspiration	file	raw/fp-7a78a7e414d4/GSE193695_family.soft.gz		!Sample_source_name_ch1 = Bone marrow aspiration	True
GSM5818831	geo:GSE193695:GSM5818831	sample_collection_method	bone marrow aspiration	file	raw/fp-7a78a7e414d4/GSE193695_family.soft.gz		!Sample_source_name_ch1 = Bone marrow aspiration	True
GSM5818832	geo:GSE193695:GSM5818832	sample_collection_method	bone marrow aspiration	file	raw/fp-7a78a7e414d4/GSE193695_family.soft.gz		!Sample_source_name_ch1 = Bone marrow aspiration	True
GSM5818833	geo:GSE193695:GSM5818833	sample_collection_method	bone marrow aspiration	file	raw/fp-7a78a7e414d4/GSE193695_family.soft.gz		!Sample_source_name_ch1 = Bone marrow aspiration	True
GSM5818834	geo:GSE193695:GSM5818834	sample_collection_method	bone marrow aspiration	file	raw/fp-7a78a7e414d4/GSE193695_family.soft.gz		!Sample_source_name_ch1 = Bone marrow aspiration	True
GSM5818835	geo:GSE193695:GSM5818835	sample_collection_method	bone marrow aspiration	file	raw/fp-7a78a7e414d4/GSE193695_family.soft.gz		!Sample_source_name_ch1 = Bone marrow aspiration	True
GSM5818836	geo:GSE193695:GSM5818836	sample_collection_method	bone marrow aspiration	file	raw/fp-7a78a7e414d4/GSE193695_family.soft.gz		!Sample_source_name_ch1 = Bone marrow aspiration	True
GSM5818837	geo:GSE193695:GSM5818837	sample_collection_method	bone marrow aspiration	file	raw/fp-7a78a7e414d4/GSE193695_family.soft.gz		!Sample_source_name_ch1 = Bone marrow aspiration	True
GSM5818838	geo:GSE193695:GSM5818838	sample_collection_method	bone marrow aspiration	file	raw/fp-7a78a7e414d4/GSE193695_family.soft.gz		!Sample_source_name_ch1 = Bone marrow aspiration	True
GSM5818839	geo:GSE193695:GSM5818839	sample_collection_method	bone marrow aspiration	file	raw/fp-7a78a7e414d4/GSE193695_family.soft.gz		!Sample_source_name_ch1 = Bone marrow aspiration	True
GSM5818840	geo:GSE193695:GSM5818840	sample_collection_method	bone marrow aspiration	file	raw/fp-7a78a7e414d4/GSE193695_family.soft.gz		!Sample_source_name_ch1 = Bone marrow aspiration	True
GSM5818841	geo:GSE193695:GSM5818841	sample_collection_method	bone marrow aspiration	file	raw/fp-7a78a7e414d4/GSE193695_family.soft.gz		!Sample_source_name_ch1 = Bone marrow aspiration	True
GSM5818842	geo:GSE193695:GSM5818842	sample_collection_method	bone marrow aspiration	file	raw/fp-7a78a7e414d4/GSE193695_family.soft.gz		!Sample_source_name_ch1 = Bone marrow aspiration	True
GSM5818843	geo:GSE193695:GSM5818843	sample_collection_method	bone marrow aspiration	file	raw/fp-7a78a7e414d4/GSE193695_family.soft.gz		!Sample_source_name_ch1 = Bone marrow aspiration	True
GSM5818844	geo:GSE193695:GSM5818844	sample_collection_method	bone marrow aspiration	file	raw/fp-7a78a7e414d4/GSE193695_family.soft.gz		!Sample_source_name_ch1 = Bone marrow aspiration	True
GSM5818845	geo:GSE193695:GSM5818845	sample_collection_method	bone marrow aspiration	file	raw/fp-7a78a7e414d4/GSE193695_family.soft.gz		!Sample_source_name_ch1 = Bone marrow aspiration	True
GSM5818846	geo:GSE193695:GSM5818846	sample_collection_method	bone marrow aspiration	file	raw/fp-7a78a7e414d4/GSE193695_family.soft.gz		!Sample_source_name_ch1 = Bone marrow aspiration	True
GSM5818847	geo:GSE193695:GSM5818847	sample_collection_method	bone marrow aspiration	file	raw/fp-7a78a7e414d4/GSE193695_family.soft.gz		!Sample_source_name_ch1 = Bone marrow aspiration	True
GSM5818848	geo:GSE193695:GSM5818848	sample_collection_method	bone marrow aspiration	file	raw/fp-7a78a7e414d4/GSE193695_family.soft.gz		!Sample_source_name_ch1 = Bone marrow aspiration	True
GSM5818849	geo:GSE193695:GSM5818849	sample_collection_method	bone marrow aspiration	file	raw/fp-7a78a7e414d4/GSE193695_family.soft.gz		!Sample_source_name_ch1 = Bone marrow aspiration	True
GSM5818850	geo:GSE193695:GSM5818850	sample_collection_method	bone marrow aspiration	file	raw/fp-7a78a7e414d4/GSE193695_family.soft.gz		!Sample_source_name_ch1 = Bone marrow aspiration	True
GSM5818851	geo:GSE193695:GSM5818851	sample_collection_method	bone marrow aspiration	file	raw/fp-7a78a7e414d4/GSE193695_family.soft.gz		!Sample_source_name_ch1 = Bone marrow aspiration	True
GSM5818852	geo:GSE193695:GSM5818852	sample_collection_method	bone marrow aspiration	file	raw/fp-7a78a7e414d4/GSE193695_family.soft.gz		!Sample_source_name_ch1 = Bone marrow aspiration	True
GSM5818853	geo:GSE193695:GSM5818853	sample_collection_method	bone marrow aspiration	file	raw/fp-7a78a7e414d4/GSE193695_family.soft.gz		!Sample_source_name_ch1 = Bone marrow aspiration	True
GSM5818854	geo:GSE193695:GSM5818854	sample_collection_method	bone marrow aspiration	file	raw/fp-7a78a7e414d4/GSE193695_family.soft.gz		!Sample_source_name_ch1 = Bone marrow aspiration	True
GSM5818855	geo:GSE193695:GSM5818855	sample_collection_method	bone marrow aspiration	file	raw/fp-7a78a7e414d4/GSE193695_family.soft.gz		!Sample_source_name_ch1 = Bone marrow aspiration	True
GSM5818828	geo:GSE193695:GSM5818828	disease_free_text	multiple myeloma	file	raw/fp-7a78a7e414d4/GSE193695_family.soft.gz		!Series_title = Identification of a drug-response gene in multiple myeloma through longitudinal single-cell transcriptome sequencing.	True
GSM5818829	geo:GSE193695:GSM5818829	disease_free_text	multiple myeloma	file	raw/fp-7a78a7e414d4/GSE193695_family.soft.gz		!Series_title = Identification of a drug-response gene in multiple myeloma through longitudinal single-cell transcriptome sequencing.	True
GSM5818830	geo:GSE193695:GSM5818830	disease_free_text	multiple myeloma	file	raw/fp-7a78a7e414d4/GSE193695_family.soft.gz		!Series_title = Identification of a drug-response gene in multiple myeloma through longitudinal single-cell transcriptome sequencing.	True
GSM5818831	geo:GSE193695:GSM5818831	disease_free_text	multiple myeloma	file	raw/fp-7a78a7e414d4/GSE193695_family.soft.gz		!Series_title = Identification of a drug-response gene in multiple myeloma through longitudinal single-cell transcriptome sequencing.	True
GSM5818832	geo:GSE193695:GSM5818832	disease_free_text	multiple myeloma	file	raw/fp-7a78a7e414d4/GSE193695_family.soft.gz		!Series_title = Identification of a drug-response gene in multiple myeloma through longitudinal single-cell transcriptome sequencing.	True
GSM5818833	geo:GSE193695:GSM5818833	disease_free_text	multiple myeloma	file	raw/fp-7a78a7e414d4/GSE193695_family.soft.gz		!Series_title = Identification of a drug-response gene in multiple myeloma through longitudinal single-cell transcriptome sequencing.	True
GSM5818834	geo:GSE193695:GSM5818834	disease_free_text	multiple myeloma	file	raw/fp-7a78a7e414d4/GSE193695_family.soft.gz		!Series_title = Identification of a drug-response gene in multiple myeloma through longitudinal single-cell transcriptome sequencing.	True
GSM5818835	geo:GSE193695:GSM5818835	disease_free_text	multiple myeloma	file	raw/fp-7a78a7e414d4/GSE193695_family.soft.gz		!Series_title = Identification of a drug-response gene in multiple myeloma through longitudinal single-cell transcriptome sequencing.	True
GSM5818836	geo:GSE193695:GSM5818836	disease_free_text	multiple myeloma	file	raw/fp-7a78a7e414d4/GSE193695_family.soft.gz		!Series_title = Identification of a drug-response gene in multiple myeloma through longitudinal single-cell transcriptome sequencing.	True
GSM5818837	geo:GSE193695:GSM5818837	disease_free_text	multiple myeloma	file	raw/fp-7a78a7e414d4/GSE193695_family.soft.gz		!Series_title = Identification of a drug-response gene in multiple myeloma through longitudinal single-cell transcriptome sequencing.	True
GSM5818838	geo:GSE193695:GSM5818838	disease_free_text	multiple myeloma	file	raw/fp-7a78a7e414d4/GSE193695_family.soft.gz		!Series_title = Identification of a drug-response gene in multiple myeloma through longitudinal single-cell transcriptome sequencing.	True
GSM5818839	geo:GSE193695:GSM5818839	disease_free_text	multiple myeloma	file	raw/fp-7a78a7e414d4/GSE193695_family.soft.gz		!Series_title = Identification of a drug-response gene in multiple myeloma through longitudinal single-cell transcriptome sequencing.	True
GSM5818840	geo:GSE193695:GSM5818840	disease_free_text	multiple myeloma	file	raw/fp-7a78a7e414d4/GSE193695_family.soft.gz		!Series_title = Identification of a drug-response gene in multiple myeloma through longitudinal single-cell transcriptome sequencing.	True
GSM5818841	geo:GSE193695:GSM5818841	disease_free_text	multiple myeloma	file	raw/fp-7a78a7e414d4/GSE193695_family.soft.gz		!Series_title = Identification of a drug-response gene in multiple myeloma through longitudinal single-cell transcriptome sequencing.	True
GSM5818842	geo:GSE193695:GSM5818842	disease_free_text	multiple myeloma	file	raw/fp-7a78a7e414d4/GSE193695_family.soft.gz		!Series_title = Identification of a drug-response gene in multiple myeloma through longitudinal single-cell transcriptome sequencing.	True
GSM5818843	geo:GSE193695:GSM5818843	disease_free_text	multiple myeloma	file	raw/fp-7a78a7e414d4/GSE193695_family.soft.gz		!Series_title = Identification of a drug-response gene in multiple myeloma through longitudinal single-cell transcriptome sequencing.	True
GSM5818844	geo:GSE193695:GSM5818844	disease_free_text	multiple myeloma	file	raw/fp-7a78a7e414d4/GSE193695_family.soft.gz		!Series_title = Identification of a drug-response gene in multiple myeloma through longitudinal single-cell transcriptome sequencing.	True
GSM5818845	geo:GSE193695:GSM5818845	disease_free_text	multiple myeloma	file	raw/fp-7a78a7e414d4/GSE193695_family.soft.gz		!Series_title = Identification of a drug-response gene in multiple myeloma through longitudinal single-cell transcriptome sequencing.	True
GSM5818846	geo:GSE193695:GSM5818846	disease_free_text	multiple myeloma	file	raw/fp-7a78a7e414d4/GSE193695_family.soft.gz		!Series_title = Identification of a drug-response gene in multiple myeloma through longitudinal single-cell transcriptome sequencing.	True
GSM5818847	geo:GSE193695:GSM5818847	disease_free_text	multiple myeloma	file	raw/fp-7a78a7e414d4/GSE193695_family.soft.gz		!Series_title = Identification of a drug-response gene in multiple myeloma through longitudinal single-cell transcriptome sequencing.	True
GSM5818848	geo:GSE193695:GSM5818848	disease_free_text	multiple myeloma	file	raw/fp-7a78a7e414d4/GSE193695_family.soft.gz		!Series_title = Identification of a drug-response gene in multiple myeloma through longitudinal single-cell transcriptome sequencing.	True
GSM5818849	geo:GSE193695:GSM5818849	disease_free_text	multiple myeloma	file	raw/fp-7a78a7e414d4/GSE193695_family.soft.gz		!Series_title = Identification of a drug-response gene in multiple myeloma through longitudinal single-cell transcriptome sequencing.	True
GSM5818850	geo:GSE193695:GSM5818850	disease_free_text	multiple myeloma	file	raw/fp-7a78a7e414d4/GSE193695_family.soft.gz		!Series_title = Identification of a drug-response gene in multiple myeloma through longitudinal single-cell transcriptome sequencing.	True
GSM5818851	geo:GSE193695:GSM5818851	disease_free_text	multiple myeloma	file	raw/fp-7a78a7e414d4/GSE193695_family.soft.gz		!Series_title = Identification of a drug-response gene in multiple myeloma through longitudinal single-cell transcriptome sequencing.	True
GSM5818852	geo:GSE193695:GSM5818852	disease_free_text	multiple myeloma	file	raw/fp-7a78a7e414d4/GSE193695_family.soft.gz		!Series_title = Identification of a drug-response gene in multiple myeloma through longitudinal single-cell transcriptome sequencing.	True
GSM5818853	geo:GSE193695:GSM5818853	disease_free_text	multiple myeloma	file	raw/fp-7a78a7e414d4/GSE193695_family.soft.gz		!Series_title = Identification of a drug-response gene in multiple myeloma through longitudinal single-cell transcriptome sequencing.	True
GSM5818854	geo:GSE193695:GSM5818854	disease_free_text	multiple myeloma	file	raw/fp-7a78a7e414d4/GSE193695_family.soft.gz		!Series_title = Identification of a drug-response gene in multiple myeloma through longitudinal single-cell transcriptome sequencing.	True
GSM5818855	geo:GSE193695:GSM5818855	disease_free_text	multiple myeloma	file	raw/fp-7a78a7e414d4/GSE193695_family.soft.gz		!Series_title = Identification of a drug-response gene in multiple myeloma through longitudinal single-cell transcriptome sequencing.	True
GSM5818828	geo:GSE193695:GSM5818828	disease_free_text	multiple myeloma	file	raw/fp-7a78a7e414d4/GSE193695_family.soft.gz		bone marrow cells from a single patient with relapsed and refractory MM	True
GSM5818829	geo:GSE193695:GSM5818829	disease_free_text	multiple myeloma	file	raw/fp-7a78a7e414d4/GSE193695_family.soft.gz		bone marrow cells from a single patient with relapsed and refractory MM	True
GSM5818830	geo:GSE193695:GSM5818830	disease_free_text	multiple myeloma	file	raw/fp-7a78a7e414d4/GSE193695_family.soft.gz		bone marrow cells from a single patient with relapsed and refractory MM	True
GSM5818831	geo:GSE193695:GSM5818831	disease_free_text	multiple myeloma	file	raw/fp-7a78a7e414d4/GSE193695_family.soft.gz		bone marrow cells from a single patient with relapsed and refractory MM	True
GSM5818832	geo:GSE193695:GSM5818832	disease_free_text	multiple myeloma	file	raw/fp-7a78a7e414d4/GSE193695_family.soft.gz		bone marrow cells from a single patient with relapsed and refractory MM	True
GSM5818833	geo:GSE193695:GSM5818833	disease_free_text	multiple myeloma	file	raw/fp-7a78a7e414d4/GSE193695_family.soft.gz		bone marrow cells from a single patient with relapsed and refractory MM	True
GSM5818834	geo:GSE193695:GSM5818834	disease_free_text	multiple myeloma	file	raw/fp-7a78a7e414d4/GSE193695_family.soft.gz		bone marrow cells from a single patient with relapsed and refractory MM	True
GSM5818835	geo:GSE193695:GSM5818835	disease_free_text	multiple myeloma	file	raw/fp-7a78a7e414d4/GSE193695_family.soft.gz		bone marrow cells from a single patient with relapsed and refractory MM	True
GSM5818836	geo:GSE193695:GSM5818836	disease_free_text	multiple myeloma	file	raw/fp-7a78a7e414d4/GSE193695_family.soft.gz		bone marrow cells from a single patient with relapsed and refractory MM	True
GSM5818837	geo:GSE193695:GSM5818837	disease_free_text	multiple myeloma	file	raw/fp-7a78a7e414d4/GSE193695_family.soft.gz		bone marrow cells from a single patient with relapsed and refractory MM	True
GSM5818838	geo:GSE193695:GSM5818838	disease_free_text	multiple myeloma	file	raw/fp-7a78a7e414d4/GSE193695_family.soft.gz		bone marrow cells from a single patient with relapsed and refractory MM	True
GSM5818839	geo:GSE193695:GSM5818839	disease_free_text	multiple myeloma	file	raw/fp-7a78a7e414d4/GSE193695_family.soft.gz		bone marrow cells from a single patient with relapsed and refractory MM	True
GSM5818840	geo:GSE193695:GSM5818840	disease_free_text	multiple myeloma	file	raw/fp-7a78a7e414d4/GSE193695_family.soft.gz		bone marrow cells from a single patient with relapsed and refractory MM	True
GSM5818841	geo:GSE193695:GSM5818841	disease_free_text	multiple myeloma	file	raw/fp-7a78a7e414d4/GSE193695_family.soft.gz		bone marrow cells from a single patient with relapsed and refractory MM	True
GSM5818842	geo:GSE193695:GSM5818842	disease_free_text	multiple myeloma	file	raw/fp-7a78a7e414d4/GSE193695_family.soft.gz		bone marrow cells from a single patient with relapsed and refractory MM	True
GSM5818843	geo:GSE193695:GSM5818843	disease_free_text	multiple myeloma	file	raw/fp-7a78a7e414d4/GSE193695_family.soft.gz		bone marrow cells from a single patient with relapsed and refractory MM	True
GSM5818844	geo:GSE193695:GSM5818844	disease_free_text	multiple myeloma	file	raw/fp-7a78a7e414d4/GSE193695_family.soft.gz		bone marrow cells from a single patient with relapsed and refractory MM	True
GSM5818845	geo:GSE193695:GSM5818845	disease_free_text	multiple myeloma	file	raw/fp-7a78a7e414d4/GSE193695_family.soft.gz		bone marrow cells from a single patient with relapsed and refractory MM	True
GSM5818846	geo:GSE193695:GSM5818846	disease_free_text	multiple myeloma	file	raw/fp-7a78a7e414d4/GSE193695_family.soft.gz		bone marrow cells from a single patient with relapsed and refractory MM	True
GSM5818847	geo:GSE193695:GSM5818847	disease_free_text	multiple myeloma	file	raw/fp-7a78a7e414d4/GSE193695_family.soft.gz		bone marrow cells from a single patient with relapsed and refractory MM	True
GSM5818848	geo:GSE193695:GSM5818848	disease_free_text	multiple myeloma	file	raw/fp-7a78a7e414d4/GSE193695_family.soft.gz		bone marrow cells from a single patient with relapsed and refractory MM	True
GSM5818849	geo:GSE193695:GSM5818849	disease_free_text	multiple myeloma	file	raw/fp-7a78a7e414d4/GSE193695_family.soft.gz		bone marrow cells from a single patient with relapsed and refractory MM	True
GSM5818850	geo:GSE193695:GSM5818850	disease_free_text	multiple myeloma	file	raw/fp-7a78a7e414d4/GSE193695_family.soft.gz		bone marrow cells from a single patient with relapsed and refractory MM	True
GSM5818851	geo:GSE193695:GSM5818851	disease_free_text	multiple myeloma	file	raw/fp-7a78a7e414d4/GSE193695_family.soft.gz		bone marrow cells from a single patient with relapsed and refractory MM	True
GSM5818852	geo:GSE193695:GSM5818852	disease_free_text	multiple myeloma	file	raw/fp-7a78a7e414d4/GSE193695_family.soft.gz		bone marrow cells from a single patient with relapsed and refractory MM	True
GSM5818853	geo:GSE193695:GSM5818853	disease_free_text	multiple myeloma	file	raw/fp-7a78a7e414d4/GSE193695_family.soft.gz		bone marrow cells from a single patient with relapsed and refractory MM	True
GSM5818854	geo:GSE193695:GSM5818854	disease_free_text	multiple myeloma	file	raw/fp-7a78a7e414d4/GSE193695_family.soft.gz		bone marrow cells from a single patient with relapsed and refractory MM	True
GSM5818855	geo:GSE193695:GSM5818855	disease_free_text	multiple myeloma	file	raw/fp-7a78a7e414d4/GSE193695_family.soft.gz		bone marrow cells from a single patient with relapsed and refractory MM	True
GSM5818828	geo:GSE193695:GSM5818828	sampled_site_condition	diseased	file	raw/fp-7a78a7e414d4/GSE193695_family.soft.gz		bone marrow cells from a single patient with relapsed and refractory MM	True
GSM5818829	geo:GSE193695:GSM5818829	sampled_site_condition	diseased	file	raw/fp-7a78a7e414d4/GSE193695_family.soft.gz		bone marrow cells from a single patient with relapsed and refractory MM	True
GSM5818830	geo:GSE193695:GSM5818830	sampled_site_condition	diseased	file	raw/fp-7a78a7e414d4/GSE193695_family.soft.gz		bone marrow cells from a single patient with relapsed and refractory MM	True
GSM5818831	geo:GSE193695:GSM5818831	sampled_site_condition	diseased	file	raw/fp-7a78a7e414d4/GSE193695_family.soft.gz		bone marrow cells from a single patient with relapsed and refractory MM	True
GSM5818832	geo:GSE193695:GSM5818832	sampled_site_condition	diseased	file	raw/fp-7a78a7e414d4/GSE193695_family.soft.gz		bone marrow cells from a single patient with relapsed and refractory MM	True
GSM5818833	geo:GSE193695:GSM5818833	sampled_site_condition	diseased	file	raw/fp-7a78a7e414d4/GSE193695_family.soft.gz		bone marrow cells from a single patient with relapsed and refractory MM	True
GSM5818834	geo:GSE193695:GSM5818834	sampled_site_condition	diseased	file	raw/fp-7a78a7e414d4/GSE193695_family.soft.gz		bone marrow cells from a single patient with relapsed and refractory MM	True
GSM5818835	geo:GSE193695:GSM5818835	sampled_site_condition	diseased	file	raw/fp-7a78a7e414d4/GSE193695_family.soft.gz		bone marrow cells from a single patient with relapsed and refractory MM	True
GSM5818836	geo:GSE193695:GSM5818836	sampled_site_condition	diseased	file	raw/fp-7a78a7e414d4/GSE193695_family.soft.gz		bone marrow cells from a single patient with relapsed and refractory MM	True
GSM5818837	geo:GSE193695:GSM5818837	sampled_site_condition	diseased	file	raw/fp-7a78a7e414d4/GSE193695_family.soft.gz		bone marrow cells from a single patient with relapsed and refractory MM	True
GSM5818838	geo:GSE193695:GSM5818838	sampled_site_condition	diseased	file	raw/fp-7a78a7e414d4/GSE193695_family.soft.gz		bone marrow cells from a single patient with relapsed and refractory MM	True
GSM5818839	geo:GSE193695:GSM5818839	sampled_site_condition	diseased	file	raw/fp-7a78a7e414d4/GSE193695_family.soft.gz		bone marrow cells from a single patient with relapsed and refractory MM	True
GSM5818840	geo:GSE193695:GSM5818840	sampled_site_condition	diseased	file	raw/fp-7a78a7e414d4/GSE193695_family.soft.gz		bone marrow cells from a single patient with relapsed and refractory MM	True
GSM5818841	geo:GSE193695:GSM5818841	sampled_site_condition	diseased	file	raw/fp-7a78a7e414d4/GSE193695_family.soft.gz		bone marrow cells from a single patient with relapsed and refractory MM	True
GSM5818842	geo:GSE193695:GSM5818842	sampled_site_condition	diseased	file	raw/fp-7a78a7e414d4/GSE193695_family.soft.gz		bone marrow cells from a single patient with relapsed and refractory MM	True
GSM5818843	geo:GSE193695:GSM5818843	sampled_site_condition	diseased	file	raw/fp-7a78a7e414d4/GSE193695_family.soft.gz		bone marrow cells from a single patient with relapsed and refractory MM	True
GSM5818844	geo:GSE193695:GSM5818844	sampled_site_condition	diseased	file	raw/fp-7a78a7e414d4/GSE193695_family.soft.gz		bone marrow cells from a single patient with relapsed and refractory MM	True
GSM5818845	geo:GSE193695:GSM5818845	sampled_site_condition	diseased	file	raw/fp-7a78a7e414d4/GSE193695_family.soft.gz		bone marrow cells from a single patient with relapsed and refractory MM	True
GSM5818846	geo:GSE193695:GSM5818846	sampled_site_condition	diseased	file	raw/fp-7a78a7e414d4/GSE193695_family.soft.gz		bone marrow cells from a single patient with relapsed and refractory MM	True
GSM5818847	geo:GSE193695:GSM5818847	sampled_site_condition	diseased	file	raw/fp-7a78a7e414d4/GSE193695_family.soft.gz		bone marrow cells from a single patient with relapsed and refractory MM	True
GSM5818848	geo:GSE193695:GSM5818848	sampled_site_condition	diseased	file	raw/fp-7a78a7e414d4/GSE193695_family.soft.gz		bone marrow cells from a single patient with relapsed and refractory MM	True
GSM5818849	geo:GSE193695:GSM5818849	sampled_site_condition	diseased	file	raw/fp-7a78a7e414d4/GSE193695_family.soft.gz		bone marrow cells from a single patient with relapsed and refractory MM	True
GSM5818850	geo:GSE193695:GSM5818850	sampled_site_condition	diseased	file	raw/fp-7a78a7e414d4/GSE193695_family.soft.gz		bone marrow cells from a single patient with relapsed and refractory MM	True
GSM5818851	geo:GSE193695:GSM5818851	sampled_site_condition	diseased	file	raw/fp-7a78a7e414d4/GSE193695_family.soft.gz		bone marrow cells from a single patient with relapsed and refractory MM	True
GSM5818852	geo:GSE193695:GSM5818852	sampled_site_condition	diseased	file	raw/fp-7a78a7e414d4/GSE193695_family.soft.gz		bone marrow cells from a single patient with relapsed and refractory MM	True
GSM5818853	geo:GSE193695:GSM5818853	sampled_site_condition	diseased	file	raw/fp-7a78a7e414d4/GSE193695_family.soft.gz		bone marrow cells from a single patient with relapsed and refractory MM	True
GSM5818854	geo:GSE193695:GSM5818854	sampled_site_condition	diseased	file	raw/fp-7a78a7e414d4/GSE193695_family.soft.gz		bone marrow cells from a single patient with relapsed and refractory MM	True
GSM5818855	geo:GSE193695:GSM5818855	sampled_site_condition	diseased	file	raw/fp-7a78a7e414d4/GSE193695_family.soft.gz		bone marrow cells from a single patient with relapsed and refractory MM	True
GSM5818828	geo:GSE193695:GSM5818828	assay	CEL-seq2	file	raw/fp-7a78a7e414d4/GSE193695_family.soft.gz		Libraries were prepared according to the CEL-Seq2 protocol.	True
GSM5818829	geo:GSE193695:GSM5818829	assay	CEL-seq2	file	raw/fp-7a78a7e414d4/GSE193695_family.soft.gz		Libraries were prepared according to the CEL-Seq2 protocol.	True
GSM5818830	geo:GSE193695:GSM5818830	assay	CEL-seq2	file	raw/fp-7a78a7e414d4/GSE193695_family.soft.gz		Libraries were prepared according to the CEL-Seq2 protocol.	True
GSM5818831	geo:GSE193695:GSM5818831	assay	CEL-seq2	file	raw/fp-7a78a7e414d4/GSE193695_family.soft.gz		Libraries were prepared according to the CEL-Seq2 protocol.	True
GSM5818832	geo:GSE193695:GSM5818832	assay	CEL-seq2	file	raw/fp-7a78a7e414d4/GSE193695_family.soft.gz		Libraries were prepared according to the CEL-Seq2 protocol.	True
GSM5818833	geo:GSE193695:GSM5818833	assay	CEL-seq2	file	raw/fp-7a78a7e414d4/GSE193695_family.soft.gz		Libraries were prepared according to the CEL-Seq2 protocol.	True
GSM5818834	geo:GSE193695:GSM5818834	assay	CEL-seq2	file	raw/fp-7a78a7e414d4/GSE193695_family.soft.gz		Libraries were prepared according to the CEL-Seq2 protocol.	True
GSM5818835	geo:GSE193695:GSM5818835	assay	CEL-seq2	file	raw/fp-7a78a7e414d4/GSE193695_family.soft.gz		Libraries were prepared according to the CEL-Seq2 protocol.	True
GSM5818836	geo:GSE193695:GSM5818836	assay	CEL-seq2	file	raw/fp-7a78a7e414d4/GSE193695_family.soft.gz		Libraries were prepared according to the CEL-Seq2 protocol.	True
GSM5818837	geo:GSE193695:GSM5818837	assay	CEL-seq2	file	raw/fp-7a78a7e414d4/GSE193695_family.soft.gz		Libraries were prepared according to the CEL-Seq2 protocol.	True
GSM5818838	geo:GSE193695:GSM5818838	assay	CEL-seq2	file	raw/fp-7a78a7e414d4/GSE193695_family.soft.gz		Libraries were prepared according to the CEL-Seq2 protocol.	True
GSM5818839	geo:GSE193695:GSM5818839	assay	CEL-seq2	file	raw/fp-7a78a7e414d4/GSE193695_family.soft.gz		Libraries were prepared according to the CEL-Seq2 protocol.	True
GSM5818840	geo:GSE193695:GSM5818840	assay	CEL-seq2	file	raw/fp-7a78a7e414d4/GSE193695_family.soft.gz		Libraries were prepared according to the CEL-Seq2 protocol.	True
GSM5818841	geo:GSE193695:GSM5818841	assay	CEL-seq2	file	raw/fp-7a78a7e414d4/GSE193695_family.soft.gz		Libraries were prepared according to the CEL-Seq2 protocol.	True
GSM5818842	geo:GSE193695:GSM5818842	assay	CEL-seq2	file	raw/fp-7a78a7e414d4/GSE193695_family.soft.gz		Libraries were prepared according to the CEL-Seq2 protocol.	True
GSM5818843	geo:GSE193695:GSM5818843	assay	CEL-seq2	file	raw/fp-7a78a7e414d4/GSE193695_family.soft.gz		Libraries were prepared according to the CEL-Seq2 protocol.	True
GSM5818844	geo:GSE193695:GSM5818844	assay	CEL-seq2	file	raw/fp-7a78a7e414d4/GSE193695_family.soft.gz		Libraries were prepared according to the CEL-Seq2 protocol.	True
GSM5818845	geo:GSE193695:GSM5818845	assay	CEL-seq2	file	raw/fp-7a78a7e414d4/GSE193695_family.soft.gz		Libraries were prepared according to the CEL-Seq2 protocol.	True
GSM5818846	geo:GSE193695:GSM5818846	assay	CEL-seq2	file	raw/fp-7a78a7e414d4/GSE193695_family.soft.gz		Libraries were prepared according to the CEL-Seq2 protocol.	True
GSM5818847	geo:GSE193695:GSM5818847	assay	CEL-seq2	file	raw/fp-7a78a7e414d4/GSE193695_family.soft.gz		Libraries were prepared according to the CEL-Seq2 protocol.	True
GSM5818848	geo:GSE193695:GSM5818848	assay	CEL-seq2	file	raw/fp-7a78a7e414d4/GSE193695_family.soft.gz		Libraries were prepared according to the CEL-Seq2 protocol.	True
GSM5818849	geo:GSE193695:GSM5818849	assay	CEL-seq2	file	raw/fp-7a78a7e414d4/GSE193695_family.soft.gz		Libraries were prepared according to the CEL-Seq2 protocol.	True
GSM5818850	geo:GSE193695:GSM5818850	assay	CEL-seq2	file	raw/fp-7a78a7e414d4/GSE193695_family.soft.gz		Libraries were prepared according to the CEL-Seq2 protocol.	True
GSM5818851	geo:GSE193695:GSM5818851	assay	CEL-seq2	file	raw/fp-7a78a7e414d4/GSE193695_family.soft.gz		Libraries were prepared according to the CEL-Seq2 protocol.	True
GSM5818852	geo:GSE193695:GSM5818852	assay	CEL-seq2	file	raw/fp-7a78a7e414d4/GSE193695_family.soft.gz		Libraries were prepared according to the CEL-Seq2 protocol.	True
GSM5818853	geo:GSE193695:GSM5818853	assay	CEL-seq2	file	raw/fp-7a78a7e414d4/GSE193695_family.soft.gz		Libraries were prepared according to the CEL-Seq2 protocol.	True
GSM5818854	geo:GSE193695:GSM5818854	assay	CEL-seq2	file	raw/fp-7a78a7e414d4/GSE193695_family.soft.gz		Libraries were prepared according to the CEL-Seq2 protocol.	True
GSM5818855	geo:GSE193695:GSM5818855	assay	CEL-seq2	file	raw/fp-7a78a7e414d4/GSE193695_family.soft.gz		Libraries were prepared according to the CEL-Seq2 protocol.	True
GSM5818828	geo:GSE193695:GSM5818828	suspension_type	cell	file	raw/fp-7a78a7e414d4/GSE193695_family.soft.gz		Single cell sort of MM cells was performed in 384 well plates using FACS.	True
GSM5818829	geo:GSE193695:GSM5818829	suspension_type	cell	file	raw/fp-7a78a7e414d4/GSE193695_family.soft.gz		Single cell sort of MM cells was performed in 384 well plates using FACS.	True
GSM5818830	geo:GSE193695:GSM5818830	suspension_type	cell	file	raw/fp-7a78a7e414d4/GSE193695_family.soft.gz		Single cell sort of MM cells was performed in 384 well plates using FACS.	True
GSM5818831	geo:GSE193695:GSM5818831	suspension_type	cell	file	raw/fp-7a78a7e414d4/GSE193695_family.soft.gz		Single cell sort of MM cells was performed in 384 well plates using FACS.	True
GSM5818832	geo:GSE193695:GSM5818832	suspension_type	cell	file	raw/fp-7a78a7e414d4/GSE193695_family.soft.gz		Single cell sort of MM cells was performed in 384 well plates using FACS.	True
GSM5818833	geo:GSE193695:GSM5818833	suspension_type	cell	file	raw/fp-7a78a7e414d4/GSE193695_family.soft.gz		Single cell sort of MM cells was performed in 384 well plates using FACS.	True
GSM5818834	geo:GSE193695:GSM5818834	suspension_type	cell	file	raw/fp-7a78a7e414d4/GSE193695_family.soft.gz		Single cell sort of MM cells was performed in 384 well plates using FACS.	True
GSM5818835	geo:GSE193695:GSM5818835	suspension_type	cell	file	raw/fp-7a78a7e414d4/GSE193695_family.soft.gz		Single cell sort of MM cells was performed in 384 well plates using FACS.	True
GSM5818836	geo:GSE193695:GSM5818836	suspension_type	cell	file	raw/fp-7a78a7e414d4/GSE193695_family.soft.gz		Single cell sort of MM cells was performed in 384 well plates using FACS.	True
GSM5818837	geo:GSE193695:GSM5818837	suspension_type	cell	file	raw/fp-7a78a7e414d4/GSE193695_family.soft.gz		Single cell sort of MM cells was performed in 384 well plates using FACS.	True
GSM5818838	geo:GSE193695:GSM5818838	suspension_type	cell	file	raw/fp-7a78a7e414d4/GSE193695_family.soft.gz		Single cell sort of MM cells was performed in 384 well plates using FACS.	True
GSM5818839	geo:GSE193695:GSM5818839	suspension_type	cell	file	raw/fp-7a78a7e414d4/GSE193695_family.soft.gz		Single cell sort of MM cells was performed in 384 well plates using FACS.	True
GSM5818840	geo:GSE193695:GSM5818840	suspension_type	cell	file	raw/fp-7a78a7e414d4/GSE193695_family.soft.gz		Single cell sort of MM cells was performed in 384 well plates using FACS.	True
GSM5818841	geo:GSE193695:GSM5818841	suspension_type	cell	file	raw/fp-7a78a7e414d4/GSE193695_family.soft.gz		Single cell sort of MM cells was performed in 384 well plates using FACS.	True
GSM5818842	geo:GSE193695:GSM5818842	suspension_type	cell	file	raw/fp-7a78a7e414d4/GSE193695_family.soft.gz		Single cell sort of MM cells was performed in 384 well plates using FACS.	True
GSM5818843	geo:GSE193695:GSM5818843	suspension_type	cell	file	raw/fp-7a78a7e414d4/GSE193695_family.soft.gz		Single cell sort of MM cells was performed in 384 well plates using FACS.	True
GSM5818844	geo:GSE193695:GSM5818844	suspension_type	cell	file	raw/fp-7a78a7e414d4/GSE193695_family.soft.gz		Single cell sort of MM cells was performed in 384 well plates using FACS.	True
GSM5818845	geo:GSE193695:GSM5818845	suspension_type	cell	file	raw/fp-7a78a7e414d4/GSE193695_family.soft.gz		Single cell sort of MM cells was performed in 384 well plates using FACS.	True
GSM5818846	geo:GSE193695:GSM5818846	suspension_type	cell	file	raw/fp-7a78a7e414d4/GSE193695_family.soft.gz		Single cell sort of MM cells was performed in 384 well plates using FACS.	True
GSM5818847	geo:GSE193695:GSM5818847	suspension_type	cell	file	raw/fp-7a78a7e414d4/GSE193695_family.soft.gz		Single cell sort of MM cells was performed in 384 well plates using FACS.	True
GSM5818848	geo:GSE193695:GSM5818848	suspension_type	cell	file	raw/fp-7a78a7e414d4/GSE193695_family.soft.gz		Single cell sort of MM cells was performed in 384 well plates using FACS.	True
GSM5818849	geo:GSE193695:GSM5818849	suspension_type	cell	file	raw/fp-7a78a7e414d4/GSE193695_family.soft.gz		Single cell sort of MM cells was performed in 384 well plates using FACS.	True
GSM5818850	geo:GSE193695:GSM5818850	suspension_type	cell	file	raw/fp-7a78a7e414d4/GSE193695_family.soft.gz		Single cell sort of MM cells was performed in 384 well plates using FACS.	True
GSM5818851	geo:GSE193695:GSM5818851	suspension_type	cell	file	raw/fp-7a78a7e414d4/GSE193695_family.soft.gz		Single cell sort of MM cells was performed in 384 well plates using FACS.	True
GSM5818852	geo:GSE193695:GSM5818852	suspension_type	cell	file	raw/fp-7a78a7e414d4/GSE193695_family.soft.gz		Single cell sort of MM cells was performed in 384 well plates using FACS.	True
GSM5818853	geo:GSE193695:GSM5818853	suspension_type	cell	file	raw/fp-7a78a7e414d4/GSE193695_family.soft.gz		Single cell sort of MM cells was performed in 384 well plates using FACS.	True
GSM5818854	geo:GSE193695:GSM5818854	suspension_type	cell	file	raw/fp-7a78a7e414d4/GSE193695_family.soft.gz		Single cell sort of MM cells was performed in 384 well plates using FACS.	True
GSM5818855	geo:GSE193695:GSM5818855	suspension_type	cell	file	raw/fp-7a78a7e414d4/GSE193695_family.soft.gz		Single cell sort of MM cells was performed in 384 well plates using FACS.	True
GSM5818828	geo:GSE193695:GSM5818828	cell_enrichment	CD38++CD45-CD19-	file	raw/fp-7a78a7e414d4/GSE193695_family.soft.gz		!Sample_characteristics_ch1 = selection marker: CD38++CD45-CD19-	True
GSM5818829	geo:GSE193695:GSM5818829	cell_enrichment	CD38++CD45-CD19-	file	raw/fp-7a78a7e414d4/GSE193695_family.soft.gz		!Sample_characteristics_ch1 = selection marker: CD38++CD45-CD19-	True
GSM5818830	geo:GSE193695:GSM5818830	cell_enrichment	CD38++CD45-CD19-	file	raw/fp-7a78a7e414d4/GSE193695_family.soft.gz		!Sample_characteristics_ch1 = selection marker: CD38++CD45-CD19-	True
GSM5818831	geo:GSE193695:GSM5818831	cell_enrichment	CD38++CD45-CD19-	file	raw/fp-7a78a7e414d4/GSE193695_family.soft.gz		!Sample_characteristics_ch1 = selection marker: CD38++CD45-CD19-	True
GSM5818832	geo:GSE193695:GSM5818832	cell_enrichment	CD38++CD45-CD19-	file	raw/fp-7a78a7e414d4/GSE193695_family.soft.gz		!Sample_characteristics_ch1 = selection marker: CD38++CD45-CD19-	True
GSM5818833	geo:GSE193695:GSM5818833	cell_enrichment	CD38++CD45-CD19-	file	raw/fp-7a78a7e414d4/GSE193695_family.soft.gz		!Sample_characteristics_ch1 = selection marker: CD38++CD45-CD19-	True
GSM5818834	geo:GSE193695:GSM5818834	cell_enrichment	CD38++CD45-CD19-	file	raw/fp-7a78a7e414d4/GSE193695_family.soft.gz		!Sample_characteristics_ch1 = selection marker: CD38++CD45-CD19-	True
GSM5818835	geo:GSE193695:GSM5818835	cell_enrichment	CD38++CD45-CD19-	file	raw/fp-7a78a7e414d4/GSE193695_family.soft.gz		!Sample_characteristics_ch1 = selection marker: CD38++CD45-CD19-	True
GSM5818836	geo:GSE193695:GSM5818836	cell_enrichment	CD38++CD45-CD19-	file	raw/fp-7a78a7e414d4/GSE193695_family.soft.gz		!Sample_characteristics_ch1 = selection marker: CD38++CD45-CD19-	True
GSM5818837	geo:GSE193695:GSM5818837	cell_enrichment	CD38++CD45-CD19-	file	raw/fp-7a78a7e414d4/GSE193695_family.soft.gz		!Sample_characteristics_ch1 = selection marker: CD38++CD45-CD19-	True
GSM5818838	geo:GSE193695:GSM5818838	cell_enrichment	CD38++CD45-CD19-	file	raw/fp-7a78a7e414d4/GSE193695_family.soft.gz		!Sample_characteristics_ch1 = selection marker: CD38++CD45-CD19-	True
GSM5818839	geo:GSE193695:GSM5818839	cell_enrichment	CD38++CD45-CD19-	file	raw/fp-7a78a7e414d4/GSE193695_family.soft.gz		!Sample_characteristics_ch1 = selection marker: CD38++CD45-CD19-	True
GSM5818840	geo:GSE193695:GSM5818840	cell_enrichment	CD38++CD45-CD19-	file	raw/fp-7a78a7e414d4/GSE193695_family.soft.gz		!Sample_characteristics_ch1 = selection marker: CD38++CD45-CD19-	True
GSM5818841	geo:GSE193695:GSM5818841	cell_enrichment	CD38++CD45-CD19-	file	raw/fp-7a78a7e414d4/GSE193695_family.soft.gz		!Sample_characteristics_ch1 = selection marker: CD38++CD45-CD19-	True
GSM5818842	geo:GSE193695:GSM5818842	cell_enrichment	CD38++CD45-CD19-	file	raw/fp-7a78a7e414d4/GSE193695_family.soft.gz		!Sample_characteristics_ch1 = selection marker: CD38++CD45-CD19-	True
GSM5818843	geo:GSE193695:GSM5818843	cell_enrichment	CD38++CD45-CD19-	file	raw/fp-7a78a7e414d4/GSE193695_family.soft.gz		!Sample_characteristics_ch1 = selection marker: CD38++CD45-CD19-	True
GSM5818844	geo:GSE193695:GSM5818844	cell_enrichment	CD38++CD45-CD19-	file	raw/fp-7a78a7e414d4/GSE193695_family.soft.gz		!Sample_characteristics_ch1 = selection marker: CD38++CD45-CD19-	True
GSM5818845	geo:GSE193695:GSM5818845	cell_enrichment	CD38++CD45-CD19-	file	raw/fp-7a78a7e414d4/GSE193695_family.soft.gz		!Sample_characteristics_ch1 = selection marker: CD38++CD45-CD19-	True
GSM5818846	geo:GSE193695:GSM5818846	cell_enrichment	CD38++CD45-CD19-	file	raw/fp-7a78a7e414d4/GSE193695_family.soft.gz		!Sample_characteristics_ch1 = selection marker: CD38++CD45-CD19-	True
GSM5818847	geo:GSE193695:GSM5818847	cell_enrichment	CD38++CD45-CD19-	file	raw/fp-7a78a7e414d4/GSE193695_family.soft.gz		!Sample_characteristics_ch1 = selection marker: CD38++CD45-CD19-	True
GSM5818848	geo:GSE193695:GSM5818848	cell_enrichment	CD38++CD45-CD19-	file	raw/fp-7a78a7e414d4/GSE193695_family.soft.gz		!Sample_characteristics_ch1 = selection marker: CD38++CD45-CD19-	True
GSM5818849	geo:GSE193695:GSM5818849	cell_enrichment	CD38++CD45-CD19-	file	raw/fp-7a78a7e414d4/GSE193695_family.soft.gz		!Sample_characteristics_ch1 = selection marker: CD38++CD45-CD19-	True
GSM5818850	geo:GSE193695:GSM5818850	cell_enrichment	CD38++CD45-CD19-	file	raw/fp-7a78a7e414d4/GSE193695_family.soft.gz		!Sample_characteristics_ch1 = selection marker: CD38++CD45-CD19-	True
GSM5818851	geo:GSE193695:GSM5818851	cell_enrichment	CD38++CD45-CD19-	file	raw/fp-7a78a7e414d4/GSE193695_family.soft.gz		!Sample_characteristics_ch1 = selection marker: CD38++CD45-CD19-	True
GSM5818852	geo:GSE193695:GSM5818852	cell_enrichment	CD38++CD45-CD19-	file	raw/fp-7a78a7e414d4/GSE193695_family.soft.gz		!Sample_characteristics_ch1 = selection marker: CD38++CD45-CD19-	True
GSM5818853	geo:GSE193695:GSM5818853	cell_enrichment	CD38++CD45-CD19-	file	raw/fp-7a78a7e414d4/GSE193695_family.soft.gz		!Sample_characteristics_ch1 = selection marker: CD38++CD45-CD19-	True
GSM5818854	geo:GSE193695:GSM5818854	cell_enrichment	CD38++CD45-CD19-	file	raw/fp-7a78a7e414d4/GSE193695_family.soft.gz		!Sample_characteristics_ch1 = selection marker: CD38++CD45-CD19-	True
GSM5818855	geo:GSE193695:GSM5818855	cell_enrichment	CD38++CD45-CD19-	file	raw/fp-7a78a7e414d4/GSE193695_family.soft.gz		!Sample_characteristics_ch1 = selection marker: CD38++CD45-CD19-	True
GSM5818828	geo:GSE193695:GSM5818828	cell_enrichment	CD38++CD45-CD19-	file	evidence/PMC9386061.txt		After doublet exclusion, CD38 ++ CD45 − CD19 − cells were index-sorted into 384-well plates	True
GSM5818829	geo:GSE193695:GSM5818829	cell_enrichment	CD38++CD45-CD19-	file	evidence/PMC9386061.txt		After doublet exclusion, CD38 ++ CD45 − CD19 − cells were index-sorted into 384-well plates	True
GSM5818830	geo:GSE193695:GSM5818830	cell_enrichment	CD38++CD45-CD19-	file	evidence/PMC9386061.txt		After doublet exclusion, CD38 ++ CD45 − CD19 − cells were index-sorted into 384-well plates	True
GSM5818831	geo:GSE193695:GSM5818831	cell_enrichment	CD38++CD45-CD19-	file	evidence/PMC9386061.txt		After doublet exclusion, CD38 ++ CD45 − CD19 − cells were index-sorted into 384-well plates	True
GSM5818832	geo:GSE193695:GSM5818832	cell_enrichment	CD38++CD45-CD19-	file	evidence/PMC9386061.txt		After doublet exclusion, CD38 ++ CD45 − CD19 − cells were index-sorted into 384-well plates	True
GSM5818833	geo:GSE193695:GSM5818833	cell_enrichment	CD38++CD45-CD19-	file	evidence/PMC9386061.txt		After doublet exclusion, CD38 ++ CD45 − CD19 − cells were index-sorted into 384-well plates	True
GSM5818834	geo:GSE193695:GSM5818834	cell_enrichment	CD38++CD45-CD19-	file	evidence/PMC9386061.txt		After doublet exclusion, CD38 ++ CD45 − CD19 − cells were index-sorted into 384-well plates	True
GSM5818835	geo:GSE193695:GSM5818835	cell_enrichment	CD38++CD45-CD19-	file	evidence/PMC9386061.txt		After doublet exclusion, CD38 ++ CD45 − CD19 − cells were index-sorted into 384-well plates	True
GSM5818836	geo:GSE193695:GSM5818836	cell_enrichment	CD38++CD45-CD19-	file	evidence/PMC9386061.txt		After doublet exclusion, CD38 ++ CD45 − CD19 − cells were index-sorted into 384-well plates	True
GSM5818837	geo:GSE193695:GSM5818837	cell_enrichment	CD38++CD45-CD19-	file	evidence/PMC9386061.txt		After doublet exclusion, CD38 ++ CD45 − CD19 − cells were index-sorted into 384-well plates	True
GSM5818838	geo:GSE193695:GSM5818838	cell_enrichment	CD38++CD45-CD19-	file	evidence/PMC9386061.txt		After doublet exclusion, CD38 ++ CD45 − CD19 − cells were index-sorted into 384-well plates	True
GSM5818839	geo:GSE193695:GSM5818839	cell_enrichment	CD38++CD45-CD19-	file	evidence/PMC9386061.txt		After doublet exclusion, CD38 ++ CD45 − CD19 − cells were index-sorted into 384-well plates	True
GSM5818840	geo:GSE193695:GSM5818840	cell_enrichment	CD38++CD45-CD19-	file	evidence/PMC9386061.txt		After doublet exclusion, CD38 ++ CD45 − CD19 − cells were index-sorted into 384-well plates	True
GSM5818841	geo:GSE193695:GSM5818841	cell_enrichment	CD38++CD45-CD19-	file	evidence/PMC9386061.txt		After doublet exclusion, CD38 ++ CD45 − CD19 − cells were index-sorted into 384-well plates	True
GSM5818842	geo:GSE193695:GSM5818842	cell_enrichment	CD38++CD45-CD19-	file	evidence/PMC9386061.txt		After doublet exclusion, CD38 ++ CD45 − CD19 − cells were index-sorted into 384-well plates	True
GSM5818843	geo:GSE193695:GSM5818843	cell_enrichment	CD38++CD45-CD19-	file	evidence/PMC9386061.txt		After doublet exclusion, CD38 ++ CD45 − CD19 − cells were index-sorted into 384-well plates	True
GSM5818844	geo:GSE193695:GSM5818844	cell_enrichment	CD38++CD45-CD19-	file	evidence/PMC9386061.txt		After doublet exclusion, CD38 ++ CD45 − CD19 − cells were index-sorted into 384-well plates	True
GSM5818845	geo:GSE193695:GSM5818845	cell_enrichment	CD38++CD45-CD19-	file	evidence/PMC9386061.txt		After doublet exclusion, CD38 ++ CD45 − CD19 − cells were index-sorted into 384-well plates	True
GSM5818846	geo:GSE193695:GSM5818846	cell_enrichment	CD38++CD45-CD19-	file	evidence/PMC9386061.txt		After doublet exclusion, CD38 ++ CD45 − CD19 − cells were index-sorted into 384-well plates	True
GSM5818847	geo:GSE193695:GSM5818847	cell_enrichment	CD38++CD45-CD19-	file	evidence/PMC9386061.txt		After doublet exclusion, CD38 ++ CD45 − CD19 − cells were index-sorted into 384-well plates	True
GSM5818848	geo:GSE193695:GSM5818848	cell_enrichment	CD38++CD45-CD19-	file	evidence/PMC9386061.txt		After doublet exclusion, CD38 ++ CD45 − CD19 − cells were index-sorted into 384-well plates	True
GSM5818849	geo:GSE193695:GSM5818849	cell_enrichment	CD38++CD45-CD19-	file	evidence/PMC9386061.txt		After doublet exclusion, CD38 ++ CD45 − CD19 − cells were index-sorted into 384-well plates	True
GSM5818850	geo:GSE193695:GSM5818850	cell_enrichment	CD38++CD45-CD19-	file	evidence/PMC9386061.txt		After doublet exclusion, CD38 ++ CD45 − CD19 − cells were index-sorted into 384-well plates	True
GSM5818851	geo:GSE193695:GSM5818851	cell_enrichment	CD38++CD45-CD19-	file	evidence/PMC9386061.txt		After doublet exclusion, CD38 ++ CD45 − CD19 − cells were index-sorted into 384-well plates	True
GSM5818852	geo:GSE193695:GSM5818852	cell_enrichment	CD38++CD45-CD19-	file	evidence/PMC9386061.txt		After doublet exclusion, CD38 ++ CD45 − CD19 − cells were index-sorted into 384-well plates	True
GSM5818853	geo:GSE193695:GSM5818853	cell_enrichment	CD38++CD45-CD19-	file	evidence/PMC9386061.txt		After doublet exclusion, CD38 ++ CD45 − CD19 − cells were index-sorted into 384-well plates	True
GSM5818854	geo:GSE193695:GSM5818854	cell_enrichment	CD38++CD45-CD19-	file	evidence/PMC9386061.txt		After doublet exclusion, CD38 ++ CD45 − CD19 − cells were index-sorted into 384-well plates	True
GSM5818855	geo:GSE193695:GSM5818855	cell_enrichment	CD38++CD45-CD19-	file	evidence/PMC9386061.txt		After doublet exclusion, CD38 ++ CD45 − CD19 − cells were index-sorted into 384-well plates	True
GSM5818856	geo:GSE193695:GSM5818856	donor_id	patient	file	raw/fp-7a78a7e414d4/GSE193695_family.soft.gz		bone marrow cells from a single patient with relapsed and refractory MM	True
GSM5818857	geo:GSE193695:GSM5818857	donor_id	patient	file	raw/fp-7a78a7e414d4/GSE193695_family.soft.gz		bone marrow cells from a single patient with relapsed and refractory MM	True
GSM5818858	geo:GSE193695:GSM5818858	donor_id	patient	file	raw/fp-7a78a7e414d4/GSE193695_family.soft.gz		bone marrow cells from a single patient with relapsed and refractory MM	True
GSM5818859	geo:GSE193695:GSM5818859	donor_id	patient	file	raw/fp-7a78a7e414d4/GSE193695_family.soft.gz		bone marrow cells from a single patient with relapsed and refractory MM	True
GSM5818860	geo:GSE193695:GSM5818860	donor_id	patient	file	raw/fp-7a78a7e414d4/GSE193695_family.soft.gz		bone marrow cells from a single patient with relapsed and refractory MM	True
GSM5818861	geo:GSE193695:GSM5818861	donor_id	patient	file	raw/fp-7a78a7e414d4/GSE193695_family.soft.gz		bone marrow cells from a single patient with relapsed and refractory MM	True
GSM5818862	geo:GSE193695:GSM5818862	donor_id	patient	file	raw/fp-7a78a7e414d4/GSE193695_family.soft.gz		bone marrow cells from a single patient with relapsed and refractory MM	True
GSM5818863	geo:GSE193695:GSM5818863	donor_id	patient	file	raw/fp-7a78a7e414d4/GSE193695_family.soft.gz		bone marrow cells from a single patient with relapsed and refractory MM	True
GSM5818864	geo:GSE193695:GSM5818864	donor_id	patient	file	raw/fp-7a78a7e414d4/GSE193695_family.soft.gz		bone marrow cells from a single patient with relapsed and refractory MM	True
GSM5818865	geo:GSE193695:GSM5818865	donor_id	patient	file	raw/fp-7a78a7e414d4/GSE193695_family.soft.gz		bone marrow cells from a single patient with relapsed and refractory MM	True
GSM5818866	geo:GSE193695:GSM5818866	donor_id	patient	file	raw/fp-7a78a7e414d4/GSE193695_family.soft.gz		bone marrow cells from a single patient with relapsed and refractory MM	True
GSM5818867	geo:GSE193695:GSM5818867	donor_id	patient	file	raw/fp-7a78a7e414d4/GSE193695_family.soft.gz		bone marrow cells from a single patient with relapsed and refractory MM	True
GSM5818868	geo:GSE193695:GSM5818868	donor_id	patient	file	raw/fp-7a78a7e414d4/GSE193695_family.soft.gz		bone marrow cells from a single patient with relapsed and refractory MM	True
GSM5818869	geo:GSE193695:GSM5818869	donor_id	patient	file	raw/fp-7a78a7e414d4/GSE193695_family.soft.gz		bone marrow cells from a single patient with relapsed and refractory MM	True
GSM5818870	geo:GSE193695:GSM5818870	donor_id	patient	file	raw/fp-7a78a7e414d4/GSE193695_family.soft.gz		bone marrow cells from a single patient with relapsed and refractory MM	True
GSM5818871	geo:GSE193695:GSM5818871	donor_id	patient	file	raw/fp-7a78a7e414d4/GSE193695_family.soft.gz		bone marrow cells from a single patient with relapsed and refractory MM	True
GSM5818872	geo:GSE193695:GSM5818872	donor_id	patient	file	raw/fp-7a78a7e414d4/GSE193695_family.soft.gz		bone marrow cells from a single patient with relapsed and refractory MM	True
GSM5818873	geo:GSE193695:GSM5818873	donor_id	patient	file	raw/fp-7a78a7e414d4/GSE193695_family.soft.gz		bone marrow cells from a single patient with relapsed and refractory MM	True
GSM5818874	geo:GSE193695:GSM5818874	donor_id	patient	file	raw/fp-7a78a7e414d4/GSE193695_family.soft.gz		bone marrow cells from a single patient with relapsed and refractory MM	True
GSM5818875	geo:GSE193695:GSM5818875	donor_id	patient	file	raw/fp-7a78a7e414d4/GSE193695_family.soft.gz		bone marrow cells from a single patient with relapsed and refractory MM	True
GSM5818876	geo:GSE193695:GSM5818876	donor_id	patient	file	raw/fp-7a78a7e414d4/GSE193695_family.soft.gz		bone marrow cells from a single patient with relapsed and refractory MM	True
GSM5818877	geo:GSE193695:GSM5818877	donor_id	patient	file	raw/fp-7a78a7e414d4/GSE193695_family.soft.gz		bone marrow cells from a single patient with relapsed and refractory MM	True
GSM5818878	geo:GSE193695:GSM5818878	donor_id	patient	file	raw/fp-7a78a7e414d4/GSE193695_family.soft.gz		bone marrow cells from a single patient with relapsed and refractory MM	True
GSM5818879	geo:GSE193695:GSM5818879	donor_id	patient	file	raw/fp-7a78a7e414d4/GSE193695_family.soft.gz		bone marrow cells from a single patient with relapsed and refractory MM	True
GSM5818856	geo:GSE193695:GSM5818856	donor_id	patient	file	evidence/PMC9386061.txt		we recruited a patient with relapsed and refractory MM	True
GSM5818857	geo:GSE193695:GSM5818857	donor_id	patient	file	evidence/PMC9386061.txt		we recruited a patient with relapsed and refractory MM	True
GSM5818858	geo:GSE193695:GSM5818858	donor_id	patient	file	evidence/PMC9386061.txt		we recruited a patient with relapsed and refractory MM	True
GSM5818859	geo:GSE193695:GSM5818859	donor_id	patient	file	evidence/PMC9386061.txt		we recruited a patient with relapsed and refractory MM	True
GSM5818860	geo:GSE193695:GSM5818860	donor_id	patient	file	evidence/PMC9386061.txt		we recruited a patient with relapsed and refractory MM	True
GSM5818861	geo:GSE193695:GSM5818861	donor_id	patient	file	evidence/PMC9386061.txt		we recruited a patient with relapsed and refractory MM	True
GSM5818862	geo:GSE193695:GSM5818862	donor_id	patient	file	evidence/PMC9386061.txt		we recruited a patient with relapsed and refractory MM	True
GSM5818863	geo:GSE193695:GSM5818863	donor_id	patient	file	evidence/PMC9386061.txt		we recruited a patient with relapsed and refractory MM	True
GSM5818864	geo:GSE193695:GSM5818864	donor_id	patient	file	evidence/PMC9386061.txt		we recruited a patient with relapsed and refractory MM	True
GSM5818865	geo:GSE193695:GSM5818865	donor_id	patient	file	evidence/PMC9386061.txt		we recruited a patient with relapsed and refractory MM	True
GSM5818866	geo:GSE193695:GSM5818866	donor_id	patient	file	evidence/PMC9386061.txt		we recruited a patient with relapsed and refractory MM	True
GSM5818867	geo:GSE193695:GSM5818867	donor_id	patient	file	evidence/PMC9386061.txt		we recruited a patient with relapsed and refractory MM	True
GSM5818868	geo:GSE193695:GSM5818868	donor_id	patient	file	evidence/PMC9386061.txt		we recruited a patient with relapsed and refractory MM	True
GSM5818869	geo:GSE193695:GSM5818869	donor_id	patient	file	evidence/PMC9386061.txt		we recruited a patient with relapsed and refractory MM	True
GSM5818870	geo:GSE193695:GSM5818870	donor_id	patient	file	evidence/PMC9386061.txt		we recruited a patient with relapsed and refractory MM	True
GSM5818871	geo:GSE193695:GSM5818871	donor_id	patient	file	evidence/PMC9386061.txt		we recruited a patient with relapsed and refractory MM	True
GSM5818872	geo:GSE193695:GSM5818872	donor_id	patient	file	evidence/PMC9386061.txt		we recruited a patient with relapsed and refractory MM	True
GSM5818873	geo:GSE193695:GSM5818873	donor_id	patient	file	evidence/PMC9386061.txt		we recruited a patient with relapsed and refractory MM	True
GSM5818874	geo:GSE193695:GSM5818874	donor_id	patient	file	evidence/PMC9386061.txt		we recruited a patient with relapsed and refractory MM	True
GSM5818875	geo:GSE193695:GSM5818875	donor_id	patient	file	evidence/PMC9386061.txt		we recruited a patient with relapsed and refractory MM	True
GSM5818876	geo:GSE193695:GSM5818876	donor_id	patient	file	evidence/PMC9386061.txt		we recruited a patient with relapsed and refractory MM	True
GSM5818877	geo:GSE193695:GSM5818877	donor_id	patient	file	evidence/PMC9386061.txt		we recruited a patient with relapsed and refractory MM	True
GSM5818878	geo:GSE193695:GSM5818878	donor_id	patient	file	evidence/PMC9386061.txt		we recruited a patient with relapsed and refractory MM	True
GSM5818879	geo:GSE193695:GSM5818879	donor_id	patient	file	evidence/PMC9386061.txt		we recruited a patient with relapsed and refractory MM	True
GSM5818856	geo:GSE193695:GSM5818856	donor_id	patient	file	evidence/PMC9386061.txt		The patient was a 67-year-old man with MM at diagnosis.	True
GSM5818857	geo:GSE193695:GSM5818857	donor_id	patient	file	evidence/PMC9386061.txt		The patient was a 67-year-old man with MM at diagnosis.	True
GSM5818858	geo:GSE193695:GSM5818858	donor_id	patient	file	evidence/PMC9386061.txt		The patient was a 67-year-old man with MM at diagnosis.	True
GSM5818859	geo:GSE193695:GSM5818859	donor_id	patient	file	evidence/PMC9386061.txt		The patient was a 67-year-old man with MM at diagnosis.	True
GSM5818860	geo:GSE193695:GSM5818860	donor_id	patient	file	evidence/PMC9386061.txt		The patient was a 67-year-old man with MM at diagnosis.	True
GSM5818861	geo:GSE193695:GSM5818861	donor_id	patient	file	evidence/PMC9386061.txt		The patient was a 67-year-old man with MM at diagnosis.	True
GSM5818862	geo:GSE193695:GSM5818862	donor_id	patient	file	evidence/PMC9386061.txt		The patient was a 67-year-old man with MM at diagnosis.	True
GSM5818863	geo:GSE193695:GSM5818863	donor_id	patient	file	evidence/PMC9386061.txt		The patient was a 67-year-old man with MM at diagnosis.	True
GSM5818864	geo:GSE193695:GSM5818864	donor_id	patient	file	evidence/PMC9386061.txt		The patient was a 67-year-old man with MM at diagnosis.	True
GSM5818865	geo:GSE193695:GSM5818865	donor_id	patient	file	evidence/PMC9386061.txt		The patient was a 67-year-old man with MM at diagnosis.	True
GSM5818866	geo:GSE193695:GSM5818866	donor_id	patient	file	evidence/PMC9386061.txt		The patient was a 67-year-old man with MM at diagnosis.	True
GSM5818867	geo:GSE193695:GSM5818867	donor_id	patient	file	evidence/PMC9386061.txt		The patient was a 67-year-old man with MM at diagnosis.	True
GSM5818868	geo:GSE193695:GSM5818868	donor_id	patient	file	evidence/PMC9386061.txt		The patient was a 67-year-old man with MM at diagnosis.	True
GSM5818869	geo:GSE193695:GSM5818869	donor_id	patient	file	evidence/PMC9386061.txt		The patient was a 67-year-old man with MM at diagnosis.	True
GSM5818870	geo:GSE193695:GSM5818870	donor_id	patient	file	evidence/PMC9386061.txt		The patient was a 67-year-old man with MM at diagnosis.	True
GSM5818871	geo:GSE193695:GSM5818871	donor_id	patient	file	evidence/PMC9386061.txt		The patient was a 67-year-old man with MM at diagnosis.	True
GSM5818872	geo:GSE193695:GSM5818872	donor_id	patient	file	evidence/PMC9386061.txt		The patient was a 67-year-old man with MM at diagnosis.	True
GSM5818873	geo:GSE193695:GSM5818873	donor_id	patient	file	evidence/PMC9386061.txt		The patient was a 67-year-old man with MM at diagnosis.	True
GSM5818874	geo:GSE193695:GSM5818874	donor_id	patient	file	evidence/PMC9386061.txt		The patient was a 67-year-old man with MM at diagnosis.	True
GSM5818875	geo:GSE193695:GSM5818875	donor_id	patient	file	evidence/PMC9386061.txt		The patient was a 67-year-old man with MM at diagnosis.	True
GSM5818876	geo:GSE193695:GSM5818876	donor_id	patient	file	evidence/PMC9386061.txt		The patient was a 67-year-old man with MM at diagnosis.	True
GSM5818877	geo:GSE193695:GSM5818877	donor_id	patient	file	evidence/PMC9386061.txt		The patient was a 67-year-old man with MM at diagnosis.	True
GSM5818878	geo:GSE193695:GSM5818878	donor_id	patient	file	evidence/PMC9386061.txt		The patient was a 67-year-old man with MM at diagnosis.	True
GSM5818879	geo:GSE193695:GSM5818879	donor_id	patient	file	evidence/PMC9386061.txt		The patient was a 67-year-old man with MM at diagnosis.	True
GSM5818856	geo:GSE193695:GSM5818856	sex	male	file	evidence/PMC9386061.txt		The patient was a 67-year-old man with MM at diagnosis.	True
GSM5818857	geo:GSE193695:GSM5818857	sex	male	file	evidence/PMC9386061.txt		The patient was a 67-year-old man with MM at diagnosis.	True
GSM5818858	geo:GSE193695:GSM5818858	sex	male	file	evidence/PMC9386061.txt		The patient was a 67-year-old man with MM at diagnosis.	True
GSM5818859	geo:GSE193695:GSM5818859	sex	male	file	evidence/PMC9386061.txt		The patient was a 67-year-old man with MM at diagnosis.	True
GSM5818860	geo:GSE193695:GSM5818860	sex	male	file	evidence/PMC9386061.txt		The patient was a 67-year-old man with MM at diagnosis.	True
GSM5818861	geo:GSE193695:GSM5818861	sex	male	file	evidence/PMC9386061.txt		The patient was a 67-year-old man with MM at diagnosis.	True
GSM5818862	geo:GSE193695:GSM5818862	sex	male	file	evidence/PMC9386061.txt		The patient was a 67-year-old man with MM at diagnosis.	True
GSM5818863	geo:GSE193695:GSM5818863	sex	male	file	evidence/PMC9386061.txt		The patient was a 67-year-old man with MM at diagnosis.	True
GSM5818864	geo:GSE193695:GSM5818864	sex	male	file	evidence/PMC9386061.txt		The patient was a 67-year-old man with MM at diagnosis.	True
GSM5818865	geo:GSE193695:GSM5818865	sex	male	file	evidence/PMC9386061.txt		The patient was a 67-year-old man with MM at diagnosis.	True
GSM5818866	geo:GSE193695:GSM5818866	sex	male	file	evidence/PMC9386061.txt		The patient was a 67-year-old man with MM at diagnosis.	True
GSM5818867	geo:GSE193695:GSM5818867	sex	male	file	evidence/PMC9386061.txt		The patient was a 67-year-old man with MM at diagnosis.	True
GSM5818868	geo:GSE193695:GSM5818868	sex	male	file	evidence/PMC9386061.txt		The patient was a 67-year-old man with MM at diagnosis.	True
GSM5818869	geo:GSE193695:GSM5818869	sex	male	file	evidence/PMC9386061.txt		The patient was a 67-year-old man with MM at diagnosis.	True
GSM5818870	geo:GSE193695:GSM5818870	sex	male	file	evidence/PMC9386061.txt		The patient was a 67-year-old man with MM at diagnosis.	True
GSM5818871	geo:GSE193695:GSM5818871	sex	male	file	evidence/PMC9386061.txt		The patient was a 67-year-old man with MM at diagnosis.	True
GSM5818872	geo:GSE193695:GSM5818872	sex	male	file	evidence/PMC9386061.txt		The patient was a 67-year-old man with MM at diagnosis.	True
GSM5818873	geo:GSE193695:GSM5818873	sex	male	file	evidence/PMC9386061.txt		The patient was a 67-year-old man with MM at diagnosis.	True
GSM5818874	geo:GSE193695:GSM5818874	sex	male	file	evidence/PMC9386061.txt		The patient was a 67-year-old man with MM at diagnosis.	True
GSM5818875	geo:GSE193695:GSM5818875	sex	male	file	evidence/PMC9386061.txt		The patient was a 67-year-old man with MM at diagnosis.	True
GSM5818876	geo:GSE193695:GSM5818876	sex	male	file	evidence/PMC9386061.txt		The patient was a 67-year-old man with MM at diagnosis.	True
GSM5818877	geo:GSE193695:GSM5818877	sex	male	file	evidence/PMC9386061.txt		The patient was a 67-year-old man with MM at diagnosis.	True
GSM5818878	geo:GSE193695:GSM5818878	sex	male	file	evidence/PMC9386061.txt		The patient was a 67-year-old man with MM at diagnosis.	True
GSM5818879	geo:GSE193695:GSM5818879	sex	male	file	evidence/PMC9386061.txt		The patient was a 67-year-old man with MM at diagnosis.	True
GSM5818856	geo:GSE193695:GSM5818856	sex	male	file	evidence/PMC9386061.txt		A 67-year-old man, who had undergone a routine medical examination	True
GSM5818857	geo:GSE193695:GSM5818857	sex	male	file	evidence/PMC9386061.txt		A 67-year-old man, who had undergone a routine medical examination	True
GSM5818858	geo:GSE193695:GSM5818858	sex	male	file	evidence/PMC9386061.txt		A 67-year-old man, who had undergone a routine medical examination	True
GSM5818859	geo:GSE193695:GSM5818859	sex	male	file	evidence/PMC9386061.txt		A 67-year-old man, who had undergone a routine medical examination	True
GSM5818860	geo:GSE193695:GSM5818860	sex	male	file	evidence/PMC9386061.txt		A 67-year-old man, who had undergone a routine medical examination	True
GSM5818861	geo:GSE193695:GSM5818861	sex	male	file	evidence/PMC9386061.txt		A 67-year-old man, who had undergone a routine medical examination	True
GSM5818862	geo:GSE193695:GSM5818862	sex	male	file	evidence/PMC9386061.txt		A 67-year-old man, who had undergone a routine medical examination	True
GSM5818863	geo:GSE193695:GSM5818863	sex	male	file	evidence/PMC9386061.txt		A 67-year-old man, who had undergone a routine medical examination	True
GSM5818864	geo:GSE193695:GSM5818864	sex	male	file	evidence/PMC9386061.txt		A 67-year-old man, who had undergone a routine medical examination	True
GSM5818865	geo:GSE193695:GSM5818865	sex	male	file	evidence/PMC9386061.txt		A 67-year-old man, who had undergone a routine medical examination	True
GSM5818866	geo:GSE193695:GSM5818866	sex	male	file	evidence/PMC9386061.txt		A 67-year-old man, who had undergone a routine medical examination	True
GSM5818867	geo:GSE193695:GSM5818867	sex	male	file	evidence/PMC9386061.txt		A 67-year-old man, who had undergone a routine medical examination	True
GSM5818868	geo:GSE193695:GSM5818868	sex	male	file	evidence/PMC9386061.txt		A 67-year-old man, who had undergone a routine medical examination	True
GSM5818869	geo:GSE193695:GSM5818869	sex	male	file	evidence/PMC9386061.txt		A 67-year-old man, who had undergone a routine medical examination	True
GSM5818870	geo:GSE193695:GSM5818870	sex	male	file	evidence/PMC9386061.txt		A 67-year-old man, who had undergone a routine medical examination	True
GSM5818871	geo:GSE193695:GSM5818871	sex	male	file	evidence/PMC9386061.txt		A 67-year-old man, who had undergone a routine medical examination	True
GSM5818872	geo:GSE193695:GSM5818872	sex	male	file	evidence/PMC9386061.txt		A 67-year-old man, who had undergone a routine medical examination	True
GSM5818873	geo:GSE193695:GSM5818873	sex	male	file	evidence/PMC9386061.txt		A 67-year-old man, who had undergone a routine medical examination	True
GSM5818874	geo:GSE193695:GSM5818874	sex	male	file	evidence/PMC9386061.txt		A 67-year-old man, who had undergone a routine medical examination	True
GSM5818875	geo:GSE193695:GSM5818875	sex	male	file	evidence/PMC9386061.txt		A 67-year-old man, who had undergone a routine medical examination	True
GSM5818876	geo:GSE193695:GSM5818876	sex	male	file	evidence/PMC9386061.txt		A 67-year-old man, who had undergone a routine medical examination	True
GSM5818877	geo:GSE193695:GSM5818877	sex	male	file	evidence/PMC9386061.txt		A 67-year-old man, who had undergone a routine medical examination	True
GSM5818878	geo:GSE193695:GSM5818878	sex	male	file	evidence/PMC9386061.txt		A 67-year-old man, who had undergone a routine medical examination	True
GSM5818879	geo:GSE193695:GSM5818879	sex	male	file	evidence/PMC9386061.txt		A 67-year-old man, who had undergone a routine medical examination	True
GSM5818856	geo:GSE193695:GSM5818856	development_stage	<map of column characteristics_time_point>	file	evidence/PMC9386061.txt		The patient was a 67-year-old man with MM at diagnosis.	True
GSM5818857	geo:GSE193695:GSM5818857	development_stage	<map of column characteristics_time_point>	file	evidence/PMC9386061.txt		The patient was a 67-year-old man with MM at diagnosis.	True
GSM5818858	geo:GSE193695:GSM5818858	development_stage	<map of column characteristics_time_point>	file	evidence/PMC9386061.txt		The patient was a 67-year-old man with MM at diagnosis.	True
GSM5818859	geo:GSE193695:GSM5818859	development_stage	<map of column characteristics_time_point>	file	evidence/PMC9386061.txt		The patient was a 67-year-old man with MM at diagnosis.	True
GSM5818860	geo:GSE193695:GSM5818860	development_stage	<map of column characteristics_time_point>	file	evidence/PMC9386061.txt		The patient was a 67-year-old man with MM at diagnosis.	True
GSM5818861	geo:GSE193695:GSM5818861	development_stage	<map of column characteristics_time_point>	file	evidence/PMC9386061.txt		The patient was a 67-year-old man with MM at diagnosis.	True
GSM5818862	geo:GSE193695:GSM5818862	development_stage	<map of column characteristics_time_point>	file	evidence/PMC9386061.txt		The patient was a 67-year-old man with MM at diagnosis.	True
GSM5818863	geo:GSE193695:GSM5818863	development_stage	<map of column characteristics_time_point>	file	evidence/PMC9386061.txt		The patient was a 67-year-old man with MM at diagnosis.	True
GSM5818864	geo:GSE193695:GSM5818864	development_stage	<map of column characteristics_time_point>	file	evidence/PMC9386061.txt		The patient was a 67-year-old man with MM at diagnosis.	True
GSM5818865	geo:GSE193695:GSM5818865	development_stage	<map of column characteristics_time_point>	file	evidence/PMC9386061.txt		The patient was a 67-year-old man with MM at diagnosis.	True
GSM5818866	geo:GSE193695:GSM5818866	development_stage	<map of column characteristics_time_point>	file	evidence/PMC9386061.txt		The patient was a 67-year-old man with MM at diagnosis.	True
GSM5818867	geo:GSE193695:GSM5818867	development_stage	<map of column characteristics_time_point>	file	evidence/PMC9386061.txt		The patient was a 67-year-old man with MM at diagnosis.	True
GSM5818868	geo:GSE193695:GSM5818868	development_stage	<map of column characteristics_time_point>	file	evidence/PMC9386061.txt		The patient was a 67-year-old man with MM at diagnosis.	True
GSM5818869	geo:GSE193695:GSM5818869	development_stage	<map of column characteristics_time_point>	file	evidence/PMC9386061.txt		The patient was a 67-year-old man with MM at diagnosis.	True
GSM5818870	geo:GSE193695:GSM5818870	development_stage	<map of column characteristics_time_point>	file	evidence/PMC9386061.txt		The patient was a 67-year-old man with MM at diagnosis.	True
GSM5818871	geo:GSE193695:GSM5818871	development_stage	<map of column characteristics_time_point>	file	evidence/PMC9386061.txt		The patient was a 67-year-old man with MM at diagnosis.	True
GSM5818872	geo:GSE193695:GSM5818872	development_stage	<map of column characteristics_time_point>	file	evidence/PMC9386061.txt		The patient was a 67-year-old man with MM at diagnosis.	True
GSM5818873	geo:GSE193695:GSM5818873	development_stage	<map of column characteristics_time_point>	file	evidence/PMC9386061.txt		The patient was a 67-year-old man with MM at diagnosis.	True
GSM5818874	geo:GSE193695:GSM5818874	development_stage	<map of column characteristics_time_point>	file	evidence/PMC9386061.txt		The patient was a 67-year-old man with MM at diagnosis.	True
GSM5818875	geo:GSE193695:GSM5818875	development_stage	<map of column characteristics_time_point>	file	evidence/PMC9386061.txt		The patient was a 67-year-old man with MM at diagnosis.	True
GSM5818876	geo:GSE193695:GSM5818876	development_stage	<map of column characteristics_time_point>	file	evidence/PMC9386061.txt		The patient was a 67-year-old man with MM at diagnosis.	True
GSM5818877	geo:GSE193695:GSM5818877	development_stage	<map of column characteristics_time_point>	file	evidence/PMC9386061.txt		The patient was a 67-year-old man with MM at diagnosis.	True
GSM5818878	geo:GSE193695:GSM5818878	development_stage	<map of column characteristics_time_point>	file	evidence/PMC9386061.txt		The patient was a 67-year-old man with MM at diagnosis.	True
GSM5818879	geo:GSE193695:GSM5818879	development_stage	<map of column characteristics_time_point>	file	evidence/PMC9386061.txt		The patient was a 67-year-old man with MM at diagnosis.	True
GSM5818856	geo:GSE193695:GSM5818856	development_stage	<map of column characteristics_time_point>	file	evidence/PMC9386061.txt		Before treatment, the first BM sample (termed P1) was collected.	True
GSM5818857	geo:GSE193695:GSM5818857	development_stage	<map of column characteristics_time_point>	file	evidence/PMC9386061.txt		Before treatment, the first BM sample (termed P1) was collected.	True
GSM5818858	geo:GSE193695:GSM5818858	development_stage	<map of column characteristics_time_point>	file	evidence/PMC9386061.txt		Before treatment, the first BM sample (termed P1) was collected.	True
GSM5818859	geo:GSE193695:GSM5818859	development_stage	<map of column characteristics_time_point>	file	evidence/PMC9386061.txt		Before treatment, the first BM sample (termed P1) was collected.	True
GSM5818860	geo:GSE193695:GSM5818860	development_stage	<map of column characteristics_time_point>	file	evidence/PMC9386061.txt		Before treatment, the first BM sample (termed P1) was collected.	True
GSM5818861	geo:GSE193695:GSM5818861	development_stage	<map of column characteristics_time_point>	file	evidence/PMC9386061.txt		Before treatment, the first BM sample (termed P1) was collected.	True
GSM5818862	geo:GSE193695:GSM5818862	development_stage	<map of column characteristics_time_point>	file	evidence/PMC9386061.txt		Before treatment, the first BM sample (termed P1) was collected.	True
GSM5818863	geo:GSE193695:GSM5818863	development_stage	<map of column characteristics_time_point>	file	evidence/PMC9386061.txt		Before treatment, the first BM sample (termed P1) was collected.	True
GSM5818864	geo:GSE193695:GSM5818864	development_stage	<map of column characteristics_time_point>	file	evidence/PMC9386061.txt		Before treatment, the first BM sample (termed P1) was collected.	True
GSM5818865	geo:GSE193695:GSM5818865	development_stage	<map of column characteristics_time_point>	file	evidence/PMC9386061.txt		Before treatment, the first BM sample (termed P1) was collected.	True
GSM5818866	geo:GSE193695:GSM5818866	development_stage	<map of column characteristics_time_point>	file	evidence/PMC9386061.txt		Before treatment, the first BM sample (termed P1) was collected.	True
GSM5818867	geo:GSE193695:GSM5818867	development_stage	<map of column characteristics_time_point>	file	evidence/PMC9386061.txt		Before treatment, the first BM sample (termed P1) was collected.	True
GSM5818868	geo:GSE193695:GSM5818868	development_stage	<map of column characteristics_time_point>	file	evidence/PMC9386061.txt		Before treatment, the first BM sample (termed P1) was collected.	True
GSM5818869	geo:GSE193695:GSM5818869	development_stage	<map of column characteristics_time_point>	file	evidence/PMC9386061.txt		Before treatment, the first BM sample (termed P1) was collected.	True
GSM5818870	geo:GSE193695:GSM5818870	development_stage	<map of column characteristics_time_point>	file	evidence/PMC9386061.txt		Before treatment, the first BM sample (termed P1) was collected.	True
GSM5818871	geo:GSE193695:GSM5818871	development_stage	<map of column characteristics_time_point>	file	evidence/PMC9386061.txt		Before treatment, the first BM sample (termed P1) was collected.	True
GSM5818872	geo:GSE193695:GSM5818872	development_stage	<map of column characteristics_time_point>	file	evidence/PMC9386061.txt		Before treatment, the first BM sample (termed P1) was collected.	True
GSM5818873	geo:GSE193695:GSM5818873	development_stage	<map of column characteristics_time_point>	file	evidence/PMC9386061.txt		Before treatment, the first BM sample (termed P1) was collected.	True
GSM5818874	geo:GSE193695:GSM5818874	development_stage	<map of column characteristics_time_point>	file	evidence/PMC9386061.txt		Before treatment, the first BM sample (termed P1) was collected.	True
GSM5818875	geo:GSE193695:GSM5818875	development_stage	<map of column characteristics_time_point>	file	evidence/PMC9386061.txt		Before treatment, the first BM sample (termed P1) was collected.	True
GSM5818876	geo:GSE193695:GSM5818876	development_stage	<map of column characteristics_time_point>	file	evidence/PMC9386061.txt		Before treatment, the first BM sample (termed P1) was collected.	True
GSM5818877	geo:GSE193695:GSM5818877	development_stage	<map of column characteristics_time_point>	file	evidence/PMC9386061.txt		Before treatment, the first BM sample (termed P1) was collected.	True
GSM5818878	geo:GSE193695:GSM5818878	development_stage	<map of column characteristics_time_point>	file	evidence/PMC9386061.txt		Before treatment, the first BM sample (termed P1) was collected.	True
GSM5818879	geo:GSE193695:GSM5818879	development_stage	<map of column characteristics_time_point>	file	evidence/PMC9386061.txt		Before treatment, the first BM sample (termed P1) was collected.	True
GSM5818856	geo:GSE193695:GSM5818856	development_stage	<map of column characteristics_time_point>	file	evidence/PMC9386061.txt		we performed longitudinal scRNA-seq analysis of BM samples collected at the time of diagnosis (P1) and relapse (P3, P4, and P5)	True
GSM5818857	geo:GSE193695:GSM5818857	development_stage	<map of column characteristics_time_point>	file	evidence/PMC9386061.txt		we performed longitudinal scRNA-seq analysis of BM samples collected at the time of diagnosis (P1) and relapse (P3, P4, and P5)	True
GSM5818858	geo:GSE193695:GSM5818858	development_stage	<map of column characteristics_time_point>	file	evidence/PMC9386061.txt		we performed longitudinal scRNA-seq analysis of BM samples collected at the time of diagnosis (P1) and relapse (P3, P4, and P5)	True
GSM5818859	geo:GSE193695:GSM5818859	development_stage	<map of column characteristics_time_point>	file	evidence/PMC9386061.txt		we performed longitudinal scRNA-seq analysis of BM samples collected at the time of diagnosis (P1) and relapse (P3, P4, and P5)	True
GSM5818860	geo:GSE193695:GSM5818860	development_stage	<map of column characteristics_time_point>	file	evidence/PMC9386061.txt		we performed longitudinal scRNA-seq analysis of BM samples collected at the time of diagnosis (P1) and relapse (P3, P4, and P5)	True
GSM5818861	geo:GSE193695:GSM5818861	development_stage	<map of column characteristics_time_point>	file	evidence/PMC9386061.txt		we performed longitudinal scRNA-seq analysis of BM samples collected at the time of diagnosis (P1) and relapse (P3, P4, and P5)	True
GSM5818862	geo:GSE193695:GSM5818862	development_stage	<map of column characteristics_time_point>	file	evidence/PMC9386061.txt		we performed longitudinal scRNA-seq analysis of BM samples collected at the time of diagnosis (P1) and relapse (P3, P4, and P5)	True
GSM5818863	geo:GSE193695:GSM5818863	development_stage	<map of column characteristics_time_point>	file	evidence/PMC9386061.txt		we performed longitudinal scRNA-seq analysis of BM samples collected at the time of diagnosis (P1) and relapse (P3, P4, and P5)	True
GSM5818864	geo:GSE193695:GSM5818864	development_stage	<map of column characteristics_time_point>	file	evidence/PMC9386061.txt		we performed longitudinal scRNA-seq analysis of BM samples collected at the time of diagnosis (P1) and relapse (P3, P4, and P5)	True
GSM5818865	geo:GSE193695:GSM5818865	development_stage	<map of column characteristics_time_point>	file	evidence/PMC9386061.txt		we performed longitudinal scRNA-seq analysis of BM samples collected at the time of diagnosis (P1) and relapse (P3, P4, and P5)	True
GSM5818866	geo:GSE193695:GSM5818866	development_stage	<map of column characteristics_time_point>	file	evidence/PMC9386061.txt		we performed longitudinal scRNA-seq analysis of BM samples collected at the time of diagnosis (P1) and relapse (P3, P4, and P5)	True
GSM5818867	geo:GSE193695:GSM5818867	development_stage	<map of column characteristics_time_point>	file	evidence/PMC9386061.txt		we performed longitudinal scRNA-seq analysis of BM samples collected at the time of diagnosis (P1) and relapse (P3, P4, and P5)	True
GSM5818868	geo:GSE193695:GSM5818868	development_stage	<map of column characteristics_time_point>	file	evidence/PMC9386061.txt		we performed longitudinal scRNA-seq analysis of BM samples collected at the time of diagnosis (P1) and relapse (P3, P4, and P5)	True
GSM5818869	geo:GSE193695:GSM5818869	development_stage	<map of column characteristics_time_point>	file	evidence/PMC9386061.txt		we performed longitudinal scRNA-seq analysis of BM samples collected at the time of diagnosis (P1) and relapse (P3, P4, and P5)	True
GSM5818870	geo:GSE193695:GSM5818870	development_stage	<map of column characteristics_time_point>	file	evidence/PMC9386061.txt		we performed longitudinal scRNA-seq analysis of BM samples collected at the time of diagnosis (P1) and relapse (P3, P4, and P5)	True
GSM5818871	geo:GSE193695:GSM5818871	development_stage	<map of column characteristics_time_point>	file	evidence/PMC9386061.txt		we performed longitudinal scRNA-seq analysis of BM samples collected at the time of diagnosis (P1) and relapse (P3, P4, and P5)	True
GSM5818872	geo:GSE193695:GSM5818872	development_stage	<map of column characteristics_time_point>	file	evidence/PMC9386061.txt		we performed longitudinal scRNA-seq analysis of BM samples collected at the time of diagnosis (P1) and relapse (P3, P4, and P5)	True
GSM5818873	geo:GSE193695:GSM5818873	development_stage	<map of column characteristics_time_point>	file	evidence/PMC9386061.txt		we performed longitudinal scRNA-seq analysis of BM samples collected at the time of diagnosis (P1) and relapse (P3, P4, and P5)	True
GSM5818874	geo:GSE193695:GSM5818874	development_stage	<map of column characteristics_time_point>	file	evidence/PMC9386061.txt		we performed longitudinal scRNA-seq analysis of BM samples collected at the time of diagnosis (P1) and relapse (P3, P4, and P5)	True
GSM5818875	geo:GSE193695:GSM5818875	development_stage	<map of column characteristics_time_point>	file	evidence/PMC9386061.txt		we performed longitudinal scRNA-seq analysis of BM samples collected at the time of diagnosis (P1) and relapse (P3, P4, and P5)	True
GSM5818876	geo:GSE193695:GSM5818876	development_stage	<map of column characteristics_time_point>	file	evidence/PMC9386061.txt		we performed longitudinal scRNA-seq analysis of BM samples collected at the time of diagnosis (P1) and relapse (P3, P4, and P5)	True
GSM5818877	geo:GSE193695:GSM5818877	development_stage	<map of column characteristics_time_point>	file	evidence/PMC9386061.txt		we performed longitudinal scRNA-seq analysis of BM samples collected at the time of diagnosis (P1) and relapse (P3, P4, and P5)	True
GSM5818878	geo:GSE193695:GSM5818878	development_stage	<map of column characteristics_time_point>	file	evidence/PMC9386061.txt		we performed longitudinal scRNA-seq analysis of BM samples collected at the time of diagnosis (P1) and relapse (P3, P4, and P5)	True
GSM5818879	geo:GSE193695:GSM5818879	development_stage	<map of column characteristics_time_point>	file	evidence/PMC9386061.txt		we performed longitudinal scRNA-seq analysis of BM samples collected at the time of diagnosis (P1) and relapse (P3, P4, and P5)	True
GSM5818856	geo:GSE193695:GSM5818856	development_stage	<map of column characteristics_time_point>	file	raw/fp-7a78a7e414d4/GSE193695_family.soft.gz		!Sample_characteristics_ch1 = time point: P1	True
GSM5818857	geo:GSE193695:GSM5818857	development_stage	<map of column characteristics_time_point>	file	raw/fp-7a78a7e414d4/GSE193695_family.soft.gz		!Sample_characteristics_ch1 = time point: P1	True
GSM5818858	geo:GSE193695:GSM5818858	development_stage	<map of column characteristics_time_point>	file	raw/fp-7a78a7e414d4/GSE193695_family.soft.gz		!Sample_characteristics_ch1 = time point: P1	True
GSM5818859	geo:GSE193695:GSM5818859	development_stage	<map of column characteristics_time_point>	file	raw/fp-7a78a7e414d4/GSE193695_family.soft.gz		!Sample_characteristics_ch1 = time point: P1	True
GSM5818860	geo:GSE193695:GSM5818860	development_stage	<map of column characteristics_time_point>	file	raw/fp-7a78a7e414d4/GSE193695_family.soft.gz		!Sample_characteristics_ch1 = time point: P1	True
GSM5818861	geo:GSE193695:GSM5818861	development_stage	<map of column characteristics_time_point>	file	raw/fp-7a78a7e414d4/GSE193695_family.soft.gz		!Sample_characteristics_ch1 = time point: P1	True
GSM5818862	geo:GSE193695:GSM5818862	development_stage	<map of column characteristics_time_point>	file	raw/fp-7a78a7e414d4/GSE193695_family.soft.gz		!Sample_characteristics_ch1 = time point: P1	True
GSM5818863	geo:GSE193695:GSM5818863	development_stage	<map of column characteristics_time_point>	file	raw/fp-7a78a7e414d4/GSE193695_family.soft.gz		!Sample_characteristics_ch1 = time point: P1	True
GSM5818864	geo:GSE193695:GSM5818864	development_stage	<map of column characteristics_time_point>	file	raw/fp-7a78a7e414d4/GSE193695_family.soft.gz		!Sample_characteristics_ch1 = time point: P1	True
GSM5818865	geo:GSE193695:GSM5818865	development_stage	<map of column characteristics_time_point>	file	raw/fp-7a78a7e414d4/GSE193695_family.soft.gz		!Sample_characteristics_ch1 = time point: P1	True
GSM5818866	geo:GSE193695:GSM5818866	development_stage	<map of column characteristics_time_point>	file	raw/fp-7a78a7e414d4/GSE193695_family.soft.gz		!Sample_characteristics_ch1 = time point: P1	True
GSM5818867	geo:GSE193695:GSM5818867	development_stage	<map of column characteristics_time_point>	file	raw/fp-7a78a7e414d4/GSE193695_family.soft.gz		!Sample_characteristics_ch1 = time point: P1	True
GSM5818868	geo:GSE193695:GSM5818868	development_stage	<map of column characteristics_time_point>	file	raw/fp-7a78a7e414d4/GSE193695_family.soft.gz		!Sample_characteristics_ch1 = time point: P1	True
GSM5818869	geo:GSE193695:GSM5818869	development_stage	<map of column characteristics_time_point>	file	raw/fp-7a78a7e414d4/GSE193695_family.soft.gz		!Sample_characteristics_ch1 = time point: P1	True
GSM5818870	geo:GSE193695:GSM5818870	development_stage	<map of column characteristics_time_point>	file	raw/fp-7a78a7e414d4/GSE193695_family.soft.gz		!Sample_characteristics_ch1 = time point: P1	True
GSM5818871	geo:GSE193695:GSM5818871	development_stage	<map of column characteristics_time_point>	file	raw/fp-7a78a7e414d4/GSE193695_family.soft.gz		!Sample_characteristics_ch1 = time point: P1	True
GSM5818872	geo:GSE193695:GSM5818872	development_stage	<map of column characteristics_time_point>	file	raw/fp-7a78a7e414d4/GSE193695_family.soft.gz		!Sample_characteristics_ch1 = time point: P1	True
GSM5818873	geo:GSE193695:GSM5818873	development_stage	<map of column characteristics_time_point>	file	raw/fp-7a78a7e414d4/GSE193695_family.soft.gz		!Sample_characteristics_ch1 = time point: P1	True
GSM5818874	geo:GSE193695:GSM5818874	development_stage	<map of column characteristics_time_point>	file	raw/fp-7a78a7e414d4/GSE193695_family.soft.gz		!Sample_characteristics_ch1 = time point: P1	True
GSM5818875	geo:GSE193695:GSM5818875	development_stage	<map of column characteristics_time_point>	file	raw/fp-7a78a7e414d4/GSE193695_family.soft.gz		!Sample_characteristics_ch1 = time point: P1	True
GSM5818876	geo:GSE193695:GSM5818876	development_stage	<map of column characteristics_time_point>	file	raw/fp-7a78a7e414d4/GSE193695_family.soft.gz		!Sample_characteristics_ch1 = time point: P1	True
GSM5818877	geo:GSE193695:GSM5818877	development_stage	<map of column characteristics_time_point>	file	raw/fp-7a78a7e414d4/GSE193695_family.soft.gz		!Sample_characteristics_ch1 = time point: P1	True
GSM5818878	geo:GSE193695:GSM5818878	development_stage	<map of column characteristics_time_point>	file	raw/fp-7a78a7e414d4/GSE193695_family.soft.gz		!Sample_characteristics_ch1 = time point: P1	True
GSM5818879	geo:GSE193695:GSM5818879	development_stage	<map of column characteristics_time_point>	file	raw/fp-7a78a7e414d4/GSE193695_family.soft.gz		!Sample_characteristics_ch1 = time point: P1	True
GSM5818856	geo:GSE193695:GSM5818856	tissue_free_text	Bone marrow	file	raw/fp-7a78a7e414d4/GSE193695_family.soft.gz		!Sample_characteristics_ch1 = organ: Bone marrow	True
GSM5818857	geo:GSE193695:GSM5818857	tissue_free_text	Bone marrow	file	raw/fp-7a78a7e414d4/GSE193695_family.soft.gz		!Sample_characteristics_ch1 = organ: Bone marrow	True
GSM5818858	geo:GSE193695:GSM5818858	tissue_free_text	Bone marrow	file	raw/fp-7a78a7e414d4/GSE193695_family.soft.gz		!Sample_characteristics_ch1 = organ: Bone marrow	True
GSM5818859	geo:GSE193695:GSM5818859	tissue_free_text	Bone marrow	file	raw/fp-7a78a7e414d4/GSE193695_family.soft.gz		!Sample_characteristics_ch1 = organ: Bone marrow	True
GSM5818860	geo:GSE193695:GSM5818860	tissue_free_text	Bone marrow	file	raw/fp-7a78a7e414d4/GSE193695_family.soft.gz		!Sample_characteristics_ch1 = organ: Bone marrow	True
GSM5818861	geo:GSE193695:GSM5818861	tissue_free_text	Bone marrow	file	raw/fp-7a78a7e414d4/GSE193695_family.soft.gz		!Sample_characteristics_ch1 = organ: Bone marrow	True
GSM5818862	geo:GSE193695:GSM5818862	tissue_free_text	Bone marrow	file	raw/fp-7a78a7e414d4/GSE193695_family.soft.gz		!Sample_characteristics_ch1 = organ: Bone marrow	True
GSM5818863	geo:GSE193695:GSM5818863	tissue_free_text	Bone marrow	file	raw/fp-7a78a7e414d4/GSE193695_family.soft.gz		!Sample_characteristics_ch1 = organ: Bone marrow	True
GSM5818864	geo:GSE193695:GSM5818864	tissue_free_text	Bone marrow	file	raw/fp-7a78a7e414d4/GSE193695_family.soft.gz		!Sample_characteristics_ch1 = organ: Bone marrow	True
GSM5818865	geo:GSE193695:GSM5818865	tissue_free_text	Bone marrow	file	raw/fp-7a78a7e414d4/GSE193695_family.soft.gz		!Sample_characteristics_ch1 = organ: Bone marrow	True
GSM5818866	geo:GSE193695:GSM5818866	tissue_free_text	Bone marrow	file	raw/fp-7a78a7e414d4/GSE193695_family.soft.gz		!Sample_characteristics_ch1 = organ: Bone marrow	True
GSM5818867	geo:GSE193695:GSM5818867	tissue_free_text	Bone marrow	file	raw/fp-7a78a7e414d4/GSE193695_family.soft.gz		!Sample_characteristics_ch1 = organ: Bone marrow	True
GSM5818868	geo:GSE193695:GSM5818868	tissue_free_text	Bone marrow	file	raw/fp-7a78a7e414d4/GSE193695_family.soft.gz		!Sample_characteristics_ch1 = organ: Bone marrow	True
GSM5818869	geo:GSE193695:GSM5818869	tissue_free_text	Bone marrow	file	raw/fp-7a78a7e414d4/GSE193695_family.soft.gz		!Sample_characteristics_ch1 = organ: Bone marrow	True
GSM5818870	geo:GSE193695:GSM5818870	tissue_free_text	Bone marrow	file	raw/fp-7a78a7e414d4/GSE193695_family.soft.gz		!Sample_characteristics_ch1 = organ: Bone marrow	True
GSM5818871	geo:GSE193695:GSM5818871	tissue_free_text	Bone marrow	file	raw/fp-7a78a7e414d4/GSE193695_family.soft.gz		!Sample_characteristics_ch1 = organ: Bone marrow	True
GSM5818872	geo:GSE193695:GSM5818872	tissue_free_text	Bone marrow	file	raw/fp-7a78a7e414d4/GSE193695_family.soft.gz		!Sample_characteristics_ch1 = organ: Bone marrow	True
GSM5818873	geo:GSE193695:GSM5818873	tissue_free_text	Bone marrow	file	raw/fp-7a78a7e414d4/GSE193695_family.soft.gz		!Sample_characteristics_ch1 = organ: Bone marrow	True
GSM5818874	geo:GSE193695:GSM5818874	tissue_free_text	Bone marrow	file	raw/fp-7a78a7e414d4/GSE193695_family.soft.gz		!Sample_characteristics_ch1 = organ: Bone marrow	True
GSM5818875	geo:GSE193695:GSM5818875	tissue_free_text	Bone marrow	file	raw/fp-7a78a7e414d4/GSE193695_family.soft.gz		!Sample_characteristics_ch1 = organ: Bone marrow	True
GSM5818876	geo:GSE193695:GSM5818876	tissue_free_text	Bone marrow	file	raw/fp-7a78a7e414d4/GSE193695_family.soft.gz		!Sample_characteristics_ch1 = organ: Bone marrow	True
GSM5818877	geo:GSE193695:GSM5818877	tissue_free_text	Bone marrow	file	raw/fp-7a78a7e414d4/GSE193695_family.soft.gz		!Sample_characteristics_ch1 = organ: Bone marrow	True
GSM5818878	geo:GSE193695:GSM5818878	tissue_free_text	Bone marrow	file	raw/fp-7a78a7e414d4/GSE193695_family.soft.gz		!Sample_characteristics_ch1 = organ: Bone marrow	True
GSM5818879	geo:GSE193695:GSM5818879	tissue_free_text	Bone marrow	file	raw/fp-7a78a7e414d4/GSE193695_family.soft.gz		!Sample_characteristics_ch1 = organ: Bone marrow	True
GSM5818856	geo:GSE193695:GSM5818856	tissue_type	tissue	file	raw/fp-7a78a7e414d4/GSE193695_family.soft.gz		!Sample_characteristics_ch1 = organ: Bone marrow	True
GSM5818857	geo:GSE193695:GSM5818857	tissue_type	tissue	file	raw/fp-7a78a7e414d4/GSE193695_family.soft.gz		!Sample_characteristics_ch1 = organ: Bone marrow	True
GSM5818858	geo:GSE193695:GSM5818858	tissue_type	tissue	file	raw/fp-7a78a7e414d4/GSE193695_family.soft.gz		!Sample_characteristics_ch1 = organ: Bone marrow	True
GSM5818859	geo:GSE193695:GSM5818859	tissue_type	tissue	file	raw/fp-7a78a7e414d4/GSE193695_family.soft.gz		!Sample_characteristics_ch1 = organ: Bone marrow	True
GSM5818860	geo:GSE193695:GSM5818860	tissue_type	tissue	file	raw/fp-7a78a7e414d4/GSE193695_family.soft.gz		!Sample_characteristics_ch1 = organ: Bone marrow	True
GSM5818861	geo:GSE193695:GSM5818861	tissue_type	tissue	file	raw/fp-7a78a7e414d4/GSE193695_family.soft.gz		!Sample_characteristics_ch1 = organ: Bone marrow	True
GSM5818862	geo:GSE193695:GSM5818862	tissue_type	tissue	file	raw/fp-7a78a7e414d4/GSE193695_family.soft.gz		!Sample_characteristics_ch1 = organ: Bone marrow	True
GSM5818863	geo:GSE193695:GSM5818863	tissue_type	tissue	file	raw/fp-7a78a7e414d4/GSE193695_family.soft.gz		!Sample_characteristics_ch1 = organ: Bone marrow	True
GSM5818864	geo:GSE193695:GSM5818864	tissue_type	tissue	file	raw/fp-7a78a7e414d4/GSE193695_family.soft.gz		!Sample_characteristics_ch1 = organ: Bone marrow	True
GSM5818865	geo:GSE193695:GSM5818865	tissue_type	tissue	file	raw/fp-7a78a7e414d4/GSE193695_family.soft.gz		!Sample_characteristics_ch1 = organ: Bone marrow	True
GSM5818866	geo:GSE193695:GSM5818866	tissue_type	tissue	file	raw/fp-7a78a7e414d4/GSE193695_family.soft.gz		!Sample_characteristics_ch1 = organ: Bone marrow	True
GSM5818867	geo:GSE193695:GSM5818867	tissue_type	tissue	file	raw/fp-7a78a7e414d4/GSE193695_family.soft.gz		!Sample_characteristics_ch1 = organ: Bone marrow	True
GSM5818868	geo:GSE193695:GSM5818868	tissue_type	tissue	file	raw/fp-7a78a7e414d4/GSE193695_family.soft.gz		!Sample_characteristics_ch1 = organ: Bone marrow	True
GSM5818869	geo:GSE193695:GSM5818869	tissue_type	tissue	file	raw/fp-7a78a7e414d4/GSE193695_family.soft.gz		!Sample_characteristics_ch1 = organ: Bone marrow	True
GSM5818870	geo:GSE193695:GSM5818870	tissue_type	tissue	file	raw/fp-7a78a7e414d4/GSE193695_family.soft.gz		!Sample_characteristics_ch1 = organ: Bone marrow	True
GSM5818871	geo:GSE193695:GSM5818871	tissue_type	tissue	file	raw/fp-7a78a7e414d4/GSE193695_family.soft.gz		!Sample_characteristics_ch1 = organ: Bone marrow	True
GSM5818872	geo:GSE193695:GSM5818872	tissue_type	tissue	file	raw/fp-7a78a7e414d4/GSE193695_family.soft.gz		!Sample_characteristics_ch1 = organ: Bone marrow	True
GSM5818873	geo:GSE193695:GSM5818873	tissue_type	tissue	file	raw/fp-7a78a7e414d4/GSE193695_family.soft.gz		!Sample_characteristics_ch1 = organ: Bone marrow	True
GSM5818874	geo:GSE193695:GSM5818874	tissue_type	tissue	file	raw/fp-7a78a7e414d4/GSE193695_family.soft.gz		!Sample_characteristics_ch1 = organ: Bone marrow	True
GSM5818875	geo:GSE193695:GSM5818875	tissue_type	tissue	file	raw/fp-7a78a7e414d4/GSE193695_family.soft.gz		!Sample_characteristics_ch1 = organ: Bone marrow	True
GSM5818876	geo:GSE193695:GSM5818876	tissue_type	tissue	file	raw/fp-7a78a7e414d4/GSE193695_family.soft.gz		!Sample_characteristics_ch1 = organ: Bone marrow	True
GSM5818877	geo:GSE193695:GSM5818877	tissue_type	tissue	file	raw/fp-7a78a7e414d4/GSE193695_family.soft.gz		!Sample_characteristics_ch1 = organ: Bone marrow	True
GSM5818878	geo:GSE193695:GSM5818878	tissue_type	tissue	file	raw/fp-7a78a7e414d4/GSE193695_family.soft.gz		!Sample_characteristics_ch1 = organ: Bone marrow	True
GSM5818879	geo:GSE193695:GSM5818879	tissue_type	tissue	file	raw/fp-7a78a7e414d4/GSE193695_family.soft.gz		!Sample_characteristics_ch1 = organ: Bone marrow	True
GSM5818856	geo:GSE193695:GSM5818856	tissue_type	tissue	file	raw/fp-7a78a7e414d4/GSE193695_family.soft.gz		Mononuclear cells were isolated from bone marrow aspirates using density centrifugation media	True
GSM5818857	geo:GSE193695:GSM5818857	tissue_type	tissue	file	raw/fp-7a78a7e414d4/GSE193695_family.soft.gz		Mononuclear cells were isolated from bone marrow aspirates using density centrifugation media	True
GSM5818858	geo:GSE193695:GSM5818858	tissue_type	tissue	file	raw/fp-7a78a7e414d4/GSE193695_family.soft.gz		Mononuclear cells were isolated from bone marrow aspirates using density centrifugation media	True
GSM5818859	geo:GSE193695:GSM5818859	tissue_type	tissue	file	raw/fp-7a78a7e414d4/GSE193695_family.soft.gz		Mononuclear cells were isolated from bone marrow aspirates using density centrifugation media	True
GSM5818860	geo:GSE193695:GSM5818860	tissue_type	tissue	file	raw/fp-7a78a7e414d4/GSE193695_family.soft.gz		Mononuclear cells were isolated from bone marrow aspirates using density centrifugation media	True
GSM5818861	geo:GSE193695:GSM5818861	tissue_type	tissue	file	raw/fp-7a78a7e414d4/GSE193695_family.soft.gz		Mononuclear cells were isolated from bone marrow aspirates using density centrifugation media	True
GSM5818862	geo:GSE193695:GSM5818862	tissue_type	tissue	file	raw/fp-7a78a7e414d4/GSE193695_family.soft.gz		Mononuclear cells were isolated from bone marrow aspirates using density centrifugation media	True
GSM5818863	geo:GSE193695:GSM5818863	tissue_type	tissue	file	raw/fp-7a78a7e414d4/GSE193695_family.soft.gz		Mononuclear cells were isolated from bone marrow aspirates using density centrifugation media	True
GSM5818864	geo:GSE193695:GSM5818864	tissue_type	tissue	file	raw/fp-7a78a7e414d4/GSE193695_family.soft.gz		Mononuclear cells were isolated from bone marrow aspirates using density centrifugation media	True
GSM5818865	geo:GSE193695:GSM5818865	tissue_type	tissue	file	raw/fp-7a78a7e414d4/GSE193695_family.soft.gz		Mononuclear cells were isolated from bone marrow aspirates using density centrifugation media	True
GSM5818866	geo:GSE193695:GSM5818866	tissue_type	tissue	file	raw/fp-7a78a7e414d4/GSE193695_family.soft.gz		Mononuclear cells were isolated from bone marrow aspirates using density centrifugation media	True
GSM5818867	geo:GSE193695:GSM5818867	tissue_type	tissue	file	raw/fp-7a78a7e414d4/GSE193695_family.soft.gz		Mononuclear cells were isolated from bone marrow aspirates using density centrifugation media	True
GSM5818868	geo:GSE193695:GSM5818868	tissue_type	tissue	file	raw/fp-7a78a7e414d4/GSE193695_family.soft.gz		Mononuclear cells were isolated from bone marrow aspirates using density centrifugation media	True
GSM5818869	geo:GSE193695:GSM5818869	tissue_type	tissue	file	raw/fp-7a78a7e414d4/GSE193695_family.soft.gz		Mononuclear cells were isolated from bone marrow aspirates using density centrifugation media	True
GSM5818870	geo:GSE193695:GSM5818870	tissue_type	tissue	file	raw/fp-7a78a7e414d4/GSE193695_family.soft.gz		Mononuclear cells were isolated from bone marrow aspirates using density centrifugation media	True
GSM5818871	geo:GSE193695:GSM5818871	tissue_type	tissue	file	raw/fp-7a78a7e414d4/GSE193695_family.soft.gz		Mononuclear cells were isolated from bone marrow aspirates using density centrifugation media	True
GSM5818872	geo:GSE193695:GSM5818872	tissue_type	tissue	file	raw/fp-7a78a7e414d4/GSE193695_family.soft.gz		Mononuclear cells were isolated from bone marrow aspirates using density centrifugation media	True
GSM5818873	geo:GSE193695:GSM5818873	tissue_type	tissue	file	raw/fp-7a78a7e414d4/GSE193695_family.soft.gz		Mononuclear cells were isolated from bone marrow aspirates using density centrifugation media	True
GSM5818874	geo:GSE193695:GSM5818874	tissue_type	tissue	file	raw/fp-7a78a7e414d4/GSE193695_family.soft.gz		Mononuclear cells were isolated from bone marrow aspirates using density centrifugation media	True
GSM5818875	geo:GSE193695:GSM5818875	tissue_type	tissue	file	raw/fp-7a78a7e414d4/GSE193695_family.soft.gz		Mononuclear cells were isolated from bone marrow aspirates using density centrifugation media	True
GSM5818876	geo:GSE193695:GSM5818876	tissue_type	tissue	file	raw/fp-7a78a7e414d4/GSE193695_family.soft.gz		Mononuclear cells were isolated from bone marrow aspirates using density centrifugation media	True
GSM5818877	geo:GSE193695:GSM5818877	tissue_type	tissue	file	raw/fp-7a78a7e414d4/GSE193695_family.soft.gz		Mononuclear cells were isolated from bone marrow aspirates using density centrifugation media	True
GSM5818878	geo:GSE193695:GSM5818878	tissue_type	tissue	file	raw/fp-7a78a7e414d4/GSE193695_family.soft.gz		Mononuclear cells were isolated from bone marrow aspirates using density centrifugation media	True
GSM5818879	geo:GSE193695:GSM5818879	tissue_type	tissue	file	raw/fp-7a78a7e414d4/GSE193695_family.soft.gz		Mononuclear cells were isolated from bone marrow aspirates using density centrifugation media	True
GSM5818856	geo:GSE193695:GSM5818856	sample_collection_method	bone marrow aspiration	file	raw/fp-7a78a7e414d4/GSE193695_family.soft.gz		!Sample_source_name_ch1 = Bone marrow aspiration	True
GSM5818857	geo:GSE193695:GSM5818857	sample_collection_method	bone marrow aspiration	file	raw/fp-7a78a7e414d4/GSE193695_family.soft.gz		!Sample_source_name_ch1 = Bone marrow aspiration	True
GSM5818858	geo:GSE193695:GSM5818858	sample_collection_method	bone marrow aspiration	file	raw/fp-7a78a7e414d4/GSE193695_family.soft.gz		!Sample_source_name_ch1 = Bone marrow aspiration	True
GSM5818859	geo:GSE193695:GSM5818859	sample_collection_method	bone marrow aspiration	file	raw/fp-7a78a7e414d4/GSE193695_family.soft.gz		!Sample_source_name_ch1 = Bone marrow aspiration	True
GSM5818860	geo:GSE193695:GSM5818860	sample_collection_method	bone marrow aspiration	file	raw/fp-7a78a7e414d4/GSE193695_family.soft.gz		!Sample_source_name_ch1 = Bone marrow aspiration	True
GSM5818861	geo:GSE193695:GSM5818861	sample_collection_method	bone marrow aspiration	file	raw/fp-7a78a7e414d4/GSE193695_family.soft.gz		!Sample_source_name_ch1 = Bone marrow aspiration	True
GSM5818862	geo:GSE193695:GSM5818862	sample_collection_method	bone marrow aspiration	file	raw/fp-7a78a7e414d4/GSE193695_family.soft.gz		!Sample_source_name_ch1 = Bone marrow aspiration	True
GSM5818863	geo:GSE193695:GSM5818863	sample_collection_method	bone marrow aspiration	file	raw/fp-7a78a7e414d4/GSE193695_family.soft.gz		!Sample_source_name_ch1 = Bone marrow aspiration	True
GSM5818864	geo:GSE193695:GSM5818864	sample_collection_method	bone marrow aspiration	file	raw/fp-7a78a7e414d4/GSE193695_family.soft.gz		!Sample_source_name_ch1 = Bone marrow aspiration	True
GSM5818865	geo:GSE193695:GSM5818865	sample_collection_method	bone marrow aspiration	file	raw/fp-7a78a7e414d4/GSE193695_family.soft.gz		!Sample_source_name_ch1 = Bone marrow aspiration	True
GSM5818866	geo:GSE193695:GSM5818866	sample_collection_method	bone marrow aspiration	file	raw/fp-7a78a7e414d4/GSE193695_family.soft.gz		!Sample_source_name_ch1 = Bone marrow aspiration	True
GSM5818867	geo:GSE193695:GSM5818867	sample_collection_method	bone marrow aspiration	file	raw/fp-7a78a7e414d4/GSE193695_family.soft.gz		!Sample_source_name_ch1 = Bone marrow aspiration	True
GSM5818868	geo:GSE193695:GSM5818868	sample_collection_method	bone marrow aspiration	file	raw/fp-7a78a7e414d4/GSE193695_family.soft.gz		!Sample_source_name_ch1 = Bone marrow aspiration	True
GSM5818869	geo:GSE193695:GSM5818869	sample_collection_method	bone marrow aspiration	file	raw/fp-7a78a7e414d4/GSE193695_family.soft.gz		!Sample_source_name_ch1 = Bone marrow aspiration	True
GSM5818870	geo:GSE193695:GSM5818870	sample_collection_method	bone marrow aspiration	file	raw/fp-7a78a7e414d4/GSE193695_family.soft.gz		!Sample_source_name_ch1 = Bone marrow aspiration	True
GSM5818871	geo:GSE193695:GSM5818871	sample_collection_method	bone marrow aspiration	file	raw/fp-7a78a7e414d4/GSE193695_family.soft.gz		!Sample_source_name_ch1 = Bone marrow aspiration	True
GSM5818872	geo:GSE193695:GSM5818872	sample_collection_method	bone marrow aspiration	file	raw/fp-7a78a7e414d4/GSE193695_family.soft.gz		!Sample_source_name_ch1 = Bone marrow aspiration	True
GSM5818873	geo:GSE193695:GSM5818873	sample_collection_method	bone marrow aspiration	file	raw/fp-7a78a7e414d4/GSE193695_family.soft.gz		!Sample_source_name_ch1 = Bone marrow aspiration	True
GSM5818874	geo:GSE193695:GSM5818874	sample_collection_method	bone marrow aspiration	file	raw/fp-7a78a7e414d4/GSE193695_family.soft.gz		!Sample_source_name_ch1 = Bone marrow aspiration	True
GSM5818875	geo:GSE193695:GSM5818875	sample_collection_method	bone marrow aspiration	file	raw/fp-7a78a7e414d4/GSE193695_family.soft.gz		!Sample_source_name_ch1 = Bone marrow aspiration	True
GSM5818876	geo:GSE193695:GSM5818876	sample_collection_method	bone marrow aspiration	file	raw/fp-7a78a7e414d4/GSE193695_family.soft.gz		!Sample_source_name_ch1 = Bone marrow aspiration	True
GSM5818877	geo:GSE193695:GSM5818877	sample_collection_method	bone marrow aspiration	file	raw/fp-7a78a7e414d4/GSE193695_family.soft.gz		!Sample_source_name_ch1 = Bone marrow aspiration	True
GSM5818878	geo:GSE193695:GSM5818878	sample_collection_method	bone marrow aspiration	file	raw/fp-7a78a7e414d4/GSE193695_family.soft.gz		!Sample_source_name_ch1 = Bone marrow aspiration	True
GSM5818879	geo:GSE193695:GSM5818879	sample_collection_method	bone marrow aspiration	file	raw/fp-7a78a7e414d4/GSE193695_family.soft.gz		!Sample_source_name_ch1 = Bone marrow aspiration	True
GSM5818856	geo:GSE193695:GSM5818856	disease_free_text	multiple myeloma	file	raw/fp-7a78a7e414d4/GSE193695_family.soft.gz		!Series_title = Identification of a drug-response gene in multiple myeloma through longitudinal single-cell transcriptome sequencing.	True
GSM5818857	geo:GSE193695:GSM5818857	disease_free_text	multiple myeloma	file	raw/fp-7a78a7e414d4/GSE193695_family.soft.gz		!Series_title = Identification of a drug-response gene in multiple myeloma through longitudinal single-cell transcriptome sequencing.	True
GSM5818858	geo:GSE193695:GSM5818858	disease_free_text	multiple myeloma	file	raw/fp-7a78a7e414d4/GSE193695_family.soft.gz		!Series_title = Identification of a drug-response gene in multiple myeloma through longitudinal single-cell transcriptome sequencing.	True
GSM5818859	geo:GSE193695:GSM5818859	disease_free_text	multiple myeloma	file	raw/fp-7a78a7e414d4/GSE193695_family.soft.gz		!Series_title = Identification of a drug-response gene in multiple myeloma through longitudinal single-cell transcriptome sequencing.	True
GSM5818860	geo:GSE193695:GSM5818860	disease_free_text	multiple myeloma	file	raw/fp-7a78a7e414d4/GSE193695_family.soft.gz		!Series_title = Identification of a drug-response gene in multiple myeloma through longitudinal single-cell transcriptome sequencing.	True
GSM5818861	geo:GSE193695:GSM5818861	disease_free_text	multiple myeloma	file	raw/fp-7a78a7e414d4/GSE193695_family.soft.gz		!Series_title = Identification of a drug-response gene in multiple myeloma through longitudinal single-cell transcriptome sequencing.	True
GSM5818862	geo:GSE193695:GSM5818862	disease_free_text	multiple myeloma	file	raw/fp-7a78a7e414d4/GSE193695_family.soft.gz		!Series_title = Identification of a drug-response gene in multiple myeloma through longitudinal single-cell transcriptome sequencing.	True
GSM5818863	geo:GSE193695:GSM5818863	disease_free_text	multiple myeloma	file	raw/fp-7a78a7e414d4/GSE193695_family.soft.gz		!Series_title = Identification of a drug-response gene in multiple myeloma through longitudinal single-cell transcriptome sequencing.	True
GSM5818864	geo:GSE193695:GSM5818864	disease_free_text	multiple myeloma	file	raw/fp-7a78a7e414d4/GSE193695_family.soft.gz		!Series_title = Identification of a drug-response gene in multiple myeloma through longitudinal single-cell transcriptome sequencing.	True
GSM5818865	geo:GSE193695:GSM5818865	disease_free_text	multiple myeloma	file	raw/fp-7a78a7e414d4/GSE193695_family.soft.gz		!Series_title = Identification of a drug-response gene in multiple myeloma through longitudinal single-cell transcriptome sequencing.	True
GSM5818866	geo:GSE193695:GSM5818866	disease_free_text	multiple myeloma	file	raw/fp-7a78a7e414d4/GSE193695_family.soft.gz		!Series_title = Identification of a drug-response gene in multiple myeloma through longitudinal single-cell transcriptome sequencing.	True
GSM5818867	geo:GSE193695:GSM5818867	disease_free_text	multiple myeloma	file	raw/fp-7a78a7e414d4/GSE193695_family.soft.gz		!Series_title = Identification of a drug-response gene in multiple myeloma through longitudinal single-cell transcriptome sequencing.	True
GSM5818868	geo:GSE193695:GSM5818868	disease_free_text	multiple myeloma	file	raw/fp-7a78a7e414d4/GSE193695_family.soft.gz		!Series_title = Identification of a drug-response gene in multiple myeloma through longitudinal single-cell transcriptome sequencing.	True
GSM5818869	geo:GSE193695:GSM5818869	disease_free_text	multiple myeloma	file	raw/fp-7a78a7e414d4/GSE193695_family.soft.gz		!Series_title = Identification of a drug-response gene in multiple myeloma through longitudinal single-cell transcriptome sequencing.	True
GSM5818870	geo:GSE193695:GSM5818870	disease_free_text	multiple myeloma	file	raw/fp-7a78a7e414d4/GSE193695_family.soft.gz		!Series_title = Identification of a drug-response gene in multiple myeloma through longitudinal single-cell transcriptome sequencing.	True
GSM5818871	geo:GSE193695:GSM5818871	disease_free_text	multiple myeloma	file	raw/fp-7a78a7e414d4/GSE193695_family.soft.gz		!Series_title = Identification of a drug-response gene in multiple myeloma through longitudinal single-cell transcriptome sequencing.	True
GSM5818872	geo:GSE193695:GSM5818872	disease_free_text	multiple myeloma	file	raw/fp-7a78a7e414d4/GSE193695_family.soft.gz		!Series_title = Identification of a drug-response gene in multiple myeloma through longitudinal single-cell transcriptome sequencing.	True
GSM5818873	geo:GSE193695:GSM5818873	disease_free_text	multiple myeloma	file	raw/fp-7a78a7e414d4/GSE193695_family.soft.gz		!Series_title = Identification of a drug-response gene in multiple myeloma through longitudinal single-cell transcriptome sequencing.	True
GSM5818874	geo:GSE193695:GSM5818874	disease_free_text	multiple myeloma	file	raw/fp-7a78a7e414d4/GSE193695_family.soft.gz		!Series_title = Identification of a drug-response gene in multiple myeloma through longitudinal single-cell transcriptome sequencing.	True
GSM5818875	geo:GSE193695:GSM5818875	disease_free_text	multiple myeloma	file	raw/fp-7a78a7e414d4/GSE193695_family.soft.gz		!Series_title = Identification of a drug-response gene in multiple myeloma through longitudinal single-cell transcriptome sequencing.	True
GSM5818876	geo:GSE193695:GSM5818876	disease_free_text	multiple myeloma	file	raw/fp-7a78a7e414d4/GSE193695_family.soft.gz		!Series_title = Identification of a drug-response gene in multiple myeloma through longitudinal single-cell transcriptome sequencing.	True
GSM5818877	geo:GSE193695:GSM5818877	disease_free_text	multiple myeloma	file	raw/fp-7a78a7e414d4/GSE193695_family.soft.gz		!Series_title = Identification of a drug-response gene in multiple myeloma through longitudinal single-cell transcriptome sequencing.	True
GSM5818878	geo:GSE193695:GSM5818878	disease_free_text	multiple myeloma	file	raw/fp-7a78a7e414d4/GSE193695_family.soft.gz		!Series_title = Identification of a drug-response gene in multiple myeloma through longitudinal single-cell transcriptome sequencing.	True
GSM5818879	geo:GSE193695:GSM5818879	disease_free_text	multiple myeloma	file	raw/fp-7a78a7e414d4/GSE193695_family.soft.gz		!Series_title = Identification of a drug-response gene in multiple myeloma through longitudinal single-cell transcriptome sequencing.	True
GSM5818856	geo:GSE193695:GSM5818856	disease_free_text	multiple myeloma	file	raw/fp-7a78a7e414d4/GSE193695_family.soft.gz		bone marrow cells from a single patient with relapsed and refractory MM	True
GSM5818857	geo:GSE193695:GSM5818857	disease_free_text	multiple myeloma	file	raw/fp-7a78a7e414d4/GSE193695_family.soft.gz		bone marrow cells from a single patient with relapsed and refractory MM	True
GSM5818858	geo:GSE193695:GSM5818858	disease_free_text	multiple myeloma	file	raw/fp-7a78a7e414d4/GSE193695_family.soft.gz		bone marrow cells from a single patient with relapsed and refractory MM	True
GSM5818859	geo:GSE193695:GSM5818859	disease_free_text	multiple myeloma	file	raw/fp-7a78a7e414d4/GSE193695_family.soft.gz		bone marrow cells from a single patient with relapsed and refractory MM	True
GSM5818860	geo:GSE193695:GSM5818860	disease_free_text	multiple myeloma	file	raw/fp-7a78a7e414d4/GSE193695_family.soft.gz		bone marrow cells from a single patient with relapsed and refractory MM	True
GSM5818861	geo:GSE193695:GSM5818861	disease_free_text	multiple myeloma	file	raw/fp-7a78a7e414d4/GSE193695_family.soft.gz		bone marrow cells from a single patient with relapsed and refractory MM	True
GSM5818862	geo:GSE193695:GSM5818862	disease_free_text	multiple myeloma	file	raw/fp-7a78a7e414d4/GSE193695_family.soft.gz		bone marrow cells from a single patient with relapsed and refractory MM	True
GSM5818863	geo:GSE193695:GSM5818863	disease_free_text	multiple myeloma	file	raw/fp-7a78a7e414d4/GSE193695_family.soft.gz		bone marrow cells from a single patient with relapsed and refractory MM	True
GSM5818864	geo:GSE193695:GSM5818864	disease_free_text	multiple myeloma	file	raw/fp-7a78a7e414d4/GSE193695_family.soft.gz		bone marrow cells from a single patient with relapsed and refractory MM	True
GSM5818865	geo:GSE193695:GSM5818865	disease_free_text	multiple myeloma	file	raw/fp-7a78a7e414d4/GSE193695_family.soft.gz		bone marrow cells from a single patient with relapsed and refractory MM	True
GSM5818866	geo:GSE193695:GSM5818866	disease_free_text	multiple myeloma	file	raw/fp-7a78a7e414d4/GSE193695_family.soft.gz		bone marrow cells from a single patient with relapsed and refractory MM	True
GSM5818867	geo:GSE193695:GSM5818867	disease_free_text	multiple myeloma	file	raw/fp-7a78a7e414d4/GSE193695_family.soft.gz		bone marrow cells from a single patient with relapsed and refractory MM	True
GSM5818868	geo:GSE193695:GSM5818868	disease_free_text	multiple myeloma	file	raw/fp-7a78a7e414d4/GSE193695_family.soft.gz		bone marrow cells from a single patient with relapsed and refractory MM	True
GSM5818869	geo:GSE193695:GSM5818869	disease_free_text	multiple myeloma	file	raw/fp-7a78a7e414d4/GSE193695_family.soft.gz		bone marrow cells from a single patient with relapsed and refractory MM	True
GSM5818870	geo:GSE193695:GSM5818870	disease_free_text	multiple myeloma	file	raw/fp-7a78a7e414d4/GSE193695_family.soft.gz		bone marrow cells from a single patient with relapsed and refractory MM	True
GSM5818871	geo:GSE193695:GSM5818871	disease_free_text	multiple myeloma	file	raw/fp-7a78a7e414d4/GSE193695_family.soft.gz		bone marrow cells from a single patient with relapsed and refractory MM	True
GSM5818872	geo:GSE193695:GSM5818872	disease_free_text	multiple myeloma	file	raw/fp-7a78a7e414d4/GSE193695_family.soft.gz		bone marrow cells from a single patient with relapsed and refractory MM	True
GSM5818873	geo:GSE193695:GSM5818873	disease_free_text	multiple myeloma	file	raw/fp-7a78a7e414d4/GSE193695_family.soft.gz		bone marrow cells from a single patient with relapsed and refractory MM	True
GSM5818874	geo:GSE193695:GSM5818874	disease_free_text	multiple myeloma	file	raw/fp-7a78a7e414d4/GSE193695_family.soft.gz		bone marrow cells from a single patient with relapsed and refractory MM	True
GSM5818875	geo:GSE193695:GSM5818875	disease_free_text	multiple myeloma	file	raw/fp-7a78a7e414d4/GSE193695_family.soft.gz		bone marrow cells from a single patient with relapsed and refractory MM	True
GSM5818876	geo:GSE193695:GSM5818876	disease_free_text	multiple myeloma	file	raw/fp-7a78a7e414d4/GSE193695_family.soft.gz		bone marrow cells from a single patient with relapsed and refractory MM	True
GSM5818877	geo:GSE193695:GSM5818877	disease_free_text	multiple myeloma	file	raw/fp-7a78a7e414d4/GSE193695_family.soft.gz		bone marrow cells from a single patient with relapsed and refractory MM	True
GSM5818878	geo:GSE193695:GSM5818878	disease_free_text	multiple myeloma	file	raw/fp-7a78a7e414d4/GSE193695_family.soft.gz		bone marrow cells from a single patient with relapsed and refractory MM	True
GSM5818879	geo:GSE193695:GSM5818879	disease_free_text	multiple myeloma	file	raw/fp-7a78a7e414d4/GSE193695_family.soft.gz		bone marrow cells from a single patient with relapsed and refractory MM	True
GSM5818856	geo:GSE193695:GSM5818856	sampled_site_condition	diseased	file	raw/fp-7a78a7e414d4/GSE193695_family.soft.gz		bone marrow cells from a single patient with relapsed and refractory MM	True
GSM5818857	geo:GSE193695:GSM5818857	sampled_site_condition	diseased	file	raw/fp-7a78a7e414d4/GSE193695_family.soft.gz		bone marrow cells from a single patient with relapsed and refractory MM	True
GSM5818858	geo:GSE193695:GSM5818858	sampled_site_condition	diseased	file	raw/fp-7a78a7e414d4/GSE193695_family.soft.gz		bone marrow cells from a single patient with relapsed and refractory MM	True
GSM5818859	geo:GSE193695:GSM5818859	sampled_site_condition	diseased	file	raw/fp-7a78a7e414d4/GSE193695_family.soft.gz		bone marrow cells from a single patient with relapsed and refractory MM	True
GSM5818860	geo:GSE193695:GSM5818860	sampled_site_condition	diseased	file	raw/fp-7a78a7e414d4/GSE193695_family.soft.gz		bone marrow cells from a single patient with relapsed and refractory MM	True
GSM5818861	geo:GSE193695:GSM5818861	sampled_site_condition	diseased	file	raw/fp-7a78a7e414d4/GSE193695_family.soft.gz		bone marrow cells from a single patient with relapsed and refractory MM	True
GSM5818862	geo:GSE193695:GSM5818862	sampled_site_condition	diseased	file	raw/fp-7a78a7e414d4/GSE193695_family.soft.gz		bone marrow cells from a single patient with relapsed and refractory MM	True
GSM5818863	geo:GSE193695:GSM5818863	sampled_site_condition	diseased	file	raw/fp-7a78a7e414d4/GSE193695_family.soft.gz		bone marrow cells from a single patient with relapsed and refractory MM	True
GSM5818864	geo:GSE193695:GSM5818864	sampled_site_condition	diseased	file	raw/fp-7a78a7e414d4/GSE193695_family.soft.gz		bone marrow cells from a single patient with relapsed and refractory MM	True
GSM5818865	geo:GSE193695:GSM5818865	sampled_site_condition	diseased	file	raw/fp-7a78a7e414d4/GSE193695_family.soft.gz		bone marrow cells from a single patient with relapsed and refractory MM	True
GSM5818866	geo:GSE193695:GSM5818866	sampled_site_condition	diseased	file	raw/fp-7a78a7e414d4/GSE193695_family.soft.gz		bone marrow cells from a single patient with relapsed and refractory MM	True
GSM5818867	geo:GSE193695:GSM5818867	sampled_site_condition	diseased	file	raw/fp-7a78a7e414d4/GSE193695_family.soft.gz		bone marrow cells from a single patient with relapsed and refractory MM	True
GSM5818868	geo:GSE193695:GSM5818868	sampled_site_condition	diseased	file	raw/fp-7a78a7e414d4/GSE193695_family.soft.gz		bone marrow cells from a single patient with relapsed and refractory MM	True
GSM5818869	geo:GSE193695:GSM5818869	sampled_site_condition	diseased	file	raw/fp-7a78a7e414d4/GSE193695_family.soft.gz		bone marrow cells from a single patient with relapsed and refractory MM	True
GSM5818870	geo:GSE193695:GSM5818870	sampled_site_condition	diseased	file	raw/fp-7a78a7e414d4/GSE193695_family.soft.gz		bone marrow cells from a single patient with relapsed and refractory MM	True
GSM5818871	geo:GSE193695:GSM5818871	sampled_site_condition	diseased	file	raw/fp-7a78a7e414d4/GSE193695_family.soft.gz		bone marrow cells from a single patient with relapsed and refractory MM	True
GSM5818872	geo:GSE193695:GSM5818872	sampled_site_condition	diseased	file	raw/fp-7a78a7e414d4/GSE193695_family.soft.gz		bone marrow cells from a single patient with relapsed and refractory MM	True
GSM5818873	geo:GSE193695:GSM5818873	sampled_site_condition	diseased	file	raw/fp-7a78a7e414d4/GSE193695_family.soft.gz		bone marrow cells from a single patient with relapsed and refractory MM	True
GSM5818874	geo:GSE193695:GSM5818874	sampled_site_condition	diseased	file	raw/fp-7a78a7e414d4/GSE193695_family.soft.gz		bone marrow cells from a single patient with relapsed and refractory MM	True
GSM5818875	geo:GSE193695:GSM5818875	sampled_site_condition	diseased	file	raw/fp-7a78a7e414d4/GSE193695_family.soft.gz		bone marrow cells from a single patient with relapsed and refractory MM	True
GSM5818876	geo:GSE193695:GSM5818876	sampled_site_condition	diseased	file	raw/fp-7a78a7e414d4/GSE193695_family.soft.gz		bone marrow cells from a single patient with relapsed and refractory MM	True
GSM5818877	geo:GSE193695:GSM5818877	sampled_site_condition	diseased	file	raw/fp-7a78a7e414d4/GSE193695_family.soft.gz		bone marrow cells from a single patient with relapsed and refractory MM	True
GSM5818878	geo:GSE193695:GSM5818878	sampled_site_condition	diseased	file	raw/fp-7a78a7e414d4/GSE193695_family.soft.gz		bone marrow cells from a single patient with relapsed and refractory MM	True
GSM5818879	geo:GSE193695:GSM5818879	sampled_site_condition	diseased	file	raw/fp-7a78a7e414d4/GSE193695_family.soft.gz		bone marrow cells from a single patient with relapsed and refractory MM	True
GSM5818856	geo:GSE193695:GSM5818856	assay	CEL-seq2	file	raw/fp-7a78a7e414d4/GSE193695_family.soft.gz		Libraries were prepared according to the CEL-Seq2 protocol.	True
GSM5818857	geo:GSE193695:GSM5818857	assay	CEL-seq2	file	raw/fp-7a78a7e414d4/GSE193695_family.soft.gz		Libraries were prepared according to the CEL-Seq2 protocol.	True
GSM5818858	geo:GSE193695:GSM5818858	assay	CEL-seq2	file	raw/fp-7a78a7e414d4/GSE193695_family.soft.gz		Libraries were prepared according to the CEL-Seq2 protocol.	True
GSM5818859	geo:GSE193695:GSM5818859	assay	CEL-seq2	file	raw/fp-7a78a7e414d4/GSE193695_family.soft.gz		Libraries were prepared according to the CEL-Seq2 protocol.	True
GSM5818860	geo:GSE193695:GSM5818860	assay	CEL-seq2	file	raw/fp-7a78a7e414d4/GSE193695_family.soft.gz		Libraries were prepared according to the CEL-Seq2 protocol.	True
GSM5818861	geo:GSE193695:GSM5818861	assay	CEL-seq2	file	raw/fp-7a78a7e414d4/GSE193695_family.soft.gz		Libraries were prepared according to the CEL-Seq2 protocol.	True
GSM5818862	geo:GSE193695:GSM5818862	assay	CEL-seq2	file	raw/fp-7a78a7e414d4/GSE193695_family.soft.gz		Libraries were prepared according to the CEL-Seq2 protocol.	True
GSM5818863	geo:GSE193695:GSM5818863	assay	CEL-seq2	file	raw/fp-7a78a7e414d4/GSE193695_family.soft.gz		Libraries were prepared according to the CEL-Seq2 protocol.	True
GSM5818864	geo:GSE193695:GSM5818864	assay	CEL-seq2	file	raw/fp-7a78a7e414d4/GSE193695_family.soft.gz		Libraries were prepared according to the CEL-Seq2 protocol.	True
GSM5818865	geo:GSE193695:GSM5818865	assay	CEL-seq2	file	raw/fp-7a78a7e414d4/GSE193695_family.soft.gz		Libraries were prepared according to the CEL-Seq2 protocol.	True
GSM5818866	geo:GSE193695:GSM5818866	assay	CEL-seq2	file	raw/fp-7a78a7e414d4/GSE193695_family.soft.gz		Libraries were prepared according to the CEL-Seq2 protocol.	True
GSM5818867	geo:GSE193695:GSM5818867	assay	CEL-seq2	file	raw/fp-7a78a7e414d4/GSE193695_family.soft.gz		Libraries were prepared according to the CEL-Seq2 protocol.	True
GSM5818868	geo:GSE193695:GSM5818868	assay	CEL-seq2	file	raw/fp-7a78a7e414d4/GSE193695_family.soft.gz		Libraries were prepared according to the CEL-Seq2 protocol.	True
GSM5818869	geo:GSE193695:GSM5818869	assay	CEL-seq2	file	raw/fp-7a78a7e414d4/GSE193695_family.soft.gz		Libraries were prepared according to the CEL-Seq2 protocol.	True
GSM5818870	geo:GSE193695:GSM5818870	assay	CEL-seq2	file	raw/fp-7a78a7e414d4/GSE193695_family.soft.gz		Libraries were prepared according to the CEL-Seq2 protocol.	True
GSM5818871	geo:GSE193695:GSM5818871	assay	CEL-seq2	file	raw/fp-7a78a7e414d4/GSE193695_family.soft.gz		Libraries were prepared according to the CEL-Seq2 protocol.	True
GSM5818872	geo:GSE193695:GSM5818872	assay	CEL-seq2	file	raw/fp-7a78a7e414d4/GSE193695_family.soft.gz		Libraries were prepared according to the CEL-Seq2 protocol.	True
GSM5818873	geo:GSE193695:GSM5818873	assay	CEL-seq2	file	raw/fp-7a78a7e414d4/GSE193695_family.soft.gz		Libraries were prepared according to the CEL-Seq2 protocol.	True
GSM5818874	geo:GSE193695:GSM5818874	assay	CEL-seq2	file	raw/fp-7a78a7e414d4/GSE193695_family.soft.gz		Libraries were prepared according to the CEL-Seq2 protocol.	True
GSM5818875	geo:GSE193695:GSM5818875	assay	CEL-seq2	file	raw/fp-7a78a7e414d4/GSE193695_family.soft.gz		Libraries were prepared according to the CEL-Seq2 protocol.	True
GSM5818876	geo:GSE193695:GSM5818876	assay	CEL-seq2	file	raw/fp-7a78a7e414d4/GSE193695_family.soft.gz		Libraries were prepared according to the CEL-Seq2 protocol.	True
GSM5818877	geo:GSE193695:GSM5818877	assay	CEL-seq2	file	raw/fp-7a78a7e414d4/GSE193695_family.soft.gz		Libraries were prepared according to the CEL-Seq2 protocol.	True
GSM5818878	geo:GSE193695:GSM5818878	assay	CEL-seq2	file	raw/fp-7a78a7e414d4/GSE193695_family.soft.gz		Libraries were prepared according to the CEL-Seq2 protocol.	True
GSM5818879	geo:GSE193695:GSM5818879	assay	CEL-seq2	file	raw/fp-7a78a7e414d4/GSE193695_family.soft.gz		Libraries were prepared according to the CEL-Seq2 protocol.	True
GSM5818856	geo:GSE193695:GSM5818856	suspension_type	cell	file	raw/fp-7a78a7e414d4/GSE193695_family.soft.gz		Single cell sort of MM cells was performed in 384 well plates using FACS.	True
GSM5818857	geo:GSE193695:GSM5818857	suspension_type	cell	file	raw/fp-7a78a7e414d4/GSE193695_family.soft.gz		Single cell sort of MM cells was performed in 384 well plates using FACS.	True
GSM5818858	geo:GSE193695:GSM5818858	suspension_type	cell	file	raw/fp-7a78a7e414d4/GSE193695_family.soft.gz		Single cell sort of MM cells was performed in 384 well plates using FACS.	True
GSM5818859	geo:GSE193695:GSM5818859	suspension_type	cell	file	raw/fp-7a78a7e414d4/GSE193695_family.soft.gz		Single cell sort of MM cells was performed in 384 well plates using FACS.	True
GSM5818860	geo:GSE193695:GSM5818860	suspension_type	cell	file	raw/fp-7a78a7e414d4/GSE193695_family.soft.gz		Single cell sort of MM cells was performed in 384 well plates using FACS.	True
GSM5818861	geo:GSE193695:GSM5818861	suspension_type	cell	file	raw/fp-7a78a7e414d4/GSE193695_family.soft.gz		Single cell sort of MM cells was performed in 384 well plates using FACS.	True
GSM5818862	geo:GSE193695:GSM5818862	suspension_type	cell	file	raw/fp-7a78a7e414d4/GSE193695_family.soft.gz		Single cell sort of MM cells was performed in 384 well plates using FACS.	True
GSM5818863	geo:GSE193695:GSM5818863	suspension_type	cell	file	raw/fp-7a78a7e414d4/GSE193695_family.soft.gz		Single cell sort of MM cells was performed in 384 well plates using FACS.	True
GSM5818864	geo:GSE193695:GSM5818864	suspension_type	cell	file	raw/fp-7a78a7e414d4/GSE193695_family.soft.gz		Single cell sort of MM cells was performed in 384 well plates using FACS.	True
GSM5818865	geo:GSE193695:GSM5818865	suspension_type	cell	file	raw/fp-7a78a7e414d4/GSE193695_family.soft.gz		Single cell sort of MM cells was performed in 384 well plates using FACS.	True
GSM5818866	geo:GSE193695:GSM5818866	suspension_type	cell	file	raw/fp-7a78a7e414d4/GSE193695_family.soft.gz		Single cell sort of MM cells was performed in 384 well plates using FACS.	True
GSM5818867	geo:GSE193695:GSM5818867	suspension_type	cell	file	raw/fp-7a78a7e414d4/GSE193695_family.soft.gz		Single cell sort of MM cells was performed in 384 well plates using FACS.	True
GSM5818868	geo:GSE193695:GSM5818868	suspension_type	cell	file	raw/fp-7a78a7e414d4/GSE193695_family.soft.gz		Single cell sort of MM cells was performed in 384 well plates using FACS.	True
GSM5818869	geo:GSE193695:GSM5818869	suspension_type	cell	file	raw/fp-7a78a7e414d4/GSE193695_family.soft.gz		Single cell sort of MM cells was performed in 384 well plates using FACS.	True
GSM5818870	geo:GSE193695:GSM5818870	suspension_type	cell	file	raw/fp-7a78a7e414d4/GSE193695_family.soft.gz		Single cell sort of MM cells was performed in 384 well plates using FACS.	True
GSM5818871	geo:GSE193695:GSM5818871	suspension_type	cell	file	raw/fp-7a78a7e414d4/GSE193695_family.soft.gz		Single cell sort of MM cells was performed in 384 well plates using FACS.	True
GSM5818872	geo:GSE193695:GSM5818872	suspension_type	cell	file	raw/fp-7a78a7e414d4/GSE193695_family.soft.gz		Single cell sort of MM cells was performed in 384 well plates using FACS.	True
GSM5818873	geo:GSE193695:GSM5818873	suspension_type	cell	file	raw/fp-7a78a7e414d4/GSE193695_family.soft.gz		Single cell sort of MM cells was performed in 384 well plates using FACS.	True
GSM5818874	geo:GSE193695:GSM5818874	suspension_type	cell	file	raw/fp-7a78a7e414d4/GSE193695_family.soft.gz		Single cell sort of MM cells was performed in 384 well plates using FACS.	True
GSM5818875	geo:GSE193695:GSM5818875	suspension_type	cell	file	raw/fp-7a78a7e414d4/GSE193695_family.soft.gz		Single cell sort of MM cells was performed in 384 well plates using FACS.	True
GSM5818876	geo:GSE193695:GSM5818876	suspension_type	cell	file	raw/fp-7a78a7e414d4/GSE193695_family.soft.gz		Single cell sort of MM cells was performed in 384 well plates using FACS.	True
GSM5818877	geo:GSE193695:GSM5818877	suspension_type	cell	file	raw/fp-7a78a7e414d4/GSE193695_family.soft.gz		Single cell sort of MM cells was performed in 384 well plates using FACS.	True
GSM5818878	geo:GSE193695:GSM5818878	suspension_type	cell	file	raw/fp-7a78a7e414d4/GSE193695_family.soft.gz		Single cell sort of MM cells was performed in 384 well plates using FACS.	True
GSM5818879	geo:GSE193695:GSM5818879	suspension_type	cell	file	raw/fp-7a78a7e414d4/GSE193695_family.soft.gz		Single cell sort of MM cells was performed in 384 well plates using FACS.	True
GSM5818856	geo:GSE193695:GSM5818856	cell_enrichment	CD38++CD45-CD19-	file	raw/fp-7a78a7e414d4/GSE193695_family.soft.gz		!Sample_characteristics_ch1 = selection marker: CD38++CD45-CD19-	True
GSM5818857	geo:GSE193695:GSM5818857	cell_enrichment	CD38++CD45-CD19-	file	raw/fp-7a78a7e414d4/GSE193695_family.soft.gz		!Sample_characteristics_ch1 = selection marker: CD38++CD45-CD19-	True
GSM5818858	geo:GSE193695:GSM5818858	cell_enrichment	CD38++CD45-CD19-	file	raw/fp-7a78a7e414d4/GSE193695_family.soft.gz		!Sample_characteristics_ch1 = selection marker: CD38++CD45-CD19-	True
GSM5818859	geo:GSE193695:GSM5818859	cell_enrichment	CD38++CD45-CD19-	file	raw/fp-7a78a7e414d4/GSE193695_family.soft.gz		!Sample_characteristics_ch1 = selection marker: CD38++CD45-CD19-	True
GSM5818860	geo:GSE193695:GSM5818860	cell_enrichment	CD38++CD45-CD19-	file	raw/fp-7a78a7e414d4/GSE193695_family.soft.gz		!Sample_characteristics_ch1 = selection marker: CD38++CD45-CD19-	True
GSM5818861	geo:GSE193695:GSM5818861	cell_enrichment	CD38++CD45-CD19-	file	raw/fp-7a78a7e414d4/GSE193695_family.soft.gz		!Sample_characteristics_ch1 = selection marker: CD38++CD45-CD19-	True
GSM5818862	geo:GSE193695:GSM5818862	cell_enrichment	CD38++CD45-CD19-	file	raw/fp-7a78a7e414d4/GSE193695_family.soft.gz		!Sample_characteristics_ch1 = selection marker: CD38++CD45-CD19-	True
GSM5818863	geo:GSE193695:GSM5818863	cell_enrichment	CD38++CD45-CD19-	file	raw/fp-7a78a7e414d4/GSE193695_family.soft.gz		!Sample_characteristics_ch1 = selection marker: CD38++CD45-CD19-	True
GSM5818864	geo:GSE193695:GSM5818864	cell_enrichment	CD38++CD45-CD19-	file	raw/fp-7a78a7e414d4/GSE193695_family.soft.gz		!Sample_characteristics_ch1 = selection marker: CD38++CD45-CD19-	True
GSM5818865	geo:GSE193695:GSM5818865	cell_enrichment	CD38++CD45-CD19-	file	raw/fp-7a78a7e414d4/GSE193695_family.soft.gz		!Sample_characteristics_ch1 = selection marker: CD38++CD45-CD19-	True
GSM5818866	geo:GSE193695:GSM5818866	cell_enrichment	CD38++CD45-CD19-	file	raw/fp-7a78a7e414d4/GSE193695_family.soft.gz		!Sample_characteristics_ch1 = selection marker: CD38++CD45-CD19-	True
GSM5818867	geo:GSE193695:GSM5818867	cell_enrichment	CD38++CD45-CD19-	file	raw/fp-7a78a7e414d4/GSE193695_family.soft.gz		!Sample_characteristics_ch1 = selection marker: CD38++CD45-CD19-	True
GSM5818868	geo:GSE193695:GSM5818868	cell_enrichment	CD38++CD45-CD19-	file	raw/fp-7a78a7e414d4/GSE193695_family.soft.gz		!Sample_characteristics_ch1 = selection marker: CD38++CD45-CD19-	True
GSM5818869	geo:GSE193695:GSM5818869	cell_enrichment	CD38++CD45-CD19-	file	raw/fp-7a78a7e414d4/GSE193695_family.soft.gz		!Sample_characteristics_ch1 = selection marker: CD38++CD45-CD19-	True
GSM5818870	geo:GSE193695:GSM5818870	cell_enrichment	CD38++CD45-CD19-	file	raw/fp-7a78a7e414d4/GSE193695_family.soft.gz		!Sample_characteristics_ch1 = selection marker: CD38++CD45-CD19-	True
GSM5818871	geo:GSE193695:GSM5818871	cell_enrichment	CD38++CD45-CD19-	file	raw/fp-7a78a7e414d4/GSE193695_family.soft.gz		!Sample_characteristics_ch1 = selection marker: CD38++CD45-CD19-	True
GSM5818872	geo:GSE193695:GSM5818872	cell_enrichment	CD38++CD45-CD19-	file	raw/fp-7a78a7e414d4/GSE193695_family.soft.gz		!Sample_characteristics_ch1 = selection marker: CD38++CD45-CD19-	True
GSM5818873	geo:GSE193695:GSM5818873	cell_enrichment	CD38++CD45-CD19-	file	raw/fp-7a78a7e414d4/GSE193695_family.soft.gz		!Sample_characteristics_ch1 = selection marker: CD38++CD45-CD19-	True
GSM5818874	geo:GSE193695:GSM5818874	cell_enrichment	CD38++CD45-CD19-	file	raw/fp-7a78a7e414d4/GSE193695_family.soft.gz		!Sample_characteristics_ch1 = selection marker: CD38++CD45-CD19-	True
GSM5818875	geo:GSE193695:GSM5818875	cell_enrichment	CD38++CD45-CD19-	file	raw/fp-7a78a7e414d4/GSE193695_family.soft.gz		!Sample_characteristics_ch1 = selection marker: CD38++CD45-CD19-	True
GSM5818876	geo:GSE193695:GSM5818876	cell_enrichment	CD38++CD45-CD19-	file	raw/fp-7a78a7e414d4/GSE193695_family.soft.gz		!Sample_characteristics_ch1 = selection marker: CD38++CD45-CD19-	True
GSM5818877	geo:GSE193695:GSM5818877	cell_enrichment	CD38++CD45-CD19-	file	raw/fp-7a78a7e414d4/GSE193695_family.soft.gz		!Sample_characteristics_ch1 = selection marker: CD38++CD45-CD19-	True
GSM5818878	geo:GSE193695:GSM5818878	cell_enrichment	CD38++CD45-CD19-	file	raw/fp-7a78a7e414d4/GSE193695_family.soft.gz		!Sample_characteristics_ch1 = selection marker: CD38++CD45-CD19-	True
GSM5818879	geo:GSE193695:GSM5818879	cell_enrichment	CD38++CD45-CD19-	file	raw/fp-7a78a7e414d4/GSE193695_family.soft.gz		!Sample_characteristics_ch1 = selection marker: CD38++CD45-CD19-	True
GSM5818856	geo:GSE193695:GSM5818856	cell_enrichment	CD38++CD45-CD19-	file	evidence/PMC9386061.txt		After doublet exclusion, CD38 ++ CD45 − CD19 − cells were index-sorted into 384-well plates	True
GSM5818857	geo:GSE193695:GSM5818857	cell_enrichment	CD38++CD45-CD19-	file	evidence/PMC9386061.txt		After doublet exclusion, CD38 ++ CD45 − CD19 − cells were index-sorted into 384-well plates	True
GSM5818858	geo:GSE193695:GSM5818858	cell_enrichment	CD38++CD45-CD19-	file	evidence/PMC9386061.txt		After doublet exclusion, CD38 ++ CD45 − CD19 − cells were index-sorted into 384-well plates	True
GSM5818859	geo:GSE193695:GSM5818859	cell_enrichment	CD38++CD45-CD19-	file	evidence/PMC9386061.txt		After doublet exclusion, CD38 ++ CD45 − CD19 − cells were index-sorted into 384-well plates	True
GSM5818860	geo:GSE193695:GSM5818860	cell_enrichment	CD38++CD45-CD19-	file	evidence/PMC9386061.txt		After doublet exclusion, CD38 ++ CD45 − CD19 − cells were index-sorted into 384-well plates	True
GSM5818861	geo:GSE193695:GSM5818861	cell_enrichment	CD38++CD45-CD19-	file	evidence/PMC9386061.txt		After doublet exclusion, CD38 ++ CD45 − CD19 − cells were index-sorted into 384-well plates	True
GSM5818862	geo:GSE193695:GSM5818862	cell_enrichment	CD38++CD45-CD19-	file	evidence/PMC9386061.txt		After doublet exclusion, CD38 ++ CD45 − CD19 − cells were index-sorted into 384-well plates	True
GSM5818863	geo:GSE193695:GSM5818863	cell_enrichment	CD38++CD45-CD19-	file	evidence/PMC9386061.txt		After doublet exclusion, CD38 ++ CD45 − CD19 − cells were index-sorted into 384-well plates	True
GSM5818864	geo:GSE193695:GSM5818864	cell_enrichment	CD38++CD45-CD19-	file	evidence/PMC9386061.txt		After doublet exclusion, CD38 ++ CD45 − CD19 − cells were index-sorted into 384-well plates	True
GSM5818865	geo:GSE193695:GSM5818865	cell_enrichment	CD38++CD45-CD19-	file	evidence/PMC9386061.txt		After doublet exclusion, CD38 ++ CD45 − CD19 − cells were index-sorted into 384-well plates	True
GSM5818866	geo:GSE193695:GSM5818866	cell_enrichment	CD38++CD45-CD19-	file	evidence/PMC9386061.txt		After doublet exclusion, CD38 ++ CD45 − CD19 − cells were index-sorted into 384-well plates	True
GSM5818867	geo:GSE193695:GSM5818867	cell_enrichment	CD38++CD45-CD19-	file	evidence/PMC9386061.txt		After doublet exclusion, CD38 ++ CD45 − CD19 − cells were index-sorted into 384-well plates	True
GSM5818868	geo:GSE193695:GSM5818868	cell_enrichment	CD38++CD45-CD19-	file	evidence/PMC9386061.txt		After doublet exclusion, CD38 ++ CD45 − CD19 − cells were index-sorted into 384-well plates	True
GSM5818869	geo:GSE193695:GSM5818869	cell_enrichment	CD38++CD45-CD19-	file	evidence/PMC9386061.txt		After doublet exclusion, CD38 ++ CD45 − CD19 − cells were index-sorted into 384-well plates	True
GSM5818870	geo:GSE193695:GSM5818870	cell_enrichment	CD38++CD45-CD19-	file	evidence/PMC9386061.txt		After doublet exclusion, CD38 ++ CD45 − CD19 − cells were index-sorted into 384-well plates	True
GSM5818871	geo:GSE193695:GSM5818871	cell_enrichment	CD38++CD45-CD19-	file	evidence/PMC9386061.txt		After doublet exclusion, CD38 ++ CD45 − CD19 − cells were index-sorted into 384-well plates	True
GSM5818872	geo:GSE193695:GSM5818872	cell_enrichment	CD38++CD45-CD19-	file	evidence/PMC9386061.txt		After doublet exclusion, CD38 ++ CD45 − CD19 − cells were index-sorted into 384-well plates	True
GSM5818873	geo:GSE193695:GSM5818873	cell_enrichment	CD38++CD45-CD19-	file	evidence/PMC9386061.txt		After doublet exclusion, CD38 ++ CD45 − CD19 − cells were index-sorted into 384-well plates	True
GSM5818874	geo:GSE193695:GSM5818874	cell_enrichment	CD38++CD45-CD19-	file	evidence/PMC9386061.txt		After doublet exclusion, CD38 ++ CD45 − CD19 − cells were index-sorted into 384-well plates	True
GSM5818875	geo:GSE193695:GSM5818875	cell_enrichment	CD38++CD45-CD19-	file	evidence/PMC9386061.txt		After doublet exclusion, CD38 ++ CD45 − CD19 − cells were index-sorted into 384-well plates	True
GSM5818876	geo:GSE193695:GSM5818876	cell_enrichment	CD38++CD45-CD19-	file	evidence/PMC9386061.txt		After doublet exclusion, CD38 ++ CD45 − CD19 − cells were index-sorted into 384-well plates	True
GSM5818877	geo:GSE193695:GSM5818877	cell_enrichment	CD38++CD45-CD19-	file	evidence/PMC9386061.txt		After doublet exclusion, CD38 ++ CD45 − CD19 − cells were index-sorted into 384-well plates	True
GSM5818878	geo:GSE193695:GSM5818878	cell_enrichment	CD38++CD45-CD19-	file	evidence/PMC9386061.txt		After doublet exclusion, CD38 ++ CD45 − CD19 − cells were index-sorted into 384-well plates	True
GSM5818879	geo:GSE193695:GSM5818879	cell_enrichment	CD38++CD45-CD19-	file	evidence/PMC9386061.txt		After doublet exclusion, CD38 ++ CD45 − CD19 − cells were index-sorted into 384-well plates	True
GSM5818880	geo:GSE193695:GSM5818880	donor_id	patient	file	raw/fp-7a78a7e414d4/GSE193695_family.soft.gz		bone marrow cells from a single patient with relapsed and refractory MM	True
GSM5818881	geo:GSE193695:GSM5818881	donor_id	patient	file	raw/fp-7a78a7e414d4/GSE193695_family.soft.gz		bone marrow cells from a single patient with relapsed and refractory MM	True
GSM5818882	geo:GSE193695:GSM5818882	donor_id	patient	file	raw/fp-7a78a7e414d4/GSE193695_family.soft.gz		bone marrow cells from a single patient with relapsed and refractory MM	True
GSM5818883	geo:GSE193695:GSM5818883	donor_id	patient	file	raw/fp-7a78a7e414d4/GSE193695_family.soft.gz		bone marrow cells from a single patient with relapsed and refractory MM	True
GSM5818884	geo:GSE193695:GSM5818884	donor_id	patient	file	raw/fp-7a78a7e414d4/GSE193695_family.soft.gz		bone marrow cells from a single patient with relapsed and refractory MM	True
GSM5818885	geo:GSE193695:GSM5818885	donor_id	patient	file	raw/fp-7a78a7e414d4/GSE193695_family.soft.gz		bone marrow cells from a single patient with relapsed and refractory MM	True
GSM5818880	geo:GSE193695:GSM5818880	donor_id	patient	file	evidence/PMC9386061.txt		we recruited a patient with relapsed and refractory MM	True
GSM5818881	geo:GSE193695:GSM5818881	donor_id	patient	file	evidence/PMC9386061.txt		we recruited a patient with relapsed and refractory MM	True
GSM5818882	geo:GSE193695:GSM5818882	donor_id	patient	file	evidence/PMC9386061.txt		we recruited a patient with relapsed and refractory MM	True
GSM5818883	geo:GSE193695:GSM5818883	donor_id	patient	file	evidence/PMC9386061.txt		we recruited a patient with relapsed and refractory MM	True
GSM5818884	geo:GSE193695:GSM5818884	donor_id	patient	file	evidence/PMC9386061.txt		we recruited a patient with relapsed and refractory MM	True
GSM5818885	geo:GSE193695:GSM5818885	donor_id	patient	file	evidence/PMC9386061.txt		we recruited a patient with relapsed and refractory MM	True
GSM5818880	geo:GSE193695:GSM5818880	donor_id	patient	file	evidence/PMC9386061.txt		The patient was a 67-year-old man with MM at diagnosis.	True
GSM5818881	geo:GSE193695:GSM5818881	donor_id	patient	file	evidence/PMC9386061.txt		The patient was a 67-year-old man with MM at diagnosis.	True
GSM5818882	geo:GSE193695:GSM5818882	donor_id	patient	file	evidence/PMC9386061.txt		The patient was a 67-year-old man with MM at diagnosis.	True
GSM5818883	geo:GSE193695:GSM5818883	donor_id	patient	file	evidence/PMC9386061.txt		The patient was a 67-year-old man with MM at diagnosis.	True
GSM5818884	geo:GSE193695:GSM5818884	donor_id	patient	file	evidence/PMC9386061.txt		The patient was a 67-year-old man with MM at diagnosis.	True
GSM5818885	geo:GSE193695:GSM5818885	donor_id	patient	file	evidence/PMC9386061.txt		The patient was a 67-year-old man with MM at diagnosis.	True
GSM5818880	geo:GSE193695:GSM5818880	sex	male	file	evidence/PMC9386061.txt		The patient was a 67-year-old man with MM at diagnosis.	True
GSM5818881	geo:GSE193695:GSM5818881	sex	male	file	evidence/PMC9386061.txt		The patient was a 67-year-old man with MM at diagnosis.	True
GSM5818882	geo:GSE193695:GSM5818882	sex	male	file	evidence/PMC9386061.txt		The patient was a 67-year-old man with MM at diagnosis.	True
GSM5818883	geo:GSE193695:GSM5818883	sex	male	file	evidence/PMC9386061.txt		The patient was a 67-year-old man with MM at diagnosis.	True
GSM5818884	geo:GSE193695:GSM5818884	sex	male	file	evidence/PMC9386061.txt		The patient was a 67-year-old man with MM at diagnosis.	True
GSM5818885	geo:GSE193695:GSM5818885	sex	male	file	evidence/PMC9386061.txt		The patient was a 67-year-old man with MM at diagnosis.	True
GSM5818880	geo:GSE193695:GSM5818880	sex	male	file	evidence/PMC9386061.txt		A 67-year-old man, who had undergone a routine medical examination	True
GSM5818881	geo:GSE193695:GSM5818881	sex	male	file	evidence/PMC9386061.txt		A 67-year-old man, who had undergone a routine medical examination	True
GSM5818882	geo:GSE193695:GSM5818882	sex	male	file	evidence/PMC9386061.txt		A 67-year-old man, who had undergone a routine medical examination	True
GSM5818883	geo:GSE193695:GSM5818883	sex	male	file	evidence/PMC9386061.txt		A 67-year-old man, who had undergone a routine medical examination	True
GSM5818884	geo:GSE193695:GSM5818884	sex	male	file	evidence/PMC9386061.txt		A 67-year-old man, who had undergone a routine medical examination	True
GSM5818885	geo:GSE193695:GSM5818885	sex	male	file	evidence/PMC9386061.txt		A 67-year-old man, who had undergone a routine medical examination	True
GSM5818880	geo:GSE193695:GSM5818880	development_stage	<map of column characteristics_time_point>	file	evidence/PMC9386061.txt		The patient was a 67-year-old man with MM at diagnosis.	True
GSM5818881	geo:GSE193695:GSM5818881	development_stage	<map of column characteristics_time_point>	file	evidence/PMC9386061.txt		The patient was a 67-year-old man with MM at diagnosis.	True
GSM5818882	geo:GSE193695:GSM5818882	development_stage	<map of column characteristics_time_point>	file	evidence/PMC9386061.txt		The patient was a 67-year-old man with MM at diagnosis.	True
GSM5818883	geo:GSE193695:GSM5818883	development_stage	<map of column characteristics_time_point>	file	evidence/PMC9386061.txt		The patient was a 67-year-old man with MM at diagnosis.	True
GSM5818884	geo:GSE193695:GSM5818884	development_stage	<map of column characteristics_time_point>	file	evidence/PMC9386061.txt		The patient was a 67-year-old man with MM at diagnosis.	True
GSM5818885	geo:GSE193695:GSM5818885	development_stage	<map of column characteristics_time_point>	file	evidence/PMC9386061.txt		The patient was a 67-year-old man with MM at diagnosis.	True
GSM5818880	geo:GSE193695:GSM5818880	development_stage	<map of column characteristics_time_point>	file	evidence/PMC9386061.txt		Before treatment, the first BM sample (termed P1) was collected.	True
GSM5818881	geo:GSE193695:GSM5818881	development_stage	<map of column characteristics_time_point>	file	evidence/PMC9386061.txt		Before treatment, the first BM sample (termed P1) was collected.	True
GSM5818882	geo:GSE193695:GSM5818882	development_stage	<map of column characteristics_time_point>	file	evidence/PMC9386061.txt		Before treatment, the first BM sample (termed P1) was collected.	True
GSM5818883	geo:GSE193695:GSM5818883	development_stage	<map of column characteristics_time_point>	file	evidence/PMC9386061.txt		Before treatment, the first BM sample (termed P1) was collected.	True
GSM5818884	geo:GSE193695:GSM5818884	development_stage	<map of column characteristics_time_point>	file	evidence/PMC9386061.txt		Before treatment, the first BM sample (termed P1) was collected.	True
GSM5818885	geo:GSE193695:GSM5818885	development_stage	<map of column characteristics_time_point>	file	evidence/PMC9386061.txt		Before treatment, the first BM sample (termed P1) was collected.	True
GSM5818880	geo:GSE193695:GSM5818880	development_stage	<map of column characteristics_time_point>	file	evidence/PMC9386061.txt		we performed longitudinal scRNA-seq analysis of BM samples collected at the time of diagnosis (P1) and relapse (P3, P4, and P5)	True
GSM5818881	geo:GSE193695:GSM5818881	development_stage	<map of column characteristics_time_point>	file	evidence/PMC9386061.txt		we performed longitudinal scRNA-seq analysis of BM samples collected at the time of diagnosis (P1) and relapse (P3, P4, and P5)	True
GSM5818882	geo:GSE193695:GSM5818882	development_stage	<map of column characteristics_time_point>	file	evidence/PMC9386061.txt		we performed longitudinal scRNA-seq analysis of BM samples collected at the time of diagnosis (P1) and relapse (P3, P4, and P5)	True
GSM5818883	geo:GSE193695:GSM5818883	development_stage	<map of column characteristics_time_point>	file	evidence/PMC9386061.txt		we performed longitudinal scRNA-seq analysis of BM samples collected at the time of diagnosis (P1) and relapse (P3, P4, and P5)	True
GSM5818884	geo:GSE193695:GSM5818884	development_stage	<map of column characteristics_time_point>	file	evidence/PMC9386061.txt		we performed longitudinal scRNA-seq analysis of BM samples collected at the time of diagnosis (P1) and relapse (P3, P4, and P5)	True
GSM5818885	geo:GSE193695:GSM5818885	development_stage	<map of column characteristics_time_point>	file	evidence/PMC9386061.txt		we performed longitudinal scRNA-seq analysis of BM samples collected at the time of diagnosis (P1) and relapse (P3, P4, and P5)	True
GSM5818880	geo:GSE193695:GSM5818880	development_stage	<map of column characteristics_time_point>	file	raw/fp-7a78a7e414d4/GSE193695_family.soft.gz		!Sample_characteristics_ch1 = time point: P1	True
GSM5818881	geo:GSE193695:GSM5818881	development_stage	<map of column characteristics_time_point>	file	raw/fp-7a78a7e414d4/GSE193695_family.soft.gz		!Sample_characteristics_ch1 = time point: P1	True
GSM5818882	geo:GSE193695:GSM5818882	development_stage	<map of column characteristics_time_point>	file	raw/fp-7a78a7e414d4/GSE193695_family.soft.gz		!Sample_characteristics_ch1 = time point: P1	True
GSM5818883	geo:GSE193695:GSM5818883	development_stage	<map of column characteristics_time_point>	file	raw/fp-7a78a7e414d4/GSE193695_family.soft.gz		!Sample_characteristics_ch1 = time point: P1	True
GSM5818884	geo:GSE193695:GSM5818884	development_stage	<map of column characteristics_time_point>	file	raw/fp-7a78a7e414d4/GSE193695_family.soft.gz		!Sample_characteristics_ch1 = time point: P1	True
GSM5818885	geo:GSE193695:GSM5818885	development_stage	<map of column characteristics_time_point>	file	raw/fp-7a78a7e414d4/GSE193695_family.soft.gz		!Sample_characteristics_ch1 = time point: P1	True
GSM5818880	geo:GSE193695:GSM5818880	tissue_free_text	Bone marrow	file	raw/fp-7a78a7e414d4/GSE193695_family.soft.gz		!Sample_characteristics_ch1 = organ: Bone marrow	True
GSM5818881	geo:GSE193695:GSM5818881	tissue_free_text	Bone marrow	file	raw/fp-7a78a7e414d4/GSE193695_family.soft.gz		!Sample_characteristics_ch1 = organ: Bone marrow	True
GSM5818882	geo:GSE193695:GSM5818882	tissue_free_text	Bone marrow	file	raw/fp-7a78a7e414d4/GSE193695_family.soft.gz		!Sample_characteristics_ch1 = organ: Bone marrow	True
GSM5818883	geo:GSE193695:GSM5818883	tissue_free_text	Bone marrow	file	raw/fp-7a78a7e414d4/GSE193695_family.soft.gz		!Sample_characteristics_ch1 = organ: Bone marrow	True
GSM5818884	geo:GSE193695:GSM5818884	tissue_free_text	Bone marrow	file	raw/fp-7a78a7e414d4/GSE193695_family.soft.gz		!Sample_characteristics_ch1 = organ: Bone marrow	True
GSM5818885	geo:GSE193695:GSM5818885	tissue_free_text	Bone marrow	file	raw/fp-7a78a7e414d4/GSE193695_family.soft.gz		!Sample_characteristics_ch1 = organ: Bone marrow	True
GSM5818880	geo:GSE193695:GSM5818880	tissue_type	tissue	file	raw/fp-7a78a7e414d4/GSE193695_family.soft.gz		!Sample_characteristics_ch1 = organ: Bone marrow	True
GSM5818881	geo:GSE193695:GSM5818881	tissue_type	tissue	file	raw/fp-7a78a7e414d4/GSE193695_family.soft.gz		!Sample_characteristics_ch1 = organ: Bone marrow	True
GSM5818882	geo:GSE193695:GSM5818882	tissue_type	tissue	file	raw/fp-7a78a7e414d4/GSE193695_family.soft.gz		!Sample_characteristics_ch1 = organ: Bone marrow	True
GSM5818883	geo:GSE193695:GSM5818883	tissue_type	tissue	file	raw/fp-7a78a7e414d4/GSE193695_family.soft.gz		!Sample_characteristics_ch1 = organ: Bone marrow	True
GSM5818884	geo:GSE193695:GSM5818884	tissue_type	tissue	file	raw/fp-7a78a7e414d4/GSE193695_family.soft.gz		!Sample_characteristics_ch1 = organ: Bone marrow	True
GSM5818885	geo:GSE193695:GSM5818885	tissue_type	tissue	file	raw/fp-7a78a7e414d4/GSE193695_family.soft.gz		!Sample_characteristics_ch1 = organ: Bone marrow	True
GSM5818880	geo:GSE193695:GSM5818880	tissue_type	tissue	file	raw/fp-7a78a7e414d4/GSE193695_family.soft.gz		Mononuclear cells were isolated from bone marrow aspirates using density centrifugation media	True
GSM5818881	geo:GSE193695:GSM5818881	tissue_type	tissue	file	raw/fp-7a78a7e414d4/GSE193695_family.soft.gz		Mononuclear cells were isolated from bone marrow aspirates using density centrifugation media	True
GSM5818882	geo:GSE193695:GSM5818882	tissue_type	tissue	file	raw/fp-7a78a7e414d4/GSE193695_family.soft.gz		Mononuclear cells were isolated from bone marrow aspirates using density centrifugation media	True
GSM5818883	geo:GSE193695:GSM5818883	tissue_type	tissue	file	raw/fp-7a78a7e414d4/GSE193695_family.soft.gz		Mononuclear cells were isolated from bone marrow aspirates using density centrifugation media	True
GSM5818884	geo:GSE193695:GSM5818884	tissue_type	tissue	file	raw/fp-7a78a7e414d4/GSE193695_family.soft.gz		Mononuclear cells were isolated from bone marrow aspirates using density centrifugation media	True
GSM5818885	geo:GSE193695:GSM5818885	tissue_type	tissue	file	raw/fp-7a78a7e414d4/GSE193695_family.soft.gz		Mononuclear cells were isolated from bone marrow aspirates using density centrifugation media	True
GSM5818880	geo:GSE193695:GSM5818880	sample_collection_method	bone marrow aspiration	file	raw/fp-7a78a7e414d4/GSE193695_family.soft.gz		!Sample_source_name_ch1 = Bone marrow aspiration	True
GSM5818881	geo:GSE193695:GSM5818881	sample_collection_method	bone marrow aspiration	file	raw/fp-7a78a7e414d4/GSE193695_family.soft.gz		!Sample_source_name_ch1 = Bone marrow aspiration	True
GSM5818882	geo:GSE193695:GSM5818882	sample_collection_method	bone marrow aspiration	file	raw/fp-7a78a7e414d4/GSE193695_family.soft.gz		!Sample_source_name_ch1 = Bone marrow aspiration	True
GSM5818883	geo:GSE193695:GSM5818883	sample_collection_method	bone marrow aspiration	file	raw/fp-7a78a7e414d4/GSE193695_family.soft.gz		!Sample_source_name_ch1 = Bone marrow aspiration	True
GSM5818884	geo:GSE193695:GSM5818884	sample_collection_method	bone marrow aspiration	file	raw/fp-7a78a7e414d4/GSE193695_family.soft.gz		!Sample_source_name_ch1 = Bone marrow aspiration	True
GSM5818885	geo:GSE193695:GSM5818885	sample_collection_method	bone marrow aspiration	file	raw/fp-7a78a7e414d4/GSE193695_family.soft.gz		!Sample_source_name_ch1 = Bone marrow aspiration	True
GSM5818880	geo:GSE193695:GSM5818880	disease_free_text	multiple myeloma	file	raw/fp-7a78a7e414d4/GSE193695_family.soft.gz		!Series_title = Identification of a drug-response gene in multiple myeloma through longitudinal single-cell transcriptome sequencing.	True
GSM5818881	geo:GSE193695:GSM5818881	disease_free_text	multiple myeloma	file	raw/fp-7a78a7e414d4/GSE193695_family.soft.gz		!Series_title = Identification of a drug-response gene in multiple myeloma through longitudinal single-cell transcriptome sequencing.	True
GSM5818882	geo:GSE193695:GSM5818882	disease_free_text	multiple myeloma	file	raw/fp-7a78a7e414d4/GSE193695_family.soft.gz		!Series_title = Identification of a drug-response gene in multiple myeloma through longitudinal single-cell transcriptome sequencing.	True
GSM5818883	geo:GSE193695:GSM5818883	disease_free_text	multiple myeloma	file	raw/fp-7a78a7e414d4/GSE193695_family.soft.gz		!Series_title = Identification of a drug-response gene in multiple myeloma through longitudinal single-cell transcriptome sequencing.	True
GSM5818884	geo:GSE193695:GSM5818884	disease_free_text	multiple myeloma	file	raw/fp-7a78a7e414d4/GSE193695_family.soft.gz		!Series_title = Identification of a drug-response gene in multiple myeloma through longitudinal single-cell transcriptome sequencing.	True
GSM5818885	geo:GSE193695:GSM5818885	disease_free_text	multiple myeloma	file	raw/fp-7a78a7e414d4/GSE193695_family.soft.gz		!Series_title = Identification of a drug-response gene in multiple myeloma through longitudinal single-cell transcriptome sequencing.	True
GSM5818880	geo:GSE193695:GSM5818880	disease_free_text	multiple myeloma	file	raw/fp-7a78a7e414d4/GSE193695_family.soft.gz		bone marrow cells from a single patient with relapsed and refractory MM	True
GSM5818881	geo:GSE193695:GSM5818881	disease_free_text	multiple myeloma	file	raw/fp-7a78a7e414d4/GSE193695_family.soft.gz		bone marrow cells from a single patient with relapsed and refractory MM	True
GSM5818882	geo:GSE193695:GSM5818882	disease_free_text	multiple myeloma	file	raw/fp-7a78a7e414d4/GSE193695_family.soft.gz		bone marrow cells from a single patient with relapsed and refractory MM	True
GSM5818883	geo:GSE193695:GSM5818883	disease_free_text	multiple myeloma	file	raw/fp-7a78a7e414d4/GSE193695_family.soft.gz		bone marrow cells from a single patient with relapsed and refractory MM	True
GSM5818884	geo:GSE193695:GSM5818884	disease_free_text	multiple myeloma	file	raw/fp-7a78a7e414d4/GSE193695_family.soft.gz		bone marrow cells from a single patient with relapsed and refractory MM	True
GSM5818885	geo:GSE193695:GSM5818885	disease_free_text	multiple myeloma	file	raw/fp-7a78a7e414d4/GSE193695_family.soft.gz		bone marrow cells from a single patient with relapsed and refractory MM	True
GSM5818880	geo:GSE193695:GSM5818880	sampled_site_condition	diseased	file	raw/fp-7a78a7e414d4/GSE193695_family.soft.gz		bone marrow cells from a single patient with relapsed and refractory MM	True
GSM5818881	geo:GSE193695:GSM5818881	sampled_site_condition	diseased	file	raw/fp-7a78a7e414d4/GSE193695_family.soft.gz		bone marrow cells from a single patient with relapsed and refractory MM	True
GSM5818882	geo:GSE193695:GSM5818882	sampled_site_condition	diseased	file	raw/fp-7a78a7e414d4/GSE193695_family.soft.gz		bone marrow cells from a single patient with relapsed and refractory MM	True
GSM5818883	geo:GSE193695:GSM5818883	sampled_site_condition	diseased	file	raw/fp-7a78a7e414d4/GSE193695_family.soft.gz		bone marrow cells from a single patient with relapsed and refractory MM	True
GSM5818884	geo:GSE193695:GSM5818884	sampled_site_condition	diseased	file	raw/fp-7a78a7e414d4/GSE193695_family.soft.gz		bone marrow cells from a single patient with relapsed and refractory MM	True
GSM5818885	geo:GSE193695:GSM5818885	sampled_site_condition	diseased	file	raw/fp-7a78a7e414d4/GSE193695_family.soft.gz		bone marrow cells from a single patient with relapsed and refractory MM	True
GSM5818880	geo:GSE193695:GSM5818880	assay	CEL-seq2	file	raw/fp-7a78a7e414d4/GSE193695_family.soft.gz		Libraries were prepared according to the CEL-Seq2 protocol.	True
GSM5818881	geo:GSE193695:GSM5818881	assay	CEL-seq2	file	raw/fp-7a78a7e414d4/GSE193695_family.soft.gz		Libraries were prepared according to the CEL-Seq2 protocol.	True
GSM5818882	geo:GSE193695:GSM5818882	assay	CEL-seq2	file	raw/fp-7a78a7e414d4/GSE193695_family.soft.gz		Libraries were prepared according to the CEL-Seq2 protocol.	True
GSM5818883	geo:GSE193695:GSM5818883	assay	CEL-seq2	file	raw/fp-7a78a7e414d4/GSE193695_family.soft.gz		Libraries were prepared according to the CEL-Seq2 protocol.	True
GSM5818884	geo:GSE193695:GSM5818884	assay	CEL-seq2	file	raw/fp-7a78a7e414d4/GSE193695_family.soft.gz		Libraries were prepared according to the CEL-Seq2 protocol.	True
GSM5818885	geo:GSE193695:GSM5818885	assay	CEL-seq2	file	raw/fp-7a78a7e414d4/GSE193695_family.soft.gz		Libraries were prepared according to the CEL-Seq2 protocol.	True
GSM5818880	geo:GSE193695:GSM5818880	suspension_type	cell	file	raw/fp-7a78a7e414d4/GSE193695_family.soft.gz		Single cell sort of MM cells was performed in 384 well plates using FACS.	True
GSM5818881	geo:GSE193695:GSM5818881	suspension_type	cell	file	raw/fp-7a78a7e414d4/GSE193695_family.soft.gz		Single cell sort of MM cells was performed in 384 well plates using FACS.	True
GSM5818882	geo:GSE193695:GSM5818882	suspension_type	cell	file	raw/fp-7a78a7e414d4/GSE193695_family.soft.gz		Single cell sort of MM cells was performed in 384 well plates using FACS.	True
GSM5818883	geo:GSE193695:GSM5818883	suspension_type	cell	file	raw/fp-7a78a7e414d4/GSE193695_family.soft.gz		Single cell sort of MM cells was performed in 384 well plates using FACS.	True
GSM5818884	geo:GSE193695:GSM5818884	suspension_type	cell	file	raw/fp-7a78a7e414d4/GSE193695_family.soft.gz		Single cell sort of MM cells was performed in 384 well plates using FACS.	True
GSM5818885	geo:GSE193695:GSM5818885	suspension_type	cell	file	raw/fp-7a78a7e414d4/GSE193695_family.soft.gz		Single cell sort of MM cells was performed in 384 well plates using FACS.	True
GSM5818880	geo:GSE193695:GSM5818880	cell_enrichment	CD38++CD45-CD19-	file	raw/fp-7a78a7e414d4/GSE193695_family.soft.gz		!Sample_characteristics_ch1 = selection marker: CD38++CD45-CD19-	True
GSM5818881	geo:GSE193695:GSM5818881	cell_enrichment	CD38++CD45-CD19-	file	raw/fp-7a78a7e414d4/GSE193695_family.soft.gz		!Sample_characteristics_ch1 = selection marker: CD38++CD45-CD19-	True
GSM5818882	geo:GSE193695:GSM5818882	cell_enrichment	CD38++CD45-CD19-	file	raw/fp-7a78a7e414d4/GSE193695_family.soft.gz		!Sample_characteristics_ch1 = selection marker: CD38++CD45-CD19-	True
GSM5818883	geo:GSE193695:GSM5818883	cell_enrichment	CD38++CD45-CD19-	file	raw/fp-7a78a7e414d4/GSE193695_family.soft.gz		!Sample_characteristics_ch1 = selection marker: CD38++CD45-CD19-	True
GSM5818884	geo:GSE193695:GSM5818884	cell_enrichment	CD38++CD45-CD19-	file	raw/fp-7a78a7e414d4/GSE193695_family.soft.gz		!Sample_characteristics_ch1 = selection marker: CD38++CD45-CD19-	True
GSM5818885	geo:GSE193695:GSM5818885	cell_enrichment	CD38++CD45-CD19-	file	raw/fp-7a78a7e414d4/GSE193695_family.soft.gz		!Sample_characteristics_ch1 = selection marker: CD38++CD45-CD19-	True
GSM5818880	geo:GSE193695:GSM5818880	cell_enrichment	CD38++CD45-CD19-	file	evidence/PMC9386061.txt		After doublet exclusion, CD38 ++ CD45 − CD19 − cells were index-sorted into 384-well plates	True
GSM5818881	geo:GSE193695:GSM5818881	cell_enrichment	CD38++CD45-CD19-	file	evidence/PMC9386061.txt		After doublet exclusion, CD38 ++ CD45 − CD19 − cells were index-sorted into 384-well plates	True
GSM5818882	geo:GSE193695:GSM5818882	cell_enrichment	CD38++CD45-CD19-	file	evidence/PMC9386061.txt		After doublet exclusion, CD38 ++ CD45 − CD19 − cells were index-sorted into 384-well plates	True
GSM5818883	geo:GSE193695:GSM5818883	cell_enrichment	CD38++CD45-CD19-	file	evidence/PMC9386061.txt		After doublet exclusion, CD38 ++ CD45 − CD19 − cells were index-sorted into 384-well plates	True
GSM5818884	geo:GSE193695:GSM5818884	cell_enrichment	CD38++CD45-CD19-	file	evidence/PMC9386061.txt		After doublet exclusion, CD38 ++ CD45 − CD19 − cells were index-sorted into 384-well plates	True
GSM5818885	geo:GSE193695:GSM5818885	cell_enrichment	CD38++CD45-CD19-	file	evidence/PMC9386061.txt		After doublet exclusion, CD38 ++ CD45 − CD19 − cells were index-sorted into 384-well plates	True
GSM5818886	geo:GSE193695:GSM5818886	donor_id	patient	file	raw/fp-7a78a7e414d4/GSE193695_family.soft.gz		bone marrow cells from a single patient with relapsed and refractory MM	True
GSM5818887	geo:GSE193695:GSM5818887	donor_id	patient	file	raw/fp-7a78a7e414d4/GSE193695_family.soft.gz		bone marrow cells from a single patient with relapsed and refractory MM	True
GSM5818888	geo:GSE193695:GSM5818888	donor_id	patient	file	raw/fp-7a78a7e414d4/GSE193695_family.soft.gz		bone marrow cells from a single patient with relapsed and refractory MM	True
GSM5818889	geo:GSE193695:GSM5818889	donor_id	patient	file	raw/fp-7a78a7e414d4/GSE193695_family.soft.gz		bone marrow cells from a single patient with relapsed and refractory MM	True
GSM5818890	geo:GSE193695:GSM5818890	donor_id	patient	file	raw/fp-7a78a7e414d4/GSE193695_family.soft.gz		bone marrow cells from a single patient with relapsed and refractory MM	True
GSM5818891	geo:GSE193695:GSM5818891	donor_id	patient	file	raw/fp-7a78a7e414d4/GSE193695_family.soft.gz		bone marrow cells from a single patient with relapsed and refractory MM	True
GSM5818892	geo:GSE193695:GSM5818892	donor_id	patient	file	raw/fp-7a78a7e414d4/GSE193695_family.soft.gz		bone marrow cells from a single patient with relapsed and refractory MM	True
GSM5818893	geo:GSE193695:GSM5818893	donor_id	patient	file	raw/fp-7a78a7e414d4/GSE193695_family.soft.gz		bone marrow cells from a single patient with relapsed and refractory MM	True
GSM5818894	geo:GSE193695:GSM5818894	donor_id	patient	file	raw/fp-7a78a7e414d4/GSE193695_family.soft.gz		bone marrow cells from a single patient with relapsed and refractory MM	True
GSM5818895	geo:GSE193695:GSM5818895	donor_id	patient	file	raw/fp-7a78a7e414d4/GSE193695_family.soft.gz		bone marrow cells from a single patient with relapsed and refractory MM	True
GSM5818896	geo:GSE193695:GSM5818896	donor_id	patient	file	raw/fp-7a78a7e414d4/GSE193695_family.soft.gz		bone marrow cells from a single patient with relapsed and refractory MM	True
GSM5818897	geo:GSE193695:GSM5818897	donor_id	patient	file	raw/fp-7a78a7e414d4/GSE193695_family.soft.gz		bone marrow cells from a single patient with relapsed and refractory MM	True
GSM5818898	geo:GSE193695:GSM5818898	donor_id	patient	file	raw/fp-7a78a7e414d4/GSE193695_family.soft.gz		bone marrow cells from a single patient with relapsed and refractory MM	True
GSM5818899	geo:GSE193695:GSM5818899	donor_id	patient	file	raw/fp-7a78a7e414d4/GSE193695_family.soft.gz		bone marrow cells from a single patient with relapsed and refractory MM	True
GSM5818900	geo:GSE193695:GSM5818900	donor_id	patient	file	raw/fp-7a78a7e414d4/GSE193695_family.soft.gz		bone marrow cells from a single patient with relapsed and refractory MM	True
GSM5818901	geo:GSE193695:GSM5818901	donor_id	patient	file	raw/fp-7a78a7e414d4/GSE193695_family.soft.gz		bone marrow cells from a single patient with relapsed and refractory MM	True
GSM5818902	geo:GSE193695:GSM5818902	donor_id	patient	file	raw/fp-7a78a7e414d4/GSE193695_family.soft.gz		bone marrow cells from a single patient with relapsed and refractory MM	True
GSM5818903	geo:GSE193695:GSM5818903	donor_id	patient	file	raw/fp-7a78a7e414d4/GSE193695_family.soft.gz		bone marrow cells from a single patient with relapsed and refractory MM	True
GSM5818904	geo:GSE193695:GSM5818904	donor_id	patient	file	raw/fp-7a78a7e414d4/GSE193695_family.soft.gz		bone marrow cells from a single patient with relapsed and refractory MM	True
GSM5818905	geo:GSE193695:GSM5818905	donor_id	patient	file	raw/fp-7a78a7e414d4/GSE193695_family.soft.gz		bone marrow cells from a single patient with relapsed and refractory MM	True
GSM5818906	geo:GSE193695:GSM5818906	donor_id	patient	file	raw/fp-7a78a7e414d4/GSE193695_family.soft.gz		bone marrow cells from a single patient with relapsed and refractory MM	True
GSM5818907	geo:GSE193695:GSM5818907	donor_id	patient	file	raw/fp-7a78a7e414d4/GSE193695_family.soft.gz		bone marrow cells from a single patient with relapsed and refractory MM	True
GSM5818908	geo:GSE193695:GSM5818908	donor_id	patient	file	raw/fp-7a78a7e414d4/GSE193695_family.soft.gz		bone marrow cells from a single patient with relapsed and refractory MM	True
GSM5818909	geo:GSE193695:GSM5818909	donor_id	patient	file	raw/fp-7a78a7e414d4/GSE193695_family.soft.gz		bone marrow cells from a single patient with relapsed and refractory MM	True
GSM5818886	geo:GSE193695:GSM5818886	donor_id	patient	file	evidence/PMC9386061.txt		we recruited a patient with relapsed and refractory MM	True
GSM5818887	geo:GSE193695:GSM5818887	donor_id	patient	file	evidence/PMC9386061.txt		we recruited a patient with relapsed and refractory MM	True
GSM5818888	geo:GSE193695:GSM5818888	donor_id	patient	file	evidence/PMC9386061.txt		we recruited a patient with relapsed and refractory MM	True
GSM5818889	geo:GSE193695:GSM5818889	donor_id	patient	file	evidence/PMC9386061.txt		we recruited a patient with relapsed and refractory MM	True
GSM5818890	geo:GSE193695:GSM5818890	donor_id	patient	file	evidence/PMC9386061.txt		we recruited a patient with relapsed and refractory MM	True
GSM5818891	geo:GSE193695:GSM5818891	donor_id	patient	file	evidence/PMC9386061.txt		we recruited a patient with relapsed and refractory MM	True
GSM5818892	geo:GSE193695:GSM5818892	donor_id	patient	file	evidence/PMC9386061.txt		we recruited a patient with relapsed and refractory MM	True
GSM5818893	geo:GSE193695:GSM5818893	donor_id	patient	file	evidence/PMC9386061.txt		we recruited a patient with relapsed and refractory MM	True
GSM5818894	geo:GSE193695:GSM5818894	donor_id	patient	file	evidence/PMC9386061.txt		we recruited a patient with relapsed and refractory MM	True
GSM5818895	geo:GSE193695:GSM5818895	donor_id	patient	file	evidence/PMC9386061.txt		we recruited a patient with relapsed and refractory MM	True
GSM5818896	geo:GSE193695:GSM5818896	donor_id	patient	file	evidence/PMC9386061.txt		we recruited a patient with relapsed and refractory MM	True
GSM5818897	geo:GSE193695:GSM5818897	donor_id	patient	file	evidence/PMC9386061.txt		we recruited a patient with relapsed and refractory MM	True
GSM5818898	geo:GSE193695:GSM5818898	donor_id	patient	file	evidence/PMC9386061.txt		we recruited a patient with relapsed and refractory MM	True
GSM5818899	geo:GSE193695:GSM5818899	donor_id	patient	file	evidence/PMC9386061.txt		we recruited a patient with relapsed and refractory MM	True
GSM5818900	geo:GSE193695:GSM5818900	donor_id	patient	file	evidence/PMC9386061.txt		we recruited a patient with relapsed and refractory MM	True
GSM5818901	geo:GSE193695:GSM5818901	donor_id	patient	file	evidence/PMC9386061.txt		we recruited a patient with relapsed and refractory MM	True
GSM5818902	geo:GSE193695:GSM5818902	donor_id	patient	file	evidence/PMC9386061.txt		we recruited a patient with relapsed and refractory MM	True
GSM5818903	geo:GSE193695:GSM5818903	donor_id	patient	file	evidence/PMC9386061.txt		we recruited a patient with relapsed and refractory MM	True
GSM5818904	geo:GSE193695:GSM5818904	donor_id	patient	file	evidence/PMC9386061.txt		we recruited a patient with relapsed and refractory MM	True
GSM5818905	geo:GSE193695:GSM5818905	donor_id	patient	file	evidence/PMC9386061.txt		we recruited a patient with relapsed and refractory MM	True
GSM5818906	geo:GSE193695:GSM5818906	donor_id	patient	file	evidence/PMC9386061.txt		we recruited a patient with relapsed and refractory MM	True
GSM5818907	geo:GSE193695:GSM5818907	donor_id	patient	file	evidence/PMC9386061.txt		we recruited a patient with relapsed and refractory MM	True
GSM5818908	geo:GSE193695:GSM5818908	donor_id	patient	file	evidence/PMC9386061.txt		we recruited a patient with relapsed and refractory MM	True
GSM5818909	geo:GSE193695:GSM5818909	donor_id	patient	file	evidence/PMC9386061.txt		we recruited a patient with relapsed and refractory MM	True
GSM5818886	geo:GSE193695:GSM5818886	donor_id	patient	file	evidence/PMC9386061.txt		The patient was a 67-year-old man with MM at diagnosis.	True
GSM5818887	geo:GSE193695:GSM5818887	donor_id	patient	file	evidence/PMC9386061.txt		The patient was a 67-year-old man with MM at diagnosis.	True
GSM5818888	geo:GSE193695:GSM5818888	donor_id	patient	file	evidence/PMC9386061.txt		The patient was a 67-year-old man with MM at diagnosis.	True
GSM5818889	geo:GSE193695:GSM5818889	donor_id	patient	file	evidence/PMC9386061.txt		The patient was a 67-year-old man with MM at diagnosis.	True
GSM5818890	geo:GSE193695:GSM5818890	donor_id	patient	file	evidence/PMC9386061.txt		The patient was a 67-year-old man with MM at diagnosis.	True
GSM5818891	geo:GSE193695:GSM5818891	donor_id	patient	file	evidence/PMC9386061.txt		The patient was a 67-year-old man with MM at diagnosis.	True
GSM5818892	geo:GSE193695:GSM5818892	donor_id	patient	file	evidence/PMC9386061.txt		The patient was a 67-year-old man with MM at diagnosis.	True
GSM5818893	geo:GSE193695:GSM5818893	donor_id	patient	file	evidence/PMC9386061.txt		The patient was a 67-year-old man with MM at diagnosis.	True
GSM5818894	geo:GSE193695:GSM5818894	donor_id	patient	file	evidence/PMC9386061.txt		The patient was a 67-year-old man with MM at diagnosis.	True
GSM5818895	geo:GSE193695:GSM5818895	donor_id	patient	file	evidence/PMC9386061.txt		The patient was a 67-year-old man with MM at diagnosis.	True
GSM5818896	geo:GSE193695:GSM5818896	donor_id	patient	file	evidence/PMC9386061.txt		The patient was a 67-year-old man with MM at diagnosis.	True
GSM5818897	geo:GSE193695:GSM5818897	donor_id	patient	file	evidence/PMC9386061.txt		The patient was a 67-year-old man with MM at diagnosis.	True
GSM5818898	geo:GSE193695:GSM5818898	donor_id	patient	file	evidence/PMC9386061.txt		The patient was a 67-year-old man with MM at diagnosis.	True
GSM5818899	geo:GSE193695:GSM5818899	donor_id	patient	file	evidence/PMC9386061.txt		The patient was a 67-year-old man with MM at diagnosis.	True
GSM5818900	geo:GSE193695:GSM5818900	donor_id	patient	file	evidence/PMC9386061.txt		The patient was a 67-year-old man with MM at diagnosis.	True
GSM5818901	geo:GSE193695:GSM5818901	donor_id	patient	file	evidence/PMC9386061.txt		The patient was a 67-year-old man with MM at diagnosis.	True
GSM5818902	geo:GSE193695:GSM5818902	donor_id	patient	file	evidence/PMC9386061.txt		The patient was a 67-year-old man with MM at diagnosis.	True
GSM5818903	geo:GSE193695:GSM5818903	donor_id	patient	file	evidence/PMC9386061.txt		The patient was a 67-year-old man with MM at diagnosis.	True
GSM5818904	geo:GSE193695:GSM5818904	donor_id	patient	file	evidence/PMC9386061.txt		The patient was a 67-year-old man with MM at diagnosis.	True
GSM5818905	geo:GSE193695:GSM5818905	donor_id	patient	file	evidence/PMC9386061.txt		The patient was a 67-year-old man with MM at diagnosis.	True
GSM5818906	geo:GSE193695:GSM5818906	donor_id	patient	file	evidence/PMC9386061.txt		The patient was a 67-year-old man with MM at diagnosis.	True
GSM5818907	geo:GSE193695:GSM5818907	donor_id	patient	file	evidence/PMC9386061.txt		The patient was a 67-year-old man with MM at diagnosis.	True
GSM5818908	geo:GSE193695:GSM5818908	donor_id	patient	file	evidence/PMC9386061.txt		The patient was a 67-year-old man with MM at diagnosis.	True
GSM5818909	geo:GSE193695:GSM5818909	donor_id	patient	file	evidence/PMC9386061.txt		The patient was a 67-year-old man with MM at diagnosis.	True
GSM5818886	geo:GSE193695:GSM5818886	sex	male	file	evidence/PMC9386061.txt		The patient was a 67-year-old man with MM at diagnosis.	True
GSM5818887	geo:GSE193695:GSM5818887	sex	male	file	evidence/PMC9386061.txt		The patient was a 67-year-old man with MM at diagnosis.	True
GSM5818888	geo:GSE193695:GSM5818888	sex	male	file	evidence/PMC9386061.txt		The patient was a 67-year-old man with MM at diagnosis.	True
GSM5818889	geo:GSE193695:GSM5818889	sex	male	file	evidence/PMC9386061.txt		The patient was a 67-year-old man with MM at diagnosis.	True
GSM5818890	geo:GSE193695:GSM5818890	sex	male	file	evidence/PMC9386061.txt		The patient was a 67-year-old man with MM at diagnosis.	True
GSM5818891	geo:GSE193695:GSM5818891	sex	male	file	evidence/PMC9386061.txt		The patient was a 67-year-old man with MM at diagnosis.	True
GSM5818892	geo:GSE193695:GSM5818892	sex	male	file	evidence/PMC9386061.txt		The patient was a 67-year-old man with MM at diagnosis.	True
GSM5818893	geo:GSE193695:GSM5818893	sex	male	file	evidence/PMC9386061.txt		The patient was a 67-year-old man with MM at diagnosis.	True
GSM5818894	geo:GSE193695:GSM5818894	sex	male	file	evidence/PMC9386061.txt		The patient was a 67-year-old man with MM at diagnosis.	True
GSM5818895	geo:GSE193695:GSM5818895	sex	male	file	evidence/PMC9386061.txt		The patient was a 67-year-old man with MM at diagnosis.	True
GSM5818896	geo:GSE193695:GSM5818896	sex	male	file	evidence/PMC9386061.txt		The patient was a 67-year-old man with MM at diagnosis.	True
GSM5818897	geo:GSE193695:GSM5818897	sex	male	file	evidence/PMC9386061.txt		The patient was a 67-year-old man with MM at diagnosis.	True
GSM5818898	geo:GSE193695:GSM5818898	sex	male	file	evidence/PMC9386061.txt		The patient was a 67-year-old man with MM at diagnosis.	True
GSM5818899	geo:GSE193695:GSM5818899	sex	male	file	evidence/PMC9386061.txt		The patient was a 67-year-old man with MM at diagnosis.	True
GSM5818900	geo:GSE193695:GSM5818900	sex	male	file	evidence/PMC9386061.txt		The patient was a 67-year-old man with MM at diagnosis.	True
GSM5818901	geo:GSE193695:GSM5818901	sex	male	file	evidence/PMC9386061.txt		The patient was a 67-year-old man with MM at diagnosis.	True
GSM5818902	geo:GSE193695:GSM5818902	sex	male	file	evidence/PMC9386061.txt		The patient was a 67-year-old man with MM at diagnosis.	True
GSM5818903	geo:GSE193695:GSM5818903	sex	male	file	evidence/PMC9386061.txt		The patient was a 67-year-old man with MM at diagnosis.	True
GSM5818904	geo:GSE193695:GSM5818904	sex	male	file	evidence/PMC9386061.txt		The patient was a 67-year-old man with MM at diagnosis.	True
GSM5818905	geo:GSE193695:GSM5818905	sex	male	file	evidence/PMC9386061.txt		The patient was a 67-year-old man with MM at diagnosis.	True
GSM5818906	geo:GSE193695:GSM5818906	sex	male	file	evidence/PMC9386061.txt		The patient was a 67-year-old man with MM at diagnosis.	True
GSM5818907	geo:GSE193695:GSM5818907	sex	male	file	evidence/PMC9386061.txt		The patient was a 67-year-old man with MM at diagnosis.	True
GSM5818908	geo:GSE193695:GSM5818908	sex	male	file	evidence/PMC9386061.txt		The patient was a 67-year-old man with MM at diagnosis.	True
GSM5818909	geo:GSE193695:GSM5818909	sex	male	file	evidence/PMC9386061.txt		The patient was a 67-year-old man with MM at diagnosis.	True
GSM5818886	geo:GSE193695:GSM5818886	sex	male	file	evidence/PMC9386061.txt		A 67-year-old man, who had undergone a routine medical examination	True
GSM5818887	geo:GSE193695:GSM5818887	sex	male	file	evidence/PMC9386061.txt		A 67-year-old man, who had undergone a routine medical examination	True
GSM5818888	geo:GSE193695:GSM5818888	sex	male	file	evidence/PMC9386061.txt		A 67-year-old man, who had undergone a routine medical examination	True
GSM5818889	geo:GSE193695:GSM5818889	sex	male	file	evidence/PMC9386061.txt		A 67-year-old man, who had undergone a routine medical examination	True
GSM5818890	geo:GSE193695:GSM5818890	sex	male	file	evidence/PMC9386061.txt		A 67-year-old man, who had undergone a routine medical examination	True
GSM5818891	geo:GSE193695:GSM5818891	sex	male	file	evidence/PMC9386061.txt		A 67-year-old man, who had undergone a routine medical examination	True
GSM5818892	geo:GSE193695:GSM5818892	sex	male	file	evidence/PMC9386061.txt		A 67-year-old man, who had undergone a routine medical examination	True
GSM5818893	geo:GSE193695:GSM5818893	sex	male	file	evidence/PMC9386061.txt		A 67-year-old man, who had undergone a routine medical examination	True
GSM5818894	geo:GSE193695:GSM5818894	sex	male	file	evidence/PMC9386061.txt		A 67-year-old man, who had undergone a routine medical examination	True
GSM5818895	geo:GSE193695:GSM5818895	sex	male	file	evidence/PMC9386061.txt		A 67-year-old man, who had undergone a routine medical examination	True
GSM5818896	geo:GSE193695:GSM5818896	sex	male	file	evidence/PMC9386061.txt		A 67-year-old man, who had undergone a routine medical examination	True
GSM5818897	geo:GSE193695:GSM5818897	sex	male	file	evidence/PMC9386061.txt		A 67-year-old man, who had undergone a routine medical examination	True
GSM5818898	geo:GSE193695:GSM5818898	sex	male	file	evidence/PMC9386061.txt		A 67-year-old man, who had undergone a routine medical examination	True
GSM5818899	geo:GSE193695:GSM5818899	sex	male	file	evidence/PMC9386061.txt		A 67-year-old man, who had undergone a routine medical examination	True
GSM5818900	geo:GSE193695:GSM5818900	sex	male	file	evidence/PMC9386061.txt		A 67-year-old man, who had undergone a routine medical examination	True
GSM5818901	geo:GSE193695:GSM5818901	sex	male	file	evidence/PMC9386061.txt		A 67-year-old man, who had undergone a routine medical examination	True
GSM5818902	geo:GSE193695:GSM5818902	sex	male	file	evidence/PMC9386061.txt		A 67-year-old man, who had undergone a routine medical examination	True
GSM5818903	geo:GSE193695:GSM5818903	sex	male	file	evidence/PMC9386061.txt		A 67-year-old man, who had undergone a routine medical examination	True
GSM5818904	geo:GSE193695:GSM5818904	sex	male	file	evidence/PMC9386061.txt		A 67-year-old man, who had undergone a routine medical examination	True
GSM5818905	geo:GSE193695:GSM5818905	sex	male	file	evidence/PMC9386061.txt		A 67-year-old man, who had undergone a routine medical examination	True
GSM5818906	geo:GSE193695:GSM5818906	sex	male	file	evidence/PMC9386061.txt		A 67-year-old man, who had undergone a routine medical examination	True
GSM5818907	geo:GSE193695:GSM5818907	sex	male	file	evidence/PMC9386061.txt		A 67-year-old man, who had undergone a routine medical examination	True
GSM5818908	geo:GSE193695:GSM5818908	sex	male	file	evidence/PMC9386061.txt		A 67-year-old man, who had undergone a routine medical examination	True
GSM5818909	geo:GSE193695:GSM5818909	sex	male	file	evidence/PMC9386061.txt		A 67-year-old man, who had undergone a routine medical examination	True
GSM5818886	geo:GSE193695:GSM5818886	development_stage	<map of column characteristics_time_point>	file	evidence/PMC9386061.txt		The patient was a 67-year-old man with MM at diagnosis.	True
GSM5818887	geo:GSE193695:GSM5818887	development_stage	<map of column characteristics_time_point>	file	evidence/PMC9386061.txt		The patient was a 67-year-old man with MM at diagnosis.	True
GSM5818888	geo:GSE193695:GSM5818888	development_stage	<map of column characteristics_time_point>	file	evidence/PMC9386061.txt		The patient was a 67-year-old man with MM at diagnosis.	True
GSM5818889	geo:GSE193695:GSM5818889	development_stage	<map of column characteristics_time_point>	file	evidence/PMC9386061.txt		The patient was a 67-year-old man with MM at diagnosis.	True
GSM5818890	geo:GSE193695:GSM5818890	development_stage	<map of column characteristics_time_point>	file	evidence/PMC9386061.txt		The patient was a 67-year-old man with MM at diagnosis.	True
GSM5818891	geo:GSE193695:GSM5818891	development_stage	<map of column characteristics_time_point>	file	evidence/PMC9386061.txt		The patient was a 67-year-old man with MM at diagnosis.	True
GSM5818892	geo:GSE193695:GSM5818892	development_stage	<map of column characteristics_time_point>	file	evidence/PMC9386061.txt		The patient was a 67-year-old man with MM at diagnosis.	True
GSM5818893	geo:GSE193695:GSM5818893	development_stage	<map of column characteristics_time_point>	file	evidence/PMC9386061.txt		The patient was a 67-year-old man with MM at diagnosis.	True
GSM5818894	geo:GSE193695:GSM5818894	development_stage	<map of column characteristics_time_point>	file	evidence/PMC9386061.txt		The patient was a 67-year-old man with MM at diagnosis.	True
GSM5818895	geo:GSE193695:GSM5818895	development_stage	<map of column characteristics_time_point>	file	evidence/PMC9386061.txt		The patient was a 67-year-old man with MM at diagnosis.	True
GSM5818896	geo:GSE193695:GSM5818896	development_stage	<map of column characteristics_time_point>	file	evidence/PMC9386061.txt		The patient was a 67-year-old man with MM at diagnosis.	True
GSM5818897	geo:GSE193695:GSM5818897	development_stage	<map of column characteristics_time_point>	file	evidence/PMC9386061.txt		The patient was a 67-year-old man with MM at diagnosis.	True
GSM5818898	geo:GSE193695:GSM5818898	development_stage	<map of column characteristics_time_point>	file	evidence/PMC9386061.txt		The patient was a 67-year-old man with MM at diagnosis.	True
GSM5818899	geo:GSE193695:GSM5818899	development_stage	<map of column characteristics_time_point>	file	evidence/PMC9386061.txt		The patient was a 67-year-old man with MM at diagnosis.	True
GSM5818900	geo:GSE193695:GSM5818900	development_stage	<map of column characteristics_time_point>	file	evidence/PMC9386061.txt		The patient was a 67-year-old man with MM at diagnosis.	True
GSM5818901	geo:GSE193695:GSM5818901	development_stage	<map of column characteristics_time_point>	file	evidence/PMC9386061.txt		The patient was a 67-year-old man with MM at diagnosis.	True
GSM5818902	geo:GSE193695:GSM5818902	development_stage	<map of column characteristics_time_point>	file	evidence/PMC9386061.txt		The patient was a 67-year-old man with MM at diagnosis.	True
GSM5818903	geo:GSE193695:GSM5818903	development_stage	<map of column characteristics_time_point>	file	evidence/PMC9386061.txt		The patient was a 67-year-old man with MM at diagnosis.	True
GSM5818904	geo:GSE193695:GSM5818904	development_stage	<map of column characteristics_time_point>	file	evidence/PMC9386061.txt		The patient was a 67-year-old man with MM at diagnosis.	True
GSM5818905	geo:GSE193695:GSM5818905	development_stage	<map of column characteristics_time_point>	file	evidence/PMC9386061.txt		The patient was a 67-year-old man with MM at diagnosis.	True
GSM5818906	geo:GSE193695:GSM5818906	development_stage	<map of column characteristics_time_point>	file	evidence/PMC9386061.txt		The patient was a 67-year-old man with MM at diagnosis.	True
GSM5818907	geo:GSE193695:GSM5818907	development_stage	<map of column characteristics_time_point>	file	evidence/PMC9386061.txt		The patient was a 67-year-old man with MM at diagnosis.	True
GSM5818908	geo:GSE193695:GSM5818908	development_stage	<map of column characteristics_time_point>	file	evidence/PMC9386061.txt		The patient was a 67-year-old man with MM at diagnosis.	True
GSM5818909	geo:GSE193695:GSM5818909	development_stage	<map of column characteristics_time_point>	file	evidence/PMC9386061.txt		The patient was a 67-year-old man with MM at diagnosis.	True
GSM5818886	geo:GSE193695:GSM5818886	development_stage	<map of column characteristics_time_point>	file	evidence/PMC9386061.txt		Before treatment, the first BM sample (termed P1) was collected.	True
GSM5818887	geo:GSE193695:GSM5818887	development_stage	<map of column characteristics_time_point>	file	evidence/PMC9386061.txt		Before treatment, the first BM sample (termed P1) was collected.	True
GSM5818888	geo:GSE193695:GSM5818888	development_stage	<map of column characteristics_time_point>	file	evidence/PMC9386061.txt		Before treatment, the first BM sample (termed P1) was collected.	True
GSM5818889	geo:GSE193695:GSM5818889	development_stage	<map of column characteristics_time_point>	file	evidence/PMC9386061.txt		Before treatment, the first BM sample (termed P1) was collected.	True
GSM5818890	geo:GSE193695:GSM5818890	development_stage	<map of column characteristics_time_point>	file	evidence/PMC9386061.txt		Before treatment, the first BM sample (termed P1) was collected.	True
GSM5818891	geo:GSE193695:GSM5818891	development_stage	<map of column characteristics_time_point>	file	evidence/PMC9386061.txt		Before treatment, the first BM sample (termed P1) was collected.	True
GSM5818892	geo:GSE193695:GSM5818892	development_stage	<map of column characteristics_time_point>	file	evidence/PMC9386061.txt		Before treatment, the first BM sample (termed P1) was collected.	True
GSM5818893	geo:GSE193695:GSM5818893	development_stage	<map of column characteristics_time_point>	file	evidence/PMC9386061.txt		Before treatment, the first BM sample (termed P1) was collected.	True
GSM5818894	geo:GSE193695:GSM5818894	development_stage	<map of column characteristics_time_point>	file	evidence/PMC9386061.txt		Before treatment, the first BM sample (termed P1) was collected.	True
GSM5818895	geo:GSE193695:GSM5818895	development_stage	<map of column characteristics_time_point>	file	evidence/PMC9386061.txt		Before treatment, the first BM sample (termed P1) was collected.	True
GSM5818896	geo:GSE193695:GSM5818896	development_stage	<map of column characteristics_time_point>	file	evidence/PMC9386061.txt		Before treatment, the first BM sample (termed P1) was collected.	True
GSM5818897	geo:GSE193695:GSM5818897	development_stage	<map of column characteristics_time_point>	file	evidence/PMC9386061.txt		Before treatment, the first BM sample (termed P1) was collected.	True
GSM5818898	geo:GSE193695:GSM5818898	development_stage	<map of column characteristics_time_point>	file	evidence/PMC9386061.txt		Before treatment, the first BM sample (termed P1) was collected.	True
GSM5818899	geo:GSE193695:GSM5818899	development_stage	<map of column characteristics_time_point>	file	evidence/PMC9386061.txt		Before treatment, the first BM sample (termed P1) was collected.	True
GSM5818900	geo:GSE193695:GSM5818900	development_stage	<map of column characteristics_time_point>	file	evidence/PMC9386061.txt		Before treatment, the first BM sample (termed P1) was collected.	True
GSM5818901	geo:GSE193695:GSM5818901	development_stage	<map of column characteristics_time_point>	file	evidence/PMC9386061.txt		Before treatment, the first BM sample (termed P1) was collected.	True
GSM5818902	geo:GSE193695:GSM5818902	development_stage	<map of column characteristics_time_point>	file	evidence/PMC9386061.txt		Before treatment, the first BM sample (termed P1) was collected.	True
GSM5818903	geo:GSE193695:GSM5818903	development_stage	<map of column characteristics_time_point>	file	evidence/PMC9386061.txt		Before treatment, the first BM sample (termed P1) was collected.	True
GSM5818904	geo:GSE193695:GSM5818904	development_stage	<map of column characteristics_time_point>	file	evidence/PMC9386061.txt		Before treatment, the first BM sample (termed P1) was collected.	True
GSM5818905	geo:GSE193695:GSM5818905	development_stage	<map of column characteristics_time_point>	file	evidence/PMC9386061.txt		Before treatment, the first BM sample (termed P1) was collected.	True
GSM5818906	geo:GSE193695:GSM5818906	development_stage	<map of column characteristics_time_point>	file	evidence/PMC9386061.txt		Before treatment, the first BM sample (termed P1) was collected.	True
GSM5818907	geo:GSE193695:GSM5818907	development_stage	<map of column characteristics_time_point>	file	evidence/PMC9386061.txt		Before treatment, the first BM sample (termed P1) was collected.	True
GSM5818908	geo:GSE193695:GSM5818908	development_stage	<map of column characteristics_time_point>	file	evidence/PMC9386061.txt		Before treatment, the first BM sample (termed P1) was collected.	True
GSM5818909	geo:GSE193695:GSM5818909	development_stage	<map of column characteristics_time_point>	file	evidence/PMC9386061.txt		Before treatment, the first BM sample (termed P1) was collected.	True
GSM5818886	geo:GSE193695:GSM5818886	development_stage	<map of column characteristics_time_point>	file	evidence/PMC9386061.txt		we performed longitudinal scRNA-seq analysis of BM samples collected at the time of diagnosis (P1) and relapse (P3, P4, and P5)	True
GSM5818887	geo:GSE193695:GSM5818887	development_stage	<map of column characteristics_time_point>	file	evidence/PMC9386061.txt		we performed longitudinal scRNA-seq analysis of BM samples collected at the time of diagnosis (P1) and relapse (P3, P4, and P5)	True
GSM5818888	geo:GSE193695:GSM5818888	development_stage	<map of column characteristics_time_point>	file	evidence/PMC9386061.txt		we performed longitudinal scRNA-seq analysis of BM samples collected at the time of diagnosis (P1) and relapse (P3, P4, and P5)	True
GSM5818889	geo:GSE193695:GSM5818889	development_stage	<map of column characteristics_time_point>	file	evidence/PMC9386061.txt		we performed longitudinal scRNA-seq analysis of BM samples collected at the time of diagnosis (P1) and relapse (P3, P4, and P5)	True
GSM5818890	geo:GSE193695:GSM5818890	development_stage	<map of column characteristics_time_point>	file	evidence/PMC9386061.txt		we performed longitudinal scRNA-seq analysis of BM samples collected at the time of diagnosis (P1) and relapse (P3, P4, and P5)	True
GSM5818891	geo:GSE193695:GSM5818891	development_stage	<map of column characteristics_time_point>	file	evidence/PMC9386061.txt		we performed longitudinal scRNA-seq analysis of BM samples collected at the time of diagnosis (P1) and relapse (P3, P4, and P5)	True
GSM5818892	geo:GSE193695:GSM5818892	development_stage	<map of column characteristics_time_point>	file	evidence/PMC9386061.txt		we performed longitudinal scRNA-seq analysis of BM samples collected at the time of diagnosis (P1) and relapse (P3, P4, and P5)	True
GSM5818893	geo:GSE193695:GSM5818893	development_stage	<map of column characteristics_time_point>	file	evidence/PMC9386061.txt		we performed longitudinal scRNA-seq analysis of BM samples collected at the time of diagnosis (P1) and relapse (P3, P4, and P5)	True
GSM5818894	geo:GSE193695:GSM5818894	development_stage	<map of column characteristics_time_point>	file	evidence/PMC9386061.txt		we performed longitudinal scRNA-seq analysis of BM samples collected at the time of diagnosis (P1) and relapse (P3, P4, and P5)	True
GSM5818895	geo:GSE193695:GSM5818895	development_stage	<map of column characteristics_time_point>	file	evidence/PMC9386061.txt		we performed longitudinal scRNA-seq analysis of BM samples collected at the time of diagnosis (P1) and relapse (P3, P4, and P5)	True
GSM5818896	geo:GSE193695:GSM5818896	development_stage	<map of column characteristics_time_point>	file	evidence/PMC9386061.txt		we performed longitudinal scRNA-seq analysis of BM samples collected at the time of diagnosis (P1) and relapse (P3, P4, and P5)	True
GSM5818897	geo:GSE193695:GSM5818897	development_stage	<map of column characteristics_time_point>	file	evidence/PMC9386061.txt		we performed longitudinal scRNA-seq analysis of BM samples collected at the time of diagnosis (P1) and relapse (P3, P4, and P5)	True
GSM5818898	geo:GSE193695:GSM5818898	development_stage	<map of column characteristics_time_point>	file	evidence/PMC9386061.txt		we performed longitudinal scRNA-seq analysis of BM samples collected at the time of diagnosis (P1) and relapse (P3, P4, and P5)	True
GSM5818899	geo:GSE193695:GSM5818899	development_stage	<map of column characteristics_time_point>	file	evidence/PMC9386061.txt		we performed longitudinal scRNA-seq analysis of BM samples collected at the time of diagnosis (P1) and relapse (P3, P4, and P5)	True
GSM5818900	geo:GSE193695:GSM5818900	development_stage	<map of column characteristics_time_point>	file	evidence/PMC9386061.txt		we performed longitudinal scRNA-seq analysis of BM samples collected at the time of diagnosis (P1) and relapse (P3, P4, and P5)	True
GSM5818901	geo:GSE193695:GSM5818901	development_stage	<map of column characteristics_time_point>	file	evidence/PMC9386061.txt		we performed longitudinal scRNA-seq analysis of BM samples collected at the time of diagnosis (P1) and relapse (P3, P4, and P5)	True
GSM5818902	geo:GSE193695:GSM5818902	development_stage	<map of column characteristics_time_point>	file	evidence/PMC9386061.txt		we performed longitudinal scRNA-seq analysis of BM samples collected at the time of diagnosis (P1) and relapse (P3, P4, and P5)	True
GSM5818903	geo:GSE193695:GSM5818903	development_stage	<map of column characteristics_time_point>	file	evidence/PMC9386061.txt		we performed longitudinal scRNA-seq analysis of BM samples collected at the time of diagnosis (P1) and relapse (P3, P4, and P5)	True
GSM5818904	geo:GSE193695:GSM5818904	development_stage	<map of column characteristics_time_point>	file	evidence/PMC9386061.txt		we performed longitudinal scRNA-seq analysis of BM samples collected at the time of diagnosis (P1) and relapse (P3, P4, and P5)	True
GSM5818905	geo:GSE193695:GSM5818905	development_stage	<map of column characteristics_time_point>	file	evidence/PMC9386061.txt		we performed longitudinal scRNA-seq analysis of BM samples collected at the time of diagnosis (P1) and relapse (P3, P4, and P5)	True
GSM5818906	geo:GSE193695:GSM5818906	development_stage	<map of column characteristics_time_point>	file	evidence/PMC9386061.txt		we performed longitudinal scRNA-seq analysis of BM samples collected at the time of diagnosis (P1) and relapse (P3, P4, and P5)	True
GSM5818907	geo:GSE193695:GSM5818907	development_stage	<map of column characteristics_time_point>	file	evidence/PMC9386061.txt		we performed longitudinal scRNA-seq analysis of BM samples collected at the time of diagnosis (P1) and relapse (P3, P4, and P5)	True
GSM5818908	geo:GSE193695:GSM5818908	development_stage	<map of column characteristics_time_point>	file	evidence/PMC9386061.txt		we performed longitudinal scRNA-seq analysis of BM samples collected at the time of diagnosis (P1) and relapse (P3, P4, and P5)	True
GSM5818909	geo:GSE193695:GSM5818909	development_stage	<map of column characteristics_time_point>	file	evidence/PMC9386061.txt		we performed longitudinal scRNA-seq analysis of BM samples collected at the time of diagnosis (P1) and relapse (P3, P4, and P5)	True
GSM5818886	geo:GSE193695:GSM5818886	development_stage	<map of column characteristics_time_point>	file	raw/fp-7a78a7e414d4/GSE193695_family.soft.gz		!Sample_characteristics_ch1 = time point: P1	True
GSM5818887	geo:GSE193695:GSM5818887	development_stage	<map of column characteristics_time_point>	file	raw/fp-7a78a7e414d4/GSE193695_family.soft.gz		!Sample_characteristics_ch1 = time point: P1	True
GSM5818888	geo:GSE193695:GSM5818888	development_stage	<map of column characteristics_time_point>	file	raw/fp-7a78a7e414d4/GSE193695_family.soft.gz		!Sample_characteristics_ch1 = time point: P1	True
GSM5818889	geo:GSE193695:GSM5818889	development_stage	<map of column characteristics_time_point>	file	raw/fp-7a78a7e414d4/GSE193695_family.soft.gz		!Sample_characteristics_ch1 = time point: P1	True
GSM5818890	geo:GSE193695:GSM5818890	development_stage	<map of column characteristics_time_point>	file	raw/fp-7a78a7e414d4/GSE193695_family.soft.gz		!Sample_characteristics_ch1 = time point: P1	True
GSM5818891	geo:GSE193695:GSM5818891	development_stage	<map of column characteristics_time_point>	file	raw/fp-7a78a7e414d4/GSE193695_family.soft.gz		!Sample_characteristics_ch1 = time point: P1	True
GSM5818892	geo:GSE193695:GSM5818892	development_stage	<map of column characteristics_time_point>	file	raw/fp-7a78a7e414d4/GSE193695_family.soft.gz		!Sample_characteristics_ch1 = time point: P1	True
GSM5818893	geo:GSE193695:GSM5818893	development_stage	<map of column characteristics_time_point>	file	raw/fp-7a78a7e414d4/GSE193695_family.soft.gz		!Sample_characteristics_ch1 = time point: P1	True
GSM5818894	geo:GSE193695:GSM5818894	development_stage	<map of column characteristics_time_point>	file	raw/fp-7a78a7e414d4/GSE193695_family.soft.gz		!Sample_characteristics_ch1 = time point: P1	True
GSM5818895	geo:GSE193695:GSM5818895	development_stage	<map of column characteristics_time_point>	file	raw/fp-7a78a7e414d4/GSE193695_family.soft.gz		!Sample_characteristics_ch1 = time point: P1	True
GSM5818896	geo:GSE193695:GSM5818896	development_stage	<map of column characteristics_time_point>	file	raw/fp-7a78a7e414d4/GSE193695_family.soft.gz		!Sample_characteristics_ch1 = time point: P1	True
GSM5818897	geo:GSE193695:GSM5818897	development_stage	<map of column characteristics_time_point>	file	raw/fp-7a78a7e414d4/GSE193695_family.soft.gz		!Sample_characteristics_ch1 = time point: P1	True
GSM5818898	geo:GSE193695:GSM5818898	development_stage	<map of column characteristics_time_point>	file	raw/fp-7a78a7e414d4/GSE193695_family.soft.gz		!Sample_characteristics_ch1 = time point: P1	True
GSM5818899	geo:GSE193695:GSM5818899	development_stage	<map of column characteristics_time_point>	file	raw/fp-7a78a7e414d4/GSE193695_family.soft.gz		!Sample_characteristics_ch1 = time point: P1	True
GSM5818900	geo:GSE193695:GSM5818900	development_stage	<map of column characteristics_time_point>	file	raw/fp-7a78a7e414d4/GSE193695_family.soft.gz		!Sample_characteristics_ch1 = time point: P1	True
GSM5818901	geo:GSE193695:GSM5818901	development_stage	<map of column characteristics_time_point>	file	raw/fp-7a78a7e414d4/GSE193695_family.soft.gz		!Sample_characteristics_ch1 = time point: P1	True
GSM5818902	geo:GSE193695:GSM5818902	development_stage	<map of column characteristics_time_point>	file	raw/fp-7a78a7e414d4/GSE193695_family.soft.gz		!Sample_characteristics_ch1 = time point: P1	True
GSM5818903	geo:GSE193695:GSM5818903	development_stage	<map of column characteristics_time_point>	file	raw/fp-7a78a7e414d4/GSE193695_family.soft.gz		!Sample_characteristics_ch1 = time point: P1	True
GSM5818904	geo:GSE193695:GSM5818904	development_stage	<map of column characteristics_time_point>	file	raw/fp-7a78a7e414d4/GSE193695_family.soft.gz		!Sample_characteristics_ch1 = time point: P1	True
GSM5818905	geo:GSE193695:GSM5818905	development_stage	<map of column characteristics_time_point>	file	raw/fp-7a78a7e414d4/GSE193695_family.soft.gz		!Sample_characteristics_ch1 = time point: P1	True
GSM5818906	geo:GSE193695:GSM5818906	development_stage	<map of column characteristics_time_point>	file	raw/fp-7a78a7e414d4/GSE193695_family.soft.gz		!Sample_characteristics_ch1 = time point: P1	True
GSM5818907	geo:GSE193695:GSM5818907	development_stage	<map of column characteristics_time_point>	file	raw/fp-7a78a7e414d4/GSE193695_family.soft.gz		!Sample_characteristics_ch1 = time point: P1	True
GSM5818908	geo:GSE193695:GSM5818908	development_stage	<map of column characteristics_time_point>	file	raw/fp-7a78a7e414d4/GSE193695_family.soft.gz		!Sample_characteristics_ch1 = time point: P1	True
GSM5818909	geo:GSE193695:GSM5818909	development_stage	<map of column characteristics_time_point>	file	raw/fp-7a78a7e414d4/GSE193695_family.soft.gz		!Sample_characteristics_ch1 = time point: P1	True
GSM5818886	geo:GSE193695:GSM5818886	tissue_free_text	Bone marrow	file	raw/fp-7a78a7e414d4/GSE193695_family.soft.gz		!Sample_characteristics_ch1 = organ: Bone marrow	True
GSM5818887	geo:GSE193695:GSM5818887	tissue_free_text	Bone marrow	file	raw/fp-7a78a7e414d4/GSE193695_family.soft.gz		!Sample_characteristics_ch1 = organ: Bone marrow	True
GSM5818888	geo:GSE193695:GSM5818888	tissue_free_text	Bone marrow	file	raw/fp-7a78a7e414d4/GSE193695_family.soft.gz		!Sample_characteristics_ch1 = organ: Bone marrow	True
GSM5818889	geo:GSE193695:GSM5818889	tissue_free_text	Bone marrow	file	raw/fp-7a78a7e414d4/GSE193695_family.soft.gz		!Sample_characteristics_ch1 = organ: Bone marrow	True
GSM5818890	geo:GSE193695:GSM5818890	tissue_free_text	Bone marrow	file	raw/fp-7a78a7e414d4/GSE193695_family.soft.gz		!Sample_characteristics_ch1 = organ: Bone marrow	True
GSM5818891	geo:GSE193695:GSM5818891	tissue_free_text	Bone marrow	file	raw/fp-7a78a7e414d4/GSE193695_family.soft.gz		!Sample_characteristics_ch1 = organ: Bone marrow	True
GSM5818892	geo:GSE193695:GSM5818892	tissue_free_text	Bone marrow	file	raw/fp-7a78a7e414d4/GSE193695_family.soft.gz		!Sample_characteristics_ch1 = organ: Bone marrow	True
GSM5818893	geo:GSE193695:GSM5818893	tissue_free_text	Bone marrow	file	raw/fp-7a78a7e414d4/GSE193695_family.soft.gz		!Sample_characteristics_ch1 = organ: Bone marrow	True
GSM5818894	geo:GSE193695:GSM5818894	tissue_free_text	Bone marrow	file	raw/fp-7a78a7e414d4/GSE193695_family.soft.gz		!Sample_characteristics_ch1 = organ: Bone marrow	True
GSM5818895	geo:GSE193695:GSM5818895	tissue_free_text	Bone marrow	file	raw/fp-7a78a7e414d4/GSE193695_family.soft.gz		!Sample_characteristics_ch1 = organ: Bone marrow	True
GSM5818896	geo:GSE193695:GSM5818896	tissue_free_text	Bone marrow	file	raw/fp-7a78a7e414d4/GSE193695_family.soft.gz		!Sample_characteristics_ch1 = organ: Bone marrow	True
GSM5818897	geo:GSE193695:GSM5818897	tissue_free_text	Bone marrow	file	raw/fp-7a78a7e414d4/GSE193695_family.soft.gz		!Sample_characteristics_ch1 = organ: Bone marrow	True
GSM5818898	geo:GSE193695:GSM5818898	tissue_free_text	Bone marrow	file	raw/fp-7a78a7e414d4/GSE193695_family.soft.gz		!Sample_characteristics_ch1 = organ: Bone marrow	True
GSM5818899	geo:GSE193695:GSM5818899	tissue_free_text	Bone marrow	file	raw/fp-7a78a7e414d4/GSE193695_family.soft.gz		!Sample_characteristics_ch1 = organ: Bone marrow	True
GSM5818900	geo:GSE193695:GSM5818900	tissue_free_text	Bone marrow	file	raw/fp-7a78a7e414d4/GSE193695_family.soft.gz		!Sample_characteristics_ch1 = organ: Bone marrow	True
GSM5818901	geo:GSE193695:GSM5818901	tissue_free_text	Bone marrow	file	raw/fp-7a78a7e414d4/GSE193695_family.soft.gz		!Sample_characteristics_ch1 = organ: Bone marrow	True
GSM5818902	geo:GSE193695:GSM5818902	tissue_free_text	Bone marrow	file	raw/fp-7a78a7e414d4/GSE193695_family.soft.gz		!Sample_characteristics_ch1 = organ: Bone marrow	True
GSM5818903	geo:GSE193695:GSM5818903	tissue_free_text	Bone marrow	file	raw/fp-7a78a7e414d4/GSE193695_family.soft.gz		!Sample_characteristics_ch1 = organ: Bone marrow	True
GSM5818904	geo:GSE193695:GSM5818904	tissue_free_text	Bone marrow	file	raw/fp-7a78a7e414d4/GSE193695_family.soft.gz		!Sample_characteristics_ch1 = organ: Bone marrow	True
GSM5818905	geo:GSE193695:GSM5818905	tissue_free_text	Bone marrow	file	raw/fp-7a78a7e414d4/GSE193695_family.soft.gz		!Sample_characteristics_ch1 = organ: Bone marrow	True
GSM5818906	geo:GSE193695:GSM5818906	tissue_free_text	Bone marrow	file	raw/fp-7a78a7e414d4/GSE193695_family.soft.gz		!Sample_characteristics_ch1 = organ: Bone marrow	True
GSM5818907	geo:GSE193695:GSM5818907	tissue_free_text	Bone marrow	file	raw/fp-7a78a7e414d4/GSE193695_family.soft.gz		!Sample_characteristics_ch1 = organ: Bone marrow	True
GSM5818908	geo:GSE193695:GSM5818908	tissue_free_text	Bone marrow	file	raw/fp-7a78a7e414d4/GSE193695_family.soft.gz		!Sample_characteristics_ch1 = organ: Bone marrow	True
GSM5818909	geo:GSE193695:GSM5818909	tissue_free_text	Bone marrow	file	raw/fp-7a78a7e414d4/GSE193695_family.soft.gz		!Sample_characteristics_ch1 = organ: Bone marrow	True
GSM5818886	geo:GSE193695:GSM5818886	tissue_type	tissue	file	raw/fp-7a78a7e414d4/GSE193695_family.soft.gz		!Sample_characteristics_ch1 = organ: Bone marrow	True
GSM5818887	geo:GSE193695:GSM5818887	tissue_type	tissue	file	raw/fp-7a78a7e414d4/GSE193695_family.soft.gz		!Sample_characteristics_ch1 = organ: Bone marrow	True
GSM5818888	geo:GSE193695:GSM5818888	tissue_type	tissue	file	raw/fp-7a78a7e414d4/GSE193695_family.soft.gz		!Sample_characteristics_ch1 = organ: Bone marrow	True
GSM5818889	geo:GSE193695:GSM5818889	tissue_type	tissue	file	raw/fp-7a78a7e414d4/GSE193695_family.soft.gz		!Sample_characteristics_ch1 = organ: Bone marrow	True
GSM5818890	geo:GSE193695:GSM5818890	tissue_type	tissue	file	raw/fp-7a78a7e414d4/GSE193695_family.soft.gz		!Sample_characteristics_ch1 = organ: Bone marrow	True
GSM5818891	geo:GSE193695:GSM5818891	tissue_type	tissue	file	raw/fp-7a78a7e414d4/GSE193695_family.soft.gz		!Sample_characteristics_ch1 = organ: Bone marrow	True
GSM5818892	geo:GSE193695:GSM5818892	tissue_type	tissue	file	raw/fp-7a78a7e414d4/GSE193695_family.soft.gz		!Sample_characteristics_ch1 = organ: Bone marrow	True
GSM5818893	geo:GSE193695:GSM5818893	tissue_type	tissue	file	raw/fp-7a78a7e414d4/GSE193695_family.soft.gz		!Sample_characteristics_ch1 = organ: Bone marrow	True
GSM5818894	geo:GSE193695:GSM5818894	tissue_type	tissue	file	raw/fp-7a78a7e414d4/GSE193695_family.soft.gz		!Sample_characteristics_ch1 = organ: Bone marrow	True
GSM5818895	geo:GSE193695:GSM5818895	tissue_type	tissue	file	raw/fp-7a78a7e414d4/GSE193695_family.soft.gz		!Sample_characteristics_ch1 = organ: Bone marrow	True
GSM5818896	geo:GSE193695:GSM5818896	tissue_type	tissue	file	raw/fp-7a78a7e414d4/GSE193695_family.soft.gz		!Sample_characteristics_ch1 = organ: Bone marrow	True
GSM5818897	geo:GSE193695:GSM5818897	tissue_type	tissue	file	raw/fp-7a78a7e414d4/GSE193695_family.soft.gz		!Sample_characteristics_ch1 = organ: Bone marrow	True
GSM5818898	geo:GSE193695:GSM5818898	tissue_type	tissue	file	raw/fp-7a78a7e414d4/GSE193695_family.soft.gz		!Sample_characteristics_ch1 = organ: Bone marrow	True
GSM5818899	geo:GSE193695:GSM5818899	tissue_type	tissue	file	raw/fp-7a78a7e414d4/GSE193695_family.soft.gz		!Sample_characteristics_ch1 = organ: Bone marrow	True
GSM5818900	geo:GSE193695:GSM5818900	tissue_type	tissue	file	raw/fp-7a78a7e414d4/GSE193695_family.soft.gz		!Sample_characteristics_ch1 = organ: Bone marrow	True
GSM5818901	geo:GSE193695:GSM5818901	tissue_type	tissue	file	raw/fp-7a78a7e414d4/GSE193695_family.soft.gz		!Sample_characteristics_ch1 = organ: Bone marrow	True
GSM5818902	geo:GSE193695:GSM5818902	tissue_type	tissue	file	raw/fp-7a78a7e414d4/GSE193695_family.soft.gz		!Sample_characteristics_ch1 = organ: Bone marrow	True
GSM5818903	geo:GSE193695:GSM5818903	tissue_type	tissue	file	raw/fp-7a78a7e414d4/GSE193695_family.soft.gz		!Sample_characteristics_ch1 = organ: Bone marrow	True
GSM5818904	geo:GSE193695:GSM5818904	tissue_type	tissue	file	raw/fp-7a78a7e414d4/GSE193695_family.soft.gz		!Sample_characteristics_ch1 = organ: Bone marrow	True
GSM5818905	geo:GSE193695:GSM5818905	tissue_type	tissue	file	raw/fp-7a78a7e414d4/GSE193695_family.soft.gz		!Sample_characteristics_ch1 = organ: Bone marrow	True
GSM5818906	geo:GSE193695:GSM5818906	tissue_type	tissue	file	raw/fp-7a78a7e414d4/GSE193695_family.soft.gz		!Sample_characteristics_ch1 = organ: Bone marrow	True
GSM5818907	geo:GSE193695:GSM5818907	tissue_type	tissue	file	raw/fp-7a78a7e414d4/GSE193695_family.soft.gz		!Sample_characteristics_ch1 = organ: Bone marrow	True
GSM5818908	geo:GSE193695:GSM5818908	tissue_type	tissue	file	raw/fp-7a78a7e414d4/GSE193695_family.soft.gz		!Sample_characteristics_ch1 = organ: Bone marrow	True
GSM5818909	geo:GSE193695:GSM5818909	tissue_type	tissue	file	raw/fp-7a78a7e414d4/GSE193695_family.soft.gz		!Sample_characteristics_ch1 = organ: Bone marrow	True
GSM5818886	geo:GSE193695:GSM5818886	tissue_type	tissue	file	raw/fp-7a78a7e414d4/GSE193695_family.soft.gz		Mononuclear cells were isolated from bone marrow aspirates using density centrifugation media	True
GSM5818887	geo:GSE193695:GSM5818887	tissue_type	tissue	file	raw/fp-7a78a7e414d4/GSE193695_family.soft.gz		Mononuclear cells were isolated from bone marrow aspirates using density centrifugation media	True
GSM5818888	geo:GSE193695:GSM5818888	tissue_type	tissue	file	raw/fp-7a78a7e414d4/GSE193695_family.soft.gz		Mononuclear cells were isolated from bone marrow aspirates using density centrifugation media	True
GSM5818889	geo:GSE193695:GSM5818889	tissue_type	tissue	file	raw/fp-7a78a7e414d4/GSE193695_family.soft.gz		Mononuclear cells were isolated from bone marrow aspirates using density centrifugation media	True
GSM5818890	geo:GSE193695:GSM5818890	tissue_type	tissue	file	raw/fp-7a78a7e414d4/GSE193695_family.soft.gz		Mononuclear cells were isolated from bone marrow aspirates using density centrifugation media	True
GSM5818891	geo:GSE193695:GSM5818891	tissue_type	tissue	file	raw/fp-7a78a7e414d4/GSE193695_family.soft.gz		Mononuclear cells were isolated from bone marrow aspirates using density centrifugation media	True
GSM5818892	geo:GSE193695:GSM5818892	tissue_type	tissue	file	raw/fp-7a78a7e414d4/GSE193695_family.soft.gz		Mononuclear cells were isolated from bone marrow aspirates using density centrifugation media	True
GSM5818893	geo:GSE193695:GSM5818893	tissue_type	tissue	file	raw/fp-7a78a7e414d4/GSE193695_family.soft.gz		Mononuclear cells were isolated from bone marrow aspirates using density centrifugation media	True
GSM5818894	geo:GSE193695:GSM5818894	tissue_type	tissue	file	raw/fp-7a78a7e414d4/GSE193695_family.soft.gz		Mononuclear cells were isolated from bone marrow aspirates using density centrifugation media	True
GSM5818895	geo:GSE193695:GSM5818895	tissue_type	tissue	file	raw/fp-7a78a7e414d4/GSE193695_family.soft.gz		Mononuclear cells were isolated from bone marrow aspirates using density centrifugation media	True
GSM5818896	geo:GSE193695:GSM5818896	tissue_type	tissue	file	raw/fp-7a78a7e414d4/GSE193695_family.soft.gz		Mononuclear cells were isolated from bone marrow aspirates using density centrifugation media	True
GSM5818897	geo:GSE193695:GSM5818897	tissue_type	tissue	file	raw/fp-7a78a7e414d4/GSE193695_family.soft.gz		Mononuclear cells were isolated from bone marrow aspirates using density centrifugation media	True
GSM5818898	geo:GSE193695:GSM5818898	tissue_type	tissue	file	raw/fp-7a78a7e414d4/GSE193695_family.soft.gz		Mononuclear cells were isolated from bone marrow aspirates using density centrifugation media	True
GSM5818899	geo:GSE193695:GSM5818899	tissue_type	tissue	file	raw/fp-7a78a7e414d4/GSE193695_family.soft.gz		Mononuclear cells were isolated from bone marrow aspirates using density centrifugation media	True
GSM5818900	geo:GSE193695:GSM5818900	tissue_type	tissue	file	raw/fp-7a78a7e414d4/GSE193695_family.soft.gz		Mononuclear cells were isolated from bone marrow aspirates using density centrifugation media	True
GSM5818901	geo:GSE193695:GSM5818901	tissue_type	tissue	file	raw/fp-7a78a7e414d4/GSE193695_family.soft.gz		Mononuclear cells were isolated from bone marrow aspirates using density centrifugation media	True
GSM5818902	geo:GSE193695:GSM5818902	tissue_type	tissue	file	raw/fp-7a78a7e414d4/GSE193695_family.soft.gz		Mononuclear cells were isolated from bone marrow aspirates using density centrifugation media	True
GSM5818903	geo:GSE193695:GSM5818903	tissue_type	tissue	file	raw/fp-7a78a7e414d4/GSE193695_family.soft.gz		Mononuclear cells were isolated from bone marrow aspirates using density centrifugation media	True
GSM5818904	geo:GSE193695:GSM5818904	tissue_type	tissue	file	raw/fp-7a78a7e414d4/GSE193695_family.soft.gz		Mononuclear cells were isolated from bone marrow aspirates using density centrifugation media	True
GSM5818905	geo:GSE193695:GSM5818905	tissue_type	tissue	file	raw/fp-7a78a7e414d4/GSE193695_family.soft.gz		Mononuclear cells were isolated from bone marrow aspirates using density centrifugation media	True
GSM5818906	geo:GSE193695:GSM5818906	tissue_type	tissue	file	raw/fp-7a78a7e414d4/GSE193695_family.soft.gz		Mononuclear cells were isolated from bone marrow aspirates using density centrifugation media	True
GSM5818907	geo:GSE193695:GSM5818907	tissue_type	tissue	file	raw/fp-7a78a7e414d4/GSE193695_family.soft.gz		Mononuclear cells were isolated from bone marrow aspirates using density centrifugation media	True
GSM5818908	geo:GSE193695:GSM5818908	tissue_type	tissue	file	raw/fp-7a78a7e414d4/GSE193695_family.soft.gz		Mononuclear cells were isolated from bone marrow aspirates using density centrifugation media	True
GSM5818909	geo:GSE193695:GSM5818909	tissue_type	tissue	file	raw/fp-7a78a7e414d4/GSE193695_family.soft.gz		Mononuclear cells were isolated from bone marrow aspirates using density centrifugation media	True
GSM5818886	geo:GSE193695:GSM5818886	sample_collection_method	bone marrow aspiration	file	raw/fp-7a78a7e414d4/GSE193695_family.soft.gz		!Sample_source_name_ch1 = Bone marrow aspiration	True
GSM5818887	geo:GSE193695:GSM5818887	sample_collection_method	bone marrow aspiration	file	raw/fp-7a78a7e414d4/GSE193695_family.soft.gz		!Sample_source_name_ch1 = Bone marrow aspiration	True
GSM5818888	geo:GSE193695:GSM5818888	sample_collection_method	bone marrow aspiration	file	raw/fp-7a78a7e414d4/GSE193695_family.soft.gz		!Sample_source_name_ch1 = Bone marrow aspiration	True
GSM5818889	geo:GSE193695:GSM5818889	sample_collection_method	bone marrow aspiration	file	raw/fp-7a78a7e414d4/GSE193695_family.soft.gz		!Sample_source_name_ch1 = Bone marrow aspiration	True
GSM5818890	geo:GSE193695:GSM5818890	sample_collection_method	bone marrow aspiration	file	raw/fp-7a78a7e414d4/GSE193695_family.soft.gz		!Sample_source_name_ch1 = Bone marrow aspiration	True
GSM5818891	geo:GSE193695:GSM5818891	sample_collection_method	bone marrow aspiration	file	raw/fp-7a78a7e414d4/GSE193695_family.soft.gz		!Sample_source_name_ch1 = Bone marrow aspiration	True
GSM5818892	geo:GSE193695:GSM5818892	sample_collection_method	bone marrow aspiration	file	raw/fp-7a78a7e414d4/GSE193695_family.soft.gz		!Sample_source_name_ch1 = Bone marrow aspiration	True
GSM5818893	geo:GSE193695:GSM5818893	sample_collection_method	bone marrow aspiration	file	raw/fp-7a78a7e414d4/GSE193695_family.soft.gz		!Sample_source_name_ch1 = Bone marrow aspiration	True
GSM5818894	geo:GSE193695:GSM5818894	sample_collection_method	bone marrow aspiration	file	raw/fp-7a78a7e414d4/GSE193695_family.soft.gz		!Sample_source_name_ch1 = Bone marrow aspiration	True
GSM5818895	geo:GSE193695:GSM5818895	sample_collection_method	bone marrow aspiration	file	raw/fp-7a78a7e414d4/GSE193695_family.soft.gz		!Sample_source_name_ch1 = Bone marrow aspiration	True
GSM5818896	geo:GSE193695:GSM5818896	sample_collection_method	bone marrow aspiration	file	raw/fp-7a78a7e414d4/GSE193695_family.soft.gz		!Sample_source_name_ch1 = Bone marrow aspiration	True
GSM5818897	geo:GSE193695:GSM5818897	sample_collection_method	bone marrow aspiration	file	raw/fp-7a78a7e414d4/GSE193695_family.soft.gz		!Sample_source_name_ch1 = Bone marrow aspiration	True
GSM5818898	geo:GSE193695:GSM5818898	sample_collection_method	bone marrow aspiration	file	raw/fp-7a78a7e414d4/GSE193695_family.soft.gz		!Sample_source_name_ch1 = Bone marrow aspiration	True
GSM5818899	geo:GSE193695:GSM5818899	sample_collection_method	bone marrow aspiration	file	raw/fp-7a78a7e414d4/GSE193695_family.soft.gz		!Sample_source_name_ch1 = Bone marrow aspiration	True
GSM5818900	geo:GSE193695:GSM5818900	sample_collection_method	bone marrow aspiration	file	raw/fp-7a78a7e414d4/GSE193695_family.soft.gz		!Sample_source_name_ch1 = Bone marrow aspiration	True
GSM5818901	geo:GSE193695:GSM5818901	sample_collection_method	bone marrow aspiration	file	raw/fp-7a78a7e414d4/GSE193695_family.soft.gz		!Sample_source_name_ch1 = Bone marrow aspiration	True
GSM5818902	geo:GSE193695:GSM5818902	sample_collection_method	bone marrow aspiration	file	raw/fp-7a78a7e414d4/GSE193695_family.soft.gz		!Sample_source_name_ch1 = Bone marrow aspiration	True
GSM5818903	geo:GSE193695:GSM5818903	sample_collection_method	bone marrow aspiration	file	raw/fp-7a78a7e414d4/GSE193695_family.soft.gz		!Sample_source_name_ch1 = Bone marrow aspiration	True
GSM5818904	geo:GSE193695:GSM5818904	sample_collection_method	bone marrow aspiration	file	raw/fp-7a78a7e414d4/GSE193695_family.soft.gz		!Sample_source_name_ch1 = Bone marrow aspiration	True
GSM5818905	geo:GSE193695:GSM5818905	sample_collection_method	bone marrow aspiration	file	raw/fp-7a78a7e414d4/GSE193695_family.soft.gz		!Sample_source_name_ch1 = Bone marrow aspiration	True
GSM5818906	geo:GSE193695:GSM5818906	sample_collection_method	bone marrow aspiration	file	raw/fp-7a78a7e414d4/GSE193695_family.soft.gz		!Sample_source_name_ch1 = Bone marrow aspiration	True
GSM5818907	geo:GSE193695:GSM5818907	sample_collection_method	bone marrow aspiration	file	raw/fp-7a78a7e414d4/GSE193695_family.soft.gz		!Sample_source_name_ch1 = Bone marrow aspiration	True
GSM5818908	geo:GSE193695:GSM5818908	sample_collection_method	bone marrow aspiration	file	raw/fp-7a78a7e414d4/GSE193695_family.soft.gz		!Sample_source_name_ch1 = Bone marrow aspiration	True
GSM5818909	geo:GSE193695:GSM5818909	sample_collection_method	bone marrow aspiration	file	raw/fp-7a78a7e414d4/GSE193695_family.soft.gz		!Sample_source_name_ch1 = Bone marrow aspiration	True
GSM5818886	geo:GSE193695:GSM5818886	disease_free_text	multiple myeloma	file	raw/fp-7a78a7e414d4/GSE193695_family.soft.gz		!Series_title = Identification of a drug-response gene in multiple myeloma through longitudinal single-cell transcriptome sequencing.	True
GSM5818887	geo:GSE193695:GSM5818887	disease_free_text	multiple myeloma	file	raw/fp-7a78a7e414d4/GSE193695_family.soft.gz		!Series_title = Identification of a drug-response gene in multiple myeloma through longitudinal single-cell transcriptome sequencing.	True
GSM5818888	geo:GSE193695:GSM5818888	disease_free_text	multiple myeloma	file	raw/fp-7a78a7e414d4/GSE193695_family.soft.gz		!Series_title = Identification of a drug-response gene in multiple myeloma through longitudinal single-cell transcriptome sequencing.	True
GSM5818889	geo:GSE193695:GSM5818889	disease_free_text	multiple myeloma	file	raw/fp-7a78a7e414d4/GSE193695_family.soft.gz		!Series_title = Identification of a drug-response gene in multiple myeloma through longitudinal single-cell transcriptome sequencing.	True
GSM5818890	geo:GSE193695:GSM5818890	disease_free_text	multiple myeloma	file	raw/fp-7a78a7e414d4/GSE193695_family.soft.gz		!Series_title = Identification of a drug-response gene in multiple myeloma through longitudinal single-cell transcriptome sequencing.	True
GSM5818891	geo:GSE193695:GSM5818891	disease_free_text	multiple myeloma	file	raw/fp-7a78a7e414d4/GSE193695_family.soft.gz		!Series_title = Identification of a drug-response gene in multiple myeloma through longitudinal single-cell transcriptome sequencing.	True
GSM5818892	geo:GSE193695:GSM5818892	disease_free_text	multiple myeloma	file	raw/fp-7a78a7e414d4/GSE193695_family.soft.gz		!Series_title = Identification of a drug-response gene in multiple myeloma through longitudinal single-cell transcriptome sequencing.	True
GSM5818893	geo:GSE193695:GSM5818893	disease_free_text	multiple myeloma	file	raw/fp-7a78a7e414d4/GSE193695_family.soft.gz		!Series_title = Identification of a drug-response gene in multiple myeloma through longitudinal single-cell transcriptome sequencing.	True
GSM5818894	geo:GSE193695:GSM5818894	disease_free_text	multiple myeloma	file	raw/fp-7a78a7e414d4/GSE193695_family.soft.gz		!Series_title = Identification of a drug-response gene in multiple myeloma through longitudinal single-cell transcriptome sequencing.	True
GSM5818895	geo:GSE193695:GSM5818895	disease_free_text	multiple myeloma	file	raw/fp-7a78a7e414d4/GSE193695_family.soft.gz		!Series_title = Identification of a drug-response gene in multiple myeloma through longitudinal single-cell transcriptome sequencing.	True
GSM5818896	geo:GSE193695:GSM5818896	disease_free_text	multiple myeloma	file	raw/fp-7a78a7e414d4/GSE193695_family.soft.gz		!Series_title = Identification of a drug-response gene in multiple myeloma through longitudinal single-cell transcriptome sequencing.	True
GSM5818897	geo:GSE193695:GSM5818897	disease_free_text	multiple myeloma	file	raw/fp-7a78a7e414d4/GSE193695_family.soft.gz		!Series_title = Identification of a drug-response gene in multiple myeloma through longitudinal single-cell transcriptome sequencing.	True
GSM5818898	geo:GSE193695:GSM5818898	disease_free_text	multiple myeloma	file	raw/fp-7a78a7e414d4/GSE193695_family.soft.gz		!Series_title = Identification of a drug-response gene in multiple myeloma through longitudinal single-cell transcriptome sequencing.	True
GSM5818899	geo:GSE193695:GSM5818899	disease_free_text	multiple myeloma	file	raw/fp-7a78a7e414d4/GSE193695_family.soft.gz		!Series_title = Identification of a drug-response gene in multiple myeloma through longitudinal single-cell transcriptome sequencing.	True
GSM5818900	geo:GSE193695:GSM5818900	disease_free_text	multiple myeloma	file	raw/fp-7a78a7e414d4/GSE193695_family.soft.gz		!Series_title = Identification of a drug-response gene in multiple myeloma through longitudinal single-cell transcriptome sequencing.	True
GSM5818901	geo:GSE193695:GSM5818901	disease_free_text	multiple myeloma	file	raw/fp-7a78a7e414d4/GSE193695_family.soft.gz		!Series_title = Identification of a drug-response gene in multiple myeloma through longitudinal single-cell transcriptome sequencing.	True
GSM5818902	geo:GSE193695:GSM5818902	disease_free_text	multiple myeloma	file	raw/fp-7a78a7e414d4/GSE193695_family.soft.gz		!Series_title = Identification of a drug-response gene in multiple myeloma through longitudinal single-cell transcriptome sequencing.	True
GSM5818903	geo:GSE193695:GSM5818903	disease_free_text	multiple myeloma	file	raw/fp-7a78a7e414d4/GSE193695_family.soft.gz		!Series_title = Identification of a drug-response gene in multiple myeloma through longitudinal single-cell transcriptome sequencing.	True
GSM5818904	geo:GSE193695:GSM5818904	disease_free_text	multiple myeloma	file	raw/fp-7a78a7e414d4/GSE193695_family.soft.gz		!Series_title = Identification of a drug-response gene in multiple myeloma through longitudinal single-cell transcriptome sequencing.	True
GSM5818905	geo:GSE193695:GSM5818905	disease_free_text	multiple myeloma	file	raw/fp-7a78a7e414d4/GSE193695_family.soft.gz		!Series_title = Identification of a drug-response gene in multiple myeloma through longitudinal single-cell transcriptome sequencing.	True
GSM5818906	geo:GSE193695:GSM5818906	disease_free_text	multiple myeloma	file	raw/fp-7a78a7e414d4/GSE193695_family.soft.gz		!Series_title = Identification of a drug-response gene in multiple myeloma through longitudinal single-cell transcriptome sequencing.	True
GSM5818907	geo:GSE193695:GSM5818907	disease_free_text	multiple myeloma	file	raw/fp-7a78a7e414d4/GSE193695_family.soft.gz		!Series_title = Identification of a drug-response gene in multiple myeloma through longitudinal single-cell transcriptome sequencing.	True
GSM5818908	geo:GSE193695:GSM5818908	disease_free_text	multiple myeloma	file	raw/fp-7a78a7e414d4/GSE193695_family.soft.gz		!Series_title = Identification of a drug-response gene in multiple myeloma through longitudinal single-cell transcriptome sequencing.	True
GSM5818909	geo:GSE193695:GSM5818909	disease_free_text	multiple myeloma	file	raw/fp-7a78a7e414d4/GSE193695_family.soft.gz		!Series_title = Identification of a drug-response gene in multiple myeloma through longitudinal single-cell transcriptome sequencing.	True
GSM5818886	geo:GSE193695:GSM5818886	disease_free_text	multiple myeloma	file	raw/fp-7a78a7e414d4/GSE193695_family.soft.gz		bone marrow cells from a single patient with relapsed and refractory MM	True
GSM5818887	geo:GSE193695:GSM5818887	disease_free_text	multiple myeloma	file	raw/fp-7a78a7e414d4/GSE193695_family.soft.gz		bone marrow cells from a single patient with relapsed and refractory MM	True
GSM5818888	geo:GSE193695:GSM5818888	disease_free_text	multiple myeloma	file	raw/fp-7a78a7e414d4/GSE193695_family.soft.gz		bone marrow cells from a single patient with relapsed and refractory MM	True
GSM5818889	geo:GSE193695:GSM5818889	disease_free_text	multiple myeloma	file	raw/fp-7a78a7e414d4/GSE193695_family.soft.gz		bone marrow cells from a single patient with relapsed and refractory MM	True
GSM5818890	geo:GSE193695:GSM5818890	disease_free_text	multiple myeloma	file	raw/fp-7a78a7e414d4/GSE193695_family.soft.gz		bone marrow cells from a single patient with relapsed and refractory MM	True
GSM5818891	geo:GSE193695:GSM5818891	disease_free_text	multiple myeloma	file	raw/fp-7a78a7e414d4/GSE193695_family.soft.gz		bone marrow cells from a single patient with relapsed and refractory MM	True
GSM5818892	geo:GSE193695:GSM5818892	disease_free_text	multiple myeloma	file	raw/fp-7a78a7e414d4/GSE193695_family.soft.gz		bone marrow cells from a single patient with relapsed and refractory MM	True
GSM5818893	geo:GSE193695:GSM5818893	disease_free_text	multiple myeloma	file	raw/fp-7a78a7e414d4/GSE193695_family.soft.gz		bone marrow cells from a single patient with relapsed and refractory MM	True
GSM5818894	geo:GSE193695:GSM5818894	disease_free_text	multiple myeloma	file	raw/fp-7a78a7e414d4/GSE193695_family.soft.gz		bone marrow cells from a single patient with relapsed and refractory MM	True
GSM5818895	geo:GSE193695:GSM5818895	disease_free_text	multiple myeloma	file	raw/fp-7a78a7e414d4/GSE193695_family.soft.gz		bone marrow cells from a single patient with relapsed and refractory MM	True
GSM5818896	geo:GSE193695:GSM5818896	disease_free_text	multiple myeloma	file	raw/fp-7a78a7e414d4/GSE193695_family.soft.gz		bone marrow cells from a single patient with relapsed and refractory MM	True
GSM5818897	geo:GSE193695:GSM5818897	disease_free_text	multiple myeloma	file	raw/fp-7a78a7e414d4/GSE193695_family.soft.gz		bone marrow cells from a single patient with relapsed and refractory MM	True
GSM5818898	geo:GSE193695:GSM5818898	disease_free_text	multiple myeloma	file	raw/fp-7a78a7e414d4/GSE193695_family.soft.gz		bone marrow cells from a single patient with relapsed and refractory MM	True
GSM5818899	geo:GSE193695:GSM5818899	disease_free_text	multiple myeloma	file	raw/fp-7a78a7e414d4/GSE193695_family.soft.gz		bone marrow cells from a single patient with relapsed and refractory MM	True
GSM5818900	geo:GSE193695:GSM5818900	disease_free_text	multiple myeloma	file	raw/fp-7a78a7e414d4/GSE193695_family.soft.gz		bone marrow cells from a single patient with relapsed and refractory MM	True
GSM5818901	geo:GSE193695:GSM5818901	disease_free_text	multiple myeloma	file	raw/fp-7a78a7e414d4/GSE193695_family.soft.gz		bone marrow cells from a single patient with relapsed and refractory MM	True
GSM5818902	geo:GSE193695:GSM5818902	disease_free_text	multiple myeloma	file	raw/fp-7a78a7e414d4/GSE193695_family.soft.gz		bone marrow cells from a single patient with relapsed and refractory MM	True
GSM5818903	geo:GSE193695:GSM5818903	disease_free_text	multiple myeloma	file	raw/fp-7a78a7e414d4/GSE193695_family.soft.gz		bone marrow cells from a single patient with relapsed and refractory MM	True
GSM5818904	geo:GSE193695:GSM5818904	disease_free_text	multiple myeloma	file	raw/fp-7a78a7e414d4/GSE193695_family.soft.gz		bone marrow cells from a single patient with relapsed and refractory MM	True
GSM5818905	geo:GSE193695:GSM5818905	disease_free_text	multiple myeloma	file	raw/fp-7a78a7e414d4/GSE193695_family.soft.gz		bone marrow cells from a single patient with relapsed and refractory MM	True
GSM5818906	geo:GSE193695:GSM5818906	disease_free_text	multiple myeloma	file	raw/fp-7a78a7e414d4/GSE193695_family.soft.gz		bone marrow cells from a single patient with relapsed and refractory MM	True
GSM5818907	geo:GSE193695:GSM5818907	disease_free_text	multiple myeloma	file	raw/fp-7a78a7e414d4/GSE193695_family.soft.gz		bone marrow cells from a single patient with relapsed and refractory MM	True
GSM5818908	geo:GSE193695:GSM5818908	disease_free_text	multiple myeloma	file	raw/fp-7a78a7e414d4/GSE193695_family.soft.gz		bone marrow cells from a single patient with relapsed and refractory MM	True
GSM5818909	geo:GSE193695:GSM5818909	disease_free_text	multiple myeloma	file	raw/fp-7a78a7e414d4/GSE193695_family.soft.gz		bone marrow cells from a single patient with relapsed and refractory MM	True
GSM5818886	geo:GSE193695:GSM5818886	sampled_site_condition	diseased	file	raw/fp-7a78a7e414d4/GSE193695_family.soft.gz		bone marrow cells from a single patient with relapsed and refractory MM	True
GSM5818887	geo:GSE193695:GSM5818887	sampled_site_condition	diseased	file	raw/fp-7a78a7e414d4/GSE193695_family.soft.gz		bone marrow cells from a single patient with relapsed and refractory MM	True
GSM5818888	geo:GSE193695:GSM5818888	sampled_site_condition	diseased	file	raw/fp-7a78a7e414d4/GSE193695_family.soft.gz		bone marrow cells from a single patient with relapsed and refractory MM	True
GSM5818889	geo:GSE193695:GSM5818889	sampled_site_condition	diseased	file	raw/fp-7a78a7e414d4/GSE193695_family.soft.gz		bone marrow cells from a single patient with relapsed and refractory MM	True
GSM5818890	geo:GSE193695:GSM5818890	sampled_site_condition	diseased	file	raw/fp-7a78a7e414d4/GSE193695_family.soft.gz		bone marrow cells from a single patient with relapsed and refractory MM	True
GSM5818891	geo:GSE193695:GSM5818891	sampled_site_condition	diseased	file	raw/fp-7a78a7e414d4/GSE193695_family.soft.gz		bone marrow cells from a single patient with relapsed and refractory MM	True
GSM5818892	geo:GSE193695:GSM5818892	sampled_site_condition	diseased	file	raw/fp-7a78a7e414d4/GSE193695_family.soft.gz		bone marrow cells from a single patient with relapsed and refractory MM	True
GSM5818893	geo:GSE193695:GSM5818893	sampled_site_condition	diseased	file	raw/fp-7a78a7e414d4/GSE193695_family.soft.gz		bone marrow cells from a single patient with relapsed and refractory MM	True
GSM5818894	geo:GSE193695:GSM5818894	sampled_site_condition	diseased	file	raw/fp-7a78a7e414d4/GSE193695_family.soft.gz		bone marrow cells from a single patient with relapsed and refractory MM	True
GSM5818895	geo:GSE193695:GSM5818895	sampled_site_condition	diseased	file	raw/fp-7a78a7e414d4/GSE193695_family.soft.gz		bone marrow cells from a single patient with relapsed and refractory MM	True
GSM5818896	geo:GSE193695:GSM5818896	sampled_site_condition	diseased	file	raw/fp-7a78a7e414d4/GSE193695_family.soft.gz		bone marrow cells from a single patient with relapsed and refractory MM	True
GSM5818897	geo:GSE193695:GSM5818897	sampled_site_condition	diseased	file	raw/fp-7a78a7e414d4/GSE193695_family.soft.gz		bone marrow cells from a single patient with relapsed and refractory MM	True
GSM5818898	geo:GSE193695:GSM5818898	sampled_site_condition	diseased	file	raw/fp-7a78a7e414d4/GSE193695_family.soft.gz		bone marrow cells from a single patient with relapsed and refractory MM	True
GSM5818899	geo:GSE193695:GSM5818899	sampled_site_condition	diseased	file	raw/fp-7a78a7e414d4/GSE193695_family.soft.gz		bone marrow cells from a single patient with relapsed and refractory MM	True
GSM5818900	geo:GSE193695:GSM5818900	sampled_site_condition	diseased	file	raw/fp-7a78a7e414d4/GSE193695_family.soft.gz		bone marrow cells from a single patient with relapsed and refractory MM	True
GSM5818901	geo:GSE193695:GSM5818901	sampled_site_condition	diseased	file	raw/fp-7a78a7e414d4/GSE193695_family.soft.gz		bone marrow cells from a single patient with relapsed and refractory MM	True
GSM5818902	geo:GSE193695:GSM5818902	sampled_site_condition	diseased	file	raw/fp-7a78a7e414d4/GSE193695_family.soft.gz		bone marrow cells from a single patient with relapsed and refractory MM	True
GSM5818903	geo:GSE193695:GSM5818903	sampled_site_condition	diseased	file	raw/fp-7a78a7e414d4/GSE193695_family.soft.gz		bone marrow cells from a single patient with relapsed and refractory MM	True
GSM5818904	geo:GSE193695:GSM5818904	sampled_site_condition	diseased	file	raw/fp-7a78a7e414d4/GSE193695_family.soft.gz		bone marrow cells from a single patient with relapsed and refractory MM	True
GSM5818905	geo:GSE193695:GSM5818905	sampled_site_condition	diseased	file	raw/fp-7a78a7e414d4/GSE193695_family.soft.gz		bone marrow cells from a single patient with relapsed and refractory MM	True
GSM5818906	geo:GSE193695:GSM5818906	sampled_site_condition	diseased	file	raw/fp-7a78a7e414d4/GSE193695_family.soft.gz		bone marrow cells from a single patient with relapsed and refractory MM	True
GSM5818907	geo:GSE193695:GSM5818907	sampled_site_condition	diseased	file	raw/fp-7a78a7e414d4/GSE193695_family.soft.gz		bone marrow cells from a single patient with relapsed and refractory MM	True
GSM5818908	geo:GSE193695:GSM5818908	sampled_site_condition	diseased	file	raw/fp-7a78a7e414d4/GSE193695_family.soft.gz		bone marrow cells from a single patient with relapsed and refractory MM	True
GSM5818909	geo:GSE193695:GSM5818909	sampled_site_condition	diseased	file	raw/fp-7a78a7e414d4/GSE193695_family.soft.gz		bone marrow cells from a single patient with relapsed and refractory MM	True
GSM5818886	geo:GSE193695:GSM5818886	assay	CEL-seq2	file	raw/fp-7a78a7e414d4/GSE193695_family.soft.gz		Libraries were prepared according to the CEL-Seq2 protocol.	True
GSM5818887	geo:GSE193695:GSM5818887	assay	CEL-seq2	file	raw/fp-7a78a7e414d4/GSE193695_family.soft.gz		Libraries were prepared according to the CEL-Seq2 protocol.	True
GSM5818888	geo:GSE193695:GSM5818888	assay	CEL-seq2	file	raw/fp-7a78a7e414d4/GSE193695_family.soft.gz		Libraries were prepared according to the CEL-Seq2 protocol.	True
GSM5818889	geo:GSE193695:GSM5818889	assay	CEL-seq2	file	raw/fp-7a78a7e414d4/GSE193695_family.soft.gz		Libraries were prepared according to the CEL-Seq2 protocol.	True
GSM5818890	geo:GSE193695:GSM5818890	assay	CEL-seq2	file	raw/fp-7a78a7e414d4/GSE193695_family.soft.gz		Libraries were prepared according to the CEL-Seq2 protocol.	True
GSM5818891	geo:GSE193695:GSM5818891	assay	CEL-seq2	file	raw/fp-7a78a7e414d4/GSE193695_family.soft.gz		Libraries were prepared according to the CEL-Seq2 protocol.	True
GSM5818892	geo:GSE193695:GSM5818892	assay	CEL-seq2	file	raw/fp-7a78a7e414d4/GSE193695_family.soft.gz		Libraries were prepared according to the CEL-Seq2 protocol.	True
GSM5818893	geo:GSE193695:GSM5818893	assay	CEL-seq2	file	raw/fp-7a78a7e414d4/GSE193695_family.soft.gz		Libraries were prepared according to the CEL-Seq2 protocol.	True
GSM5818894	geo:GSE193695:GSM5818894	assay	CEL-seq2	file	raw/fp-7a78a7e414d4/GSE193695_family.soft.gz		Libraries were prepared according to the CEL-Seq2 protocol.	True
GSM5818895	geo:GSE193695:GSM5818895	assay	CEL-seq2	file	raw/fp-7a78a7e414d4/GSE193695_family.soft.gz		Libraries were prepared according to the CEL-Seq2 protocol.	True
GSM5818896	geo:GSE193695:GSM5818896	assay	CEL-seq2	file	raw/fp-7a78a7e414d4/GSE193695_family.soft.gz		Libraries were prepared according to the CEL-Seq2 protocol.	True
GSM5818897	geo:GSE193695:GSM5818897	assay	CEL-seq2	file	raw/fp-7a78a7e414d4/GSE193695_family.soft.gz		Libraries were prepared according to the CEL-Seq2 protocol.	True
GSM5818898	geo:GSE193695:GSM5818898	assay	CEL-seq2	file	raw/fp-7a78a7e414d4/GSE193695_family.soft.gz		Libraries were prepared according to the CEL-Seq2 protocol.	True
GSM5818899	geo:GSE193695:GSM5818899	assay	CEL-seq2	file	raw/fp-7a78a7e414d4/GSE193695_family.soft.gz		Libraries were prepared according to the CEL-Seq2 protocol.	True
GSM5818900	geo:GSE193695:GSM5818900	assay	CEL-seq2	file	raw/fp-7a78a7e414d4/GSE193695_family.soft.gz		Libraries were prepared according to the CEL-Seq2 protocol.	True
GSM5818901	geo:GSE193695:GSM5818901	assay	CEL-seq2	file	raw/fp-7a78a7e414d4/GSE193695_family.soft.gz		Libraries were prepared according to the CEL-Seq2 protocol.	True
GSM5818902	geo:GSE193695:GSM5818902	assay	CEL-seq2	file	raw/fp-7a78a7e414d4/GSE193695_family.soft.gz		Libraries were prepared according to the CEL-Seq2 protocol.	True
GSM5818903	geo:GSE193695:GSM5818903	assay	CEL-seq2	file	raw/fp-7a78a7e414d4/GSE193695_family.soft.gz		Libraries were prepared according to the CEL-Seq2 protocol.	True
GSM5818904	geo:GSE193695:GSM5818904	assay	CEL-seq2	file	raw/fp-7a78a7e414d4/GSE193695_family.soft.gz		Libraries were prepared according to the CEL-Seq2 protocol.	True
GSM5818905	geo:GSE193695:GSM5818905	assay	CEL-seq2	file	raw/fp-7a78a7e414d4/GSE193695_family.soft.gz		Libraries were prepared according to the CEL-Seq2 protocol.	True
GSM5818906	geo:GSE193695:GSM5818906	assay	CEL-seq2	file	raw/fp-7a78a7e414d4/GSE193695_family.soft.gz		Libraries were prepared according to the CEL-Seq2 protocol.	True
GSM5818907	geo:GSE193695:GSM5818907	assay	CEL-seq2	file	raw/fp-7a78a7e414d4/GSE193695_family.soft.gz		Libraries were prepared according to the CEL-Seq2 protocol.	True
GSM5818908	geo:GSE193695:GSM5818908	assay	CEL-seq2	file	raw/fp-7a78a7e414d4/GSE193695_family.soft.gz		Libraries were prepared according to the CEL-Seq2 protocol.	True
GSM5818909	geo:GSE193695:GSM5818909	assay	CEL-seq2	file	raw/fp-7a78a7e414d4/GSE193695_family.soft.gz		Libraries were prepared according to the CEL-Seq2 protocol.	True
GSM5818886	geo:GSE193695:GSM5818886	suspension_type	cell	file	raw/fp-7a78a7e414d4/GSE193695_family.soft.gz		Single cell sort of MM cells was performed in 384 well plates using FACS.	True
GSM5818887	geo:GSE193695:GSM5818887	suspension_type	cell	file	raw/fp-7a78a7e414d4/GSE193695_family.soft.gz		Single cell sort of MM cells was performed in 384 well plates using FACS.	True
GSM5818888	geo:GSE193695:GSM5818888	suspension_type	cell	file	raw/fp-7a78a7e414d4/GSE193695_family.soft.gz		Single cell sort of MM cells was performed in 384 well plates using FACS.	True
GSM5818889	geo:GSE193695:GSM5818889	suspension_type	cell	file	raw/fp-7a78a7e414d4/GSE193695_family.soft.gz		Single cell sort of MM cells was performed in 384 well plates using FACS.	True
GSM5818890	geo:GSE193695:GSM5818890	suspension_type	cell	file	raw/fp-7a78a7e414d4/GSE193695_family.soft.gz		Single cell sort of MM cells was performed in 384 well plates using FACS.	True
GSM5818891	geo:GSE193695:GSM5818891	suspension_type	cell	file	raw/fp-7a78a7e414d4/GSE193695_family.soft.gz		Single cell sort of MM cells was performed in 384 well plates using FACS.	True
GSM5818892	geo:GSE193695:GSM5818892	suspension_type	cell	file	raw/fp-7a78a7e414d4/GSE193695_family.soft.gz		Single cell sort of MM cells was performed in 384 well plates using FACS.	True
GSM5818893	geo:GSE193695:GSM5818893	suspension_type	cell	file	raw/fp-7a78a7e414d4/GSE193695_family.soft.gz		Single cell sort of MM cells was performed in 384 well plates using FACS.	True
GSM5818894	geo:GSE193695:GSM5818894	suspension_type	cell	file	raw/fp-7a78a7e414d4/GSE193695_family.soft.gz		Single cell sort of MM cells was performed in 384 well plates using FACS.	True
GSM5818895	geo:GSE193695:GSM5818895	suspension_type	cell	file	raw/fp-7a78a7e414d4/GSE193695_family.soft.gz		Single cell sort of MM cells was performed in 384 well plates using FACS.	True
GSM5818896	geo:GSE193695:GSM5818896	suspension_type	cell	file	raw/fp-7a78a7e414d4/GSE193695_family.soft.gz		Single cell sort of MM cells was performed in 384 well plates using FACS.	True
GSM5818897	geo:GSE193695:GSM5818897	suspension_type	cell	file	raw/fp-7a78a7e414d4/GSE193695_family.soft.gz		Single cell sort of MM cells was performed in 384 well plates using FACS.	True
GSM5818898	geo:GSE193695:GSM5818898	suspension_type	cell	file	raw/fp-7a78a7e414d4/GSE193695_family.soft.gz		Single cell sort of MM cells was performed in 384 well plates using FACS.	True
GSM5818899	geo:GSE193695:GSM5818899	suspension_type	cell	file	raw/fp-7a78a7e414d4/GSE193695_family.soft.gz		Single cell sort of MM cells was performed in 384 well plates using FACS.	True
GSM5818900	geo:GSE193695:GSM5818900	suspension_type	cell	file	raw/fp-7a78a7e414d4/GSE193695_family.soft.gz		Single cell sort of MM cells was performed in 384 well plates using FACS.	True
GSM5818901	geo:GSE193695:GSM5818901	suspension_type	cell	file	raw/fp-7a78a7e414d4/GSE193695_family.soft.gz		Single cell sort of MM cells was performed in 384 well plates using FACS.	True
GSM5818902	geo:GSE193695:GSM5818902	suspension_type	cell	file	raw/fp-7a78a7e414d4/GSE193695_family.soft.gz		Single cell sort of MM cells was performed in 384 well plates using FACS.	True
GSM5818903	geo:GSE193695:GSM5818903	suspension_type	cell	file	raw/fp-7a78a7e414d4/GSE193695_family.soft.gz		Single cell sort of MM cells was performed in 384 well plates using FACS.	True
GSM5818904	geo:GSE193695:GSM5818904	suspension_type	cell	file	raw/fp-7a78a7e414d4/GSE193695_family.soft.gz		Single cell sort of MM cells was performed in 384 well plates using FACS.	True
GSM5818905	geo:GSE193695:GSM5818905	suspension_type	cell	file	raw/fp-7a78a7e414d4/GSE193695_family.soft.gz		Single cell sort of MM cells was performed in 384 well plates using FACS.	True
GSM5818906	geo:GSE193695:GSM5818906	suspension_type	cell	file	raw/fp-7a78a7e414d4/GSE193695_family.soft.gz		Single cell sort of MM cells was performed in 384 well plates using FACS.	True
GSM5818907	geo:GSE193695:GSM5818907	suspension_type	cell	file	raw/fp-7a78a7e414d4/GSE193695_family.soft.gz		Single cell sort of MM cells was performed in 384 well plates using FACS.	True
GSM5818908	geo:GSE193695:GSM5818908	suspension_type	cell	file	raw/fp-7a78a7e414d4/GSE193695_family.soft.gz		Single cell sort of MM cells was performed in 384 well plates using FACS.	True
GSM5818909	geo:GSE193695:GSM5818909	suspension_type	cell	file	raw/fp-7a78a7e414d4/GSE193695_family.soft.gz		Single cell sort of MM cells was performed in 384 well plates using FACS.	True
GSM5818886	geo:GSE193695:GSM5818886	cell_enrichment	CD38++CD45-CD19-	file	raw/fp-7a78a7e414d4/GSE193695_family.soft.gz		!Sample_characteristics_ch1 = selection marker: CD38++CD45-CD19-	True
GSM5818887	geo:GSE193695:GSM5818887	cell_enrichment	CD38++CD45-CD19-	file	raw/fp-7a78a7e414d4/GSE193695_family.soft.gz		!Sample_characteristics_ch1 = selection marker: CD38++CD45-CD19-	True
GSM5818888	geo:GSE193695:GSM5818888	cell_enrichment	CD38++CD45-CD19-	file	raw/fp-7a78a7e414d4/GSE193695_family.soft.gz		!Sample_characteristics_ch1 = selection marker: CD38++CD45-CD19-	True
GSM5818889	geo:GSE193695:GSM5818889	cell_enrichment	CD38++CD45-CD19-	file	raw/fp-7a78a7e414d4/GSE193695_family.soft.gz		!Sample_characteristics_ch1 = selection marker: CD38++CD45-CD19-	True
GSM5818890	geo:GSE193695:GSM5818890	cell_enrichment	CD38++CD45-CD19-	file	raw/fp-7a78a7e414d4/GSE193695_family.soft.gz		!Sample_characteristics_ch1 = selection marker: CD38++CD45-CD19-	True
GSM5818891	geo:GSE193695:GSM5818891	cell_enrichment	CD38++CD45-CD19-	file	raw/fp-7a78a7e414d4/GSE193695_family.soft.gz		!Sample_characteristics_ch1 = selection marker: CD38++CD45-CD19-	True
GSM5818892	geo:GSE193695:GSM5818892	cell_enrichment	CD38++CD45-CD19-	file	raw/fp-7a78a7e414d4/GSE193695_family.soft.gz		!Sample_characteristics_ch1 = selection marker: CD38++CD45-CD19-	True
GSM5818893	geo:GSE193695:GSM5818893	cell_enrichment	CD38++CD45-CD19-	file	raw/fp-7a78a7e414d4/GSE193695_family.soft.gz		!Sample_characteristics_ch1 = selection marker: CD38++CD45-CD19-	True
GSM5818894	geo:GSE193695:GSM5818894	cell_enrichment	CD38++CD45-CD19-	file	raw/fp-7a78a7e414d4/GSE193695_family.soft.gz		!Sample_characteristics_ch1 = selection marker: CD38++CD45-CD19-	True
GSM5818895	geo:GSE193695:GSM5818895	cell_enrichment	CD38++CD45-CD19-	file	raw/fp-7a78a7e414d4/GSE193695_family.soft.gz		!Sample_characteristics_ch1 = selection marker: CD38++CD45-CD19-	True
GSM5818896	geo:GSE193695:GSM5818896	cell_enrichment	CD38++CD45-CD19-	file	raw/fp-7a78a7e414d4/GSE193695_family.soft.gz		!Sample_characteristics_ch1 = selection marker: CD38++CD45-CD19-	True
GSM5818897	geo:GSE193695:GSM5818897	cell_enrichment	CD38++CD45-CD19-	file	raw/fp-7a78a7e414d4/GSE193695_family.soft.gz		!Sample_characteristics_ch1 = selection marker: CD38++CD45-CD19-	True
GSM5818898	geo:GSE193695:GSM5818898	cell_enrichment	CD38++CD45-CD19-	file	raw/fp-7a78a7e414d4/GSE193695_family.soft.gz		!Sample_characteristics_ch1 = selection marker: CD38++CD45-CD19-	True
GSM5818899	geo:GSE193695:GSM5818899	cell_enrichment	CD38++CD45-CD19-	file	raw/fp-7a78a7e414d4/GSE193695_family.soft.gz		!Sample_characteristics_ch1 = selection marker: CD38++CD45-CD19-	True
GSM5818900	geo:GSE193695:GSM5818900	cell_enrichment	CD38++CD45-CD19-	file	raw/fp-7a78a7e414d4/GSE193695_family.soft.gz		!Sample_characteristics_ch1 = selection marker: CD38++CD45-CD19-	True
GSM5818901	geo:GSE193695:GSM5818901	cell_enrichment	CD38++CD45-CD19-	file	raw/fp-7a78a7e414d4/GSE193695_family.soft.gz		!Sample_characteristics_ch1 = selection marker: CD38++CD45-CD19-	True
GSM5818902	geo:GSE193695:GSM5818902	cell_enrichment	CD38++CD45-CD19-	file	raw/fp-7a78a7e414d4/GSE193695_family.soft.gz		!Sample_characteristics_ch1 = selection marker: CD38++CD45-CD19-	True
GSM5818903	geo:GSE193695:GSM5818903	cell_enrichment	CD38++CD45-CD19-	file	raw/fp-7a78a7e414d4/GSE193695_family.soft.gz		!Sample_characteristics_ch1 = selection marker: CD38++CD45-CD19-	True
GSM5818904	geo:GSE193695:GSM5818904	cell_enrichment	CD38++CD45-CD19-	file	raw/fp-7a78a7e414d4/GSE193695_family.soft.gz		!Sample_characteristics_ch1 = selection marker: CD38++CD45-CD19-	True
GSM5818905	geo:GSE193695:GSM5818905	cell_enrichment	CD38++CD45-CD19-	file	raw/fp-7a78a7e414d4/GSE193695_family.soft.gz		!Sample_characteristics_ch1 = selection marker: CD38++CD45-CD19-	True
GSM5818906	geo:GSE193695:GSM5818906	cell_enrichment	CD38++CD45-CD19-	file	raw/fp-7a78a7e414d4/GSE193695_family.soft.gz		!Sample_characteristics_ch1 = selection marker: CD38++CD45-CD19-	True
GSM5818907	geo:GSE193695:GSM5818907	cell_enrichment	CD38++CD45-CD19-	file	raw/fp-7a78a7e414d4/GSE193695_family.soft.gz		!Sample_characteristics_ch1 = selection marker: CD38++CD45-CD19-	True
GSM5818908	geo:GSE193695:GSM5818908	cell_enrichment	CD38++CD45-CD19-	file	raw/fp-7a78a7e414d4/GSE193695_family.soft.gz		!Sample_characteristics_ch1 = selection marker: CD38++CD45-CD19-	True
GSM5818909	geo:GSE193695:GSM5818909	cell_enrichment	CD38++CD45-CD19-	file	raw/fp-7a78a7e414d4/GSE193695_family.soft.gz		!Sample_characteristics_ch1 = selection marker: CD38++CD45-CD19-	True
GSM5818886	geo:GSE193695:GSM5818886	cell_enrichment	CD38++CD45-CD19-	file	evidence/PMC9386061.txt		After doublet exclusion, CD38 ++ CD45 − CD19 − cells were index-sorted into 384-well plates	True
GSM5818887	geo:GSE193695:GSM5818887	cell_enrichment	CD38++CD45-CD19-	file	evidence/PMC9386061.txt		After doublet exclusion, CD38 ++ CD45 − CD19 − cells were index-sorted into 384-well plates	True
GSM5818888	geo:GSE193695:GSM5818888	cell_enrichment	CD38++CD45-CD19-	file	evidence/PMC9386061.txt		After doublet exclusion, CD38 ++ CD45 − CD19 − cells were index-sorted into 384-well plates	True
GSM5818889	geo:GSE193695:GSM5818889	cell_enrichment	CD38++CD45-CD19-	file	evidence/PMC9386061.txt		After doublet exclusion, CD38 ++ CD45 − CD19 − cells were index-sorted into 384-well plates	True
GSM5818890	geo:GSE193695:GSM5818890	cell_enrichment	CD38++CD45-CD19-	file	evidence/PMC9386061.txt		After doublet exclusion, CD38 ++ CD45 − CD19 − cells were index-sorted into 384-well plates	True
GSM5818891	geo:GSE193695:GSM5818891	cell_enrichment	CD38++CD45-CD19-	file	evidence/PMC9386061.txt		After doublet exclusion, CD38 ++ CD45 − CD19 − cells were index-sorted into 384-well plates	True
GSM5818892	geo:GSE193695:GSM5818892	cell_enrichment	CD38++CD45-CD19-	file	evidence/PMC9386061.txt		After doublet exclusion, CD38 ++ CD45 − CD19 − cells were index-sorted into 384-well plates	True
GSM5818893	geo:GSE193695:GSM5818893	cell_enrichment	CD38++CD45-CD19-	file	evidence/PMC9386061.txt		After doublet exclusion, CD38 ++ CD45 − CD19 − cells were index-sorted into 384-well plates	True
GSM5818894	geo:GSE193695:GSM5818894	cell_enrichment	CD38++CD45-CD19-	file	evidence/PMC9386061.txt		After doublet exclusion, CD38 ++ CD45 − CD19 − cells were index-sorted into 384-well plates	True
GSM5818895	geo:GSE193695:GSM5818895	cell_enrichment	CD38++CD45-CD19-	file	evidence/PMC9386061.txt		After doublet exclusion, CD38 ++ CD45 − CD19 − cells were index-sorted into 384-well plates	True
GSM5818896	geo:GSE193695:GSM5818896	cell_enrichment	CD38++CD45-CD19-	file	evidence/PMC9386061.txt		After doublet exclusion, CD38 ++ CD45 − CD19 − cells were index-sorted into 384-well plates	True
GSM5818897	geo:GSE193695:GSM5818897	cell_enrichment	CD38++CD45-CD19-	file	evidence/PMC9386061.txt		After doublet exclusion, CD38 ++ CD45 − CD19 − cells were index-sorted into 384-well plates	True
GSM5818898	geo:GSE193695:GSM5818898	cell_enrichment	CD38++CD45-CD19-	file	evidence/PMC9386061.txt		After doublet exclusion, CD38 ++ CD45 − CD19 − cells were index-sorted into 384-well plates	True
GSM5818899	geo:GSE193695:GSM5818899	cell_enrichment	CD38++CD45-CD19-	file	evidence/PMC9386061.txt		After doublet exclusion, CD38 ++ CD45 − CD19 − cells were index-sorted into 384-well plates	True
GSM5818900	geo:GSE193695:GSM5818900	cell_enrichment	CD38++CD45-CD19-	file	evidence/PMC9386061.txt		After doublet exclusion, CD38 ++ CD45 − CD19 − cells were index-sorted into 384-well plates	True
GSM5818901	geo:GSE193695:GSM5818901	cell_enrichment	CD38++CD45-CD19-	file	evidence/PMC9386061.txt		After doublet exclusion, CD38 ++ CD45 − CD19 − cells were index-sorted into 384-well plates	True
GSM5818902	geo:GSE193695:GSM5818902	cell_enrichment	CD38++CD45-CD19-	file	evidence/PMC9386061.txt		After doublet exclusion, CD38 ++ CD45 − CD19 − cells were index-sorted into 384-well plates	True
GSM5818903	geo:GSE193695:GSM5818903	cell_enrichment	CD38++CD45-CD19-	file	evidence/PMC9386061.txt		After doublet exclusion, CD38 ++ CD45 − CD19 − cells were index-sorted into 384-well plates	True
GSM5818904	geo:GSE193695:GSM5818904	cell_enrichment	CD38++CD45-CD19-	file	evidence/PMC9386061.txt		After doublet exclusion, CD38 ++ CD45 − CD19 − cells were index-sorted into 384-well plates	True
GSM5818905	geo:GSE193695:GSM5818905	cell_enrichment	CD38++CD45-CD19-	file	evidence/PMC9386061.txt		After doublet exclusion, CD38 ++ CD45 − CD19 − cells were index-sorted into 384-well plates	True
GSM5818906	geo:GSE193695:GSM5818906	cell_enrichment	CD38++CD45-CD19-	file	evidence/PMC9386061.txt		After doublet exclusion, CD38 ++ CD45 − CD19 − cells were index-sorted into 384-well plates	True
GSM5818907	geo:GSE193695:GSM5818907	cell_enrichment	CD38++CD45-CD19-	file	evidence/PMC9386061.txt		After doublet exclusion, CD38 ++ CD45 − CD19 − cells were index-sorted into 384-well plates	True
GSM5818908	geo:GSE193695:GSM5818908	cell_enrichment	CD38++CD45-CD19-	file	evidence/PMC9386061.txt		After doublet exclusion, CD38 ++ CD45 − CD19 − cells were index-sorted into 384-well plates	True
GSM5818909	geo:GSE193695:GSM5818909	cell_enrichment	CD38++CD45-CD19-	file	evidence/PMC9386061.txt		After doublet exclusion, CD38 ++ CD45 − CD19 − cells were index-sorted into 384-well plates	True
GSM5818910	geo:GSE193695:GSM5818910	donor_id	patient	file	raw/fp-7a78a7e414d4/GSE193695_family.soft.gz		bone marrow cells from a single patient with relapsed and refractory MM	True
GSM5818911	geo:GSE193695:GSM5818911	donor_id	patient	file	raw/fp-7a78a7e414d4/GSE193695_family.soft.gz		bone marrow cells from a single patient with relapsed and refractory MM	True
GSM5818912	geo:GSE193695:GSM5818912	donor_id	patient	file	raw/fp-7a78a7e414d4/GSE193695_family.soft.gz		bone marrow cells from a single patient with relapsed and refractory MM	True
GSM5818913	geo:GSE193695:GSM5818913	donor_id	patient	file	raw/fp-7a78a7e414d4/GSE193695_family.soft.gz		bone marrow cells from a single patient with relapsed and refractory MM	True
GSM5818914	geo:GSE193695:GSM5818914	donor_id	patient	file	raw/fp-7a78a7e414d4/GSE193695_family.soft.gz		bone marrow cells from a single patient with relapsed and refractory MM	True
GSM5818915	geo:GSE193695:GSM5818915	donor_id	patient	file	raw/fp-7a78a7e414d4/GSE193695_family.soft.gz		bone marrow cells from a single patient with relapsed and refractory MM	True
GSM5818916	geo:GSE193695:GSM5818916	donor_id	patient	file	raw/fp-7a78a7e414d4/GSE193695_family.soft.gz		bone marrow cells from a single patient with relapsed and refractory MM	True
GSM5818917	geo:GSE193695:GSM5818917	donor_id	patient	file	raw/fp-7a78a7e414d4/GSE193695_family.soft.gz		bone marrow cells from a single patient with relapsed and refractory MM	True
GSM5818918	geo:GSE193695:GSM5818918	donor_id	patient	file	raw/fp-7a78a7e414d4/GSE193695_family.soft.gz		bone marrow cells from a single patient with relapsed and refractory MM	True
GSM5818919	geo:GSE193695:GSM5818919	donor_id	patient	file	raw/fp-7a78a7e414d4/GSE193695_family.soft.gz		bone marrow cells from a single patient with relapsed and refractory MM	True
GSM5818920	geo:GSE193695:GSM5818920	donor_id	patient	file	raw/fp-7a78a7e414d4/GSE193695_family.soft.gz		bone marrow cells from a single patient with relapsed and refractory MM	True
GSM5818921	geo:GSE193695:GSM5818921	donor_id	patient	file	raw/fp-7a78a7e414d4/GSE193695_family.soft.gz		bone marrow cells from a single patient with relapsed and refractory MM	True
GSM5818922	geo:GSE193695:GSM5818922	donor_id	patient	file	raw/fp-7a78a7e414d4/GSE193695_family.soft.gz		bone marrow cells from a single patient with relapsed and refractory MM	True
GSM5818923	geo:GSE193695:GSM5818923	donor_id	patient	file	raw/fp-7a78a7e414d4/GSE193695_family.soft.gz		bone marrow cells from a single patient with relapsed and refractory MM	True
GSM5818924	geo:GSE193695:GSM5818924	donor_id	patient	file	raw/fp-7a78a7e414d4/GSE193695_family.soft.gz		bone marrow cells from a single patient with relapsed and refractory MM	True
GSM5818925	geo:GSE193695:GSM5818925	donor_id	patient	file	raw/fp-7a78a7e414d4/GSE193695_family.soft.gz		bone marrow cells from a single patient with relapsed and refractory MM	True
GSM5818926	geo:GSE193695:GSM5818926	donor_id	patient	file	raw/fp-7a78a7e414d4/GSE193695_family.soft.gz		bone marrow cells from a single patient with relapsed and refractory MM	True
GSM5818927	geo:GSE193695:GSM5818927	donor_id	patient	file	raw/fp-7a78a7e414d4/GSE193695_family.soft.gz		bone marrow cells from a single patient with relapsed and refractory MM	True
GSM5818910	geo:GSE193695:GSM5818910	donor_id	patient	file	evidence/PMC9386061.txt		we recruited a patient with relapsed and refractory MM	True
GSM5818911	geo:GSE193695:GSM5818911	donor_id	patient	file	evidence/PMC9386061.txt		we recruited a patient with relapsed and refractory MM	True
GSM5818912	geo:GSE193695:GSM5818912	donor_id	patient	file	evidence/PMC9386061.txt		we recruited a patient with relapsed and refractory MM	True
GSM5818913	geo:GSE193695:GSM5818913	donor_id	patient	file	evidence/PMC9386061.txt		we recruited a patient with relapsed and refractory MM	True
GSM5818914	geo:GSE193695:GSM5818914	donor_id	patient	file	evidence/PMC9386061.txt		we recruited a patient with relapsed and refractory MM	True
GSM5818915	geo:GSE193695:GSM5818915	donor_id	patient	file	evidence/PMC9386061.txt		we recruited a patient with relapsed and refractory MM	True
GSM5818916	geo:GSE193695:GSM5818916	donor_id	patient	file	evidence/PMC9386061.txt		we recruited a patient with relapsed and refractory MM	True
GSM5818917	geo:GSE193695:GSM5818917	donor_id	patient	file	evidence/PMC9386061.txt		we recruited a patient with relapsed and refractory MM	True
GSM5818918	geo:GSE193695:GSM5818918	donor_id	patient	file	evidence/PMC9386061.txt		we recruited a patient with relapsed and refractory MM	True
GSM5818919	geo:GSE193695:GSM5818919	donor_id	patient	file	evidence/PMC9386061.txt		we recruited a patient with relapsed and refractory MM	True
GSM5818920	geo:GSE193695:GSM5818920	donor_id	patient	file	evidence/PMC9386061.txt		we recruited a patient with relapsed and refractory MM	True
GSM5818921	geo:GSE193695:GSM5818921	donor_id	patient	file	evidence/PMC9386061.txt		we recruited a patient with relapsed and refractory MM	True
GSM5818922	geo:GSE193695:GSM5818922	donor_id	patient	file	evidence/PMC9386061.txt		we recruited a patient with relapsed and refractory MM	True
GSM5818923	geo:GSE193695:GSM5818923	donor_id	patient	file	evidence/PMC9386061.txt		we recruited a patient with relapsed and refractory MM	True
GSM5818924	geo:GSE193695:GSM5818924	donor_id	patient	file	evidence/PMC9386061.txt		we recruited a patient with relapsed and refractory MM	True
GSM5818925	geo:GSE193695:GSM5818925	donor_id	patient	file	evidence/PMC9386061.txt		we recruited a patient with relapsed and refractory MM	True
GSM5818926	geo:GSE193695:GSM5818926	donor_id	patient	file	evidence/PMC9386061.txt		we recruited a patient with relapsed and refractory MM	True
GSM5818927	geo:GSE193695:GSM5818927	donor_id	patient	file	evidence/PMC9386061.txt		we recruited a patient with relapsed and refractory MM	True
GSM5818910	geo:GSE193695:GSM5818910	donor_id	patient	file	evidence/PMC9386061.txt		The patient was a 67-year-old man with MM at diagnosis.	True
GSM5818911	geo:GSE193695:GSM5818911	donor_id	patient	file	evidence/PMC9386061.txt		The patient was a 67-year-old man with MM at diagnosis.	True
GSM5818912	geo:GSE193695:GSM5818912	donor_id	patient	file	evidence/PMC9386061.txt		The patient was a 67-year-old man with MM at diagnosis.	True
GSM5818913	geo:GSE193695:GSM5818913	donor_id	patient	file	evidence/PMC9386061.txt		The patient was a 67-year-old man with MM at diagnosis.	True
GSM5818914	geo:GSE193695:GSM5818914	donor_id	patient	file	evidence/PMC9386061.txt		The patient was a 67-year-old man with MM at diagnosis.	True
GSM5818915	geo:GSE193695:GSM5818915	donor_id	patient	file	evidence/PMC9386061.txt		The patient was a 67-year-old man with MM at diagnosis.	True
GSM5818916	geo:GSE193695:GSM5818916	donor_id	patient	file	evidence/PMC9386061.txt		The patient was a 67-year-old man with MM at diagnosis.	True
GSM5818917	geo:GSE193695:GSM5818917	donor_id	patient	file	evidence/PMC9386061.txt		The patient was a 67-year-old man with MM at diagnosis.	True
GSM5818918	geo:GSE193695:GSM5818918	donor_id	patient	file	evidence/PMC9386061.txt		The patient was a 67-year-old man with MM at diagnosis.	True
GSM5818919	geo:GSE193695:GSM5818919	donor_id	patient	file	evidence/PMC9386061.txt		The patient was a 67-year-old man with MM at diagnosis.	True
GSM5818920	geo:GSE193695:GSM5818920	donor_id	patient	file	evidence/PMC9386061.txt		The patient was a 67-year-old man with MM at diagnosis.	True
GSM5818921	geo:GSE193695:GSM5818921	donor_id	patient	file	evidence/PMC9386061.txt		The patient was a 67-year-old man with MM at diagnosis.	True
GSM5818922	geo:GSE193695:GSM5818922	donor_id	patient	file	evidence/PMC9386061.txt		The patient was a 67-year-old man with MM at diagnosis.	True
GSM5818923	geo:GSE193695:GSM5818923	donor_id	patient	file	evidence/PMC9386061.txt		The patient was a 67-year-old man with MM at diagnosis.	True
GSM5818924	geo:GSE193695:GSM5818924	donor_id	patient	file	evidence/PMC9386061.txt		The patient was a 67-year-old man with MM at diagnosis.	True
GSM5818925	geo:GSE193695:GSM5818925	donor_id	patient	file	evidence/PMC9386061.txt		The patient was a 67-year-old man with MM at diagnosis.	True
GSM5818926	geo:GSE193695:GSM5818926	donor_id	patient	file	evidence/PMC9386061.txt		The patient was a 67-year-old man with MM at diagnosis.	True
GSM5818927	geo:GSE193695:GSM5818927	donor_id	patient	file	evidence/PMC9386061.txt		The patient was a 67-year-old man with MM at diagnosis.	True
GSM5818910	geo:GSE193695:GSM5818910	sex	male	file	evidence/PMC9386061.txt		The patient was a 67-year-old man with MM at diagnosis.	True
GSM5818911	geo:GSE193695:GSM5818911	sex	male	file	evidence/PMC9386061.txt		The patient was a 67-year-old man with MM at diagnosis.	True
GSM5818912	geo:GSE193695:GSM5818912	sex	male	file	evidence/PMC9386061.txt		The patient was a 67-year-old man with MM at diagnosis.	True
GSM5818913	geo:GSE193695:GSM5818913	sex	male	file	evidence/PMC9386061.txt		The patient was a 67-year-old man with MM at diagnosis.	True
GSM5818914	geo:GSE193695:GSM5818914	sex	male	file	evidence/PMC9386061.txt		The patient was a 67-year-old man with MM at diagnosis.	True
GSM5818915	geo:GSE193695:GSM5818915	sex	male	file	evidence/PMC9386061.txt		The patient was a 67-year-old man with MM at diagnosis.	True
GSM5818916	geo:GSE193695:GSM5818916	sex	male	file	evidence/PMC9386061.txt		The patient was a 67-year-old man with MM at diagnosis.	True
GSM5818917	geo:GSE193695:GSM5818917	sex	male	file	evidence/PMC9386061.txt		The patient was a 67-year-old man with MM at diagnosis.	True
GSM5818918	geo:GSE193695:GSM5818918	sex	male	file	evidence/PMC9386061.txt		The patient was a 67-year-old man with MM at diagnosis.	True
GSM5818919	geo:GSE193695:GSM5818919	sex	male	file	evidence/PMC9386061.txt		The patient was a 67-year-old man with MM at diagnosis.	True
GSM5818920	geo:GSE193695:GSM5818920	sex	male	file	evidence/PMC9386061.txt		The patient was a 67-year-old man with MM at diagnosis.	True
GSM5818921	geo:GSE193695:GSM5818921	sex	male	file	evidence/PMC9386061.txt		The patient was a 67-year-old man with MM at diagnosis.	True
GSM5818922	geo:GSE193695:GSM5818922	sex	male	file	evidence/PMC9386061.txt		The patient was a 67-year-old man with MM at diagnosis.	True
GSM5818923	geo:GSE193695:GSM5818923	sex	male	file	evidence/PMC9386061.txt		The patient was a 67-year-old man with MM at diagnosis.	True
GSM5818924	geo:GSE193695:GSM5818924	sex	male	file	evidence/PMC9386061.txt		The patient was a 67-year-old man with MM at diagnosis.	True
GSM5818925	geo:GSE193695:GSM5818925	sex	male	file	evidence/PMC9386061.txt		The patient was a 67-year-old man with MM at diagnosis.	True
GSM5818926	geo:GSE193695:GSM5818926	sex	male	file	evidence/PMC9386061.txt		The patient was a 67-year-old man with MM at diagnosis.	True
GSM5818927	geo:GSE193695:GSM5818927	sex	male	file	evidence/PMC9386061.txt		The patient was a 67-year-old man with MM at diagnosis.	True
GSM5818910	geo:GSE193695:GSM5818910	sex	male	file	evidence/PMC9386061.txt		A 67-year-old man, who had undergone a routine medical examination	True
GSM5818911	geo:GSE193695:GSM5818911	sex	male	file	evidence/PMC9386061.txt		A 67-year-old man, who had undergone a routine medical examination	True
GSM5818912	geo:GSE193695:GSM5818912	sex	male	file	evidence/PMC9386061.txt		A 67-year-old man, who had undergone a routine medical examination	True
GSM5818913	geo:GSE193695:GSM5818913	sex	male	file	evidence/PMC9386061.txt		A 67-year-old man, who had undergone a routine medical examination	True
GSM5818914	geo:GSE193695:GSM5818914	sex	male	file	evidence/PMC9386061.txt		A 67-year-old man, who had undergone a routine medical examination	True
GSM5818915	geo:GSE193695:GSM5818915	sex	male	file	evidence/PMC9386061.txt		A 67-year-old man, who had undergone a routine medical examination	True
GSM5818916	geo:GSE193695:GSM5818916	sex	male	file	evidence/PMC9386061.txt		A 67-year-old man, who had undergone a routine medical examination	True
GSM5818917	geo:GSE193695:GSM5818917	sex	male	file	evidence/PMC9386061.txt		A 67-year-old man, who had undergone a routine medical examination	True
GSM5818918	geo:GSE193695:GSM5818918	sex	male	file	evidence/PMC9386061.txt		A 67-year-old man, who had undergone a routine medical examination	True
GSM5818919	geo:GSE193695:GSM5818919	sex	male	file	evidence/PMC9386061.txt		A 67-year-old man, who had undergone a routine medical examination	True
GSM5818920	geo:GSE193695:GSM5818920	sex	male	file	evidence/PMC9386061.txt		A 67-year-old man, who had undergone a routine medical examination	True
GSM5818921	geo:GSE193695:GSM5818921	sex	male	file	evidence/PMC9386061.txt		A 67-year-old man, who had undergone a routine medical examination	True
GSM5818922	geo:GSE193695:GSM5818922	sex	male	file	evidence/PMC9386061.txt		A 67-year-old man, who had undergone a routine medical examination	True
GSM5818923	geo:GSE193695:GSM5818923	sex	male	file	evidence/PMC9386061.txt		A 67-year-old man, who had undergone a routine medical examination	True
GSM5818924	geo:GSE193695:GSM5818924	sex	male	file	evidence/PMC9386061.txt		A 67-year-old man, who had undergone a routine medical examination	True
GSM5818925	geo:GSE193695:GSM5818925	sex	male	file	evidence/PMC9386061.txt		A 67-year-old man, who had undergone a routine medical examination	True
GSM5818926	geo:GSE193695:GSM5818926	sex	male	file	evidence/PMC9386061.txt		A 67-year-old man, who had undergone a routine medical examination	True
GSM5818927	geo:GSE193695:GSM5818927	sex	male	file	evidence/PMC9386061.txt		A 67-year-old man, who had undergone a routine medical examination	True
GSM5818910	geo:GSE193695:GSM5818910	development_stage	<map of column characteristics_time_point>	file	evidence/PMC9386061.txt		The patient was a 67-year-old man with MM at diagnosis.	True
GSM5818911	geo:GSE193695:GSM5818911	development_stage	<map of column characteristics_time_point>	file	evidence/PMC9386061.txt		The patient was a 67-year-old man with MM at diagnosis.	True
GSM5818912	geo:GSE193695:GSM5818912	development_stage	<map of column characteristics_time_point>	file	evidence/PMC9386061.txt		The patient was a 67-year-old man with MM at diagnosis.	True
GSM5818913	geo:GSE193695:GSM5818913	development_stage	<map of column characteristics_time_point>	file	evidence/PMC9386061.txt		The patient was a 67-year-old man with MM at diagnosis.	True
GSM5818914	geo:GSE193695:GSM5818914	development_stage	<map of column characteristics_time_point>	file	evidence/PMC9386061.txt		The patient was a 67-year-old man with MM at diagnosis.	True
GSM5818915	geo:GSE193695:GSM5818915	development_stage	<map of column characteristics_time_point>	file	evidence/PMC9386061.txt		The patient was a 67-year-old man with MM at diagnosis.	True
GSM5818916	geo:GSE193695:GSM5818916	development_stage	<map of column characteristics_time_point>	file	evidence/PMC9386061.txt		The patient was a 67-year-old man with MM at diagnosis.	True
GSM5818917	geo:GSE193695:GSM5818917	development_stage	<map of column characteristics_time_point>	file	evidence/PMC9386061.txt		The patient was a 67-year-old man with MM at diagnosis.	True
GSM5818918	geo:GSE193695:GSM5818918	development_stage	<map of column characteristics_time_point>	file	evidence/PMC9386061.txt		The patient was a 67-year-old man with MM at diagnosis.	True
GSM5818919	geo:GSE193695:GSM5818919	development_stage	<map of column characteristics_time_point>	file	evidence/PMC9386061.txt		The patient was a 67-year-old man with MM at diagnosis.	True
GSM5818920	geo:GSE193695:GSM5818920	development_stage	<map of column characteristics_time_point>	file	evidence/PMC9386061.txt		The patient was a 67-year-old man with MM at diagnosis.	True
GSM5818921	geo:GSE193695:GSM5818921	development_stage	<map of column characteristics_time_point>	file	evidence/PMC9386061.txt		The patient was a 67-year-old man with MM at diagnosis.	True
GSM5818922	geo:GSE193695:GSM5818922	development_stage	<map of column characteristics_time_point>	file	evidence/PMC9386061.txt		The patient was a 67-year-old man with MM at diagnosis.	True
GSM5818923	geo:GSE193695:GSM5818923	development_stage	<map of column characteristics_time_point>	file	evidence/PMC9386061.txt		The patient was a 67-year-old man with MM at diagnosis.	True
GSM5818924	geo:GSE193695:GSM5818924	development_stage	<map of column characteristics_time_point>	file	evidence/PMC9386061.txt		The patient was a 67-year-old man with MM at diagnosis.	True
GSM5818925	geo:GSE193695:GSM5818925	development_stage	<map of column characteristics_time_point>	file	evidence/PMC9386061.txt		The patient was a 67-year-old man with MM at diagnosis.	True
GSM5818926	geo:GSE193695:GSM5818926	development_stage	<map of column characteristics_time_point>	file	evidence/PMC9386061.txt		The patient was a 67-year-old man with MM at diagnosis.	True
GSM5818927	geo:GSE193695:GSM5818927	development_stage	<map of column characteristics_time_point>	file	evidence/PMC9386061.txt		The patient was a 67-year-old man with MM at diagnosis.	True
GSM5818910	geo:GSE193695:GSM5818910	development_stage	<map of column characteristics_time_point>	file	evidence/PMC9386061.txt		Before treatment, the first BM sample (termed P1) was collected.	True
GSM5818911	geo:GSE193695:GSM5818911	development_stage	<map of column characteristics_time_point>	file	evidence/PMC9386061.txt		Before treatment, the first BM sample (termed P1) was collected.	True
GSM5818912	geo:GSE193695:GSM5818912	development_stage	<map of column characteristics_time_point>	file	evidence/PMC9386061.txt		Before treatment, the first BM sample (termed P1) was collected.	True
GSM5818913	geo:GSE193695:GSM5818913	development_stage	<map of column characteristics_time_point>	file	evidence/PMC9386061.txt		Before treatment, the first BM sample (termed P1) was collected.	True
GSM5818914	geo:GSE193695:GSM5818914	development_stage	<map of column characteristics_time_point>	file	evidence/PMC9386061.txt		Before treatment, the first BM sample (termed P1) was collected.	True
GSM5818915	geo:GSE193695:GSM5818915	development_stage	<map of column characteristics_time_point>	file	evidence/PMC9386061.txt		Before treatment, the first BM sample (termed P1) was collected.	True
GSM5818916	geo:GSE193695:GSM5818916	development_stage	<map of column characteristics_time_point>	file	evidence/PMC9386061.txt		Before treatment, the first BM sample (termed P1) was collected.	True
GSM5818917	geo:GSE193695:GSM5818917	development_stage	<map of column characteristics_time_point>	file	evidence/PMC9386061.txt		Before treatment, the first BM sample (termed P1) was collected.	True
GSM5818918	geo:GSE193695:GSM5818918	development_stage	<map of column characteristics_time_point>	file	evidence/PMC9386061.txt		Before treatment, the first BM sample (termed P1) was collected.	True
GSM5818919	geo:GSE193695:GSM5818919	development_stage	<map of column characteristics_time_point>	file	evidence/PMC9386061.txt		Before treatment, the first BM sample (termed P1) was collected.	True
GSM5818920	geo:GSE193695:GSM5818920	development_stage	<map of column characteristics_time_point>	file	evidence/PMC9386061.txt		Before treatment, the first BM sample (termed P1) was collected.	True
GSM5818921	geo:GSE193695:GSM5818921	development_stage	<map of column characteristics_time_point>	file	evidence/PMC9386061.txt		Before treatment, the first BM sample (termed P1) was collected.	True
GSM5818922	geo:GSE193695:GSM5818922	development_stage	<map of column characteristics_time_point>	file	evidence/PMC9386061.txt		Before treatment, the first BM sample (termed P1) was collected.	True
GSM5818923	geo:GSE193695:GSM5818923	development_stage	<map of column characteristics_time_point>	file	evidence/PMC9386061.txt		Before treatment, the first BM sample (termed P1) was collected.	True
GSM5818924	geo:GSE193695:GSM5818924	development_stage	<map of column characteristics_time_point>	file	evidence/PMC9386061.txt		Before treatment, the first BM sample (termed P1) was collected.	True
GSM5818925	geo:GSE193695:GSM5818925	development_stage	<map of column characteristics_time_point>	file	evidence/PMC9386061.txt		Before treatment, the first BM sample (termed P1) was collected.	True
GSM5818926	geo:GSE193695:GSM5818926	development_stage	<map of column characteristics_time_point>	file	evidence/PMC9386061.txt		Before treatment, the first BM sample (termed P1) was collected.	True
GSM5818927	geo:GSE193695:GSM5818927	development_stage	<map of column characteristics_time_point>	file	evidence/PMC9386061.txt		Before treatment, the first BM sample (termed P1) was collected.	True
GSM5818910	geo:GSE193695:GSM5818910	development_stage	<map of column characteristics_time_point>	file	evidence/PMC9386061.txt		we performed longitudinal scRNA-seq analysis of BM samples collected at the time of diagnosis (P1) and relapse (P3, P4, and P5)	True
GSM5818911	geo:GSE193695:GSM5818911	development_stage	<map of column characteristics_time_point>	file	evidence/PMC9386061.txt		we performed longitudinal scRNA-seq analysis of BM samples collected at the time of diagnosis (P1) and relapse (P3, P4, and P5)	True
GSM5818912	geo:GSE193695:GSM5818912	development_stage	<map of column characteristics_time_point>	file	evidence/PMC9386061.txt		we performed longitudinal scRNA-seq analysis of BM samples collected at the time of diagnosis (P1) and relapse (P3, P4, and P5)	True
GSM5818913	geo:GSE193695:GSM5818913	development_stage	<map of column characteristics_time_point>	file	evidence/PMC9386061.txt		we performed longitudinal scRNA-seq analysis of BM samples collected at the time of diagnosis (P1) and relapse (P3, P4, and P5)	True
GSM5818914	geo:GSE193695:GSM5818914	development_stage	<map of column characteristics_time_point>	file	evidence/PMC9386061.txt		we performed longitudinal scRNA-seq analysis of BM samples collected at the time of diagnosis (P1) and relapse (P3, P4, and P5)	True
GSM5818915	geo:GSE193695:GSM5818915	development_stage	<map of column characteristics_time_point>	file	evidence/PMC9386061.txt		we performed longitudinal scRNA-seq analysis of BM samples collected at the time of diagnosis (P1) and relapse (P3, P4, and P5)	True
GSM5818916	geo:GSE193695:GSM5818916	development_stage	<map of column characteristics_time_point>	file	evidence/PMC9386061.txt		we performed longitudinal scRNA-seq analysis of BM samples collected at the time of diagnosis (P1) and relapse (P3, P4, and P5)	True
GSM5818917	geo:GSE193695:GSM5818917	development_stage	<map of column characteristics_time_point>	file	evidence/PMC9386061.txt		we performed longitudinal scRNA-seq analysis of BM samples collected at the time of diagnosis (P1) and relapse (P3, P4, and P5)	True
GSM5818918	geo:GSE193695:GSM5818918	development_stage	<map of column characteristics_time_point>	file	evidence/PMC9386061.txt		we performed longitudinal scRNA-seq analysis of BM samples collected at the time of diagnosis (P1) and relapse (P3, P4, and P5)	True
GSM5818919	geo:GSE193695:GSM5818919	development_stage	<map of column characteristics_time_point>	file	evidence/PMC9386061.txt		we performed longitudinal scRNA-seq analysis of BM samples collected at the time of diagnosis (P1) and relapse (P3, P4, and P5)	True
GSM5818920	geo:GSE193695:GSM5818920	development_stage	<map of column characteristics_time_point>	file	evidence/PMC9386061.txt		we performed longitudinal scRNA-seq analysis of BM samples collected at the time of diagnosis (P1) and relapse (P3, P4, and P5)	True
GSM5818921	geo:GSE193695:GSM5818921	development_stage	<map of column characteristics_time_point>	file	evidence/PMC9386061.txt		we performed longitudinal scRNA-seq analysis of BM samples collected at the time of diagnosis (P1) and relapse (P3, P4, and P5)	True
GSM5818922	geo:GSE193695:GSM5818922	development_stage	<map of column characteristics_time_point>	file	evidence/PMC9386061.txt		we performed longitudinal scRNA-seq analysis of BM samples collected at the time of diagnosis (P1) and relapse (P3, P4, and P5)	True
GSM5818923	geo:GSE193695:GSM5818923	development_stage	<map of column characteristics_time_point>	file	evidence/PMC9386061.txt		we performed longitudinal scRNA-seq analysis of BM samples collected at the time of diagnosis (P1) and relapse (P3, P4, and P5)	True
GSM5818924	geo:GSE193695:GSM5818924	development_stage	<map of column characteristics_time_point>	file	evidence/PMC9386061.txt		we performed longitudinal scRNA-seq analysis of BM samples collected at the time of diagnosis (P1) and relapse (P3, P4, and P5)	True
GSM5818925	geo:GSE193695:GSM5818925	development_stage	<map of column characteristics_time_point>	file	evidence/PMC9386061.txt		we performed longitudinal scRNA-seq analysis of BM samples collected at the time of diagnosis (P1) and relapse (P3, P4, and P5)	True
GSM5818926	geo:GSE193695:GSM5818926	development_stage	<map of column characteristics_time_point>	file	evidence/PMC9386061.txt		we performed longitudinal scRNA-seq analysis of BM samples collected at the time of diagnosis (P1) and relapse (P3, P4, and P5)	True
GSM5818927	geo:GSE193695:GSM5818927	development_stage	<map of column characteristics_time_point>	file	evidence/PMC9386061.txt		we performed longitudinal scRNA-seq analysis of BM samples collected at the time of diagnosis (P1) and relapse (P3, P4, and P5)	True
GSM5818910	geo:GSE193695:GSM5818910	development_stage	<map of column characteristics_time_point>	file	raw/fp-7a78a7e414d4/GSE193695_family.soft.gz		!Sample_characteristics_ch1 = time point: P1	True
GSM5818911	geo:GSE193695:GSM5818911	development_stage	<map of column characteristics_time_point>	file	raw/fp-7a78a7e414d4/GSE193695_family.soft.gz		!Sample_characteristics_ch1 = time point: P1	True
GSM5818912	geo:GSE193695:GSM5818912	development_stage	<map of column characteristics_time_point>	file	raw/fp-7a78a7e414d4/GSE193695_family.soft.gz		!Sample_characteristics_ch1 = time point: P1	True
GSM5818913	geo:GSE193695:GSM5818913	development_stage	<map of column characteristics_time_point>	file	raw/fp-7a78a7e414d4/GSE193695_family.soft.gz		!Sample_characteristics_ch1 = time point: P1	True
GSM5818914	geo:GSE193695:GSM5818914	development_stage	<map of column characteristics_time_point>	file	raw/fp-7a78a7e414d4/GSE193695_family.soft.gz		!Sample_characteristics_ch1 = time point: P1	True
GSM5818915	geo:GSE193695:GSM5818915	development_stage	<map of column characteristics_time_point>	file	raw/fp-7a78a7e414d4/GSE193695_family.soft.gz		!Sample_characteristics_ch1 = time point: P1	True
GSM5818916	geo:GSE193695:GSM5818916	development_stage	<map of column characteristics_time_point>	file	raw/fp-7a78a7e414d4/GSE193695_family.soft.gz		!Sample_characteristics_ch1 = time point: P1	True
GSM5818917	geo:GSE193695:GSM5818917	development_stage	<map of column characteristics_time_point>	file	raw/fp-7a78a7e414d4/GSE193695_family.soft.gz		!Sample_characteristics_ch1 = time point: P1	True
GSM5818918	geo:GSE193695:GSM5818918	development_stage	<map of column characteristics_time_point>	file	raw/fp-7a78a7e414d4/GSE193695_family.soft.gz		!Sample_characteristics_ch1 = time point: P1	True
GSM5818919	geo:GSE193695:GSM5818919	development_stage	<map of column characteristics_time_point>	file	raw/fp-7a78a7e414d4/GSE193695_family.soft.gz		!Sample_characteristics_ch1 = time point: P1	True
GSM5818920	geo:GSE193695:GSM5818920	development_stage	<map of column characteristics_time_point>	file	raw/fp-7a78a7e414d4/GSE193695_family.soft.gz		!Sample_characteristics_ch1 = time point: P1	True
GSM5818921	geo:GSE193695:GSM5818921	development_stage	<map of column characteristics_time_point>	file	raw/fp-7a78a7e414d4/GSE193695_family.soft.gz		!Sample_characteristics_ch1 = time point: P1	True
GSM5818922	geo:GSE193695:GSM5818922	development_stage	<map of column characteristics_time_point>	file	raw/fp-7a78a7e414d4/GSE193695_family.soft.gz		!Sample_characteristics_ch1 = time point: P1	True
GSM5818923	geo:GSE193695:GSM5818923	development_stage	<map of column characteristics_time_point>	file	raw/fp-7a78a7e414d4/GSE193695_family.soft.gz		!Sample_characteristics_ch1 = time point: P1	True
GSM5818924	geo:GSE193695:GSM5818924	development_stage	<map of column characteristics_time_point>	file	raw/fp-7a78a7e414d4/GSE193695_family.soft.gz		!Sample_characteristics_ch1 = time point: P1	True
GSM5818925	geo:GSE193695:GSM5818925	development_stage	<map of column characteristics_time_point>	file	raw/fp-7a78a7e414d4/GSE193695_family.soft.gz		!Sample_characteristics_ch1 = time point: P1	True
GSM5818926	geo:GSE193695:GSM5818926	development_stage	<map of column characteristics_time_point>	file	raw/fp-7a78a7e414d4/GSE193695_family.soft.gz		!Sample_characteristics_ch1 = time point: P1	True
GSM5818927	geo:GSE193695:GSM5818927	development_stage	<map of column characteristics_time_point>	file	raw/fp-7a78a7e414d4/GSE193695_family.soft.gz		!Sample_characteristics_ch1 = time point: P1	True
GSM5818910	geo:GSE193695:GSM5818910	tissue_free_text	Bone marrow	file	raw/fp-7a78a7e414d4/GSE193695_family.soft.gz		!Sample_characteristics_ch1 = organ: Bone marrow	True
GSM5818911	geo:GSE193695:GSM5818911	tissue_free_text	Bone marrow	file	raw/fp-7a78a7e414d4/GSE193695_family.soft.gz		!Sample_characteristics_ch1 = organ: Bone marrow	True
GSM5818912	geo:GSE193695:GSM5818912	tissue_free_text	Bone marrow	file	raw/fp-7a78a7e414d4/GSE193695_family.soft.gz		!Sample_characteristics_ch1 = organ: Bone marrow	True
GSM5818913	geo:GSE193695:GSM5818913	tissue_free_text	Bone marrow	file	raw/fp-7a78a7e414d4/GSE193695_family.soft.gz		!Sample_characteristics_ch1 = organ: Bone marrow	True
GSM5818914	geo:GSE193695:GSM5818914	tissue_free_text	Bone marrow	file	raw/fp-7a78a7e414d4/GSE193695_family.soft.gz		!Sample_characteristics_ch1 = organ: Bone marrow	True
GSM5818915	geo:GSE193695:GSM5818915	tissue_free_text	Bone marrow	file	raw/fp-7a78a7e414d4/GSE193695_family.soft.gz		!Sample_characteristics_ch1 = organ: Bone marrow	True
GSM5818916	geo:GSE193695:GSM5818916	tissue_free_text	Bone marrow	file	raw/fp-7a78a7e414d4/GSE193695_family.soft.gz		!Sample_characteristics_ch1 = organ: Bone marrow	True
GSM5818917	geo:GSE193695:GSM5818917	tissue_free_text	Bone marrow	file	raw/fp-7a78a7e414d4/GSE193695_family.soft.gz		!Sample_characteristics_ch1 = organ: Bone marrow	True
GSM5818918	geo:GSE193695:GSM5818918	tissue_free_text	Bone marrow	file	raw/fp-7a78a7e414d4/GSE193695_family.soft.gz		!Sample_characteristics_ch1 = organ: Bone marrow	True
GSM5818919	geo:GSE193695:GSM5818919	tissue_free_text	Bone marrow	file	raw/fp-7a78a7e414d4/GSE193695_family.soft.gz		!Sample_characteristics_ch1 = organ: Bone marrow	True
GSM5818920	geo:GSE193695:GSM5818920	tissue_free_text	Bone marrow	file	raw/fp-7a78a7e414d4/GSE193695_family.soft.gz		!Sample_characteristics_ch1 = organ: Bone marrow	True
GSM5818921	geo:GSE193695:GSM5818921	tissue_free_text	Bone marrow	file	raw/fp-7a78a7e414d4/GSE193695_family.soft.gz		!Sample_characteristics_ch1 = organ: Bone marrow	True
GSM5818922	geo:GSE193695:GSM5818922	tissue_free_text	Bone marrow	file	raw/fp-7a78a7e414d4/GSE193695_family.soft.gz		!Sample_characteristics_ch1 = organ: Bone marrow	True
GSM5818923	geo:GSE193695:GSM5818923	tissue_free_text	Bone marrow	file	raw/fp-7a78a7e414d4/GSE193695_family.soft.gz		!Sample_characteristics_ch1 = organ: Bone marrow	True
GSM5818924	geo:GSE193695:GSM5818924	tissue_free_text	Bone marrow	file	raw/fp-7a78a7e414d4/GSE193695_family.soft.gz		!Sample_characteristics_ch1 = organ: Bone marrow	True
GSM5818925	geo:GSE193695:GSM5818925	tissue_free_text	Bone marrow	file	raw/fp-7a78a7e414d4/GSE193695_family.soft.gz		!Sample_characteristics_ch1 = organ: Bone marrow	True
GSM5818926	geo:GSE193695:GSM5818926	tissue_free_text	Bone marrow	file	raw/fp-7a78a7e414d4/GSE193695_family.soft.gz		!Sample_characteristics_ch1 = organ: Bone marrow	True
GSM5818927	geo:GSE193695:GSM5818927	tissue_free_text	Bone marrow	file	raw/fp-7a78a7e414d4/GSE193695_family.soft.gz		!Sample_characteristics_ch1 = organ: Bone marrow	True
GSM5818910	geo:GSE193695:GSM5818910	tissue_type	tissue	file	raw/fp-7a78a7e414d4/GSE193695_family.soft.gz		!Sample_characteristics_ch1 = organ: Bone marrow	True
GSM5818911	geo:GSE193695:GSM5818911	tissue_type	tissue	file	raw/fp-7a78a7e414d4/GSE193695_family.soft.gz		!Sample_characteristics_ch1 = organ: Bone marrow	True
GSM5818912	geo:GSE193695:GSM5818912	tissue_type	tissue	file	raw/fp-7a78a7e414d4/GSE193695_family.soft.gz		!Sample_characteristics_ch1 = organ: Bone marrow	True
GSM5818913	geo:GSE193695:GSM5818913	tissue_type	tissue	file	raw/fp-7a78a7e414d4/GSE193695_family.soft.gz		!Sample_characteristics_ch1 = organ: Bone marrow	True
GSM5818914	geo:GSE193695:GSM5818914	tissue_type	tissue	file	raw/fp-7a78a7e414d4/GSE193695_family.soft.gz		!Sample_characteristics_ch1 = organ: Bone marrow	True
GSM5818915	geo:GSE193695:GSM5818915	tissue_type	tissue	file	raw/fp-7a78a7e414d4/GSE193695_family.soft.gz		!Sample_characteristics_ch1 = organ: Bone marrow	True
GSM5818916	geo:GSE193695:GSM5818916	tissue_type	tissue	file	raw/fp-7a78a7e414d4/GSE193695_family.soft.gz		!Sample_characteristics_ch1 = organ: Bone marrow	True
GSM5818917	geo:GSE193695:GSM5818917	tissue_type	tissue	file	raw/fp-7a78a7e414d4/GSE193695_family.soft.gz		!Sample_characteristics_ch1 = organ: Bone marrow	True
GSM5818918	geo:GSE193695:GSM5818918	tissue_type	tissue	file	raw/fp-7a78a7e414d4/GSE193695_family.soft.gz		!Sample_characteristics_ch1 = organ: Bone marrow	True
GSM5818919	geo:GSE193695:GSM5818919	tissue_type	tissue	file	raw/fp-7a78a7e414d4/GSE193695_family.soft.gz		!Sample_characteristics_ch1 = organ: Bone marrow	True
GSM5818920	geo:GSE193695:GSM5818920	tissue_type	tissue	file	raw/fp-7a78a7e414d4/GSE193695_family.soft.gz		!Sample_characteristics_ch1 = organ: Bone marrow	True
GSM5818921	geo:GSE193695:GSM5818921	tissue_type	tissue	file	raw/fp-7a78a7e414d4/GSE193695_family.soft.gz		!Sample_characteristics_ch1 = organ: Bone marrow	True
GSM5818922	geo:GSE193695:GSM5818922	tissue_type	tissue	file	raw/fp-7a78a7e414d4/GSE193695_family.soft.gz		!Sample_characteristics_ch1 = organ: Bone marrow	True
GSM5818923	geo:GSE193695:GSM5818923	tissue_type	tissue	file	raw/fp-7a78a7e414d4/GSE193695_family.soft.gz		!Sample_characteristics_ch1 = organ: Bone marrow	True
GSM5818924	geo:GSE193695:GSM5818924	tissue_type	tissue	file	raw/fp-7a78a7e414d4/GSE193695_family.soft.gz		!Sample_characteristics_ch1 = organ: Bone marrow	True
GSM5818925	geo:GSE193695:GSM5818925	tissue_type	tissue	file	raw/fp-7a78a7e414d4/GSE193695_family.soft.gz		!Sample_characteristics_ch1 = organ: Bone marrow	True
GSM5818926	geo:GSE193695:GSM5818926	tissue_type	tissue	file	raw/fp-7a78a7e414d4/GSE193695_family.soft.gz		!Sample_characteristics_ch1 = organ: Bone marrow	True
GSM5818927	geo:GSE193695:GSM5818927	tissue_type	tissue	file	raw/fp-7a78a7e414d4/GSE193695_family.soft.gz		!Sample_characteristics_ch1 = organ: Bone marrow	True
GSM5818910	geo:GSE193695:GSM5818910	tissue_type	tissue	file	raw/fp-7a78a7e414d4/GSE193695_family.soft.gz		Mononuclear cells were isolated from bone marrow aspirates using density centrifugation media	True
GSM5818911	geo:GSE193695:GSM5818911	tissue_type	tissue	file	raw/fp-7a78a7e414d4/GSE193695_family.soft.gz		Mononuclear cells were isolated from bone marrow aspirates using density centrifugation media	True
GSM5818912	geo:GSE193695:GSM5818912	tissue_type	tissue	file	raw/fp-7a78a7e414d4/GSE193695_family.soft.gz		Mononuclear cells were isolated from bone marrow aspirates using density centrifugation media	True
GSM5818913	geo:GSE193695:GSM5818913	tissue_type	tissue	file	raw/fp-7a78a7e414d4/GSE193695_family.soft.gz		Mononuclear cells were isolated from bone marrow aspirates using density centrifugation media	True
GSM5818914	geo:GSE193695:GSM5818914	tissue_type	tissue	file	raw/fp-7a78a7e414d4/GSE193695_family.soft.gz		Mononuclear cells were isolated from bone marrow aspirates using density centrifugation media	True
GSM5818915	geo:GSE193695:GSM5818915	tissue_type	tissue	file	raw/fp-7a78a7e414d4/GSE193695_family.soft.gz		Mononuclear cells were isolated from bone marrow aspirates using density centrifugation media	True
GSM5818916	geo:GSE193695:GSM5818916	tissue_type	tissue	file	raw/fp-7a78a7e414d4/GSE193695_family.soft.gz		Mononuclear cells were isolated from bone marrow aspirates using density centrifugation media	True
GSM5818917	geo:GSE193695:GSM5818917	tissue_type	tissue	file	raw/fp-7a78a7e414d4/GSE193695_family.soft.gz		Mononuclear cells were isolated from bone marrow aspirates using density centrifugation media	True
GSM5818918	geo:GSE193695:GSM5818918	tissue_type	tissue	file	raw/fp-7a78a7e414d4/GSE193695_family.soft.gz		Mononuclear cells were isolated from bone marrow aspirates using density centrifugation media	True
GSM5818919	geo:GSE193695:GSM5818919	tissue_type	tissue	file	raw/fp-7a78a7e414d4/GSE193695_family.soft.gz		Mononuclear cells were isolated from bone marrow aspirates using density centrifugation media	True
GSM5818920	geo:GSE193695:GSM5818920	tissue_type	tissue	file	raw/fp-7a78a7e414d4/GSE193695_family.soft.gz		Mononuclear cells were isolated from bone marrow aspirates using density centrifugation media	True
GSM5818921	geo:GSE193695:GSM5818921	tissue_type	tissue	file	raw/fp-7a78a7e414d4/GSE193695_family.soft.gz		Mononuclear cells were isolated from bone marrow aspirates using density centrifugation media	True
GSM5818922	geo:GSE193695:GSM5818922	tissue_type	tissue	file	raw/fp-7a78a7e414d4/GSE193695_family.soft.gz		Mononuclear cells were isolated from bone marrow aspirates using density centrifugation media	True
GSM5818923	geo:GSE193695:GSM5818923	tissue_type	tissue	file	raw/fp-7a78a7e414d4/GSE193695_family.soft.gz		Mononuclear cells were isolated from bone marrow aspirates using density centrifugation media	True
GSM5818924	geo:GSE193695:GSM5818924	tissue_type	tissue	file	raw/fp-7a78a7e414d4/GSE193695_family.soft.gz		Mononuclear cells were isolated from bone marrow aspirates using density centrifugation media	True
GSM5818925	geo:GSE193695:GSM5818925	tissue_type	tissue	file	raw/fp-7a78a7e414d4/GSE193695_family.soft.gz		Mononuclear cells were isolated from bone marrow aspirates using density centrifugation media	True
GSM5818926	geo:GSE193695:GSM5818926	tissue_type	tissue	file	raw/fp-7a78a7e414d4/GSE193695_family.soft.gz		Mononuclear cells were isolated from bone marrow aspirates using density centrifugation media	True
GSM5818927	geo:GSE193695:GSM5818927	tissue_type	tissue	file	raw/fp-7a78a7e414d4/GSE193695_family.soft.gz		Mononuclear cells were isolated from bone marrow aspirates using density centrifugation media	True
GSM5818910	geo:GSE193695:GSM5818910	sample_collection_method	bone marrow aspiration	file	raw/fp-7a78a7e414d4/GSE193695_family.soft.gz		!Sample_source_name_ch1 = Bone marrow aspiration	True
GSM5818911	geo:GSE193695:GSM5818911	sample_collection_method	bone marrow aspiration	file	raw/fp-7a78a7e414d4/GSE193695_family.soft.gz		!Sample_source_name_ch1 = Bone marrow aspiration	True
GSM5818912	geo:GSE193695:GSM5818912	sample_collection_method	bone marrow aspiration	file	raw/fp-7a78a7e414d4/GSE193695_family.soft.gz		!Sample_source_name_ch1 = Bone marrow aspiration	True
GSM5818913	geo:GSE193695:GSM5818913	sample_collection_method	bone marrow aspiration	file	raw/fp-7a78a7e414d4/GSE193695_family.soft.gz		!Sample_source_name_ch1 = Bone marrow aspiration	True
GSM5818914	geo:GSE193695:GSM5818914	sample_collection_method	bone marrow aspiration	file	raw/fp-7a78a7e414d4/GSE193695_family.soft.gz		!Sample_source_name_ch1 = Bone marrow aspiration	True
GSM5818915	geo:GSE193695:GSM5818915	sample_collection_method	bone marrow aspiration	file	raw/fp-7a78a7e414d4/GSE193695_family.soft.gz		!Sample_source_name_ch1 = Bone marrow aspiration	True
GSM5818916	geo:GSE193695:GSM5818916	sample_collection_method	bone marrow aspiration	file	raw/fp-7a78a7e414d4/GSE193695_family.soft.gz		!Sample_source_name_ch1 = Bone marrow aspiration	True
GSM5818917	geo:GSE193695:GSM5818917	sample_collection_method	bone marrow aspiration	file	raw/fp-7a78a7e414d4/GSE193695_family.soft.gz		!Sample_source_name_ch1 = Bone marrow aspiration	True
GSM5818918	geo:GSE193695:GSM5818918	sample_collection_method	bone marrow aspiration	file	raw/fp-7a78a7e414d4/GSE193695_family.soft.gz		!Sample_source_name_ch1 = Bone marrow aspiration	True
GSM5818919	geo:GSE193695:GSM5818919	sample_collection_method	bone marrow aspiration	file	raw/fp-7a78a7e414d4/GSE193695_family.soft.gz		!Sample_source_name_ch1 = Bone marrow aspiration	True
GSM5818920	geo:GSE193695:GSM5818920	sample_collection_method	bone marrow aspiration	file	raw/fp-7a78a7e414d4/GSE193695_family.soft.gz		!Sample_source_name_ch1 = Bone marrow aspiration	True
GSM5818921	geo:GSE193695:GSM5818921	sample_collection_method	bone marrow aspiration	file	raw/fp-7a78a7e414d4/GSE193695_family.soft.gz		!Sample_source_name_ch1 = Bone marrow aspiration	True
GSM5818922	geo:GSE193695:GSM5818922	sample_collection_method	bone marrow aspiration	file	raw/fp-7a78a7e414d4/GSE193695_family.soft.gz		!Sample_source_name_ch1 = Bone marrow aspiration	True
GSM5818923	geo:GSE193695:GSM5818923	sample_collection_method	bone marrow aspiration	file	raw/fp-7a78a7e414d4/GSE193695_family.soft.gz		!Sample_source_name_ch1 = Bone marrow aspiration	True
GSM5818924	geo:GSE193695:GSM5818924	sample_collection_method	bone marrow aspiration	file	raw/fp-7a78a7e414d4/GSE193695_family.soft.gz		!Sample_source_name_ch1 = Bone marrow aspiration	True
GSM5818925	geo:GSE193695:GSM5818925	sample_collection_method	bone marrow aspiration	file	raw/fp-7a78a7e414d4/GSE193695_family.soft.gz		!Sample_source_name_ch1 = Bone marrow aspiration	True
GSM5818926	geo:GSE193695:GSM5818926	sample_collection_method	bone marrow aspiration	file	raw/fp-7a78a7e414d4/GSE193695_family.soft.gz		!Sample_source_name_ch1 = Bone marrow aspiration	True
GSM5818927	geo:GSE193695:GSM5818927	sample_collection_method	bone marrow aspiration	file	raw/fp-7a78a7e414d4/GSE193695_family.soft.gz		!Sample_source_name_ch1 = Bone marrow aspiration	True
GSM5818910	geo:GSE193695:GSM5818910	disease_free_text	multiple myeloma	file	raw/fp-7a78a7e414d4/GSE193695_family.soft.gz		!Series_title = Identification of a drug-response gene in multiple myeloma through longitudinal single-cell transcriptome sequencing.	True
GSM5818911	geo:GSE193695:GSM5818911	disease_free_text	multiple myeloma	file	raw/fp-7a78a7e414d4/GSE193695_family.soft.gz		!Series_title = Identification of a drug-response gene in multiple myeloma through longitudinal single-cell transcriptome sequencing.	True
GSM5818912	geo:GSE193695:GSM5818912	disease_free_text	multiple myeloma	file	raw/fp-7a78a7e414d4/GSE193695_family.soft.gz		!Series_title = Identification of a drug-response gene in multiple myeloma through longitudinal single-cell transcriptome sequencing.	True
GSM5818913	geo:GSE193695:GSM5818913	disease_free_text	multiple myeloma	file	raw/fp-7a78a7e414d4/GSE193695_family.soft.gz		!Series_title = Identification of a drug-response gene in multiple myeloma through longitudinal single-cell transcriptome sequencing.	True
GSM5818914	geo:GSE193695:GSM5818914	disease_free_text	multiple myeloma	file	raw/fp-7a78a7e414d4/GSE193695_family.soft.gz		!Series_title = Identification of a drug-response gene in multiple myeloma through longitudinal single-cell transcriptome sequencing.	True
GSM5818915	geo:GSE193695:GSM5818915	disease_free_text	multiple myeloma	file	raw/fp-7a78a7e414d4/GSE193695_family.soft.gz		!Series_title = Identification of a drug-response gene in multiple myeloma through longitudinal single-cell transcriptome sequencing.	True
GSM5818916	geo:GSE193695:GSM5818916	disease_free_text	multiple myeloma	file	raw/fp-7a78a7e414d4/GSE193695_family.soft.gz		!Series_title = Identification of a drug-response gene in multiple myeloma through longitudinal single-cell transcriptome sequencing.	True
GSM5818917	geo:GSE193695:GSM5818917	disease_free_text	multiple myeloma	file	raw/fp-7a78a7e414d4/GSE193695_family.soft.gz		!Series_title = Identification of a drug-response gene in multiple myeloma through longitudinal single-cell transcriptome sequencing.	True
GSM5818918	geo:GSE193695:GSM5818918	disease_free_text	multiple myeloma	file	raw/fp-7a78a7e414d4/GSE193695_family.soft.gz		!Series_title = Identification of a drug-response gene in multiple myeloma through longitudinal single-cell transcriptome sequencing.	True
GSM5818919	geo:GSE193695:GSM5818919	disease_free_text	multiple myeloma	file	raw/fp-7a78a7e414d4/GSE193695_family.soft.gz		!Series_title = Identification of a drug-response gene in multiple myeloma through longitudinal single-cell transcriptome sequencing.	True
GSM5818920	geo:GSE193695:GSM5818920	disease_free_text	multiple myeloma	file	raw/fp-7a78a7e414d4/GSE193695_family.soft.gz		!Series_title = Identification of a drug-response gene in multiple myeloma through longitudinal single-cell transcriptome sequencing.	True
GSM5818921	geo:GSE193695:GSM5818921	disease_free_text	multiple myeloma	file	raw/fp-7a78a7e414d4/GSE193695_family.soft.gz		!Series_title = Identification of a drug-response gene in multiple myeloma through longitudinal single-cell transcriptome sequencing.	True
GSM5818922	geo:GSE193695:GSM5818922	disease_free_text	multiple myeloma	file	raw/fp-7a78a7e414d4/GSE193695_family.soft.gz		!Series_title = Identification of a drug-response gene in multiple myeloma through longitudinal single-cell transcriptome sequencing.	True
GSM5818923	geo:GSE193695:GSM5818923	disease_free_text	multiple myeloma	file	raw/fp-7a78a7e414d4/GSE193695_family.soft.gz		!Series_title = Identification of a drug-response gene in multiple myeloma through longitudinal single-cell transcriptome sequencing.	True
GSM5818924	geo:GSE193695:GSM5818924	disease_free_text	multiple myeloma	file	raw/fp-7a78a7e414d4/GSE193695_family.soft.gz		!Series_title = Identification of a drug-response gene in multiple myeloma through longitudinal single-cell transcriptome sequencing.	True
GSM5818925	geo:GSE193695:GSM5818925	disease_free_text	multiple myeloma	file	raw/fp-7a78a7e414d4/GSE193695_family.soft.gz		!Series_title = Identification of a drug-response gene in multiple myeloma through longitudinal single-cell transcriptome sequencing.	True
GSM5818926	geo:GSE193695:GSM5818926	disease_free_text	multiple myeloma	file	raw/fp-7a78a7e414d4/GSE193695_family.soft.gz		!Series_title = Identification of a drug-response gene in multiple myeloma through longitudinal single-cell transcriptome sequencing.	True
GSM5818927	geo:GSE193695:GSM5818927	disease_free_text	multiple myeloma	file	raw/fp-7a78a7e414d4/GSE193695_family.soft.gz		!Series_title = Identification of a drug-response gene in multiple myeloma through longitudinal single-cell transcriptome sequencing.	True
GSM5818910	geo:GSE193695:GSM5818910	disease_free_text	multiple myeloma	file	raw/fp-7a78a7e414d4/GSE193695_family.soft.gz		bone marrow cells from a single patient with relapsed and refractory MM	True
GSM5818911	geo:GSE193695:GSM5818911	disease_free_text	multiple myeloma	file	raw/fp-7a78a7e414d4/GSE193695_family.soft.gz		bone marrow cells from a single patient with relapsed and refractory MM	True
GSM5818912	geo:GSE193695:GSM5818912	disease_free_text	multiple myeloma	file	raw/fp-7a78a7e414d4/GSE193695_family.soft.gz		bone marrow cells from a single patient with relapsed and refractory MM	True
GSM5818913	geo:GSE193695:GSM5818913	disease_free_text	multiple myeloma	file	raw/fp-7a78a7e414d4/GSE193695_family.soft.gz		bone marrow cells from a single patient with relapsed and refractory MM	True
GSM5818914	geo:GSE193695:GSM5818914	disease_free_text	multiple myeloma	file	raw/fp-7a78a7e414d4/GSE193695_family.soft.gz		bone marrow cells from a single patient with relapsed and refractory MM	True
GSM5818915	geo:GSE193695:GSM5818915	disease_free_text	multiple myeloma	file	raw/fp-7a78a7e414d4/GSE193695_family.soft.gz		bone marrow cells from a single patient with relapsed and refractory MM	True
GSM5818916	geo:GSE193695:GSM5818916	disease_free_text	multiple myeloma	file	raw/fp-7a78a7e414d4/GSE193695_family.soft.gz		bone marrow cells from a single patient with relapsed and refractory MM	True
GSM5818917	geo:GSE193695:GSM5818917	disease_free_text	multiple myeloma	file	raw/fp-7a78a7e414d4/GSE193695_family.soft.gz		bone marrow cells from a single patient with relapsed and refractory MM	True
GSM5818918	geo:GSE193695:GSM5818918	disease_free_text	multiple myeloma	file	raw/fp-7a78a7e414d4/GSE193695_family.soft.gz		bone marrow cells from a single patient with relapsed and refractory MM	True
GSM5818919	geo:GSE193695:GSM5818919	disease_free_text	multiple myeloma	file	raw/fp-7a78a7e414d4/GSE193695_family.soft.gz		bone marrow cells from a single patient with relapsed and refractory MM	True
GSM5818920	geo:GSE193695:GSM5818920	disease_free_text	multiple myeloma	file	raw/fp-7a78a7e414d4/GSE193695_family.soft.gz		bone marrow cells from a single patient with relapsed and refractory MM	True
GSM5818921	geo:GSE193695:GSM5818921	disease_free_text	multiple myeloma	file	raw/fp-7a78a7e414d4/GSE193695_family.soft.gz		bone marrow cells from a single patient with relapsed and refractory MM	True
GSM5818922	geo:GSE193695:GSM5818922	disease_free_text	multiple myeloma	file	raw/fp-7a78a7e414d4/GSE193695_family.soft.gz		bone marrow cells from a single patient with relapsed and refractory MM	True
GSM5818923	geo:GSE193695:GSM5818923	disease_free_text	multiple myeloma	file	raw/fp-7a78a7e414d4/GSE193695_family.soft.gz		bone marrow cells from a single patient with relapsed and refractory MM	True
GSM5818924	geo:GSE193695:GSM5818924	disease_free_text	multiple myeloma	file	raw/fp-7a78a7e414d4/GSE193695_family.soft.gz		bone marrow cells from a single patient with relapsed and refractory MM	True
GSM5818925	geo:GSE193695:GSM5818925	disease_free_text	multiple myeloma	file	raw/fp-7a78a7e414d4/GSE193695_family.soft.gz		bone marrow cells from a single patient with relapsed and refractory MM	True
GSM5818926	geo:GSE193695:GSM5818926	disease_free_text	multiple myeloma	file	raw/fp-7a78a7e414d4/GSE193695_family.soft.gz		bone marrow cells from a single patient with relapsed and refractory MM	True
GSM5818927	geo:GSE193695:GSM5818927	disease_free_text	multiple myeloma	file	raw/fp-7a78a7e414d4/GSE193695_family.soft.gz		bone marrow cells from a single patient with relapsed and refractory MM	True
GSM5818910	geo:GSE193695:GSM5818910	sampled_site_condition	diseased	file	raw/fp-7a78a7e414d4/GSE193695_family.soft.gz		bone marrow cells from a single patient with relapsed and refractory MM	True
GSM5818911	geo:GSE193695:GSM5818911	sampled_site_condition	diseased	file	raw/fp-7a78a7e414d4/GSE193695_family.soft.gz		bone marrow cells from a single patient with relapsed and refractory MM	True
GSM5818912	geo:GSE193695:GSM5818912	sampled_site_condition	diseased	file	raw/fp-7a78a7e414d4/GSE193695_family.soft.gz		bone marrow cells from a single patient with relapsed and refractory MM	True
GSM5818913	geo:GSE193695:GSM5818913	sampled_site_condition	diseased	file	raw/fp-7a78a7e414d4/GSE193695_family.soft.gz		bone marrow cells from a single patient with relapsed and refractory MM	True
GSM5818914	geo:GSE193695:GSM5818914	sampled_site_condition	diseased	file	raw/fp-7a78a7e414d4/GSE193695_family.soft.gz		bone marrow cells from a single patient with relapsed and refractory MM	True
GSM5818915	geo:GSE193695:GSM5818915	sampled_site_condition	diseased	file	raw/fp-7a78a7e414d4/GSE193695_family.soft.gz		bone marrow cells from a single patient with relapsed and refractory MM	True
GSM5818916	geo:GSE193695:GSM5818916	sampled_site_condition	diseased	file	raw/fp-7a78a7e414d4/GSE193695_family.soft.gz		bone marrow cells from a single patient with relapsed and refractory MM	True
GSM5818917	geo:GSE193695:GSM5818917	sampled_site_condition	diseased	file	raw/fp-7a78a7e414d4/GSE193695_family.soft.gz		bone marrow cells from a single patient with relapsed and refractory MM	True
GSM5818918	geo:GSE193695:GSM5818918	sampled_site_condition	diseased	file	raw/fp-7a78a7e414d4/GSE193695_family.soft.gz		bone marrow cells from a single patient with relapsed and refractory MM	True
GSM5818919	geo:GSE193695:GSM5818919	sampled_site_condition	diseased	file	raw/fp-7a78a7e414d4/GSE193695_family.soft.gz		bone marrow cells from a single patient with relapsed and refractory MM	True
GSM5818920	geo:GSE193695:GSM5818920	sampled_site_condition	diseased	file	raw/fp-7a78a7e414d4/GSE193695_family.soft.gz		bone marrow cells from a single patient with relapsed and refractory MM	True
GSM5818921	geo:GSE193695:GSM5818921	sampled_site_condition	diseased	file	raw/fp-7a78a7e414d4/GSE193695_family.soft.gz		bone marrow cells from a single patient with relapsed and refractory MM	True
GSM5818922	geo:GSE193695:GSM5818922	sampled_site_condition	diseased	file	raw/fp-7a78a7e414d4/GSE193695_family.soft.gz		bone marrow cells from a single patient with relapsed and refractory MM	True
GSM5818923	geo:GSE193695:GSM5818923	sampled_site_condition	diseased	file	raw/fp-7a78a7e414d4/GSE193695_family.soft.gz		bone marrow cells from a single patient with relapsed and refractory MM	True
GSM5818924	geo:GSE193695:GSM5818924	sampled_site_condition	diseased	file	raw/fp-7a78a7e414d4/GSE193695_family.soft.gz		bone marrow cells from a single patient with relapsed and refractory MM	True
GSM5818925	geo:GSE193695:GSM5818925	sampled_site_condition	diseased	file	raw/fp-7a78a7e414d4/GSE193695_family.soft.gz		bone marrow cells from a single patient with relapsed and refractory MM	True
GSM5818926	geo:GSE193695:GSM5818926	sampled_site_condition	diseased	file	raw/fp-7a78a7e414d4/GSE193695_family.soft.gz		bone marrow cells from a single patient with relapsed and refractory MM	True
GSM5818927	geo:GSE193695:GSM5818927	sampled_site_condition	diseased	file	raw/fp-7a78a7e414d4/GSE193695_family.soft.gz		bone marrow cells from a single patient with relapsed and refractory MM	True
GSM5818910	geo:GSE193695:GSM5818910	assay	CEL-seq2	file	raw/fp-7a78a7e414d4/GSE193695_family.soft.gz		Libraries were prepared according to the CEL-Seq2 protocol.	True
GSM5818911	geo:GSE193695:GSM5818911	assay	CEL-seq2	file	raw/fp-7a78a7e414d4/GSE193695_family.soft.gz		Libraries were prepared according to the CEL-Seq2 protocol.	True
GSM5818912	geo:GSE193695:GSM5818912	assay	CEL-seq2	file	raw/fp-7a78a7e414d4/GSE193695_family.soft.gz		Libraries were prepared according to the CEL-Seq2 protocol.	True
GSM5818913	geo:GSE193695:GSM5818913	assay	CEL-seq2	file	raw/fp-7a78a7e414d4/GSE193695_family.soft.gz		Libraries were prepared according to the CEL-Seq2 protocol.	True
GSM5818914	geo:GSE193695:GSM5818914	assay	CEL-seq2	file	raw/fp-7a78a7e414d4/GSE193695_family.soft.gz		Libraries were prepared according to the CEL-Seq2 protocol.	True
GSM5818915	geo:GSE193695:GSM5818915	assay	CEL-seq2	file	raw/fp-7a78a7e414d4/GSE193695_family.soft.gz		Libraries were prepared according to the CEL-Seq2 protocol.	True
GSM5818916	geo:GSE193695:GSM5818916	assay	CEL-seq2	file	raw/fp-7a78a7e414d4/GSE193695_family.soft.gz		Libraries were prepared according to the CEL-Seq2 protocol.	True
GSM5818917	geo:GSE193695:GSM5818917	assay	CEL-seq2	file	raw/fp-7a78a7e414d4/GSE193695_family.soft.gz		Libraries were prepared according to the CEL-Seq2 protocol.	True
GSM5818918	geo:GSE193695:GSM5818918	assay	CEL-seq2	file	raw/fp-7a78a7e414d4/GSE193695_family.soft.gz		Libraries were prepared according to the CEL-Seq2 protocol.	True
GSM5818919	geo:GSE193695:GSM5818919	assay	CEL-seq2	file	raw/fp-7a78a7e414d4/GSE193695_family.soft.gz		Libraries were prepared according to the CEL-Seq2 protocol.	True
GSM5818920	geo:GSE193695:GSM5818920	assay	CEL-seq2	file	raw/fp-7a78a7e414d4/GSE193695_family.soft.gz		Libraries were prepared according to the CEL-Seq2 protocol.	True
GSM5818921	geo:GSE193695:GSM5818921	assay	CEL-seq2	file	raw/fp-7a78a7e414d4/GSE193695_family.soft.gz		Libraries were prepared according to the CEL-Seq2 protocol.	True
GSM5818922	geo:GSE193695:GSM5818922	assay	CEL-seq2	file	raw/fp-7a78a7e414d4/GSE193695_family.soft.gz		Libraries were prepared according to the CEL-Seq2 protocol.	True
GSM5818923	geo:GSE193695:GSM5818923	assay	CEL-seq2	file	raw/fp-7a78a7e414d4/GSE193695_family.soft.gz		Libraries were prepared according to the CEL-Seq2 protocol.	True
GSM5818924	geo:GSE193695:GSM5818924	assay	CEL-seq2	file	raw/fp-7a78a7e414d4/GSE193695_family.soft.gz		Libraries were prepared according to the CEL-Seq2 protocol.	True
GSM5818925	geo:GSE193695:GSM5818925	assay	CEL-seq2	file	raw/fp-7a78a7e414d4/GSE193695_family.soft.gz		Libraries were prepared according to the CEL-Seq2 protocol.	True
GSM5818926	geo:GSE193695:GSM5818926	assay	CEL-seq2	file	raw/fp-7a78a7e414d4/GSE193695_family.soft.gz		Libraries were prepared according to the CEL-Seq2 protocol.	True
GSM5818927	geo:GSE193695:GSM5818927	assay	CEL-seq2	file	raw/fp-7a78a7e414d4/GSE193695_family.soft.gz		Libraries were prepared according to the CEL-Seq2 protocol.	True
GSM5818910	geo:GSE193695:GSM5818910	suspension_type	cell	file	raw/fp-7a78a7e414d4/GSE193695_family.soft.gz		Single cell sort of MM cells was performed in 384 well plates using FACS.	True
GSM5818911	geo:GSE193695:GSM5818911	suspension_type	cell	file	raw/fp-7a78a7e414d4/GSE193695_family.soft.gz		Single cell sort of MM cells was performed in 384 well plates using FACS.	True
GSM5818912	geo:GSE193695:GSM5818912	suspension_type	cell	file	raw/fp-7a78a7e414d4/GSE193695_family.soft.gz		Single cell sort of MM cells was performed in 384 well plates using FACS.	True
GSM5818913	geo:GSE193695:GSM5818913	suspension_type	cell	file	raw/fp-7a78a7e414d4/GSE193695_family.soft.gz		Single cell sort of MM cells was performed in 384 well plates using FACS.	True
GSM5818914	geo:GSE193695:GSM5818914	suspension_type	cell	file	raw/fp-7a78a7e414d4/GSE193695_family.soft.gz		Single cell sort of MM cells was performed in 384 well plates using FACS.	True
GSM5818915	geo:GSE193695:GSM5818915	suspension_type	cell	file	raw/fp-7a78a7e414d4/GSE193695_family.soft.gz		Single cell sort of MM cells was performed in 384 well plates using FACS.	True
GSM5818916	geo:GSE193695:GSM5818916	suspension_type	cell	file	raw/fp-7a78a7e414d4/GSE193695_family.soft.gz		Single cell sort of MM cells was performed in 384 well plates using FACS.	True
GSM5818917	geo:GSE193695:GSM5818917	suspension_type	cell	file	raw/fp-7a78a7e414d4/GSE193695_family.soft.gz		Single cell sort of MM cells was performed in 384 well plates using FACS.	True
GSM5818918	geo:GSE193695:GSM5818918	suspension_type	cell	file	raw/fp-7a78a7e414d4/GSE193695_family.soft.gz		Single cell sort of MM cells was performed in 384 well plates using FACS.	True
GSM5818919	geo:GSE193695:GSM5818919	suspension_type	cell	file	raw/fp-7a78a7e414d4/GSE193695_family.soft.gz		Single cell sort of MM cells was performed in 384 well plates using FACS.	True
GSM5818920	geo:GSE193695:GSM5818920	suspension_type	cell	file	raw/fp-7a78a7e414d4/GSE193695_family.soft.gz		Single cell sort of MM cells was performed in 384 well plates using FACS.	True
GSM5818921	geo:GSE193695:GSM5818921	suspension_type	cell	file	raw/fp-7a78a7e414d4/GSE193695_family.soft.gz		Single cell sort of MM cells was performed in 384 well plates using FACS.	True
GSM5818922	geo:GSE193695:GSM5818922	suspension_type	cell	file	raw/fp-7a78a7e414d4/GSE193695_family.soft.gz		Single cell sort of MM cells was performed in 384 well plates using FACS.	True
GSM5818923	geo:GSE193695:GSM5818923	suspension_type	cell	file	raw/fp-7a78a7e414d4/GSE193695_family.soft.gz		Single cell sort of MM cells was performed in 384 well plates using FACS.	True
GSM5818924	geo:GSE193695:GSM5818924	suspension_type	cell	file	raw/fp-7a78a7e414d4/GSE193695_family.soft.gz		Single cell sort of MM cells was performed in 384 well plates using FACS.	True
GSM5818925	geo:GSE193695:GSM5818925	suspension_type	cell	file	raw/fp-7a78a7e414d4/GSE193695_family.soft.gz		Single cell sort of MM cells was performed in 384 well plates using FACS.	True
GSM5818926	geo:GSE193695:GSM5818926	suspension_type	cell	file	raw/fp-7a78a7e414d4/GSE193695_family.soft.gz		Single cell sort of MM cells was performed in 384 well plates using FACS.	True
GSM5818927	geo:GSE193695:GSM5818927	suspension_type	cell	file	raw/fp-7a78a7e414d4/GSE193695_family.soft.gz		Single cell sort of MM cells was performed in 384 well plates using FACS.	True
GSM5818910	geo:GSE193695:GSM5818910	cell_enrichment	CD38++CD45-CD19-	file	raw/fp-7a78a7e414d4/GSE193695_family.soft.gz		!Sample_characteristics_ch1 = selection marker: CD38++CD45-CD19-	True
GSM5818911	geo:GSE193695:GSM5818911	cell_enrichment	CD38++CD45-CD19-	file	raw/fp-7a78a7e414d4/GSE193695_family.soft.gz		!Sample_characteristics_ch1 = selection marker: CD38++CD45-CD19-	True
GSM5818912	geo:GSE193695:GSM5818912	cell_enrichment	CD38++CD45-CD19-	file	raw/fp-7a78a7e414d4/GSE193695_family.soft.gz		!Sample_characteristics_ch1 = selection marker: CD38++CD45-CD19-	True
GSM5818913	geo:GSE193695:GSM5818913	cell_enrichment	CD38++CD45-CD19-	file	raw/fp-7a78a7e414d4/GSE193695_family.soft.gz		!Sample_characteristics_ch1 = selection marker: CD38++CD45-CD19-	True
GSM5818914	geo:GSE193695:GSM5818914	cell_enrichment	CD38++CD45-CD19-	file	raw/fp-7a78a7e414d4/GSE193695_family.soft.gz		!Sample_characteristics_ch1 = selection marker: CD38++CD45-CD19-	True
GSM5818915	geo:GSE193695:GSM5818915	cell_enrichment	CD38++CD45-CD19-	file	raw/fp-7a78a7e414d4/GSE193695_family.soft.gz		!Sample_characteristics_ch1 = selection marker: CD38++CD45-CD19-	True
GSM5818916	geo:GSE193695:GSM5818916	cell_enrichment	CD38++CD45-CD19-	file	raw/fp-7a78a7e414d4/GSE193695_family.soft.gz		!Sample_characteristics_ch1 = selection marker: CD38++CD45-CD19-	True
GSM5818917	geo:GSE193695:GSM5818917	cell_enrichment	CD38++CD45-CD19-	file	raw/fp-7a78a7e414d4/GSE193695_family.soft.gz		!Sample_characteristics_ch1 = selection marker: CD38++CD45-CD19-	True
GSM5818918	geo:GSE193695:GSM5818918	cell_enrichment	CD38++CD45-CD19-	file	raw/fp-7a78a7e414d4/GSE193695_family.soft.gz		!Sample_characteristics_ch1 = selection marker: CD38++CD45-CD19-	True
GSM5818919	geo:GSE193695:GSM5818919	cell_enrichment	CD38++CD45-CD19-	file	raw/fp-7a78a7e414d4/GSE193695_family.soft.gz		!Sample_characteristics_ch1 = selection marker: CD38++CD45-CD19-	True
GSM5818920	geo:GSE193695:GSM5818920	cell_enrichment	CD38++CD45-CD19-	file	raw/fp-7a78a7e414d4/GSE193695_family.soft.gz		!Sample_characteristics_ch1 = selection marker: CD38++CD45-CD19-	True
GSM5818921	geo:GSE193695:GSM5818921	cell_enrichment	CD38++CD45-CD19-	file	raw/fp-7a78a7e414d4/GSE193695_family.soft.gz		!Sample_characteristics_ch1 = selection marker: CD38++CD45-CD19-	True
GSM5818922	geo:GSE193695:GSM5818922	cell_enrichment	CD38++CD45-CD19-	file	raw/fp-7a78a7e414d4/GSE193695_family.soft.gz		!Sample_characteristics_ch1 = selection marker: CD38++CD45-CD19-	True
GSM5818923	geo:GSE193695:GSM5818923	cell_enrichment	CD38++CD45-CD19-	file	raw/fp-7a78a7e414d4/GSE193695_family.soft.gz		!Sample_characteristics_ch1 = selection marker: CD38++CD45-CD19-	True
GSM5818924	geo:GSE193695:GSM5818924	cell_enrichment	CD38++CD45-CD19-	file	raw/fp-7a78a7e414d4/GSE193695_family.soft.gz		!Sample_characteristics_ch1 = selection marker: CD38++CD45-CD19-	True
GSM5818925	geo:GSE193695:GSM5818925	cell_enrichment	CD38++CD45-CD19-	file	raw/fp-7a78a7e414d4/GSE193695_family.soft.gz		!Sample_characteristics_ch1 = selection marker: CD38++CD45-CD19-	True
GSM5818926	geo:GSE193695:GSM5818926	cell_enrichment	CD38++CD45-CD19-	file	raw/fp-7a78a7e414d4/GSE193695_family.soft.gz		!Sample_characteristics_ch1 = selection marker: CD38++CD45-CD19-	True
GSM5818927	geo:GSE193695:GSM5818927	cell_enrichment	CD38++CD45-CD19-	file	raw/fp-7a78a7e414d4/GSE193695_family.soft.gz		!Sample_characteristics_ch1 = selection marker: CD38++CD45-CD19-	True
GSM5818910	geo:GSE193695:GSM5818910	cell_enrichment	CD38++CD45-CD19-	file	evidence/PMC9386061.txt		After doublet exclusion, CD38 ++ CD45 − CD19 − cells were index-sorted into 384-well plates	True
GSM5818911	geo:GSE193695:GSM5818911	cell_enrichment	CD38++CD45-CD19-	file	evidence/PMC9386061.txt		After doublet exclusion, CD38 ++ CD45 − CD19 − cells were index-sorted into 384-well plates	True
GSM5818912	geo:GSE193695:GSM5818912	cell_enrichment	CD38++CD45-CD19-	file	evidence/PMC9386061.txt		After doublet exclusion, CD38 ++ CD45 − CD19 − cells were index-sorted into 384-well plates	True
GSM5818913	geo:GSE193695:GSM5818913	cell_enrichment	CD38++CD45-CD19-	file	evidence/PMC9386061.txt		After doublet exclusion, CD38 ++ CD45 − CD19 − cells were index-sorted into 384-well plates	True
GSM5818914	geo:GSE193695:GSM5818914	cell_enrichment	CD38++CD45-CD19-	file	evidence/PMC9386061.txt		After doublet exclusion, CD38 ++ CD45 − CD19 − cells were index-sorted into 384-well plates	True
GSM5818915	geo:GSE193695:GSM5818915	cell_enrichment	CD38++CD45-CD19-	file	evidence/PMC9386061.txt		After doublet exclusion, CD38 ++ CD45 − CD19 − cells were index-sorted into 384-well plates	True
GSM5818916	geo:GSE193695:GSM5818916	cell_enrichment	CD38++CD45-CD19-	file	evidence/PMC9386061.txt		After doublet exclusion, CD38 ++ CD45 − CD19 − cells were index-sorted into 384-well plates	True
GSM5818917	geo:GSE193695:GSM5818917	cell_enrichment	CD38++CD45-CD19-	file	evidence/PMC9386061.txt		After doublet exclusion, CD38 ++ CD45 − CD19 − cells were index-sorted into 384-well plates	True
GSM5818918	geo:GSE193695:GSM5818918	cell_enrichment	CD38++CD45-CD19-	file	evidence/PMC9386061.txt		After doublet exclusion, CD38 ++ CD45 − CD19 − cells were index-sorted into 384-well plates	True
GSM5818919	geo:GSE193695:GSM5818919	cell_enrichment	CD38++CD45-CD19-	file	evidence/PMC9386061.txt		After doublet exclusion, CD38 ++ CD45 − CD19 − cells were index-sorted into 384-well plates	True
GSM5818920	geo:GSE193695:GSM5818920	cell_enrichment	CD38++CD45-CD19-	file	evidence/PMC9386061.txt		After doublet exclusion, CD38 ++ CD45 − CD19 − cells were index-sorted into 384-well plates	True
GSM5818921	geo:GSE193695:GSM5818921	cell_enrichment	CD38++CD45-CD19-	file	evidence/PMC9386061.txt		After doublet exclusion, CD38 ++ CD45 − CD19 − cells were index-sorted into 384-well plates	True
GSM5818922	geo:GSE193695:GSM5818922	cell_enrichment	CD38++CD45-CD19-	file	evidence/PMC9386061.txt		After doublet exclusion, CD38 ++ CD45 − CD19 − cells were index-sorted into 384-well plates	True
GSM5818923	geo:GSE193695:GSM5818923	cell_enrichment	CD38++CD45-CD19-	file	evidence/PMC9386061.txt		After doublet exclusion, CD38 ++ CD45 − CD19 − cells were index-sorted into 384-well plates	True
GSM5818924	geo:GSE193695:GSM5818924	cell_enrichment	CD38++CD45-CD19-	file	evidence/PMC9386061.txt		After doublet exclusion, CD38 ++ CD45 − CD19 − cells were index-sorted into 384-well plates	True
GSM5818925	geo:GSE193695:GSM5818925	cell_enrichment	CD38++CD45-CD19-	file	evidence/PMC9386061.txt		After doublet exclusion, CD38 ++ CD45 − CD19 − cells were index-sorted into 384-well plates	True
GSM5818926	geo:GSE193695:GSM5818926	cell_enrichment	CD38++CD45-CD19-	file	evidence/PMC9386061.txt		After doublet exclusion, CD38 ++ CD45 − CD19 − cells were index-sorted into 384-well plates	True
GSM5818927	geo:GSE193695:GSM5818927	cell_enrichment	CD38++CD45-CD19-	file	evidence/PMC9386061.txt		After doublet exclusion, CD38 ++ CD45 − CD19 − cells were index-sorted into 384-well plates	True
