sample_id	sample_uid	field	value	source	ref	scope	quote	verified
GSM6679322	geo:GSE216571:GSM6679322	assay_ontology_term_id	EFO:0009900	derived	ols:efo		10x 5' v2	True
GSM6679322	geo:GSE216571:GSM6679322	tissue_ontology_term_id	UBERON:0002371	derived	ols:uberon		bone marrow	True
GSM6679322	geo:GSE216571:GSM6679322	disease_ontology_term_id	MONDO:0009693	derived	ols:mondo		multiple myeloma	True
GSM6679323	geo:GSE216571:GSM6679323	assay_ontology_term_id	EFO:0009900	derived	ols:efo		10x 5' v2	True
GSM6679323	geo:GSE216571:GSM6679323	tissue_ontology_term_id	UBERON:0002371	derived	ols:uberon		bone marrow	True
GSM6679323	geo:GSE216571:GSM6679323	disease_ontology_term_id	MONDO:0009693	derived	ols:mondo		multiple myeloma	True
GSM6679324	geo:GSE216571:GSM6679324	assay_ontology_term_id	EFO:0009900	derived	ols:efo		10x 5' v2	True
GSM6679324	geo:GSE216571:GSM6679324	tissue_ontology_term_id	UBERON:0002371	derived	ols:uberon		bone marrow	True
GSM6679324	geo:GSE216571:GSM6679324	disease_ontology_term_id	MONDO:0009693	derived	ols:mondo		multiple myeloma	True
GSM6679325	geo:GSE216571:GSM6679325	assay_ontology_term_id	EFO:0009900	derived	ols:efo		10x 5' v2	True
GSM6679325	geo:GSE216571:GSM6679325	tissue_ontology_term_id	UBERON:0002371	derived	ols:uberon		bone marrow	True
GSM6679325	geo:GSE216571:GSM6679325	disease_ontology_term_id	MONDO:0009693	derived	ols:mondo		multiple myeloma	True
GSM6679326	geo:GSE216571:GSM6679326	assay_ontology_term_id	EFO:0009900	derived	ols:efo		10x 5' v2	True
GSM6679326	geo:GSE216571:GSM6679326	tissue_ontology_term_id	UBERON:0002371	derived	ols:uberon		bone marrow	True
GSM6679326	geo:GSE216571:GSM6679326	disease_ontology_term_id	MONDO:0009693	derived	ols:mondo		multiple myeloma	True
GSM6679327	geo:GSE216571:GSM6679327	assay_ontology_term_id	EFO:0009900	derived	ols:efo		10x 5' v2	True
GSM6679327	geo:GSE216571:GSM6679327	tissue_ontology_term_id	UBERON:0002371	derived	ols:uberon		bone marrow	True
GSM6679327	geo:GSE216571:GSM6679327	disease_ontology_term_id	MONDO:0009693	derived	ols:mondo		multiple myeloma	True
GSM6679328	geo:GSE216571:GSM6679328	assay_ontology_term_id	EFO:0009900	derived	ols:efo		10x 5' v2	True
GSM6679328	geo:GSE216571:GSM6679328	tissue_ontology_term_id	UBERON:0002371	derived	ols:uberon		bone marrow	True
GSM6679328	geo:GSE216571:GSM6679328	disease_ontology_term_id	MONDO:0009693	derived	ols:mondo		multiple myeloma	True
GSM6679329	geo:GSE216571:GSM6679329	assay_ontology_term_id	EFO:0009900	derived	ols:efo		10x 5' v2	True
GSM6679329	geo:GSE216571:GSM6679329	tissue_ontology_term_id	UBERON:0002371	derived	ols:uberon		bone marrow	True
GSM6679329	geo:GSE216571:GSM6679329	disease_ontology_term_id	MONDO:0009693	derived	ols:mondo		multiple myeloma	True
GSM6679330	geo:GSE216571:GSM6679330	assay_ontology_term_id	EFO:0009900	derived	ols:efo		10x 5' v2	True
GSM6679330	geo:GSE216571:GSM6679330	tissue_ontology_term_id	UBERON:0002371	derived	ols:uberon		bone marrow	True
GSM6679330	geo:GSE216571:GSM6679330	disease_ontology_term_id	MONDO:0009693	derived	ols:mondo		multiple myeloma	True
GSM6679331	geo:GSE216571:GSM6679331	assay_ontology_term_id	EFO:0009900	derived	ols:efo		10x 5' v2	True
GSM6679331	geo:GSE216571:GSM6679331	tissue_ontology_term_id	UBERON:0002371	derived	ols:uberon		bone marrow	True
GSM6679331	geo:GSE216571:GSM6679331	disease_ontology_term_id	MONDO:0009693	derived	ols:mondo		multiple myeloma	True
GSM6679332	geo:GSE216571:GSM6679332	assay_ontology_term_id	EFO:0009900	derived	ols:efo		10x 5' v2	True
GSM6679332	geo:GSE216571:GSM6679332	tissue_ontology_term_id	UBERON:0002371	derived	ols:uberon		bone marrow	True
GSM6679332	geo:GSE216571:GSM6679332	disease_ontology_term_id	MONDO:0009693	derived	ols:mondo		multiple myeloma	True
GSM6679333	geo:GSE216571:GSM6679333	assay_ontology_term_id	EFO:0009900	derived	ols:efo		10x 5' v2	True
GSM6679333	geo:GSE216571:GSM6679333	tissue_ontology_term_id	UBERON:0002371	derived	ols:uberon		bone marrow	True
GSM6679333	geo:GSE216571:GSM6679333	disease_ontology_term_id	MONDO:0009693	derived	ols:mondo		multiple myeloma	True
GSM6679334	geo:GSE216571:GSM6679334	assay_ontology_term_id	EFO:0009900	derived	ols:efo		10x 5' v2	True
GSM6679334	geo:GSE216571:GSM6679334	tissue_ontology_term_id	UBERON:0002371	derived	ols:uberon		bone marrow	True
GSM6679334	geo:GSE216571:GSM6679334	disease_ontology_term_id	MONDO:0009693	derived	ols:mondo		multiple myeloma	True
GSM6679335	geo:GSE216571:GSM6679335	assay_ontology_term_id	EFO:0009900	derived	ols:efo		10x 5' v2	True
GSM6679335	geo:GSE216571:GSM6679335	tissue_ontology_term_id	UBERON:0002371	derived	ols:uberon		bone marrow	True
GSM6679335	geo:GSE216571:GSM6679335	disease_ontology_term_id	MONDO:0009693	derived	ols:mondo		multiple myeloma	True
GSM6679336	geo:GSE216571:GSM6679336	assay_ontology_term_id	EFO:0009900	derived	ols:efo		10x 5' v2	True
GSM6679336	geo:GSE216571:GSM6679336	tissue_ontology_term_id	UBERON:0002371	derived	ols:uberon		bone marrow	True
GSM6679336	geo:GSE216571:GSM6679336	disease_ontology_term_id	MONDO:0009693	derived	ols:mondo		multiple myeloma	True
GSM6679337	geo:GSE216571:GSM6679337	assay_ontology_term_id	EFO:0009900	derived	ols:efo		10x 5' v2	True
GSM6679337	geo:GSE216571:GSM6679337	tissue_ontology_term_id	UBERON:0002371	derived	ols:uberon		bone marrow	True
GSM6679337	geo:GSE216571:GSM6679337	disease_ontology_term_id	MONDO:0009693	derived	ols:mondo		multiple myeloma	True
GSM6679339	geo:GSE216571:GSM6679339	assay_ontology_term_id	EFO:0009900	derived	ols:efo		10x 5' v2	True
GSM6679339	geo:GSE216571:GSM6679339	tissue_ontology_term_id	UBERON:0002371	derived	ols:uberon		bone marrow	True
GSM6679339	geo:GSE216571:GSM6679339	disease_ontology_term_id	MONDO:0009693	derived	ols:mondo		multiple myeloma	True
GSM6679340	geo:GSE216571:GSM6679340	assay_ontology_term_id	EFO:0009900	derived	ols:efo		10x 5' v2	True
GSM6679340	geo:GSE216571:GSM6679340	tissue_ontology_term_id	UBERON:0002371	derived	ols:uberon		bone marrow	True
GSM6679340	geo:GSE216571:GSM6679340	disease_ontology_term_id	MONDO:0009693	derived	ols:mondo		multiple myeloma	True
GSM6679341	geo:GSE216571:GSM6679341	assay_ontology_term_id	EFO:0009900	derived	ols:efo		10x 5' v2	True
GSM6679341	geo:GSE216571:GSM6679341	tissue_ontology_term_id	UBERON:0002371	derived	ols:uberon		bone marrow	True
GSM6679341	geo:GSE216571:GSM6679341	disease_ontology_term_id	MONDO:0009693	derived	ols:mondo		multiple myeloma	True
GSM6679342	geo:GSE216571:GSM6679342	assay_ontology_term_id	EFO:0009900	derived	ols:efo		10x 5' v2	True
GSM6679342	geo:GSE216571:GSM6679342	tissue_ontology_term_id	UBERON:0002371	derived	ols:uberon		bone marrow	True
GSM6679342	geo:GSE216571:GSM6679342	disease_ontology_term_id	MONDO:0009693	derived	ols:mondo		multiple myeloma	True
GSM6679343	geo:GSE216571:GSM6679343	assay_ontology_term_id	EFO:0009900	derived	ols:efo		10x 5' v2	True
GSM6679343	geo:GSE216571:GSM6679343	tissue_ontology_term_id	UBERON:0002371	derived	ols:uberon		bone marrow	True
GSM6679343	geo:GSE216571:GSM6679343	disease_ontology_term_id	MONDO:0009693	derived	ols:mondo		multiple myeloma	True
GSM6679344	geo:GSE216571:GSM6679344	assay_ontology_term_id	EFO:0009900	derived	ols:efo		10x 5' v2	True
GSM6679344	geo:GSE216571:GSM6679344	tissue_ontology_term_id	UBERON:0002371	derived	ols:uberon		bone marrow	True
GSM6679344	geo:GSE216571:GSM6679344	disease_ontology_term_id	MONDO:0009693	derived	ols:mondo		multiple myeloma	True
GSM6679345	geo:GSE216571:GSM6679345	assay_ontology_term_id	EFO:0009900	derived	ols:efo		10x 5' v2	True
GSM6679345	geo:GSE216571:GSM6679345	tissue_ontology_term_id	UBERON:0002371	derived	ols:uberon		bone marrow	True
GSM6679345	geo:GSE216571:GSM6679345	disease_ontology_term_id	MONDO:0009693	derived	ols:mondo		multiple myeloma	True
GSM6679346	geo:GSE216571:GSM6679346	assay_ontology_term_id	EFO:0009900	derived	ols:efo		10x 5' v2	True
GSM6679346	geo:GSE216571:GSM6679346	tissue_ontology_term_id	UBERON:0002371	derived	ols:uberon		bone marrow	True
GSM6679346	geo:GSE216571:GSM6679346	disease_ontology_term_id	MONDO:0009693	derived	ols:mondo		multiple myeloma	True
GSM6679347	geo:GSE216571:GSM6679347	assay_ontology_term_id	EFO:0009900	derived	ols:efo		10x 5' v2	True
GSM6679347	geo:GSE216571:GSM6679347	tissue_ontology_term_id	UBERON:0002371	derived	ols:uberon		bone marrow	True
GSM6679347	geo:GSE216571:GSM6679347	disease_ontology_term_id	MONDO:0009693	derived	ols:mondo		multiple myeloma	True
GSM6679348	geo:GSE216571:GSM6679348	assay_ontology_term_id	EFO:0009900	derived	ols:efo		10x 5' v2	True
GSM6679348	geo:GSE216571:GSM6679348	tissue_ontology_term_id	UBERON:0002371	derived	ols:uberon		bone marrow	True
GSM6679348	geo:GSE216571:GSM6679348	disease_ontology_term_id	MONDO:0009693	derived	ols:mondo		multiple myeloma	True
GSM6679349	geo:GSE216571:GSM6679349	assay_ontology_term_id	EFO:0009900	derived	ols:efo		10x 5' v2	True
GSM6679349	geo:GSE216571:GSM6679349	tissue_ontology_term_id	UBERON:0002371	derived	ols:uberon		bone marrow	True
GSM6679349	geo:GSE216571:GSM6679349	disease_ontology_term_id	MONDO:0009693	derived	ols:mondo		multiple myeloma	True
GSM6679350	geo:GSE216571:GSM6679350	assay_ontology_term_id	EFO:0009900	derived	ols:efo		10x 5' v2	True
GSM6679350	geo:GSE216571:GSM6679350	tissue_ontology_term_id	UBERON:0002371	derived	ols:uberon		bone marrow	True
GSM6679350	geo:GSE216571:GSM6679350	disease_ontology_term_id	MONDO:0009693	derived	ols:mondo		multiple myeloma	True
GSM6679351	geo:GSE216571:GSM6679351	assay_ontology_term_id	EFO:0009900	derived	ols:efo		10x 5' v2	True
GSM6679351	geo:GSE216571:GSM6679351	tissue_ontology_term_id	UBERON:0002371	derived	ols:uberon		bone marrow	True
GSM6679351	geo:GSE216571:GSM6679351	disease_ontology_term_id	MONDO:0009693	derived	ols:mondo		multiple myeloma	True
GSM6679352	geo:GSE216571:GSM6679352	assay_ontology_term_id	EFO:0009900	derived	ols:efo		10x 5' v2	True
GSM6679352	geo:GSE216571:GSM6679352	tissue_ontology_term_id	UBERON:0002371	derived	ols:uberon		bone marrow	True
GSM6679352	geo:GSE216571:GSM6679352	disease_ontology_term_id	MONDO:0009693	derived	ols:mondo		multiple myeloma	True
GSM6679353	geo:GSE216571:GSM6679353	assay_ontology_term_id	EFO:0009900	derived	ols:efo		10x 5' v2	True
GSM6679353	geo:GSE216571:GSM6679353	tissue_ontology_term_id	UBERON:0002371	derived	ols:uberon		bone marrow	True
GSM6679353	geo:GSE216571:GSM6679353	disease_ontology_term_id	MONDO:0009693	derived	ols:mondo		multiple myeloma	True
GSM6679354	geo:GSE216571:GSM6679354	assay_ontology_term_id	EFO:0009900	derived	ols:efo		10x 5' v2	True
GSM6679354	geo:GSE216571:GSM6679354	tissue_ontology_term_id	UBERON:0002371	derived	ols:uberon		bone marrow	True
GSM6679354	geo:GSE216571:GSM6679354	disease_ontology_term_id	MONDO:0009693	derived	ols:mondo		multiple myeloma	True
GSM6679355	geo:GSE216571:GSM6679355	assay_ontology_term_id	EFO:0009900	derived	ols:efo		10x 5' v2	True
GSM6679355	geo:GSE216571:GSM6679355	tissue_ontology_term_id	UBERON:0002371	derived	ols:uberon		bone marrow	True
GSM6679355	geo:GSE216571:GSM6679355	disease_ontology_term_id	MONDO:0009693	derived	ols:mondo		multiple myeloma	True
GSM6679356	geo:GSE216571:GSM6679356	assay_ontology_term_id	EFO:0009900	derived	ols:efo		10x 5' v2	True
GSM6679356	geo:GSE216571:GSM6679356	tissue_ontology_term_id	UBERON:0002371	derived	ols:uberon		bone marrow	True
GSM6679356	geo:GSE216571:GSM6679356	disease_ontology_term_id	MONDO:0009693	derived	ols:mondo		multiple myeloma	True
GSM6679357	geo:GSE216571:GSM6679357	assay_ontology_term_id	EFO:0009900	derived	ols:efo		10x 5' v2	True
GSM6679357	geo:GSE216571:GSM6679357	tissue_ontology_term_id	UBERON:0002371	derived	ols:uberon		bone marrow	True
GSM6679357	geo:GSE216571:GSM6679357	disease_ontology_term_id	MONDO:0009693	derived	ols:mondo		multiple myeloma	True
GSM6679358	geo:GSE216571:GSM6679358	assay_ontology_term_id	EFO:0009900	derived	ols:efo		10x 5' v2	True
GSM6679358	geo:GSE216571:GSM6679358	tissue_ontology_term_id	UBERON:0002371	derived	ols:uberon		bone marrow	True
GSM6679358	geo:GSE216571:GSM6679358	disease_ontology_term_id	MONDO:0009693	derived	ols:mondo		multiple myeloma	True
GSM6679359	geo:GSE216571:GSM6679359	assay_ontology_term_id	EFO:0009900	derived	ols:efo		10x 5' v2	True
GSM6679359	geo:GSE216571:GSM6679359	tissue_ontology_term_id	UBERON:0002371	derived	ols:uberon		bone marrow	True
GSM6679359	geo:GSE216571:GSM6679359	disease_ontology_term_id	MONDO:0009693	derived	ols:mondo		multiple myeloma	True
GSM6679360	geo:GSE216571:GSM6679360	assay_ontology_term_id	EFO:0009900	derived	ols:efo		10x 5' v2	True
GSM6679360	geo:GSE216571:GSM6679360	tissue_ontology_term_id	UBERON:0002371	derived	ols:uberon		bone marrow	True
GSM6679360	geo:GSE216571:GSM6679360	disease_ontology_term_id	MONDO:0009693	derived	ols:mondo		multiple myeloma	True
GSM6679361	geo:GSE216571:GSM6679361	assay_ontology_term_id	EFO:0009900	derived	ols:efo		10x 5' v2	True
GSM6679361	geo:GSE216571:GSM6679361	tissue_ontology_term_id	UBERON:0002371	derived	ols:uberon		bone marrow	True
GSM6679361	geo:GSE216571:GSM6679361	disease_ontology_term_id	MONDO:0009693	derived	ols:mondo		multiple myeloma	True
GSM6679362	geo:GSE216571:GSM6679362	assay_ontology_term_id	EFO:0009900	derived	ols:efo		10x 5' v2	True
GSM6679362	geo:GSE216571:GSM6679362	tissue_ontology_term_id	UBERON:0002371	derived	ols:uberon		bone marrow	True
GSM6679362	geo:GSE216571:GSM6679362	disease_ontology_term_id	MONDO:0009693	derived	ols:mondo		multiple myeloma	True
GSM6679363	geo:GSE216571:GSM6679363	assay_ontology_term_id	EFO:0009900	derived	ols:efo		10x 5' v2	True
GSM6679363	geo:GSE216571:GSM6679363	tissue_ontology_term_id	UBERON:0002371	derived	ols:uberon		bone marrow	True
GSM6679363	geo:GSE216571:GSM6679363	disease_ontology_term_id	MONDO:0009693	derived	ols:mondo		multiple myeloma	True
GSM6679364	geo:GSE216571:GSM6679364	assay_ontology_term_id	EFO:0009900	derived	ols:efo		10x 5' v2	True
GSM6679364	geo:GSE216571:GSM6679364	tissue_ontology_term_id	UBERON:0002371	derived	ols:uberon		bone marrow	True
GSM6679364	geo:GSE216571:GSM6679364	disease_ontology_term_id	MONDO:0009693	derived	ols:mondo		multiple myeloma	True
GSM6679365	geo:GSE216571:GSM6679365	assay_ontology_term_id	EFO:0009900	derived	ols:efo		10x 5' v2	True
GSM6679365	geo:GSE216571:GSM6679365	tissue_ontology_term_id	UBERON:0002371	derived	ols:uberon		bone marrow	True
GSM6679365	geo:GSE216571:GSM6679365	disease_ontology_term_id	MONDO:0009693	derived	ols:mondo		multiple myeloma	True
GSM6679366	geo:GSE216571:GSM6679366	assay_ontology_term_id	EFO:0009900	derived	ols:efo		10x 5' v2	True
GSM6679366	geo:GSE216571:GSM6679366	tissue_ontology_term_id	UBERON:0002371	derived	ols:uberon		bone marrow	True
GSM6679366	geo:GSE216571:GSM6679366	disease_ontology_term_id	MONDO:0009693	derived	ols:mondo		multiple myeloma	True
GSM6679367	geo:GSE216571:GSM6679367	assay_ontology_term_id	EFO:0009900	derived	ols:efo		10x 5' v2	True
GSM6679367	geo:GSE216571:GSM6679367	tissue_ontology_term_id	UBERON:0002371	derived	ols:uberon		bone marrow	True
GSM6679367	geo:GSE216571:GSM6679367	disease_ontology_term_id	MONDO:0009693	derived	ols:mondo		multiple myeloma	True
GSM6679368	geo:GSE216571:GSM6679368	assay_ontology_term_id	EFO:0009900	derived	ols:efo		10x 5' v2	True
GSM6679368	geo:GSE216571:GSM6679368	tissue_ontology_term_id	UBERON:0002371	derived	ols:uberon		bone marrow	True
GSM6679368	geo:GSE216571:GSM6679368	disease_ontology_term_id	MONDO:0009693	derived	ols:mondo		multiple myeloma	True
GSM6679369	geo:GSE216571:GSM6679369	assay_ontology_term_id	EFO:0009900	derived	ols:efo		10x 5' v2	True
GSM6679369	geo:GSE216571:GSM6679369	tissue_ontology_term_id	UBERON:0002371	derived	ols:uberon		bone marrow	True
GSM6679369	geo:GSE216571:GSM6679369	disease_ontology_term_id	MONDO:0009693	derived	ols:mondo		multiple myeloma	True
GSM6679370	geo:GSE216571:GSM6679370	assay_ontology_term_id	EFO:0009900	derived	ols:efo		10x 5' v2	True
GSM6679370	geo:GSE216571:GSM6679370	tissue_ontology_term_id	UBERON:0002371	derived	ols:uberon		bone marrow	True
GSM6679370	geo:GSE216571:GSM6679370	disease_ontology_term_id	MONDO:0009693	derived	ols:mondo		multiple myeloma	True
GSM6679371	geo:GSE216571:GSM6679371	assay_ontology_term_id	EFO:0009900	derived	ols:efo		10x 5' v2	True
GSM6679372	geo:GSE216571:GSM6679372	assay_ontology_term_id	EFO:0009900	derived	ols:efo		10x 5' v2	True
GSM6679373	geo:GSE216571:GSM6679373	assay_ontology_term_id	EFO:0009900	derived	ols:efo		10x 5' v2	True
GSM6679374	geo:GSE216571:GSM6679374	assay_ontology_term_id	EFO:0009900	derived	ols:efo		10x 5' v2	True
GSM6679375	geo:GSE216571:GSM6679375	tissue_ontology_term_id	UBERON:0002371	derived	ols:uberon		bone marrow	True
GSM6679375	geo:GSE216571:GSM6679375	disease_ontology_term_id	MONDO:0009693	derived	ols:mondo		multiple myeloma	True
GSM6679376	geo:GSE216571:GSM6679376	tissue_ontology_term_id	UBERON:0002371	derived	ols:uberon		bone marrow	True
GSM6679376	geo:GSE216571:GSM6679376	disease_ontology_term_id	MONDO:0009693	derived	ols:mondo		multiple myeloma	True
GSM6679377	geo:GSE216571:GSM6679377	tissue_ontology_term_id	UBERON:0002371	derived	ols:uberon		bone marrow	True
GSM6679377	geo:GSE216571:GSM6679377	disease_ontology_term_id	MONDO:0009693	derived	ols:mondo		multiple myeloma	True
GSM6679378	geo:GSE216571:GSM6679378	tissue_ontology_term_id	UBERON:0002371	derived	ols:uberon		bone marrow	True
GSM6679378	geo:GSE216571:GSM6679378	disease_ontology_term_id	MONDO:0009693	derived	ols:mondo		multiple myeloma	True
GSM6679379	geo:GSE216571:GSM6679379	tissue_ontology_term_id	UBERON:0002371	derived	ols:uberon		bone marrow	True
GSM6679379	geo:GSE216571:GSM6679379	disease_ontology_term_id	MONDO:0009693	derived	ols:mondo		multiple myeloma	True
GSM6679380	geo:GSE216571:GSM6679380	tissue_ontology_term_id	UBERON:0002371	derived	ols:uberon		bone marrow	True
GSM6679380	geo:GSE216571:GSM6679380	disease_ontology_term_id	MONDO:0009693	derived	ols:mondo		multiple myeloma	True
GSM6679381	geo:GSE216571:GSM6679381	tissue_ontology_term_id	UBERON:0002371	derived	ols:uberon		bone marrow	True
GSM6679381	geo:GSE216571:GSM6679381	disease_ontology_term_id	MONDO:0009693	derived	ols:mondo		multiple myeloma	True
GSM6679382	geo:GSE216571:GSM6679382	tissue_ontology_term_id	UBERON:0002371	derived	ols:uberon		bone marrow	True
GSM6679382	geo:GSE216571:GSM6679382	disease_ontology_term_id	MONDO:0009693	derived	ols:mondo		multiple myeloma	True
GSM6679383	geo:GSE216571:GSM6679383	tissue_ontology_term_id	UBERON:0002371	derived	ols:uberon		bone marrow	True
GSM6679383	geo:GSE216571:GSM6679383	disease_ontology_term_id	MONDO:0009693	derived	ols:mondo		multiple myeloma	True
		organism	Homo sapiens	file	raw/fp-d91fddb9e607/GSE216571_family.soft.gz		!Sample_organism_ch1 = Homo sapiens	True
GSM6679322	geo:GSE216571:GSM6679322	cell_enrichment	CD3+	file	raw/fp-d91fddb9e607/GSE216571_family.soft.gz		!Sample_source_name_ch1 = PT1_early, sort CD3, T & NK cell subset bmref	True
GSM6679322	geo:GSE216571:GSM6679322	cell_enrichment	CD3+	file	raw/fp-d91fddb9e607/GSE216571_family.soft.gz		Bone marrow mononuclear fractions were isolated through Ficoll density gradients coupled with magnetic sorting of CD3+ or CD45+ T cells.	True
GSM6679322	geo:GSE216571:GSM6679322	suspension_type	cell	file	raw/fp-d91fddb9e607/GSE216571_family.soft.gz		!Sample_library_source = transcriptomic single cell	True
GSM6679322	geo:GSE216571:GSM6679322	suspension_type	cell	file	raw/fp-d91fddb9e607/GSE216571_family.soft.gz		single cell 5’ v2 protocol, 10x Genomics	True
GSM6679322	geo:GSE216571:GSM6679322	donor_id	PT1	file	raw/fp-d91fddb9e607/GSE216571_family.soft.gz		!Sample_title = PT1_early_CD3	True
GSM6679322	geo:GSE216571:GSM6679322	donor_id	PT1	file	raw/fp-d91fddb9e607/GSE216571_family.soft.gz		!Sample_source_name_ch1 = PT1_early, sort CD3, T & NK cell subset bmref	True
GSM6679322	geo:GSE216571:GSM6679322	donor_id	PT1	file	raw/fp-d91fddb9e607/GSE216571_family.soft.gz		Serial blood samples and BM aspirates were collected from patients treated with anti-BCMA TCE at variable time points, prior and post initiation of therapy and at relapse.	True
GSM6679322	geo:GSE216571:GSM6679322	tissue_free_text	bone marrow	file	raw/fp-d91fddb9e607/GSE216571_family.soft.gz		!Sample_characteristics_ch1 = tissue: human bone marrow mononuclear cells	True
GSM6679322	geo:GSE216571:GSM6679322	tissue_free_text	bone marrow	file	raw/fp-d91fddb9e607/GSE216571_family.soft.gz		Serial blood samples and BM aspirates were collected from patients treated with anti-BCMA TCE at variable time points, prior and post initiation of therapy and at relapse.	True
GSM6679322	geo:GSE216571:GSM6679322	tissue_type	tissue	file	raw/fp-d91fddb9e607/GSE216571_family.soft.gz		Serial blood samples and BM aspirates were collected from patients treated with anti-BCMA TCE at variable time points, prior and post initiation of therapy and at relapse.	True
GSM6679322	geo:GSE216571:GSM6679322	tissue_type	tissue	file	raw/fp-d91fddb9e607/GSE216571_family.soft.gz		!Series_overall_design = Bone marrow resident CD3 and CD45 cells were isolated by fluorescence-activated cell sorting (FACS) and analyzed using 10x Genomics 5' RNA/TCR sequencing.	True
GSM6679322	geo:GSE216571:GSM6679322	sample_collection_method	bone marrow aspirate	file	raw/fp-d91fddb9e607/GSE216571_family.soft.gz		Serial blood samples and BM aspirates were collected from patients treated with anti-BCMA TCE at variable time points, prior and post initiation of therapy and at relapse.	True
GSM6679322	geo:GSE216571:GSM6679322	disease_free_text	multiple myeloma	file	raw/fp-d91fddb9e607/GSE216571_family.soft.gz		!Sample_characteristics_ch1 = treatment: relapsed-refractory multiple myeloma	True
GSM6679322	geo:GSE216571:GSM6679322	disease_free_text	multiple myeloma	file	raw/fp-d91fddb9e607/GSE216571_family.soft.gz		Here, we identify conserved behaviors of bone marrow residing CD4+ and CD8+ T cells in multiple myeloma patients undergoing TCE therapy.	True
GSM6679322	geo:GSE216571:GSM6679322	disease_stage	relapsed-refractory	file	raw/fp-d91fddb9e607/GSE216571_family.soft.gz		!Sample_characteristics_ch1 = treatment: relapsed-refractory multiple myeloma	True
GSM6679322	geo:GSE216571:GSM6679322	assay	10x 5' v2	file	raw/fp-d91fddb9e607/GSE216571_family.soft.gz		single cell 5’ v2 protocol, 10x Genomics	True
GSM6679322	geo:GSE216571:GSM6679322	assay	10x 5' v2	file	raw/fp-d91fddb9e607/GSE216571_family.soft.gz		!Sample_extract_protocol_ch1 = 5' scRNA/TCR-seq	True
GSM6679322	geo:GSE216571:GSM6679322	assay	10x 5' v2	file	raw/fp-d91fddb9e607/GSE216571_family.soft.gz		!Series_overall_design = Bone marrow resident CD3 and CD45 cells were isolated by fluorescence-activated cell sorting (FACS) and analyzed using 10x Genomics 5' RNA/TCR sequencing.	True
GSM6679322	geo:GSE216571:GSM6679322	timepoint	early	file	raw/fp-d91fddb9e607/GSE216571_family.soft.gz		!Sample_title = PT1_early_CD3	True
GSM6679322	geo:GSE216571:GSM6679322	timepoint	early	file	raw/fp-d91fddb9e607/GSE216571_family.soft.gz		!Sample_source_name_ch1 = PT1_early, sort CD3, T & NK cell subset bmref	True
GSM6679322	geo:GSE216571:GSM6679322	timepoint	early	file	raw/fp-d91fddb9e607/GSE216571_family.soft.gz		Serial blood samples and BM aspirates were collected from patients treated with anti-BCMA TCE at variable time points, prior and post initiation of therapy and at relapse.	True
GSM6679322	geo:GSE216571:GSM6679322	treatment	anti-BCMA TCE	file	raw/fp-d91fddb9e607/GSE216571_family.soft.gz		Serial blood samples and BM aspirates were collected from patients treated with anti-BCMA TCE at variable time points, prior and post initiation of therapy and at relapse.	True
GSM6679322	geo:GSE216571:GSM6679322	treatment	anti-BCMA TCE	file	work/paper_dl/pubmed_36898378.txt		we identify conserved behaviors of bone marrow-residing T cells in multiple myeloma patients undergoing BCMAxCD3 TCE therapy	True
GSM6679322	geo:GSE216571:GSM6679322	treatment_status	post initiation of therapy	file	raw/fp-d91fddb9e607/GSE216571_family.soft.gz		!Sample_title = PT1_early_CD3	True
GSM6679322	geo:GSE216571:GSM6679322	treatment_status	post initiation of therapy	file	raw/fp-d91fddb9e607/GSE216571_family.soft.gz		Serial blood samples and BM aspirates were collected from patients treated with anti-BCMA TCE at variable time points, prior and post initiation of therapy and at relapse.	True
GSM6679323	geo:GSE216571:GSM6679323	cell_enrichment	CD3+	file	raw/fp-d91fddb9e607/GSE216571_family.soft.gz		!Sample_source_name_ch1 = PT1_late, sort CD3, T & NK cell subset bmref	True
GSM6679323	geo:GSE216571:GSM6679323	cell_enrichment	CD3+	file	raw/fp-d91fddb9e607/GSE216571_family.soft.gz		Bone marrow mononuclear fractions were isolated through Ficoll density gradients coupled with magnetic sorting of CD3+ or CD45+ T cells.	True
GSM6679323	geo:GSE216571:GSM6679323	suspension_type	cell	file	raw/fp-d91fddb9e607/GSE216571_family.soft.gz		!Sample_library_source = transcriptomic single cell	True
GSM6679323	geo:GSE216571:GSM6679323	suspension_type	cell	file	raw/fp-d91fddb9e607/GSE216571_family.soft.gz		single cell 5’ v2 protocol, 10x Genomics	True
GSM6679323	geo:GSE216571:GSM6679323	donor_id	PT1	file	raw/fp-d91fddb9e607/GSE216571_family.soft.gz		!Sample_title = PT1_late_CD3	True
GSM6679323	geo:GSE216571:GSM6679323	donor_id	PT1	file	raw/fp-d91fddb9e607/GSE216571_family.soft.gz		!Sample_source_name_ch1 = PT1_late, sort CD3, T & NK cell subset bmref	True
GSM6679323	geo:GSE216571:GSM6679323	donor_id	PT1	file	raw/fp-d91fddb9e607/GSE216571_family.soft.gz		Serial blood samples and BM aspirates were collected from patients treated with anti-BCMA TCE at variable time points, prior and post initiation of therapy and at relapse.	True
GSM6679323	geo:GSE216571:GSM6679323	tissue_free_text	bone marrow	file	raw/fp-d91fddb9e607/GSE216571_family.soft.gz		!Sample_characteristics_ch1 = tissue: human bone marrow mononuclear cells	True
GSM6679323	geo:GSE216571:GSM6679323	tissue_free_text	bone marrow	file	raw/fp-d91fddb9e607/GSE216571_family.soft.gz		Serial blood samples and BM aspirates were collected from patients treated with anti-BCMA TCE at variable time points, prior and post initiation of therapy and at relapse.	True
GSM6679323	geo:GSE216571:GSM6679323	tissue_type	tissue	file	raw/fp-d91fddb9e607/GSE216571_family.soft.gz		Serial blood samples and BM aspirates were collected from patients treated with anti-BCMA TCE at variable time points, prior and post initiation of therapy and at relapse.	True
GSM6679323	geo:GSE216571:GSM6679323	tissue_type	tissue	file	raw/fp-d91fddb9e607/GSE216571_family.soft.gz		!Series_overall_design = Bone marrow resident CD3 and CD45 cells were isolated by fluorescence-activated cell sorting (FACS) and analyzed using 10x Genomics 5' RNA/TCR sequencing.	True
GSM6679323	geo:GSE216571:GSM6679323	sample_collection_method	bone marrow aspirate	file	raw/fp-d91fddb9e607/GSE216571_family.soft.gz		Serial blood samples and BM aspirates were collected from patients treated with anti-BCMA TCE at variable time points, prior and post initiation of therapy and at relapse.	True
GSM6679323	geo:GSE216571:GSM6679323	disease_free_text	multiple myeloma	file	raw/fp-d91fddb9e607/GSE216571_family.soft.gz		!Sample_characteristics_ch1 = treatment: relapsed-refractory multiple myeloma	True
GSM6679323	geo:GSE216571:GSM6679323	disease_free_text	multiple myeloma	file	raw/fp-d91fddb9e607/GSE216571_family.soft.gz		Here, we identify conserved behaviors of bone marrow residing CD4+ and CD8+ T cells in multiple myeloma patients undergoing TCE therapy.	True
GSM6679323	geo:GSE216571:GSM6679323	disease_stage	relapsed-refractory	file	raw/fp-d91fddb9e607/GSE216571_family.soft.gz		!Sample_characteristics_ch1 = treatment: relapsed-refractory multiple myeloma	True
GSM6679323	geo:GSE216571:GSM6679323	assay	10x 5' v2	file	raw/fp-d91fddb9e607/GSE216571_family.soft.gz		single cell 5’ v2 protocol, 10x Genomics	True
GSM6679323	geo:GSE216571:GSM6679323	assay	10x 5' v2	file	raw/fp-d91fddb9e607/GSE216571_family.soft.gz		!Sample_extract_protocol_ch1 = 5' scRNA/TCR-seq	True
GSM6679323	geo:GSE216571:GSM6679323	assay	10x 5' v2	file	raw/fp-d91fddb9e607/GSE216571_family.soft.gz		!Series_overall_design = Bone marrow resident CD3 and CD45 cells were isolated by fluorescence-activated cell sorting (FACS) and analyzed using 10x Genomics 5' RNA/TCR sequencing.	True
GSM6679323	geo:GSE216571:GSM6679323	timepoint	late	file	raw/fp-d91fddb9e607/GSE216571_family.soft.gz		!Sample_title = PT1_late_CD3	True
GSM6679323	geo:GSE216571:GSM6679323	timepoint	late	file	raw/fp-d91fddb9e607/GSE216571_family.soft.gz		!Sample_source_name_ch1 = PT1_late, sort CD3, T & NK cell subset bmref	True
GSM6679323	geo:GSE216571:GSM6679323	timepoint	late	file	raw/fp-d91fddb9e607/GSE216571_family.soft.gz		Serial blood samples and BM aspirates were collected from patients treated with anti-BCMA TCE at variable time points, prior and post initiation of therapy and at relapse.	True
GSM6679323	geo:GSE216571:GSM6679323	treatment	anti-BCMA TCE	file	raw/fp-d91fddb9e607/GSE216571_family.soft.gz		Serial blood samples and BM aspirates were collected from patients treated with anti-BCMA TCE at variable time points, prior and post initiation of therapy and at relapse.	True
GSM6679323	geo:GSE216571:GSM6679323	treatment	anti-BCMA TCE	file	work/paper_dl/pubmed_36898378.txt		we identify conserved behaviors of bone marrow-residing T cells in multiple myeloma patients undergoing BCMAxCD3 TCE therapy	True
GSM6679323	geo:GSE216571:GSM6679323	treatment_status	post initiation of therapy	file	raw/fp-d91fddb9e607/GSE216571_family.soft.gz		!Sample_title = PT1_late_CD3	True
GSM6679323	geo:GSE216571:GSM6679323	treatment_status	post initiation of therapy	file	raw/fp-d91fddb9e607/GSE216571_family.soft.gz		Serial blood samples and BM aspirates were collected from patients treated with anti-BCMA TCE at variable time points, prior and post initiation of therapy and at relapse.	True
GSM6679324	geo:GSE216571:GSM6679324	cell_enrichment	CD3+	file	raw/fp-d91fddb9e607/GSE216571_family.soft.gz		!Sample_source_name_ch1 = PT10_late, sort CD3, T & NK cell subset bmref	True
GSM6679324	geo:GSE216571:GSM6679324	cell_enrichment	CD3+	file	raw/fp-d91fddb9e607/GSE216571_family.soft.gz		Bone marrow mononuclear fractions were isolated through Ficoll density gradients coupled with magnetic sorting of CD3+ or CD45+ T cells.	True
GSM6679324	geo:GSE216571:GSM6679324	suspension_type	cell	file	raw/fp-d91fddb9e607/GSE216571_family.soft.gz		!Sample_library_source = transcriptomic single cell	True
GSM6679324	geo:GSE216571:GSM6679324	suspension_type	cell	file	raw/fp-d91fddb9e607/GSE216571_family.soft.gz		single cell 5’ v2 protocol, 10x Genomics	True
GSM6679324	geo:GSE216571:GSM6679324	donor_id	PT10	file	raw/fp-d91fddb9e607/GSE216571_family.soft.gz		!Sample_title = PT10_late_CD3	True
GSM6679324	geo:GSE216571:GSM6679324	donor_id	PT10	file	raw/fp-d91fddb9e607/GSE216571_family.soft.gz		!Sample_source_name_ch1 = PT10_late, sort CD3, T & NK cell subset bmref	True
GSM6679324	geo:GSE216571:GSM6679324	donor_id	PT10	file	raw/fp-d91fddb9e607/GSE216571_family.soft.gz		Serial blood samples and BM aspirates were collected from patients treated with anti-BCMA TCE at variable time points, prior and post initiation of therapy and at relapse.	True
GSM6679324	geo:GSE216571:GSM6679324	tissue_free_text	bone marrow	file	raw/fp-d91fddb9e607/GSE216571_family.soft.gz		!Sample_characteristics_ch1 = tissue: human bone marrow mononuclear cells	True
GSM6679324	geo:GSE216571:GSM6679324	tissue_free_text	bone marrow	file	raw/fp-d91fddb9e607/GSE216571_family.soft.gz		Serial blood samples and BM aspirates were collected from patients treated with anti-BCMA TCE at variable time points, prior and post initiation of therapy and at relapse.	True
GSM6679324	geo:GSE216571:GSM6679324	tissue_type	tissue	file	raw/fp-d91fddb9e607/GSE216571_family.soft.gz		Serial blood samples and BM aspirates were collected from patients treated with anti-BCMA TCE at variable time points, prior and post initiation of therapy and at relapse.	True
GSM6679324	geo:GSE216571:GSM6679324	tissue_type	tissue	file	raw/fp-d91fddb9e607/GSE216571_family.soft.gz		!Series_overall_design = Bone marrow resident CD3 and CD45 cells were isolated by fluorescence-activated cell sorting (FACS) and analyzed using 10x Genomics 5' RNA/TCR sequencing.	True
GSM6679324	geo:GSE216571:GSM6679324	sample_collection_method	bone marrow aspirate	file	raw/fp-d91fddb9e607/GSE216571_family.soft.gz		Serial blood samples and BM aspirates were collected from patients treated with anti-BCMA TCE at variable time points, prior and post initiation of therapy and at relapse.	True
GSM6679324	geo:GSE216571:GSM6679324	disease_free_text	multiple myeloma	file	raw/fp-d91fddb9e607/GSE216571_family.soft.gz		!Sample_characteristics_ch1 = treatment: relapsed-refractory multiple myeloma	True
GSM6679324	geo:GSE216571:GSM6679324	disease_free_text	multiple myeloma	file	raw/fp-d91fddb9e607/GSE216571_family.soft.gz		Here, we identify conserved behaviors of bone marrow residing CD4+ and CD8+ T cells in multiple myeloma patients undergoing TCE therapy.	True
GSM6679324	geo:GSE216571:GSM6679324	disease_stage	relapsed-refractory	file	raw/fp-d91fddb9e607/GSE216571_family.soft.gz		!Sample_characteristics_ch1 = treatment: relapsed-refractory multiple myeloma	True
GSM6679324	geo:GSE216571:GSM6679324	assay	10x 5' v2	file	raw/fp-d91fddb9e607/GSE216571_family.soft.gz		single cell 5’ v2 protocol, 10x Genomics	True
GSM6679324	geo:GSE216571:GSM6679324	assay	10x 5' v2	file	raw/fp-d91fddb9e607/GSE216571_family.soft.gz		!Sample_extract_protocol_ch1 = 5' scRNA/TCR-seq	True
GSM6679324	geo:GSE216571:GSM6679324	assay	10x 5' v2	file	raw/fp-d91fddb9e607/GSE216571_family.soft.gz		!Series_overall_design = Bone marrow resident CD3 and CD45 cells were isolated by fluorescence-activated cell sorting (FACS) and analyzed using 10x Genomics 5' RNA/TCR sequencing.	True
GSM6679324	geo:GSE216571:GSM6679324	timepoint	late	file	raw/fp-d91fddb9e607/GSE216571_family.soft.gz		!Sample_title = PT10_late_CD3	True
GSM6679324	geo:GSE216571:GSM6679324	timepoint	late	file	raw/fp-d91fddb9e607/GSE216571_family.soft.gz		!Sample_source_name_ch1 = PT10_late, sort CD3, T & NK cell subset bmref	True
GSM6679324	geo:GSE216571:GSM6679324	timepoint	late	file	raw/fp-d91fddb9e607/GSE216571_family.soft.gz		Serial blood samples and BM aspirates were collected from patients treated with anti-BCMA TCE at variable time points, prior and post initiation of therapy and at relapse.	True
GSM6679324	geo:GSE216571:GSM6679324	treatment	anti-BCMA TCE	file	raw/fp-d91fddb9e607/GSE216571_family.soft.gz		Serial blood samples and BM aspirates were collected from patients treated with anti-BCMA TCE at variable time points, prior and post initiation of therapy and at relapse.	True
GSM6679324	geo:GSE216571:GSM6679324	treatment	anti-BCMA TCE	file	work/paper_dl/pubmed_36898378.txt		we identify conserved behaviors of bone marrow-residing T cells in multiple myeloma patients undergoing BCMAxCD3 TCE therapy	True
GSM6679324	geo:GSE216571:GSM6679324	treatment_status	post initiation of therapy	file	raw/fp-d91fddb9e607/GSE216571_family.soft.gz		!Sample_title = PT10_late_CD3	True
GSM6679324	geo:GSE216571:GSM6679324	treatment_status	post initiation of therapy	file	raw/fp-d91fddb9e607/GSE216571_family.soft.gz		Serial blood samples and BM aspirates were collected from patients treated with anti-BCMA TCE at variable time points, prior and post initiation of therapy and at relapse.	True
GSM6679325	geo:GSE216571:GSM6679325	cell_enrichment	CD3+	file	raw/fp-d91fddb9e607/GSE216571_family.soft.gz		!Sample_source_name_ch1 = PT10_pre, sort CD3, T & NK cell subset bmref	True
GSM6679325	geo:GSE216571:GSM6679325	cell_enrichment	CD3+	file	raw/fp-d91fddb9e607/GSE216571_family.soft.gz		Bone marrow mononuclear fractions were isolated through Ficoll density gradients coupled with magnetic sorting of CD3+ or CD45+ T cells.	True
GSM6679325	geo:GSE216571:GSM6679325	suspension_type	cell	file	raw/fp-d91fddb9e607/GSE216571_family.soft.gz		!Sample_library_source = transcriptomic single cell	True
GSM6679325	geo:GSE216571:GSM6679325	suspension_type	cell	file	raw/fp-d91fddb9e607/GSE216571_family.soft.gz		single cell 5’ v2 protocol, 10x Genomics	True
GSM6679325	geo:GSE216571:GSM6679325	donor_id	PT10	file	raw/fp-d91fddb9e607/GSE216571_family.soft.gz		!Sample_title = PT10_pre_CD3	True
GSM6679325	geo:GSE216571:GSM6679325	donor_id	PT10	file	raw/fp-d91fddb9e607/GSE216571_family.soft.gz		!Sample_source_name_ch1 = PT10_pre, sort CD3, T & NK cell subset bmref	True
GSM6679325	geo:GSE216571:GSM6679325	donor_id	PT10	file	raw/fp-d91fddb9e607/GSE216571_family.soft.gz		Serial blood samples and BM aspirates were collected from patients treated with anti-BCMA TCE at variable time points, prior and post initiation of therapy and at relapse.	True
GSM6679325	geo:GSE216571:GSM6679325	tissue_free_text	bone marrow	file	raw/fp-d91fddb9e607/GSE216571_family.soft.gz		!Sample_characteristics_ch1 = tissue: human bone marrow mononuclear cells	True
GSM6679325	geo:GSE216571:GSM6679325	tissue_free_text	bone marrow	file	raw/fp-d91fddb9e607/GSE216571_family.soft.gz		Serial blood samples and BM aspirates were collected from patients treated with anti-BCMA TCE at variable time points, prior and post initiation of therapy and at relapse.	True
GSM6679325	geo:GSE216571:GSM6679325	tissue_type	tissue	file	raw/fp-d91fddb9e607/GSE216571_family.soft.gz		Serial blood samples and BM aspirates were collected from patients treated with anti-BCMA TCE at variable time points, prior and post initiation of therapy and at relapse.	True
GSM6679325	geo:GSE216571:GSM6679325	tissue_type	tissue	file	raw/fp-d91fddb9e607/GSE216571_family.soft.gz		!Series_overall_design = Bone marrow resident CD3 and CD45 cells were isolated by fluorescence-activated cell sorting (FACS) and analyzed using 10x Genomics 5' RNA/TCR sequencing.	True
GSM6679325	geo:GSE216571:GSM6679325	sample_collection_method	bone marrow aspirate	file	raw/fp-d91fddb9e607/GSE216571_family.soft.gz		Serial blood samples and BM aspirates were collected from patients treated with anti-BCMA TCE at variable time points, prior and post initiation of therapy and at relapse.	True
GSM6679325	geo:GSE216571:GSM6679325	disease_free_text	multiple myeloma	file	raw/fp-d91fddb9e607/GSE216571_family.soft.gz		!Sample_characteristics_ch1 = treatment: relapsed-refractory multiple myeloma	True
GSM6679325	geo:GSE216571:GSM6679325	disease_free_text	multiple myeloma	file	raw/fp-d91fddb9e607/GSE216571_family.soft.gz		Here, we identify conserved behaviors of bone marrow residing CD4+ and CD8+ T cells in multiple myeloma patients undergoing TCE therapy.	True
GSM6679325	geo:GSE216571:GSM6679325	disease_stage	relapsed-refractory	file	raw/fp-d91fddb9e607/GSE216571_family.soft.gz		!Sample_characteristics_ch1 = treatment: relapsed-refractory multiple myeloma	True
GSM6679325	geo:GSE216571:GSM6679325	assay	10x 5' v2	file	raw/fp-d91fddb9e607/GSE216571_family.soft.gz		single cell 5’ v2 protocol, 10x Genomics	True
GSM6679325	geo:GSE216571:GSM6679325	assay	10x 5' v2	file	raw/fp-d91fddb9e607/GSE216571_family.soft.gz		!Sample_extract_protocol_ch1 = 5' scRNA/TCR-seq	True
GSM6679325	geo:GSE216571:GSM6679325	assay	10x 5' v2	file	raw/fp-d91fddb9e607/GSE216571_family.soft.gz		!Series_overall_design = Bone marrow resident CD3 and CD45 cells were isolated by fluorescence-activated cell sorting (FACS) and analyzed using 10x Genomics 5' RNA/TCR sequencing.	True
GSM6679325	geo:GSE216571:GSM6679325	timepoint	pre	file	raw/fp-d91fddb9e607/GSE216571_family.soft.gz		!Sample_title = PT10_pre_CD3	True
GSM6679325	geo:GSE216571:GSM6679325	timepoint	pre	file	raw/fp-d91fddb9e607/GSE216571_family.soft.gz		!Sample_source_name_ch1 = PT10_pre, sort CD3, T & NK cell subset bmref	True
GSM6679325	geo:GSE216571:GSM6679325	timepoint	pre	file	raw/fp-d91fddb9e607/GSE216571_family.soft.gz		Serial blood samples and BM aspirates were collected from patients treated with anti-BCMA TCE at variable time points, prior and post initiation of therapy and at relapse.	True
GSM6679325	geo:GSE216571:GSM6679325	treatment	anti-BCMA TCE	file	raw/fp-d91fddb9e607/GSE216571_family.soft.gz		Serial blood samples and BM aspirates were collected from patients treated with anti-BCMA TCE at variable time points, prior and post initiation of therapy and at relapse.	True
GSM6679325	geo:GSE216571:GSM6679325	treatment	anti-BCMA TCE	file	work/paper_dl/pubmed_36898378.txt		we identify conserved behaviors of bone marrow-residing T cells in multiple myeloma patients undergoing BCMAxCD3 TCE therapy	True
GSM6679325	geo:GSE216571:GSM6679325	treatment_status	prior to initiation of therapy	file	raw/fp-d91fddb9e607/GSE216571_family.soft.gz		!Sample_title = PT10_pre_CD3	True
GSM6679325	geo:GSE216571:GSM6679325	treatment_status	prior to initiation of therapy	file	raw/fp-d91fddb9e607/GSE216571_family.soft.gz		Serial blood samples and BM aspirates were collected from patients treated with anti-BCMA TCE at variable time points, prior and post initiation of therapy and at relapse.	True
GSM6679326	geo:GSE216571:GSM6679326	cell_enrichment	CD3+	file	raw/fp-d91fddb9e607/GSE216571_family.soft.gz		!Sample_source_name_ch1 = PT11_late, sort CD3, T & NK cell subset bmref	True
GSM6679326	geo:GSE216571:GSM6679326	cell_enrichment	CD3+	file	raw/fp-d91fddb9e607/GSE216571_family.soft.gz		Bone marrow mononuclear fractions were isolated through Ficoll density gradients coupled with magnetic sorting of CD3+ or CD45+ T cells.	True
GSM6679326	geo:GSE216571:GSM6679326	suspension_type	cell	file	raw/fp-d91fddb9e607/GSE216571_family.soft.gz		!Sample_library_source = transcriptomic single cell	True
GSM6679326	geo:GSE216571:GSM6679326	suspension_type	cell	file	raw/fp-d91fddb9e607/GSE216571_family.soft.gz		single cell 5’ v2 protocol, 10x Genomics	True
GSM6679326	geo:GSE216571:GSM6679326	donor_id	PT11	file	raw/fp-d91fddb9e607/GSE216571_family.soft.gz		!Sample_title = PT11_late_CD3	True
GSM6679326	geo:GSE216571:GSM6679326	donor_id	PT11	file	raw/fp-d91fddb9e607/GSE216571_family.soft.gz		!Sample_source_name_ch1 = PT11_late, sort CD3, T & NK cell subset bmref	True
GSM6679326	geo:GSE216571:GSM6679326	donor_id	PT11	file	raw/fp-d91fddb9e607/GSE216571_family.soft.gz		Serial blood samples and BM aspirates were collected from patients treated with anti-BCMA TCE at variable time points, prior and post initiation of therapy and at relapse.	True
GSM6679326	geo:GSE216571:GSM6679326	tissue_free_text	bone marrow	file	raw/fp-d91fddb9e607/GSE216571_family.soft.gz		!Sample_characteristics_ch1 = tissue: human bone marrow mononuclear cells	True
GSM6679326	geo:GSE216571:GSM6679326	tissue_free_text	bone marrow	file	raw/fp-d91fddb9e607/GSE216571_family.soft.gz		Serial blood samples and BM aspirates were collected from patients treated with anti-BCMA TCE at variable time points, prior and post initiation of therapy and at relapse.	True
GSM6679326	geo:GSE216571:GSM6679326	tissue_type	tissue	file	raw/fp-d91fddb9e607/GSE216571_family.soft.gz		Serial blood samples and BM aspirates were collected from patients treated with anti-BCMA TCE at variable time points, prior and post initiation of therapy and at relapse.	True
GSM6679326	geo:GSE216571:GSM6679326	tissue_type	tissue	file	raw/fp-d91fddb9e607/GSE216571_family.soft.gz		!Series_overall_design = Bone marrow resident CD3 and CD45 cells were isolated by fluorescence-activated cell sorting (FACS) and analyzed using 10x Genomics 5' RNA/TCR sequencing.	True
GSM6679326	geo:GSE216571:GSM6679326	sample_collection_method	bone marrow aspirate	file	raw/fp-d91fddb9e607/GSE216571_family.soft.gz		Serial blood samples and BM aspirates were collected from patients treated with anti-BCMA TCE at variable time points, prior and post initiation of therapy and at relapse.	True
GSM6679326	geo:GSE216571:GSM6679326	disease_free_text	multiple myeloma	file	raw/fp-d91fddb9e607/GSE216571_family.soft.gz		!Sample_characteristics_ch1 = treatment: relapsed-refractory multiple myeloma	True
GSM6679326	geo:GSE216571:GSM6679326	disease_free_text	multiple myeloma	file	raw/fp-d91fddb9e607/GSE216571_family.soft.gz		Here, we identify conserved behaviors of bone marrow residing CD4+ and CD8+ T cells in multiple myeloma patients undergoing TCE therapy.	True
GSM6679326	geo:GSE216571:GSM6679326	disease_stage	relapsed-refractory	file	raw/fp-d91fddb9e607/GSE216571_family.soft.gz		!Sample_characteristics_ch1 = treatment: relapsed-refractory multiple myeloma	True
GSM6679326	geo:GSE216571:GSM6679326	assay	10x 5' v2	file	raw/fp-d91fddb9e607/GSE216571_family.soft.gz		single cell 5’ v2 protocol, 10x Genomics	True
GSM6679326	geo:GSE216571:GSM6679326	assay	10x 5' v2	file	raw/fp-d91fddb9e607/GSE216571_family.soft.gz		!Sample_extract_protocol_ch1 = 5' scRNA/TCR-seq	True
GSM6679326	geo:GSE216571:GSM6679326	assay	10x 5' v2	file	raw/fp-d91fddb9e607/GSE216571_family.soft.gz		!Series_overall_design = Bone marrow resident CD3 and CD45 cells were isolated by fluorescence-activated cell sorting (FACS) and analyzed using 10x Genomics 5' RNA/TCR sequencing.	True
GSM6679326	geo:GSE216571:GSM6679326	timepoint	late	file	raw/fp-d91fddb9e607/GSE216571_family.soft.gz		!Sample_title = PT11_late_CD3	True
GSM6679326	geo:GSE216571:GSM6679326	timepoint	late	file	raw/fp-d91fddb9e607/GSE216571_family.soft.gz		!Sample_source_name_ch1 = PT11_late, sort CD3, T & NK cell subset bmref	True
GSM6679326	geo:GSE216571:GSM6679326	timepoint	late	file	raw/fp-d91fddb9e607/GSE216571_family.soft.gz		Serial blood samples and BM aspirates were collected from patients treated with anti-BCMA TCE at variable time points, prior and post initiation of therapy and at relapse.	True
GSM6679326	geo:GSE216571:GSM6679326	treatment	anti-BCMA TCE	file	raw/fp-d91fddb9e607/GSE216571_family.soft.gz		Serial blood samples and BM aspirates were collected from patients treated with anti-BCMA TCE at variable time points, prior and post initiation of therapy and at relapse.	True
GSM6679326	geo:GSE216571:GSM6679326	treatment	anti-BCMA TCE	file	work/paper_dl/pubmed_36898378.txt		we identify conserved behaviors of bone marrow-residing T cells in multiple myeloma patients undergoing BCMAxCD3 TCE therapy	True
GSM6679326	geo:GSE216571:GSM6679326	treatment_status	post initiation of therapy	file	raw/fp-d91fddb9e607/GSE216571_family.soft.gz		!Sample_title = PT11_late_CD3	True
GSM6679326	geo:GSE216571:GSM6679326	treatment_status	post initiation of therapy	file	raw/fp-d91fddb9e607/GSE216571_family.soft.gz		Serial blood samples and BM aspirates were collected from patients treated with anti-BCMA TCE at variable time points, prior and post initiation of therapy and at relapse.	True
GSM6679327	geo:GSE216571:GSM6679327	cell_enrichment	CD3+	file	raw/fp-d91fddb9e607/GSE216571_family.soft.gz		!Sample_source_name_ch1 = PT11_pre, sort CD3, T & NK cell subset bmref	True
GSM6679327	geo:GSE216571:GSM6679327	cell_enrichment	CD3+	file	raw/fp-d91fddb9e607/GSE216571_family.soft.gz		Bone marrow mononuclear fractions were isolated through Ficoll density gradients coupled with magnetic sorting of CD3+ or CD45+ T cells.	True
GSM6679327	geo:GSE216571:GSM6679327	suspension_type	cell	file	raw/fp-d91fddb9e607/GSE216571_family.soft.gz		!Sample_library_source = transcriptomic single cell	True
GSM6679327	geo:GSE216571:GSM6679327	suspension_type	cell	file	raw/fp-d91fddb9e607/GSE216571_family.soft.gz		single cell 5’ v2 protocol, 10x Genomics	True
GSM6679327	geo:GSE216571:GSM6679327	donor_id	PT11	file	raw/fp-d91fddb9e607/GSE216571_family.soft.gz		!Sample_title = PT11_pre_CD3	True
GSM6679327	geo:GSE216571:GSM6679327	donor_id	PT11	file	raw/fp-d91fddb9e607/GSE216571_family.soft.gz		!Sample_source_name_ch1 = PT11_pre, sort CD3, T & NK cell subset bmref	True
GSM6679327	geo:GSE216571:GSM6679327	donor_id	PT11	file	raw/fp-d91fddb9e607/GSE216571_family.soft.gz		Serial blood samples and BM aspirates were collected from patients treated with anti-BCMA TCE at variable time points, prior and post initiation of therapy and at relapse.	True
GSM6679327	geo:GSE216571:GSM6679327	tissue_free_text	bone marrow	file	raw/fp-d91fddb9e607/GSE216571_family.soft.gz		!Sample_characteristics_ch1 = tissue: human bone marrow mononuclear cells	True
GSM6679327	geo:GSE216571:GSM6679327	tissue_free_text	bone marrow	file	raw/fp-d91fddb9e607/GSE216571_family.soft.gz		Serial blood samples and BM aspirates were collected from patients treated with anti-BCMA TCE at variable time points, prior and post initiation of therapy and at relapse.	True
GSM6679327	geo:GSE216571:GSM6679327	tissue_type	tissue	file	raw/fp-d91fddb9e607/GSE216571_family.soft.gz		Serial blood samples and BM aspirates were collected from patients treated with anti-BCMA TCE at variable time points, prior and post initiation of therapy and at relapse.	True
GSM6679327	geo:GSE216571:GSM6679327	tissue_type	tissue	file	raw/fp-d91fddb9e607/GSE216571_family.soft.gz		!Series_overall_design = Bone marrow resident CD3 and CD45 cells were isolated by fluorescence-activated cell sorting (FACS) and analyzed using 10x Genomics 5' RNA/TCR sequencing.	True
GSM6679327	geo:GSE216571:GSM6679327	sample_collection_method	bone marrow aspirate	file	raw/fp-d91fddb9e607/GSE216571_family.soft.gz		Serial blood samples and BM aspirates were collected from patients treated with anti-BCMA TCE at variable time points, prior and post initiation of therapy and at relapse.	True
GSM6679327	geo:GSE216571:GSM6679327	disease_free_text	multiple myeloma	file	raw/fp-d91fddb9e607/GSE216571_family.soft.gz		!Sample_characteristics_ch1 = treatment: relapsed-refractory multiple myeloma	True
GSM6679327	geo:GSE216571:GSM6679327	disease_free_text	multiple myeloma	file	raw/fp-d91fddb9e607/GSE216571_family.soft.gz		Here, we identify conserved behaviors of bone marrow residing CD4+ and CD8+ T cells in multiple myeloma patients undergoing TCE therapy.	True
GSM6679327	geo:GSE216571:GSM6679327	disease_stage	relapsed-refractory	file	raw/fp-d91fddb9e607/GSE216571_family.soft.gz		!Sample_characteristics_ch1 = treatment: relapsed-refractory multiple myeloma	True
GSM6679327	geo:GSE216571:GSM6679327	assay	10x 5' v2	file	raw/fp-d91fddb9e607/GSE216571_family.soft.gz		single cell 5’ v2 protocol, 10x Genomics	True
GSM6679327	geo:GSE216571:GSM6679327	assay	10x 5' v2	file	raw/fp-d91fddb9e607/GSE216571_family.soft.gz		!Sample_extract_protocol_ch1 = 5' scRNA/TCR-seq	True
GSM6679327	geo:GSE216571:GSM6679327	assay	10x 5' v2	file	raw/fp-d91fddb9e607/GSE216571_family.soft.gz		!Series_overall_design = Bone marrow resident CD3 and CD45 cells were isolated by fluorescence-activated cell sorting (FACS) and analyzed using 10x Genomics 5' RNA/TCR sequencing.	True
GSM6679327	geo:GSE216571:GSM6679327	timepoint	pre	file	raw/fp-d91fddb9e607/GSE216571_family.soft.gz		!Sample_title = PT11_pre_CD3	True
GSM6679327	geo:GSE216571:GSM6679327	timepoint	pre	file	raw/fp-d91fddb9e607/GSE216571_family.soft.gz		!Sample_source_name_ch1 = PT11_pre, sort CD3, T & NK cell subset bmref	True
GSM6679327	geo:GSE216571:GSM6679327	timepoint	pre	file	raw/fp-d91fddb9e607/GSE216571_family.soft.gz		Serial blood samples and BM aspirates were collected from patients treated with anti-BCMA TCE at variable time points, prior and post initiation of therapy and at relapse.	True
GSM6679327	geo:GSE216571:GSM6679327	treatment	anti-BCMA TCE	file	raw/fp-d91fddb9e607/GSE216571_family.soft.gz		Serial blood samples and BM aspirates were collected from patients treated with anti-BCMA TCE at variable time points, prior and post initiation of therapy and at relapse.	True
GSM6679327	geo:GSE216571:GSM6679327	treatment	anti-BCMA TCE	file	work/paper_dl/pubmed_36898378.txt		we identify conserved behaviors of bone marrow-residing T cells in multiple myeloma patients undergoing BCMAxCD3 TCE therapy	True
GSM6679327	geo:GSE216571:GSM6679327	treatment_status	prior to initiation of therapy	file	raw/fp-d91fddb9e607/GSE216571_family.soft.gz		!Sample_title = PT11_pre_CD3	True
GSM6679327	geo:GSE216571:GSM6679327	treatment_status	prior to initiation of therapy	file	raw/fp-d91fddb9e607/GSE216571_family.soft.gz		Serial blood samples and BM aspirates were collected from patients treated with anti-BCMA TCE at variable time points, prior and post initiation of therapy and at relapse.	True
GSM6679328	geo:GSE216571:GSM6679328	cell_enrichment	CD3+	file	raw/fp-d91fddb9e607/GSE216571_family.soft.gz		!Sample_source_name_ch1 = PT13_late, sort CD3, T & NK cell subset bmref	True
GSM6679328	geo:GSE216571:GSM6679328	cell_enrichment	CD3+	file	raw/fp-d91fddb9e607/GSE216571_family.soft.gz		Bone marrow mononuclear fractions were isolated through Ficoll density gradients coupled with magnetic sorting of CD3+ or CD45+ T cells.	True
GSM6679328	geo:GSE216571:GSM6679328	suspension_type	cell	file	raw/fp-d91fddb9e607/GSE216571_family.soft.gz		!Sample_library_source = transcriptomic single cell	True
GSM6679328	geo:GSE216571:GSM6679328	suspension_type	cell	file	raw/fp-d91fddb9e607/GSE216571_family.soft.gz		single cell 5’ v2 protocol, 10x Genomics	True
GSM6679328	geo:GSE216571:GSM6679328	donor_id	PT13	file	raw/fp-d91fddb9e607/GSE216571_family.soft.gz		!Sample_title = PT13_late_CD3	True
GSM6679328	geo:GSE216571:GSM6679328	donor_id	PT13	file	raw/fp-d91fddb9e607/GSE216571_family.soft.gz		!Sample_source_name_ch1 = PT13_late, sort CD3, T & NK cell subset bmref	True
GSM6679328	geo:GSE216571:GSM6679328	donor_id	PT13	file	raw/fp-d91fddb9e607/GSE216571_family.soft.gz		Serial blood samples and BM aspirates were collected from patients treated with anti-BCMA TCE at variable time points, prior and post initiation of therapy and at relapse.	True
GSM6679328	geo:GSE216571:GSM6679328	tissue_free_text	bone marrow	file	raw/fp-d91fddb9e607/GSE216571_family.soft.gz		!Sample_characteristics_ch1 = tissue: human bone marrow mononuclear cells	True
GSM6679328	geo:GSE216571:GSM6679328	tissue_free_text	bone marrow	file	raw/fp-d91fddb9e607/GSE216571_family.soft.gz		Serial blood samples and BM aspirates were collected from patients treated with anti-BCMA TCE at variable time points, prior and post initiation of therapy and at relapse.	True
GSM6679328	geo:GSE216571:GSM6679328	tissue_type	tissue	file	raw/fp-d91fddb9e607/GSE216571_family.soft.gz		Serial blood samples and BM aspirates were collected from patients treated with anti-BCMA TCE at variable time points, prior and post initiation of therapy and at relapse.	True
GSM6679328	geo:GSE216571:GSM6679328	tissue_type	tissue	file	raw/fp-d91fddb9e607/GSE216571_family.soft.gz		!Series_overall_design = Bone marrow resident CD3 and CD45 cells were isolated by fluorescence-activated cell sorting (FACS) and analyzed using 10x Genomics 5' RNA/TCR sequencing.	True
GSM6679328	geo:GSE216571:GSM6679328	sample_collection_method	bone marrow aspirate	file	raw/fp-d91fddb9e607/GSE216571_family.soft.gz		Serial blood samples and BM aspirates were collected from patients treated with anti-BCMA TCE at variable time points, prior and post initiation of therapy and at relapse.	True
GSM6679328	geo:GSE216571:GSM6679328	disease_free_text	multiple myeloma	file	raw/fp-d91fddb9e607/GSE216571_family.soft.gz		!Sample_characteristics_ch1 = treatment: relapsed-refractory multiple myeloma	True
GSM6679328	geo:GSE216571:GSM6679328	disease_free_text	multiple myeloma	file	raw/fp-d91fddb9e607/GSE216571_family.soft.gz		Here, we identify conserved behaviors of bone marrow residing CD4+ and CD8+ T cells in multiple myeloma patients undergoing TCE therapy.	True
GSM6679328	geo:GSE216571:GSM6679328	disease_stage	relapsed-refractory	file	raw/fp-d91fddb9e607/GSE216571_family.soft.gz		!Sample_characteristics_ch1 = treatment: relapsed-refractory multiple myeloma	True
GSM6679328	geo:GSE216571:GSM6679328	assay	10x 5' v2	file	raw/fp-d91fddb9e607/GSE216571_family.soft.gz		single cell 5’ v2 protocol, 10x Genomics	True
GSM6679328	geo:GSE216571:GSM6679328	assay	10x 5' v2	file	raw/fp-d91fddb9e607/GSE216571_family.soft.gz		!Sample_extract_protocol_ch1 = 5' scRNA/TCR-seq	True
GSM6679328	geo:GSE216571:GSM6679328	assay	10x 5' v2	file	raw/fp-d91fddb9e607/GSE216571_family.soft.gz		!Series_overall_design = Bone marrow resident CD3 and CD45 cells were isolated by fluorescence-activated cell sorting (FACS) and analyzed using 10x Genomics 5' RNA/TCR sequencing.	True
GSM6679328	geo:GSE216571:GSM6679328	timepoint	late	file	raw/fp-d91fddb9e607/GSE216571_family.soft.gz		!Sample_title = PT13_late_CD3	True
GSM6679328	geo:GSE216571:GSM6679328	timepoint	late	file	raw/fp-d91fddb9e607/GSE216571_family.soft.gz		!Sample_source_name_ch1 = PT13_late, sort CD3, T & NK cell subset bmref	True
GSM6679328	geo:GSE216571:GSM6679328	timepoint	late	file	raw/fp-d91fddb9e607/GSE216571_family.soft.gz		Serial blood samples and BM aspirates were collected from patients treated with anti-BCMA TCE at variable time points, prior and post initiation of therapy and at relapse.	True
GSM6679328	geo:GSE216571:GSM6679328	treatment	anti-BCMA TCE	file	raw/fp-d91fddb9e607/GSE216571_family.soft.gz		Serial blood samples and BM aspirates were collected from patients treated with anti-BCMA TCE at variable time points, prior and post initiation of therapy and at relapse.	True
GSM6679328	geo:GSE216571:GSM6679328	treatment	anti-BCMA TCE	file	work/paper_dl/pubmed_36898378.txt		we identify conserved behaviors of bone marrow-residing T cells in multiple myeloma patients undergoing BCMAxCD3 TCE therapy	True
GSM6679328	geo:GSE216571:GSM6679328	treatment_status	post initiation of therapy	file	raw/fp-d91fddb9e607/GSE216571_family.soft.gz		!Sample_title = PT13_late_CD3	True
GSM6679328	geo:GSE216571:GSM6679328	treatment_status	post initiation of therapy	file	raw/fp-d91fddb9e607/GSE216571_family.soft.gz		Serial blood samples and BM aspirates were collected from patients treated with anti-BCMA TCE at variable time points, prior and post initiation of therapy and at relapse.	True
GSM6679329	geo:GSE216571:GSM6679329	cell_enrichment	CD3+	file	raw/fp-d91fddb9e607/GSE216571_family.soft.gz		!Sample_source_name_ch1 = PT13_pre, sort CD3, T & NK cell subset bmref	True
GSM6679329	geo:GSE216571:GSM6679329	cell_enrichment	CD3+	file	raw/fp-d91fddb9e607/GSE216571_family.soft.gz		Bone marrow mononuclear fractions were isolated through Ficoll density gradients coupled with magnetic sorting of CD3+ or CD45+ T cells.	True
GSM6679329	geo:GSE216571:GSM6679329	suspension_type	cell	file	raw/fp-d91fddb9e607/GSE216571_family.soft.gz		!Sample_library_source = transcriptomic single cell	True
GSM6679329	geo:GSE216571:GSM6679329	suspension_type	cell	file	raw/fp-d91fddb9e607/GSE216571_family.soft.gz		single cell 5’ v2 protocol, 10x Genomics	True
GSM6679329	geo:GSE216571:GSM6679329	donor_id	PT13	file	raw/fp-d91fddb9e607/GSE216571_family.soft.gz		!Sample_title = PT13_pre_CD3	True
GSM6679329	geo:GSE216571:GSM6679329	donor_id	PT13	file	raw/fp-d91fddb9e607/GSE216571_family.soft.gz		!Sample_source_name_ch1 = PT13_pre, sort CD3, T & NK cell subset bmref	True
GSM6679329	geo:GSE216571:GSM6679329	donor_id	PT13	file	raw/fp-d91fddb9e607/GSE216571_family.soft.gz		Serial blood samples and BM aspirates were collected from patients treated with anti-BCMA TCE at variable time points, prior and post initiation of therapy and at relapse.	True
GSM6679329	geo:GSE216571:GSM6679329	tissue_free_text	bone marrow	file	raw/fp-d91fddb9e607/GSE216571_family.soft.gz		!Sample_characteristics_ch1 = tissue: human bone marrow mononuclear cells	True
GSM6679329	geo:GSE216571:GSM6679329	tissue_free_text	bone marrow	file	raw/fp-d91fddb9e607/GSE216571_family.soft.gz		Serial blood samples and BM aspirates were collected from patients treated with anti-BCMA TCE at variable time points, prior and post initiation of therapy and at relapse.	True
GSM6679329	geo:GSE216571:GSM6679329	tissue_type	tissue	file	raw/fp-d91fddb9e607/GSE216571_family.soft.gz		Serial blood samples and BM aspirates were collected from patients treated with anti-BCMA TCE at variable time points, prior and post initiation of therapy and at relapse.	True
GSM6679329	geo:GSE216571:GSM6679329	tissue_type	tissue	file	raw/fp-d91fddb9e607/GSE216571_family.soft.gz		!Series_overall_design = Bone marrow resident CD3 and CD45 cells were isolated by fluorescence-activated cell sorting (FACS) and analyzed using 10x Genomics 5' RNA/TCR sequencing.	True
GSM6679329	geo:GSE216571:GSM6679329	sample_collection_method	bone marrow aspirate	file	raw/fp-d91fddb9e607/GSE216571_family.soft.gz		Serial blood samples and BM aspirates were collected from patients treated with anti-BCMA TCE at variable time points, prior and post initiation of therapy and at relapse.	True
GSM6679329	geo:GSE216571:GSM6679329	disease_free_text	multiple myeloma	file	raw/fp-d91fddb9e607/GSE216571_family.soft.gz		!Sample_characteristics_ch1 = treatment: relapsed-refractory multiple myeloma	True
GSM6679329	geo:GSE216571:GSM6679329	disease_free_text	multiple myeloma	file	raw/fp-d91fddb9e607/GSE216571_family.soft.gz		Here, we identify conserved behaviors of bone marrow residing CD4+ and CD8+ T cells in multiple myeloma patients undergoing TCE therapy.	True
GSM6679329	geo:GSE216571:GSM6679329	disease_stage	relapsed-refractory	file	raw/fp-d91fddb9e607/GSE216571_family.soft.gz		!Sample_characteristics_ch1 = treatment: relapsed-refractory multiple myeloma	True
GSM6679329	geo:GSE216571:GSM6679329	assay	10x 5' v2	file	raw/fp-d91fddb9e607/GSE216571_family.soft.gz		single cell 5’ v2 protocol, 10x Genomics	True
GSM6679329	geo:GSE216571:GSM6679329	assay	10x 5' v2	file	raw/fp-d91fddb9e607/GSE216571_family.soft.gz		!Sample_extract_protocol_ch1 = 5' scRNA/TCR-seq	True
GSM6679329	geo:GSE216571:GSM6679329	assay	10x 5' v2	file	raw/fp-d91fddb9e607/GSE216571_family.soft.gz		!Series_overall_design = Bone marrow resident CD3 and CD45 cells were isolated by fluorescence-activated cell sorting (FACS) and analyzed using 10x Genomics 5' RNA/TCR sequencing.	True
GSM6679329	geo:GSE216571:GSM6679329	timepoint	pre	file	raw/fp-d91fddb9e607/GSE216571_family.soft.gz		!Sample_title = PT13_pre_CD3	True
GSM6679329	geo:GSE216571:GSM6679329	timepoint	pre	file	raw/fp-d91fddb9e607/GSE216571_family.soft.gz		!Sample_source_name_ch1 = PT13_pre, sort CD3, T & NK cell subset bmref	True
GSM6679329	geo:GSE216571:GSM6679329	timepoint	pre	file	raw/fp-d91fddb9e607/GSE216571_family.soft.gz		Serial blood samples and BM aspirates were collected from patients treated with anti-BCMA TCE at variable time points, prior and post initiation of therapy and at relapse.	True
GSM6679329	geo:GSE216571:GSM6679329	treatment	anti-BCMA TCE	file	raw/fp-d91fddb9e607/GSE216571_family.soft.gz		Serial blood samples and BM aspirates were collected from patients treated with anti-BCMA TCE at variable time points, prior and post initiation of therapy and at relapse.	True
GSM6679329	geo:GSE216571:GSM6679329	treatment	anti-BCMA TCE	file	work/paper_dl/pubmed_36898378.txt		we identify conserved behaviors of bone marrow-residing T cells in multiple myeloma patients undergoing BCMAxCD3 TCE therapy	True
GSM6679329	geo:GSE216571:GSM6679329	treatment_status	prior to initiation of therapy	file	raw/fp-d91fddb9e607/GSE216571_family.soft.gz		!Sample_title = PT13_pre_CD3	True
GSM6679329	geo:GSE216571:GSM6679329	treatment_status	prior to initiation of therapy	file	raw/fp-d91fddb9e607/GSE216571_family.soft.gz		Serial blood samples and BM aspirates were collected from patients treated with anti-BCMA TCE at variable time points, prior and post initiation of therapy and at relapse.	True
GSM6679330	geo:GSE216571:GSM6679330	cell_enrichment	CD3+	file	raw/fp-d91fddb9e607/GSE216571_family.soft.gz		!Sample_source_name_ch1 = PT14_late, sort CD3, T & NK cell subset bmref	True
GSM6679330	geo:GSE216571:GSM6679330	cell_enrichment	CD3+	file	raw/fp-d91fddb9e607/GSE216571_family.soft.gz		Bone marrow mononuclear fractions were isolated through Ficoll density gradients coupled with magnetic sorting of CD3+ or CD45+ T cells.	True
GSM6679330	geo:GSE216571:GSM6679330	suspension_type	cell	file	raw/fp-d91fddb9e607/GSE216571_family.soft.gz		!Sample_library_source = transcriptomic single cell	True
GSM6679330	geo:GSE216571:GSM6679330	suspension_type	cell	file	raw/fp-d91fddb9e607/GSE216571_family.soft.gz		single cell 5’ v2 protocol, 10x Genomics	True
GSM6679330	geo:GSE216571:GSM6679330	donor_id	PT14	file	raw/fp-d91fddb9e607/GSE216571_family.soft.gz		!Sample_title = PT14_late_CD3	True
GSM6679330	geo:GSE216571:GSM6679330	donor_id	PT14	file	raw/fp-d91fddb9e607/GSE216571_family.soft.gz		!Sample_source_name_ch1 = PT14_late, sort CD3, T & NK cell subset bmref	True
GSM6679330	geo:GSE216571:GSM6679330	donor_id	PT14	file	raw/fp-d91fddb9e607/GSE216571_family.soft.gz		Serial blood samples and BM aspirates were collected from patients treated with anti-BCMA TCE at variable time points, prior and post initiation of therapy and at relapse.	True
GSM6679330	geo:GSE216571:GSM6679330	tissue_free_text	bone marrow	file	raw/fp-d91fddb9e607/GSE216571_family.soft.gz		!Sample_characteristics_ch1 = tissue: human bone marrow mononuclear cells	True
GSM6679330	geo:GSE216571:GSM6679330	tissue_free_text	bone marrow	file	raw/fp-d91fddb9e607/GSE216571_family.soft.gz		Serial blood samples and BM aspirates were collected from patients treated with anti-BCMA TCE at variable time points, prior and post initiation of therapy and at relapse.	True
GSM6679330	geo:GSE216571:GSM6679330	tissue_type	tissue	file	raw/fp-d91fddb9e607/GSE216571_family.soft.gz		Serial blood samples and BM aspirates were collected from patients treated with anti-BCMA TCE at variable time points, prior and post initiation of therapy and at relapse.	True
GSM6679330	geo:GSE216571:GSM6679330	tissue_type	tissue	file	raw/fp-d91fddb9e607/GSE216571_family.soft.gz		!Series_overall_design = Bone marrow resident CD3 and CD45 cells were isolated by fluorescence-activated cell sorting (FACS) and analyzed using 10x Genomics 5' RNA/TCR sequencing.	True
GSM6679330	geo:GSE216571:GSM6679330	sample_collection_method	bone marrow aspirate	file	raw/fp-d91fddb9e607/GSE216571_family.soft.gz		Serial blood samples and BM aspirates were collected from patients treated with anti-BCMA TCE at variable time points, prior and post initiation of therapy and at relapse.	True
GSM6679330	geo:GSE216571:GSM6679330	disease_free_text	multiple myeloma	file	raw/fp-d91fddb9e607/GSE216571_family.soft.gz		!Sample_characteristics_ch1 = treatment: relapsed-refractory multiple myeloma	True
GSM6679330	geo:GSE216571:GSM6679330	disease_free_text	multiple myeloma	file	raw/fp-d91fddb9e607/GSE216571_family.soft.gz		Here, we identify conserved behaviors of bone marrow residing CD4+ and CD8+ T cells in multiple myeloma patients undergoing TCE therapy.	True
GSM6679330	geo:GSE216571:GSM6679330	disease_stage	relapsed-refractory	file	raw/fp-d91fddb9e607/GSE216571_family.soft.gz		!Sample_characteristics_ch1 = treatment: relapsed-refractory multiple myeloma	True
GSM6679330	geo:GSE216571:GSM6679330	assay	10x 5' v2	file	raw/fp-d91fddb9e607/GSE216571_family.soft.gz		single cell 5’ v2 protocol, 10x Genomics	True
GSM6679330	geo:GSE216571:GSM6679330	assay	10x 5' v2	file	raw/fp-d91fddb9e607/GSE216571_family.soft.gz		!Sample_extract_protocol_ch1 = 5' scRNA/TCR-seq	True
GSM6679330	geo:GSE216571:GSM6679330	assay	10x 5' v2	file	raw/fp-d91fddb9e607/GSE216571_family.soft.gz		!Series_overall_design = Bone marrow resident CD3 and CD45 cells were isolated by fluorescence-activated cell sorting (FACS) and analyzed using 10x Genomics 5' RNA/TCR sequencing.	True
GSM6679330	geo:GSE216571:GSM6679330	timepoint	late	file	raw/fp-d91fddb9e607/GSE216571_family.soft.gz		!Sample_title = PT14_late_CD3	True
GSM6679330	geo:GSE216571:GSM6679330	timepoint	late	file	raw/fp-d91fddb9e607/GSE216571_family.soft.gz		!Sample_source_name_ch1 = PT14_late, sort CD3, T & NK cell subset bmref	True
GSM6679330	geo:GSE216571:GSM6679330	timepoint	late	file	raw/fp-d91fddb9e607/GSE216571_family.soft.gz		Serial blood samples and BM aspirates were collected from patients treated with anti-BCMA TCE at variable time points, prior and post initiation of therapy and at relapse.	True
GSM6679330	geo:GSE216571:GSM6679330	treatment	anti-BCMA TCE	file	raw/fp-d91fddb9e607/GSE216571_family.soft.gz		Serial blood samples and BM aspirates were collected from patients treated with anti-BCMA TCE at variable time points, prior and post initiation of therapy and at relapse.	True
GSM6679330	geo:GSE216571:GSM6679330	treatment	anti-BCMA TCE	file	work/paper_dl/pubmed_36898378.txt		we identify conserved behaviors of bone marrow-residing T cells in multiple myeloma patients undergoing BCMAxCD3 TCE therapy	True
GSM6679330	geo:GSE216571:GSM6679330	treatment_status	post initiation of therapy	file	raw/fp-d91fddb9e607/GSE216571_family.soft.gz		!Sample_title = PT14_late_CD3	True
GSM6679330	geo:GSE216571:GSM6679330	treatment_status	post initiation of therapy	file	raw/fp-d91fddb9e607/GSE216571_family.soft.gz		Serial blood samples and BM aspirates were collected from patients treated with anti-BCMA TCE at variable time points, prior and post initiation of therapy and at relapse.	True
GSM6679331	geo:GSE216571:GSM6679331	cell_enrichment	CD3+	file	raw/fp-d91fddb9e607/GSE216571_family.soft.gz		!Sample_source_name_ch1 = PT14_pre, sort CD3, T & NK cell subset bmref	True
GSM6679331	geo:GSE216571:GSM6679331	cell_enrichment	CD3+	file	raw/fp-d91fddb9e607/GSE216571_family.soft.gz		Bone marrow mononuclear fractions were isolated through Ficoll density gradients coupled with magnetic sorting of CD3+ or CD45+ T cells.	True
GSM6679331	geo:GSE216571:GSM6679331	suspension_type	cell	file	raw/fp-d91fddb9e607/GSE216571_family.soft.gz		!Sample_library_source = transcriptomic single cell	True
GSM6679331	geo:GSE216571:GSM6679331	suspension_type	cell	file	raw/fp-d91fddb9e607/GSE216571_family.soft.gz		single cell 5’ v2 protocol, 10x Genomics	True
GSM6679331	geo:GSE216571:GSM6679331	donor_id	PT14	file	raw/fp-d91fddb9e607/GSE216571_family.soft.gz		!Sample_title = PT14_pre_CD3	True
GSM6679331	geo:GSE216571:GSM6679331	donor_id	PT14	file	raw/fp-d91fddb9e607/GSE216571_family.soft.gz		!Sample_source_name_ch1 = PT14_pre, sort CD3, T & NK cell subset bmref	True
GSM6679331	geo:GSE216571:GSM6679331	donor_id	PT14	file	raw/fp-d91fddb9e607/GSE216571_family.soft.gz		Serial blood samples and BM aspirates were collected from patients treated with anti-BCMA TCE at variable time points, prior and post initiation of therapy and at relapse.	True
GSM6679331	geo:GSE216571:GSM6679331	tissue_free_text	bone marrow	file	raw/fp-d91fddb9e607/GSE216571_family.soft.gz		!Sample_characteristics_ch1 = tissue: human bone marrow mononuclear cells	True
GSM6679331	geo:GSE216571:GSM6679331	tissue_free_text	bone marrow	file	raw/fp-d91fddb9e607/GSE216571_family.soft.gz		Serial blood samples and BM aspirates were collected from patients treated with anti-BCMA TCE at variable time points, prior and post initiation of therapy and at relapse.	True
GSM6679331	geo:GSE216571:GSM6679331	tissue_type	tissue	file	raw/fp-d91fddb9e607/GSE216571_family.soft.gz		Serial blood samples and BM aspirates were collected from patients treated with anti-BCMA TCE at variable time points, prior and post initiation of therapy and at relapse.	True
GSM6679331	geo:GSE216571:GSM6679331	tissue_type	tissue	file	raw/fp-d91fddb9e607/GSE216571_family.soft.gz		!Series_overall_design = Bone marrow resident CD3 and CD45 cells were isolated by fluorescence-activated cell sorting (FACS) and analyzed using 10x Genomics 5' RNA/TCR sequencing.	True
GSM6679331	geo:GSE216571:GSM6679331	sample_collection_method	bone marrow aspirate	file	raw/fp-d91fddb9e607/GSE216571_family.soft.gz		Serial blood samples and BM aspirates were collected from patients treated with anti-BCMA TCE at variable time points, prior and post initiation of therapy and at relapse.	True
GSM6679331	geo:GSE216571:GSM6679331	disease_free_text	multiple myeloma	file	raw/fp-d91fddb9e607/GSE216571_family.soft.gz		!Sample_characteristics_ch1 = treatment: relapsed-refractory multiple myeloma	True
GSM6679331	geo:GSE216571:GSM6679331	disease_free_text	multiple myeloma	file	raw/fp-d91fddb9e607/GSE216571_family.soft.gz		Here, we identify conserved behaviors of bone marrow residing CD4+ and CD8+ T cells in multiple myeloma patients undergoing TCE therapy.	True
GSM6679331	geo:GSE216571:GSM6679331	disease_stage	relapsed-refractory	file	raw/fp-d91fddb9e607/GSE216571_family.soft.gz		!Sample_characteristics_ch1 = treatment: relapsed-refractory multiple myeloma	True
GSM6679331	geo:GSE216571:GSM6679331	assay	10x 5' v2	file	raw/fp-d91fddb9e607/GSE216571_family.soft.gz		single cell 5’ v2 protocol, 10x Genomics	True
GSM6679331	geo:GSE216571:GSM6679331	assay	10x 5' v2	file	raw/fp-d91fddb9e607/GSE216571_family.soft.gz		!Sample_extract_protocol_ch1 = 5' scRNA/TCR-seq	True
GSM6679331	geo:GSE216571:GSM6679331	assay	10x 5' v2	file	raw/fp-d91fddb9e607/GSE216571_family.soft.gz		!Series_overall_design = Bone marrow resident CD3 and CD45 cells were isolated by fluorescence-activated cell sorting (FACS) and analyzed using 10x Genomics 5' RNA/TCR sequencing.	True
GSM6679331	geo:GSE216571:GSM6679331	timepoint	pre	file	raw/fp-d91fddb9e607/GSE216571_family.soft.gz		!Sample_title = PT14_pre_CD3	True
GSM6679331	geo:GSE216571:GSM6679331	timepoint	pre	file	raw/fp-d91fddb9e607/GSE216571_family.soft.gz		!Sample_source_name_ch1 = PT14_pre, sort CD3, T & NK cell subset bmref	True
GSM6679331	geo:GSE216571:GSM6679331	timepoint	pre	file	raw/fp-d91fddb9e607/GSE216571_family.soft.gz		Serial blood samples and BM aspirates were collected from patients treated with anti-BCMA TCE at variable time points, prior and post initiation of therapy and at relapse.	True
GSM6679331	geo:GSE216571:GSM6679331	treatment	anti-BCMA TCE	file	raw/fp-d91fddb9e607/GSE216571_family.soft.gz		Serial blood samples and BM aspirates were collected from patients treated with anti-BCMA TCE at variable time points, prior and post initiation of therapy and at relapse.	True
GSM6679331	geo:GSE216571:GSM6679331	treatment	anti-BCMA TCE	file	work/paper_dl/pubmed_36898378.txt		we identify conserved behaviors of bone marrow-residing T cells in multiple myeloma patients undergoing BCMAxCD3 TCE therapy	True
GSM6679331	geo:GSE216571:GSM6679331	treatment_status	prior to initiation of therapy	file	raw/fp-d91fddb9e607/GSE216571_family.soft.gz		!Sample_title = PT14_pre_CD3	True
GSM6679331	geo:GSE216571:GSM6679331	treatment_status	prior to initiation of therapy	file	raw/fp-d91fddb9e607/GSE216571_family.soft.gz		Serial blood samples and BM aspirates were collected from patients treated with anti-BCMA TCE at variable time points, prior and post initiation of therapy and at relapse.	True
GSM6679332	geo:GSE216571:GSM6679332	cell_enrichment	CD3+	file	raw/fp-d91fddb9e607/GSE216571_family.soft.gz		!Sample_source_name_ch1 = PT15_late, sort CD3, T & NK cell subset bmref	True
GSM6679332	geo:GSE216571:GSM6679332	cell_enrichment	CD3+	file	raw/fp-d91fddb9e607/GSE216571_family.soft.gz		Bone marrow mononuclear fractions were isolated through Ficoll density gradients coupled with magnetic sorting of CD3+ or CD45+ T cells.	True
GSM6679332	geo:GSE216571:GSM6679332	suspension_type	cell	file	raw/fp-d91fddb9e607/GSE216571_family.soft.gz		!Sample_library_source = transcriptomic single cell	True
GSM6679332	geo:GSE216571:GSM6679332	suspension_type	cell	file	raw/fp-d91fddb9e607/GSE216571_family.soft.gz		single cell 5’ v2 protocol, 10x Genomics	True
GSM6679332	geo:GSE216571:GSM6679332	donor_id	PT15	file	raw/fp-d91fddb9e607/GSE216571_family.soft.gz		!Sample_title = PT15_late_CD3	True
GSM6679332	geo:GSE216571:GSM6679332	donor_id	PT15	file	raw/fp-d91fddb9e607/GSE216571_family.soft.gz		!Sample_source_name_ch1 = PT15_late, sort CD3, T & NK cell subset bmref	True
GSM6679332	geo:GSE216571:GSM6679332	donor_id	PT15	file	raw/fp-d91fddb9e607/GSE216571_family.soft.gz		Serial blood samples and BM aspirates were collected from patients treated with anti-BCMA TCE at variable time points, prior and post initiation of therapy and at relapse.	True
GSM6679332	geo:GSE216571:GSM6679332	tissue_free_text	bone marrow	file	raw/fp-d91fddb9e607/GSE216571_family.soft.gz		!Sample_characteristics_ch1 = tissue: human bone marrow mononuclear cells	True
GSM6679332	geo:GSE216571:GSM6679332	tissue_free_text	bone marrow	file	raw/fp-d91fddb9e607/GSE216571_family.soft.gz		Serial blood samples and BM aspirates were collected from patients treated with anti-BCMA TCE at variable time points, prior and post initiation of therapy and at relapse.	True
GSM6679332	geo:GSE216571:GSM6679332	tissue_type	tissue	file	raw/fp-d91fddb9e607/GSE216571_family.soft.gz		Serial blood samples and BM aspirates were collected from patients treated with anti-BCMA TCE at variable time points, prior and post initiation of therapy and at relapse.	True
GSM6679332	geo:GSE216571:GSM6679332	tissue_type	tissue	file	raw/fp-d91fddb9e607/GSE216571_family.soft.gz		!Series_overall_design = Bone marrow resident CD3 and CD45 cells were isolated by fluorescence-activated cell sorting (FACS) and analyzed using 10x Genomics 5' RNA/TCR sequencing.	True
GSM6679332	geo:GSE216571:GSM6679332	sample_collection_method	bone marrow aspirate	file	raw/fp-d91fddb9e607/GSE216571_family.soft.gz		Serial blood samples and BM aspirates were collected from patients treated with anti-BCMA TCE at variable time points, prior and post initiation of therapy and at relapse.	True
GSM6679332	geo:GSE216571:GSM6679332	disease_free_text	multiple myeloma	file	raw/fp-d91fddb9e607/GSE216571_family.soft.gz		!Sample_characteristics_ch1 = treatment: relapsed-refractory multiple myeloma	True
GSM6679332	geo:GSE216571:GSM6679332	disease_free_text	multiple myeloma	file	raw/fp-d91fddb9e607/GSE216571_family.soft.gz		Here, we identify conserved behaviors of bone marrow residing CD4+ and CD8+ T cells in multiple myeloma patients undergoing TCE therapy.	True
GSM6679332	geo:GSE216571:GSM6679332	disease_stage	relapsed-refractory	file	raw/fp-d91fddb9e607/GSE216571_family.soft.gz		!Sample_characteristics_ch1 = treatment: relapsed-refractory multiple myeloma	True
GSM6679332	geo:GSE216571:GSM6679332	assay	10x 5' v2	file	raw/fp-d91fddb9e607/GSE216571_family.soft.gz		single cell 5’ v2 protocol, 10x Genomics	True
GSM6679332	geo:GSE216571:GSM6679332	assay	10x 5' v2	file	raw/fp-d91fddb9e607/GSE216571_family.soft.gz		!Sample_extract_protocol_ch1 = 5' scRNA/TCR-seq	True
GSM6679332	geo:GSE216571:GSM6679332	assay	10x 5' v2	file	raw/fp-d91fddb9e607/GSE216571_family.soft.gz		!Series_overall_design = Bone marrow resident CD3 and CD45 cells were isolated by fluorescence-activated cell sorting (FACS) and analyzed using 10x Genomics 5' RNA/TCR sequencing.	True
GSM6679332	geo:GSE216571:GSM6679332	timepoint	late	file	raw/fp-d91fddb9e607/GSE216571_family.soft.gz		!Sample_title = PT15_late_CD3	True
GSM6679332	geo:GSE216571:GSM6679332	timepoint	late	file	raw/fp-d91fddb9e607/GSE216571_family.soft.gz		!Sample_source_name_ch1 = PT15_late, sort CD3, T & NK cell subset bmref	True
GSM6679332	geo:GSE216571:GSM6679332	timepoint	late	file	raw/fp-d91fddb9e607/GSE216571_family.soft.gz		Serial blood samples and BM aspirates were collected from patients treated with anti-BCMA TCE at variable time points, prior and post initiation of therapy and at relapse.	True
GSM6679332	geo:GSE216571:GSM6679332	treatment	anti-BCMA TCE	file	raw/fp-d91fddb9e607/GSE216571_family.soft.gz		Serial blood samples and BM aspirates were collected from patients treated with anti-BCMA TCE at variable time points, prior and post initiation of therapy and at relapse.	True
GSM6679332	geo:GSE216571:GSM6679332	treatment	anti-BCMA TCE	file	work/paper_dl/pubmed_36898378.txt		we identify conserved behaviors of bone marrow-residing T cells in multiple myeloma patients undergoing BCMAxCD3 TCE therapy	True
GSM6679332	geo:GSE216571:GSM6679332	treatment_status	post initiation of therapy	file	raw/fp-d91fddb9e607/GSE216571_family.soft.gz		!Sample_title = PT15_late_CD3	True
GSM6679332	geo:GSE216571:GSM6679332	treatment_status	post initiation of therapy	file	raw/fp-d91fddb9e607/GSE216571_family.soft.gz		Serial blood samples and BM aspirates were collected from patients treated with anti-BCMA TCE at variable time points, prior and post initiation of therapy and at relapse.	True
GSM6679333	geo:GSE216571:GSM6679333	cell_enrichment	CD3+	file	raw/fp-d91fddb9e607/GSE216571_family.soft.gz		!Sample_source_name_ch1 = PT15_pre, sort CD3, T & NK cell subset bmref	True
GSM6679333	geo:GSE216571:GSM6679333	cell_enrichment	CD3+	file	raw/fp-d91fddb9e607/GSE216571_family.soft.gz		Bone marrow mononuclear fractions were isolated through Ficoll density gradients coupled with magnetic sorting of CD3+ or CD45+ T cells.	True
GSM6679333	geo:GSE216571:GSM6679333	suspension_type	cell	file	raw/fp-d91fddb9e607/GSE216571_family.soft.gz		!Sample_library_source = transcriptomic single cell	True
GSM6679333	geo:GSE216571:GSM6679333	suspension_type	cell	file	raw/fp-d91fddb9e607/GSE216571_family.soft.gz		single cell 5’ v2 protocol, 10x Genomics	True
GSM6679333	geo:GSE216571:GSM6679333	donor_id	PT15	file	raw/fp-d91fddb9e607/GSE216571_family.soft.gz		!Sample_title = PT15_pre_CD3	True
GSM6679333	geo:GSE216571:GSM6679333	donor_id	PT15	file	raw/fp-d91fddb9e607/GSE216571_family.soft.gz		!Sample_source_name_ch1 = PT15_pre, sort CD3, T & NK cell subset bmref	True
GSM6679333	geo:GSE216571:GSM6679333	donor_id	PT15	file	raw/fp-d91fddb9e607/GSE216571_family.soft.gz		Serial blood samples and BM aspirates were collected from patients treated with anti-BCMA TCE at variable time points, prior and post initiation of therapy and at relapse.	True
GSM6679333	geo:GSE216571:GSM6679333	tissue_free_text	bone marrow	file	raw/fp-d91fddb9e607/GSE216571_family.soft.gz		!Sample_characteristics_ch1 = tissue: human bone marrow mononuclear cells	True
GSM6679333	geo:GSE216571:GSM6679333	tissue_free_text	bone marrow	file	raw/fp-d91fddb9e607/GSE216571_family.soft.gz		Serial blood samples and BM aspirates were collected from patients treated with anti-BCMA TCE at variable time points, prior and post initiation of therapy and at relapse.	True
GSM6679333	geo:GSE216571:GSM6679333	tissue_type	tissue	file	raw/fp-d91fddb9e607/GSE216571_family.soft.gz		Serial blood samples and BM aspirates were collected from patients treated with anti-BCMA TCE at variable time points, prior and post initiation of therapy and at relapse.	True
GSM6679333	geo:GSE216571:GSM6679333	tissue_type	tissue	file	raw/fp-d91fddb9e607/GSE216571_family.soft.gz		!Series_overall_design = Bone marrow resident CD3 and CD45 cells were isolated by fluorescence-activated cell sorting (FACS) and analyzed using 10x Genomics 5' RNA/TCR sequencing.	True
GSM6679333	geo:GSE216571:GSM6679333	sample_collection_method	bone marrow aspirate	file	raw/fp-d91fddb9e607/GSE216571_family.soft.gz		Serial blood samples and BM aspirates were collected from patients treated with anti-BCMA TCE at variable time points, prior and post initiation of therapy and at relapse.	True
GSM6679333	geo:GSE216571:GSM6679333	disease_free_text	multiple myeloma	file	raw/fp-d91fddb9e607/GSE216571_family.soft.gz		!Sample_characteristics_ch1 = treatment: relapsed-refractory multiple myeloma	True
GSM6679333	geo:GSE216571:GSM6679333	disease_free_text	multiple myeloma	file	raw/fp-d91fddb9e607/GSE216571_family.soft.gz		Here, we identify conserved behaviors of bone marrow residing CD4+ and CD8+ T cells in multiple myeloma patients undergoing TCE therapy.	True
GSM6679333	geo:GSE216571:GSM6679333	disease_stage	relapsed-refractory	file	raw/fp-d91fddb9e607/GSE216571_family.soft.gz		!Sample_characteristics_ch1 = treatment: relapsed-refractory multiple myeloma	True
GSM6679333	geo:GSE216571:GSM6679333	assay	10x 5' v2	file	raw/fp-d91fddb9e607/GSE216571_family.soft.gz		single cell 5’ v2 protocol, 10x Genomics	True
GSM6679333	geo:GSE216571:GSM6679333	assay	10x 5' v2	file	raw/fp-d91fddb9e607/GSE216571_family.soft.gz		!Sample_extract_protocol_ch1 = 5' scRNA/TCR-seq	True
GSM6679333	geo:GSE216571:GSM6679333	assay	10x 5' v2	file	raw/fp-d91fddb9e607/GSE216571_family.soft.gz		!Series_overall_design = Bone marrow resident CD3 and CD45 cells were isolated by fluorescence-activated cell sorting (FACS) and analyzed using 10x Genomics 5' RNA/TCR sequencing.	True
GSM6679333	geo:GSE216571:GSM6679333	timepoint	pre	file	raw/fp-d91fddb9e607/GSE216571_family.soft.gz		!Sample_title = PT15_pre_CD3	True
GSM6679333	geo:GSE216571:GSM6679333	timepoint	pre	file	raw/fp-d91fddb9e607/GSE216571_family.soft.gz		!Sample_source_name_ch1 = PT15_pre, sort CD3, T & NK cell subset bmref	True
GSM6679333	geo:GSE216571:GSM6679333	timepoint	pre	file	raw/fp-d91fddb9e607/GSE216571_family.soft.gz		Serial blood samples and BM aspirates were collected from patients treated with anti-BCMA TCE at variable time points, prior and post initiation of therapy and at relapse.	True
GSM6679333	geo:GSE216571:GSM6679333	treatment	anti-BCMA TCE	file	raw/fp-d91fddb9e607/GSE216571_family.soft.gz		Serial blood samples and BM aspirates were collected from patients treated with anti-BCMA TCE at variable time points, prior and post initiation of therapy and at relapse.	True
GSM6679333	geo:GSE216571:GSM6679333	treatment	anti-BCMA TCE	file	work/paper_dl/pubmed_36898378.txt		we identify conserved behaviors of bone marrow-residing T cells in multiple myeloma patients undergoing BCMAxCD3 TCE therapy	True
GSM6679333	geo:GSE216571:GSM6679333	treatment_status	prior to initiation of therapy	file	raw/fp-d91fddb9e607/GSE216571_family.soft.gz		!Sample_title = PT15_pre_CD3	True
GSM6679333	geo:GSE216571:GSM6679333	treatment_status	prior to initiation of therapy	file	raw/fp-d91fddb9e607/GSE216571_family.soft.gz		Serial blood samples and BM aspirates were collected from patients treated with anti-BCMA TCE at variable time points, prior and post initiation of therapy and at relapse.	True
GSM6679334	geo:GSE216571:GSM6679334	cell_enrichment	CD3+	file	raw/fp-d91fddb9e607/GSE216571_family.soft.gz		!Sample_source_name_ch1 = PT16_late, sort CD3, T & NK cell subset bmref	True
GSM6679334	geo:GSE216571:GSM6679334	cell_enrichment	CD3+	file	raw/fp-d91fddb9e607/GSE216571_family.soft.gz		Bone marrow mononuclear fractions were isolated through Ficoll density gradients coupled with magnetic sorting of CD3+ or CD45+ T cells.	True
GSM6679334	geo:GSE216571:GSM6679334	suspension_type	cell	file	raw/fp-d91fddb9e607/GSE216571_family.soft.gz		!Sample_library_source = transcriptomic single cell	True
GSM6679334	geo:GSE216571:GSM6679334	suspension_type	cell	file	raw/fp-d91fddb9e607/GSE216571_family.soft.gz		single cell 5’ v2 protocol, 10x Genomics	True
GSM6679334	geo:GSE216571:GSM6679334	donor_id	PT16	file	raw/fp-d91fddb9e607/GSE216571_family.soft.gz		!Sample_title = PT16_late_CD3	True
GSM6679334	geo:GSE216571:GSM6679334	donor_id	PT16	file	raw/fp-d91fddb9e607/GSE216571_family.soft.gz		!Sample_source_name_ch1 = PT16_late, sort CD3, T & NK cell subset bmref	True
GSM6679334	geo:GSE216571:GSM6679334	donor_id	PT16	file	raw/fp-d91fddb9e607/GSE216571_family.soft.gz		Serial blood samples and BM aspirates were collected from patients treated with anti-BCMA TCE at variable time points, prior and post initiation of therapy and at relapse.	True
GSM6679334	geo:GSE216571:GSM6679334	tissue_free_text	bone marrow	file	raw/fp-d91fddb9e607/GSE216571_family.soft.gz		!Sample_characteristics_ch1 = tissue: human bone marrow mononuclear cells	True
GSM6679334	geo:GSE216571:GSM6679334	tissue_free_text	bone marrow	file	raw/fp-d91fddb9e607/GSE216571_family.soft.gz		Serial blood samples and BM aspirates were collected from patients treated with anti-BCMA TCE at variable time points, prior and post initiation of therapy and at relapse.	True
GSM6679334	geo:GSE216571:GSM6679334	tissue_type	tissue	file	raw/fp-d91fddb9e607/GSE216571_family.soft.gz		Serial blood samples and BM aspirates were collected from patients treated with anti-BCMA TCE at variable time points, prior and post initiation of therapy and at relapse.	True
GSM6679334	geo:GSE216571:GSM6679334	tissue_type	tissue	file	raw/fp-d91fddb9e607/GSE216571_family.soft.gz		!Series_overall_design = Bone marrow resident CD3 and CD45 cells were isolated by fluorescence-activated cell sorting (FACS) and analyzed using 10x Genomics 5' RNA/TCR sequencing.	True
GSM6679334	geo:GSE216571:GSM6679334	sample_collection_method	bone marrow aspirate	file	raw/fp-d91fddb9e607/GSE216571_family.soft.gz		Serial blood samples and BM aspirates were collected from patients treated with anti-BCMA TCE at variable time points, prior and post initiation of therapy and at relapse.	True
GSM6679334	geo:GSE216571:GSM6679334	disease_free_text	multiple myeloma	file	raw/fp-d91fddb9e607/GSE216571_family.soft.gz		!Sample_characteristics_ch1 = treatment: relapsed-refractory multiple myeloma	True
GSM6679334	geo:GSE216571:GSM6679334	disease_free_text	multiple myeloma	file	raw/fp-d91fddb9e607/GSE216571_family.soft.gz		Here, we identify conserved behaviors of bone marrow residing CD4+ and CD8+ T cells in multiple myeloma patients undergoing TCE therapy.	True
GSM6679334	geo:GSE216571:GSM6679334	disease_stage	relapsed-refractory	file	raw/fp-d91fddb9e607/GSE216571_family.soft.gz		!Sample_characteristics_ch1 = treatment: relapsed-refractory multiple myeloma	True
GSM6679334	geo:GSE216571:GSM6679334	assay	10x 5' v2	file	raw/fp-d91fddb9e607/GSE216571_family.soft.gz		single cell 5’ v2 protocol, 10x Genomics	True
GSM6679334	geo:GSE216571:GSM6679334	assay	10x 5' v2	file	raw/fp-d91fddb9e607/GSE216571_family.soft.gz		!Sample_extract_protocol_ch1 = 5' scRNA/TCR-seq	True
GSM6679334	geo:GSE216571:GSM6679334	assay	10x 5' v2	file	raw/fp-d91fddb9e607/GSE216571_family.soft.gz		!Series_overall_design = Bone marrow resident CD3 and CD45 cells were isolated by fluorescence-activated cell sorting (FACS) and analyzed using 10x Genomics 5' RNA/TCR sequencing.	True
GSM6679334	geo:GSE216571:GSM6679334	timepoint	late	file	raw/fp-d91fddb9e607/GSE216571_family.soft.gz		!Sample_title = PT16_late_CD3	True
GSM6679334	geo:GSE216571:GSM6679334	timepoint	late	file	raw/fp-d91fddb9e607/GSE216571_family.soft.gz		!Sample_source_name_ch1 = PT16_late, sort CD3, T & NK cell subset bmref	True
GSM6679334	geo:GSE216571:GSM6679334	timepoint	late	file	raw/fp-d91fddb9e607/GSE216571_family.soft.gz		Serial blood samples and BM aspirates were collected from patients treated with anti-BCMA TCE at variable time points, prior and post initiation of therapy and at relapse.	True
GSM6679334	geo:GSE216571:GSM6679334	treatment	anti-BCMA TCE	file	raw/fp-d91fddb9e607/GSE216571_family.soft.gz		Serial blood samples and BM aspirates were collected from patients treated with anti-BCMA TCE at variable time points, prior and post initiation of therapy and at relapse.	True
GSM6679334	geo:GSE216571:GSM6679334	treatment	anti-BCMA TCE	file	work/paper_dl/pubmed_36898378.txt		we identify conserved behaviors of bone marrow-residing T cells in multiple myeloma patients undergoing BCMAxCD3 TCE therapy	True
GSM6679334	geo:GSE216571:GSM6679334	treatment_status	post initiation of therapy	file	raw/fp-d91fddb9e607/GSE216571_family.soft.gz		!Sample_title = PT16_late_CD3	True
GSM6679334	geo:GSE216571:GSM6679334	treatment_status	post initiation of therapy	file	raw/fp-d91fddb9e607/GSE216571_family.soft.gz		Serial blood samples and BM aspirates were collected from patients treated with anti-BCMA TCE at variable time points, prior and post initiation of therapy and at relapse.	True
GSM6679335	geo:GSE216571:GSM6679335	cell_enrichment	CD3+	file	raw/fp-d91fddb9e607/GSE216571_family.soft.gz		!Sample_source_name_ch1 = PT16_pre, sort CD3, T & NK cell subset bmref	True
GSM6679335	geo:GSE216571:GSM6679335	cell_enrichment	CD3+	file	raw/fp-d91fddb9e607/GSE216571_family.soft.gz		Bone marrow mononuclear fractions were isolated through Ficoll density gradients coupled with magnetic sorting of CD3+ or CD45+ T cells.	True
GSM6679335	geo:GSE216571:GSM6679335	suspension_type	cell	file	raw/fp-d91fddb9e607/GSE216571_family.soft.gz		!Sample_library_source = transcriptomic single cell	True
GSM6679335	geo:GSE216571:GSM6679335	suspension_type	cell	file	raw/fp-d91fddb9e607/GSE216571_family.soft.gz		single cell 5’ v2 protocol, 10x Genomics	True
GSM6679335	geo:GSE216571:GSM6679335	donor_id	PT16	file	raw/fp-d91fddb9e607/GSE216571_family.soft.gz		!Sample_title = PT16_pre_CD3	True
GSM6679335	geo:GSE216571:GSM6679335	donor_id	PT16	file	raw/fp-d91fddb9e607/GSE216571_family.soft.gz		!Sample_source_name_ch1 = PT16_pre, sort CD3, T & NK cell subset bmref	True
GSM6679335	geo:GSE216571:GSM6679335	donor_id	PT16	file	raw/fp-d91fddb9e607/GSE216571_family.soft.gz		Serial blood samples and BM aspirates were collected from patients treated with anti-BCMA TCE at variable time points, prior and post initiation of therapy and at relapse.	True
GSM6679335	geo:GSE216571:GSM6679335	tissue_free_text	bone marrow	file	raw/fp-d91fddb9e607/GSE216571_family.soft.gz		!Sample_characteristics_ch1 = tissue: human bone marrow mononuclear cells	True
GSM6679335	geo:GSE216571:GSM6679335	tissue_free_text	bone marrow	file	raw/fp-d91fddb9e607/GSE216571_family.soft.gz		Serial blood samples and BM aspirates were collected from patients treated with anti-BCMA TCE at variable time points, prior and post initiation of therapy and at relapse.	True
GSM6679335	geo:GSE216571:GSM6679335	tissue_type	tissue	file	raw/fp-d91fddb9e607/GSE216571_family.soft.gz		Serial blood samples and BM aspirates were collected from patients treated with anti-BCMA TCE at variable time points, prior and post initiation of therapy and at relapse.	True
GSM6679335	geo:GSE216571:GSM6679335	tissue_type	tissue	file	raw/fp-d91fddb9e607/GSE216571_family.soft.gz		!Series_overall_design = Bone marrow resident CD3 and CD45 cells were isolated by fluorescence-activated cell sorting (FACS) and analyzed using 10x Genomics 5' RNA/TCR sequencing.	True
GSM6679335	geo:GSE216571:GSM6679335	sample_collection_method	bone marrow aspirate	file	raw/fp-d91fddb9e607/GSE216571_family.soft.gz		Serial blood samples and BM aspirates were collected from patients treated with anti-BCMA TCE at variable time points, prior and post initiation of therapy and at relapse.	True
GSM6679335	geo:GSE216571:GSM6679335	disease_free_text	multiple myeloma	file	raw/fp-d91fddb9e607/GSE216571_family.soft.gz		!Sample_characteristics_ch1 = treatment: relapsed-refractory multiple myeloma	True
GSM6679335	geo:GSE216571:GSM6679335	disease_free_text	multiple myeloma	file	raw/fp-d91fddb9e607/GSE216571_family.soft.gz		Here, we identify conserved behaviors of bone marrow residing CD4+ and CD8+ T cells in multiple myeloma patients undergoing TCE therapy.	True
GSM6679335	geo:GSE216571:GSM6679335	disease_stage	relapsed-refractory	file	raw/fp-d91fddb9e607/GSE216571_family.soft.gz		!Sample_characteristics_ch1 = treatment: relapsed-refractory multiple myeloma	True
GSM6679335	geo:GSE216571:GSM6679335	assay	10x 5' v2	file	raw/fp-d91fddb9e607/GSE216571_family.soft.gz		single cell 5’ v2 protocol, 10x Genomics	True
GSM6679335	geo:GSE216571:GSM6679335	assay	10x 5' v2	file	raw/fp-d91fddb9e607/GSE216571_family.soft.gz		!Sample_extract_protocol_ch1 = 5' scRNA/TCR-seq	True
GSM6679335	geo:GSE216571:GSM6679335	assay	10x 5' v2	file	raw/fp-d91fddb9e607/GSE216571_family.soft.gz		!Series_overall_design = Bone marrow resident CD3 and CD45 cells were isolated by fluorescence-activated cell sorting (FACS) and analyzed using 10x Genomics 5' RNA/TCR sequencing.	True
GSM6679335	geo:GSE216571:GSM6679335	timepoint	pre	file	raw/fp-d91fddb9e607/GSE216571_family.soft.gz		!Sample_title = PT16_pre_CD3	True
GSM6679335	geo:GSE216571:GSM6679335	timepoint	pre	file	raw/fp-d91fddb9e607/GSE216571_family.soft.gz		!Sample_source_name_ch1 = PT16_pre, sort CD3, T & NK cell subset bmref	True
GSM6679335	geo:GSE216571:GSM6679335	timepoint	pre	file	raw/fp-d91fddb9e607/GSE216571_family.soft.gz		Serial blood samples and BM aspirates were collected from patients treated with anti-BCMA TCE at variable time points, prior and post initiation of therapy and at relapse.	True
GSM6679335	geo:GSE216571:GSM6679335	treatment	anti-BCMA TCE	file	raw/fp-d91fddb9e607/GSE216571_family.soft.gz		Serial blood samples and BM aspirates were collected from patients treated with anti-BCMA TCE at variable time points, prior and post initiation of therapy and at relapse.	True
GSM6679335	geo:GSE216571:GSM6679335	treatment	anti-BCMA TCE	file	work/paper_dl/pubmed_36898378.txt		we identify conserved behaviors of bone marrow-residing T cells in multiple myeloma patients undergoing BCMAxCD3 TCE therapy	True
GSM6679335	geo:GSE216571:GSM6679335	treatment_status	prior to initiation of therapy	file	raw/fp-d91fddb9e607/GSE216571_family.soft.gz		!Sample_title = PT16_pre_CD3	True
GSM6679335	geo:GSE216571:GSM6679335	treatment_status	prior to initiation of therapy	file	raw/fp-d91fddb9e607/GSE216571_family.soft.gz		Serial blood samples and BM aspirates were collected from patients treated with anti-BCMA TCE at variable time points, prior and post initiation of therapy and at relapse.	True
GSM6679336	geo:GSE216571:GSM6679336	cell_enrichment	CD3+	file	raw/fp-d91fddb9e607/GSE216571_family.soft.gz		!Sample_source_name_ch1 = PT17_late, sort CD3, T & NK cell subset bmref	True
GSM6679336	geo:GSE216571:GSM6679336	cell_enrichment	CD3+	file	raw/fp-d91fddb9e607/GSE216571_family.soft.gz		Bone marrow mononuclear fractions were isolated through Ficoll density gradients coupled with magnetic sorting of CD3+ or CD45+ T cells.	True
GSM6679336	geo:GSE216571:GSM6679336	suspension_type	cell	file	raw/fp-d91fddb9e607/GSE216571_family.soft.gz		!Sample_library_source = transcriptomic single cell	True
GSM6679336	geo:GSE216571:GSM6679336	suspension_type	cell	file	raw/fp-d91fddb9e607/GSE216571_family.soft.gz		single cell 5’ v2 protocol, 10x Genomics	True
GSM6679336	geo:GSE216571:GSM6679336	donor_id	PT17	file	raw/fp-d91fddb9e607/GSE216571_family.soft.gz		!Sample_title = PT17_late_CD3	True
GSM6679336	geo:GSE216571:GSM6679336	donor_id	PT17	file	raw/fp-d91fddb9e607/GSE216571_family.soft.gz		!Sample_source_name_ch1 = PT17_late, sort CD3, T & NK cell subset bmref	True
GSM6679336	geo:GSE216571:GSM6679336	donor_id	PT17	file	raw/fp-d91fddb9e607/GSE216571_family.soft.gz		Serial blood samples and BM aspirates were collected from patients treated with anti-BCMA TCE at variable time points, prior and post initiation of therapy and at relapse.	True
GSM6679336	geo:GSE216571:GSM6679336	tissue_free_text	bone marrow	file	raw/fp-d91fddb9e607/GSE216571_family.soft.gz		!Sample_characteristics_ch1 = tissue: human bone marrow mononuclear cells	True
GSM6679336	geo:GSE216571:GSM6679336	tissue_free_text	bone marrow	file	raw/fp-d91fddb9e607/GSE216571_family.soft.gz		Serial blood samples and BM aspirates were collected from patients treated with anti-BCMA TCE at variable time points, prior and post initiation of therapy and at relapse.	True
GSM6679336	geo:GSE216571:GSM6679336	tissue_type	tissue	file	raw/fp-d91fddb9e607/GSE216571_family.soft.gz		Serial blood samples and BM aspirates were collected from patients treated with anti-BCMA TCE at variable time points, prior and post initiation of therapy and at relapse.	True
GSM6679336	geo:GSE216571:GSM6679336	tissue_type	tissue	file	raw/fp-d91fddb9e607/GSE216571_family.soft.gz		!Series_overall_design = Bone marrow resident CD3 and CD45 cells were isolated by fluorescence-activated cell sorting (FACS) and analyzed using 10x Genomics 5' RNA/TCR sequencing.	True
GSM6679336	geo:GSE216571:GSM6679336	sample_collection_method	bone marrow aspirate	file	raw/fp-d91fddb9e607/GSE216571_family.soft.gz		Serial blood samples and BM aspirates were collected from patients treated with anti-BCMA TCE at variable time points, prior and post initiation of therapy and at relapse.	True
GSM6679336	geo:GSE216571:GSM6679336	disease_free_text	multiple myeloma	file	raw/fp-d91fddb9e607/GSE216571_family.soft.gz		!Sample_characteristics_ch1 = treatment: relapsed-refractory multiple myeloma	True
GSM6679336	geo:GSE216571:GSM6679336	disease_free_text	multiple myeloma	file	raw/fp-d91fddb9e607/GSE216571_family.soft.gz		Here, we identify conserved behaviors of bone marrow residing CD4+ and CD8+ T cells in multiple myeloma patients undergoing TCE therapy.	True
GSM6679336	geo:GSE216571:GSM6679336	disease_stage	relapsed-refractory	file	raw/fp-d91fddb9e607/GSE216571_family.soft.gz		!Sample_characteristics_ch1 = treatment: relapsed-refractory multiple myeloma	True
GSM6679336	geo:GSE216571:GSM6679336	assay	10x 5' v2	file	raw/fp-d91fddb9e607/GSE216571_family.soft.gz		single cell 5’ v2 protocol, 10x Genomics	True
GSM6679336	geo:GSE216571:GSM6679336	assay	10x 5' v2	file	raw/fp-d91fddb9e607/GSE216571_family.soft.gz		!Sample_extract_protocol_ch1 = 5' scRNA/TCR-seq	True
GSM6679336	geo:GSE216571:GSM6679336	assay	10x 5' v2	file	raw/fp-d91fddb9e607/GSE216571_family.soft.gz		!Series_overall_design = Bone marrow resident CD3 and CD45 cells were isolated by fluorescence-activated cell sorting (FACS) and analyzed using 10x Genomics 5' RNA/TCR sequencing.	True
GSM6679336	geo:GSE216571:GSM6679336	timepoint	late	file	raw/fp-d91fddb9e607/GSE216571_family.soft.gz		!Sample_title = PT17_late_CD3	True
GSM6679336	geo:GSE216571:GSM6679336	timepoint	late	file	raw/fp-d91fddb9e607/GSE216571_family.soft.gz		!Sample_source_name_ch1 = PT17_late, sort CD3, T & NK cell subset bmref	True
GSM6679336	geo:GSE216571:GSM6679336	timepoint	late	file	raw/fp-d91fddb9e607/GSE216571_family.soft.gz		Serial blood samples and BM aspirates were collected from patients treated with anti-BCMA TCE at variable time points, prior and post initiation of therapy and at relapse.	True
GSM6679336	geo:GSE216571:GSM6679336	treatment	anti-BCMA TCE	file	raw/fp-d91fddb9e607/GSE216571_family.soft.gz		Serial blood samples and BM aspirates were collected from patients treated with anti-BCMA TCE at variable time points, prior and post initiation of therapy and at relapse.	True
GSM6679336	geo:GSE216571:GSM6679336	treatment	anti-BCMA TCE	file	work/paper_dl/pubmed_36898378.txt		we identify conserved behaviors of bone marrow-residing T cells in multiple myeloma patients undergoing BCMAxCD3 TCE therapy	True
GSM6679336	geo:GSE216571:GSM6679336	treatment_status	post initiation of therapy	file	raw/fp-d91fddb9e607/GSE216571_family.soft.gz		!Sample_title = PT17_late_CD3	True
GSM6679336	geo:GSE216571:GSM6679336	treatment_status	post initiation of therapy	file	raw/fp-d91fddb9e607/GSE216571_family.soft.gz		Serial blood samples and BM aspirates were collected from patients treated with anti-BCMA TCE at variable time points, prior and post initiation of therapy and at relapse.	True
GSM6679337	geo:GSE216571:GSM6679337	cell_enrichment	CD3+	file	raw/fp-d91fddb9e607/GSE216571_family.soft.gz		!Sample_source_name_ch1 = PT17_pre, sort CD3, T & NK cell subset bmref	True
GSM6679337	geo:GSE216571:GSM6679337	cell_enrichment	CD3+	file	raw/fp-d91fddb9e607/GSE216571_family.soft.gz		Bone marrow mononuclear fractions were isolated through Ficoll density gradients coupled with magnetic sorting of CD3+ or CD45+ T cells.	True
GSM6679337	geo:GSE216571:GSM6679337	suspension_type	cell	file	raw/fp-d91fddb9e607/GSE216571_family.soft.gz		!Sample_library_source = transcriptomic single cell	True
GSM6679337	geo:GSE216571:GSM6679337	suspension_type	cell	file	raw/fp-d91fddb9e607/GSE216571_family.soft.gz		single cell 5’ v2 protocol, 10x Genomics	True
GSM6679337	geo:GSE216571:GSM6679337	donor_id	PT17	file	raw/fp-d91fddb9e607/GSE216571_family.soft.gz		!Sample_title = PT17_pre_CD3	True
GSM6679337	geo:GSE216571:GSM6679337	donor_id	PT17	file	raw/fp-d91fddb9e607/GSE216571_family.soft.gz		!Sample_source_name_ch1 = PT17_pre, sort CD3, T & NK cell subset bmref	True
GSM6679337	geo:GSE216571:GSM6679337	donor_id	PT17	file	raw/fp-d91fddb9e607/GSE216571_family.soft.gz		Serial blood samples and BM aspirates were collected from patients treated with anti-BCMA TCE at variable time points, prior and post initiation of therapy and at relapse.	True
GSM6679337	geo:GSE216571:GSM6679337	tissue_free_text	bone marrow	file	raw/fp-d91fddb9e607/GSE216571_family.soft.gz		!Sample_characteristics_ch1 = tissue: human bone marrow mononuclear cells	True
GSM6679337	geo:GSE216571:GSM6679337	tissue_free_text	bone marrow	file	raw/fp-d91fddb9e607/GSE216571_family.soft.gz		Serial blood samples and BM aspirates were collected from patients treated with anti-BCMA TCE at variable time points, prior and post initiation of therapy and at relapse.	True
GSM6679337	geo:GSE216571:GSM6679337	tissue_type	tissue	file	raw/fp-d91fddb9e607/GSE216571_family.soft.gz		Serial blood samples and BM aspirates were collected from patients treated with anti-BCMA TCE at variable time points, prior and post initiation of therapy and at relapse.	True
GSM6679337	geo:GSE216571:GSM6679337	tissue_type	tissue	file	raw/fp-d91fddb9e607/GSE216571_family.soft.gz		!Series_overall_design = Bone marrow resident CD3 and CD45 cells were isolated by fluorescence-activated cell sorting (FACS) and analyzed using 10x Genomics 5' RNA/TCR sequencing.	True
GSM6679337	geo:GSE216571:GSM6679337	sample_collection_method	bone marrow aspirate	file	raw/fp-d91fddb9e607/GSE216571_family.soft.gz		Serial blood samples and BM aspirates were collected from patients treated with anti-BCMA TCE at variable time points, prior and post initiation of therapy and at relapse.	True
GSM6679337	geo:GSE216571:GSM6679337	disease_free_text	multiple myeloma	file	raw/fp-d91fddb9e607/GSE216571_family.soft.gz		!Sample_characteristics_ch1 = treatment: relapsed-refractory multiple myeloma	True
GSM6679337	geo:GSE216571:GSM6679337	disease_free_text	multiple myeloma	file	raw/fp-d91fddb9e607/GSE216571_family.soft.gz		Here, we identify conserved behaviors of bone marrow residing CD4+ and CD8+ T cells in multiple myeloma patients undergoing TCE therapy.	True
GSM6679337	geo:GSE216571:GSM6679337	disease_stage	relapsed-refractory	file	raw/fp-d91fddb9e607/GSE216571_family.soft.gz		!Sample_characteristics_ch1 = treatment: relapsed-refractory multiple myeloma	True
GSM6679337	geo:GSE216571:GSM6679337	assay	10x 5' v2	file	raw/fp-d91fddb9e607/GSE216571_family.soft.gz		single cell 5’ v2 protocol, 10x Genomics	True
GSM6679337	geo:GSE216571:GSM6679337	assay	10x 5' v2	file	raw/fp-d91fddb9e607/GSE216571_family.soft.gz		!Sample_extract_protocol_ch1 = 5' scRNA/TCR-seq	True
GSM6679337	geo:GSE216571:GSM6679337	assay	10x 5' v2	file	raw/fp-d91fddb9e607/GSE216571_family.soft.gz		!Series_overall_design = Bone marrow resident CD3 and CD45 cells were isolated by fluorescence-activated cell sorting (FACS) and analyzed using 10x Genomics 5' RNA/TCR sequencing.	True
GSM6679337	geo:GSE216571:GSM6679337	timepoint	pre	file	raw/fp-d91fddb9e607/GSE216571_family.soft.gz		!Sample_title = PT17_pre_CD3	True
GSM6679337	geo:GSE216571:GSM6679337	timepoint	pre	file	raw/fp-d91fddb9e607/GSE216571_family.soft.gz		!Sample_source_name_ch1 = PT17_pre, sort CD3, T & NK cell subset bmref	True
GSM6679337	geo:GSE216571:GSM6679337	timepoint	pre	file	raw/fp-d91fddb9e607/GSE216571_family.soft.gz		Serial blood samples and BM aspirates were collected from patients treated with anti-BCMA TCE at variable time points, prior and post initiation of therapy and at relapse.	True
GSM6679337	geo:GSE216571:GSM6679337	treatment	anti-BCMA TCE	file	raw/fp-d91fddb9e607/GSE216571_family.soft.gz		Serial blood samples and BM aspirates were collected from patients treated with anti-BCMA TCE at variable time points, prior and post initiation of therapy and at relapse.	True
GSM6679337	geo:GSE216571:GSM6679337	treatment	anti-BCMA TCE	file	work/paper_dl/pubmed_36898378.txt		we identify conserved behaviors of bone marrow-residing T cells in multiple myeloma patients undergoing BCMAxCD3 TCE therapy	True
GSM6679337	geo:GSE216571:GSM6679337	treatment_status	prior to initiation of therapy	file	raw/fp-d91fddb9e607/GSE216571_family.soft.gz		!Sample_title = PT17_pre_CD3	True
GSM6679337	geo:GSE216571:GSM6679337	treatment_status	prior to initiation of therapy	file	raw/fp-d91fddb9e607/GSE216571_family.soft.gz		Serial blood samples and BM aspirates were collected from patients treated with anti-BCMA TCE at variable time points, prior and post initiation of therapy and at relapse.	True
GSM6679339	geo:GSE216571:GSM6679339	cell_enrichment	CD3+	file	raw/fp-d91fddb9e607/GSE216571_family.soft.gz		!Sample_source_name_ch1 = PT18_pre, sort CD3, T & NK cell subset bmref	True
GSM6679339	geo:GSE216571:GSM6679339	cell_enrichment	CD3+	file	raw/fp-d91fddb9e607/GSE216571_family.soft.gz		Bone marrow mononuclear fractions were isolated through Ficoll density gradients coupled with magnetic sorting of CD3+ or CD45+ T cells.	True
GSM6679339	geo:GSE216571:GSM6679339	suspension_type	cell	file	raw/fp-d91fddb9e607/GSE216571_family.soft.gz		!Sample_library_source = transcriptomic single cell	True
GSM6679339	geo:GSE216571:GSM6679339	suspension_type	cell	file	raw/fp-d91fddb9e607/GSE216571_family.soft.gz		single cell 5’ v2 protocol, 10x Genomics	True
GSM6679339	geo:GSE216571:GSM6679339	donor_id	PT18	file	raw/fp-d91fddb9e607/GSE216571_family.soft.gz		!Sample_title = PT18_pre_CD3	True
GSM6679339	geo:GSE216571:GSM6679339	donor_id	PT18	file	raw/fp-d91fddb9e607/GSE216571_family.soft.gz		!Sample_source_name_ch1 = PT18_pre, sort CD3, T & NK cell subset bmref	True
GSM6679339	geo:GSE216571:GSM6679339	donor_id	PT18	file	raw/fp-d91fddb9e607/GSE216571_family.soft.gz		Serial blood samples and BM aspirates were collected from patients treated with anti-BCMA TCE at variable time points, prior and post initiation of therapy and at relapse.	True
GSM6679339	geo:GSE216571:GSM6679339	tissue_free_text	bone marrow	file	raw/fp-d91fddb9e607/GSE216571_family.soft.gz		!Sample_characteristics_ch1 = tissue: human bone marrow mononuclear cells	True
GSM6679339	geo:GSE216571:GSM6679339	tissue_free_text	bone marrow	file	raw/fp-d91fddb9e607/GSE216571_family.soft.gz		Serial blood samples and BM aspirates were collected from patients treated with anti-BCMA TCE at variable time points, prior and post initiation of therapy and at relapse.	True
GSM6679339	geo:GSE216571:GSM6679339	tissue_type	tissue	file	raw/fp-d91fddb9e607/GSE216571_family.soft.gz		Serial blood samples and BM aspirates were collected from patients treated with anti-BCMA TCE at variable time points, prior and post initiation of therapy and at relapse.	True
GSM6679339	geo:GSE216571:GSM6679339	tissue_type	tissue	file	raw/fp-d91fddb9e607/GSE216571_family.soft.gz		!Series_overall_design = Bone marrow resident CD3 and CD45 cells were isolated by fluorescence-activated cell sorting (FACS) and analyzed using 10x Genomics 5' RNA/TCR sequencing.	True
GSM6679339	geo:GSE216571:GSM6679339	sample_collection_method	bone marrow aspirate	file	raw/fp-d91fddb9e607/GSE216571_family.soft.gz		Serial blood samples and BM aspirates were collected from patients treated with anti-BCMA TCE at variable time points, prior and post initiation of therapy and at relapse.	True
GSM6679339	geo:GSE216571:GSM6679339	disease_free_text	multiple myeloma	file	raw/fp-d91fddb9e607/GSE216571_family.soft.gz		!Sample_characteristics_ch1 = treatment: relapsed-refractory multiple myeloma	True
GSM6679339	geo:GSE216571:GSM6679339	disease_free_text	multiple myeloma	file	raw/fp-d91fddb9e607/GSE216571_family.soft.gz		Here, we identify conserved behaviors of bone marrow residing CD4+ and CD8+ T cells in multiple myeloma patients undergoing TCE therapy.	True
GSM6679339	geo:GSE216571:GSM6679339	disease_stage	relapsed-refractory	file	raw/fp-d91fddb9e607/GSE216571_family.soft.gz		!Sample_characteristics_ch1 = treatment: relapsed-refractory multiple myeloma	True
GSM6679339	geo:GSE216571:GSM6679339	assay	10x 5' v2	file	raw/fp-d91fddb9e607/GSE216571_family.soft.gz		single cell 5’ v2 protocol, 10x Genomics	True
GSM6679339	geo:GSE216571:GSM6679339	assay	10x 5' v2	file	raw/fp-d91fddb9e607/GSE216571_family.soft.gz		!Sample_extract_protocol_ch1 = 5' scRNA/TCR-seq	True
GSM6679339	geo:GSE216571:GSM6679339	assay	10x 5' v2	file	raw/fp-d91fddb9e607/GSE216571_family.soft.gz		!Series_overall_design = Bone marrow resident CD3 and CD45 cells were isolated by fluorescence-activated cell sorting (FACS) and analyzed using 10x Genomics 5' RNA/TCR sequencing.	True
GSM6679339	geo:GSE216571:GSM6679339	timepoint	pre	file	raw/fp-d91fddb9e607/GSE216571_family.soft.gz		!Sample_title = PT18_pre_CD3	True
GSM6679339	geo:GSE216571:GSM6679339	timepoint	pre	file	raw/fp-d91fddb9e607/GSE216571_family.soft.gz		!Sample_source_name_ch1 = PT18_pre, sort CD3, T & NK cell subset bmref	True
GSM6679339	geo:GSE216571:GSM6679339	timepoint	pre	file	raw/fp-d91fddb9e607/GSE216571_family.soft.gz		Serial blood samples and BM aspirates were collected from patients treated with anti-BCMA TCE at variable time points, prior and post initiation of therapy and at relapse.	True
GSM6679339	geo:GSE216571:GSM6679339	treatment	anti-BCMA TCE	file	raw/fp-d91fddb9e607/GSE216571_family.soft.gz		Serial blood samples and BM aspirates were collected from patients treated with anti-BCMA TCE at variable time points, prior and post initiation of therapy and at relapse.	True
GSM6679339	geo:GSE216571:GSM6679339	treatment	anti-BCMA TCE	file	work/paper_dl/pubmed_36898378.txt		we identify conserved behaviors of bone marrow-residing T cells in multiple myeloma patients undergoing BCMAxCD3 TCE therapy	True
GSM6679339	geo:GSE216571:GSM6679339	treatment_status	prior to initiation of therapy	file	raw/fp-d91fddb9e607/GSE216571_family.soft.gz		!Sample_title = PT18_pre_CD3	True
GSM6679339	geo:GSE216571:GSM6679339	treatment_status	prior to initiation of therapy	file	raw/fp-d91fddb9e607/GSE216571_family.soft.gz		Serial blood samples and BM aspirates were collected from patients treated with anti-BCMA TCE at variable time points, prior and post initiation of therapy and at relapse.	True
GSM6679340	geo:GSE216571:GSM6679340	cell_enrichment	CD3+	file	raw/fp-d91fddb9e607/GSE216571_family.soft.gz		!Sample_source_name_ch1 = PT19_late, sort CD3, T & NK cell subset bmref	True
GSM6679340	geo:GSE216571:GSM6679340	cell_enrichment	CD3+	file	raw/fp-d91fddb9e607/GSE216571_family.soft.gz		Bone marrow mononuclear fractions were isolated through Ficoll density gradients coupled with magnetic sorting of CD3+ or CD45+ T cells.	True
GSM6679340	geo:GSE216571:GSM6679340	suspension_type	cell	file	raw/fp-d91fddb9e607/GSE216571_family.soft.gz		!Sample_library_source = transcriptomic single cell	True
GSM6679340	geo:GSE216571:GSM6679340	suspension_type	cell	file	raw/fp-d91fddb9e607/GSE216571_family.soft.gz		single cell 5’ v2 protocol, 10x Genomics	True
GSM6679340	geo:GSE216571:GSM6679340	donor_id	PT19	file	raw/fp-d91fddb9e607/GSE216571_family.soft.gz		!Sample_title = PT19_late_CD3	True
GSM6679340	geo:GSE216571:GSM6679340	donor_id	PT19	file	raw/fp-d91fddb9e607/GSE216571_family.soft.gz		!Sample_source_name_ch1 = PT19_late, sort CD3, T & NK cell subset bmref	True
GSM6679340	geo:GSE216571:GSM6679340	donor_id	PT19	file	raw/fp-d91fddb9e607/GSE216571_family.soft.gz		Serial blood samples and BM aspirates were collected from patients treated with anti-BCMA TCE at variable time points, prior and post initiation of therapy and at relapse.	True
GSM6679340	geo:GSE216571:GSM6679340	tissue_free_text	bone marrow	file	raw/fp-d91fddb9e607/GSE216571_family.soft.gz		!Sample_characteristics_ch1 = tissue: human bone marrow mononuclear cells	True
GSM6679340	geo:GSE216571:GSM6679340	tissue_free_text	bone marrow	file	raw/fp-d91fddb9e607/GSE216571_family.soft.gz		Serial blood samples and BM aspirates were collected from patients treated with anti-BCMA TCE at variable time points, prior and post initiation of therapy and at relapse.	True
GSM6679340	geo:GSE216571:GSM6679340	tissue_type	tissue	file	raw/fp-d91fddb9e607/GSE216571_family.soft.gz		Serial blood samples and BM aspirates were collected from patients treated with anti-BCMA TCE at variable time points, prior and post initiation of therapy and at relapse.	True
GSM6679340	geo:GSE216571:GSM6679340	tissue_type	tissue	file	raw/fp-d91fddb9e607/GSE216571_family.soft.gz		!Series_overall_design = Bone marrow resident CD3 and CD45 cells were isolated by fluorescence-activated cell sorting (FACS) and analyzed using 10x Genomics 5' RNA/TCR sequencing.	True
GSM6679340	geo:GSE216571:GSM6679340	sample_collection_method	bone marrow aspirate	file	raw/fp-d91fddb9e607/GSE216571_family.soft.gz		Serial blood samples and BM aspirates were collected from patients treated with anti-BCMA TCE at variable time points, prior and post initiation of therapy and at relapse.	True
GSM6679340	geo:GSE216571:GSM6679340	disease_free_text	multiple myeloma	file	raw/fp-d91fddb9e607/GSE216571_family.soft.gz		!Sample_characteristics_ch1 = treatment: relapsed-refractory multiple myeloma	True
GSM6679340	geo:GSE216571:GSM6679340	disease_free_text	multiple myeloma	file	raw/fp-d91fddb9e607/GSE216571_family.soft.gz		Here, we identify conserved behaviors of bone marrow residing CD4+ and CD8+ T cells in multiple myeloma patients undergoing TCE therapy.	True
GSM6679340	geo:GSE216571:GSM6679340	disease_stage	relapsed-refractory	file	raw/fp-d91fddb9e607/GSE216571_family.soft.gz		!Sample_characteristics_ch1 = treatment: relapsed-refractory multiple myeloma	True
GSM6679340	geo:GSE216571:GSM6679340	assay	10x 5' v2	file	raw/fp-d91fddb9e607/GSE216571_family.soft.gz		single cell 5’ v2 protocol, 10x Genomics	True
GSM6679340	geo:GSE216571:GSM6679340	assay	10x 5' v2	file	raw/fp-d91fddb9e607/GSE216571_family.soft.gz		!Sample_extract_protocol_ch1 = 5' scRNA/TCR-seq	True
GSM6679340	geo:GSE216571:GSM6679340	assay	10x 5' v2	file	raw/fp-d91fddb9e607/GSE216571_family.soft.gz		!Series_overall_design = Bone marrow resident CD3 and CD45 cells were isolated by fluorescence-activated cell sorting (FACS) and analyzed using 10x Genomics 5' RNA/TCR sequencing.	True
GSM6679340	geo:GSE216571:GSM6679340	timepoint	late	file	raw/fp-d91fddb9e607/GSE216571_family.soft.gz		!Sample_title = PT19_late_CD3	True
GSM6679340	geo:GSE216571:GSM6679340	timepoint	late	file	raw/fp-d91fddb9e607/GSE216571_family.soft.gz		!Sample_source_name_ch1 = PT19_late, sort CD3, T & NK cell subset bmref	True
GSM6679340	geo:GSE216571:GSM6679340	timepoint	late	file	raw/fp-d91fddb9e607/GSE216571_family.soft.gz		Serial blood samples and BM aspirates were collected from patients treated with anti-BCMA TCE at variable time points, prior and post initiation of therapy and at relapse.	True
GSM6679340	geo:GSE216571:GSM6679340	treatment	anti-BCMA TCE	file	raw/fp-d91fddb9e607/GSE216571_family.soft.gz		Serial blood samples and BM aspirates were collected from patients treated with anti-BCMA TCE at variable time points, prior and post initiation of therapy and at relapse.	True
GSM6679340	geo:GSE216571:GSM6679340	treatment	anti-BCMA TCE	file	work/paper_dl/pubmed_36898378.txt		we identify conserved behaviors of bone marrow-residing T cells in multiple myeloma patients undergoing BCMAxCD3 TCE therapy	True
GSM6679340	geo:GSE216571:GSM6679340	treatment_status	post initiation of therapy	file	raw/fp-d91fddb9e607/GSE216571_family.soft.gz		!Sample_title = PT19_late_CD3	True
GSM6679340	geo:GSE216571:GSM6679340	treatment_status	post initiation of therapy	file	raw/fp-d91fddb9e607/GSE216571_family.soft.gz		Serial blood samples and BM aspirates were collected from patients treated with anti-BCMA TCE at variable time points, prior and post initiation of therapy and at relapse.	True
GSM6679341	geo:GSE216571:GSM6679341	cell_enrichment	CD3+	file	raw/fp-d91fddb9e607/GSE216571_family.soft.gz		!Sample_source_name_ch1 = PT19_pre, sort CD3, T & NK cell subset bmref	True
GSM6679341	geo:GSE216571:GSM6679341	cell_enrichment	CD3+	file	raw/fp-d91fddb9e607/GSE216571_family.soft.gz		Bone marrow mononuclear fractions were isolated through Ficoll density gradients coupled with magnetic sorting of CD3+ or CD45+ T cells.	True
GSM6679341	geo:GSE216571:GSM6679341	suspension_type	cell	file	raw/fp-d91fddb9e607/GSE216571_family.soft.gz		!Sample_library_source = transcriptomic single cell	True
GSM6679341	geo:GSE216571:GSM6679341	suspension_type	cell	file	raw/fp-d91fddb9e607/GSE216571_family.soft.gz		single cell 5’ v2 protocol, 10x Genomics	True
GSM6679341	geo:GSE216571:GSM6679341	donor_id	PT19	file	raw/fp-d91fddb9e607/GSE216571_family.soft.gz		!Sample_title = PT19_pre_CD3	True
GSM6679341	geo:GSE216571:GSM6679341	donor_id	PT19	file	raw/fp-d91fddb9e607/GSE216571_family.soft.gz		!Sample_source_name_ch1 = PT19_pre, sort CD3, T & NK cell subset bmref	True
GSM6679341	geo:GSE216571:GSM6679341	donor_id	PT19	file	raw/fp-d91fddb9e607/GSE216571_family.soft.gz		Serial blood samples and BM aspirates were collected from patients treated with anti-BCMA TCE at variable time points, prior and post initiation of therapy and at relapse.	True
GSM6679341	geo:GSE216571:GSM6679341	tissue_free_text	bone marrow	file	raw/fp-d91fddb9e607/GSE216571_family.soft.gz		!Sample_characteristics_ch1 = tissue: human bone marrow mononuclear cells	True
GSM6679341	geo:GSE216571:GSM6679341	tissue_free_text	bone marrow	file	raw/fp-d91fddb9e607/GSE216571_family.soft.gz		Serial blood samples and BM aspirates were collected from patients treated with anti-BCMA TCE at variable time points, prior and post initiation of therapy and at relapse.	True
GSM6679341	geo:GSE216571:GSM6679341	tissue_type	tissue	file	raw/fp-d91fddb9e607/GSE216571_family.soft.gz		Serial blood samples and BM aspirates were collected from patients treated with anti-BCMA TCE at variable time points, prior and post initiation of therapy and at relapse.	True
GSM6679341	geo:GSE216571:GSM6679341	tissue_type	tissue	file	raw/fp-d91fddb9e607/GSE216571_family.soft.gz		!Series_overall_design = Bone marrow resident CD3 and CD45 cells were isolated by fluorescence-activated cell sorting (FACS) and analyzed using 10x Genomics 5' RNA/TCR sequencing.	True
GSM6679341	geo:GSE216571:GSM6679341	sample_collection_method	bone marrow aspirate	file	raw/fp-d91fddb9e607/GSE216571_family.soft.gz		Serial blood samples and BM aspirates were collected from patients treated with anti-BCMA TCE at variable time points, prior and post initiation of therapy and at relapse.	True
GSM6679341	geo:GSE216571:GSM6679341	disease_free_text	multiple myeloma	file	raw/fp-d91fddb9e607/GSE216571_family.soft.gz		!Sample_characteristics_ch1 = treatment: relapsed-refractory multiple myeloma	True
GSM6679341	geo:GSE216571:GSM6679341	disease_free_text	multiple myeloma	file	raw/fp-d91fddb9e607/GSE216571_family.soft.gz		Here, we identify conserved behaviors of bone marrow residing CD4+ and CD8+ T cells in multiple myeloma patients undergoing TCE therapy.	True
GSM6679341	geo:GSE216571:GSM6679341	disease_stage	relapsed-refractory	file	raw/fp-d91fddb9e607/GSE216571_family.soft.gz		!Sample_characteristics_ch1 = treatment: relapsed-refractory multiple myeloma	True
GSM6679341	geo:GSE216571:GSM6679341	assay	10x 5' v2	file	raw/fp-d91fddb9e607/GSE216571_family.soft.gz		single cell 5’ v2 protocol, 10x Genomics	True
GSM6679341	geo:GSE216571:GSM6679341	assay	10x 5' v2	file	raw/fp-d91fddb9e607/GSE216571_family.soft.gz		!Sample_extract_protocol_ch1 = 5' scRNA/TCR-seq	True
GSM6679341	geo:GSE216571:GSM6679341	assay	10x 5' v2	file	raw/fp-d91fddb9e607/GSE216571_family.soft.gz		!Series_overall_design = Bone marrow resident CD3 and CD45 cells were isolated by fluorescence-activated cell sorting (FACS) and analyzed using 10x Genomics 5' RNA/TCR sequencing.	True
GSM6679341	geo:GSE216571:GSM6679341	timepoint	pre	file	raw/fp-d91fddb9e607/GSE216571_family.soft.gz		!Sample_title = PT19_pre_CD3	True
GSM6679341	geo:GSE216571:GSM6679341	timepoint	pre	file	raw/fp-d91fddb9e607/GSE216571_family.soft.gz		!Sample_source_name_ch1 = PT19_pre, sort CD3, T & NK cell subset bmref	True
GSM6679341	geo:GSE216571:GSM6679341	timepoint	pre	file	raw/fp-d91fddb9e607/GSE216571_family.soft.gz		Serial blood samples and BM aspirates were collected from patients treated with anti-BCMA TCE at variable time points, prior and post initiation of therapy and at relapse.	True
GSM6679341	geo:GSE216571:GSM6679341	treatment	anti-BCMA TCE	file	raw/fp-d91fddb9e607/GSE216571_family.soft.gz		Serial blood samples and BM aspirates were collected from patients treated with anti-BCMA TCE at variable time points, prior and post initiation of therapy and at relapse.	True
GSM6679341	geo:GSE216571:GSM6679341	treatment	anti-BCMA TCE	file	work/paper_dl/pubmed_36898378.txt		we identify conserved behaviors of bone marrow-residing T cells in multiple myeloma patients undergoing BCMAxCD3 TCE therapy	True
GSM6679341	geo:GSE216571:GSM6679341	treatment_status	prior to initiation of therapy	file	raw/fp-d91fddb9e607/GSE216571_family.soft.gz		!Sample_title = PT19_pre_CD3	True
GSM6679341	geo:GSE216571:GSM6679341	treatment_status	prior to initiation of therapy	file	raw/fp-d91fddb9e607/GSE216571_family.soft.gz		Serial blood samples and BM aspirates were collected from patients treated with anti-BCMA TCE at variable time points, prior and post initiation of therapy and at relapse.	True
GSM6679342	geo:GSE216571:GSM6679342	cell_enrichment	CD3+	file	raw/fp-d91fddb9e607/GSE216571_family.soft.gz		!Sample_source_name_ch1 = PT2_early, sort CD3, T & NK cell subset bmref	True
GSM6679342	geo:GSE216571:GSM6679342	cell_enrichment	CD3+	file	raw/fp-d91fddb9e607/GSE216571_family.soft.gz		Bone marrow mononuclear fractions were isolated through Ficoll density gradients coupled with magnetic sorting of CD3+ or CD45+ T cells.	True
GSM6679342	geo:GSE216571:GSM6679342	suspension_type	cell	file	raw/fp-d91fddb9e607/GSE216571_family.soft.gz		!Sample_library_source = transcriptomic single cell	True
GSM6679342	geo:GSE216571:GSM6679342	suspension_type	cell	file	raw/fp-d91fddb9e607/GSE216571_family.soft.gz		single cell 5’ v2 protocol, 10x Genomics	True
GSM6679342	geo:GSE216571:GSM6679342	donor_id	PT2	file	raw/fp-d91fddb9e607/GSE216571_family.soft.gz		!Sample_title = PT2_early_CD3	True
GSM6679342	geo:GSE216571:GSM6679342	donor_id	PT2	file	raw/fp-d91fddb9e607/GSE216571_family.soft.gz		!Sample_source_name_ch1 = PT2_early, sort CD3, T & NK cell subset bmref	True
GSM6679342	geo:GSE216571:GSM6679342	donor_id	PT2	file	raw/fp-d91fddb9e607/GSE216571_family.soft.gz		Serial blood samples and BM aspirates were collected from patients treated with anti-BCMA TCE at variable time points, prior and post initiation of therapy and at relapse.	True
GSM6679342	geo:GSE216571:GSM6679342	tissue_free_text	bone marrow	file	raw/fp-d91fddb9e607/GSE216571_family.soft.gz		!Sample_characteristics_ch1 = tissue: human bone marrow mononuclear cells	True
GSM6679342	geo:GSE216571:GSM6679342	tissue_free_text	bone marrow	file	raw/fp-d91fddb9e607/GSE216571_family.soft.gz		Serial blood samples and BM aspirates were collected from patients treated with anti-BCMA TCE at variable time points, prior and post initiation of therapy and at relapse.	True
GSM6679342	geo:GSE216571:GSM6679342	tissue_type	tissue	file	raw/fp-d91fddb9e607/GSE216571_family.soft.gz		Serial blood samples and BM aspirates were collected from patients treated with anti-BCMA TCE at variable time points, prior and post initiation of therapy and at relapse.	True
GSM6679342	geo:GSE216571:GSM6679342	tissue_type	tissue	file	raw/fp-d91fddb9e607/GSE216571_family.soft.gz		!Series_overall_design = Bone marrow resident CD3 and CD45 cells were isolated by fluorescence-activated cell sorting (FACS) and analyzed using 10x Genomics 5' RNA/TCR sequencing.	True
GSM6679342	geo:GSE216571:GSM6679342	sample_collection_method	bone marrow aspirate	file	raw/fp-d91fddb9e607/GSE216571_family.soft.gz		Serial blood samples and BM aspirates were collected from patients treated with anti-BCMA TCE at variable time points, prior and post initiation of therapy and at relapse.	True
GSM6679342	geo:GSE216571:GSM6679342	disease_free_text	multiple myeloma	file	raw/fp-d91fddb9e607/GSE216571_family.soft.gz		!Sample_characteristics_ch1 = treatment: relapsed-refractory multiple myeloma	True
GSM6679342	geo:GSE216571:GSM6679342	disease_free_text	multiple myeloma	file	raw/fp-d91fddb9e607/GSE216571_family.soft.gz		Here, we identify conserved behaviors of bone marrow residing CD4+ and CD8+ T cells in multiple myeloma patients undergoing TCE therapy.	True
GSM6679342	geo:GSE216571:GSM6679342	disease_stage	relapsed-refractory	file	raw/fp-d91fddb9e607/GSE216571_family.soft.gz		!Sample_characteristics_ch1 = treatment: relapsed-refractory multiple myeloma	True
GSM6679342	geo:GSE216571:GSM6679342	assay	10x 5' v2	file	raw/fp-d91fddb9e607/GSE216571_family.soft.gz		single cell 5’ v2 protocol, 10x Genomics	True
GSM6679342	geo:GSE216571:GSM6679342	assay	10x 5' v2	file	raw/fp-d91fddb9e607/GSE216571_family.soft.gz		!Sample_extract_protocol_ch1 = 5' scRNA/TCR-seq	True
GSM6679342	geo:GSE216571:GSM6679342	assay	10x 5' v2	file	raw/fp-d91fddb9e607/GSE216571_family.soft.gz		!Series_overall_design = Bone marrow resident CD3 and CD45 cells were isolated by fluorescence-activated cell sorting (FACS) and analyzed using 10x Genomics 5' RNA/TCR sequencing.	True
GSM6679342	geo:GSE216571:GSM6679342	timepoint	early	file	raw/fp-d91fddb9e607/GSE216571_family.soft.gz		!Sample_title = PT2_early_CD3	True
GSM6679342	geo:GSE216571:GSM6679342	timepoint	early	file	raw/fp-d91fddb9e607/GSE216571_family.soft.gz		!Sample_source_name_ch1 = PT2_early, sort CD3, T & NK cell subset bmref	True
GSM6679342	geo:GSE216571:GSM6679342	timepoint	early	file	raw/fp-d91fddb9e607/GSE216571_family.soft.gz		Serial blood samples and BM aspirates were collected from patients treated with anti-BCMA TCE at variable time points, prior and post initiation of therapy and at relapse.	True
GSM6679342	geo:GSE216571:GSM6679342	treatment	anti-BCMA TCE	file	raw/fp-d91fddb9e607/GSE216571_family.soft.gz		Serial blood samples and BM aspirates were collected from patients treated with anti-BCMA TCE at variable time points, prior and post initiation of therapy and at relapse.	True
GSM6679342	geo:GSE216571:GSM6679342	treatment	anti-BCMA TCE	file	work/paper_dl/pubmed_36898378.txt		we identify conserved behaviors of bone marrow-residing T cells in multiple myeloma patients undergoing BCMAxCD3 TCE therapy	True
GSM6679342	geo:GSE216571:GSM6679342	treatment_status	post initiation of therapy	file	raw/fp-d91fddb9e607/GSE216571_family.soft.gz		!Sample_title = PT2_early_CD3	True
GSM6679342	geo:GSE216571:GSM6679342	treatment_status	post initiation of therapy	file	raw/fp-d91fddb9e607/GSE216571_family.soft.gz		Serial blood samples and BM aspirates were collected from patients treated with anti-BCMA TCE at variable time points, prior and post initiation of therapy and at relapse.	True
GSM6679343	geo:GSE216571:GSM6679343	cell_enrichment	CD3+	file	raw/fp-d91fddb9e607/GSE216571_family.soft.gz		!Sample_source_name_ch1 = PT2_late, sort CD3, T & NK cell subset bmref	True
GSM6679343	geo:GSE216571:GSM6679343	cell_enrichment	CD3+	file	raw/fp-d91fddb9e607/GSE216571_family.soft.gz		Bone marrow mononuclear fractions were isolated through Ficoll density gradients coupled with magnetic sorting of CD3+ or CD45+ T cells.	True
GSM6679343	geo:GSE216571:GSM6679343	suspension_type	cell	file	raw/fp-d91fddb9e607/GSE216571_family.soft.gz		!Sample_library_source = transcriptomic single cell	True
GSM6679343	geo:GSE216571:GSM6679343	suspension_type	cell	file	raw/fp-d91fddb9e607/GSE216571_family.soft.gz		single cell 5’ v2 protocol, 10x Genomics	True
GSM6679343	geo:GSE216571:GSM6679343	donor_id	PT2	file	raw/fp-d91fddb9e607/GSE216571_family.soft.gz		!Sample_title = PT2_late_CD3	True
GSM6679343	geo:GSE216571:GSM6679343	donor_id	PT2	file	raw/fp-d91fddb9e607/GSE216571_family.soft.gz		!Sample_source_name_ch1 = PT2_late, sort CD3, T & NK cell subset bmref	True
GSM6679343	geo:GSE216571:GSM6679343	donor_id	PT2	file	raw/fp-d91fddb9e607/GSE216571_family.soft.gz		Serial blood samples and BM aspirates were collected from patients treated with anti-BCMA TCE at variable time points, prior and post initiation of therapy and at relapse.	True
GSM6679343	geo:GSE216571:GSM6679343	tissue_free_text	bone marrow	file	raw/fp-d91fddb9e607/GSE216571_family.soft.gz		!Sample_characteristics_ch1 = tissue: human bone marrow mononuclear cells	True
GSM6679343	geo:GSE216571:GSM6679343	tissue_free_text	bone marrow	file	raw/fp-d91fddb9e607/GSE216571_family.soft.gz		Serial blood samples and BM aspirates were collected from patients treated with anti-BCMA TCE at variable time points, prior and post initiation of therapy and at relapse.	True
GSM6679343	geo:GSE216571:GSM6679343	tissue_type	tissue	file	raw/fp-d91fddb9e607/GSE216571_family.soft.gz		Serial blood samples and BM aspirates were collected from patients treated with anti-BCMA TCE at variable time points, prior and post initiation of therapy and at relapse.	True
GSM6679343	geo:GSE216571:GSM6679343	tissue_type	tissue	file	raw/fp-d91fddb9e607/GSE216571_family.soft.gz		!Series_overall_design = Bone marrow resident CD3 and CD45 cells were isolated by fluorescence-activated cell sorting (FACS) and analyzed using 10x Genomics 5' RNA/TCR sequencing.	True
GSM6679343	geo:GSE216571:GSM6679343	sample_collection_method	bone marrow aspirate	file	raw/fp-d91fddb9e607/GSE216571_family.soft.gz		Serial blood samples and BM aspirates were collected from patients treated with anti-BCMA TCE at variable time points, prior and post initiation of therapy and at relapse.	True
GSM6679343	geo:GSE216571:GSM6679343	disease_free_text	multiple myeloma	file	raw/fp-d91fddb9e607/GSE216571_family.soft.gz		!Sample_characteristics_ch1 = treatment: relapsed-refractory multiple myeloma	True
GSM6679343	geo:GSE216571:GSM6679343	disease_free_text	multiple myeloma	file	raw/fp-d91fddb9e607/GSE216571_family.soft.gz		Here, we identify conserved behaviors of bone marrow residing CD4+ and CD8+ T cells in multiple myeloma patients undergoing TCE therapy.	True
GSM6679343	geo:GSE216571:GSM6679343	disease_stage	relapsed-refractory	file	raw/fp-d91fddb9e607/GSE216571_family.soft.gz		!Sample_characteristics_ch1 = treatment: relapsed-refractory multiple myeloma	True
GSM6679343	geo:GSE216571:GSM6679343	assay	10x 5' v2	file	raw/fp-d91fddb9e607/GSE216571_family.soft.gz		single cell 5’ v2 protocol, 10x Genomics	True
GSM6679343	geo:GSE216571:GSM6679343	assay	10x 5' v2	file	raw/fp-d91fddb9e607/GSE216571_family.soft.gz		!Sample_extract_protocol_ch1 = 5' scRNA/TCR-seq	True
GSM6679343	geo:GSE216571:GSM6679343	assay	10x 5' v2	file	raw/fp-d91fddb9e607/GSE216571_family.soft.gz		!Series_overall_design = Bone marrow resident CD3 and CD45 cells were isolated by fluorescence-activated cell sorting (FACS) and analyzed using 10x Genomics 5' RNA/TCR sequencing.	True
GSM6679343	geo:GSE216571:GSM6679343	timepoint	late	file	raw/fp-d91fddb9e607/GSE216571_family.soft.gz		!Sample_title = PT2_late_CD3	True
GSM6679343	geo:GSE216571:GSM6679343	timepoint	late	file	raw/fp-d91fddb9e607/GSE216571_family.soft.gz		!Sample_source_name_ch1 = PT2_late, sort CD3, T & NK cell subset bmref	True
GSM6679343	geo:GSE216571:GSM6679343	timepoint	late	file	raw/fp-d91fddb9e607/GSE216571_family.soft.gz		Serial blood samples and BM aspirates were collected from patients treated with anti-BCMA TCE at variable time points, prior and post initiation of therapy and at relapse.	True
GSM6679343	geo:GSE216571:GSM6679343	treatment	anti-BCMA TCE	file	raw/fp-d91fddb9e607/GSE216571_family.soft.gz		Serial blood samples and BM aspirates were collected from patients treated with anti-BCMA TCE at variable time points, prior and post initiation of therapy and at relapse.	True
GSM6679343	geo:GSE216571:GSM6679343	treatment	anti-BCMA TCE	file	work/paper_dl/pubmed_36898378.txt		we identify conserved behaviors of bone marrow-residing T cells in multiple myeloma patients undergoing BCMAxCD3 TCE therapy	True
GSM6679343	geo:GSE216571:GSM6679343	treatment_status	post initiation of therapy	file	raw/fp-d91fddb9e607/GSE216571_family.soft.gz		!Sample_title = PT2_late_CD3	True
GSM6679343	geo:GSE216571:GSM6679343	treatment_status	post initiation of therapy	file	raw/fp-d91fddb9e607/GSE216571_family.soft.gz		Serial blood samples and BM aspirates were collected from patients treated with anti-BCMA TCE at variable time points, prior and post initiation of therapy and at relapse.	True
GSM6679344	geo:GSE216571:GSM6679344	cell_enrichment	CD3+	file	raw/fp-d91fddb9e607/GSE216571_family.soft.gz		!Sample_source_name_ch1 = PT2_pre, sort CD3, T & NK cell subset bmref	True
GSM6679344	geo:GSE216571:GSM6679344	cell_enrichment	CD3+	file	raw/fp-d91fddb9e607/GSE216571_family.soft.gz		Bone marrow mononuclear fractions were isolated through Ficoll density gradients coupled with magnetic sorting of CD3+ or CD45+ T cells.	True
GSM6679344	geo:GSE216571:GSM6679344	suspension_type	cell	file	raw/fp-d91fddb9e607/GSE216571_family.soft.gz		!Sample_library_source = transcriptomic single cell	True
GSM6679344	geo:GSE216571:GSM6679344	suspension_type	cell	file	raw/fp-d91fddb9e607/GSE216571_family.soft.gz		single cell 5’ v2 protocol, 10x Genomics	True
GSM6679344	geo:GSE216571:GSM6679344	donor_id	PT2	file	raw/fp-d91fddb9e607/GSE216571_family.soft.gz		!Sample_title = PT2_pre_CD3	True
GSM6679344	geo:GSE216571:GSM6679344	donor_id	PT2	file	raw/fp-d91fddb9e607/GSE216571_family.soft.gz		!Sample_source_name_ch1 = PT2_pre, sort CD3, T & NK cell subset bmref	True
GSM6679344	geo:GSE216571:GSM6679344	donor_id	PT2	file	raw/fp-d91fddb9e607/GSE216571_family.soft.gz		Serial blood samples and BM aspirates were collected from patients treated with anti-BCMA TCE at variable time points, prior and post initiation of therapy and at relapse.	True
GSM6679344	geo:GSE216571:GSM6679344	tissue_free_text	bone marrow	file	raw/fp-d91fddb9e607/GSE216571_family.soft.gz		!Sample_characteristics_ch1 = tissue: human bone marrow mononuclear cells	True
GSM6679344	geo:GSE216571:GSM6679344	tissue_free_text	bone marrow	file	raw/fp-d91fddb9e607/GSE216571_family.soft.gz		Serial blood samples and BM aspirates were collected from patients treated with anti-BCMA TCE at variable time points, prior and post initiation of therapy and at relapse.	True
GSM6679344	geo:GSE216571:GSM6679344	tissue_type	tissue	file	raw/fp-d91fddb9e607/GSE216571_family.soft.gz		Serial blood samples and BM aspirates were collected from patients treated with anti-BCMA TCE at variable time points, prior and post initiation of therapy and at relapse.	True
GSM6679344	geo:GSE216571:GSM6679344	tissue_type	tissue	file	raw/fp-d91fddb9e607/GSE216571_family.soft.gz		!Series_overall_design = Bone marrow resident CD3 and CD45 cells were isolated by fluorescence-activated cell sorting (FACS) and analyzed using 10x Genomics 5' RNA/TCR sequencing.	True
GSM6679344	geo:GSE216571:GSM6679344	sample_collection_method	bone marrow aspirate	file	raw/fp-d91fddb9e607/GSE216571_family.soft.gz		Serial blood samples and BM aspirates were collected from patients treated with anti-BCMA TCE at variable time points, prior and post initiation of therapy and at relapse.	True
GSM6679344	geo:GSE216571:GSM6679344	disease_free_text	multiple myeloma	file	raw/fp-d91fddb9e607/GSE216571_family.soft.gz		!Sample_characteristics_ch1 = treatment: relapsed-refractory multiple myeloma	True
GSM6679344	geo:GSE216571:GSM6679344	disease_free_text	multiple myeloma	file	raw/fp-d91fddb9e607/GSE216571_family.soft.gz		Here, we identify conserved behaviors of bone marrow residing CD4+ and CD8+ T cells in multiple myeloma patients undergoing TCE therapy.	True
GSM6679344	geo:GSE216571:GSM6679344	disease_stage	relapsed-refractory	file	raw/fp-d91fddb9e607/GSE216571_family.soft.gz		!Sample_characteristics_ch1 = treatment: relapsed-refractory multiple myeloma	True
GSM6679344	geo:GSE216571:GSM6679344	assay	10x 5' v2	file	raw/fp-d91fddb9e607/GSE216571_family.soft.gz		single cell 5’ v2 protocol, 10x Genomics	True
GSM6679344	geo:GSE216571:GSM6679344	assay	10x 5' v2	file	raw/fp-d91fddb9e607/GSE216571_family.soft.gz		!Sample_extract_protocol_ch1 = 5' scRNA/TCR-seq	True
GSM6679344	geo:GSE216571:GSM6679344	assay	10x 5' v2	file	raw/fp-d91fddb9e607/GSE216571_family.soft.gz		!Series_overall_design = Bone marrow resident CD3 and CD45 cells were isolated by fluorescence-activated cell sorting (FACS) and analyzed using 10x Genomics 5' RNA/TCR sequencing.	True
GSM6679344	geo:GSE216571:GSM6679344	timepoint	pre	file	raw/fp-d91fddb9e607/GSE216571_family.soft.gz		!Sample_title = PT2_pre_CD3	True
GSM6679344	geo:GSE216571:GSM6679344	timepoint	pre	file	raw/fp-d91fddb9e607/GSE216571_family.soft.gz		!Sample_source_name_ch1 = PT2_pre, sort CD3, T & NK cell subset bmref	True
GSM6679344	geo:GSE216571:GSM6679344	timepoint	pre	file	raw/fp-d91fddb9e607/GSE216571_family.soft.gz		Serial blood samples and BM aspirates were collected from patients treated with anti-BCMA TCE at variable time points, prior and post initiation of therapy and at relapse.	True
GSM6679344	geo:GSE216571:GSM6679344	treatment	anti-BCMA TCE	file	raw/fp-d91fddb9e607/GSE216571_family.soft.gz		Serial blood samples and BM aspirates were collected from patients treated with anti-BCMA TCE at variable time points, prior and post initiation of therapy and at relapse.	True
GSM6679344	geo:GSE216571:GSM6679344	treatment	anti-BCMA TCE	file	work/paper_dl/pubmed_36898378.txt		we identify conserved behaviors of bone marrow-residing T cells in multiple myeloma patients undergoing BCMAxCD3 TCE therapy	True
GSM6679344	geo:GSE216571:GSM6679344	treatment_status	prior to initiation of therapy	file	raw/fp-d91fddb9e607/GSE216571_family.soft.gz		!Sample_title = PT2_pre_CD3	True
GSM6679344	geo:GSE216571:GSM6679344	treatment_status	prior to initiation of therapy	file	raw/fp-d91fddb9e607/GSE216571_family.soft.gz		Serial blood samples and BM aspirates were collected from patients treated with anti-BCMA TCE at variable time points, prior and post initiation of therapy and at relapse.	True
GSM6679345	geo:GSE216571:GSM6679345	cell_enrichment	CD3+	file	raw/fp-d91fddb9e607/GSE216571_family.soft.gz		!Sample_source_name_ch1 = PT3_early, sort CD3, T & NK cell subset bmref	True
GSM6679345	geo:GSE216571:GSM6679345	cell_enrichment	CD3+	file	raw/fp-d91fddb9e607/GSE216571_family.soft.gz		Bone marrow mononuclear fractions were isolated through Ficoll density gradients coupled with magnetic sorting of CD3+ or CD45+ T cells.	True
GSM6679345	geo:GSE216571:GSM6679345	suspension_type	cell	file	raw/fp-d91fddb9e607/GSE216571_family.soft.gz		!Sample_library_source = transcriptomic single cell	True
GSM6679345	geo:GSE216571:GSM6679345	suspension_type	cell	file	raw/fp-d91fddb9e607/GSE216571_family.soft.gz		single cell 5’ v2 protocol, 10x Genomics	True
GSM6679345	geo:GSE216571:GSM6679345	donor_id	PT3	file	raw/fp-d91fddb9e607/GSE216571_family.soft.gz		!Sample_title = PT3_early_CD3	True
GSM6679345	geo:GSE216571:GSM6679345	donor_id	PT3	file	raw/fp-d91fddb9e607/GSE216571_family.soft.gz		!Sample_source_name_ch1 = PT3_early, sort CD3, T & NK cell subset bmref	True
GSM6679345	geo:GSE216571:GSM6679345	donor_id	PT3	file	raw/fp-d91fddb9e607/GSE216571_family.soft.gz		Serial blood samples and BM aspirates were collected from patients treated with anti-BCMA TCE at variable time points, prior and post initiation of therapy and at relapse.	True
GSM6679345	geo:GSE216571:GSM6679345	tissue_free_text	bone marrow	file	raw/fp-d91fddb9e607/GSE216571_family.soft.gz		!Sample_characteristics_ch1 = tissue: human bone marrow mononuclear cells	True
GSM6679345	geo:GSE216571:GSM6679345	tissue_free_text	bone marrow	file	raw/fp-d91fddb9e607/GSE216571_family.soft.gz		Serial blood samples and BM aspirates were collected from patients treated with anti-BCMA TCE at variable time points, prior and post initiation of therapy and at relapse.	True
GSM6679345	geo:GSE216571:GSM6679345	tissue_type	tissue	file	raw/fp-d91fddb9e607/GSE216571_family.soft.gz		Serial blood samples and BM aspirates were collected from patients treated with anti-BCMA TCE at variable time points, prior and post initiation of therapy and at relapse.	True
GSM6679345	geo:GSE216571:GSM6679345	tissue_type	tissue	file	raw/fp-d91fddb9e607/GSE216571_family.soft.gz		!Series_overall_design = Bone marrow resident CD3 and CD45 cells were isolated by fluorescence-activated cell sorting (FACS) and analyzed using 10x Genomics 5' RNA/TCR sequencing.	True
GSM6679345	geo:GSE216571:GSM6679345	sample_collection_method	bone marrow aspirate	file	raw/fp-d91fddb9e607/GSE216571_family.soft.gz		Serial blood samples and BM aspirates were collected from patients treated with anti-BCMA TCE at variable time points, prior and post initiation of therapy and at relapse.	True
GSM6679345	geo:GSE216571:GSM6679345	disease_free_text	multiple myeloma	file	raw/fp-d91fddb9e607/GSE216571_family.soft.gz		!Sample_characteristics_ch1 = treatment: relapsed-refractory multiple myeloma	True
GSM6679345	geo:GSE216571:GSM6679345	disease_free_text	multiple myeloma	file	raw/fp-d91fddb9e607/GSE216571_family.soft.gz		Here, we identify conserved behaviors of bone marrow residing CD4+ and CD8+ T cells in multiple myeloma patients undergoing TCE therapy.	True
GSM6679345	geo:GSE216571:GSM6679345	disease_stage	relapsed-refractory	file	raw/fp-d91fddb9e607/GSE216571_family.soft.gz		!Sample_characteristics_ch1 = treatment: relapsed-refractory multiple myeloma	True
GSM6679345	geo:GSE216571:GSM6679345	assay	10x 5' v2	file	raw/fp-d91fddb9e607/GSE216571_family.soft.gz		single cell 5’ v2 protocol, 10x Genomics	True
GSM6679345	geo:GSE216571:GSM6679345	assay	10x 5' v2	file	raw/fp-d91fddb9e607/GSE216571_family.soft.gz		!Sample_extract_protocol_ch1 = 5' scRNA/TCR-seq	True
GSM6679345	geo:GSE216571:GSM6679345	assay	10x 5' v2	file	raw/fp-d91fddb9e607/GSE216571_family.soft.gz		!Series_overall_design = Bone marrow resident CD3 and CD45 cells were isolated by fluorescence-activated cell sorting (FACS) and analyzed using 10x Genomics 5' RNA/TCR sequencing.	True
GSM6679345	geo:GSE216571:GSM6679345	timepoint	early	file	raw/fp-d91fddb9e607/GSE216571_family.soft.gz		!Sample_title = PT3_early_CD3	True
GSM6679345	geo:GSE216571:GSM6679345	timepoint	early	file	raw/fp-d91fddb9e607/GSE216571_family.soft.gz		!Sample_source_name_ch1 = PT3_early, sort CD3, T & NK cell subset bmref	True
GSM6679345	geo:GSE216571:GSM6679345	timepoint	early	file	raw/fp-d91fddb9e607/GSE216571_family.soft.gz		Serial blood samples and BM aspirates were collected from patients treated with anti-BCMA TCE at variable time points, prior and post initiation of therapy and at relapse.	True
GSM6679345	geo:GSE216571:GSM6679345	treatment	anti-BCMA TCE	file	raw/fp-d91fddb9e607/GSE216571_family.soft.gz		Serial blood samples and BM aspirates were collected from patients treated with anti-BCMA TCE at variable time points, prior and post initiation of therapy and at relapse.	True
GSM6679345	geo:GSE216571:GSM6679345	treatment	anti-BCMA TCE	file	work/paper_dl/pubmed_36898378.txt		we identify conserved behaviors of bone marrow-residing T cells in multiple myeloma patients undergoing BCMAxCD3 TCE therapy	True
GSM6679345	geo:GSE216571:GSM6679345	treatment_status	post initiation of therapy	file	raw/fp-d91fddb9e607/GSE216571_family.soft.gz		!Sample_title = PT3_early_CD3	True
GSM6679345	geo:GSE216571:GSM6679345	treatment_status	post initiation of therapy	file	raw/fp-d91fddb9e607/GSE216571_family.soft.gz		Serial blood samples and BM aspirates were collected from patients treated with anti-BCMA TCE at variable time points, prior and post initiation of therapy and at relapse.	True
GSM6679346	geo:GSE216571:GSM6679346	cell_enrichment	CD3+	file	raw/fp-d91fddb9e607/GSE216571_family.soft.gz		!Sample_source_name_ch1 = PT3_late, sort CD3, T & NK cell subset bmref	True
GSM6679346	geo:GSE216571:GSM6679346	cell_enrichment	CD3+	file	raw/fp-d91fddb9e607/GSE216571_family.soft.gz		Bone marrow mononuclear fractions were isolated through Ficoll density gradients coupled with magnetic sorting of CD3+ or CD45+ T cells.	True
GSM6679346	geo:GSE216571:GSM6679346	suspension_type	cell	file	raw/fp-d91fddb9e607/GSE216571_family.soft.gz		!Sample_library_source = transcriptomic single cell	True
GSM6679346	geo:GSE216571:GSM6679346	suspension_type	cell	file	raw/fp-d91fddb9e607/GSE216571_family.soft.gz		single cell 5’ v2 protocol, 10x Genomics	True
GSM6679346	geo:GSE216571:GSM6679346	donor_id	PT3	file	raw/fp-d91fddb9e607/GSE216571_family.soft.gz		!Sample_title = PT3_late_CD3	True
GSM6679346	geo:GSE216571:GSM6679346	donor_id	PT3	file	raw/fp-d91fddb9e607/GSE216571_family.soft.gz		!Sample_source_name_ch1 = PT3_late, sort CD3, T & NK cell subset bmref	True
GSM6679346	geo:GSE216571:GSM6679346	donor_id	PT3	file	raw/fp-d91fddb9e607/GSE216571_family.soft.gz		Serial blood samples and BM aspirates were collected from patients treated with anti-BCMA TCE at variable time points, prior and post initiation of therapy and at relapse.	True
GSM6679346	geo:GSE216571:GSM6679346	tissue_free_text	bone marrow	file	raw/fp-d91fddb9e607/GSE216571_family.soft.gz		!Sample_characteristics_ch1 = tissue: human bone marrow mononuclear cells	True
GSM6679346	geo:GSE216571:GSM6679346	tissue_free_text	bone marrow	file	raw/fp-d91fddb9e607/GSE216571_family.soft.gz		Serial blood samples and BM aspirates were collected from patients treated with anti-BCMA TCE at variable time points, prior and post initiation of therapy and at relapse.	True
GSM6679346	geo:GSE216571:GSM6679346	tissue_type	tissue	file	raw/fp-d91fddb9e607/GSE216571_family.soft.gz		Serial blood samples and BM aspirates were collected from patients treated with anti-BCMA TCE at variable time points, prior and post initiation of therapy and at relapse.	True
GSM6679346	geo:GSE216571:GSM6679346	tissue_type	tissue	file	raw/fp-d91fddb9e607/GSE216571_family.soft.gz		!Series_overall_design = Bone marrow resident CD3 and CD45 cells were isolated by fluorescence-activated cell sorting (FACS) and analyzed using 10x Genomics 5' RNA/TCR sequencing.	True
GSM6679346	geo:GSE216571:GSM6679346	sample_collection_method	bone marrow aspirate	file	raw/fp-d91fddb9e607/GSE216571_family.soft.gz		Serial blood samples and BM aspirates were collected from patients treated with anti-BCMA TCE at variable time points, prior and post initiation of therapy and at relapse.	True
GSM6679346	geo:GSE216571:GSM6679346	disease_free_text	multiple myeloma	file	raw/fp-d91fddb9e607/GSE216571_family.soft.gz		!Sample_characteristics_ch1 = treatment: relapsed-refractory multiple myeloma	True
GSM6679346	geo:GSE216571:GSM6679346	disease_free_text	multiple myeloma	file	raw/fp-d91fddb9e607/GSE216571_family.soft.gz		Here, we identify conserved behaviors of bone marrow residing CD4+ and CD8+ T cells in multiple myeloma patients undergoing TCE therapy.	True
GSM6679346	geo:GSE216571:GSM6679346	disease_stage	relapsed-refractory	file	raw/fp-d91fddb9e607/GSE216571_family.soft.gz		!Sample_characteristics_ch1 = treatment: relapsed-refractory multiple myeloma	True
GSM6679346	geo:GSE216571:GSM6679346	assay	10x 5' v2	file	raw/fp-d91fddb9e607/GSE216571_family.soft.gz		single cell 5’ v2 protocol, 10x Genomics	True
GSM6679346	geo:GSE216571:GSM6679346	assay	10x 5' v2	file	raw/fp-d91fddb9e607/GSE216571_family.soft.gz		!Sample_extract_protocol_ch1 = 5' scRNA/TCR-seq	True
GSM6679346	geo:GSE216571:GSM6679346	assay	10x 5' v2	file	raw/fp-d91fddb9e607/GSE216571_family.soft.gz		!Series_overall_design = Bone marrow resident CD3 and CD45 cells were isolated by fluorescence-activated cell sorting (FACS) and analyzed using 10x Genomics 5' RNA/TCR sequencing.	True
GSM6679346	geo:GSE216571:GSM6679346	timepoint	late	file	raw/fp-d91fddb9e607/GSE216571_family.soft.gz		!Sample_title = PT3_late_CD3	True
GSM6679346	geo:GSE216571:GSM6679346	timepoint	late	file	raw/fp-d91fddb9e607/GSE216571_family.soft.gz		!Sample_source_name_ch1 = PT3_late, sort CD3, T & NK cell subset bmref	True
GSM6679346	geo:GSE216571:GSM6679346	timepoint	late	file	raw/fp-d91fddb9e607/GSE216571_family.soft.gz		Serial blood samples and BM aspirates were collected from patients treated with anti-BCMA TCE at variable time points, prior and post initiation of therapy and at relapse.	True
GSM6679346	geo:GSE216571:GSM6679346	treatment	anti-BCMA TCE	file	raw/fp-d91fddb9e607/GSE216571_family.soft.gz		Serial blood samples and BM aspirates were collected from patients treated with anti-BCMA TCE at variable time points, prior and post initiation of therapy and at relapse.	True
GSM6679346	geo:GSE216571:GSM6679346	treatment	anti-BCMA TCE	file	work/paper_dl/pubmed_36898378.txt		we identify conserved behaviors of bone marrow-residing T cells in multiple myeloma patients undergoing BCMAxCD3 TCE therapy	True
GSM6679346	geo:GSE216571:GSM6679346	treatment_status	post initiation of therapy	file	raw/fp-d91fddb9e607/GSE216571_family.soft.gz		!Sample_title = PT3_late_CD3	True
GSM6679346	geo:GSE216571:GSM6679346	treatment_status	post initiation of therapy	file	raw/fp-d91fddb9e607/GSE216571_family.soft.gz		Serial blood samples and BM aspirates were collected from patients treated with anti-BCMA TCE at variable time points, prior and post initiation of therapy and at relapse.	True
GSM6679347	geo:GSE216571:GSM6679347	cell_enrichment	CD3+	file	raw/fp-d91fddb9e607/GSE216571_family.soft.gz		!Sample_source_name_ch1 = PT3_pre, sort CD3, T & NK cell subset bmref	True
GSM6679347	geo:GSE216571:GSM6679347	cell_enrichment	CD3+	file	raw/fp-d91fddb9e607/GSE216571_family.soft.gz		Bone marrow mononuclear fractions were isolated through Ficoll density gradients coupled with magnetic sorting of CD3+ or CD45+ T cells.	True
GSM6679347	geo:GSE216571:GSM6679347	suspension_type	cell	file	raw/fp-d91fddb9e607/GSE216571_family.soft.gz		!Sample_library_source = transcriptomic single cell	True
GSM6679347	geo:GSE216571:GSM6679347	suspension_type	cell	file	raw/fp-d91fddb9e607/GSE216571_family.soft.gz		single cell 5’ v2 protocol, 10x Genomics	True
GSM6679347	geo:GSE216571:GSM6679347	donor_id	PT3	file	raw/fp-d91fddb9e607/GSE216571_family.soft.gz		!Sample_title = PT3_pre_CD3	True
GSM6679347	geo:GSE216571:GSM6679347	donor_id	PT3	file	raw/fp-d91fddb9e607/GSE216571_family.soft.gz		!Sample_source_name_ch1 = PT3_pre, sort CD3, T & NK cell subset bmref	True
GSM6679347	geo:GSE216571:GSM6679347	donor_id	PT3	file	raw/fp-d91fddb9e607/GSE216571_family.soft.gz		Serial blood samples and BM aspirates were collected from patients treated with anti-BCMA TCE at variable time points, prior and post initiation of therapy and at relapse.	True
GSM6679347	geo:GSE216571:GSM6679347	tissue_free_text	bone marrow	file	raw/fp-d91fddb9e607/GSE216571_family.soft.gz		!Sample_characteristics_ch1 = tissue: human bone marrow mononuclear cells	True
GSM6679347	geo:GSE216571:GSM6679347	tissue_free_text	bone marrow	file	raw/fp-d91fddb9e607/GSE216571_family.soft.gz		Serial blood samples and BM aspirates were collected from patients treated with anti-BCMA TCE at variable time points, prior and post initiation of therapy and at relapse.	True
GSM6679347	geo:GSE216571:GSM6679347	tissue_type	tissue	file	raw/fp-d91fddb9e607/GSE216571_family.soft.gz		Serial blood samples and BM aspirates were collected from patients treated with anti-BCMA TCE at variable time points, prior and post initiation of therapy and at relapse.	True
GSM6679347	geo:GSE216571:GSM6679347	tissue_type	tissue	file	raw/fp-d91fddb9e607/GSE216571_family.soft.gz		!Series_overall_design = Bone marrow resident CD3 and CD45 cells were isolated by fluorescence-activated cell sorting (FACS) and analyzed using 10x Genomics 5' RNA/TCR sequencing.	True
GSM6679347	geo:GSE216571:GSM6679347	sample_collection_method	bone marrow aspirate	file	raw/fp-d91fddb9e607/GSE216571_family.soft.gz		Serial blood samples and BM aspirates were collected from patients treated with anti-BCMA TCE at variable time points, prior and post initiation of therapy and at relapse.	True
GSM6679347	geo:GSE216571:GSM6679347	disease_free_text	multiple myeloma	file	raw/fp-d91fddb9e607/GSE216571_family.soft.gz		!Sample_characteristics_ch1 = treatment: relapsed-refractory multiple myeloma	True
GSM6679347	geo:GSE216571:GSM6679347	disease_free_text	multiple myeloma	file	raw/fp-d91fddb9e607/GSE216571_family.soft.gz		Here, we identify conserved behaviors of bone marrow residing CD4+ and CD8+ T cells in multiple myeloma patients undergoing TCE therapy.	True
GSM6679347	geo:GSE216571:GSM6679347	disease_stage	relapsed-refractory	file	raw/fp-d91fddb9e607/GSE216571_family.soft.gz		!Sample_characteristics_ch1 = treatment: relapsed-refractory multiple myeloma	True
GSM6679347	geo:GSE216571:GSM6679347	assay	10x 5' v2	file	raw/fp-d91fddb9e607/GSE216571_family.soft.gz		single cell 5’ v2 protocol, 10x Genomics	True
GSM6679347	geo:GSE216571:GSM6679347	assay	10x 5' v2	file	raw/fp-d91fddb9e607/GSE216571_family.soft.gz		!Sample_extract_protocol_ch1 = 5' scRNA/TCR-seq	True
GSM6679347	geo:GSE216571:GSM6679347	assay	10x 5' v2	file	raw/fp-d91fddb9e607/GSE216571_family.soft.gz		!Series_overall_design = Bone marrow resident CD3 and CD45 cells were isolated by fluorescence-activated cell sorting (FACS) and analyzed using 10x Genomics 5' RNA/TCR sequencing.	True
GSM6679347	geo:GSE216571:GSM6679347	timepoint	pre	file	raw/fp-d91fddb9e607/GSE216571_family.soft.gz		!Sample_title = PT3_pre_CD3	True
GSM6679347	geo:GSE216571:GSM6679347	timepoint	pre	file	raw/fp-d91fddb9e607/GSE216571_family.soft.gz		!Sample_source_name_ch1 = PT3_pre, sort CD3, T & NK cell subset bmref	True
GSM6679347	geo:GSE216571:GSM6679347	timepoint	pre	file	raw/fp-d91fddb9e607/GSE216571_family.soft.gz		Serial blood samples and BM aspirates were collected from patients treated with anti-BCMA TCE at variable time points, prior and post initiation of therapy and at relapse.	True
GSM6679347	geo:GSE216571:GSM6679347	treatment	anti-BCMA TCE	file	raw/fp-d91fddb9e607/GSE216571_family.soft.gz		Serial blood samples and BM aspirates were collected from patients treated with anti-BCMA TCE at variable time points, prior and post initiation of therapy and at relapse.	True
GSM6679347	geo:GSE216571:GSM6679347	treatment	anti-BCMA TCE	file	work/paper_dl/pubmed_36898378.txt		we identify conserved behaviors of bone marrow-residing T cells in multiple myeloma patients undergoing BCMAxCD3 TCE therapy	True
GSM6679347	geo:GSE216571:GSM6679347	treatment_status	prior to initiation of therapy	file	raw/fp-d91fddb9e607/GSE216571_family.soft.gz		!Sample_title = PT3_pre_CD3	True
GSM6679347	geo:GSE216571:GSM6679347	treatment_status	prior to initiation of therapy	file	raw/fp-d91fddb9e607/GSE216571_family.soft.gz		Serial blood samples and BM aspirates were collected from patients treated with anti-BCMA TCE at variable time points, prior and post initiation of therapy and at relapse.	True
GSM6679348	geo:GSE216571:GSM6679348	cell_enrichment	CD3+	file	raw/fp-d91fddb9e607/GSE216571_family.soft.gz		!Sample_source_name_ch1 = PT4_late, sort CD3, T & NK cell subset bmref	True
GSM6679348	geo:GSE216571:GSM6679348	cell_enrichment	CD3+	file	raw/fp-d91fddb9e607/GSE216571_family.soft.gz		Bone marrow mononuclear fractions were isolated through Ficoll density gradients coupled with magnetic sorting of CD3+ or CD45+ T cells.	True
GSM6679348	geo:GSE216571:GSM6679348	suspension_type	cell	file	raw/fp-d91fddb9e607/GSE216571_family.soft.gz		!Sample_library_source = transcriptomic single cell	True
GSM6679348	geo:GSE216571:GSM6679348	suspension_type	cell	file	raw/fp-d91fddb9e607/GSE216571_family.soft.gz		single cell 5’ v2 protocol, 10x Genomics	True
GSM6679348	geo:GSE216571:GSM6679348	donor_id	PT4	file	raw/fp-d91fddb9e607/GSE216571_family.soft.gz		!Sample_title = PT4_late_CD3	True
GSM6679348	geo:GSE216571:GSM6679348	donor_id	PT4	file	raw/fp-d91fddb9e607/GSE216571_family.soft.gz		!Sample_source_name_ch1 = PT4_late, sort CD3, T & NK cell subset bmref	True
GSM6679348	geo:GSE216571:GSM6679348	donor_id	PT4	file	raw/fp-d91fddb9e607/GSE216571_family.soft.gz		Serial blood samples and BM aspirates were collected from patients treated with anti-BCMA TCE at variable time points, prior and post initiation of therapy and at relapse.	True
GSM6679348	geo:GSE216571:GSM6679348	tissue_free_text	bone marrow	file	raw/fp-d91fddb9e607/GSE216571_family.soft.gz		!Sample_characteristics_ch1 = tissue: human bone marrow mononuclear cells	True
GSM6679348	geo:GSE216571:GSM6679348	tissue_free_text	bone marrow	file	raw/fp-d91fddb9e607/GSE216571_family.soft.gz		Serial blood samples and BM aspirates were collected from patients treated with anti-BCMA TCE at variable time points, prior and post initiation of therapy and at relapse.	True
GSM6679348	geo:GSE216571:GSM6679348	tissue_type	tissue	file	raw/fp-d91fddb9e607/GSE216571_family.soft.gz		Serial blood samples and BM aspirates were collected from patients treated with anti-BCMA TCE at variable time points, prior and post initiation of therapy and at relapse.	True
GSM6679348	geo:GSE216571:GSM6679348	tissue_type	tissue	file	raw/fp-d91fddb9e607/GSE216571_family.soft.gz		!Series_overall_design = Bone marrow resident CD3 and CD45 cells were isolated by fluorescence-activated cell sorting (FACS) and analyzed using 10x Genomics 5' RNA/TCR sequencing.	True
GSM6679348	geo:GSE216571:GSM6679348	sample_collection_method	bone marrow aspirate	file	raw/fp-d91fddb9e607/GSE216571_family.soft.gz		Serial blood samples and BM aspirates were collected from patients treated with anti-BCMA TCE at variable time points, prior and post initiation of therapy and at relapse.	True
GSM6679348	geo:GSE216571:GSM6679348	disease_free_text	multiple myeloma	file	raw/fp-d91fddb9e607/GSE216571_family.soft.gz		!Sample_characteristics_ch1 = treatment: relapsed-refractory multiple myeloma	True
GSM6679348	geo:GSE216571:GSM6679348	disease_free_text	multiple myeloma	file	raw/fp-d91fddb9e607/GSE216571_family.soft.gz		Here, we identify conserved behaviors of bone marrow residing CD4+ and CD8+ T cells in multiple myeloma patients undergoing TCE therapy.	True
GSM6679348	geo:GSE216571:GSM6679348	disease_stage	relapsed-refractory	file	raw/fp-d91fddb9e607/GSE216571_family.soft.gz		!Sample_characteristics_ch1 = treatment: relapsed-refractory multiple myeloma	True
GSM6679348	geo:GSE216571:GSM6679348	assay	10x 5' v2	file	raw/fp-d91fddb9e607/GSE216571_family.soft.gz		single cell 5’ v2 protocol, 10x Genomics	True
GSM6679348	geo:GSE216571:GSM6679348	assay	10x 5' v2	file	raw/fp-d91fddb9e607/GSE216571_family.soft.gz		!Sample_extract_protocol_ch1 = 5' scRNA/TCR-seq	True
GSM6679348	geo:GSE216571:GSM6679348	assay	10x 5' v2	file	raw/fp-d91fddb9e607/GSE216571_family.soft.gz		!Series_overall_design = Bone marrow resident CD3 and CD45 cells were isolated by fluorescence-activated cell sorting (FACS) and analyzed using 10x Genomics 5' RNA/TCR sequencing.	True
GSM6679348	geo:GSE216571:GSM6679348	timepoint	late	file	raw/fp-d91fddb9e607/GSE216571_family.soft.gz		!Sample_title = PT4_late_CD3	True
GSM6679348	geo:GSE216571:GSM6679348	timepoint	late	file	raw/fp-d91fddb9e607/GSE216571_family.soft.gz		!Sample_source_name_ch1 = PT4_late, sort CD3, T & NK cell subset bmref	True
GSM6679348	geo:GSE216571:GSM6679348	timepoint	late	file	raw/fp-d91fddb9e607/GSE216571_family.soft.gz		Serial blood samples and BM aspirates were collected from patients treated with anti-BCMA TCE at variable time points, prior and post initiation of therapy and at relapse.	True
GSM6679348	geo:GSE216571:GSM6679348	treatment	anti-BCMA TCE	file	raw/fp-d91fddb9e607/GSE216571_family.soft.gz		Serial blood samples and BM aspirates were collected from patients treated with anti-BCMA TCE at variable time points, prior and post initiation of therapy and at relapse.	True
GSM6679348	geo:GSE216571:GSM6679348	treatment	anti-BCMA TCE	file	work/paper_dl/pubmed_36898378.txt		we identify conserved behaviors of bone marrow-residing T cells in multiple myeloma patients undergoing BCMAxCD3 TCE therapy	True
GSM6679348	geo:GSE216571:GSM6679348	treatment_status	post initiation of therapy	file	raw/fp-d91fddb9e607/GSE216571_family.soft.gz		!Sample_title = PT4_late_CD3	True
GSM6679348	geo:GSE216571:GSM6679348	treatment_status	post initiation of therapy	file	raw/fp-d91fddb9e607/GSE216571_family.soft.gz		Serial blood samples and BM aspirates were collected from patients treated with anti-BCMA TCE at variable time points, prior and post initiation of therapy and at relapse.	True
GSM6679349	geo:GSE216571:GSM6679349	cell_enrichment	CD3+	file	raw/fp-d91fddb9e607/GSE216571_family.soft.gz		!Sample_source_name_ch1 = PT4_pre, sort CD3, T & NK cell subset bmref	True
GSM6679349	geo:GSE216571:GSM6679349	cell_enrichment	CD3+	file	raw/fp-d91fddb9e607/GSE216571_family.soft.gz		Bone marrow mononuclear fractions were isolated through Ficoll density gradients coupled with magnetic sorting of CD3+ or CD45+ T cells.	True
GSM6679349	geo:GSE216571:GSM6679349	suspension_type	cell	file	raw/fp-d91fddb9e607/GSE216571_family.soft.gz		!Sample_library_source = transcriptomic single cell	True
GSM6679349	geo:GSE216571:GSM6679349	suspension_type	cell	file	raw/fp-d91fddb9e607/GSE216571_family.soft.gz		single cell 5’ v2 protocol, 10x Genomics	True
GSM6679349	geo:GSE216571:GSM6679349	donor_id	PT4	file	raw/fp-d91fddb9e607/GSE216571_family.soft.gz		!Sample_title = PT4_pre_CD3	True
GSM6679349	geo:GSE216571:GSM6679349	donor_id	PT4	file	raw/fp-d91fddb9e607/GSE216571_family.soft.gz		!Sample_source_name_ch1 = PT4_pre, sort CD3, T & NK cell subset bmref	True
GSM6679349	geo:GSE216571:GSM6679349	donor_id	PT4	file	raw/fp-d91fddb9e607/GSE216571_family.soft.gz		Serial blood samples and BM aspirates were collected from patients treated with anti-BCMA TCE at variable time points, prior and post initiation of therapy and at relapse.	True
GSM6679349	geo:GSE216571:GSM6679349	tissue_free_text	bone marrow	file	raw/fp-d91fddb9e607/GSE216571_family.soft.gz		!Sample_characteristics_ch1 = tissue: human bone marrow mononuclear cells	True
GSM6679349	geo:GSE216571:GSM6679349	tissue_free_text	bone marrow	file	raw/fp-d91fddb9e607/GSE216571_family.soft.gz		Serial blood samples and BM aspirates were collected from patients treated with anti-BCMA TCE at variable time points, prior and post initiation of therapy and at relapse.	True
GSM6679349	geo:GSE216571:GSM6679349	tissue_type	tissue	file	raw/fp-d91fddb9e607/GSE216571_family.soft.gz		Serial blood samples and BM aspirates were collected from patients treated with anti-BCMA TCE at variable time points, prior and post initiation of therapy and at relapse.	True
GSM6679349	geo:GSE216571:GSM6679349	tissue_type	tissue	file	raw/fp-d91fddb9e607/GSE216571_family.soft.gz		!Series_overall_design = Bone marrow resident CD3 and CD45 cells were isolated by fluorescence-activated cell sorting (FACS) and analyzed using 10x Genomics 5' RNA/TCR sequencing.	True
GSM6679349	geo:GSE216571:GSM6679349	sample_collection_method	bone marrow aspirate	file	raw/fp-d91fddb9e607/GSE216571_family.soft.gz		Serial blood samples and BM aspirates were collected from patients treated with anti-BCMA TCE at variable time points, prior and post initiation of therapy and at relapse.	True
GSM6679349	geo:GSE216571:GSM6679349	disease_free_text	multiple myeloma	file	raw/fp-d91fddb9e607/GSE216571_family.soft.gz		!Sample_characteristics_ch1 = treatment: relapsed-refractory multiple myeloma	True
GSM6679349	geo:GSE216571:GSM6679349	disease_free_text	multiple myeloma	file	raw/fp-d91fddb9e607/GSE216571_family.soft.gz		Here, we identify conserved behaviors of bone marrow residing CD4+ and CD8+ T cells in multiple myeloma patients undergoing TCE therapy.	True
GSM6679349	geo:GSE216571:GSM6679349	disease_stage	relapsed-refractory	file	raw/fp-d91fddb9e607/GSE216571_family.soft.gz		!Sample_characteristics_ch1 = treatment: relapsed-refractory multiple myeloma	True
GSM6679349	geo:GSE216571:GSM6679349	assay	10x 5' v2	file	raw/fp-d91fddb9e607/GSE216571_family.soft.gz		single cell 5’ v2 protocol, 10x Genomics	True
GSM6679349	geo:GSE216571:GSM6679349	assay	10x 5' v2	file	raw/fp-d91fddb9e607/GSE216571_family.soft.gz		!Sample_extract_protocol_ch1 = 5' scRNA/TCR-seq	True
GSM6679349	geo:GSE216571:GSM6679349	assay	10x 5' v2	file	raw/fp-d91fddb9e607/GSE216571_family.soft.gz		!Series_overall_design = Bone marrow resident CD3 and CD45 cells were isolated by fluorescence-activated cell sorting (FACS) and analyzed using 10x Genomics 5' RNA/TCR sequencing.	True
GSM6679349	geo:GSE216571:GSM6679349	timepoint	pre	file	raw/fp-d91fddb9e607/GSE216571_family.soft.gz		!Sample_title = PT4_pre_CD3	True
GSM6679349	geo:GSE216571:GSM6679349	timepoint	pre	file	raw/fp-d91fddb9e607/GSE216571_family.soft.gz		!Sample_source_name_ch1 = PT4_pre, sort CD3, T & NK cell subset bmref	True
GSM6679349	geo:GSE216571:GSM6679349	timepoint	pre	file	raw/fp-d91fddb9e607/GSE216571_family.soft.gz		Serial blood samples and BM aspirates were collected from patients treated with anti-BCMA TCE at variable time points, prior and post initiation of therapy and at relapse.	True
GSM6679349	geo:GSE216571:GSM6679349	treatment	anti-BCMA TCE	file	raw/fp-d91fddb9e607/GSE216571_family.soft.gz		Serial blood samples and BM aspirates were collected from patients treated with anti-BCMA TCE at variable time points, prior and post initiation of therapy and at relapse.	True
GSM6679349	geo:GSE216571:GSM6679349	treatment	anti-BCMA TCE	file	work/paper_dl/pubmed_36898378.txt		we identify conserved behaviors of bone marrow-residing T cells in multiple myeloma patients undergoing BCMAxCD3 TCE therapy	True
GSM6679349	geo:GSE216571:GSM6679349	treatment_status	prior to initiation of therapy	file	raw/fp-d91fddb9e607/GSE216571_family.soft.gz		!Sample_title = PT4_pre_CD3	True
GSM6679349	geo:GSE216571:GSM6679349	treatment_status	prior to initiation of therapy	file	raw/fp-d91fddb9e607/GSE216571_family.soft.gz		Serial blood samples and BM aspirates were collected from patients treated with anti-BCMA TCE at variable time points, prior and post initiation of therapy and at relapse.	True
GSM6679350	geo:GSE216571:GSM6679350	cell_enrichment	CD3+	file	raw/fp-d91fddb9e607/GSE216571_family.soft.gz		!Sample_source_name_ch1 = PT5_early, sort CD3, T & NK cell subset bmref	True
GSM6679350	geo:GSE216571:GSM6679350	cell_enrichment	CD3+	file	raw/fp-d91fddb9e607/GSE216571_family.soft.gz		Bone marrow mononuclear fractions were isolated through Ficoll density gradients coupled with magnetic sorting of CD3+ or CD45+ T cells.	True
GSM6679350	geo:GSE216571:GSM6679350	suspension_type	cell	file	raw/fp-d91fddb9e607/GSE216571_family.soft.gz		!Sample_library_source = transcriptomic single cell	True
GSM6679350	geo:GSE216571:GSM6679350	suspension_type	cell	file	raw/fp-d91fddb9e607/GSE216571_family.soft.gz		single cell 5’ v2 protocol, 10x Genomics	True
GSM6679350	geo:GSE216571:GSM6679350	donor_id	PT5	file	raw/fp-d91fddb9e607/GSE216571_family.soft.gz		!Sample_title = PT5_early_CD3	True
GSM6679350	geo:GSE216571:GSM6679350	donor_id	PT5	file	raw/fp-d91fddb9e607/GSE216571_family.soft.gz		!Sample_source_name_ch1 = PT5_early, sort CD3, T & NK cell subset bmref	True
GSM6679350	geo:GSE216571:GSM6679350	donor_id	PT5	file	raw/fp-d91fddb9e607/GSE216571_family.soft.gz		Serial blood samples and BM aspirates were collected from patients treated with anti-BCMA TCE at variable time points, prior and post initiation of therapy and at relapse.	True
GSM6679350	geo:GSE216571:GSM6679350	tissue_free_text	bone marrow	file	raw/fp-d91fddb9e607/GSE216571_family.soft.gz		!Sample_characteristics_ch1 = tissue: human bone marrow mononuclear cells	True
GSM6679350	geo:GSE216571:GSM6679350	tissue_free_text	bone marrow	file	raw/fp-d91fddb9e607/GSE216571_family.soft.gz		Serial blood samples and BM aspirates were collected from patients treated with anti-BCMA TCE at variable time points, prior and post initiation of therapy and at relapse.	True
GSM6679350	geo:GSE216571:GSM6679350	tissue_type	tissue	file	raw/fp-d91fddb9e607/GSE216571_family.soft.gz		Serial blood samples and BM aspirates were collected from patients treated with anti-BCMA TCE at variable time points, prior and post initiation of therapy and at relapse.	True
GSM6679350	geo:GSE216571:GSM6679350	tissue_type	tissue	file	raw/fp-d91fddb9e607/GSE216571_family.soft.gz		!Series_overall_design = Bone marrow resident CD3 and CD45 cells were isolated by fluorescence-activated cell sorting (FACS) and analyzed using 10x Genomics 5' RNA/TCR sequencing.	True
GSM6679350	geo:GSE216571:GSM6679350	sample_collection_method	bone marrow aspirate	file	raw/fp-d91fddb9e607/GSE216571_family.soft.gz		Serial blood samples and BM aspirates were collected from patients treated with anti-BCMA TCE at variable time points, prior and post initiation of therapy and at relapse.	True
GSM6679350	geo:GSE216571:GSM6679350	disease_free_text	multiple myeloma	file	raw/fp-d91fddb9e607/GSE216571_family.soft.gz		!Sample_characteristics_ch1 = treatment: relapsed-refractory multiple myeloma	True
GSM6679350	geo:GSE216571:GSM6679350	disease_free_text	multiple myeloma	file	raw/fp-d91fddb9e607/GSE216571_family.soft.gz		Here, we identify conserved behaviors of bone marrow residing CD4+ and CD8+ T cells in multiple myeloma patients undergoing TCE therapy.	True
GSM6679350	geo:GSE216571:GSM6679350	disease_stage	relapsed-refractory	file	raw/fp-d91fddb9e607/GSE216571_family.soft.gz		!Sample_characteristics_ch1 = treatment: relapsed-refractory multiple myeloma	True
GSM6679350	geo:GSE216571:GSM6679350	assay	10x 5' v2	file	raw/fp-d91fddb9e607/GSE216571_family.soft.gz		single cell 5’ v2 protocol, 10x Genomics	True
GSM6679350	geo:GSE216571:GSM6679350	assay	10x 5' v2	file	raw/fp-d91fddb9e607/GSE216571_family.soft.gz		!Sample_extract_protocol_ch1 = 5' scRNA/TCR-seq	True
GSM6679350	geo:GSE216571:GSM6679350	assay	10x 5' v2	file	raw/fp-d91fddb9e607/GSE216571_family.soft.gz		!Series_overall_design = Bone marrow resident CD3 and CD45 cells were isolated by fluorescence-activated cell sorting (FACS) and analyzed using 10x Genomics 5' RNA/TCR sequencing.	True
GSM6679350	geo:GSE216571:GSM6679350	timepoint	early	file	raw/fp-d91fddb9e607/GSE216571_family.soft.gz		!Sample_title = PT5_early_CD3	True
GSM6679350	geo:GSE216571:GSM6679350	timepoint	early	file	raw/fp-d91fddb9e607/GSE216571_family.soft.gz		!Sample_source_name_ch1 = PT5_early, sort CD3, T & NK cell subset bmref	True
GSM6679350	geo:GSE216571:GSM6679350	timepoint	early	file	raw/fp-d91fddb9e607/GSE216571_family.soft.gz		Serial blood samples and BM aspirates were collected from patients treated with anti-BCMA TCE at variable time points, prior and post initiation of therapy and at relapse.	True
GSM6679350	geo:GSE216571:GSM6679350	treatment	anti-BCMA TCE	file	raw/fp-d91fddb9e607/GSE216571_family.soft.gz		Serial blood samples and BM aspirates were collected from patients treated with anti-BCMA TCE at variable time points, prior and post initiation of therapy and at relapse.	True
GSM6679350	geo:GSE216571:GSM6679350	treatment	anti-BCMA TCE	file	work/paper_dl/pubmed_36898378.txt		we identify conserved behaviors of bone marrow-residing T cells in multiple myeloma patients undergoing BCMAxCD3 TCE therapy	True
GSM6679350	geo:GSE216571:GSM6679350	treatment_status	post initiation of therapy	file	raw/fp-d91fddb9e607/GSE216571_family.soft.gz		!Sample_title = PT5_early_CD3	True
GSM6679350	geo:GSE216571:GSM6679350	treatment_status	post initiation of therapy	file	raw/fp-d91fddb9e607/GSE216571_family.soft.gz		Serial blood samples and BM aspirates were collected from patients treated with anti-BCMA TCE at variable time points, prior and post initiation of therapy and at relapse.	True
GSM6679351	geo:GSE216571:GSM6679351	cell_enrichment	CD3+	file	raw/fp-d91fddb9e607/GSE216571_family.soft.gz		!Sample_source_name_ch1 = PT5_late, sort CD3, T & NK cell subset bmref	True
GSM6679351	geo:GSE216571:GSM6679351	cell_enrichment	CD3+	file	raw/fp-d91fddb9e607/GSE216571_family.soft.gz		Bone marrow mononuclear fractions were isolated through Ficoll density gradients coupled with magnetic sorting of CD3+ or CD45+ T cells.	True
GSM6679351	geo:GSE216571:GSM6679351	suspension_type	cell	file	raw/fp-d91fddb9e607/GSE216571_family.soft.gz		!Sample_library_source = transcriptomic single cell	True
GSM6679351	geo:GSE216571:GSM6679351	suspension_type	cell	file	raw/fp-d91fddb9e607/GSE216571_family.soft.gz		single cell 5’ v2 protocol, 10x Genomics	True
GSM6679351	geo:GSE216571:GSM6679351	donor_id	PT5	file	raw/fp-d91fddb9e607/GSE216571_family.soft.gz		!Sample_title = PT5_late_CD3	True
GSM6679351	geo:GSE216571:GSM6679351	donor_id	PT5	file	raw/fp-d91fddb9e607/GSE216571_family.soft.gz		!Sample_source_name_ch1 = PT5_late, sort CD3, T & NK cell subset bmref	True
GSM6679351	geo:GSE216571:GSM6679351	donor_id	PT5	file	raw/fp-d91fddb9e607/GSE216571_family.soft.gz		Serial blood samples and BM aspirates were collected from patients treated with anti-BCMA TCE at variable time points, prior and post initiation of therapy and at relapse.	True
GSM6679351	geo:GSE216571:GSM6679351	tissue_free_text	bone marrow	file	raw/fp-d91fddb9e607/GSE216571_family.soft.gz		!Sample_characteristics_ch1 = tissue: human bone marrow mononuclear cells	True
GSM6679351	geo:GSE216571:GSM6679351	tissue_free_text	bone marrow	file	raw/fp-d91fddb9e607/GSE216571_family.soft.gz		Serial blood samples and BM aspirates were collected from patients treated with anti-BCMA TCE at variable time points, prior and post initiation of therapy and at relapse.	True
GSM6679351	geo:GSE216571:GSM6679351	tissue_type	tissue	file	raw/fp-d91fddb9e607/GSE216571_family.soft.gz		Serial blood samples and BM aspirates were collected from patients treated with anti-BCMA TCE at variable time points, prior and post initiation of therapy and at relapse.	True
GSM6679351	geo:GSE216571:GSM6679351	tissue_type	tissue	file	raw/fp-d91fddb9e607/GSE216571_family.soft.gz		!Series_overall_design = Bone marrow resident CD3 and CD45 cells were isolated by fluorescence-activated cell sorting (FACS) and analyzed using 10x Genomics 5' RNA/TCR sequencing.	True
GSM6679351	geo:GSE216571:GSM6679351	sample_collection_method	bone marrow aspirate	file	raw/fp-d91fddb9e607/GSE216571_family.soft.gz		Serial blood samples and BM aspirates were collected from patients treated with anti-BCMA TCE at variable time points, prior and post initiation of therapy and at relapse.	True
GSM6679351	geo:GSE216571:GSM6679351	disease_free_text	multiple myeloma	file	raw/fp-d91fddb9e607/GSE216571_family.soft.gz		!Sample_characteristics_ch1 = treatment: relapsed-refractory multiple myeloma	True
GSM6679351	geo:GSE216571:GSM6679351	disease_free_text	multiple myeloma	file	raw/fp-d91fddb9e607/GSE216571_family.soft.gz		Here, we identify conserved behaviors of bone marrow residing CD4+ and CD8+ T cells in multiple myeloma patients undergoing TCE therapy.	True
GSM6679351	geo:GSE216571:GSM6679351	disease_stage	relapsed-refractory	file	raw/fp-d91fddb9e607/GSE216571_family.soft.gz		!Sample_characteristics_ch1 = treatment: relapsed-refractory multiple myeloma	True
GSM6679351	geo:GSE216571:GSM6679351	assay	10x 5' v2	file	raw/fp-d91fddb9e607/GSE216571_family.soft.gz		single cell 5’ v2 protocol, 10x Genomics	True
GSM6679351	geo:GSE216571:GSM6679351	assay	10x 5' v2	file	raw/fp-d91fddb9e607/GSE216571_family.soft.gz		!Sample_extract_protocol_ch1 = 5' scRNA/TCR-seq	True
GSM6679351	geo:GSE216571:GSM6679351	assay	10x 5' v2	file	raw/fp-d91fddb9e607/GSE216571_family.soft.gz		!Series_overall_design = Bone marrow resident CD3 and CD45 cells were isolated by fluorescence-activated cell sorting (FACS) and analyzed using 10x Genomics 5' RNA/TCR sequencing.	True
GSM6679351	geo:GSE216571:GSM6679351	timepoint	late	file	raw/fp-d91fddb9e607/GSE216571_family.soft.gz		!Sample_title = PT5_late_CD3	True
GSM6679351	geo:GSE216571:GSM6679351	timepoint	late	file	raw/fp-d91fddb9e607/GSE216571_family.soft.gz		!Sample_source_name_ch1 = PT5_late, sort CD3, T & NK cell subset bmref	True
GSM6679351	geo:GSE216571:GSM6679351	timepoint	late	file	raw/fp-d91fddb9e607/GSE216571_family.soft.gz		Serial blood samples and BM aspirates were collected from patients treated with anti-BCMA TCE at variable time points, prior and post initiation of therapy and at relapse.	True
GSM6679351	geo:GSE216571:GSM6679351	treatment	anti-BCMA TCE	file	raw/fp-d91fddb9e607/GSE216571_family.soft.gz		Serial blood samples and BM aspirates were collected from patients treated with anti-BCMA TCE at variable time points, prior and post initiation of therapy and at relapse.	True
GSM6679351	geo:GSE216571:GSM6679351	treatment	anti-BCMA TCE	file	work/paper_dl/pubmed_36898378.txt		we identify conserved behaviors of bone marrow-residing T cells in multiple myeloma patients undergoing BCMAxCD3 TCE therapy	True
GSM6679351	geo:GSE216571:GSM6679351	treatment_status	post initiation of therapy	file	raw/fp-d91fddb9e607/GSE216571_family.soft.gz		!Sample_title = PT5_late_CD3	True
GSM6679351	geo:GSE216571:GSM6679351	treatment_status	post initiation of therapy	file	raw/fp-d91fddb9e607/GSE216571_family.soft.gz		Serial blood samples and BM aspirates were collected from patients treated with anti-BCMA TCE at variable time points, prior and post initiation of therapy and at relapse.	True
GSM6679352	geo:GSE216571:GSM6679352	cell_enrichment	CD3+	file	raw/fp-d91fddb9e607/GSE216571_family.soft.gz		!Sample_source_name_ch1 = PT6_late, sort CD3, T & NK cell subset bmref	True
GSM6679352	geo:GSE216571:GSM6679352	cell_enrichment	CD3+	file	raw/fp-d91fddb9e607/GSE216571_family.soft.gz		Bone marrow mononuclear fractions were isolated through Ficoll density gradients coupled with magnetic sorting of CD3+ or CD45+ T cells.	True
GSM6679352	geo:GSE216571:GSM6679352	suspension_type	cell	file	raw/fp-d91fddb9e607/GSE216571_family.soft.gz		!Sample_library_source = transcriptomic single cell	True
GSM6679352	geo:GSE216571:GSM6679352	suspension_type	cell	file	raw/fp-d91fddb9e607/GSE216571_family.soft.gz		single cell 5’ v2 protocol, 10x Genomics	True
GSM6679352	geo:GSE216571:GSM6679352	donor_id	PT6	file	raw/fp-d91fddb9e607/GSE216571_family.soft.gz		!Sample_title = PT6_late_CD3	True
GSM6679352	geo:GSE216571:GSM6679352	donor_id	PT6	file	raw/fp-d91fddb9e607/GSE216571_family.soft.gz		!Sample_source_name_ch1 = PT6_late, sort CD3, T & NK cell subset bmref	True
GSM6679352	geo:GSE216571:GSM6679352	donor_id	PT6	file	raw/fp-d91fddb9e607/GSE216571_family.soft.gz		Serial blood samples and BM aspirates were collected from patients treated with anti-BCMA TCE at variable time points, prior and post initiation of therapy and at relapse.	True
GSM6679352	geo:GSE216571:GSM6679352	tissue_free_text	bone marrow	file	raw/fp-d91fddb9e607/GSE216571_family.soft.gz		!Sample_characteristics_ch1 = tissue: human bone marrow mononuclear cells	True
GSM6679352	geo:GSE216571:GSM6679352	tissue_free_text	bone marrow	file	raw/fp-d91fddb9e607/GSE216571_family.soft.gz		Serial blood samples and BM aspirates were collected from patients treated with anti-BCMA TCE at variable time points, prior and post initiation of therapy and at relapse.	True
GSM6679352	geo:GSE216571:GSM6679352	tissue_type	tissue	file	raw/fp-d91fddb9e607/GSE216571_family.soft.gz		Serial blood samples and BM aspirates were collected from patients treated with anti-BCMA TCE at variable time points, prior and post initiation of therapy and at relapse.	True
GSM6679352	geo:GSE216571:GSM6679352	tissue_type	tissue	file	raw/fp-d91fddb9e607/GSE216571_family.soft.gz		!Series_overall_design = Bone marrow resident CD3 and CD45 cells were isolated by fluorescence-activated cell sorting (FACS) and analyzed using 10x Genomics 5' RNA/TCR sequencing.	True
GSM6679352	geo:GSE216571:GSM6679352	sample_collection_method	bone marrow aspirate	file	raw/fp-d91fddb9e607/GSE216571_family.soft.gz		Serial blood samples and BM aspirates were collected from patients treated with anti-BCMA TCE at variable time points, prior and post initiation of therapy and at relapse.	True
GSM6679352	geo:GSE216571:GSM6679352	disease_free_text	multiple myeloma	file	raw/fp-d91fddb9e607/GSE216571_family.soft.gz		!Sample_characteristics_ch1 = treatment: relapsed-refractory multiple myeloma	True
GSM6679352	geo:GSE216571:GSM6679352	disease_free_text	multiple myeloma	file	raw/fp-d91fddb9e607/GSE216571_family.soft.gz		Here, we identify conserved behaviors of bone marrow residing CD4+ and CD8+ T cells in multiple myeloma patients undergoing TCE therapy.	True
GSM6679352	geo:GSE216571:GSM6679352	disease_stage	relapsed-refractory	file	raw/fp-d91fddb9e607/GSE216571_family.soft.gz		!Sample_characteristics_ch1 = treatment: relapsed-refractory multiple myeloma	True
GSM6679352	geo:GSE216571:GSM6679352	assay	10x 5' v2	file	raw/fp-d91fddb9e607/GSE216571_family.soft.gz		single cell 5’ v2 protocol, 10x Genomics	True
GSM6679352	geo:GSE216571:GSM6679352	assay	10x 5' v2	file	raw/fp-d91fddb9e607/GSE216571_family.soft.gz		!Sample_extract_protocol_ch1 = 5' scRNA/TCR-seq	True
GSM6679352	geo:GSE216571:GSM6679352	assay	10x 5' v2	file	raw/fp-d91fddb9e607/GSE216571_family.soft.gz		!Series_overall_design = Bone marrow resident CD3 and CD45 cells were isolated by fluorescence-activated cell sorting (FACS) and analyzed using 10x Genomics 5' RNA/TCR sequencing.	True
GSM6679352	geo:GSE216571:GSM6679352	timepoint	late	file	raw/fp-d91fddb9e607/GSE216571_family.soft.gz		!Sample_title = PT6_late_CD3	True
GSM6679352	geo:GSE216571:GSM6679352	timepoint	late	file	raw/fp-d91fddb9e607/GSE216571_family.soft.gz		!Sample_source_name_ch1 = PT6_late, sort CD3, T & NK cell subset bmref	True
GSM6679352	geo:GSE216571:GSM6679352	timepoint	late	file	raw/fp-d91fddb9e607/GSE216571_family.soft.gz		Serial blood samples and BM aspirates were collected from patients treated with anti-BCMA TCE at variable time points, prior and post initiation of therapy and at relapse.	True
GSM6679352	geo:GSE216571:GSM6679352	treatment	anti-BCMA TCE	file	raw/fp-d91fddb9e607/GSE216571_family.soft.gz		Serial blood samples and BM aspirates were collected from patients treated with anti-BCMA TCE at variable time points, prior and post initiation of therapy and at relapse.	True
GSM6679352	geo:GSE216571:GSM6679352	treatment	anti-BCMA TCE	file	work/paper_dl/pubmed_36898378.txt		we identify conserved behaviors of bone marrow-residing T cells in multiple myeloma patients undergoing BCMAxCD3 TCE therapy	True
GSM6679352	geo:GSE216571:GSM6679352	treatment_status	post initiation of therapy	file	raw/fp-d91fddb9e607/GSE216571_family.soft.gz		!Sample_title = PT6_late_CD3	True
GSM6679352	geo:GSE216571:GSM6679352	treatment_status	post initiation of therapy	file	raw/fp-d91fddb9e607/GSE216571_family.soft.gz		Serial blood samples and BM aspirates were collected from patients treated with anti-BCMA TCE at variable time points, prior and post initiation of therapy and at relapse.	True
GSM6679353	geo:GSE216571:GSM6679353	cell_enrichment	CD3+	file	raw/fp-d91fddb9e607/GSE216571_family.soft.gz		!Sample_source_name_ch1 = PT6_pre, sort CD3, T & NK cell subset bmref	True
GSM6679353	geo:GSE216571:GSM6679353	cell_enrichment	CD3+	file	raw/fp-d91fddb9e607/GSE216571_family.soft.gz		Bone marrow mononuclear fractions were isolated through Ficoll density gradients coupled with magnetic sorting of CD3+ or CD45+ T cells.	True
GSM6679353	geo:GSE216571:GSM6679353	suspension_type	cell	file	raw/fp-d91fddb9e607/GSE216571_family.soft.gz		!Sample_library_source = transcriptomic single cell	True
GSM6679353	geo:GSE216571:GSM6679353	suspension_type	cell	file	raw/fp-d91fddb9e607/GSE216571_family.soft.gz		single cell 5’ v2 protocol, 10x Genomics	True
GSM6679353	geo:GSE216571:GSM6679353	donor_id	PT6	file	raw/fp-d91fddb9e607/GSE216571_family.soft.gz		!Sample_title = PT6_pre_CD3	True
GSM6679353	geo:GSE216571:GSM6679353	donor_id	PT6	file	raw/fp-d91fddb9e607/GSE216571_family.soft.gz		!Sample_source_name_ch1 = PT6_pre, sort CD3, T & NK cell subset bmref	True
GSM6679353	geo:GSE216571:GSM6679353	donor_id	PT6	file	raw/fp-d91fddb9e607/GSE216571_family.soft.gz		Serial blood samples and BM aspirates were collected from patients treated with anti-BCMA TCE at variable time points, prior and post initiation of therapy and at relapse.	True
GSM6679353	geo:GSE216571:GSM6679353	tissue_free_text	bone marrow	file	raw/fp-d91fddb9e607/GSE216571_family.soft.gz		!Sample_characteristics_ch1 = tissue: human bone marrow mononuclear cells	True
GSM6679353	geo:GSE216571:GSM6679353	tissue_free_text	bone marrow	file	raw/fp-d91fddb9e607/GSE216571_family.soft.gz		Serial blood samples and BM aspirates were collected from patients treated with anti-BCMA TCE at variable time points, prior and post initiation of therapy and at relapse.	True
GSM6679353	geo:GSE216571:GSM6679353	tissue_type	tissue	file	raw/fp-d91fddb9e607/GSE216571_family.soft.gz		Serial blood samples and BM aspirates were collected from patients treated with anti-BCMA TCE at variable time points, prior and post initiation of therapy and at relapse.	True
GSM6679353	geo:GSE216571:GSM6679353	tissue_type	tissue	file	raw/fp-d91fddb9e607/GSE216571_family.soft.gz		!Series_overall_design = Bone marrow resident CD3 and CD45 cells were isolated by fluorescence-activated cell sorting (FACS) and analyzed using 10x Genomics 5' RNA/TCR sequencing.	True
GSM6679353	geo:GSE216571:GSM6679353	sample_collection_method	bone marrow aspirate	file	raw/fp-d91fddb9e607/GSE216571_family.soft.gz		Serial blood samples and BM aspirates were collected from patients treated with anti-BCMA TCE at variable time points, prior and post initiation of therapy and at relapse.	True
GSM6679353	geo:GSE216571:GSM6679353	disease_free_text	multiple myeloma	file	raw/fp-d91fddb9e607/GSE216571_family.soft.gz		!Sample_characteristics_ch1 = treatment: relapsed-refractory multiple myeloma	True
GSM6679353	geo:GSE216571:GSM6679353	disease_free_text	multiple myeloma	file	raw/fp-d91fddb9e607/GSE216571_family.soft.gz		Here, we identify conserved behaviors of bone marrow residing CD4+ and CD8+ T cells in multiple myeloma patients undergoing TCE therapy.	True
GSM6679353	geo:GSE216571:GSM6679353	disease_stage	relapsed-refractory	file	raw/fp-d91fddb9e607/GSE216571_family.soft.gz		!Sample_characteristics_ch1 = treatment: relapsed-refractory multiple myeloma	True
GSM6679353	geo:GSE216571:GSM6679353	assay	10x 5' v2	file	raw/fp-d91fddb9e607/GSE216571_family.soft.gz		single cell 5’ v2 protocol, 10x Genomics	True
GSM6679353	geo:GSE216571:GSM6679353	assay	10x 5' v2	file	raw/fp-d91fddb9e607/GSE216571_family.soft.gz		!Sample_extract_protocol_ch1 = 5' scRNA/TCR-seq	True
GSM6679353	geo:GSE216571:GSM6679353	assay	10x 5' v2	file	raw/fp-d91fddb9e607/GSE216571_family.soft.gz		!Series_overall_design = Bone marrow resident CD3 and CD45 cells were isolated by fluorescence-activated cell sorting (FACS) and analyzed using 10x Genomics 5' RNA/TCR sequencing.	True
GSM6679353	geo:GSE216571:GSM6679353	timepoint	pre	file	raw/fp-d91fddb9e607/GSE216571_family.soft.gz		!Sample_title = PT6_pre_CD3	True
GSM6679353	geo:GSE216571:GSM6679353	timepoint	pre	file	raw/fp-d91fddb9e607/GSE216571_family.soft.gz		!Sample_source_name_ch1 = PT6_pre, sort CD3, T & NK cell subset bmref	True
GSM6679353	geo:GSE216571:GSM6679353	timepoint	pre	file	raw/fp-d91fddb9e607/GSE216571_family.soft.gz		Serial blood samples and BM aspirates were collected from patients treated with anti-BCMA TCE at variable time points, prior and post initiation of therapy and at relapse.	True
GSM6679353	geo:GSE216571:GSM6679353	treatment	anti-BCMA TCE	file	raw/fp-d91fddb9e607/GSE216571_family.soft.gz		Serial blood samples and BM aspirates were collected from patients treated with anti-BCMA TCE at variable time points, prior and post initiation of therapy and at relapse.	True
GSM6679353	geo:GSE216571:GSM6679353	treatment	anti-BCMA TCE	file	work/paper_dl/pubmed_36898378.txt		we identify conserved behaviors of bone marrow-residing T cells in multiple myeloma patients undergoing BCMAxCD3 TCE therapy	True
GSM6679353	geo:GSE216571:GSM6679353	treatment_status	prior to initiation of therapy	file	raw/fp-d91fddb9e607/GSE216571_family.soft.gz		!Sample_title = PT6_pre_CD3	True
GSM6679353	geo:GSE216571:GSM6679353	treatment_status	prior to initiation of therapy	file	raw/fp-d91fddb9e607/GSE216571_family.soft.gz		Serial blood samples and BM aspirates were collected from patients treated with anti-BCMA TCE at variable time points, prior and post initiation of therapy and at relapse.	True
GSM6679354	geo:GSE216571:GSM6679354	cell_enrichment	CD3+	file	raw/fp-d91fddb9e607/GSE216571_family.soft.gz		!Sample_source_name_ch1 = PT7_late, sort CD3, T & NK cell subset bmref	True
GSM6679354	geo:GSE216571:GSM6679354	cell_enrichment	CD3+	file	raw/fp-d91fddb9e607/GSE216571_family.soft.gz		Bone marrow mononuclear fractions were isolated through Ficoll density gradients coupled with magnetic sorting of CD3+ or CD45+ T cells.	True
GSM6679354	geo:GSE216571:GSM6679354	suspension_type	cell	file	raw/fp-d91fddb9e607/GSE216571_family.soft.gz		!Sample_library_source = transcriptomic single cell	True
GSM6679354	geo:GSE216571:GSM6679354	suspension_type	cell	file	raw/fp-d91fddb9e607/GSE216571_family.soft.gz		single cell 5’ v2 protocol, 10x Genomics	True
GSM6679354	geo:GSE216571:GSM6679354	donor_id	PT7	file	raw/fp-d91fddb9e607/GSE216571_family.soft.gz		!Sample_title = PT7_late_CD3	True
GSM6679354	geo:GSE216571:GSM6679354	donor_id	PT7	file	raw/fp-d91fddb9e607/GSE216571_family.soft.gz		!Sample_source_name_ch1 = PT7_late, sort CD3, T & NK cell subset bmref	True
GSM6679354	geo:GSE216571:GSM6679354	donor_id	PT7	file	raw/fp-d91fddb9e607/GSE216571_family.soft.gz		Serial blood samples and BM aspirates were collected from patients treated with anti-BCMA TCE at variable time points, prior and post initiation of therapy and at relapse.	True
GSM6679354	geo:GSE216571:GSM6679354	tissue_free_text	bone marrow	file	raw/fp-d91fddb9e607/GSE216571_family.soft.gz		!Sample_characteristics_ch1 = tissue: human bone marrow mononuclear cells	True
GSM6679354	geo:GSE216571:GSM6679354	tissue_free_text	bone marrow	file	raw/fp-d91fddb9e607/GSE216571_family.soft.gz		Serial blood samples and BM aspirates were collected from patients treated with anti-BCMA TCE at variable time points, prior and post initiation of therapy and at relapse.	True
GSM6679354	geo:GSE216571:GSM6679354	tissue_type	tissue	file	raw/fp-d91fddb9e607/GSE216571_family.soft.gz		Serial blood samples and BM aspirates were collected from patients treated with anti-BCMA TCE at variable time points, prior and post initiation of therapy and at relapse.	True
GSM6679354	geo:GSE216571:GSM6679354	tissue_type	tissue	file	raw/fp-d91fddb9e607/GSE216571_family.soft.gz		!Series_overall_design = Bone marrow resident CD3 and CD45 cells were isolated by fluorescence-activated cell sorting (FACS) and analyzed using 10x Genomics 5' RNA/TCR sequencing.	True
GSM6679354	geo:GSE216571:GSM6679354	sample_collection_method	bone marrow aspirate	file	raw/fp-d91fddb9e607/GSE216571_family.soft.gz		Serial blood samples and BM aspirates were collected from patients treated with anti-BCMA TCE at variable time points, prior and post initiation of therapy and at relapse.	True
GSM6679354	geo:GSE216571:GSM6679354	disease_free_text	multiple myeloma	file	raw/fp-d91fddb9e607/GSE216571_family.soft.gz		!Sample_characteristics_ch1 = treatment: relapsed-refractory multiple myeloma	True
GSM6679354	geo:GSE216571:GSM6679354	disease_free_text	multiple myeloma	file	raw/fp-d91fddb9e607/GSE216571_family.soft.gz		Here, we identify conserved behaviors of bone marrow residing CD4+ and CD8+ T cells in multiple myeloma patients undergoing TCE therapy.	True
GSM6679354	geo:GSE216571:GSM6679354	disease_stage	relapsed-refractory	file	raw/fp-d91fddb9e607/GSE216571_family.soft.gz		!Sample_characteristics_ch1 = treatment: relapsed-refractory multiple myeloma	True
GSM6679354	geo:GSE216571:GSM6679354	assay	10x 5' v2	file	raw/fp-d91fddb9e607/GSE216571_family.soft.gz		single cell 5’ v2 protocol, 10x Genomics	True
GSM6679354	geo:GSE216571:GSM6679354	assay	10x 5' v2	file	raw/fp-d91fddb9e607/GSE216571_family.soft.gz		!Sample_extract_protocol_ch1 = 5' scRNA/TCR-seq	True
GSM6679354	geo:GSE216571:GSM6679354	assay	10x 5' v2	file	raw/fp-d91fddb9e607/GSE216571_family.soft.gz		!Series_overall_design = Bone marrow resident CD3 and CD45 cells were isolated by fluorescence-activated cell sorting (FACS) and analyzed using 10x Genomics 5' RNA/TCR sequencing.	True
GSM6679354	geo:GSE216571:GSM6679354	timepoint	late	file	raw/fp-d91fddb9e607/GSE216571_family.soft.gz		!Sample_title = PT7_late_CD3	True
GSM6679354	geo:GSE216571:GSM6679354	timepoint	late	file	raw/fp-d91fddb9e607/GSE216571_family.soft.gz		!Sample_source_name_ch1 = PT7_late, sort CD3, T & NK cell subset bmref	True
GSM6679354	geo:GSE216571:GSM6679354	timepoint	late	file	raw/fp-d91fddb9e607/GSE216571_family.soft.gz		Serial blood samples and BM aspirates were collected from patients treated with anti-BCMA TCE at variable time points, prior and post initiation of therapy and at relapse.	True
GSM6679354	geo:GSE216571:GSM6679354	treatment	anti-BCMA TCE	file	raw/fp-d91fddb9e607/GSE216571_family.soft.gz		Serial blood samples and BM aspirates were collected from patients treated with anti-BCMA TCE at variable time points, prior and post initiation of therapy and at relapse.	True
GSM6679354	geo:GSE216571:GSM6679354	treatment	anti-BCMA TCE	file	work/paper_dl/pubmed_36898378.txt		we identify conserved behaviors of bone marrow-residing T cells in multiple myeloma patients undergoing BCMAxCD3 TCE therapy	True
GSM6679354	geo:GSE216571:GSM6679354	treatment_status	post initiation of therapy	file	raw/fp-d91fddb9e607/GSE216571_family.soft.gz		!Sample_title = PT7_late_CD3	True
GSM6679354	geo:GSE216571:GSM6679354	treatment_status	post initiation of therapy	file	raw/fp-d91fddb9e607/GSE216571_family.soft.gz		Serial blood samples and BM aspirates were collected from patients treated with anti-BCMA TCE at variable time points, prior and post initiation of therapy and at relapse.	True
GSM6679355	geo:GSE216571:GSM6679355	cell_enrichment	CD3+	file	raw/fp-d91fddb9e607/GSE216571_family.soft.gz		!Sample_source_name_ch1 = PT7_pre, sort CD3, T & NK cell subset bmref	True
GSM6679355	geo:GSE216571:GSM6679355	cell_enrichment	CD3+	file	raw/fp-d91fddb9e607/GSE216571_family.soft.gz		Bone marrow mononuclear fractions were isolated through Ficoll density gradients coupled with magnetic sorting of CD3+ or CD45+ T cells.	True
GSM6679355	geo:GSE216571:GSM6679355	suspension_type	cell	file	raw/fp-d91fddb9e607/GSE216571_family.soft.gz		!Sample_library_source = transcriptomic single cell	True
GSM6679355	geo:GSE216571:GSM6679355	suspension_type	cell	file	raw/fp-d91fddb9e607/GSE216571_family.soft.gz		single cell 5’ v2 protocol, 10x Genomics	True
GSM6679355	geo:GSE216571:GSM6679355	donor_id	PT7	file	raw/fp-d91fddb9e607/GSE216571_family.soft.gz		!Sample_title = PT7_pre_CD3	True
GSM6679355	geo:GSE216571:GSM6679355	donor_id	PT7	file	raw/fp-d91fddb9e607/GSE216571_family.soft.gz		!Sample_source_name_ch1 = PT7_pre, sort CD3, T & NK cell subset bmref	True
GSM6679355	geo:GSE216571:GSM6679355	donor_id	PT7	file	raw/fp-d91fddb9e607/GSE216571_family.soft.gz		Serial blood samples and BM aspirates were collected from patients treated with anti-BCMA TCE at variable time points, prior and post initiation of therapy and at relapse.	True
GSM6679355	geo:GSE216571:GSM6679355	tissue_free_text	bone marrow	file	raw/fp-d91fddb9e607/GSE216571_family.soft.gz		!Sample_characteristics_ch1 = tissue: human bone marrow mononuclear cells	True
GSM6679355	geo:GSE216571:GSM6679355	tissue_free_text	bone marrow	file	raw/fp-d91fddb9e607/GSE216571_family.soft.gz		Serial blood samples and BM aspirates were collected from patients treated with anti-BCMA TCE at variable time points, prior and post initiation of therapy and at relapse.	True
GSM6679355	geo:GSE216571:GSM6679355	tissue_type	tissue	file	raw/fp-d91fddb9e607/GSE216571_family.soft.gz		Serial blood samples and BM aspirates were collected from patients treated with anti-BCMA TCE at variable time points, prior and post initiation of therapy and at relapse.	True
GSM6679355	geo:GSE216571:GSM6679355	tissue_type	tissue	file	raw/fp-d91fddb9e607/GSE216571_family.soft.gz		!Series_overall_design = Bone marrow resident CD3 and CD45 cells were isolated by fluorescence-activated cell sorting (FACS) and analyzed using 10x Genomics 5' RNA/TCR sequencing.	True
GSM6679355	geo:GSE216571:GSM6679355	sample_collection_method	bone marrow aspirate	file	raw/fp-d91fddb9e607/GSE216571_family.soft.gz		Serial blood samples and BM aspirates were collected from patients treated with anti-BCMA TCE at variable time points, prior and post initiation of therapy and at relapse.	True
GSM6679355	geo:GSE216571:GSM6679355	disease_free_text	multiple myeloma	file	raw/fp-d91fddb9e607/GSE216571_family.soft.gz		!Sample_characteristics_ch1 = treatment: relapsed-refractory multiple myeloma	True
GSM6679355	geo:GSE216571:GSM6679355	disease_free_text	multiple myeloma	file	raw/fp-d91fddb9e607/GSE216571_family.soft.gz		Here, we identify conserved behaviors of bone marrow residing CD4+ and CD8+ T cells in multiple myeloma patients undergoing TCE therapy.	True
GSM6679355	geo:GSE216571:GSM6679355	disease_stage	relapsed-refractory	file	raw/fp-d91fddb9e607/GSE216571_family.soft.gz		!Sample_characteristics_ch1 = treatment: relapsed-refractory multiple myeloma	True
GSM6679355	geo:GSE216571:GSM6679355	assay	10x 5' v2	file	raw/fp-d91fddb9e607/GSE216571_family.soft.gz		single cell 5’ v2 protocol, 10x Genomics	True
GSM6679355	geo:GSE216571:GSM6679355	assay	10x 5' v2	file	raw/fp-d91fddb9e607/GSE216571_family.soft.gz		!Sample_extract_protocol_ch1 = 5' scRNA/TCR-seq	True
GSM6679355	geo:GSE216571:GSM6679355	assay	10x 5' v2	file	raw/fp-d91fddb9e607/GSE216571_family.soft.gz		!Series_overall_design = Bone marrow resident CD3 and CD45 cells were isolated by fluorescence-activated cell sorting (FACS) and analyzed using 10x Genomics 5' RNA/TCR sequencing.	True
GSM6679355	geo:GSE216571:GSM6679355	timepoint	pre	file	raw/fp-d91fddb9e607/GSE216571_family.soft.gz		!Sample_title = PT7_pre_CD3	True
GSM6679355	geo:GSE216571:GSM6679355	timepoint	pre	file	raw/fp-d91fddb9e607/GSE216571_family.soft.gz		!Sample_source_name_ch1 = PT7_pre, sort CD3, T & NK cell subset bmref	True
GSM6679355	geo:GSE216571:GSM6679355	timepoint	pre	file	raw/fp-d91fddb9e607/GSE216571_family.soft.gz		Serial blood samples and BM aspirates were collected from patients treated with anti-BCMA TCE at variable time points, prior and post initiation of therapy and at relapse.	True
GSM6679355	geo:GSE216571:GSM6679355	treatment	anti-BCMA TCE	file	raw/fp-d91fddb9e607/GSE216571_family.soft.gz		Serial blood samples and BM aspirates were collected from patients treated with anti-BCMA TCE at variable time points, prior and post initiation of therapy and at relapse.	True
GSM6679355	geo:GSE216571:GSM6679355	treatment	anti-BCMA TCE	file	work/paper_dl/pubmed_36898378.txt		we identify conserved behaviors of bone marrow-residing T cells in multiple myeloma patients undergoing BCMAxCD3 TCE therapy	True
GSM6679355	geo:GSE216571:GSM6679355	treatment_status	prior to initiation of therapy	file	raw/fp-d91fddb9e607/GSE216571_family.soft.gz		!Sample_title = PT7_pre_CD3	True
GSM6679355	geo:GSE216571:GSM6679355	treatment_status	prior to initiation of therapy	file	raw/fp-d91fddb9e607/GSE216571_family.soft.gz		Serial blood samples and BM aspirates were collected from patients treated with anti-BCMA TCE at variable time points, prior and post initiation of therapy and at relapse.	True
GSM6679356	geo:GSE216571:GSM6679356	cell_enrichment	CD3+	file	raw/fp-d91fddb9e607/GSE216571_family.soft.gz		!Sample_source_name_ch1 = PT8_late, sort CD3, T & NK cell subset bmref	True
GSM6679356	geo:GSE216571:GSM6679356	cell_enrichment	CD3+	file	raw/fp-d91fddb9e607/GSE216571_family.soft.gz		Bone marrow mononuclear fractions were isolated through Ficoll density gradients coupled with magnetic sorting of CD3+ or CD45+ T cells.	True
GSM6679356	geo:GSE216571:GSM6679356	suspension_type	cell	file	raw/fp-d91fddb9e607/GSE216571_family.soft.gz		!Sample_library_source = transcriptomic single cell	True
GSM6679356	geo:GSE216571:GSM6679356	suspension_type	cell	file	raw/fp-d91fddb9e607/GSE216571_family.soft.gz		single cell 5’ v2 protocol, 10x Genomics	True
GSM6679356	geo:GSE216571:GSM6679356	donor_id	PT8	file	raw/fp-d91fddb9e607/GSE216571_family.soft.gz		!Sample_title = PT8_late_CD3	True
GSM6679356	geo:GSE216571:GSM6679356	donor_id	PT8	file	raw/fp-d91fddb9e607/GSE216571_family.soft.gz		!Sample_source_name_ch1 = PT8_late, sort CD3, T & NK cell subset bmref	True
GSM6679356	geo:GSE216571:GSM6679356	donor_id	PT8	file	raw/fp-d91fddb9e607/GSE216571_family.soft.gz		Serial blood samples and BM aspirates were collected from patients treated with anti-BCMA TCE at variable time points, prior and post initiation of therapy and at relapse.	True
GSM6679356	geo:GSE216571:GSM6679356	tissue_free_text	bone marrow	file	raw/fp-d91fddb9e607/GSE216571_family.soft.gz		!Sample_characteristics_ch1 = tissue: human bone marrow mononuclear cells	True
GSM6679356	geo:GSE216571:GSM6679356	tissue_free_text	bone marrow	file	raw/fp-d91fddb9e607/GSE216571_family.soft.gz		Serial blood samples and BM aspirates were collected from patients treated with anti-BCMA TCE at variable time points, prior and post initiation of therapy and at relapse.	True
GSM6679356	geo:GSE216571:GSM6679356	tissue_type	tissue	file	raw/fp-d91fddb9e607/GSE216571_family.soft.gz		Serial blood samples and BM aspirates were collected from patients treated with anti-BCMA TCE at variable time points, prior and post initiation of therapy and at relapse.	True
GSM6679356	geo:GSE216571:GSM6679356	tissue_type	tissue	file	raw/fp-d91fddb9e607/GSE216571_family.soft.gz		!Series_overall_design = Bone marrow resident CD3 and CD45 cells were isolated by fluorescence-activated cell sorting (FACS) and analyzed using 10x Genomics 5' RNA/TCR sequencing.	True
GSM6679356	geo:GSE216571:GSM6679356	sample_collection_method	bone marrow aspirate	file	raw/fp-d91fddb9e607/GSE216571_family.soft.gz		Serial blood samples and BM aspirates were collected from patients treated with anti-BCMA TCE at variable time points, prior and post initiation of therapy and at relapse.	True
GSM6679356	geo:GSE216571:GSM6679356	disease_free_text	multiple myeloma	file	raw/fp-d91fddb9e607/GSE216571_family.soft.gz		!Sample_characteristics_ch1 = treatment: relapsed-refractory multiple myeloma	True
GSM6679356	geo:GSE216571:GSM6679356	disease_free_text	multiple myeloma	file	raw/fp-d91fddb9e607/GSE216571_family.soft.gz		Here, we identify conserved behaviors of bone marrow residing CD4+ and CD8+ T cells in multiple myeloma patients undergoing TCE therapy.	True
GSM6679356	geo:GSE216571:GSM6679356	disease_stage	relapsed-refractory	file	raw/fp-d91fddb9e607/GSE216571_family.soft.gz		!Sample_characteristics_ch1 = treatment: relapsed-refractory multiple myeloma	True
GSM6679356	geo:GSE216571:GSM6679356	assay	10x 5' v2	file	raw/fp-d91fddb9e607/GSE216571_family.soft.gz		single cell 5’ v2 protocol, 10x Genomics	True
GSM6679356	geo:GSE216571:GSM6679356	assay	10x 5' v2	file	raw/fp-d91fddb9e607/GSE216571_family.soft.gz		!Sample_extract_protocol_ch1 = 5' scRNA/TCR-seq	True
GSM6679356	geo:GSE216571:GSM6679356	assay	10x 5' v2	file	raw/fp-d91fddb9e607/GSE216571_family.soft.gz		!Series_overall_design = Bone marrow resident CD3 and CD45 cells were isolated by fluorescence-activated cell sorting (FACS) and analyzed using 10x Genomics 5' RNA/TCR sequencing.	True
GSM6679356	geo:GSE216571:GSM6679356	timepoint	late	file	raw/fp-d91fddb9e607/GSE216571_family.soft.gz		!Sample_title = PT8_late_CD3	True
GSM6679356	geo:GSE216571:GSM6679356	timepoint	late	file	raw/fp-d91fddb9e607/GSE216571_family.soft.gz		!Sample_source_name_ch1 = PT8_late, sort CD3, T & NK cell subset bmref	True
GSM6679356	geo:GSE216571:GSM6679356	timepoint	late	file	raw/fp-d91fddb9e607/GSE216571_family.soft.gz		Serial blood samples and BM aspirates were collected from patients treated with anti-BCMA TCE at variable time points, prior and post initiation of therapy and at relapse.	True
GSM6679356	geo:GSE216571:GSM6679356	treatment	anti-BCMA TCE	file	raw/fp-d91fddb9e607/GSE216571_family.soft.gz		Serial blood samples and BM aspirates were collected from patients treated with anti-BCMA TCE at variable time points, prior and post initiation of therapy and at relapse.	True
GSM6679356	geo:GSE216571:GSM6679356	treatment	anti-BCMA TCE	file	work/paper_dl/pubmed_36898378.txt		we identify conserved behaviors of bone marrow-residing T cells in multiple myeloma patients undergoing BCMAxCD3 TCE therapy	True
GSM6679356	geo:GSE216571:GSM6679356	treatment_status	post initiation of therapy	file	raw/fp-d91fddb9e607/GSE216571_family.soft.gz		!Sample_title = PT8_late_CD3	True
GSM6679356	geo:GSE216571:GSM6679356	treatment_status	post initiation of therapy	file	raw/fp-d91fddb9e607/GSE216571_family.soft.gz		Serial blood samples and BM aspirates were collected from patients treated with anti-BCMA TCE at variable time points, prior and post initiation of therapy and at relapse.	True
GSM6679357	geo:GSE216571:GSM6679357	cell_enrichment	CD3+	file	raw/fp-d91fddb9e607/GSE216571_family.soft.gz		!Sample_source_name_ch1 = PT8_pre, sort CD3, T & NK cell subset bmref	True
GSM6679357	geo:GSE216571:GSM6679357	cell_enrichment	CD3+	file	raw/fp-d91fddb9e607/GSE216571_family.soft.gz		Bone marrow mononuclear fractions were isolated through Ficoll density gradients coupled with magnetic sorting of CD3+ or CD45+ T cells.	True
GSM6679357	geo:GSE216571:GSM6679357	suspension_type	cell	file	raw/fp-d91fddb9e607/GSE216571_family.soft.gz		!Sample_library_source = transcriptomic single cell	True
GSM6679357	geo:GSE216571:GSM6679357	suspension_type	cell	file	raw/fp-d91fddb9e607/GSE216571_family.soft.gz		single cell 5’ v2 protocol, 10x Genomics	True
GSM6679357	geo:GSE216571:GSM6679357	donor_id	PT8	file	raw/fp-d91fddb9e607/GSE216571_family.soft.gz		!Sample_title = PT8_pre_CD3	True
GSM6679357	geo:GSE216571:GSM6679357	donor_id	PT8	file	raw/fp-d91fddb9e607/GSE216571_family.soft.gz		!Sample_source_name_ch1 = PT8_pre, sort CD3, T & NK cell subset bmref	True
GSM6679357	geo:GSE216571:GSM6679357	donor_id	PT8	file	raw/fp-d91fddb9e607/GSE216571_family.soft.gz		Serial blood samples and BM aspirates were collected from patients treated with anti-BCMA TCE at variable time points, prior and post initiation of therapy and at relapse.	True
GSM6679357	geo:GSE216571:GSM6679357	tissue_free_text	bone marrow	file	raw/fp-d91fddb9e607/GSE216571_family.soft.gz		!Sample_characteristics_ch1 = tissue: human bone marrow mononuclear cells	True
GSM6679357	geo:GSE216571:GSM6679357	tissue_free_text	bone marrow	file	raw/fp-d91fddb9e607/GSE216571_family.soft.gz		Serial blood samples and BM aspirates were collected from patients treated with anti-BCMA TCE at variable time points, prior and post initiation of therapy and at relapse.	True
GSM6679357	geo:GSE216571:GSM6679357	tissue_type	tissue	file	raw/fp-d91fddb9e607/GSE216571_family.soft.gz		Serial blood samples and BM aspirates were collected from patients treated with anti-BCMA TCE at variable time points, prior and post initiation of therapy and at relapse.	True
GSM6679357	geo:GSE216571:GSM6679357	tissue_type	tissue	file	raw/fp-d91fddb9e607/GSE216571_family.soft.gz		!Series_overall_design = Bone marrow resident CD3 and CD45 cells were isolated by fluorescence-activated cell sorting (FACS) and analyzed using 10x Genomics 5' RNA/TCR sequencing.	True
GSM6679357	geo:GSE216571:GSM6679357	sample_collection_method	bone marrow aspirate	file	raw/fp-d91fddb9e607/GSE216571_family.soft.gz		Serial blood samples and BM aspirates were collected from patients treated with anti-BCMA TCE at variable time points, prior and post initiation of therapy and at relapse.	True
GSM6679357	geo:GSE216571:GSM6679357	disease_free_text	multiple myeloma	file	raw/fp-d91fddb9e607/GSE216571_family.soft.gz		!Sample_characteristics_ch1 = treatment: relapsed-refractory multiple myeloma	True
GSM6679357	geo:GSE216571:GSM6679357	disease_free_text	multiple myeloma	file	raw/fp-d91fddb9e607/GSE216571_family.soft.gz		Here, we identify conserved behaviors of bone marrow residing CD4+ and CD8+ T cells in multiple myeloma patients undergoing TCE therapy.	True
GSM6679357	geo:GSE216571:GSM6679357	disease_stage	relapsed-refractory	file	raw/fp-d91fddb9e607/GSE216571_family.soft.gz		!Sample_characteristics_ch1 = treatment: relapsed-refractory multiple myeloma	True
GSM6679357	geo:GSE216571:GSM6679357	assay	10x 5' v2	file	raw/fp-d91fddb9e607/GSE216571_family.soft.gz		single cell 5’ v2 protocol, 10x Genomics	True
GSM6679357	geo:GSE216571:GSM6679357	assay	10x 5' v2	file	raw/fp-d91fddb9e607/GSE216571_family.soft.gz		!Sample_extract_protocol_ch1 = 5' scRNA/TCR-seq	True
GSM6679357	geo:GSE216571:GSM6679357	assay	10x 5' v2	file	raw/fp-d91fddb9e607/GSE216571_family.soft.gz		!Series_overall_design = Bone marrow resident CD3 and CD45 cells were isolated by fluorescence-activated cell sorting (FACS) and analyzed using 10x Genomics 5' RNA/TCR sequencing.	True
GSM6679357	geo:GSE216571:GSM6679357	timepoint	pre	file	raw/fp-d91fddb9e607/GSE216571_family.soft.gz		!Sample_title = PT8_pre_CD3	True
GSM6679357	geo:GSE216571:GSM6679357	timepoint	pre	file	raw/fp-d91fddb9e607/GSE216571_family.soft.gz		!Sample_source_name_ch1 = PT8_pre, sort CD3, T & NK cell subset bmref	True
GSM6679357	geo:GSE216571:GSM6679357	timepoint	pre	file	raw/fp-d91fddb9e607/GSE216571_family.soft.gz		Serial blood samples and BM aspirates were collected from patients treated with anti-BCMA TCE at variable time points, prior and post initiation of therapy and at relapse.	True
GSM6679357	geo:GSE216571:GSM6679357	treatment	anti-BCMA TCE	file	raw/fp-d91fddb9e607/GSE216571_family.soft.gz		Serial blood samples and BM aspirates were collected from patients treated with anti-BCMA TCE at variable time points, prior and post initiation of therapy and at relapse.	True
GSM6679357	geo:GSE216571:GSM6679357	treatment	anti-BCMA TCE	file	work/paper_dl/pubmed_36898378.txt		we identify conserved behaviors of bone marrow-residing T cells in multiple myeloma patients undergoing BCMAxCD3 TCE therapy	True
GSM6679357	geo:GSE216571:GSM6679357	treatment_status	prior to initiation of therapy	file	raw/fp-d91fddb9e607/GSE216571_family.soft.gz		!Sample_title = PT8_pre_CD3	True
GSM6679357	geo:GSE216571:GSM6679357	treatment_status	prior to initiation of therapy	file	raw/fp-d91fddb9e607/GSE216571_family.soft.gz		Serial blood samples and BM aspirates were collected from patients treated with anti-BCMA TCE at variable time points, prior and post initiation of therapy and at relapse.	True
GSM6679358	geo:GSE216571:GSM6679358	cell_enrichment	CD3+	file	raw/fp-d91fddb9e607/GSE216571_family.soft.gz		!Sample_source_name_ch1 = PT9_late, sort CD3, T & NK cell subset bmref	True
GSM6679358	geo:GSE216571:GSM6679358	cell_enrichment	CD3+	file	raw/fp-d91fddb9e607/GSE216571_family.soft.gz		Bone marrow mononuclear fractions were isolated through Ficoll density gradients coupled with magnetic sorting of CD3+ or CD45+ T cells.	True
GSM6679358	geo:GSE216571:GSM6679358	suspension_type	cell	file	raw/fp-d91fddb9e607/GSE216571_family.soft.gz		!Sample_library_source = transcriptomic single cell	True
GSM6679358	geo:GSE216571:GSM6679358	suspension_type	cell	file	raw/fp-d91fddb9e607/GSE216571_family.soft.gz		single cell 5’ v2 protocol, 10x Genomics	True
GSM6679358	geo:GSE216571:GSM6679358	donor_id	PT9	file	raw/fp-d91fddb9e607/GSE216571_family.soft.gz		!Sample_title = PT9_late_CD3	True
GSM6679358	geo:GSE216571:GSM6679358	donor_id	PT9	file	raw/fp-d91fddb9e607/GSE216571_family.soft.gz		!Sample_source_name_ch1 = PT9_late, sort CD3, T & NK cell subset bmref	True
GSM6679358	geo:GSE216571:GSM6679358	donor_id	PT9	file	raw/fp-d91fddb9e607/GSE216571_family.soft.gz		Serial blood samples and BM aspirates were collected from patients treated with anti-BCMA TCE at variable time points, prior and post initiation of therapy and at relapse.	True
GSM6679358	geo:GSE216571:GSM6679358	tissue_free_text	bone marrow	file	raw/fp-d91fddb9e607/GSE216571_family.soft.gz		!Sample_characteristics_ch1 = tissue: human bone marrow mononuclear cells	True
GSM6679358	geo:GSE216571:GSM6679358	tissue_free_text	bone marrow	file	raw/fp-d91fddb9e607/GSE216571_family.soft.gz		Serial blood samples and BM aspirates were collected from patients treated with anti-BCMA TCE at variable time points, prior and post initiation of therapy and at relapse.	True
GSM6679358	geo:GSE216571:GSM6679358	tissue_type	tissue	file	raw/fp-d91fddb9e607/GSE216571_family.soft.gz		Serial blood samples and BM aspirates were collected from patients treated with anti-BCMA TCE at variable time points, prior and post initiation of therapy and at relapse.	True
GSM6679358	geo:GSE216571:GSM6679358	tissue_type	tissue	file	raw/fp-d91fddb9e607/GSE216571_family.soft.gz		!Series_overall_design = Bone marrow resident CD3 and CD45 cells were isolated by fluorescence-activated cell sorting (FACS) and analyzed using 10x Genomics 5' RNA/TCR sequencing.	True
GSM6679358	geo:GSE216571:GSM6679358	sample_collection_method	bone marrow aspirate	file	raw/fp-d91fddb9e607/GSE216571_family.soft.gz		Serial blood samples and BM aspirates were collected from patients treated with anti-BCMA TCE at variable time points, prior and post initiation of therapy and at relapse.	True
GSM6679358	geo:GSE216571:GSM6679358	disease_free_text	multiple myeloma	file	raw/fp-d91fddb9e607/GSE216571_family.soft.gz		!Sample_characteristics_ch1 = treatment: relapsed-refractory multiple myeloma	True
GSM6679358	geo:GSE216571:GSM6679358	disease_free_text	multiple myeloma	file	raw/fp-d91fddb9e607/GSE216571_family.soft.gz		Here, we identify conserved behaviors of bone marrow residing CD4+ and CD8+ T cells in multiple myeloma patients undergoing TCE therapy.	True
GSM6679358	geo:GSE216571:GSM6679358	disease_stage	relapsed-refractory	file	raw/fp-d91fddb9e607/GSE216571_family.soft.gz		!Sample_characteristics_ch1 = treatment: relapsed-refractory multiple myeloma	True
GSM6679358	geo:GSE216571:GSM6679358	assay	10x 5' v2	file	raw/fp-d91fddb9e607/GSE216571_family.soft.gz		single cell 5’ v2 protocol, 10x Genomics	True
GSM6679358	geo:GSE216571:GSM6679358	assay	10x 5' v2	file	raw/fp-d91fddb9e607/GSE216571_family.soft.gz		!Sample_extract_protocol_ch1 = 5' scRNA/TCR-seq	True
GSM6679358	geo:GSE216571:GSM6679358	assay	10x 5' v2	file	raw/fp-d91fddb9e607/GSE216571_family.soft.gz		!Series_overall_design = Bone marrow resident CD3 and CD45 cells were isolated by fluorescence-activated cell sorting (FACS) and analyzed using 10x Genomics 5' RNA/TCR sequencing.	True
GSM6679358	geo:GSE216571:GSM6679358	timepoint	late	file	raw/fp-d91fddb9e607/GSE216571_family.soft.gz		!Sample_title = PT9_late_CD3	True
GSM6679358	geo:GSE216571:GSM6679358	timepoint	late	file	raw/fp-d91fddb9e607/GSE216571_family.soft.gz		!Sample_source_name_ch1 = PT9_late, sort CD3, T & NK cell subset bmref	True
GSM6679358	geo:GSE216571:GSM6679358	timepoint	late	file	raw/fp-d91fddb9e607/GSE216571_family.soft.gz		Serial blood samples and BM aspirates were collected from patients treated with anti-BCMA TCE at variable time points, prior and post initiation of therapy and at relapse.	True
GSM6679358	geo:GSE216571:GSM6679358	treatment	anti-BCMA TCE	file	raw/fp-d91fddb9e607/GSE216571_family.soft.gz		Serial blood samples and BM aspirates were collected from patients treated with anti-BCMA TCE at variable time points, prior and post initiation of therapy and at relapse.	True
GSM6679358	geo:GSE216571:GSM6679358	treatment	anti-BCMA TCE	file	work/paper_dl/pubmed_36898378.txt		we identify conserved behaviors of bone marrow-residing T cells in multiple myeloma patients undergoing BCMAxCD3 TCE therapy	True
GSM6679358	geo:GSE216571:GSM6679358	treatment_status	post initiation of therapy	file	raw/fp-d91fddb9e607/GSE216571_family.soft.gz		!Sample_title = PT9_late_CD3	True
GSM6679358	geo:GSE216571:GSM6679358	treatment_status	post initiation of therapy	file	raw/fp-d91fddb9e607/GSE216571_family.soft.gz		Serial blood samples and BM aspirates were collected from patients treated with anti-BCMA TCE at variable time points, prior and post initiation of therapy and at relapse.	True
GSM6679359	geo:GSE216571:GSM6679359	cell_enrichment	CD3+	file	raw/fp-d91fddb9e607/GSE216571_family.soft.gz		!Sample_source_name_ch1 = PT9_pre, sort CD3, T & NK cell subset bmref	True
GSM6679359	geo:GSE216571:GSM6679359	cell_enrichment	CD3+	file	raw/fp-d91fddb9e607/GSE216571_family.soft.gz		Bone marrow mononuclear fractions were isolated through Ficoll density gradients coupled with magnetic sorting of CD3+ or CD45+ T cells.	True
GSM6679359	geo:GSE216571:GSM6679359	suspension_type	cell	file	raw/fp-d91fddb9e607/GSE216571_family.soft.gz		!Sample_library_source = transcriptomic single cell	True
GSM6679359	geo:GSE216571:GSM6679359	suspension_type	cell	file	raw/fp-d91fddb9e607/GSE216571_family.soft.gz		single cell 5’ v2 protocol, 10x Genomics	True
GSM6679359	geo:GSE216571:GSM6679359	donor_id	PT9	file	raw/fp-d91fddb9e607/GSE216571_family.soft.gz		!Sample_title = PT9_pre_CD3	True
GSM6679359	geo:GSE216571:GSM6679359	donor_id	PT9	file	raw/fp-d91fddb9e607/GSE216571_family.soft.gz		!Sample_source_name_ch1 = PT9_pre, sort CD3, T & NK cell subset bmref	True
GSM6679359	geo:GSE216571:GSM6679359	donor_id	PT9	file	raw/fp-d91fddb9e607/GSE216571_family.soft.gz		Serial blood samples and BM aspirates were collected from patients treated with anti-BCMA TCE at variable time points, prior and post initiation of therapy and at relapse.	True
GSM6679359	geo:GSE216571:GSM6679359	tissue_free_text	bone marrow	file	raw/fp-d91fddb9e607/GSE216571_family.soft.gz		!Sample_characteristics_ch1 = tissue: human bone marrow mononuclear cells	True
GSM6679359	geo:GSE216571:GSM6679359	tissue_free_text	bone marrow	file	raw/fp-d91fddb9e607/GSE216571_family.soft.gz		Serial blood samples and BM aspirates were collected from patients treated with anti-BCMA TCE at variable time points, prior and post initiation of therapy and at relapse.	True
GSM6679359	geo:GSE216571:GSM6679359	tissue_type	tissue	file	raw/fp-d91fddb9e607/GSE216571_family.soft.gz		Serial blood samples and BM aspirates were collected from patients treated with anti-BCMA TCE at variable time points, prior and post initiation of therapy and at relapse.	True
GSM6679359	geo:GSE216571:GSM6679359	tissue_type	tissue	file	raw/fp-d91fddb9e607/GSE216571_family.soft.gz		!Series_overall_design = Bone marrow resident CD3 and CD45 cells were isolated by fluorescence-activated cell sorting (FACS) and analyzed using 10x Genomics 5' RNA/TCR sequencing.	True
GSM6679359	geo:GSE216571:GSM6679359	sample_collection_method	bone marrow aspirate	file	raw/fp-d91fddb9e607/GSE216571_family.soft.gz		Serial blood samples and BM aspirates were collected from patients treated with anti-BCMA TCE at variable time points, prior and post initiation of therapy and at relapse.	True
GSM6679359	geo:GSE216571:GSM6679359	disease_free_text	multiple myeloma	file	raw/fp-d91fddb9e607/GSE216571_family.soft.gz		!Sample_characteristics_ch1 = treatment: relapsed-refractory multiple myeloma	True
GSM6679359	geo:GSE216571:GSM6679359	disease_free_text	multiple myeloma	file	raw/fp-d91fddb9e607/GSE216571_family.soft.gz		Here, we identify conserved behaviors of bone marrow residing CD4+ and CD8+ T cells in multiple myeloma patients undergoing TCE therapy.	True
GSM6679359	geo:GSE216571:GSM6679359	disease_stage	relapsed-refractory	file	raw/fp-d91fddb9e607/GSE216571_family.soft.gz		!Sample_characteristics_ch1 = treatment: relapsed-refractory multiple myeloma	True
GSM6679359	geo:GSE216571:GSM6679359	assay	10x 5' v2	file	raw/fp-d91fddb9e607/GSE216571_family.soft.gz		single cell 5’ v2 protocol, 10x Genomics	True
GSM6679359	geo:GSE216571:GSM6679359	assay	10x 5' v2	file	raw/fp-d91fddb9e607/GSE216571_family.soft.gz		!Sample_extract_protocol_ch1 = 5' scRNA/TCR-seq	True
GSM6679359	geo:GSE216571:GSM6679359	assay	10x 5' v2	file	raw/fp-d91fddb9e607/GSE216571_family.soft.gz		!Series_overall_design = Bone marrow resident CD3 and CD45 cells were isolated by fluorescence-activated cell sorting (FACS) and analyzed using 10x Genomics 5' RNA/TCR sequencing.	True
GSM6679359	geo:GSE216571:GSM6679359	timepoint	pre	file	raw/fp-d91fddb9e607/GSE216571_family.soft.gz		!Sample_title = PT9_pre_CD3	True
GSM6679359	geo:GSE216571:GSM6679359	timepoint	pre	file	raw/fp-d91fddb9e607/GSE216571_family.soft.gz		!Sample_source_name_ch1 = PT9_pre, sort CD3, T & NK cell subset bmref	True
GSM6679359	geo:GSE216571:GSM6679359	timepoint	pre	file	raw/fp-d91fddb9e607/GSE216571_family.soft.gz		Serial blood samples and BM aspirates were collected from patients treated with anti-BCMA TCE at variable time points, prior and post initiation of therapy and at relapse.	True
GSM6679359	geo:GSE216571:GSM6679359	treatment	anti-BCMA TCE	file	raw/fp-d91fddb9e607/GSE216571_family.soft.gz		Serial blood samples and BM aspirates were collected from patients treated with anti-BCMA TCE at variable time points, prior and post initiation of therapy and at relapse.	True
GSM6679359	geo:GSE216571:GSM6679359	treatment	anti-BCMA TCE	file	work/paper_dl/pubmed_36898378.txt		we identify conserved behaviors of bone marrow-residing T cells in multiple myeloma patients undergoing BCMAxCD3 TCE therapy	True
GSM6679359	geo:GSE216571:GSM6679359	treatment_status	prior to initiation of therapy	file	raw/fp-d91fddb9e607/GSE216571_family.soft.gz		!Sample_title = PT9_pre_CD3	True
GSM6679359	geo:GSE216571:GSM6679359	treatment_status	prior to initiation of therapy	file	raw/fp-d91fddb9e607/GSE216571_family.soft.gz		Serial blood samples and BM aspirates were collected from patients treated with anti-BCMA TCE at variable time points, prior and post initiation of therapy and at relapse.	True
GSM6679360	geo:GSE216571:GSM6679360	cell_enrichment	CD45+	file	raw/fp-d91fddb9e607/GSE216571_family.soft.gz		!Sample_source_name_ch1 = PT9_pre, sort CD45	True
GSM6679360	geo:GSE216571:GSM6679360	cell_enrichment	CD45+	file	raw/fp-d91fddb9e607/GSE216571_family.soft.gz		Bone marrow mononuclear fractions were isolated through Ficoll density gradients coupled with magnetic sorting of CD3+ or CD45+ T cells.	True
GSM6679360	geo:GSE216571:GSM6679360	suspension_type	cell	file	raw/fp-d91fddb9e607/GSE216571_family.soft.gz		!Sample_library_source = transcriptomic single cell	True
GSM6679360	geo:GSE216571:GSM6679360	suspension_type	cell	file	raw/fp-d91fddb9e607/GSE216571_family.soft.gz		single cell 5’ v2 protocol, 10x Genomics	True
GSM6679360	geo:GSE216571:GSM6679360	donor_id	PT9	file	raw/fp-d91fddb9e607/GSE216571_family.soft.gz		!Sample_title = PT9_pre_CD45	True
GSM6679360	geo:GSE216571:GSM6679360	donor_id	PT9	file	raw/fp-d91fddb9e607/GSE216571_family.soft.gz		!Sample_source_name_ch1 = PT9_pre, sort CD45	True
GSM6679360	geo:GSE216571:GSM6679360	donor_id	PT9	file	raw/fp-d91fddb9e607/GSE216571_family.soft.gz		Serial blood samples and BM aspirates were collected from patients treated with anti-BCMA TCE at variable time points, prior and post initiation of therapy and at relapse.	True
GSM6679360	geo:GSE216571:GSM6679360	tissue_free_text	bone marrow	file	raw/fp-d91fddb9e607/GSE216571_family.soft.gz		!Sample_characteristics_ch1 = tissue: human bone marrow mononuclear cells	True
GSM6679360	geo:GSE216571:GSM6679360	tissue_free_text	bone marrow	file	raw/fp-d91fddb9e607/GSE216571_family.soft.gz		Serial blood samples and BM aspirates were collected from patients treated with anti-BCMA TCE at variable time points, prior and post initiation of therapy and at relapse.	True
GSM6679360	geo:GSE216571:GSM6679360	tissue_type	tissue	file	raw/fp-d91fddb9e607/GSE216571_family.soft.gz		Serial blood samples and BM aspirates were collected from patients treated with anti-BCMA TCE at variable time points, prior and post initiation of therapy and at relapse.	True
GSM6679360	geo:GSE216571:GSM6679360	tissue_type	tissue	file	raw/fp-d91fddb9e607/GSE216571_family.soft.gz		!Series_overall_design = Bone marrow resident CD3 and CD45 cells were isolated by fluorescence-activated cell sorting (FACS) and analyzed using 10x Genomics 5' RNA/TCR sequencing.	True
GSM6679360	geo:GSE216571:GSM6679360	sample_collection_method	bone marrow aspirate	file	raw/fp-d91fddb9e607/GSE216571_family.soft.gz		Serial blood samples and BM aspirates were collected from patients treated with anti-BCMA TCE at variable time points, prior and post initiation of therapy and at relapse.	True
GSM6679360	geo:GSE216571:GSM6679360	disease_free_text	multiple myeloma	file	raw/fp-d91fddb9e607/GSE216571_family.soft.gz		!Sample_characteristics_ch1 = treatment: relapsed-refractory multiple myeloma	True
GSM6679360	geo:GSE216571:GSM6679360	disease_free_text	multiple myeloma	file	raw/fp-d91fddb9e607/GSE216571_family.soft.gz		Here, we identify conserved behaviors of bone marrow residing CD4+ and CD8+ T cells in multiple myeloma patients undergoing TCE therapy.	True
GSM6679360	geo:GSE216571:GSM6679360	disease_stage	relapsed-refractory	file	raw/fp-d91fddb9e607/GSE216571_family.soft.gz		!Sample_characteristics_ch1 = treatment: relapsed-refractory multiple myeloma	True
GSM6679360	geo:GSE216571:GSM6679360	assay	10x 5' v2	file	raw/fp-d91fddb9e607/GSE216571_family.soft.gz		single cell 5’ v2 protocol, 10x Genomics	True
GSM6679360	geo:GSE216571:GSM6679360	assay	10x 5' v2	file	raw/fp-d91fddb9e607/GSE216571_family.soft.gz		!Sample_extract_protocol_ch1 = 5' scRNA/TCR-seq	True
GSM6679360	geo:GSE216571:GSM6679360	assay	10x 5' v2	file	raw/fp-d91fddb9e607/GSE216571_family.soft.gz		!Series_overall_design = Bone marrow resident CD3 and CD45 cells were isolated by fluorescence-activated cell sorting (FACS) and analyzed using 10x Genomics 5' RNA/TCR sequencing.	True
GSM6679360	geo:GSE216571:GSM6679360	timepoint	pre	file	raw/fp-d91fddb9e607/GSE216571_family.soft.gz		!Sample_title = PT9_pre_CD45	True
GSM6679360	geo:GSE216571:GSM6679360	timepoint	pre	file	raw/fp-d91fddb9e607/GSE216571_family.soft.gz		!Sample_source_name_ch1 = PT9_pre, sort CD45	True
GSM6679360	geo:GSE216571:GSM6679360	timepoint	pre	file	raw/fp-d91fddb9e607/GSE216571_family.soft.gz		Serial blood samples and BM aspirates were collected from patients treated with anti-BCMA TCE at variable time points, prior and post initiation of therapy and at relapse.	True
GSM6679360	geo:GSE216571:GSM6679360	treatment	anti-BCMA TCE	file	raw/fp-d91fddb9e607/GSE216571_family.soft.gz		Serial blood samples and BM aspirates were collected from patients treated with anti-BCMA TCE at variable time points, prior and post initiation of therapy and at relapse.	True
GSM6679360	geo:GSE216571:GSM6679360	treatment	anti-BCMA TCE	file	work/paper_dl/pubmed_36898378.txt		we identify conserved behaviors of bone marrow-residing T cells in multiple myeloma patients undergoing BCMAxCD3 TCE therapy	True
GSM6679360	geo:GSE216571:GSM6679360	treatment_status	prior to initiation of therapy	file	raw/fp-d91fddb9e607/GSE216571_family.soft.gz		!Sample_title = PT9_pre_CD45	True
GSM6679360	geo:GSE216571:GSM6679360	treatment_status	prior to initiation of therapy	file	raw/fp-d91fddb9e607/GSE216571_family.soft.gz		Serial blood samples and BM aspirates were collected from patients treated with anti-BCMA TCE at variable time points, prior and post initiation of therapy and at relapse.	True
GSM6679361	geo:GSE216571:GSM6679361	cell_enrichment	CD45+	file	raw/fp-d91fddb9e607/GSE216571_family.soft.gz		!Sample_source_name_ch1 = PT9_late, sort CD45	True
GSM6679361	geo:GSE216571:GSM6679361	cell_enrichment	CD45+	file	raw/fp-d91fddb9e607/GSE216571_family.soft.gz		Bone marrow mononuclear fractions were isolated through Ficoll density gradients coupled with magnetic sorting of CD3+ or CD45+ T cells.	True
GSM6679361	geo:GSE216571:GSM6679361	suspension_type	cell	file	raw/fp-d91fddb9e607/GSE216571_family.soft.gz		!Sample_library_source = transcriptomic single cell	True
GSM6679361	geo:GSE216571:GSM6679361	suspension_type	cell	file	raw/fp-d91fddb9e607/GSE216571_family.soft.gz		single cell 5’ v2 protocol, 10x Genomics	True
GSM6679361	geo:GSE216571:GSM6679361	donor_id	PT9	file	raw/fp-d91fddb9e607/GSE216571_family.soft.gz		!Sample_title = PT9_late_CD45	True
GSM6679361	geo:GSE216571:GSM6679361	donor_id	PT9	file	raw/fp-d91fddb9e607/GSE216571_family.soft.gz		!Sample_source_name_ch1 = PT9_late, sort CD45	True
GSM6679361	geo:GSE216571:GSM6679361	donor_id	PT9	file	raw/fp-d91fddb9e607/GSE216571_family.soft.gz		Serial blood samples and BM aspirates were collected from patients treated with anti-BCMA TCE at variable time points, prior and post initiation of therapy and at relapse.	True
GSM6679361	geo:GSE216571:GSM6679361	tissue_free_text	bone marrow	file	raw/fp-d91fddb9e607/GSE216571_family.soft.gz		!Sample_characteristics_ch1 = tissue: human bone marrow mononuclear cells	True
GSM6679361	geo:GSE216571:GSM6679361	tissue_free_text	bone marrow	file	raw/fp-d91fddb9e607/GSE216571_family.soft.gz		Serial blood samples and BM aspirates were collected from patients treated with anti-BCMA TCE at variable time points, prior and post initiation of therapy and at relapse.	True
GSM6679361	geo:GSE216571:GSM6679361	tissue_type	tissue	file	raw/fp-d91fddb9e607/GSE216571_family.soft.gz		Serial blood samples and BM aspirates were collected from patients treated with anti-BCMA TCE at variable time points, prior and post initiation of therapy and at relapse.	True
GSM6679361	geo:GSE216571:GSM6679361	tissue_type	tissue	file	raw/fp-d91fddb9e607/GSE216571_family.soft.gz		!Series_overall_design = Bone marrow resident CD3 and CD45 cells were isolated by fluorescence-activated cell sorting (FACS) and analyzed using 10x Genomics 5' RNA/TCR sequencing.	True
GSM6679361	geo:GSE216571:GSM6679361	sample_collection_method	bone marrow aspirate	file	raw/fp-d91fddb9e607/GSE216571_family.soft.gz		Serial blood samples and BM aspirates were collected from patients treated with anti-BCMA TCE at variable time points, prior and post initiation of therapy and at relapse.	True
GSM6679361	geo:GSE216571:GSM6679361	disease_free_text	multiple myeloma	file	raw/fp-d91fddb9e607/GSE216571_family.soft.gz		!Sample_characteristics_ch1 = treatment: relapsed-refractory multiple myeloma	True
GSM6679361	geo:GSE216571:GSM6679361	disease_free_text	multiple myeloma	file	raw/fp-d91fddb9e607/GSE216571_family.soft.gz		Here, we identify conserved behaviors of bone marrow residing CD4+ and CD8+ T cells in multiple myeloma patients undergoing TCE therapy.	True
GSM6679361	geo:GSE216571:GSM6679361	disease_stage	relapsed-refractory	file	raw/fp-d91fddb9e607/GSE216571_family.soft.gz		!Sample_characteristics_ch1 = treatment: relapsed-refractory multiple myeloma	True
GSM6679361	geo:GSE216571:GSM6679361	assay	10x 5' v2	file	raw/fp-d91fddb9e607/GSE216571_family.soft.gz		single cell 5’ v2 protocol, 10x Genomics	True
GSM6679361	geo:GSE216571:GSM6679361	assay	10x 5' v2	file	raw/fp-d91fddb9e607/GSE216571_family.soft.gz		!Sample_extract_protocol_ch1 = 5' scRNA/TCR-seq	True
GSM6679361	geo:GSE216571:GSM6679361	assay	10x 5' v2	file	raw/fp-d91fddb9e607/GSE216571_family.soft.gz		!Series_overall_design = Bone marrow resident CD3 and CD45 cells were isolated by fluorescence-activated cell sorting (FACS) and analyzed using 10x Genomics 5' RNA/TCR sequencing.	True
GSM6679361	geo:GSE216571:GSM6679361	timepoint	late	file	raw/fp-d91fddb9e607/GSE216571_family.soft.gz		!Sample_title = PT9_late_CD45	True
GSM6679361	geo:GSE216571:GSM6679361	timepoint	late	file	raw/fp-d91fddb9e607/GSE216571_family.soft.gz		!Sample_source_name_ch1 = PT9_late, sort CD45	True
GSM6679361	geo:GSE216571:GSM6679361	timepoint	late	file	raw/fp-d91fddb9e607/GSE216571_family.soft.gz		Serial blood samples and BM aspirates were collected from patients treated with anti-BCMA TCE at variable time points, prior and post initiation of therapy and at relapse.	True
GSM6679361	geo:GSE216571:GSM6679361	treatment	anti-BCMA TCE	file	raw/fp-d91fddb9e607/GSE216571_family.soft.gz		Serial blood samples and BM aspirates were collected from patients treated with anti-BCMA TCE at variable time points, prior and post initiation of therapy and at relapse.	True
GSM6679361	geo:GSE216571:GSM6679361	treatment	anti-BCMA TCE	file	work/paper_dl/pubmed_36898378.txt		we identify conserved behaviors of bone marrow-residing T cells in multiple myeloma patients undergoing BCMAxCD3 TCE therapy	True
GSM6679361	geo:GSE216571:GSM6679361	treatment_status	post initiation of therapy	file	raw/fp-d91fddb9e607/GSE216571_family.soft.gz		!Sample_title = PT9_late_CD45	True
GSM6679361	geo:GSE216571:GSM6679361	treatment_status	post initiation of therapy	file	raw/fp-d91fddb9e607/GSE216571_family.soft.gz		Serial blood samples and BM aspirates were collected from patients treated with anti-BCMA TCE at variable time points, prior and post initiation of therapy and at relapse.	True
GSM6679362	geo:GSE216571:GSM6679362	cell_enrichment	CD45+	file	raw/fp-d91fddb9e607/GSE216571_family.soft.gz		!Sample_source_name_ch1 = PT8_pre, sort CD45	True
GSM6679362	geo:GSE216571:GSM6679362	cell_enrichment	CD45+	file	raw/fp-d91fddb9e607/GSE216571_family.soft.gz		Bone marrow mononuclear fractions were isolated through Ficoll density gradients coupled with magnetic sorting of CD3+ or CD45+ T cells.	True
GSM6679362	geo:GSE216571:GSM6679362	suspension_type	cell	file	raw/fp-d91fddb9e607/GSE216571_family.soft.gz		!Sample_library_source = transcriptomic single cell	True
GSM6679362	geo:GSE216571:GSM6679362	suspension_type	cell	file	raw/fp-d91fddb9e607/GSE216571_family.soft.gz		single cell 5’ v2 protocol, 10x Genomics	True
GSM6679362	geo:GSE216571:GSM6679362	donor_id	PT8	file	raw/fp-d91fddb9e607/GSE216571_family.soft.gz		!Sample_title = PT8_pre_CD45	True
GSM6679362	geo:GSE216571:GSM6679362	donor_id	PT8	file	raw/fp-d91fddb9e607/GSE216571_family.soft.gz		!Sample_source_name_ch1 = PT8_pre, sort CD45	True
GSM6679362	geo:GSE216571:GSM6679362	donor_id	PT8	file	raw/fp-d91fddb9e607/GSE216571_family.soft.gz		Serial blood samples and BM aspirates were collected from patients treated with anti-BCMA TCE at variable time points, prior and post initiation of therapy and at relapse.	True
GSM6679362	geo:GSE216571:GSM6679362	tissue_free_text	bone marrow	file	raw/fp-d91fddb9e607/GSE216571_family.soft.gz		!Sample_characteristics_ch1 = tissue: human bone marrow mononuclear cells	True
GSM6679362	geo:GSE216571:GSM6679362	tissue_free_text	bone marrow	file	raw/fp-d91fddb9e607/GSE216571_family.soft.gz		Serial blood samples and BM aspirates were collected from patients treated with anti-BCMA TCE at variable time points, prior and post initiation of therapy and at relapse.	True
GSM6679362	geo:GSE216571:GSM6679362	tissue_type	tissue	file	raw/fp-d91fddb9e607/GSE216571_family.soft.gz		Serial blood samples and BM aspirates were collected from patients treated with anti-BCMA TCE at variable time points, prior and post initiation of therapy and at relapse.	True
GSM6679362	geo:GSE216571:GSM6679362	tissue_type	tissue	file	raw/fp-d91fddb9e607/GSE216571_family.soft.gz		!Series_overall_design = Bone marrow resident CD3 and CD45 cells were isolated by fluorescence-activated cell sorting (FACS) and analyzed using 10x Genomics 5' RNA/TCR sequencing.	True
GSM6679362	geo:GSE216571:GSM6679362	sample_collection_method	bone marrow aspirate	file	raw/fp-d91fddb9e607/GSE216571_family.soft.gz		Serial blood samples and BM aspirates were collected from patients treated with anti-BCMA TCE at variable time points, prior and post initiation of therapy and at relapse.	True
GSM6679362	geo:GSE216571:GSM6679362	disease_free_text	multiple myeloma	file	raw/fp-d91fddb9e607/GSE216571_family.soft.gz		!Sample_characteristics_ch1 = treatment: relapsed-refractory multiple myeloma	True
GSM6679362	geo:GSE216571:GSM6679362	disease_free_text	multiple myeloma	file	raw/fp-d91fddb9e607/GSE216571_family.soft.gz		Here, we identify conserved behaviors of bone marrow residing CD4+ and CD8+ T cells in multiple myeloma patients undergoing TCE therapy.	True
GSM6679362	geo:GSE216571:GSM6679362	disease_stage	relapsed-refractory	file	raw/fp-d91fddb9e607/GSE216571_family.soft.gz		!Sample_characteristics_ch1 = treatment: relapsed-refractory multiple myeloma	True
GSM6679362	geo:GSE216571:GSM6679362	assay	10x 5' v2	file	raw/fp-d91fddb9e607/GSE216571_family.soft.gz		single cell 5’ v2 protocol, 10x Genomics	True
GSM6679362	geo:GSE216571:GSM6679362	assay	10x 5' v2	file	raw/fp-d91fddb9e607/GSE216571_family.soft.gz		!Sample_extract_protocol_ch1 = 5' scRNA/TCR-seq	True
GSM6679362	geo:GSE216571:GSM6679362	assay	10x 5' v2	file	raw/fp-d91fddb9e607/GSE216571_family.soft.gz		!Series_overall_design = Bone marrow resident CD3 and CD45 cells were isolated by fluorescence-activated cell sorting (FACS) and analyzed using 10x Genomics 5' RNA/TCR sequencing.	True
GSM6679362	geo:GSE216571:GSM6679362	timepoint	pre	file	raw/fp-d91fddb9e607/GSE216571_family.soft.gz		!Sample_title = PT8_pre_CD45	True
GSM6679362	geo:GSE216571:GSM6679362	timepoint	pre	file	raw/fp-d91fddb9e607/GSE216571_family.soft.gz		!Sample_source_name_ch1 = PT8_pre, sort CD45	True
GSM6679362	geo:GSE216571:GSM6679362	timepoint	pre	file	raw/fp-d91fddb9e607/GSE216571_family.soft.gz		Serial blood samples and BM aspirates were collected from patients treated with anti-BCMA TCE at variable time points, prior and post initiation of therapy and at relapse.	True
GSM6679362	geo:GSE216571:GSM6679362	treatment	anti-BCMA TCE	file	raw/fp-d91fddb9e607/GSE216571_family.soft.gz		Serial blood samples and BM aspirates were collected from patients treated with anti-BCMA TCE at variable time points, prior and post initiation of therapy and at relapse.	True
GSM6679362	geo:GSE216571:GSM6679362	treatment	anti-BCMA TCE	file	work/paper_dl/pubmed_36898378.txt		we identify conserved behaviors of bone marrow-residing T cells in multiple myeloma patients undergoing BCMAxCD3 TCE therapy	True
GSM6679362	geo:GSE216571:GSM6679362	treatment_status	prior to initiation of therapy	file	raw/fp-d91fddb9e607/GSE216571_family.soft.gz		!Sample_title = PT8_pre_CD45	True
GSM6679362	geo:GSE216571:GSM6679362	treatment_status	prior to initiation of therapy	file	raw/fp-d91fddb9e607/GSE216571_family.soft.gz		Serial blood samples and BM aspirates were collected from patients treated with anti-BCMA TCE at variable time points, prior and post initiation of therapy and at relapse.	True
GSM6679363	geo:GSE216571:GSM6679363	cell_enrichment	CD45+	file	raw/fp-d91fddb9e607/GSE216571_family.soft.gz		!Sample_source_name_ch1 = PT8_late, sort CD45	True
GSM6679363	geo:GSE216571:GSM6679363	cell_enrichment	CD45+	file	raw/fp-d91fddb9e607/GSE216571_family.soft.gz		Bone marrow mononuclear fractions were isolated through Ficoll density gradients coupled with magnetic sorting of CD3+ or CD45+ T cells.	True
GSM6679363	geo:GSE216571:GSM6679363	suspension_type	cell	file	raw/fp-d91fddb9e607/GSE216571_family.soft.gz		!Sample_library_source = transcriptomic single cell	True
GSM6679363	geo:GSE216571:GSM6679363	suspension_type	cell	file	raw/fp-d91fddb9e607/GSE216571_family.soft.gz		single cell 5’ v2 protocol, 10x Genomics	True
GSM6679363	geo:GSE216571:GSM6679363	donor_id	PT8	file	raw/fp-d91fddb9e607/GSE216571_family.soft.gz		!Sample_title = PT8_late_CD45	True
GSM6679363	geo:GSE216571:GSM6679363	donor_id	PT8	file	raw/fp-d91fddb9e607/GSE216571_family.soft.gz		!Sample_source_name_ch1 = PT8_late, sort CD45	True
GSM6679363	geo:GSE216571:GSM6679363	donor_id	PT8	file	raw/fp-d91fddb9e607/GSE216571_family.soft.gz		Serial blood samples and BM aspirates were collected from patients treated with anti-BCMA TCE at variable time points, prior and post initiation of therapy and at relapse.	True
GSM6679363	geo:GSE216571:GSM6679363	tissue_free_text	bone marrow	file	raw/fp-d91fddb9e607/GSE216571_family.soft.gz		!Sample_characteristics_ch1 = tissue: human bone marrow mononuclear cells	True
GSM6679363	geo:GSE216571:GSM6679363	tissue_free_text	bone marrow	file	raw/fp-d91fddb9e607/GSE216571_family.soft.gz		Serial blood samples and BM aspirates were collected from patients treated with anti-BCMA TCE at variable time points, prior and post initiation of therapy and at relapse.	True
GSM6679363	geo:GSE216571:GSM6679363	tissue_type	tissue	file	raw/fp-d91fddb9e607/GSE216571_family.soft.gz		Serial blood samples and BM aspirates were collected from patients treated with anti-BCMA TCE at variable time points, prior and post initiation of therapy and at relapse.	True
GSM6679363	geo:GSE216571:GSM6679363	tissue_type	tissue	file	raw/fp-d91fddb9e607/GSE216571_family.soft.gz		!Series_overall_design = Bone marrow resident CD3 and CD45 cells were isolated by fluorescence-activated cell sorting (FACS) and analyzed using 10x Genomics 5' RNA/TCR sequencing.	True
GSM6679363	geo:GSE216571:GSM6679363	sample_collection_method	bone marrow aspirate	file	raw/fp-d91fddb9e607/GSE216571_family.soft.gz		Serial blood samples and BM aspirates were collected from patients treated with anti-BCMA TCE at variable time points, prior and post initiation of therapy and at relapse.	True
GSM6679363	geo:GSE216571:GSM6679363	disease_free_text	multiple myeloma	file	raw/fp-d91fddb9e607/GSE216571_family.soft.gz		!Sample_characteristics_ch1 = treatment: relapsed-refractory multiple myeloma	True
GSM6679363	geo:GSE216571:GSM6679363	disease_free_text	multiple myeloma	file	raw/fp-d91fddb9e607/GSE216571_family.soft.gz		Here, we identify conserved behaviors of bone marrow residing CD4+ and CD8+ T cells in multiple myeloma patients undergoing TCE therapy.	True
GSM6679363	geo:GSE216571:GSM6679363	disease_stage	relapsed-refractory	file	raw/fp-d91fddb9e607/GSE216571_family.soft.gz		!Sample_characteristics_ch1 = treatment: relapsed-refractory multiple myeloma	True
GSM6679363	geo:GSE216571:GSM6679363	assay	10x 5' v2	file	raw/fp-d91fddb9e607/GSE216571_family.soft.gz		single cell 5’ v2 protocol, 10x Genomics	True
GSM6679363	geo:GSE216571:GSM6679363	assay	10x 5' v2	file	raw/fp-d91fddb9e607/GSE216571_family.soft.gz		!Sample_extract_protocol_ch1 = 5' scRNA/TCR-seq	True
GSM6679363	geo:GSE216571:GSM6679363	assay	10x 5' v2	file	raw/fp-d91fddb9e607/GSE216571_family.soft.gz		!Series_overall_design = Bone marrow resident CD3 and CD45 cells were isolated by fluorescence-activated cell sorting (FACS) and analyzed using 10x Genomics 5' RNA/TCR sequencing.	True
GSM6679363	geo:GSE216571:GSM6679363	timepoint	late	file	raw/fp-d91fddb9e607/GSE216571_family.soft.gz		!Sample_title = PT8_late_CD45	True
GSM6679363	geo:GSE216571:GSM6679363	timepoint	late	file	raw/fp-d91fddb9e607/GSE216571_family.soft.gz		!Sample_source_name_ch1 = PT8_late, sort CD45	True
GSM6679363	geo:GSE216571:GSM6679363	timepoint	late	file	raw/fp-d91fddb9e607/GSE216571_family.soft.gz		Serial blood samples and BM aspirates were collected from patients treated with anti-BCMA TCE at variable time points, prior and post initiation of therapy and at relapse.	True
GSM6679363	geo:GSE216571:GSM6679363	treatment	anti-BCMA TCE	file	raw/fp-d91fddb9e607/GSE216571_family.soft.gz		Serial blood samples and BM aspirates were collected from patients treated with anti-BCMA TCE at variable time points, prior and post initiation of therapy and at relapse.	True
GSM6679363	geo:GSE216571:GSM6679363	treatment	anti-BCMA TCE	file	work/paper_dl/pubmed_36898378.txt		we identify conserved behaviors of bone marrow-residing T cells in multiple myeloma patients undergoing BCMAxCD3 TCE therapy	True
GSM6679363	geo:GSE216571:GSM6679363	treatment_status	post initiation of therapy	file	raw/fp-d91fddb9e607/GSE216571_family.soft.gz		!Sample_title = PT8_late_CD45	True
GSM6679363	geo:GSE216571:GSM6679363	treatment_status	post initiation of therapy	file	raw/fp-d91fddb9e607/GSE216571_family.soft.gz		Serial blood samples and BM aspirates were collected from patients treated with anti-BCMA TCE at variable time points, prior and post initiation of therapy and at relapse.	True
GSM6679364	geo:GSE216571:GSM6679364	cell_enrichment	CD45+	file	raw/fp-d91fddb9e607/GSE216571_family.soft.gz		!Sample_source_name_ch1 = PT14_pre, sort CD45	True
GSM6679364	geo:GSE216571:GSM6679364	cell_enrichment	CD45+	file	raw/fp-d91fddb9e607/GSE216571_family.soft.gz		Bone marrow mononuclear fractions were isolated through Ficoll density gradients coupled with magnetic sorting of CD3+ or CD45+ T cells.	True
GSM6679364	geo:GSE216571:GSM6679364	suspension_type	cell	file	raw/fp-d91fddb9e607/GSE216571_family.soft.gz		!Sample_library_source = transcriptomic single cell	True
GSM6679364	geo:GSE216571:GSM6679364	suspension_type	cell	file	raw/fp-d91fddb9e607/GSE216571_family.soft.gz		single cell 5’ v2 protocol, 10x Genomics	True
GSM6679364	geo:GSE216571:GSM6679364	donor_id	PT14	file	raw/fp-d91fddb9e607/GSE216571_family.soft.gz		!Sample_title = PT14_pre_CD45	True
GSM6679364	geo:GSE216571:GSM6679364	donor_id	PT14	file	raw/fp-d91fddb9e607/GSE216571_family.soft.gz		!Sample_source_name_ch1 = PT14_pre, sort CD45	True
GSM6679364	geo:GSE216571:GSM6679364	donor_id	PT14	file	raw/fp-d91fddb9e607/GSE216571_family.soft.gz		Serial blood samples and BM aspirates were collected from patients treated with anti-BCMA TCE at variable time points, prior and post initiation of therapy and at relapse.	True
GSM6679364	geo:GSE216571:GSM6679364	tissue_free_text	bone marrow	file	raw/fp-d91fddb9e607/GSE216571_family.soft.gz		!Sample_characteristics_ch1 = tissue: human bone marrow mononuclear cells	True
GSM6679364	geo:GSE216571:GSM6679364	tissue_free_text	bone marrow	file	raw/fp-d91fddb9e607/GSE216571_family.soft.gz		Serial blood samples and BM aspirates were collected from patients treated with anti-BCMA TCE at variable time points, prior and post initiation of therapy and at relapse.	True
GSM6679364	geo:GSE216571:GSM6679364	tissue_type	tissue	file	raw/fp-d91fddb9e607/GSE216571_family.soft.gz		Serial blood samples and BM aspirates were collected from patients treated with anti-BCMA TCE at variable time points, prior and post initiation of therapy and at relapse.	True
GSM6679364	geo:GSE216571:GSM6679364	tissue_type	tissue	file	raw/fp-d91fddb9e607/GSE216571_family.soft.gz		!Series_overall_design = Bone marrow resident CD3 and CD45 cells were isolated by fluorescence-activated cell sorting (FACS) and analyzed using 10x Genomics 5' RNA/TCR sequencing.	True
GSM6679364	geo:GSE216571:GSM6679364	sample_collection_method	bone marrow aspirate	file	raw/fp-d91fddb9e607/GSE216571_family.soft.gz		Serial blood samples and BM aspirates were collected from patients treated with anti-BCMA TCE at variable time points, prior and post initiation of therapy and at relapse.	True
GSM6679364	geo:GSE216571:GSM6679364	disease_free_text	multiple myeloma	file	raw/fp-d91fddb9e607/GSE216571_family.soft.gz		!Sample_characteristics_ch1 = treatment: relapsed-refractory multiple myeloma	True
GSM6679364	geo:GSE216571:GSM6679364	disease_free_text	multiple myeloma	file	raw/fp-d91fddb9e607/GSE216571_family.soft.gz		Here, we identify conserved behaviors of bone marrow residing CD4+ and CD8+ T cells in multiple myeloma patients undergoing TCE therapy.	True
GSM6679364	geo:GSE216571:GSM6679364	disease_stage	relapsed-refractory	file	raw/fp-d91fddb9e607/GSE216571_family.soft.gz		!Sample_characteristics_ch1 = treatment: relapsed-refractory multiple myeloma	True
GSM6679364	geo:GSE216571:GSM6679364	assay	10x 5' v2	file	raw/fp-d91fddb9e607/GSE216571_family.soft.gz		single cell 5’ v2 protocol, 10x Genomics	True
GSM6679364	geo:GSE216571:GSM6679364	assay	10x 5' v2	file	raw/fp-d91fddb9e607/GSE216571_family.soft.gz		!Sample_extract_protocol_ch1 = 5' scRNA/TCR-seq	True
GSM6679364	geo:GSE216571:GSM6679364	assay	10x 5' v2	file	raw/fp-d91fddb9e607/GSE216571_family.soft.gz		!Series_overall_design = Bone marrow resident CD3 and CD45 cells were isolated by fluorescence-activated cell sorting (FACS) and analyzed using 10x Genomics 5' RNA/TCR sequencing.	True
GSM6679364	geo:GSE216571:GSM6679364	timepoint	pre	file	raw/fp-d91fddb9e607/GSE216571_family.soft.gz		!Sample_title = PT14_pre_CD45	True
GSM6679364	geo:GSE216571:GSM6679364	timepoint	pre	file	raw/fp-d91fddb9e607/GSE216571_family.soft.gz		!Sample_source_name_ch1 = PT14_pre, sort CD45	True
GSM6679364	geo:GSE216571:GSM6679364	timepoint	pre	file	raw/fp-d91fddb9e607/GSE216571_family.soft.gz		Serial blood samples and BM aspirates were collected from patients treated with anti-BCMA TCE at variable time points, prior and post initiation of therapy and at relapse.	True
GSM6679364	geo:GSE216571:GSM6679364	treatment	anti-BCMA TCE	file	raw/fp-d91fddb9e607/GSE216571_family.soft.gz		Serial blood samples and BM aspirates were collected from patients treated with anti-BCMA TCE at variable time points, prior and post initiation of therapy and at relapse.	True
GSM6679364	geo:GSE216571:GSM6679364	treatment	anti-BCMA TCE	file	work/paper_dl/pubmed_36898378.txt		we identify conserved behaviors of bone marrow-residing T cells in multiple myeloma patients undergoing BCMAxCD3 TCE therapy	True
GSM6679364	geo:GSE216571:GSM6679364	treatment_status	prior to initiation of therapy	file	raw/fp-d91fddb9e607/GSE216571_family.soft.gz		!Sample_title = PT14_pre_CD45	True
GSM6679364	geo:GSE216571:GSM6679364	treatment_status	prior to initiation of therapy	file	raw/fp-d91fddb9e607/GSE216571_family.soft.gz		Serial blood samples and BM aspirates were collected from patients treated with anti-BCMA TCE at variable time points, prior and post initiation of therapy and at relapse.	True
GSM6679365	geo:GSE216571:GSM6679365	cell_enrichment	CD45+	file	raw/fp-d91fddb9e607/GSE216571_family.soft.gz		!Sample_source_name_ch1 = PT14_late, sort CD45	True
GSM6679365	geo:GSE216571:GSM6679365	cell_enrichment	CD45+	file	raw/fp-d91fddb9e607/GSE216571_family.soft.gz		Bone marrow mononuclear fractions were isolated through Ficoll density gradients coupled with magnetic sorting of CD3+ or CD45+ T cells.	True
GSM6679365	geo:GSE216571:GSM6679365	suspension_type	cell	file	raw/fp-d91fddb9e607/GSE216571_family.soft.gz		!Sample_library_source = transcriptomic single cell	True
GSM6679365	geo:GSE216571:GSM6679365	suspension_type	cell	file	raw/fp-d91fddb9e607/GSE216571_family.soft.gz		single cell 5’ v2 protocol, 10x Genomics	True
GSM6679365	geo:GSE216571:GSM6679365	donor_id	PT14	file	raw/fp-d91fddb9e607/GSE216571_family.soft.gz		!Sample_title = PT14_late_CD45	True
GSM6679365	geo:GSE216571:GSM6679365	donor_id	PT14	file	raw/fp-d91fddb9e607/GSE216571_family.soft.gz		!Sample_source_name_ch1 = PT14_late, sort CD45	True
GSM6679365	geo:GSE216571:GSM6679365	donor_id	PT14	file	raw/fp-d91fddb9e607/GSE216571_family.soft.gz		Serial blood samples and BM aspirates were collected from patients treated with anti-BCMA TCE at variable time points, prior and post initiation of therapy and at relapse.	True
GSM6679365	geo:GSE216571:GSM6679365	tissue_free_text	bone marrow	file	raw/fp-d91fddb9e607/GSE216571_family.soft.gz		!Sample_characteristics_ch1 = tissue: human bone marrow mononuclear cells	True
GSM6679365	geo:GSE216571:GSM6679365	tissue_free_text	bone marrow	file	raw/fp-d91fddb9e607/GSE216571_family.soft.gz		Serial blood samples and BM aspirates were collected from patients treated with anti-BCMA TCE at variable time points, prior and post initiation of therapy and at relapse.	True
GSM6679365	geo:GSE216571:GSM6679365	tissue_type	tissue	file	raw/fp-d91fddb9e607/GSE216571_family.soft.gz		Serial blood samples and BM aspirates were collected from patients treated with anti-BCMA TCE at variable time points, prior and post initiation of therapy and at relapse.	True
GSM6679365	geo:GSE216571:GSM6679365	tissue_type	tissue	file	raw/fp-d91fddb9e607/GSE216571_family.soft.gz		!Series_overall_design = Bone marrow resident CD3 and CD45 cells were isolated by fluorescence-activated cell sorting (FACS) and analyzed using 10x Genomics 5' RNA/TCR sequencing.	True
GSM6679365	geo:GSE216571:GSM6679365	sample_collection_method	bone marrow aspirate	file	raw/fp-d91fddb9e607/GSE216571_family.soft.gz		Serial blood samples and BM aspirates were collected from patients treated with anti-BCMA TCE at variable time points, prior and post initiation of therapy and at relapse.	True
GSM6679365	geo:GSE216571:GSM6679365	disease_free_text	multiple myeloma	file	raw/fp-d91fddb9e607/GSE216571_family.soft.gz		!Sample_characteristics_ch1 = treatment: relapsed-refractory multiple myeloma	True
GSM6679365	geo:GSE216571:GSM6679365	disease_free_text	multiple myeloma	file	raw/fp-d91fddb9e607/GSE216571_family.soft.gz		Here, we identify conserved behaviors of bone marrow residing CD4+ and CD8+ T cells in multiple myeloma patients undergoing TCE therapy.	True
GSM6679365	geo:GSE216571:GSM6679365	disease_stage	relapsed-refractory	file	raw/fp-d91fddb9e607/GSE216571_family.soft.gz		!Sample_characteristics_ch1 = treatment: relapsed-refractory multiple myeloma	True
GSM6679365	geo:GSE216571:GSM6679365	assay	10x 5' v2	file	raw/fp-d91fddb9e607/GSE216571_family.soft.gz		single cell 5’ v2 protocol, 10x Genomics	True
GSM6679365	geo:GSE216571:GSM6679365	assay	10x 5' v2	file	raw/fp-d91fddb9e607/GSE216571_family.soft.gz		!Sample_extract_protocol_ch1 = 5' scRNA/TCR-seq	True
GSM6679365	geo:GSE216571:GSM6679365	assay	10x 5' v2	file	raw/fp-d91fddb9e607/GSE216571_family.soft.gz		!Series_overall_design = Bone marrow resident CD3 and CD45 cells were isolated by fluorescence-activated cell sorting (FACS) and analyzed using 10x Genomics 5' RNA/TCR sequencing.	True
GSM6679365	geo:GSE216571:GSM6679365	timepoint	late	file	raw/fp-d91fddb9e607/GSE216571_family.soft.gz		!Sample_title = PT14_late_CD45	True
GSM6679365	geo:GSE216571:GSM6679365	timepoint	late	file	raw/fp-d91fddb9e607/GSE216571_family.soft.gz		!Sample_source_name_ch1 = PT14_late, sort CD45	True
GSM6679365	geo:GSE216571:GSM6679365	timepoint	late	file	raw/fp-d91fddb9e607/GSE216571_family.soft.gz		Serial blood samples and BM aspirates were collected from patients treated with anti-BCMA TCE at variable time points, prior and post initiation of therapy and at relapse.	True
GSM6679365	geo:GSE216571:GSM6679365	treatment	anti-BCMA TCE	file	raw/fp-d91fddb9e607/GSE216571_family.soft.gz		Serial blood samples and BM aspirates were collected from patients treated with anti-BCMA TCE at variable time points, prior and post initiation of therapy and at relapse.	True
GSM6679365	geo:GSE216571:GSM6679365	treatment	anti-BCMA TCE	file	work/paper_dl/pubmed_36898378.txt		we identify conserved behaviors of bone marrow-residing T cells in multiple myeloma patients undergoing BCMAxCD3 TCE therapy	True
GSM6679365	geo:GSE216571:GSM6679365	treatment_status	post initiation of therapy	file	raw/fp-d91fddb9e607/GSE216571_family.soft.gz		!Sample_title = PT14_late_CD45	True
GSM6679365	geo:GSE216571:GSM6679365	treatment_status	post initiation of therapy	file	raw/fp-d91fddb9e607/GSE216571_family.soft.gz		Serial blood samples and BM aspirates were collected from patients treated with anti-BCMA TCE at variable time points, prior and post initiation of therapy and at relapse.	True
GSM6679366	geo:GSE216571:GSM6679366	cell_enrichment	CD45+	file	raw/fp-d91fddb9e607/GSE216571_family.soft.gz		!Sample_source_name_ch1 = PT13_pre, sort CD45	True
GSM6679366	geo:GSE216571:GSM6679366	cell_enrichment	CD45+	file	raw/fp-d91fddb9e607/GSE216571_family.soft.gz		Bone marrow mononuclear fractions were isolated through Ficoll density gradients coupled with magnetic sorting of CD3+ or CD45+ T cells.	True
GSM6679366	geo:GSE216571:GSM6679366	suspension_type	cell	file	raw/fp-d91fddb9e607/GSE216571_family.soft.gz		!Sample_library_source = transcriptomic single cell	True
GSM6679366	geo:GSE216571:GSM6679366	suspension_type	cell	file	raw/fp-d91fddb9e607/GSE216571_family.soft.gz		single cell 5’ v2 protocol, 10x Genomics	True
GSM6679366	geo:GSE216571:GSM6679366	donor_id	PT13	file	raw/fp-d91fddb9e607/GSE216571_family.soft.gz		!Sample_title = PT13_pre_CD45	True
GSM6679366	geo:GSE216571:GSM6679366	donor_id	PT13	file	raw/fp-d91fddb9e607/GSE216571_family.soft.gz		!Sample_source_name_ch1 = PT13_pre, sort CD45	True
GSM6679366	geo:GSE216571:GSM6679366	donor_id	PT13	file	raw/fp-d91fddb9e607/GSE216571_family.soft.gz		Serial blood samples and BM aspirates were collected from patients treated with anti-BCMA TCE at variable time points, prior and post initiation of therapy and at relapse.	True
GSM6679366	geo:GSE216571:GSM6679366	tissue_free_text	bone marrow	file	raw/fp-d91fddb9e607/GSE216571_family.soft.gz		!Sample_characteristics_ch1 = tissue: human bone marrow mononuclear cells	True
GSM6679366	geo:GSE216571:GSM6679366	tissue_free_text	bone marrow	file	raw/fp-d91fddb9e607/GSE216571_family.soft.gz		Serial blood samples and BM aspirates were collected from patients treated with anti-BCMA TCE at variable time points, prior and post initiation of therapy and at relapse.	True
GSM6679366	geo:GSE216571:GSM6679366	tissue_type	tissue	file	raw/fp-d91fddb9e607/GSE216571_family.soft.gz		Serial blood samples and BM aspirates were collected from patients treated with anti-BCMA TCE at variable time points, prior and post initiation of therapy and at relapse.	True
GSM6679366	geo:GSE216571:GSM6679366	tissue_type	tissue	file	raw/fp-d91fddb9e607/GSE216571_family.soft.gz		!Series_overall_design = Bone marrow resident CD3 and CD45 cells were isolated by fluorescence-activated cell sorting (FACS) and analyzed using 10x Genomics 5' RNA/TCR sequencing.	True
GSM6679366	geo:GSE216571:GSM6679366	sample_collection_method	bone marrow aspirate	file	raw/fp-d91fddb9e607/GSE216571_family.soft.gz		Serial blood samples and BM aspirates were collected from patients treated with anti-BCMA TCE at variable time points, prior and post initiation of therapy and at relapse.	True
GSM6679366	geo:GSE216571:GSM6679366	disease_free_text	multiple myeloma	file	raw/fp-d91fddb9e607/GSE216571_family.soft.gz		!Sample_characteristics_ch1 = treatment: relapsed-refractory multiple myeloma	True
GSM6679366	geo:GSE216571:GSM6679366	disease_free_text	multiple myeloma	file	raw/fp-d91fddb9e607/GSE216571_family.soft.gz		Here, we identify conserved behaviors of bone marrow residing CD4+ and CD8+ T cells in multiple myeloma patients undergoing TCE therapy.	True
GSM6679366	geo:GSE216571:GSM6679366	disease_stage	relapsed-refractory	file	raw/fp-d91fddb9e607/GSE216571_family.soft.gz		!Sample_characteristics_ch1 = treatment: relapsed-refractory multiple myeloma	True
GSM6679366	geo:GSE216571:GSM6679366	assay	10x 5' v2	file	raw/fp-d91fddb9e607/GSE216571_family.soft.gz		single cell 5’ v2 protocol, 10x Genomics	True
GSM6679366	geo:GSE216571:GSM6679366	assay	10x 5' v2	file	raw/fp-d91fddb9e607/GSE216571_family.soft.gz		!Sample_extract_protocol_ch1 = 5' scRNA/TCR-seq	True
GSM6679366	geo:GSE216571:GSM6679366	assay	10x 5' v2	file	raw/fp-d91fddb9e607/GSE216571_family.soft.gz		!Series_overall_design = Bone marrow resident CD3 and CD45 cells were isolated by fluorescence-activated cell sorting (FACS) and analyzed using 10x Genomics 5' RNA/TCR sequencing.	True
GSM6679366	geo:GSE216571:GSM6679366	timepoint	pre	file	raw/fp-d91fddb9e607/GSE216571_family.soft.gz		!Sample_title = PT13_pre_CD45	True
GSM6679366	geo:GSE216571:GSM6679366	timepoint	pre	file	raw/fp-d91fddb9e607/GSE216571_family.soft.gz		!Sample_source_name_ch1 = PT13_pre, sort CD45	True
GSM6679366	geo:GSE216571:GSM6679366	timepoint	pre	file	raw/fp-d91fddb9e607/GSE216571_family.soft.gz		Serial blood samples and BM aspirates were collected from patients treated with anti-BCMA TCE at variable time points, prior and post initiation of therapy and at relapse.	True
GSM6679366	geo:GSE216571:GSM6679366	treatment	anti-BCMA TCE	file	raw/fp-d91fddb9e607/GSE216571_family.soft.gz		Serial blood samples and BM aspirates were collected from patients treated with anti-BCMA TCE at variable time points, prior and post initiation of therapy and at relapse.	True
GSM6679366	geo:GSE216571:GSM6679366	treatment	anti-BCMA TCE	file	work/paper_dl/pubmed_36898378.txt		we identify conserved behaviors of bone marrow-residing T cells in multiple myeloma patients undergoing BCMAxCD3 TCE therapy	True
GSM6679366	geo:GSE216571:GSM6679366	treatment_status	prior to initiation of therapy	file	raw/fp-d91fddb9e607/GSE216571_family.soft.gz		!Sample_title = PT13_pre_CD45	True
GSM6679366	geo:GSE216571:GSM6679366	treatment_status	prior to initiation of therapy	file	raw/fp-d91fddb9e607/GSE216571_family.soft.gz		Serial blood samples and BM aspirates were collected from patients treated with anti-BCMA TCE at variable time points, prior and post initiation of therapy and at relapse.	True
GSM6679367	geo:GSE216571:GSM6679367	cell_enrichment	CD45+	file	raw/fp-d91fddb9e607/GSE216571_family.soft.gz		!Sample_source_name_ch1 = PT13_late, sort CD45	True
GSM6679367	geo:GSE216571:GSM6679367	cell_enrichment	CD45+	file	raw/fp-d91fddb9e607/GSE216571_family.soft.gz		Bone marrow mononuclear fractions were isolated through Ficoll density gradients coupled with magnetic sorting of CD3+ or CD45+ T cells.	True
GSM6679367	geo:GSE216571:GSM6679367	suspension_type	cell	file	raw/fp-d91fddb9e607/GSE216571_family.soft.gz		!Sample_library_source = transcriptomic single cell	True
GSM6679367	geo:GSE216571:GSM6679367	suspension_type	cell	file	raw/fp-d91fddb9e607/GSE216571_family.soft.gz		single cell 5’ v2 protocol, 10x Genomics	True
GSM6679367	geo:GSE216571:GSM6679367	donor_id	PT13	file	raw/fp-d91fddb9e607/GSE216571_family.soft.gz		!Sample_title = PT13_late_CD45	True
GSM6679367	geo:GSE216571:GSM6679367	donor_id	PT13	file	raw/fp-d91fddb9e607/GSE216571_family.soft.gz		!Sample_source_name_ch1 = PT13_late, sort CD45	True
GSM6679367	geo:GSE216571:GSM6679367	donor_id	PT13	file	raw/fp-d91fddb9e607/GSE216571_family.soft.gz		Serial blood samples and BM aspirates were collected from patients treated with anti-BCMA TCE at variable time points, prior and post initiation of therapy and at relapse.	True
GSM6679367	geo:GSE216571:GSM6679367	tissue_free_text	bone marrow	file	raw/fp-d91fddb9e607/GSE216571_family.soft.gz		!Sample_characteristics_ch1 = tissue: human bone marrow mononuclear cells	True
GSM6679367	geo:GSE216571:GSM6679367	tissue_free_text	bone marrow	file	raw/fp-d91fddb9e607/GSE216571_family.soft.gz		Serial blood samples and BM aspirates were collected from patients treated with anti-BCMA TCE at variable time points, prior and post initiation of therapy and at relapse.	True
GSM6679367	geo:GSE216571:GSM6679367	tissue_type	tissue	file	raw/fp-d91fddb9e607/GSE216571_family.soft.gz		Serial blood samples and BM aspirates were collected from patients treated with anti-BCMA TCE at variable time points, prior and post initiation of therapy and at relapse.	True
GSM6679367	geo:GSE216571:GSM6679367	tissue_type	tissue	file	raw/fp-d91fddb9e607/GSE216571_family.soft.gz		!Series_overall_design = Bone marrow resident CD3 and CD45 cells were isolated by fluorescence-activated cell sorting (FACS) and analyzed using 10x Genomics 5' RNA/TCR sequencing.	True
GSM6679367	geo:GSE216571:GSM6679367	sample_collection_method	bone marrow aspirate	file	raw/fp-d91fddb9e607/GSE216571_family.soft.gz		Serial blood samples and BM aspirates were collected from patients treated with anti-BCMA TCE at variable time points, prior and post initiation of therapy and at relapse.	True
GSM6679367	geo:GSE216571:GSM6679367	disease_free_text	multiple myeloma	file	raw/fp-d91fddb9e607/GSE216571_family.soft.gz		!Sample_characteristics_ch1 = treatment: relapsed-refractory multiple myeloma	True
GSM6679367	geo:GSE216571:GSM6679367	disease_free_text	multiple myeloma	file	raw/fp-d91fddb9e607/GSE216571_family.soft.gz		Here, we identify conserved behaviors of bone marrow residing CD4+ and CD8+ T cells in multiple myeloma patients undergoing TCE therapy.	True
GSM6679367	geo:GSE216571:GSM6679367	disease_stage	relapsed-refractory	file	raw/fp-d91fddb9e607/GSE216571_family.soft.gz		!Sample_characteristics_ch1 = treatment: relapsed-refractory multiple myeloma	True
GSM6679367	geo:GSE216571:GSM6679367	assay	10x 5' v2	file	raw/fp-d91fddb9e607/GSE216571_family.soft.gz		single cell 5’ v2 protocol, 10x Genomics	True
GSM6679367	geo:GSE216571:GSM6679367	assay	10x 5' v2	file	raw/fp-d91fddb9e607/GSE216571_family.soft.gz		!Sample_extract_protocol_ch1 = 5' scRNA/TCR-seq	True
GSM6679367	geo:GSE216571:GSM6679367	assay	10x 5' v2	file	raw/fp-d91fddb9e607/GSE216571_family.soft.gz		!Series_overall_design = Bone marrow resident CD3 and CD45 cells were isolated by fluorescence-activated cell sorting (FACS) and analyzed using 10x Genomics 5' RNA/TCR sequencing.	True
GSM6679367	geo:GSE216571:GSM6679367	timepoint	late	file	raw/fp-d91fddb9e607/GSE216571_family.soft.gz		!Sample_title = PT13_late_CD45	True
GSM6679367	geo:GSE216571:GSM6679367	timepoint	late	file	raw/fp-d91fddb9e607/GSE216571_family.soft.gz		!Sample_source_name_ch1 = PT13_late, sort CD45	True
GSM6679367	geo:GSE216571:GSM6679367	timepoint	late	file	raw/fp-d91fddb9e607/GSE216571_family.soft.gz		Serial blood samples and BM aspirates were collected from patients treated with anti-BCMA TCE at variable time points, prior and post initiation of therapy and at relapse.	True
GSM6679367	geo:GSE216571:GSM6679367	treatment	anti-BCMA TCE	file	raw/fp-d91fddb9e607/GSE216571_family.soft.gz		Serial blood samples and BM aspirates were collected from patients treated with anti-BCMA TCE at variable time points, prior and post initiation of therapy and at relapse.	True
GSM6679367	geo:GSE216571:GSM6679367	treatment	anti-BCMA TCE	file	work/paper_dl/pubmed_36898378.txt		we identify conserved behaviors of bone marrow-residing T cells in multiple myeloma patients undergoing BCMAxCD3 TCE therapy	True
GSM6679367	geo:GSE216571:GSM6679367	treatment_status	post initiation of therapy	file	raw/fp-d91fddb9e607/GSE216571_family.soft.gz		!Sample_title = PT13_late_CD45	True
GSM6679367	geo:GSE216571:GSM6679367	treatment_status	post initiation of therapy	file	raw/fp-d91fddb9e607/GSE216571_family.soft.gz		Serial blood samples and BM aspirates were collected from patients treated with anti-BCMA TCE at variable time points, prior and post initiation of therapy and at relapse.	True
GSM6679368	geo:GSE216571:GSM6679368	cell_enrichment	CD45+	file	raw/fp-d91fddb9e607/GSE216571_family.soft.gz		!Sample_source_name_ch1 = PT11_pre, sort CD45	True
GSM6679368	geo:GSE216571:GSM6679368	cell_enrichment	CD45+	file	raw/fp-d91fddb9e607/GSE216571_family.soft.gz		Bone marrow mononuclear fractions were isolated through Ficoll density gradients coupled with magnetic sorting of CD3+ or CD45+ T cells.	True
GSM6679368	geo:GSE216571:GSM6679368	suspension_type	cell	file	raw/fp-d91fddb9e607/GSE216571_family.soft.gz		!Sample_library_source = transcriptomic single cell	True
GSM6679368	geo:GSE216571:GSM6679368	suspension_type	cell	file	raw/fp-d91fddb9e607/GSE216571_family.soft.gz		single cell 5’ v2 protocol, 10x Genomics	True
GSM6679368	geo:GSE216571:GSM6679368	donor_id	PT11	file	raw/fp-d91fddb9e607/GSE216571_family.soft.gz		!Sample_title = PT11_pre_CD45	True
GSM6679368	geo:GSE216571:GSM6679368	donor_id	PT11	file	raw/fp-d91fddb9e607/GSE216571_family.soft.gz		!Sample_source_name_ch1 = PT11_pre, sort CD45	True
GSM6679368	geo:GSE216571:GSM6679368	donor_id	PT11	file	raw/fp-d91fddb9e607/GSE216571_family.soft.gz		Serial blood samples and BM aspirates were collected from patients treated with anti-BCMA TCE at variable time points, prior and post initiation of therapy and at relapse.	True
GSM6679368	geo:GSE216571:GSM6679368	tissue_free_text	bone marrow	file	raw/fp-d91fddb9e607/GSE216571_family.soft.gz		!Sample_characteristics_ch1 = tissue: human bone marrow mononuclear cells	True
GSM6679368	geo:GSE216571:GSM6679368	tissue_free_text	bone marrow	file	raw/fp-d91fddb9e607/GSE216571_family.soft.gz		Serial blood samples and BM aspirates were collected from patients treated with anti-BCMA TCE at variable time points, prior and post initiation of therapy and at relapse.	True
GSM6679368	geo:GSE216571:GSM6679368	tissue_type	tissue	file	raw/fp-d91fddb9e607/GSE216571_family.soft.gz		Serial blood samples and BM aspirates were collected from patients treated with anti-BCMA TCE at variable time points, prior and post initiation of therapy and at relapse.	True
GSM6679368	geo:GSE216571:GSM6679368	tissue_type	tissue	file	raw/fp-d91fddb9e607/GSE216571_family.soft.gz		!Series_overall_design = Bone marrow resident CD3 and CD45 cells were isolated by fluorescence-activated cell sorting (FACS) and analyzed using 10x Genomics 5' RNA/TCR sequencing.	True
GSM6679368	geo:GSE216571:GSM6679368	sample_collection_method	bone marrow aspirate	file	raw/fp-d91fddb9e607/GSE216571_family.soft.gz		Serial blood samples and BM aspirates were collected from patients treated with anti-BCMA TCE at variable time points, prior and post initiation of therapy and at relapse.	True
GSM6679368	geo:GSE216571:GSM6679368	disease_free_text	multiple myeloma	file	raw/fp-d91fddb9e607/GSE216571_family.soft.gz		!Sample_characteristics_ch1 = treatment: relapsed-refractory multiple myeloma	True
GSM6679368	geo:GSE216571:GSM6679368	disease_free_text	multiple myeloma	file	raw/fp-d91fddb9e607/GSE216571_family.soft.gz		Here, we identify conserved behaviors of bone marrow residing CD4+ and CD8+ T cells in multiple myeloma patients undergoing TCE therapy.	True
GSM6679368	geo:GSE216571:GSM6679368	disease_stage	relapsed-refractory	file	raw/fp-d91fddb9e607/GSE216571_family.soft.gz		!Sample_characteristics_ch1 = treatment: relapsed-refractory multiple myeloma	True
GSM6679368	geo:GSE216571:GSM6679368	assay	10x 5' v2	file	raw/fp-d91fddb9e607/GSE216571_family.soft.gz		single cell 5’ v2 protocol, 10x Genomics	True
GSM6679368	geo:GSE216571:GSM6679368	assay	10x 5' v2	file	raw/fp-d91fddb9e607/GSE216571_family.soft.gz		!Sample_extract_protocol_ch1 = 5' scRNA/TCR-seq	True
GSM6679368	geo:GSE216571:GSM6679368	assay	10x 5' v2	file	raw/fp-d91fddb9e607/GSE216571_family.soft.gz		!Series_overall_design = Bone marrow resident CD3 and CD45 cells were isolated by fluorescence-activated cell sorting (FACS) and analyzed using 10x Genomics 5' RNA/TCR sequencing.	True
GSM6679368	geo:GSE216571:GSM6679368	timepoint	pre	file	raw/fp-d91fddb9e607/GSE216571_family.soft.gz		!Sample_title = PT11_pre_CD45	True
GSM6679368	geo:GSE216571:GSM6679368	timepoint	pre	file	raw/fp-d91fddb9e607/GSE216571_family.soft.gz		!Sample_source_name_ch1 = PT11_pre, sort CD45	True
GSM6679368	geo:GSE216571:GSM6679368	timepoint	pre	file	raw/fp-d91fddb9e607/GSE216571_family.soft.gz		Serial blood samples and BM aspirates were collected from patients treated with anti-BCMA TCE at variable time points, prior and post initiation of therapy and at relapse.	True
GSM6679368	geo:GSE216571:GSM6679368	treatment	anti-BCMA TCE	file	raw/fp-d91fddb9e607/GSE216571_family.soft.gz		Serial blood samples and BM aspirates were collected from patients treated with anti-BCMA TCE at variable time points, prior and post initiation of therapy and at relapse.	True
GSM6679368	geo:GSE216571:GSM6679368	treatment	anti-BCMA TCE	file	work/paper_dl/pubmed_36898378.txt		we identify conserved behaviors of bone marrow-residing T cells in multiple myeloma patients undergoing BCMAxCD3 TCE therapy	True
GSM6679368	geo:GSE216571:GSM6679368	treatment_status	prior to initiation of therapy	file	raw/fp-d91fddb9e607/GSE216571_family.soft.gz		!Sample_title = PT11_pre_CD45	True
GSM6679368	geo:GSE216571:GSM6679368	treatment_status	prior to initiation of therapy	file	raw/fp-d91fddb9e607/GSE216571_family.soft.gz		Serial blood samples and BM aspirates were collected from patients treated with anti-BCMA TCE at variable time points, prior and post initiation of therapy and at relapse.	True
GSM6679369	geo:GSE216571:GSM6679369	cell_enrichment	CD45+	file	raw/fp-d91fddb9e607/GSE216571_family.soft.gz		!Sample_source_name_ch1 = PT11_late, sort CD45	True
GSM6679369	geo:GSE216571:GSM6679369	cell_enrichment	CD45+	file	raw/fp-d91fddb9e607/GSE216571_family.soft.gz		Bone marrow mononuclear fractions were isolated through Ficoll density gradients coupled with magnetic sorting of CD3+ or CD45+ T cells.	True
GSM6679369	geo:GSE216571:GSM6679369	suspension_type	cell	file	raw/fp-d91fddb9e607/GSE216571_family.soft.gz		!Sample_library_source = transcriptomic single cell	True
GSM6679369	geo:GSE216571:GSM6679369	suspension_type	cell	file	raw/fp-d91fddb9e607/GSE216571_family.soft.gz		single cell 5’ v2 protocol, 10x Genomics	True
GSM6679369	geo:GSE216571:GSM6679369	donor_id	PT11	file	raw/fp-d91fddb9e607/GSE216571_family.soft.gz		!Sample_title = PT11_late_CD45	True
GSM6679369	geo:GSE216571:GSM6679369	donor_id	PT11	file	raw/fp-d91fddb9e607/GSE216571_family.soft.gz		!Sample_source_name_ch1 = PT11_late, sort CD45	True
GSM6679369	geo:GSE216571:GSM6679369	donor_id	PT11	file	raw/fp-d91fddb9e607/GSE216571_family.soft.gz		Serial blood samples and BM aspirates were collected from patients treated with anti-BCMA TCE at variable time points, prior and post initiation of therapy and at relapse.	True
GSM6679369	geo:GSE216571:GSM6679369	tissue_free_text	bone marrow	file	raw/fp-d91fddb9e607/GSE216571_family.soft.gz		!Sample_characteristics_ch1 = tissue: human bone marrow mononuclear cells	True
GSM6679369	geo:GSE216571:GSM6679369	tissue_free_text	bone marrow	file	raw/fp-d91fddb9e607/GSE216571_family.soft.gz		Serial blood samples and BM aspirates were collected from patients treated with anti-BCMA TCE at variable time points, prior and post initiation of therapy and at relapse.	True
GSM6679369	geo:GSE216571:GSM6679369	tissue_type	tissue	file	raw/fp-d91fddb9e607/GSE216571_family.soft.gz		Serial blood samples and BM aspirates were collected from patients treated with anti-BCMA TCE at variable time points, prior and post initiation of therapy and at relapse.	True
GSM6679369	geo:GSE216571:GSM6679369	tissue_type	tissue	file	raw/fp-d91fddb9e607/GSE216571_family.soft.gz		!Series_overall_design = Bone marrow resident CD3 and CD45 cells were isolated by fluorescence-activated cell sorting (FACS) and analyzed using 10x Genomics 5' RNA/TCR sequencing.	True
GSM6679369	geo:GSE216571:GSM6679369	sample_collection_method	bone marrow aspirate	file	raw/fp-d91fddb9e607/GSE216571_family.soft.gz		Serial blood samples and BM aspirates were collected from patients treated with anti-BCMA TCE at variable time points, prior and post initiation of therapy and at relapse.	True
GSM6679369	geo:GSE216571:GSM6679369	disease_free_text	multiple myeloma	file	raw/fp-d91fddb9e607/GSE216571_family.soft.gz		!Sample_characteristics_ch1 = treatment: relapsed-refractory multiple myeloma	True
GSM6679369	geo:GSE216571:GSM6679369	disease_free_text	multiple myeloma	file	raw/fp-d91fddb9e607/GSE216571_family.soft.gz		Here, we identify conserved behaviors of bone marrow residing CD4+ and CD8+ T cells in multiple myeloma patients undergoing TCE therapy.	True
GSM6679369	geo:GSE216571:GSM6679369	disease_stage	relapsed-refractory	file	raw/fp-d91fddb9e607/GSE216571_family.soft.gz		!Sample_characteristics_ch1 = treatment: relapsed-refractory multiple myeloma	True
GSM6679369	geo:GSE216571:GSM6679369	assay	10x 5' v2	file	raw/fp-d91fddb9e607/GSE216571_family.soft.gz		single cell 5’ v2 protocol, 10x Genomics	True
GSM6679369	geo:GSE216571:GSM6679369	assay	10x 5' v2	file	raw/fp-d91fddb9e607/GSE216571_family.soft.gz		!Sample_extract_protocol_ch1 = 5' scRNA/TCR-seq	True
GSM6679369	geo:GSE216571:GSM6679369	assay	10x 5' v2	file	raw/fp-d91fddb9e607/GSE216571_family.soft.gz		!Series_overall_design = Bone marrow resident CD3 and CD45 cells were isolated by fluorescence-activated cell sorting (FACS) and analyzed using 10x Genomics 5' RNA/TCR sequencing.	True
GSM6679369	geo:GSE216571:GSM6679369	timepoint	late	file	raw/fp-d91fddb9e607/GSE216571_family.soft.gz		!Sample_title = PT11_late_CD45	True
GSM6679369	geo:GSE216571:GSM6679369	timepoint	late	file	raw/fp-d91fddb9e607/GSE216571_family.soft.gz		!Sample_source_name_ch1 = PT11_late, sort CD45	True
GSM6679369	geo:GSE216571:GSM6679369	timepoint	late	file	raw/fp-d91fddb9e607/GSE216571_family.soft.gz		Serial blood samples and BM aspirates were collected from patients treated with anti-BCMA TCE at variable time points, prior and post initiation of therapy and at relapse.	True
GSM6679369	geo:GSE216571:GSM6679369	treatment	anti-BCMA TCE	file	raw/fp-d91fddb9e607/GSE216571_family.soft.gz		Serial blood samples and BM aspirates were collected from patients treated with anti-BCMA TCE at variable time points, prior and post initiation of therapy and at relapse.	True
GSM6679369	geo:GSE216571:GSM6679369	treatment	anti-BCMA TCE	file	work/paper_dl/pubmed_36898378.txt		we identify conserved behaviors of bone marrow-residing T cells in multiple myeloma patients undergoing BCMAxCD3 TCE therapy	True
GSM6679369	geo:GSE216571:GSM6679369	treatment_status	post initiation of therapy	file	raw/fp-d91fddb9e607/GSE216571_family.soft.gz		!Sample_title = PT11_late_CD45	True
GSM6679369	geo:GSE216571:GSM6679369	treatment_status	post initiation of therapy	file	raw/fp-d91fddb9e607/GSE216571_family.soft.gz		Serial blood samples and BM aspirates were collected from patients treated with anti-BCMA TCE at variable time points, prior and post initiation of therapy and at relapse.	True
GSM6679370	geo:GSE216571:GSM6679370	cell_enrichment	CD45+	file	raw/fp-d91fddb9e607/GSE216571_family.soft.gz		!Sample_source_name_ch1 = PT10_pre, sort CD45	True
GSM6679370	geo:GSE216571:GSM6679370	cell_enrichment	CD45+	file	raw/fp-d91fddb9e607/GSE216571_family.soft.gz		Bone marrow mononuclear fractions were isolated through Ficoll density gradients coupled with magnetic sorting of CD3+ or CD45+ T cells.	True
GSM6679370	geo:GSE216571:GSM6679370	suspension_type	cell	file	raw/fp-d91fddb9e607/GSE216571_family.soft.gz		!Sample_library_source = transcriptomic single cell	True
GSM6679370	geo:GSE216571:GSM6679370	suspension_type	cell	file	raw/fp-d91fddb9e607/GSE216571_family.soft.gz		single cell 5’ v2 protocol, 10x Genomics	True
GSM6679370	geo:GSE216571:GSM6679370	donor_id	PT10	file	raw/fp-d91fddb9e607/GSE216571_family.soft.gz		!Sample_title = PT10_pre_CD45	True
GSM6679370	geo:GSE216571:GSM6679370	donor_id	PT10	file	raw/fp-d91fddb9e607/GSE216571_family.soft.gz		!Sample_source_name_ch1 = PT10_pre, sort CD45	True
GSM6679370	geo:GSE216571:GSM6679370	donor_id	PT10	file	raw/fp-d91fddb9e607/GSE216571_family.soft.gz		Serial blood samples and BM aspirates were collected from patients treated with anti-BCMA TCE at variable time points, prior and post initiation of therapy and at relapse.	True
GSM6679370	geo:GSE216571:GSM6679370	tissue_free_text	bone marrow	file	raw/fp-d91fddb9e607/GSE216571_family.soft.gz		!Sample_characteristics_ch1 = tissue: human bone marrow mononuclear cells	True
GSM6679370	geo:GSE216571:GSM6679370	tissue_free_text	bone marrow	file	raw/fp-d91fddb9e607/GSE216571_family.soft.gz		Serial blood samples and BM aspirates were collected from patients treated with anti-BCMA TCE at variable time points, prior and post initiation of therapy and at relapse.	True
GSM6679370	geo:GSE216571:GSM6679370	tissue_type	tissue	file	raw/fp-d91fddb9e607/GSE216571_family.soft.gz		Serial blood samples and BM aspirates were collected from patients treated with anti-BCMA TCE at variable time points, prior and post initiation of therapy and at relapse.	True
GSM6679370	geo:GSE216571:GSM6679370	tissue_type	tissue	file	raw/fp-d91fddb9e607/GSE216571_family.soft.gz		!Series_overall_design = Bone marrow resident CD3 and CD45 cells were isolated by fluorescence-activated cell sorting (FACS) and analyzed using 10x Genomics 5' RNA/TCR sequencing.	True
GSM6679370	geo:GSE216571:GSM6679370	sample_collection_method	bone marrow aspirate	file	raw/fp-d91fddb9e607/GSE216571_family.soft.gz		Serial blood samples and BM aspirates were collected from patients treated with anti-BCMA TCE at variable time points, prior and post initiation of therapy and at relapse.	True
GSM6679370	geo:GSE216571:GSM6679370	disease_free_text	multiple myeloma	file	raw/fp-d91fddb9e607/GSE216571_family.soft.gz		!Sample_characteristics_ch1 = treatment: relapsed-refractory multiple myeloma	True
GSM6679370	geo:GSE216571:GSM6679370	disease_free_text	multiple myeloma	file	raw/fp-d91fddb9e607/GSE216571_family.soft.gz		Here, we identify conserved behaviors of bone marrow residing CD4+ and CD8+ T cells in multiple myeloma patients undergoing TCE therapy.	True
GSM6679370	geo:GSE216571:GSM6679370	disease_stage	relapsed-refractory	file	raw/fp-d91fddb9e607/GSE216571_family.soft.gz		!Sample_characteristics_ch1 = treatment: relapsed-refractory multiple myeloma	True
GSM6679370	geo:GSE216571:GSM6679370	assay	10x 5' v2	file	raw/fp-d91fddb9e607/GSE216571_family.soft.gz		single cell 5’ v2 protocol, 10x Genomics	True
GSM6679370	geo:GSE216571:GSM6679370	assay	10x 5' v2	file	raw/fp-d91fddb9e607/GSE216571_family.soft.gz		!Sample_extract_protocol_ch1 = 5' scRNA/TCR-seq	True
GSM6679370	geo:GSE216571:GSM6679370	assay	10x 5' v2	file	raw/fp-d91fddb9e607/GSE216571_family.soft.gz		!Series_overall_design = Bone marrow resident CD3 and CD45 cells were isolated by fluorescence-activated cell sorting (FACS) and analyzed using 10x Genomics 5' RNA/TCR sequencing.	True
GSM6679370	geo:GSE216571:GSM6679370	timepoint	pre	file	raw/fp-d91fddb9e607/GSE216571_family.soft.gz		!Sample_title = PT10_pre_CD45	True
GSM6679370	geo:GSE216571:GSM6679370	timepoint	pre	file	raw/fp-d91fddb9e607/GSE216571_family.soft.gz		!Sample_source_name_ch1 = PT10_pre, sort CD45	True
GSM6679370	geo:GSE216571:GSM6679370	timepoint	pre	file	raw/fp-d91fddb9e607/GSE216571_family.soft.gz		Serial blood samples and BM aspirates were collected from patients treated with anti-BCMA TCE at variable time points, prior and post initiation of therapy and at relapse.	True
GSM6679370	geo:GSE216571:GSM6679370	treatment	anti-BCMA TCE	file	raw/fp-d91fddb9e607/GSE216571_family.soft.gz		Serial blood samples and BM aspirates were collected from patients treated with anti-BCMA TCE at variable time points, prior and post initiation of therapy and at relapse.	True
GSM6679370	geo:GSE216571:GSM6679370	treatment	anti-BCMA TCE	file	work/paper_dl/pubmed_36898378.txt		we identify conserved behaviors of bone marrow-residing T cells in multiple myeloma patients undergoing BCMAxCD3 TCE therapy	True
GSM6679370	geo:GSE216571:GSM6679370	treatment_status	prior to initiation of therapy	file	raw/fp-d91fddb9e607/GSE216571_family.soft.gz		!Sample_title = PT10_pre_CD45	True
GSM6679370	geo:GSE216571:GSM6679370	treatment_status	prior to initiation of therapy	file	raw/fp-d91fddb9e607/GSE216571_family.soft.gz		Serial blood samples and BM aspirates were collected from patients treated with anti-BCMA TCE at variable time points, prior and post initiation of therapy and at relapse.	True
GSM6679371	geo:GSE216571:GSM6679371	cell_enrichment	CD3+	file	raw/fp-d91fddb9e607/GSE216571_family.soft.gz		!Sample_source_name_ch1 = In vitro dataset1, sort CD3, T & NK cell subset bmref	True
GSM6679371	geo:GSE216571:GSM6679371	cell_enrichment	CD3+	file	raw/fp-d91fddb9e607/GSE216571_family.soft.gz		Bone marrow mononuclear fractions were isolated through Ficoll density gradients coupled with magnetic sorting of CD3+ or CD45+ T cells.	True
GSM6679371	geo:GSE216571:GSM6679371	suspension_type	cell	file	raw/fp-d91fddb9e607/GSE216571_family.soft.gz		!Sample_library_source = transcriptomic single cell	True
GSM6679371	geo:GSE216571:GSM6679371	suspension_type	cell	file	raw/fp-d91fddb9e607/GSE216571_family.soft.gz		single cell 5’ v2 protocol, 10x Genomics	True
GSM6679371	geo:GSE216571:GSM6679371	tissue_type	cell culture	file	raw/fp-d91fddb9e607/GSE216571_family.soft.gz		!Sample_source_name_ch1 = In vitro dataset1, sort CD3, T & NK cell subset bmref	True
GSM6679371	geo:GSE216571:GSM6679371	assay	10x 5' v2	file	raw/fp-d91fddb9e607/GSE216571_family.soft.gz		single cell 5’ v2 protocol, 10x Genomics	True
GSM6679371	geo:GSE216571:GSM6679371	assay	10x 5' v2	file	raw/fp-d91fddb9e607/GSE216571_family.soft.gz		!Sample_extract_protocol_ch1 = 5' scRNA/TCR-seq	True
GSM6679371	geo:GSE216571:GSM6679371	assay	10x 5' v2	file	raw/fp-d91fddb9e607/GSE216571_family.soft.gz		!Series_overall_design = Bone marrow resident CD3 and CD45 cells were isolated by fluorescence-activated cell sorting (FACS) and analyzed using 10x Genomics 5' RNA/TCR sequencing.	True
GSM6679372	geo:GSE216571:GSM6679372	cell_enrichment	CD3+	file	raw/fp-d91fddb9e607/GSE216571_family.soft.gz		!Sample_source_name_ch1 = In vitro dataset3, sort CD3, T & NK cell subset bmref	True
GSM6679372	geo:GSE216571:GSM6679372	cell_enrichment	CD3+	file	raw/fp-d91fddb9e607/GSE216571_family.soft.gz		Bone marrow mononuclear fractions were isolated through Ficoll density gradients coupled with magnetic sorting of CD3+ or CD45+ T cells.	True
GSM6679372	geo:GSE216571:GSM6679372	suspension_type	cell	file	raw/fp-d91fddb9e607/GSE216571_family.soft.gz		!Sample_library_source = transcriptomic single cell	True
GSM6679372	geo:GSE216571:GSM6679372	suspension_type	cell	file	raw/fp-d91fddb9e607/GSE216571_family.soft.gz		single cell 5’ v2 protocol, 10x Genomics	True
GSM6679372	geo:GSE216571:GSM6679372	tissue_type	cell culture	file	raw/fp-d91fddb9e607/GSE216571_family.soft.gz		!Sample_source_name_ch1 = In vitro dataset3, sort CD3, T & NK cell subset bmref	True
GSM6679372	geo:GSE216571:GSM6679372	assay	10x 5' v2	file	raw/fp-d91fddb9e607/GSE216571_family.soft.gz		single cell 5’ v2 protocol, 10x Genomics	True
GSM6679372	geo:GSE216571:GSM6679372	assay	10x 5' v2	file	raw/fp-d91fddb9e607/GSE216571_family.soft.gz		!Sample_extract_protocol_ch1 = 5' scRNA/TCR-seq	True
GSM6679372	geo:GSE216571:GSM6679372	assay	10x 5' v2	file	raw/fp-d91fddb9e607/GSE216571_family.soft.gz		!Series_overall_design = Bone marrow resident CD3 and CD45 cells were isolated by fluorescence-activated cell sorting (FACS) and analyzed using 10x Genomics 5' RNA/TCR sequencing.	True
GSM6679373	geo:GSE216571:GSM6679373	cell_enrichment	CD3+	file	raw/fp-d91fddb9e607/GSE216571_family.soft.gz		!Sample_source_name_ch1 = In vitro dataset4, sort CD3, T & NK cell subset bmref	True
GSM6679373	geo:GSE216571:GSM6679373	cell_enrichment	CD3+	file	raw/fp-d91fddb9e607/GSE216571_family.soft.gz		Bone marrow mononuclear fractions were isolated through Ficoll density gradients coupled with magnetic sorting of CD3+ or CD45+ T cells.	True
GSM6679373	geo:GSE216571:GSM6679373	suspension_type	cell	file	raw/fp-d91fddb9e607/GSE216571_family.soft.gz		!Sample_library_source = transcriptomic single cell	True
GSM6679373	geo:GSE216571:GSM6679373	suspension_type	cell	file	raw/fp-d91fddb9e607/GSE216571_family.soft.gz		single cell 5’ v2 protocol, 10x Genomics	True
GSM6679373	geo:GSE216571:GSM6679373	tissue_type	cell culture	file	raw/fp-d91fddb9e607/GSE216571_family.soft.gz		!Sample_source_name_ch1 = In vitro dataset4, sort CD3, T & NK cell subset bmref	True
GSM6679373	geo:GSE216571:GSM6679373	assay	10x 5' v2	file	raw/fp-d91fddb9e607/GSE216571_family.soft.gz		single cell 5’ v2 protocol, 10x Genomics	True
GSM6679373	geo:GSE216571:GSM6679373	assay	10x 5' v2	file	raw/fp-d91fddb9e607/GSE216571_family.soft.gz		!Sample_extract_protocol_ch1 = 5' scRNA/TCR-seq	True
GSM6679373	geo:GSE216571:GSM6679373	assay	10x 5' v2	file	raw/fp-d91fddb9e607/GSE216571_family.soft.gz		!Series_overall_design = Bone marrow resident CD3 and CD45 cells were isolated by fluorescence-activated cell sorting (FACS) and analyzed using 10x Genomics 5' RNA/TCR sequencing.	True
GSM6679374	geo:GSE216571:GSM6679374	cell_enrichment	CD3+	file	raw/fp-d91fddb9e607/GSE216571_family.soft.gz		!Sample_source_name_ch1 = In vitro dataset5, sort CD3, T & NK cell subset bmref	True
GSM6679374	geo:GSE216571:GSM6679374	cell_enrichment	CD3+	file	raw/fp-d91fddb9e607/GSE216571_family.soft.gz		Bone marrow mononuclear fractions were isolated through Ficoll density gradients coupled with magnetic sorting of CD3+ or CD45+ T cells.	True
GSM6679374	geo:GSE216571:GSM6679374	suspension_type	cell	file	raw/fp-d91fddb9e607/GSE216571_family.soft.gz		!Sample_library_source = transcriptomic single cell	True
GSM6679374	geo:GSE216571:GSM6679374	suspension_type	cell	file	raw/fp-d91fddb9e607/GSE216571_family.soft.gz		single cell 5’ v2 protocol, 10x Genomics	True
GSM6679374	geo:GSE216571:GSM6679374	tissue_type	cell culture	file	raw/fp-d91fddb9e607/GSE216571_family.soft.gz		!Sample_source_name_ch1 = In vitro dataset5, sort CD3, T & NK cell subset bmref	True
GSM6679374	geo:GSE216571:GSM6679374	assay	10x 5' v2	file	raw/fp-d91fddb9e607/GSE216571_family.soft.gz		single cell 5’ v2 protocol, 10x Genomics	True
GSM6679374	geo:GSE216571:GSM6679374	assay	10x 5' v2	file	raw/fp-d91fddb9e607/GSE216571_family.soft.gz		!Sample_extract_protocol_ch1 = 5' scRNA/TCR-seq	True
GSM6679374	geo:GSE216571:GSM6679374	assay	10x 5' v2	file	raw/fp-d91fddb9e607/GSE216571_family.soft.gz		!Series_overall_design = Bone marrow resident CD3 and CD45 cells were isolated by fluorescence-activated cell sorting (FACS) and analyzed using 10x Genomics 5' RNA/TCR sequencing.	True
GSM6679375	geo:GSE216571:GSM6679375	cell_enrichment	CD3+	file	raw/fp-d91fddb9e607/GSE216571_family.soft.gz		!Sample_source_name_ch1 = CAR-T dataset, sort CD3, T & NK cell subset bmref	True
GSM6679375	geo:GSE216571:GSM6679375	cell_enrichment	CD3+	file	raw/fp-d91fddb9e607/GSE216571_family.soft.gz		Bone marrow mononuclear fractions were isolated through Ficoll density gradients coupled with magnetic sorting of CD3+ or CD45+ T cells.	True
GSM6679375	geo:GSE216571:GSM6679375	suspension_type	cell	file	raw/fp-d91fddb9e607/GSE216571_family.soft.gz		!Sample_library_source = transcriptomic single cell	True
GSM6679375	geo:GSE216571:GSM6679375	suspension_type	cell	file	raw/fp-d91fddb9e607/GSE216571_family.soft.gz		single cell 5’ v2 protocol, 10x Genomics	True
GSM6679375	geo:GSE216571:GSM6679375	donor_id	CART_1	file	raw/fp-d91fddb9e607/GSE216571_family.soft.gz		!Sample_title = CART_1_pre_CD3	True
GSM6679375	geo:GSE216571:GSM6679375	donor_id	CART_1	file	raw/fp-d91fddb9e607/GSE216571_family.soft.gz		!Sample_source_name_ch1 = CAR-T dataset, sort CD3, T & NK cell subset bmref	True
GSM6679375	geo:GSE216571:GSM6679375	tissue_free_text	bone marrow	file	raw/fp-d91fddb9e607/GSE216571_family.soft.gz		!Sample_characteristics_ch1 = tissue: human bone marrow mononuclear cells	True
GSM6679375	geo:GSE216571:GSM6679375	disease_free_text	multiple myeloma	file	raw/fp-d91fddb9e607/GSE216571_family.soft.gz		!Sample_characteristics_ch1 = treatment: relapsed-refractory multiple myeloma	True
GSM6679375	geo:GSE216571:GSM6679375	disease_stage	relapsed-refractory	file	raw/fp-d91fddb9e607/GSE216571_family.soft.gz		!Sample_characteristics_ch1 = treatment: relapsed-refractory multiple myeloma	True
GSM6679375	geo:GSE216571:GSM6679375	timepoint	pre	file	raw/fp-d91fddb9e607/GSE216571_family.soft.gz		!Sample_title = CART_1_pre_CD3	True
GSM6679375	geo:GSE216571:GSM6679375	treatment	CAR-T	file	raw/fp-d91fddb9e607/GSE216571_family.soft.gz		!Sample_source_name_ch1 = CAR-T dataset, sort CD3, T & NK cell subset bmref	True
GSM6679375	geo:GSE216571:GSM6679375	treatment	CAR-T	file	raw/fp-d91fddb9e607/GSE216571_family.soft.gz		!Sample_title = CART_1_pre_CD3	True
GSM6679376	geo:GSE216571:GSM6679376	cell_enrichment	CD3+	file	raw/fp-d91fddb9e607/GSE216571_family.soft.gz		!Sample_source_name_ch1 = CAR-T dataset, sort CD3, T & NK cell subset bmref	True
GSM6679376	geo:GSE216571:GSM6679376	cell_enrichment	CD3+	file	raw/fp-d91fddb9e607/GSE216571_family.soft.gz		Bone marrow mononuclear fractions were isolated through Ficoll density gradients coupled with magnetic sorting of CD3+ or CD45+ T cells.	True
GSM6679376	geo:GSE216571:GSM6679376	suspension_type	cell	file	raw/fp-d91fddb9e607/GSE216571_family.soft.gz		!Sample_library_source = transcriptomic single cell	True
GSM6679376	geo:GSE216571:GSM6679376	suspension_type	cell	file	raw/fp-d91fddb9e607/GSE216571_family.soft.gz		single cell 5’ v2 protocol, 10x Genomics	True
GSM6679376	geo:GSE216571:GSM6679376	donor_id	CART_2	file	raw/fp-d91fddb9e607/GSE216571_family.soft.gz		!Sample_title = CART_2_pre_CD3	True
GSM6679376	geo:GSE216571:GSM6679376	donor_id	CART_2	file	raw/fp-d91fddb9e607/GSE216571_family.soft.gz		!Sample_source_name_ch1 = CAR-T dataset, sort CD3, T & NK cell subset bmref	True
GSM6679376	geo:GSE216571:GSM6679376	tissue_free_text	bone marrow	file	raw/fp-d91fddb9e607/GSE216571_family.soft.gz		!Sample_characteristics_ch1 = tissue: human bone marrow mononuclear cells	True
GSM6679376	geo:GSE216571:GSM6679376	disease_free_text	multiple myeloma	file	raw/fp-d91fddb9e607/GSE216571_family.soft.gz		!Sample_characteristics_ch1 = treatment: relapsed-refractory multiple myeloma	True
GSM6679376	geo:GSE216571:GSM6679376	disease_stage	relapsed-refractory	file	raw/fp-d91fddb9e607/GSE216571_family.soft.gz		!Sample_characteristics_ch1 = treatment: relapsed-refractory multiple myeloma	True
GSM6679376	geo:GSE216571:GSM6679376	timepoint	pre	file	raw/fp-d91fddb9e607/GSE216571_family.soft.gz		!Sample_title = CART_2_pre_CD3	True
GSM6679376	geo:GSE216571:GSM6679376	treatment	CAR-T	file	raw/fp-d91fddb9e607/GSE216571_family.soft.gz		!Sample_source_name_ch1 = CAR-T dataset, sort CD3, T & NK cell subset bmref	True
GSM6679376	geo:GSE216571:GSM6679376	treatment	CAR-T	file	raw/fp-d91fddb9e607/GSE216571_family.soft.gz		!Sample_title = CART_2_pre_CD3	True
GSM6679377	geo:GSE216571:GSM6679377	cell_enrichment	CD3+	file	raw/fp-d91fddb9e607/GSE216571_family.soft.gz		!Sample_source_name_ch1 = CAR-T dataset, sort CD3, T & NK cell subset bmref	True
GSM6679377	geo:GSE216571:GSM6679377	cell_enrichment	CD3+	file	raw/fp-d91fddb9e607/GSE216571_family.soft.gz		Bone marrow mononuclear fractions were isolated through Ficoll density gradients coupled with magnetic sorting of CD3+ or CD45+ T cells.	True
GSM6679377	geo:GSE216571:GSM6679377	suspension_type	cell	file	raw/fp-d91fddb9e607/GSE216571_family.soft.gz		!Sample_library_source = transcriptomic single cell	True
GSM6679377	geo:GSE216571:GSM6679377	suspension_type	cell	file	raw/fp-d91fddb9e607/GSE216571_family.soft.gz		single cell 5’ v2 protocol, 10x Genomics	True
GSM6679377	geo:GSE216571:GSM6679377	donor_id	CART_3	file	raw/fp-d91fddb9e607/GSE216571_family.soft.gz		!Sample_title = CART_3_pre_CD3	True
GSM6679377	geo:GSE216571:GSM6679377	donor_id	CART_3	file	raw/fp-d91fddb9e607/GSE216571_family.soft.gz		!Sample_source_name_ch1 = CAR-T dataset, sort CD3, T & NK cell subset bmref	True
GSM6679377	geo:GSE216571:GSM6679377	tissue_free_text	bone marrow	file	raw/fp-d91fddb9e607/GSE216571_family.soft.gz		!Sample_characteristics_ch1 = tissue: human bone marrow mononuclear cells	True
GSM6679377	geo:GSE216571:GSM6679377	disease_free_text	multiple myeloma	file	raw/fp-d91fddb9e607/GSE216571_family.soft.gz		!Sample_characteristics_ch1 = treatment: relapsed-refractory multiple myeloma	True
GSM6679377	geo:GSE216571:GSM6679377	disease_stage	relapsed-refractory	file	raw/fp-d91fddb9e607/GSE216571_family.soft.gz		!Sample_characteristics_ch1 = treatment: relapsed-refractory multiple myeloma	True
GSM6679377	geo:GSE216571:GSM6679377	timepoint	pre	file	raw/fp-d91fddb9e607/GSE216571_family.soft.gz		!Sample_title = CART_3_pre_CD3	True
GSM6679377	geo:GSE216571:GSM6679377	treatment	CAR-T	file	raw/fp-d91fddb9e607/GSE216571_family.soft.gz		!Sample_source_name_ch1 = CAR-T dataset, sort CD3, T & NK cell subset bmref	True
GSM6679377	geo:GSE216571:GSM6679377	treatment	CAR-T	file	raw/fp-d91fddb9e607/GSE216571_family.soft.gz		!Sample_title = CART_3_pre_CD3	True
GSM6679378	geo:GSE216571:GSM6679378	cell_enrichment	CD3+	file	raw/fp-d91fddb9e607/GSE216571_family.soft.gz		!Sample_source_name_ch1 = CAR-T dataset, sort CD3, T & NK cell subset bmref	True
GSM6679378	geo:GSE216571:GSM6679378	cell_enrichment	CD3+	file	raw/fp-d91fddb9e607/GSE216571_family.soft.gz		Bone marrow mononuclear fractions were isolated through Ficoll density gradients coupled with magnetic sorting of CD3+ or CD45+ T cells.	True
GSM6679378	geo:GSE216571:GSM6679378	suspension_type	cell	file	raw/fp-d91fddb9e607/GSE216571_family.soft.gz		!Sample_library_source = transcriptomic single cell	True
GSM6679378	geo:GSE216571:GSM6679378	suspension_type	cell	file	raw/fp-d91fddb9e607/GSE216571_family.soft.gz		single cell 5’ v2 protocol, 10x Genomics	True
GSM6679378	geo:GSE216571:GSM6679378	donor_id	CART_4	file	raw/fp-d91fddb9e607/GSE216571_family.soft.gz		!Sample_title = CART_4_pre_CD3	True
GSM6679378	geo:GSE216571:GSM6679378	donor_id	CART_4	file	raw/fp-d91fddb9e607/GSE216571_family.soft.gz		!Sample_source_name_ch1 = CAR-T dataset, sort CD3, T & NK cell subset bmref	True
GSM6679378	geo:GSE216571:GSM6679378	tissue_free_text	bone marrow	file	raw/fp-d91fddb9e607/GSE216571_family.soft.gz		!Sample_characteristics_ch1 = tissue: human bone marrow mononuclear cells	True
GSM6679378	geo:GSE216571:GSM6679378	disease_free_text	multiple myeloma	file	raw/fp-d91fddb9e607/GSE216571_family.soft.gz		!Sample_characteristics_ch1 = treatment: relapsed-refractory multiple myeloma	True
GSM6679378	geo:GSE216571:GSM6679378	disease_stage	relapsed-refractory	file	raw/fp-d91fddb9e607/GSE216571_family.soft.gz		!Sample_characteristics_ch1 = treatment: relapsed-refractory multiple myeloma	True
GSM6679378	geo:GSE216571:GSM6679378	timepoint	pre	file	raw/fp-d91fddb9e607/GSE216571_family.soft.gz		!Sample_title = CART_4_pre_CD3	True
GSM6679378	geo:GSE216571:GSM6679378	treatment	CAR-T	file	raw/fp-d91fddb9e607/GSE216571_family.soft.gz		!Sample_source_name_ch1 = CAR-T dataset, sort CD3, T & NK cell subset bmref	True
GSM6679378	geo:GSE216571:GSM6679378	treatment	CAR-T	file	raw/fp-d91fddb9e607/GSE216571_family.soft.gz		!Sample_title = CART_4_pre_CD3	True
GSM6679379	geo:GSE216571:GSM6679379	cell_enrichment	CD3+	file	raw/fp-d91fddb9e607/GSE216571_family.soft.gz		!Sample_source_name_ch1 = CAR-T dataset, sort CD3, T & NK cell subset bmref	True
GSM6679379	geo:GSE216571:GSM6679379	cell_enrichment	CD3+	file	raw/fp-d91fddb9e607/GSE216571_family.soft.gz		Bone marrow mononuclear fractions were isolated through Ficoll density gradients coupled with magnetic sorting of CD3+ or CD45+ T cells.	True
GSM6679379	geo:GSE216571:GSM6679379	suspension_type	cell	file	raw/fp-d91fddb9e607/GSE216571_family.soft.gz		!Sample_library_source = transcriptomic single cell	True
GSM6679379	geo:GSE216571:GSM6679379	suspension_type	cell	file	raw/fp-d91fddb9e607/GSE216571_family.soft.gz		single cell 5’ v2 protocol, 10x Genomics	True
GSM6679379	geo:GSE216571:GSM6679379	donor_id	CART_5	file	raw/fp-d91fddb9e607/GSE216571_family.soft.gz		!Sample_title = CART_5_pre_CD3	True
GSM6679379	geo:GSE216571:GSM6679379	donor_id	CART_5	file	raw/fp-d91fddb9e607/GSE216571_family.soft.gz		!Sample_source_name_ch1 = CAR-T dataset, sort CD3, T & NK cell subset bmref	True
GSM6679379	geo:GSE216571:GSM6679379	tissue_free_text	bone marrow	file	raw/fp-d91fddb9e607/GSE216571_family.soft.gz		!Sample_characteristics_ch1 = tissue: human bone marrow mononuclear cells	True
GSM6679379	geo:GSE216571:GSM6679379	disease_free_text	multiple myeloma	file	raw/fp-d91fddb9e607/GSE216571_family.soft.gz		!Sample_characteristics_ch1 = treatment: relapsed-refractory multiple myeloma	True
GSM6679379	geo:GSE216571:GSM6679379	disease_stage	relapsed-refractory	file	raw/fp-d91fddb9e607/GSE216571_family.soft.gz		!Sample_characteristics_ch1 = treatment: relapsed-refractory multiple myeloma	True
GSM6679379	geo:GSE216571:GSM6679379	timepoint	pre	file	raw/fp-d91fddb9e607/GSE216571_family.soft.gz		!Sample_title = CART_5_pre_CD3	True
GSM6679379	geo:GSE216571:GSM6679379	treatment	CAR-T	file	raw/fp-d91fddb9e607/GSE216571_family.soft.gz		!Sample_source_name_ch1 = CAR-T dataset, sort CD3, T & NK cell subset bmref	True
GSM6679379	geo:GSE216571:GSM6679379	treatment	CAR-T	file	raw/fp-d91fddb9e607/GSE216571_family.soft.gz		!Sample_title = CART_5_pre_CD3	True
GSM6679380	geo:GSE216571:GSM6679380	cell_enrichment	CD3+	file	raw/fp-d91fddb9e607/GSE216571_family.soft.gz		!Sample_source_name_ch1 = CAR-T dataset, sort CD3, T & NK cell subset bmref	True
GSM6679380	geo:GSE216571:GSM6679380	cell_enrichment	CD3+	file	raw/fp-d91fddb9e607/GSE216571_family.soft.gz		Bone marrow mononuclear fractions were isolated through Ficoll density gradients coupled with magnetic sorting of CD3+ or CD45+ T cells.	True
GSM6679380	geo:GSE216571:GSM6679380	suspension_type	cell	file	raw/fp-d91fddb9e607/GSE216571_family.soft.gz		!Sample_library_source = transcriptomic single cell	True
GSM6679380	geo:GSE216571:GSM6679380	suspension_type	cell	file	raw/fp-d91fddb9e607/GSE216571_family.soft.gz		single cell 5’ v2 protocol, 10x Genomics	True
GSM6679380	geo:GSE216571:GSM6679380	donor_id	CART_6	file	raw/fp-d91fddb9e607/GSE216571_family.soft.gz		!Sample_title = CART_6_pre_CD3	True
GSM6679380	geo:GSE216571:GSM6679380	donor_id	CART_6	file	raw/fp-d91fddb9e607/GSE216571_family.soft.gz		!Sample_source_name_ch1 = CAR-T dataset, sort CD3, T & NK cell subset bmref	True
GSM6679380	geo:GSE216571:GSM6679380	tissue_free_text	bone marrow	file	raw/fp-d91fddb9e607/GSE216571_family.soft.gz		!Sample_characteristics_ch1 = tissue: human bone marrow mononuclear cells	True
GSM6679380	geo:GSE216571:GSM6679380	disease_free_text	multiple myeloma	file	raw/fp-d91fddb9e607/GSE216571_family.soft.gz		!Sample_characteristics_ch1 = treatment: relapsed-refractory multiple myeloma	True
GSM6679380	geo:GSE216571:GSM6679380	disease_stage	relapsed-refractory	file	raw/fp-d91fddb9e607/GSE216571_family.soft.gz		!Sample_characteristics_ch1 = treatment: relapsed-refractory multiple myeloma	True
GSM6679380	geo:GSE216571:GSM6679380	timepoint	pre	file	raw/fp-d91fddb9e607/GSE216571_family.soft.gz		!Sample_title = CART_6_pre_CD3	True
GSM6679380	geo:GSE216571:GSM6679380	treatment	CAR-T	file	raw/fp-d91fddb9e607/GSE216571_family.soft.gz		!Sample_source_name_ch1 = CAR-T dataset, sort CD3, T & NK cell subset bmref	True
GSM6679380	geo:GSE216571:GSM6679380	treatment	CAR-T	file	raw/fp-d91fddb9e607/GSE216571_family.soft.gz		!Sample_title = CART_6_pre_CD3	True
GSM6679381	geo:GSE216571:GSM6679381	cell_enrichment	CD3+	file	raw/fp-d91fddb9e607/GSE216571_family.soft.gz		!Sample_source_name_ch1 = CAR-T dataset, sort CD3, T & NK cell subset bmref	True
GSM6679381	geo:GSE216571:GSM6679381	cell_enrichment	CD3+	file	raw/fp-d91fddb9e607/GSE216571_family.soft.gz		Bone marrow mononuclear fractions were isolated through Ficoll density gradients coupled with magnetic sorting of CD3+ or CD45+ T cells.	True
GSM6679381	geo:GSE216571:GSM6679381	suspension_type	cell	file	raw/fp-d91fddb9e607/GSE216571_family.soft.gz		!Sample_library_source = transcriptomic single cell	True
GSM6679381	geo:GSE216571:GSM6679381	suspension_type	cell	file	raw/fp-d91fddb9e607/GSE216571_family.soft.gz		single cell 5’ v2 protocol, 10x Genomics	True
GSM6679381	geo:GSE216571:GSM6679381	donor_id	CART_7	file	raw/fp-d91fddb9e607/GSE216571_family.soft.gz		!Sample_title = CART_7_pre_CD3	True
GSM6679381	geo:GSE216571:GSM6679381	donor_id	CART_7	file	raw/fp-d91fddb9e607/GSE216571_family.soft.gz		!Sample_source_name_ch1 = CAR-T dataset, sort CD3, T & NK cell subset bmref	True
GSM6679381	geo:GSE216571:GSM6679381	tissue_free_text	bone marrow	file	raw/fp-d91fddb9e607/GSE216571_family.soft.gz		!Sample_characteristics_ch1 = tissue: human bone marrow mononuclear cells	True
GSM6679381	geo:GSE216571:GSM6679381	disease_free_text	multiple myeloma	file	raw/fp-d91fddb9e607/GSE216571_family.soft.gz		!Sample_characteristics_ch1 = treatment: relapsed-refractory multiple myeloma	True
GSM6679381	geo:GSE216571:GSM6679381	disease_stage	relapsed-refractory	file	raw/fp-d91fddb9e607/GSE216571_family.soft.gz		!Sample_characteristics_ch1 = treatment: relapsed-refractory multiple myeloma	True
GSM6679381	geo:GSE216571:GSM6679381	timepoint	pre	file	raw/fp-d91fddb9e607/GSE216571_family.soft.gz		!Sample_title = CART_7_pre_CD3	True
GSM6679381	geo:GSE216571:GSM6679381	treatment	CAR-T	file	raw/fp-d91fddb9e607/GSE216571_family.soft.gz		!Sample_source_name_ch1 = CAR-T dataset, sort CD3, T & NK cell subset bmref	True
GSM6679381	geo:GSE216571:GSM6679381	treatment	CAR-T	file	raw/fp-d91fddb9e607/GSE216571_family.soft.gz		!Sample_title = CART_7_pre_CD3	True
GSM6679382	geo:GSE216571:GSM6679382	cell_enrichment	CD3+	file	raw/fp-d91fddb9e607/GSE216571_family.soft.gz		!Sample_source_name_ch1 = CAR-T dataset, sort CD3, T & NK cell subset bmref	True
GSM6679382	geo:GSE216571:GSM6679382	cell_enrichment	CD3+	file	raw/fp-d91fddb9e607/GSE216571_family.soft.gz		Bone marrow mononuclear fractions were isolated through Ficoll density gradients coupled with magnetic sorting of CD3+ or CD45+ T cells.	True
GSM6679382	geo:GSE216571:GSM6679382	suspension_type	cell	file	raw/fp-d91fddb9e607/GSE216571_family.soft.gz		!Sample_library_source = transcriptomic single cell	True
GSM6679382	geo:GSE216571:GSM6679382	suspension_type	cell	file	raw/fp-d91fddb9e607/GSE216571_family.soft.gz		single cell 5’ v2 protocol, 10x Genomics	True
GSM6679382	geo:GSE216571:GSM6679382	donor_id	CART_8	file	raw/fp-d91fddb9e607/GSE216571_family.soft.gz		!Sample_title = CART_8_pre_CD3	True
GSM6679382	geo:GSE216571:GSM6679382	donor_id	CART_8	file	raw/fp-d91fddb9e607/GSE216571_family.soft.gz		!Sample_source_name_ch1 = CAR-T dataset, sort CD3, T & NK cell subset bmref	True
GSM6679382	geo:GSE216571:GSM6679382	tissue_free_text	bone marrow	file	raw/fp-d91fddb9e607/GSE216571_family.soft.gz		!Sample_characteristics_ch1 = tissue: human bone marrow mononuclear cells	True
GSM6679382	geo:GSE216571:GSM6679382	disease_free_text	multiple myeloma	file	raw/fp-d91fddb9e607/GSE216571_family.soft.gz		!Sample_characteristics_ch1 = treatment: relapsed-refractory multiple myeloma	True
GSM6679382	geo:GSE216571:GSM6679382	disease_stage	relapsed-refractory	file	raw/fp-d91fddb9e607/GSE216571_family.soft.gz		!Sample_characteristics_ch1 = treatment: relapsed-refractory multiple myeloma	True
GSM6679382	geo:GSE216571:GSM6679382	timepoint	pre	file	raw/fp-d91fddb9e607/GSE216571_family.soft.gz		!Sample_title = CART_8_pre_CD3	True
GSM6679382	geo:GSE216571:GSM6679382	treatment	CAR-T	file	raw/fp-d91fddb9e607/GSE216571_family.soft.gz		!Sample_source_name_ch1 = CAR-T dataset, sort CD3, T & NK cell subset bmref	True
GSM6679382	geo:GSE216571:GSM6679382	treatment	CAR-T	file	raw/fp-d91fddb9e607/GSE216571_family.soft.gz		!Sample_title = CART_8_pre_CD3	True
GSM6679383	geo:GSE216571:GSM6679383	cell_enrichment	CD3+	file	raw/fp-d91fddb9e607/GSE216571_family.soft.gz		!Sample_source_name_ch1 = CAR-T dataset, sort CD3, T & NK cell subset bmref	True
GSM6679383	geo:GSE216571:GSM6679383	cell_enrichment	CD3+	file	raw/fp-d91fddb9e607/GSE216571_family.soft.gz		Bone marrow mononuclear fractions were isolated through Ficoll density gradients coupled with magnetic sorting of CD3+ or CD45+ T cells.	True
GSM6679383	geo:GSE216571:GSM6679383	suspension_type	cell	file	raw/fp-d91fddb9e607/GSE216571_family.soft.gz		!Sample_library_source = transcriptomic single cell	True
GSM6679383	geo:GSE216571:GSM6679383	suspension_type	cell	file	raw/fp-d91fddb9e607/GSE216571_family.soft.gz		single cell 5’ v2 protocol, 10x Genomics	True
GSM6679383	geo:GSE216571:GSM6679383	donor_id	CART_9	file	raw/fp-d91fddb9e607/GSE216571_family.soft.gz		!Sample_title = CART_9_pre_CD3	True
GSM6679383	geo:GSE216571:GSM6679383	donor_id	CART_9	file	raw/fp-d91fddb9e607/GSE216571_family.soft.gz		!Sample_source_name_ch1 = CAR-T dataset, sort CD3, T & NK cell subset bmref	True
GSM6679383	geo:GSE216571:GSM6679383	tissue_free_text	bone marrow	file	raw/fp-d91fddb9e607/GSE216571_family.soft.gz		!Sample_characteristics_ch1 = tissue: human bone marrow mononuclear cells	True
GSM6679383	geo:GSE216571:GSM6679383	disease_free_text	multiple myeloma	file	raw/fp-d91fddb9e607/GSE216571_family.soft.gz		!Sample_characteristics_ch1 = treatment: relapsed-refractory multiple myeloma	True
GSM6679383	geo:GSE216571:GSM6679383	disease_stage	relapsed-refractory	file	raw/fp-d91fddb9e607/GSE216571_family.soft.gz		!Sample_characteristics_ch1 = treatment: relapsed-refractory multiple myeloma	True
GSM6679383	geo:GSE216571:GSM6679383	timepoint	pre	file	raw/fp-d91fddb9e607/GSE216571_family.soft.gz		!Sample_title = CART_9_pre_CD3	True
GSM6679383	geo:GSE216571:GSM6679383	treatment	CAR-T	file	raw/fp-d91fddb9e607/GSE216571_family.soft.gz		!Sample_source_name_ch1 = CAR-T dataset, sort CD3, T & NK cell subset bmref	True
GSM6679383	geo:GSE216571:GSM6679383	treatment	CAR-T	file	raw/fp-d91fddb9e607/GSE216571_family.soft.gz		!Sample_title = CART_9_pre_CD3	True
