sample_id	sample_uid	field	value	source	ref	scope	quote	verified
MM_01_BM	mendeley:9kx8hc6h66:MM_01_BM	sex_ontology_term_id	PATO:0000384	derived	sex_map		male	True
MM_01_BM	mendeley:9kx8hc6h66:MM_01_BM	assay_ontology_term_id	EFO:0009922	derived	ols:efo		10x 3' v3	True
MM_01_BM	mendeley:9kx8hc6h66:MM_01_BM	development_stage_ontology_term_id	HsapDv:0000130	derived	age_in_years:'36-year-old stage':ols:hsapdv		36	True
MM_01_BM	mendeley:9kx8hc6h66:MM_01_BM	tissue_ontology_term_id	UBERON:0002371	derived	ols:uberon		bone marrow	True
MM_01_BM	mendeley:9kx8hc6h66:MM_01_BM	disease_ontology_term_id	MONDO:0009693	derived	ols:mondo		multiple myeloma	True
MM_01_BM	mendeley:9kx8hc6h66:MM_01_BM	author_cell_type	<column author_cell_type_label>	column	work/v1/cell_flags/MM_01_BM.cell_metadata.tsv.gz/author_cell_type_label			True
MM_01_CTC	mendeley:9kx8hc6h66:MM_01_CTC	sex_ontology_term_id	PATO:0000384	derived	sex_map		male	True
MM_01_CTC	mendeley:9kx8hc6h66:MM_01_CTC	assay_ontology_term_id	EFO:0009922	derived	ols:efo		10x 3' v3	True
MM_01_CTC	mendeley:9kx8hc6h66:MM_01_CTC	development_stage_ontology_term_id	HsapDv:0000130	derived	age_in_years:'36-year-old stage':ols:hsapdv		36	True
MM_01_CTC	mendeley:9kx8hc6h66:MM_01_CTC	disease_ontology_term_id	MONDO:0009693	derived	ols:mondo		multiple myeloma	True
MM_01_CTC	mendeley:9kx8hc6h66:MM_01_CTC	author_cell_type	<column author_cell_type_label>	column	work/v1/cell_flags/MM_01_CTC.cell_metadata.tsv.gz/author_cell_type_label			True
MM_02_BM	mendeley:9kx8hc6h66:MM_02_BM	sex_ontology_term_id	PATO:0000383	derived	sex_map		female	True
MM_02_BM	mendeley:9kx8hc6h66:MM_02_BM	assay_ontology_term_id	EFO:0009922	derived	ols:efo		10x 3' v3	True
MM_02_BM	mendeley:9kx8hc6h66:MM_02_BM	development_stage_ontology_term_id	HsapDv:0000152	derived	age_in_years:'58-year-old stage':ols:hsapdv		58	True
MM_02_BM	mendeley:9kx8hc6h66:MM_02_BM	tissue_ontology_term_id	UBERON:0002371	derived	ols:uberon		bone marrow	True
MM_02_BM	mendeley:9kx8hc6h66:MM_02_BM	disease_ontology_term_id	MONDO:0009693	derived	ols:mondo		multiple myeloma	True
MM_02_BM	mendeley:9kx8hc6h66:MM_02_BM	author_cell_type	<column author_cell_type_label>	column	work/v1/cell_flags/MM_02_BM.cell_metadata.tsv.gz/author_cell_type_label			True
MM_02_CTC	mendeley:9kx8hc6h66:MM_02_CTC	sex_ontology_term_id	PATO:0000383	derived	sex_map		female	True
MM_02_CTC	mendeley:9kx8hc6h66:MM_02_CTC	assay_ontology_term_id	EFO:0009922	derived	ols:efo		10x 3' v3	True
MM_02_CTC	mendeley:9kx8hc6h66:MM_02_CTC	development_stage_ontology_term_id	HsapDv:0000152	derived	age_in_years:'58-year-old stage':ols:hsapdv		58	True
MM_02_CTC	mendeley:9kx8hc6h66:MM_02_CTC	disease_ontology_term_id	MONDO:0009693	derived	ols:mondo		multiple myeloma	True
MM_02_CTC	mendeley:9kx8hc6h66:MM_02_CTC	author_cell_type	<column author_cell_type_label>	column	work/v1/cell_flags/MM_02_CTC.cell_metadata.tsv.gz/author_cell_type_label			True
MM_03_BM	mendeley:9kx8hc6h66:MM_03_BM	sex_ontology_term_id	PATO:0000383	derived	sex_map		female	True
MM_03_BM	mendeley:9kx8hc6h66:MM_03_BM	assay_ontology_term_id	EFO:0009922	derived	ols:efo		10x 3' v3	True
MM_03_BM	mendeley:9kx8hc6h66:MM_03_BM	development_stage_ontology_term_id	HsapDv:0000153	derived	age_in_years:'59-year-old stage':ols:hsapdv		59	True
MM_03_BM	mendeley:9kx8hc6h66:MM_03_BM	tissue_ontology_term_id	UBERON:0002371	derived	ols:uberon		bone marrow	True
MM_03_BM	mendeley:9kx8hc6h66:MM_03_BM	disease_ontology_term_id	MONDO:0009693	derived	ols:mondo		multiple myeloma	True
MM_03_BM	mendeley:9kx8hc6h66:MM_03_BM	author_cell_type	<column author_cell_type_label>	column	work/v1/cell_flags/MM_03_BM.cell_metadata.tsv.gz/author_cell_type_label			True
MM_03_CTC	mendeley:9kx8hc6h66:MM_03_CTC	sex_ontology_term_id	PATO:0000383	derived	sex_map		female	True
MM_03_CTC	mendeley:9kx8hc6h66:MM_03_CTC	assay_ontology_term_id	EFO:0009922	derived	ols:efo		10x 3' v3	True
MM_03_CTC	mendeley:9kx8hc6h66:MM_03_CTC	development_stage_ontology_term_id	HsapDv:0000153	derived	age_in_years:'59-year-old stage':ols:hsapdv		59	True
MM_03_CTC	mendeley:9kx8hc6h66:MM_03_CTC	disease_ontology_term_id	MONDO:0009693	derived	ols:mondo		multiple myeloma	True
MM_03_CTC	mendeley:9kx8hc6h66:MM_03_CTC	author_cell_type	<column author_cell_type_label>	column	work/v1/cell_flags/MM_03_CTC.cell_metadata.tsv.gz/author_cell_type_label			True
MM_04_BM	mendeley:9kx8hc6h66:MM_04_BM	sex_ontology_term_id	PATO:0000384	derived	sex_map		male	True
MM_04_BM	mendeley:9kx8hc6h66:MM_04_BM	assay_ontology_term_id	EFO:0009922	derived	ols:efo		10x 3' v3	True
MM_04_BM	mendeley:9kx8hc6h66:MM_04_BM	development_stage_ontology_term_id	HsapDv:0000148	derived	age_in_years:'54-year-old stage':ols:hsapdv		54	True
MM_04_BM	mendeley:9kx8hc6h66:MM_04_BM	tissue_ontology_term_id	UBERON:0002371	derived	ols:uberon		bone marrow	True
MM_04_BM	mendeley:9kx8hc6h66:MM_04_BM	disease_ontology_term_id	MONDO:0009693	derived	ols:mondo		multiple myeloma	True
MM_04_BM	mendeley:9kx8hc6h66:MM_04_BM	author_cell_type	<column author_cell_type_label>	column	work/v1/cell_flags/MM_04_BM.cell_metadata.tsv.gz/author_cell_type_label			True
MM_04_CTC	mendeley:9kx8hc6h66:MM_04_CTC	sex_ontology_term_id	PATO:0000384	derived	sex_map		male	True
MM_04_CTC	mendeley:9kx8hc6h66:MM_04_CTC	assay_ontology_term_id	EFO:0009922	derived	ols:efo		10x 3' v3	True
MM_04_CTC	mendeley:9kx8hc6h66:MM_04_CTC	development_stage_ontology_term_id	HsapDv:0000148	derived	age_in_years:'54-year-old stage':ols:hsapdv		54	True
MM_04_CTC	mendeley:9kx8hc6h66:MM_04_CTC	disease_ontology_term_id	MONDO:0009693	derived	ols:mondo		multiple myeloma	True
MM_04_CTC	mendeley:9kx8hc6h66:MM_04_CTC	author_cell_type	<column author_cell_type_label>	column	work/v1/cell_flags/MM_04_CTC.cell_metadata.tsv.gz/author_cell_type_label			True
MM_05_BM	mendeley:9kx8hc6h66:MM_05_BM	sex_ontology_term_id	PATO:0000383	derived	sex_map		female	True
MM_05_BM	mendeley:9kx8hc6h66:MM_05_BM	assay_ontology_term_id	EFO:0009922	derived	ols:efo		10x 3' v3	True
MM_05_BM	mendeley:9kx8hc6h66:MM_05_BM	development_stage_ontology_term_id	HsapDv:0000142	derived	age_in_years:'48-year-old stage':ols:hsapdv		48	True
MM_05_BM	mendeley:9kx8hc6h66:MM_05_BM	tissue_ontology_term_id	UBERON:0002371	derived	ols:uberon		bone marrow	True
MM_05_BM	mendeley:9kx8hc6h66:MM_05_BM	disease_ontology_term_id	MONDO:0009693	derived	ols:mondo		multiple myeloma	True
MM_05_BM	mendeley:9kx8hc6h66:MM_05_BM	author_cell_type	<column author_cell_type_label>	column	work/v1/cell_flags/MM_05_BM.cell_metadata.tsv.gz/author_cell_type_label			True
MM_05_CTC	mendeley:9kx8hc6h66:MM_05_CTC	sex_ontology_term_id	PATO:0000383	derived	sex_map		female	True
MM_05_CTC	mendeley:9kx8hc6h66:MM_05_CTC	assay_ontology_term_id	EFO:0009922	derived	ols:efo		10x 3' v3	True
MM_05_CTC	mendeley:9kx8hc6h66:MM_05_CTC	development_stage_ontology_term_id	HsapDv:0000142	derived	age_in_years:'48-year-old stage':ols:hsapdv		48	True
MM_05_CTC	mendeley:9kx8hc6h66:MM_05_CTC	disease_ontology_term_id	MONDO:0009693	derived	ols:mondo		multiple myeloma	True
MM_05_CTC	mendeley:9kx8hc6h66:MM_05_CTC	author_cell_type	<column author_cell_type_label>	column	work/v1/cell_flags/MM_05_CTC.cell_metadata.tsv.gz/author_cell_type_label			True
MM_06_BM	mendeley:9kx8hc6h66:MM_06_BM	sex_ontology_term_id	PATO:0000383	derived	sex_map		female	True
MM_06_BM	mendeley:9kx8hc6h66:MM_06_BM	assay_ontology_term_id	EFO:0009922	derived	ols:efo		10x 3' v3	True
MM_06_BM	mendeley:9kx8hc6h66:MM_06_BM	development_stage_ontology_term_id	HsapDv:0000149	derived	age_in_years:'55-year-old stage':ols:hsapdv		55	True
MM_06_BM	mendeley:9kx8hc6h66:MM_06_BM	tissue_ontology_term_id	UBERON:0002371	derived	ols:uberon		bone marrow	True
MM_06_BM	mendeley:9kx8hc6h66:MM_06_BM	disease_ontology_term_id	MONDO:0009693	derived	ols:mondo		multiple myeloma	True
MM_06_BM	mendeley:9kx8hc6h66:MM_06_BM	author_cell_type	<column author_cell_type_label>	column	work/v1/cell_flags/MM_06_BM.cell_metadata.tsv.gz/author_cell_type_label			True
MM_06_CTC	mendeley:9kx8hc6h66:MM_06_CTC	sex_ontology_term_id	PATO:0000383	derived	sex_map		female	True
MM_06_CTC	mendeley:9kx8hc6h66:MM_06_CTC	assay_ontology_term_id	EFO:0009922	derived	ols:efo		10x 3' v3	True
MM_06_CTC	mendeley:9kx8hc6h66:MM_06_CTC	development_stage_ontology_term_id	HsapDv:0000149	derived	age_in_years:'55-year-old stage':ols:hsapdv		55	True
MM_06_CTC	mendeley:9kx8hc6h66:MM_06_CTC	disease_ontology_term_id	MONDO:0009693	derived	ols:mondo		multiple myeloma	True
MM_06_CTC	mendeley:9kx8hc6h66:MM_06_CTC	author_cell_type	<column author_cell_type_label>	column	work/v1/cell_flags/MM_06_CTC.cell_metadata.tsv.gz/author_cell_type_label			True
MM_07_BM	mendeley:9kx8hc6h66:MM_07_BM	sex_ontology_term_id	PATO:0000384	derived	sex_map		male	True
MM_07_BM	mendeley:9kx8hc6h66:MM_07_BM	assay_ontology_term_id	EFO:0009922	derived	ols:efo		10x 3' v3	True
MM_07_BM	mendeley:9kx8hc6h66:MM_07_BM	development_stage_ontology_term_id	HsapDv:0000146	derived	age_in_years:'52-year-old stage':ols:hsapdv		52	True
MM_07_BM	mendeley:9kx8hc6h66:MM_07_BM	tissue_ontology_term_id	UBERON:0002371	derived	ols:uberon		bone marrow	True
MM_07_BM	mendeley:9kx8hc6h66:MM_07_BM	disease_ontology_term_id	MONDO:0009693	derived	ols:mondo		multiple myeloma	True
MM_07_BM	mendeley:9kx8hc6h66:MM_07_BM	author_cell_type	<column author_cell_type_label>	column	work/v1/cell_flags/MM_07_BM.cell_metadata.tsv.gz/author_cell_type_label			True
MM_07_CTC	mendeley:9kx8hc6h66:MM_07_CTC	sex_ontology_term_id	PATO:0000384	derived	sex_map		male	True
MM_07_CTC	mendeley:9kx8hc6h66:MM_07_CTC	assay_ontology_term_id	EFO:0009922	derived	ols:efo		10x 3' v3	True
MM_07_CTC	mendeley:9kx8hc6h66:MM_07_CTC	development_stage_ontology_term_id	HsapDv:0000146	derived	age_in_years:'52-year-old stage':ols:hsapdv		52	True
MM_07_CTC	mendeley:9kx8hc6h66:MM_07_CTC	disease_ontology_term_id	MONDO:0009693	derived	ols:mondo		multiple myeloma	True
MM_07_CTC	mendeley:9kx8hc6h66:MM_07_CTC	author_cell_type	<column author_cell_type_label>	column	work/v1/cell_flags/MM_07_CTC.cell_metadata.tsv.gz/author_cell_type_label			True
MM_08_BM	mendeley:9kx8hc6h66:MM_08_BM	sex_ontology_term_id	PATO:0000383	derived	sex_map		female	True
MM_08_BM	mendeley:9kx8hc6h66:MM_08_BM	assay_ontology_term_id	EFO:0009922	derived	ols:efo		10x 3' v3	True
MM_08_BM	mendeley:9kx8hc6h66:MM_08_BM	development_stage_ontology_term_id	HsapDv:0000152	derived	age_in_years:'58-year-old stage':ols:hsapdv		58	True
MM_08_BM	mendeley:9kx8hc6h66:MM_08_BM	tissue_ontology_term_id	UBERON:0002371	derived	ols:uberon		bone marrow	True
MM_08_BM	mendeley:9kx8hc6h66:MM_08_BM	disease_ontology_term_id	MONDO:0009693	derived	ols:mondo		multiple myeloma	True
MM_08_BM	mendeley:9kx8hc6h66:MM_08_BM	author_cell_type	<column author_cell_type_label>	column	work/v1/cell_flags/MM_08_BM.cell_metadata.tsv.gz/author_cell_type_label			True
MM_09_BM	mendeley:9kx8hc6h66:MM_09_BM	sex_ontology_term_id	PATO:0000384	derived	sex_map		male	True
MM_09_BM	mendeley:9kx8hc6h66:MM_09_BM	assay_ontology_term_id	EFO:0009922	derived	ols:efo		10x 3' v3	True
MM_09_BM	mendeley:9kx8hc6h66:MM_09_BM	development_stage_ontology_term_id	HsapDv:0000155	derived	age_in_years:'61-year-old stage':ols:hsapdv		61	True
MM_09_BM	mendeley:9kx8hc6h66:MM_09_BM	tissue_ontology_term_id	UBERON:0002371	derived	ols:uberon		bone marrow	True
MM_09_BM	mendeley:9kx8hc6h66:MM_09_BM	disease_ontology_term_id	MONDO:0009693	derived	ols:mondo		multiple myeloma	True
MM_09_BM	mendeley:9kx8hc6h66:MM_09_BM	author_cell_type	<column author_cell_type_label>	column	work/v1/cell_flags/MM_09_BM.cell_metadata.tsv.gz/author_cell_type_label			True
MM_10_BM	mendeley:9kx8hc6h66:MM_10_BM	sex_ontology_term_id	PATO:0000384	derived	sex_map		male	True
MM_10_BM	mendeley:9kx8hc6h66:MM_10_BM	assay_ontology_term_id	EFO:0009922	derived	ols:efo		10x 3' v3	True
MM_10_BM	mendeley:9kx8hc6h66:MM_10_BM	development_stage_ontology_term_id	HsapDv:0000157	derived	age_in_years:'63-year-old stage':ols:hsapdv		63	True
MM_10_BM	mendeley:9kx8hc6h66:MM_10_BM	tissue_ontology_term_id	UBERON:0002371	derived	ols:uberon		bone marrow	True
MM_10_BM	mendeley:9kx8hc6h66:MM_10_BM	disease_ontology_term_id	MONDO:0009693	derived	ols:mondo		multiple myeloma	True
MM_10_BM	mendeley:9kx8hc6h66:MM_10_BM	author_cell_type	<column author_cell_type_label>	column	work/v1/cell_flags/MM_10_BM.cell_metadata.tsv.gz/author_cell_type_label			True
MM_11_BM	mendeley:9kx8hc6h66:MM_11_BM	sex_ontology_term_id	PATO:0000384	derived	sex_map		male	True
MM_11_BM	mendeley:9kx8hc6h66:MM_11_BM	assay_ontology_term_id	EFO:0009922	derived	ols:efo		10x 3' v3	True
MM_11_BM	mendeley:9kx8hc6h66:MM_11_BM	development_stage_ontology_term_id	HsapDv:0000153	derived	age_in_years:'59-year-old stage':ols:hsapdv		59	True
MM_11_BM	mendeley:9kx8hc6h66:MM_11_BM	tissue_ontology_term_id	UBERON:0002371	derived	ols:uberon		bone marrow	True
MM_11_BM	mendeley:9kx8hc6h66:MM_11_BM	disease_ontology_term_id	MONDO:0009693	derived	ols:mondo		multiple myeloma	True
MM_11_BM	mendeley:9kx8hc6h66:MM_11_BM	author_cell_type	<column author_cell_type_label>	column	work/v1/cell_flags/MM_11_BM.cell_metadata.tsv.gz/author_cell_type_label			True
MM_12_BM	mendeley:9kx8hc6h66:MM_12_BM	sex_ontology_term_id	PATO:0000384	derived	sex_map		male	True
MM_12_BM	mendeley:9kx8hc6h66:MM_12_BM	assay_ontology_term_id	EFO:0009922	derived	ols:efo		10x 3' v3	True
MM_12_BM	mendeley:9kx8hc6h66:MM_12_BM	development_stage_ontology_term_id	HsapDv:0000158	derived	age_in_years:'64-year-old stage':ols:hsapdv		64	True
MM_12_BM	mendeley:9kx8hc6h66:MM_12_BM	tissue_ontology_term_id	UBERON:0002371	derived	ols:uberon		bone marrow	True
MM_12_BM	mendeley:9kx8hc6h66:MM_12_BM	disease_ontology_term_id	MONDO:0009693	derived	ols:mondo		multiple myeloma	True
MM_12_BM	mendeley:9kx8hc6h66:MM_12_BM	author_cell_type	<column author_cell_type_label>	column	work/v1/cell_flags/MM_12_BM.cell_metadata.tsv.gz/author_cell_type_label			True
MM_13_BM	mendeley:9kx8hc6h66:MM_13_BM	sex_ontology_term_id	PATO:0000383	derived	sex_map		female	True
MM_13_BM	mendeley:9kx8hc6h66:MM_13_BM	assay_ontology_term_id	EFO:0009922	derived	ols:efo		10x 3' v3	True
MM_13_BM	mendeley:9kx8hc6h66:MM_13_BM	development_stage_ontology_term_id	HsapDv:0000157	derived	age_in_years:'63-year-old stage':ols:hsapdv		63	True
MM_13_BM	mendeley:9kx8hc6h66:MM_13_BM	tissue_ontology_term_id	UBERON:0002371	derived	ols:uberon		bone marrow	True
MM_13_BM	mendeley:9kx8hc6h66:MM_13_BM	disease_ontology_term_id	MONDO:0009693	derived	ols:mondo		multiple myeloma	True
MM_13_BM	mendeley:9kx8hc6h66:MM_13_BM	author_cell_type	<column author_cell_type_label>	column	work/v1/cell_flags/MM_13_BM.cell_metadata.tsv.gz/author_cell_type_label			True
MM_14_BM	mendeley:9kx8hc6h66:MM_14_BM	sex_ontology_term_id	PATO:0000384	derived	sex_map		male	True
MM_14_BM	mendeley:9kx8hc6h66:MM_14_BM	assay_ontology_term_id	EFO:0009922	derived	ols:efo		10x 3' v3	True
MM_14_BM	mendeley:9kx8hc6h66:MM_14_BM	development_stage_ontology_term_id	HsapDv:0000155	derived	age_in_years:'61-year-old stage':ols:hsapdv		61	True
MM_14_BM	mendeley:9kx8hc6h66:MM_14_BM	tissue_ontology_term_id	UBERON:0002371	derived	ols:uberon		bone marrow	True
MM_14_BM	mendeley:9kx8hc6h66:MM_14_BM	disease_ontology_term_id	MONDO:0009693	derived	ols:mondo		multiple myeloma	True
MM_14_BM	mendeley:9kx8hc6h66:MM_14_BM	author_cell_type	<column author_cell_type_label>	column	work/v1/cell_flags/MM_14_BM.cell_metadata.tsv.gz/author_cell_type_label			True
MM_15_BM	mendeley:9kx8hc6h66:MM_15_BM	sex_ontology_term_id	PATO:0000383	derived	sex_map		female	True
MM_15_BM	mendeley:9kx8hc6h66:MM_15_BM	assay_ontology_term_id	EFO:0009922	derived	ols:efo		10x 3' v3	True
MM_15_BM	mendeley:9kx8hc6h66:MM_15_BM	development_stage_ontology_term_id	HsapDv:0000155	derived	age_in_years:'61-year-old stage':ols:hsapdv		61	True
MM_15_BM	mendeley:9kx8hc6h66:MM_15_BM	tissue_ontology_term_id	UBERON:0002371	derived	ols:uberon		bone marrow	True
MM_15_BM	mendeley:9kx8hc6h66:MM_15_BM	disease_ontology_term_id	MONDO:0009693	derived	ols:mondo		multiple myeloma	True
MM_15_BM	mendeley:9kx8hc6h66:MM_15_BM	author_cell_type	<column author_cell_type_label>	column	work/v1/cell_flags/MM_15_BM.cell_metadata.tsv.gz/author_cell_type_label			True
MM_16_BM	mendeley:9kx8hc6h66:MM_16_BM	sex_ontology_term_id	PATO:0000384	derived	sex_map		male	True
MM_16_BM	mendeley:9kx8hc6h66:MM_16_BM	assay_ontology_term_id	EFO:0009922	derived	ols:efo		10x 3' v3	True
MM_16_BM	mendeley:9kx8hc6h66:MM_16_BM	development_stage_ontology_term_id	HsapDv:0000158	derived	age_in_years:'64-year-old stage':ols:hsapdv		64	True
MM_16_BM	mendeley:9kx8hc6h66:MM_16_BM	tissue_ontology_term_id	UBERON:0002371	derived	ols:uberon		bone marrow	True
MM_16_BM	mendeley:9kx8hc6h66:MM_16_BM	disease_ontology_term_id	MONDO:0009693	derived	ols:mondo		multiple myeloma	True
MM_16_BM	mendeley:9kx8hc6h66:MM_16_BM	author_cell_type	<column author_cell_type_label>	column	work/v1/cell_flags/MM_16_BM.cell_metadata.tsv.gz/author_cell_type_label			True
MM_17_BM	mendeley:9kx8hc6h66:MM_17_BM	sex_ontology_term_id	PATO:0000383	derived	sex_map		female	True
MM_17_BM	mendeley:9kx8hc6h66:MM_17_BM	assay_ontology_term_id	EFO:0009922	derived	ols:efo		10x 3' v3	True
MM_17_BM	mendeley:9kx8hc6h66:MM_17_BM	development_stage_ontology_term_id	HsapDv:0000154	derived	age_in_years:'60-year-old stage':ols:hsapdv		60	True
MM_17_BM	mendeley:9kx8hc6h66:MM_17_BM	tissue_ontology_term_id	UBERON:0002371	derived	ols:uberon		bone marrow	True
MM_17_BM	mendeley:9kx8hc6h66:MM_17_BM	disease_ontology_term_id	MONDO:0009693	derived	ols:mondo		multiple myeloma	True
MM_17_BM	mendeley:9kx8hc6h66:MM_17_BM	author_cell_type	<column author_cell_type_label>	column	work/v1/cell_flags/MM_17_BM.cell_metadata.tsv.gz/author_cell_type_label			True
MM_18_BM	mendeley:9kx8hc6h66:MM_18_BM	sex_ontology_term_id	PATO:0000383	derived	sex_map		female	True
MM_18_BM	mendeley:9kx8hc6h66:MM_18_BM	assay_ontology_term_id	EFO:0009922	derived	ols:efo		10x 3' v3	True
MM_18_BM	mendeley:9kx8hc6h66:MM_18_BM	development_stage_ontology_term_id	HsapDv:0000148	derived	age_in_years:'54-year-old stage':ols:hsapdv		54	True
MM_18_BM	mendeley:9kx8hc6h66:MM_18_BM	tissue_ontology_term_id	UBERON:0002371	derived	ols:uberon		bone marrow	True
MM_18_BM	mendeley:9kx8hc6h66:MM_18_BM	disease_ontology_term_id	MONDO:0009693	derived	ols:mondo		multiple myeloma	True
MM_18_BM	mendeley:9kx8hc6h66:MM_18_BM	author_cell_type	<column author_cell_type_label>	column	work/v1/cell_flags/MM_18_BM.cell_metadata.tsv.gz/author_cell_type_label			True
MM_19_BM	mendeley:9kx8hc6h66:MM_19_BM	sex_ontology_term_id	PATO:0000384	derived	sex_map		male	True
MM_19_BM	mendeley:9kx8hc6h66:MM_19_BM	assay_ontology_term_id	EFO:0009922	derived	ols:efo		10x 3' v3	True
MM_19_BM	mendeley:9kx8hc6h66:MM_19_BM	development_stage_ontology_term_id	HsapDv:0000143	derived	age_in_years:'49-year-old stage':ols:hsapdv		49	True
MM_19_BM	mendeley:9kx8hc6h66:MM_19_BM	tissue_ontology_term_id	UBERON:0002371	derived	ols:uberon		bone marrow	True
MM_19_BM	mendeley:9kx8hc6h66:MM_19_BM	disease_ontology_term_id	MONDO:0009693	derived	ols:mondo		multiple myeloma	True
MM_19_BM	mendeley:9kx8hc6h66:MM_19_BM	author_cell_type	<column author_cell_type_label>	column	work/v1/cell_flags/MM_19_BM.cell_metadata.tsv.gz/author_cell_type_label			True
MM_20_BM	mendeley:9kx8hc6h66:MM_20_BM	sex_ontology_term_id	PATO:0000383	derived	sex_map		female	True
MM_20_BM	mendeley:9kx8hc6h66:MM_20_BM	assay_ontology_term_id	EFO:0009922	derived	ols:efo		10x 3' v3	True
MM_20_BM	mendeley:9kx8hc6h66:MM_20_BM	development_stage_ontology_term_id	HsapDv:0000151	derived	age_in_years:'57-year-old stage':ols:hsapdv		57	True
MM_20_BM	mendeley:9kx8hc6h66:MM_20_BM	tissue_ontology_term_id	UBERON:0002371	derived	ols:uberon		bone marrow	True
MM_20_BM	mendeley:9kx8hc6h66:MM_20_BM	disease_ontology_term_id	MONDO:0009693	derived	ols:mondo		multiple myeloma	True
MM_20_BM	mendeley:9kx8hc6h66:MM_20_BM	author_cell_type	<column author_cell_type_label>	column	work/v1/cell_flags/MM_20_BM.cell_metadata.tsv.gz/author_cell_type_label			True
MM_21_BM	mendeley:9kx8hc6h66:MM_21_BM	sex_ontology_term_id	PATO:0000383	derived	sex_map		female	True
MM_21_BM	mendeley:9kx8hc6h66:MM_21_BM	assay_ontology_term_id	EFO:0009922	derived	ols:efo		10x 3' v3	True
MM_21_BM	mendeley:9kx8hc6h66:MM_21_BM	development_stage_ontology_term_id	HsapDv:0000153	derived	age_in_years:'59-year-old stage':ols:hsapdv		59	True
MM_21_BM	mendeley:9kx8hc6h66:MM_21_BM	tissue_ontology_term_id	UBERON:0002371	derived	ols:uberon		bone marrow	True
MM_21_BM	mendeley:9kx8hc6h66:MM_21_BM	disease_ontology_term_id	MONDO:0009693	derived	ols:mondo		multiple myeloma	True
MM_21_BM	mendeley:9kx8hc6h66:MM_21_BM	author_cell_type	<column author_cell_type_label>	column	work/v1/cell_flags/MM_21_BM.cell_metadata.tsv.gz/author_cell_type_label			True
MM_22_BM	mendeley:9kx8hc6h66:MM_22_BM	sex_ontology_term_id	PATO:0000383	derived	sex_map		female	True
MM_22_BM	mendeley:9kx8hc6h66:MM_22_BM	assay_ontology_term_id	EFO:0009922	derived	ols:efo		10x 3' v3	True
MM_22_BM	mendeley:9kx8hc6h66:MM_22_BM	development_stage_ontology_term_id	HsapDv:0000138	derived	age_in_years:'44-year-old stage':ols:hsapdv		44	True
MM_22_BM	mendeley:9kx8hc6h66:MM_22_BM	tissue_ontology_term_id	UBERON:0002371	derived	ols:uberon		bone marrow	True
MM_22_BM	mendeley:9kx8hc6h66:MM_22_BM	disease_ontology_term_id	MONDO:0009693	derived	ols:mondo		multiple myeloma	True
MM_22_BM	mendeley:9kx8hc6h66:MM_22_BM	author_cell_type	<column author_cell_type_label>	column	work/v1/cell_flags/MM_22_BM.cell_metadata.tsv.gz/author_cell_type_label			True
MM_23_BM	mendeley:9kx8hc6h66:MM_23_BM	sex_ontology_term_id	PATO:0000384	derived	sex_map		male	True
MM_23_BM	mendeley:9kx8hc6h66:MM_23_BM	assay_ontology_term_id	EFO:0009922	derived	ols:efo		10x 3' v3	True
MM_23_BM	mendeley:9kx8hc6h66:MM_23_BM	development_stage_ontology_term_id	HsapDv:0000146	derived	age_in_years:'52-year-old stage':ols:hsapdv		52	True
MM_23_BM	mendeley:9kx8hc6h66:MM_23_BM	tissue_ontology_term_id	UBERON:0002371	derived	ols:uberon		bone marrow	True
MM_23_BM	mendeley:9kx8hc6h66:MM_23_BM	disease_ontology_term_id	MONDO:0009693	derived	ols:mondo		multiple myeloma	True
MM_23_BM	mendeley:9kx8hc6h66:MM_23_BM	author_cell_type	<column author_cell_type_label>	column	work/v1/cell_flags/MM_23_BM.cell_metadata.tsv.gz/author_cell_type_label			True
MM_24_BM	mendeley:9kx8hc6h66:MM_24_BM	sex_ontology_term_id	PATO:0000383	derived	sex_map		female	True
MM_24_BM	mendeley:9kx8hc6h66:MM_24_BM	assay_ontology_term_id	EFO:0009922	derived	ols:efo		10x 3' v3	True
MM_24_BM	mendeley:9kx8hc6h66:MM_24_BM	development_stage_ontology_term_id	HsapDv:0000153	derived	age_in_years:'59-year-old stage':ols:hsapdv		59	True
MM_24_BM	mendeley:9kx8hc6h66:MM_24_BM	tissue_ontology_term_id	UBERON:0002371	derived	ols:uberon		bone marrow	True
MM_24_BM	mendeley:9kx8hc6h66:MM_24_BM	disease_ontology_term_id	MONDO:0009693	derived	ols:mondo		multiple myeloma	True
MM_24_BM	mendeley:9kx8hc6h66:MM_24_BM	author_cell_type	<column author_cell_type_label>	column	work/v1/cell_flags/MM_24_BM.cell_metadata.tsv.gz/author_cell_type_label			True
MM_25_BM	mendeley:9kx8hc6h66:MM_25_BM	sex_ontology_term_id	PATO:0000383	derived	sex_map		female	True
MM_25_BM	mendeley:9kx8hc6h66:MM_25_BM	assay_ontology_term_id	EFO:0009922	derived	ols:efo		10x 3' v3	True
MM_25_BM	mendeley:9kx8hc6h66:MM_25_BM	development_stage_ontology_term_id	HsapDv:0000150	derived	age_in_years:'56-year-old stage':ols:hsapdv		56	True
MM_25_BM	mendeley:9kx8hc6h66:MM_25_BM	tissue_ontology_term_id	UBERON:0002371	derived	ols:uberon		bone marrow	True
MM_25_BM	mendeley:9kx8hc6h66:MM_25_BM	disease_ontology_term_id	MONDO:0009693	derived	ols:mondo		multiple myeloma	True
MM_25_BM	mendeley:9kx8hc6h66:MM_25_BM	author_cell_type	<column author_cell_type_label>	column	work/v1/cell_flags/MM_25_BM.cell_metadata.tsv.gz/author_cell_type_label			True
		organism	Homo sapiens	file	evidence/PMC13014090_supplementary/BLOOD_BLD-2025-030083-mmc1.pdftotext.txt		Reads were aligned to the human GRCh38 reference genome.	True
		organism	Homo sapiens	file	evidence/PMC13014090.txt		paired bone marrow and blood samples from patients with newly diagnosed multiple myeloma were analyzed by single-cell transcriptomics	True
MM_01_BM	mendeley:9kx8hc6h66:MM_01_BM	donor_id	MM_1	file	evidence/PMC13014090_supplementary/BLOOD_BLD-2025-030083-mmc1.pdftotext.txt		MM_1 BMPC+ CTC Purified PCs 36 M 3.3 High 100 3 MAF IgG_L NO NO NO YES NO NO NO YES YES NO YES	True
MM_01_BM	mendeley:9kx8hc6h66:MM_01_BM	donor_id	MM_1	file	evidence/PMC13014090_supplementary/BLOOD_BLD-2025-030083-mmc1.pdftotext.txt		ID Sample Processing Age Sex CTC (%) CTC level BMPC (%) ISS Genomic group Isotype t(11;14) t(4;14) t(14;16) t(14;_20) t(8;14) del17p amp1q del1p del13q MYC alteration WGS	True
MM_01_BM	mendeley:9kx8hc6h66:MM_01_BM	sex	male	file	evidence/PMC13014090_supplementary/BLOOD_BLD-2025-030083-mmc1.pdftotext.txt		MM_1 BMPC+ CTC Purified PCs 36 M 3.3 High 100 3 MAF IgG_L NO NO NO YES NO NO NO YES YES NO YES	True
MM_01_BM	mendeley:9kx8hc6h66:MM_01_BM	sex	male	file	evidence/PMC13014090_supplementary/BLOOD_BLD-2025-030083-mmc1.pdftotext.txt		WGS, whole genome sequencing; M, male; F, female	True
MM_01_BM	mendeley:9kx8hc6h66:MM_01_BM	age	36	file	evidence/PMC13014090_supplementary/BLOOD_BLD-2025-030083-mmc1.pdftotext.txt		MM_1 BMPC+ CTC Purified PCs 36 M 3.3 High 100 3 MAF IgG_L NO NO NO YES NO NO NO YES YES NO YES	True
MM_01_BM	mendeley:9kx8hc6h66:MM_01_BM	age	36	file	evidence/PMC13014090_supplementary/BLOOD_BLD-2025-030083-mmc1.pdftotext.txt		ID Sample Processing Age Sex CTC (%) CTC level BMPC (%) ISS Genomic group Isotype t(11;14) t(4;14) t(14;16) t(14;_20) t(8;14) del17p amp1q del1p del13q MYC alteration WGS	True
MM_01_BM	mendeley:9kx8hc6h66:MM_01_BM	disease_free_text	multiple myeloma	file	evidence/PMC13014090.txt		paired bone marrow and blood samples from patients with newly diagnosed multiple myeloma were analyzed by single-cell transcriptomics	True
MM_01_BM	mendeley:9kx8hc6h66:MM_01_BM	disease_free_text	multiple myeloma	file	evidence/PMC13014090_supplementary/BLOOD_BLD-2025-030083-mmc1.pdftotext.txt		Supplemental Table 3. Patient characteristics of our scRNAseq cohort of newly diagnosed multiple myeloma samples (n=25)	True
MM_01_BM	mendeley:9kx8hc6h66:MM_01_BM	disease_stage	newly diagnosed	file	evidence/PMC13014090_supplementary/BLOOD_BLD-2025-030083-mmc1.pdftotext.txt		Supplemental Table 3. Patient characteristics of our scRNAseq cohort of newly diagnosed multiple myeloma samples (n=25)	True
MM_01_BM	mendeley:9kx8hc6h66:MM_01_BM	disease_stage	newly diagnosed	file	evidence/PMC13014090.txt		We generated scRNAseq data from 25 patients with NDMM	True
MM_01_BM	mendeley:9kx8hc6h66:MM_01_BM	tissue_free_text	bone marrow	file	evidence/PMC13014090.txt		paired bone marrow and blood samples from patients with newly diagnosed multiple myeloma were analyzed by single-cell transcriptomics	True
MM_01_BM	mendeley:9kx8hc6h66:MM_01_BM	tissue_free_text	bone marrow	file	evidence/PMC13014090_supplementary/BLOOD_BLD-2025-030083-mmc1.pdftotext.txt		MM_1 BMPC+ CTC Purified PCs 36 M 3.3 High 100 3 MAF IgG_L NO NO NO YES NO NO NO YES YES NO YES	True
MM_01_BM	mendeley:9kx8hc6h66:MM_01_BM	tissue_type	tissue	file	evidence/PMC13014090.txt		paired bone marrow and blood samples from patients with newly diagnosed multiple myeloma were analyzed by single-cell transcriptomics	True
MM_01_BM	mendeley:9kx8hc6h66:MM_01_BM	suspension_type	cell	file	evidence/PMC13014090.txt		Single-cell transcriptomes were generated using Chromium Single-cell 3′ Reagent kit version (v) 3 (10x Genomics).	True
MM_01_BM	mendeley:9kx8hc6h66:MM_01_BM	assay	10x 3' v3	file	evidence/PMC13014090.txt		Single-cell transcriptomes were generated using Chromium Single-cell 3′ Reagent kit version (v) 3 (10x Genomics).	True
MM_01_BM	mendeley:9kx8hc6h66:MM_01_BM	assay	10x 3' v3	file	evidence/PMC13014090_supplementary/BLOOD_BLD-2025-030083-mmc1.pdftotext.txt		After GEM generation using 3′ Reagent kit v3 (10x Genomics)	True
MM_01_BM	mendeley:9kx8hc6h66:MM_01_BM	cell_enrichment	purified plasma cells (CD138 positive selection, FACS sort)	file	evidence/PMC13014090_supplementary/BLOOD_BLD-2025-030083-mmc1.pdftotext.txt		MM_1 BMPC+ CTC Purified PCs 36 M 3.3 High 100 3 MAF IgG_L NO NO NO YES NO NO NO YES YES NO YES	True
MM_01_BM	mendeley:9kx8hc6h66:MM_01_BM	cell_enrichment	purified plasma cells (CD138 positive selection, FACS sort)	file	evidence/PMC13014090.txt		BM PCs (BMPCs) were purified by EasySep human CD138 Positive Selection kit II (Stemcell) before freezing.	True
MM_01_BM	mendeley:9kx8hc6h66:MM_01_BM	cell_enrichment	purified plasma cells (CD138 positive selection, FACS sort)	file	evidence/PMC13014090.txt		Viably frozen CD138-positive BM fractions and total PBMCs were thawed	True
MM_01_BM	mendeley:9kx8hc6h66:MM_01_BM	cell_enrichment	purified plasma cells (CD138 positive selection, FACS sort)	file	evidence/PMC13014090.txt		sorted on a FACS ARIA II, using DAPI (4′,6-diamidino-2-phenylindole) for dead cell exclusion	True
MM_01_BM	mendeley:9kx8hc6h66:MM_01_BM	cell_enrichment	purified plasma cells (CD138 positive selection, FACS sort)	file	evidence/PMC13014090_supplementary/BLOOD_BLD-2025-030083-mmc1.pdftotext.txt		Supplemental Table 2. Flow panel for tumor plasma cell sorting	True
MM_01_BM	mendeley:9kx8hc6h66:MM_01_BM	treatment_status	untreated	file	evidence/PMC13014090.txt		BM aspirates and paired peripheral blood (PB) were collected from patients with NDMM before starting therapy	True
MM_01_BM	mendeley:9kx8hc6h66:MM_01_BM	treatment_status	untreated	file	evidence/PMC13014090_supplementary/BLOOD_BLD-2025-030083-mmc1.pdftotext.txt		MM_1 BMPC+ CTC Purified PCs 36 M 3.3 High 100 3 MAF IgG_L NO NO NO YES NO NO NO YES YES NO YES	True
MM_01_BM	mendeley:9kx8hc6h66:MM_01_BM	sample_preservation	cryopreserved	file	evidence/PMC13014090.txt		Viably frozen CD138-positive BM fractions and total PBMCs were thawed	True
MM_01_BM	mendeley:9kx8hc6h66:MM_01_BM	sample_preservation	cryopreserved	file	evidence/PMC13014090_supplementary/BLOOD_BLD-2025-030083-mmc1.pdftotext.txt		MM_1 BMPC+ CTC Purified PCs 36 M 3.3 High 100 3 MAF IgG_L NO NO NO YES NO NO NO YES YES NO YES	True
MM_01_CTC	mendeley:9kx8hc6h66:MM_01_CTC	donor_id	MM_1	file	evidence/PMC13014090_supplementary/BLOOD_BLD-2025-030083-mmc1.pdftotext.txt		MM_1 BMPC+ CTC Purified PCs 36 M 3.3 High 100 3 MAF IgG_L NO NO NO YES NO NO NO YES YES NO YES	True
MM_01_CTC	mendeley:9kx8hc6h66:MM_01_CTC	donor_id	MM_1	file	evidence/PMC13014090_supplementary/BLOOD_BLD-2025-030083-mmc1.pdftotext.txt		ID Sample Processing Age Sex CTC (%) CTC level BMPC (%) ISS Genomic group Isotype t(11;14) t(4;14) t(14;16) t(14;_20) t(8;14) del17p amp1q del1p del13q MYC alteration WGS	True
MM_01_CTC	mendeley:9kx8hc6h66:MM_01_CTC	sex	male	file	evidence/PMC13014090_supplementary/BLOOD_BLD-2025-030083-mmc1.pdftotext.txt		MM_1 BMPC+ CTC Purified PCs 36 M 3.3 High 100 3 MAF IgG_L NO NO NO YES NO NO NO YES YES NO YES	True
MM_01_CTC	mendeley:9kx8hc6h66:MM_01_CTC	sex	male	file	evidence/PMC13014090_supplementary/BLOOD_BLD-2025-030083-mmc1.pdftotext.txt		WGS, whole genome sequencing; M, male; F, female	True
MM_01_CTC	mendeley:9kx8hc6h66:MM_01_CTC	age	36	file	evidence/PMC13014090_supplementary/BLOOD_BLD-2025-030083-mmc1.pdftotext.txt		MM_1 BMPC+ CTC Purified PCs 36 M 3.3 High 100 3 MAF IgG_L NO NO NO YES NO NO NO YES YES NO YES	True
MM_01_CTC	mendeley:9kx8hc6h66:MM_01_CTC	age	36	file	evidence/PMC13014090_supplementary/BLOOD_BLD-2025-030083-mmc1.pdftotext.txt		ID Sample Processing Age Sex CTC (%) CTC level BMPC (%) ISS Genomic group Isotype t(11;14) t(4;14) t(14;16) t(14;_20) t(8;14) del17p amp1q del1p del13q MYC alteration WGS	True
MM_01_CTC	mendeley:9kx8hc6h66:MM_01_CTC	disease_free_text	multiple myeloma	file	evidence/PMC13014090.txt		paired bone marrow and blood samples from patients with newly diagnosed multiple myeloma were analyzed by single-cell transcriptomics	True
MM_01_CTC	mendeley:9kx8hc6h66:MM_01_CTC	disease_free_text	multiple myeloma	file	evidence/PMC13014090_supplementary/BLOOD_BLD-2025-030083-mmc1.pdftotext.txt		Supplemental Table 3. Patient characteristics of our scRNAseq cohort of newly diagnosed multiple myeloma samples (n=25)	True
MM_01_CTC	mendeley:9kx8hc6h66:MM_01_CTC	disease_stage	newly diagnosed	file	evidence/PMC13014090_supplementary/BLOOD_BLD-2025-030083-mmc1.pdftotext.txt		Supplemental Table 3. Patient characteristics of our scRNAseq cohort of newly diagnosed multiple myeloma samples (n=25)	True
MM_01_CTC	mendeley:9kx8hc6h66:MM_01_CTC	disease_stage	newly diagnosed	file	evidence/PMC13014090.txt		We generated scRNAseq data from 25 patients with NDMM	True
MM_01_CTC	mendeley:9kx8hc6h66:MM_01_CTC	tissue_free_text	peripheral blood	file	evidence/PMC13014090.txt		BM aspirates and paired peripheral blood (PB) were collected from patients with NDMM before starting therapy	True
MM_01_CTC	mendeley:9kx8hc6h66:MM_01_CTC	tissue_free_text	peripheral blood	file	evidence/PMC13014090.txt		For 7 patients with high CTC levels, paired PB samples were available.	True
MM_01_CTC	mendeley:9kx8hc6h66:MM_01_CTC	tissue_free_text	peripheral blood	file	evidence/PMC13014090_supplementary/BLOOD_BLD-2025-030083-mmc1.pdftotext.txt		MM_1 BMPC+ CTC Purified PCs 36 M 3.3 High 100 3 MAF IgG_L NO NO NO YES NO NO NO YES YES NO YES	True
MM_01_CTC	mendeley:9kx8hc6h66:MM_01_CTC	tissue_ontology_term_id	UBERON:0000178	file	evidence/PMC13014090.txt		BM aspirates and paired peripheral blood (PB) were collected from patients with NDMM before starting therapy	True
MM_01_CTC	mendeley:9kx8hc6h66:MM_01_CTC	tissue_ontology_term_id	UBERON:0000178	file	evidence/PMC13014090.txt		For 7 patients with high CTC levels, paired PB samples were available.	True
MM_01_CTC	mendeley:9kx8hc6h66:MM_01_CTC	tissue_type	tissue	file	evidence/PMC13014090.txt		paired bone marrow and blood samples from patients with newly diagnosed multiple myeloma were analyzed by single-cell transcriptomics	True
MM_01_CTC	mendeley:9kx8hc6h66:MM_01_CTC	suspension_type	cell	file	evidence/PMC13014090.txt		Single-cell transcriptomes were generated using Chromium Single-cell 3′ Reagent kit version (v) 3 (10x Genomics).	True
MM_01_CTC	mendeley:9kx8hc6h66:MM_01_CTC	assay	10x 3' v3	file	evidence/PMC13014090.txt		Single-cell transcriptomes were generated using Chromium Single-cell 3′ Reagent kit version (v) 3 (10x Genomics).	True
MM_01_CTC	mendeley:9kx8hc6h66:MM_01_CTC	assay	10x 3' v3	file	evidence/PMC13014090_supplementary/BLOOD_BLD-2025-030083-mmc1.pdftotext.txt		After GEM generation using 3′ Reagent kit v3 (10x Genomics)	True
MM_01_CTC	mendeley:9kx8hc6h66:MM_01_CTC	cell_enrichment	purified plasma cells (FACS sort of PBMCs)	file	evidence/PMC13014090_supplementary/BLOOD_BLD-2025-030083-mmc1.pdftotext.txt		MM_1 BMPC+ CTC Purified PCs 36 M 3.3 High 100 3 MAF IgG_L NO NO NO YES NO NO NO YES YES NO YES	True
MM_01_CTC	mendeley:9kx8hc6h66:MM_01_CTC	cell_enrichment	purified plasma cells (FACS sort of PBMCs)	file	evidence/PMC13014090.txt		Viably frozen CD138-positive BM fractions and total PBMCs were thawed	True
MM_01_CTC	mendeley:9kx8hc6h66:MM_01_CTC	cell_enrichment	purified plasma cells (FACS sort of PBMCs)	file	evidence/PMC13014090.txt		sorted on a FACS ARIA II, using DAPI (4′,6-diamidino-2-phenylindole) for dead cell exclusion	True
MM_01_CTC	mendeley:9kx8hc6h66:MM_01_CTC	cell_enrichment	purified plasma cells (FACS sort of PBMCs)	file	evidence/PMC13014090_supplementary/BLOOD_BLD-2025-030083-mmc1.pdftotext.txt		Supplemental Table 2. Flow panel for tumor plasma cell sorting	True
MM_01_CTC	mendeley:9kx8hc6h66:MM_01_CTC	treatment_status	untreated	file	evidence/PMC13014090.txt		BM aspirates and paired peripheral blood (PB) were collected from patients with NDMM before starting therapy	True
MM_01_CTC	mendeley:9kx8hc6h66:MM_01_CTC	treatment_status	untreated	file	evidence/PMC13014090_supplementary/BLOOD_BLD-2025-030083-mmc1.pdftotext.txt		MM_1 BMPC+ CTC Purified PCs 36 M 3.3 High 100 3 MAF IgG_L NO NO NO YES NO NO NO YES YES NO YES	True
MM_01_CTC	mendeley:9kx8hc6h66:MM_01_CTC	sample_preservation	cryopreserved	file	evidence/PMC13014090.txt		Viably frozen CD138-positive BM fractions and total PBMCs were thawed	True
MM_01_CTC	mendeley:9kx8hc6h66:MM_01_CTC	sample_preservation	cryopreserved	file	evidence/PMC13014090_supplementary/BLOOD_BLD-2025-030083-mmc1.pdftotext.txt		MM_1 BMPC+ CTC Purified PCs 36 M 3.3 High 100 3 MAF IgG_L NO NO NO YES NO NO NO YES YES NO YES	True
MM_02_BM	mendeley:9kx8hc6h66:MM_02_BM	donor_id	MM_2	file	evidence/PMC13014090_supplementary/BLOOD_BLD-2025-030083-mmc1.pdftotext.txt		MM_2 BMPC+ CTC Purified PCs 58 F 8 High 68 3 MAF IgA_K NO NO NO YES NO NO NO NO YES NO YES	True
MM_02_BM	mendeley:9kx8hc6h66:MM_02_BM	donor_id	MM_2	file	evidence/PMC13014090_supplementary/BLOOD_BLD-2025-030083-mmc1.pdftotext.txt		ID Sample Processing Age Sex CTC (%) CTC level BMPC (%) ISS Genomic group Isotype t(11;14) t(4;14) t(14;16) t(14;_20) t(8;14) del17p amp1q del1p del13q MYC alteration WGS	True
MM_02_BM	mendeley:9kx8hc6h66:MM_02_BM	sex	female	file	evidence/PMC13014090_supplementary/BLOOD_BLD-2025-030083-mmc1.pdftotext.txt		MM_2 BMPC+ CTC Purified PCs 58 F 8 High 68 3 MAF IgA_K NO NO NO YES NO NO NO NO YES NO YES	True
MM_02_BM	mendeley:9kx8hc6h66:MM_02_BM	sex	female	file	evidence/PMC13014090_supplementary/BLOOD_BLD-2025-030083-mmc1.pdftotext.txt		WGS, whole genome sequencing; M, male; F, female	True
MM_02_BM	mendeley:9kx8hc6h66:MM_02_BM	age	58	file	evidence/PMC13014090_supplementary/BLOOD_BLD-2025-030083-mmc1.pdftotext.txt		MM_2 BMPC+ CTC Purified PCs 58 F 8 High 68 3 MAF IgA_K NO NO NO YES NO NO NO NO YES NO YES	True
MM_02_BM	mendeley:9kx8hc6h66:MM_02_BM	age	58	file	evidence/PMC13014090_supplementary/BLOOD_BLD-2025-030083-mmc1.pdftotext.txt		ID Sample Processing Age Sex CTC (%) CTC level BMPC (%) ISS Genomic group Isotype t(11;14) t(4;14) t(14;16) t(14;_20) t(8;14) del17p amp1q del1p del13q MYC alteration WGS	True
MM_02_BM	mendeley:9kx8hc6h66:MM_02_BM	disease_free_text	multiple myeloma	file	evidence/PMC13014090.txt		paired bone marrow and blood samples from patients with newly diagnosed multiple myeloma were analyzed by single-cell transcriptomics	True
MM_02_BM	mendeley:9kx8hc6h66:MM_02_BM	disease_free_text	multiple myeloma	file	evidence/PMC13014090_supplementary/BLOOD_BLD-2025-030083-mmc1.pdftotext.txt		Supplemental Table 3. Patient characteristics of our scRNAseq cohort of newly diagnosed multiple myeloma samples (n=25)	True
MM_02_BM	mendeley:9kx8hc6h66:MM_02_BM	disease_stage	newly diagnosed	file	evidence/PMC13014090_supplementary/BLOOD_BLD-2025-030083-mmc1.pdftotext.txt		Supplemental Table 3. Patient characteristics of our scRNAseq cohort of newly diagnosed multiple myeloma samples (n=25)	True
MM_02_BM	mendeley:9kx8hc6h66:MM_02_BM	disease_stage	newly diagnosed	file	evidence/PMC13014090.txt		We generated scRNAseq data from 25 patients with NDMM	True
MM_02_BM	mendeley:9kx8hc6h66:MM_02_BM	tissue_free_text	bone marrow	file	evidence/PMC13014090.txt		paired bone marrow and blood samples from patients with newly diagnosed multiple myeloma were analyzed by single-cell transcriptomics	True
MM_02_BM	mendeley:9kx8hc6h66:MM_02_BM	tissue_free_text	bone marrow	file	evidence/PMC13014090_supplementary/BLOOD_BLD-2025-030083-mmc1.pdftotext.txt		MM_2 BMPC+ CTC Purified PCs 58 F 8 High 68 3 MAF IgA_K NO NO NO YES NO NO NO NO YES NO YES	True
MM_02_BM	mendeley:9kx8hc6h66:MM_02_BM	tissue_type	tissue	file	evidence/PMC13014090.txt		paired bone marrow and blood samples from patients with newly diagnosed multiple myeloma were analyzed by single-cell transcriptomics	True
MM_02_BM	mendeley:9kx8hc6h66:MM_02_BM	suspension_type	cell	file	evidence/PMC13014090.txt		Single-cell transcriptomes were generated using Chromium Single-cell 3′ Reagent kit version (v) 3 (10x Genomics).	True
MM_02_BM	mendeley:9kx8hc6h66:MM_02_BM	assay	10x 3' v3	file	evidence/PMC13014090.txt		Single-cell transcriptomes were generated using Chromium Single-cell 3′ Reagent kit version (v) 3 (10x Genomics).	True
MM_02_BM	mendeley:9kx8hc6h66:MM_02_BM	assay	10x 3' v3	file	evidence/PMC13014090_supplementary/BLOOD_BLD-2025-030083-mmc1.pdftotext.txt		After GEM generation using 3′ Reagent kit v3 (10x Genomics)	True
MM_02_BM	mendeley:9kx8hc6h66:MM_02_BM	cell_enrichment	purified plasma cells (CD138 positive selection, FACS sort)	file	evidence/PMC13014090_supplementary/BLOOD_BLD-2025-030083-mmc1.pdftotext.txt		MM_2 BMPC+ CTC Purified PCs 58 F 8 High 68 3 MAF IgA_K NO NO NO YES NO NO NO NO YES NO YES	True
MM_02_BM	mendeley:9kx8hc6h66:MM_02_BM	cell_enrichment	purified plasma cells (CD138 positive selection, FACS sort)	file	evidence/PMC13014090.txt		BM PCs (BMPCs) were purified by EasySep human CD138 Positive Selection kit II (Stemcell) before freezing.	True
MM_02_BM	mendeley:9kx8hc6h66:MM_02_BM	cell_enrichment	purified plasma cells (CD138 positive selection, FACS sort)	file	evidence/PMC13014090.txt		Viably frozen CD138-positive BM fractions and total PBMCs were thawed	True
MM_02_BM	mendeley:9kx8hc6h66:MM_02_BM	cell_enrichment	purified plasma cells (CD138 positive selection, FACS sort)	file	evidence/PMC13014090.txt		sorted on a FACS ARIA II, using DAPI (4′,6-diamidino-2-phenylindole) for dead cell exclusion	True
MM_02_BM	mendeley:9kx8hc6h66:MM_02_BM	cell_enrichment	purified plasma cells (CD138 positive selection, FACS sort)	file	evidence/PMC13014090_supplementary/BLOOD_BLD-2025-030083-mmc1.pdftotext.txt		Supplemental Table 2. Flow panel for tumor plasma cell sorting	True
MM_02_BM	mendeley:9kx8hc6h66:MM_02_BM	treatment_status	untreated	file	evidence/PMC13014090.txt		BM aspirates and paired peripheral blood (PB) were collected from patients with NDMM before starting therapy	True
MM_02_BM	mendeley:9kx8hc6h66:MM_02_BM	treatment_status	untreated	file	evidence/PMC13014090_supplementary/BLOOD_BLD-2025-030083-mmc1.pdftotext.txt		MM_2 BMPC+ CTC Purified PCs 58 F 8 High 68 3 MAF IgA_K NO NO NO YES NO NO NO NO YES NO YES	True
MM_02_BM	mendeley:9kx8hc6h66:MM_02_BM	sample_preservation	cryopreserved	file	evidence/PMC13014090.txt		Viably frozen CD138-positive BM fractions and total PBMCs were thawed	True
MM_02_BM	mendeley:9kx8hc6h66:MM_02_BM	sample_preservation	cryopreserved	file	evidence/PMC13014090_supplementary/BLOOD_BLD-2025-030083-mmc1.pdftotext.txt		MM_2 BMPC+ CTC Purified PCs 58 F 8 High 68 3 MAF IgA_K NO NO NO YES NO NO NO NO YES NO YES	True
MM_02_CTC	mendeley:9kx8hc6h66:MM_02_CTC	donor_id	MM_2	file	evidence/PMC13014090_supplementary/BLOOD_BLD-2025-030083-mmc1.pdftotext.txt		MM_2 BMPC+ CTC Purified PCs 58 F 8 High 68 3 MAF IgA_K NO NO NO YES NO NO NO NO YES NO YES	True
MM_02_CTC	mendeley:9kx8hc6h66:MM_02_CTC	donor_id	MM_2	file	evidence/PMC13014090_supplementary/BLOOD_BLD-2025-030083-mmc1.pdftotext.txt		ID Sample Processing Age Sex CTC (%) CTC level BMPC (%) ISS Genomic group Isotype t(11;14) t(4;14) t(14;16) t(14;_20) t(8;14) del17p amp1q del1p del13q MYC alteration WGS	True
MM_02_CTC	mendeley:9kx8hc6h66:MM_02_CTC	sex	female	file	evidence/PMC13014090_supplementary/BLOOD_BLD-2025-030083-mmc1.pdftotext.txt		MM_2 BMPC+ CTC Purified PCs 58 F 8 High 68 3 MAF IgA_K NO NO NO YES NO NO NO NO YES NO YES	True
MM_02_CTC	mendeley:9kx8hc6h66:MM_02_CTC	sex	female	file	evidence/PMC13014090_supplementary/BLOOD_BLD-2025-030083-mmc1.pdftotext.txt		WGS, whole genome sequencing; M, male; F, female	True
MM_02_CTC	mendeley:9kx8hc6h66:MM_02_CTC	age	58	file	evidence/PMC13014090_supplementary/BLOOD_BLD-2025-030083-mmc1.pdftotext.txt		MM_2 BMPC+ CTC Purified PCs 58 F 8 High 68 3 MAF IgA_K NO NO NO YES NO NO NO NO YES NO YES	True
MM_02_CTC	mendeley:9kx8hc6h66:MM_02_CTC	age	58	file	evidence/PMC13014090_supplementary/BLOOD_BLD-2025-030083-mmc1.pdftotext.txt		ID Sample Processing Age Sex CTC (%) CTC level BMPC (%) ISS Genomic group Isotype t(11;14) t(4;14) t(14;16) t(14;_20) t(8;14) del17p amp1q del1p del13q MYC alteration WGS	True
MM_02_CTC	mendeley:9kx8hc6h66:MM_02_CTC	disease_free_text	multiple myeloma	file	evidence/PMC13014090.txt		paired bone marrow and blood samples from patients with newly diagnosed multiple myeloma were analyzed by single-cell transcriptomics	True
MM_02_CTC	mendeley:9kx8hc6h66:MM_02_CTC	disease_free_text	multiple myeloma	file	evidence/PMC13014090_supplementary/BLOOD_BLD-2025-030083-mmc1.pdftotext.txt		Supplemental Table 3. Patient characteristics of our scRNAseq cohort of newly diagnosed multiple myeloma samples (n=25)	True
MM_02_CTC	mendeley:9kx8hc6h66:MM_02_CTC	disease_stage	newly diagnosed	file	evidence/PMC13014090_supplementary/BLOOD_BLD-2025-030083-mmc1.pdftotext.txt		Supplemental Table 3. Patient characteristics of our scRNAseq cohort of newly diagnosed multiple myeloma samples (n=25)	True
MM_02_CTC	mendeley:9kx8hc6h66:MM_02_CTC	disease_stage	newly diagnosed	file	evidence/PMC13014090.txt		We generated scRNAseq data from 25 patients with NDMM	True
MM_02_CTC	mendeley:9kx8hc6h66:MM_02_CTC	tissue_free_text	peripheral blood	file	evidence/PMC13014090.txt		BM aspirates and paired peripheral blood (PB) were collected from patients with NDMM before starting therapy	True
MM_02_CTC	mendeley:9kx8hc6h66:MM_02_CTC	tissue_free_text	peripheral blood	file	evidence/PMC13014090.txt		For 7 patients with high CTC levels, paired PB samples were available.	True
MM_02_CTC	mendeley:9kx8hc6h66:MM_02_CTC	tissue_free_text	peripheral blood	file	evidence/PMC13014090_supplementary/BLOOD_BLD-2025-030083-mmc1.pdftotext.txt		MM_2 BMPC+ CTC Purified PCs 58 F 8 High 68 3 MAF IgA_K NO NO NO YES NO NO NO NO YES NO YES	True
MM_02_CTC	mendeley:9kx8hc6h66:MM_02_CTC	tissue_ontology_term_id	UBERON:0000178	file	evidence/PMC13014090.txt		BM aspirates and paired peripheral blood (PB) were collected from patients with NDMM before starting therapy	True
MM_02_CTC	mendeley:9kx8hc6h66:MM_02_CTC	tissue_ontology_term_id	UBERON:0000178	file	evidence/PMC13014090.txt		For 7 patients with high CTC levels, paired PB samples were available.	True
MM_02_CTC	mendeley:9kx8hc6h66:MM_02_CTC	tissue_type	tissue	file	evidence/PMC13014090.txt		paired bone marrow and blood samples from patients with newly diagnosed multiple myeloma were analyzed by single-cell transcriptomics	True
MM_02_CTC	mendeley:9kx8hc6h66:MM_02_CTC	suspension_type	cell	file	evidence/PMC13014090.txt		Single-cell transcriptomes were generated using Chromium Single-cell 3′ Reagent kit version (v) 3 (10x Genomics).	True
MM_02_CTC	mendeley:9kx8hc6h66:MM_02_CTC	assay	10x 3' v3	file	evidence/PMC13014090.txt		Single-cell transcriptomes were generated using Chromium Single-cell 3′ Reagent kit version (v) 3 (10x Genomics).	True
MM_02_CTC	mendeley:9kx8hc6h66:MM_02_CTC	assay	10x 3' v3	file	evidence/PMC13014090_supplementary/BLOOD_BLD-2025-030083-mmc1.pdftotext.txt		After GEM generation using 3′ Reagent kit v3 (10x Genomics)	True
MM_02_CTC	mendeley:9kx8hc6h66:MM_02_CTC	cell_enrichment	purified plasma cells (FACS sort of PBMCs)	file	evidence/PMC13014090_supplementary/BLOOD_BLD-2025-030083-mmc1.pdftotext.txt		MM_2 BMPC+ CTC Purified PCs 58 F 8 High 68 3 MAF IgA_K NO NO NO YES NO NO NO NO YES NO YES	True
MM_02_CTC	mendeley:9kx8hc6h66:MM_02_CTC	cell_enrichment	purified plasma cells (FACS sort of PBMCs)	file	evidence/PMC13014090.txt		Viably frozen CD138-positive BM fractions and total PBMCs were thawed	True
MM_02_CTC	mendeley:9kx8hc6h66:MM_02_CTC	cell_enrichment	purified plasma cells (FACS sort of PBMCs)	file	evidence/PMC13014090.txt		sorted on a FACS ARIA II, using DAPI (4′,6-diamidino-2-phenylindole) for dead cell exclusion	True
MM_02_CTC	mendeley:9kx8hc6h66:MM_02_CTC	cell_enrichment	purified plasma cells (FACS sort of PBMCs)	file	evidence/PMC13014090_supplementary/BLOOD_BLD-2025-030083-mmc1.pdftotext.txt		Supplemental Table 2. Flow panel for tumor plasma cell sorting	True
MM_02_CTC	mendeley:9kx8hc6h66:MM_02_CTC	treatment_status	untreated	file	evidence/PMC13014090.txt		BM aspirates and paired peripheral blood (PB) were collected from patients with NDMM before starting therapy	True
MM_02_CTC	mendeley:9kx8hc6h66:MM_02_CTC	treatment_status	untreated	file	evidence/PMC13014090_supplementary/BLOOD_BLD-2025-030083-mmc1.pdftotext.txt		MM_2 BMPC+ CTC Purified PCs 58 F 8 High 68 3 MAF IgA_K NO NO NO YES NO NO NO NO YES NO YES	True
MM_02_CTC	mendeley:9kx8hc6h66:MM_02_CTC	sample_preservation	cryopreserved	file	evidence/PMC13014090.txt		Viably frozen CD138-positive BM fractions and total PBMCs were thawed	True
MM_02_CTC	mendeley:9kx8hc6h66:MM_02_CTC	sample_preservation	cryopreserved	file	evidence/PMC13014090_supplementary/BLOOD_BLD-2025-030083-mmc1.pdftotext.txt		MM_2 BMPC+ CTC Purified PCs 58 F 8 High 68 3 MAF IgA_K NO NO NO YES NO NO NO NO YES NO YES	True
MM_03_BM	mendeley:9kx8hc6h66:MM_03_BM	donor_id	MM_3	file	evidence/PMC13014090_supplementary/BLOOD_BLD-2025-030083-mmc1.pdftotext.txt		MM_3 BMPC+ CTC Purified PCs 59 F 3.8 High 90 3 HD #N/A NO NO NO NO NO YES NO NO YES YES YES	True
MM_03_BM	mendeley:9kx8hc6h66:MM_03_BM	donor_id	MM_3	file	evidence/PMC13014090_supplementary/BLOOD_BLD-2025-030083-mmc1.pdftotext.txt		ID Sample Processing Age Sex CTC (%) CTC level BMPC (%) ISS Genomic group Isotype t(11;14) t(4;14) t(14;16) t(14;_20) t(8;14) del17p amp1q del1p del13q MYC alteration WGS	True
MM_03_BM	mendeley:9kx8hc6h66:MM_03_BM	sex	female	file	evidence/PMC13014090_supplementary/BLOOD_BLD-2025-030083-mmc1.pdftotext.txt		MM_3 BMPC+ CTC Purified PCs 59 F 3.8 High 90 3 HD #N/A NO NO NO NO NO YES NO NO YES YES YES	True
MM_03_BM	mendeley:9kx8hc6h66:MM_03_BM	sex	female	file	evidence/PMC13014090_supplementary/BLOOD_BLD-2025-030083-mmc1.pdftotext.txt		WGS, whole genome sequencing; M, male; F, female	True
MM_03_BM	mendeley:9kx8hc6h66:MM_03_BM	age	59	file	evidence/PMC13014090_supplementary/BLOOD_BLD-2025-030083-mmc1.pdftotext.txt		MM_3 BMPC+ CTC Purified PCs 59 F 3.8 High 90 3 HD #N/A NO NO NO NO NO YES NO NO YES YES YES	True
MM_03_BM	mendeley:9kx8hc6h66:MM_03_BM	age	59	file	evidence/PMC13014090_supplementary/BLOOD_BLD-2025-030083-mmc1.pdftotext.txt		ID Sample Processing Age Sex CTC (%) CTC level BMPC (%) ISS Genomic group Isotype t(11;14) t(4;14) t(14;16) t(14;_20) t(8;14) del17p amp1q del1p del13q MYC alteration WGS	True
MM_03_BM	mendeley:9kx8hc6h66:MM_03_BM	disease_free_text	multiple myeloma	file	evidence/PMC13014090.txt		paired bone marrow and blood samples from patients with newly diagnosed multiple myeloma were analyzed by single-cell transcriptomics	True
MM_03_BM	mendeley:9kx8hc6h66:MM_03_BM	disease_free_text	multiple myeloma	file	evidence/PMC13014090_supplementary/BLOOD_BLD-2025-030083-mmc1.pdftotext.txt		Supplemental Table 3. Patient characteristics of our scRNAseq cohort of newly diagnosed multiple myeloma samples (n=25)	True
MM_03_BM	mendeley:9kx8hc6h66:MM_03_BM	disease_stage	newly diagnosed	file	evidence/PMC13014090_supplementary/BLOOD_BLD-2025-030083-mmc1.pdftotext.txt		Supplemental Table 3. Patient characteristics of our scRNAseq cohort of newly diagnosed multiple myeloma samples (n=25)	True
MM_03_BM	mendeley:9kx8hc6h66:MM_03_BM	disease_stage	newly diagnosed	file	evidence/PMC13014090.txt		We generated scRNAseq data from 25 patients with NDMM	True
MM_03_BM	mendeley:9kx8hc6h66:MM_03_BM	tissue_free_text	bone marrow	file	evidence/PMC13014090.txt		paired bone marrow and blood samples from patients with newly diagnosed multiple myeloma were analyzed by single-cell transcriptomics	True
MM_03_BM	mendeley:9kx8hc6h66:MM_03_BM	tissue_free_text	bone marrow	file	evidence/PMC13014090_supplementary/BLOOD_BLD-2025-030083-mmc1.pdftotext.txt		MM_3 BMPC+ CTC Purified PCs 59 F 3.8 High 90 3 HD #N/A NO NO NO NO NO YES NO NO YES YES YES	True
MM_03_BM	mendeley:9kx8hc6h66:MM_03_BM	tissue_type	tissue	file	evidence/PMC13014090.txt		paired bone marrow and blood samples from patients with newly diagnosed multiple myeloma were analyzed by single-cell transcriptomics	True
MM_03_BM	mendeley:9kx8hc6h66:MM_03_BM	suspension_type	cell	file	evidence/PMC13014090.txt		Single-cell transcriptomes were generated using Chromium Single-cell 3′ Reagent kit version (v) 3 (10x Genomics).	True
MM_03_BM	mendeley:9kx8hc6h66:MM_03_BM	assay	10x 3' v3	file	evidence/PMC13014090.txt		Single-cell transcriptomes were generated using Chromium Single-cell 3′ Reagent kit version (v) 3 (10x Genomics).	True
MM_03_BM	mendeley:9kx8hc6h66:MM_03_BM	assay	10x 3' v3	file	evidence/PMC13014090_supplementary/BLOOD_BLD-2025-030083-mmc1.pdftotext.txt		After GEM generation using 3′ Reagent kit v3 (10x Genomics)	True
MM_03_BM	mendeley:9kx8hc6h66:MM_03_BM	cell_enrichment	purified plasma cells (CD138 positive selection, FACS sort)	file	evidence/PMC13014090_supplementary/BLOOD_BLD-2025-030083-mmc1.pdftotext.txt		MM_3 BMPC+ CTC Purified PCs 59 F 3.8 High 90 3 HD #N/A NO NO NO NO NO YES NO NO YES YES YES	True
MM_03_BM	mendeley:9kx8hc6h66:MM_03_BM	cell_enrichment	purified plasma cells (CD138 positive selection, FACS sort)	file	evidence/PMC13014090.txt		BM PCs (BMPCs) were purified by EasySep human CD138 Positive Selection kit II (Stemcell) before freezing.	True
MM_03_BM	mendeley:9kx8hc6h66:MM_03_BM	cell_enrichment	purified plasma cells (CD138 positive selection, FACS sort)	file	evidence/PMC13014090.txt		Viably frozen CD138-positive BM fractions and total PBMCs were thawed	True
MM_03_BM	mendeley:9kx8hc6h66:MM_03_BM	cell_enrichment	purified plasma cells (CD138 positive selection, FACS sort)	file	evidence/PMC13014090.txt		sorted on a FACS ARIA II, using DAPI (4′,6-diamidino-2-phenylindole) for dead cell exclusion	True
MM_03_BM	mendeley:9kx8hc6h66:MM_03_BM	cell_enrichment	purified plasma cells (CD138 positive selection, FACS sort)	file	evidence/PMC13014090_supplementary/BLOOD_BLD-2025-030083-mmc1.pdftotext.txt		Supplemental Table 2. Flow panel for tumor plasma cell sorting	True
MM_03_BM	mendeley:9kx8hc6h66:MM_03_BM	treatment_status	untreated	file	evidence/PMC13014090.txt		BM aspirates and paired peripheral blood (PB) were collected from patients with NDMM before starting therapy	True
MM_03_BM	mendeley:9kx8hc6h66:MM_03_BM	treatment_status	untreated	file	evidence/PMC13014090_supplementary/BLOOD_BLD-2025-030083-mmc1.pdftotext.txt		MM_3 BMPC+ CTC Purified PCs 59 F 3.8 High 90 3 HD #N/A NO NO NO NO NO YES NO NO YES YES YES	True
MM_03_BM	mendeley:9kx8hc6h66:MM_03_BM	sample_preservation	cryopreserved	file	evidence/PMC13014090.txt		Viably frozen CD138-positive BM fractions and total PBMCs were thawed	True
MM_03_BM	mendeley:9kx8hc6h66:MM_03_BM	sample_preservation	cryopreserved	file	evidence/PMC13014090_supplementary/BLOOD_BLD-2025-030083-mmc1.pdftotext.txt		MM_3 BMPC+ CTC Purified PCs 59 F 3.8 High 90 3 HD #N/A NO NO NO NO NO YES NO NO YES YES YES	True
MM_03_CTC	mendeley:9kx8hc6h66:MM_03_CTC	donor_id	MM_3	file	evidence/PMC13014090_supplementary/BLOOD_BLD-2025-030083-mmc1.pdftotext.txt		MM_3 BMPC+ CTC Purified PCs 59 F 3.8 High 90 3 HD #N/A NO NO NO NO NO YES NO NO YES YES YES	True
MM_03_CTC	mendeley:9kx8hc6h66:MM_03_CTC	donor_id	MM_3	file	evidence/PMC13014090_supplementary/BLOOD_BLD-2025-030083-mmc1.pdftotext.txt		ID Sample Processing Age Sex CTC (%) CTC level BMPC (%) ISS Genomic group Isotype t(11;14) t(4;14) t(14;16) t(14;_20) t(8;14) del17p amp1q del1p del13q MYC alteration WGS	True
MM_03_CTC	mendeley:9kx8hc6h66:MM_03_CTC	sex	female	file	evidence/PMC13014090_supplementary/BLOOD_BLD-2025-030083-mmc1.pdftotext.txt		MM_3 BMPC+ CTC Purified PCs 59 F 3.8 High 90 3 HD #N/A NO NO NO NO NO YES NO NO YES YES YES	True
MM_03_CTC	mendeley:9kx8hc6h66:MM_03_CTC	sex	female	file	evidence/PMC13014090_supplementary/BLOOD_BLD-2025-030083-mmc1.pdftotext.txt		WGS, whole genome sequencing; M, male; F, female	True
MM_03_CTC	mendeley:9kx8hc6h66:MM_03_CTC	age	59	file	evidence/PMC13014090_supplementary/BLOOD_BLD-2025-030083-mmc1.pdftotext.txt		MM_3 BMPC+ CTC Purified PCs 59 F 3.8 High 90 3 HD #N/A NO NO NO NO NO YES NO NO YES YES YES	True
MM_03_CTC	mendeley:9kx8hc6h66:MM_03_CTC	age	59	file	evidence/PMC13014090_supplementary/BLOOD_BLD-2025-030083-mmc1.pdftotext.txt		ID Sample Processing Age Sex CTC (%) CTC level BMPC (%) ISS Genomic group Isotype t(11;14) t(4;14) t(14;16) t(14;_20) t(8;14) del17p amp1q del1p del13q MYC alteration WGS	True
MM_03_CTC	mendeley:9kx8hc6h66:MM_03_CTC	disease_free_text	multiple myeloma	file	evidence/PMC13014090.txt		paired bone marrow and blood samples from patients with newly diagnosed multiple myeloma were analyzed by single-cell transcriptomics	True
MM_03_CTC	mendeley:9kx8hc6h66:MM_03_CTC	disease_free_text	multiple myeloma	file	evidence/PMC13014090_supplementary/BLOOD_BLD-2025-030083-mmc1.pdftotext.txt		Supplemental Table 3. Patient characteristics of our scRNAseq cohort of newly diagnosed multiple myeloma samples (n=25)	True
MM_03_CTC	mendeley:9kx8hc6h66:MM_03_CTC	disease_stage	newly diagnosed	file	evidence/PMC13014090_supplementary/BLOOD_BLD-2025-030083-mmc1.pdftotext.txt		Supplemental Table 3. Patient characteristics of our scRNAseq cohort of newly diagnosed multiple myeloma samples (n=25)	True
MM_03_CTC	mendeley:9kx8hc6h66:MM_03_CTC	disease_stage	newly diagnosed	file	evidence/PMC13014090.txt		We generated scRNAseq data from 25 patients with NDMM	True
MM_03_CTC	mendeley:9kx8hc6h66:MM_03_CTC	tissue_free_text	peripheral blood	file	evidence/PMC13014090.txt		BM aspirates and paired peripheral blood (PB) were collected from patients with NDMM before starting therapy	True
MM_03_CTC	mendeley:9kx8hc6h66:MM_03_CTC	tissue_free_text	peripheral blood	file	evidence/PMC13014090.txt		For 7 patients with high CTC levels, paired PB samples were available.	True
MM_03_CTC	mendeley:9kx8hc6h66:MM_03_CTC	tissue_free_text	peripheral blood	file	evidence/PMC13014090_supplementary/BLOOD_BLD-2025-030083-mmc1.pdftotext.txt		MM_3 BMPC+ CTC Purified PCs 59 F 3.8 High 90 3 HD #N/A NO NO NO NO NO YES NO NO YES YES YES	True
MM_03_CTC	mendeley:9kx8hc6h66:MM_03_CTC	tissue_ontology_term_id	UBERON:0000178	file	evidence/PMC13014090.txt		BM aspirates and paired peripheral blood (PB) were collected from patients with NDMM before starting therapy	True
MM_03_CTC	mendeley:9kx8hc6h66:MM_03_CTC	tissue_ontology_term_id	UBERON:0000178	file	evidence/PMC13014090.txt		For 7 patients with high CTC levels, paired PB samples were available.	True
MM_03_CTC	mendeley:9kx8hc6h66:MM_03_CTC	tissue_type	tissue	file	evidence/PMC13014090.txt		paired bone marrow and blood samples from patients with newly diagnosed multiple myeloma were analyzed by single-cell transcriptomics	True
MM_03_CTC	mendeley:9kx8hc6h66:MM_03_CTC	suspension_type	cell	file	evidence/PMC13014090.txt		Single-cell transcriptomes were generated using Chromium Single-cell 3′ Reagent kit version (v) 3 (10x Genomics).	True
MM_03_CTC	mendeley:9kx8hc6h66:MM_03_CTC	assay	10x 3' v3	file	evidence/PMC13014090.txt		Single-cell transcriptomes were generated using Chromium Single-cell 3′ Reagent kit version (v) 3 (10x Genomics).	True
MM_03_CTC	mendeley:9kx8hc6h66:MM_03_CTC	assay	10x 3' v3	file	evidence/PMC13014090_supplementary/BLOOD_BLD-2025-030083-mmc1.pdftotext.txt		After GEM generation using 3′ Reagent kit v3 (10x Genomics)	True
MM_03_CTC	mendeley:9kx8hc6h66:MM_03_CTC	cell_enrichment	purified plasma cells (FACS sort of PBMCs)	file	evidence/PMC13014090_supplementary/BLOOD_BLD-2025-030083-mmc1.pdftotext.txt		MM_3 BMPC+ CTC Purified PCs 59 F 3.8 High 90 3 HD #N/A NO NO NO NO NO YES NO NO YES YES YES	True
MM_03_CTC	mendeley:9kx8hc6h66:MM_03_CTC	cell_enrichment	purified plasma cells (FACS sort of PBMCs)	file	evidence/PMC13014090.txt		Viably frozen CD138-positive BM fractions and total PBMCs were thawed	True
MM_03_CTC	mendeley:9kx8hc6h66:MM_03_CTC	cell_enrichment	purified plasma cells (FACS sort of PBMCs)	file	evidence/PMC13014090.txt		sorted on a FACS ARIA II, using DAPI (4′,6-diamidino-2-phenylindole) for dead cell exclusion	True
MM_03_CTC	mendeley:9kx8hc6h66:MM_03_CTC	cell_enrichment	purified plasma cells (FACS sort of PBMCs)	file	evidence/PMC13014090_supplementary/BLOOD_BLD-2025-030083-mmc1.pdftotext.txt		Supplemental Table 2. Flow panel for tumor plasma cell sorting	True
MM_03_CTC	mendeley:9kx8hc6h66:MM_03_CTC	treatment_status	untreated	file	evidence/PMC13014090.txt		BM aspirates and paired peripheral blood (PB) were collected from patients with NDMM before starting therapy	True
MM_03_CTC	mendeley:9kx8hc6h66:MM_03_CTC	treatment_status	untreated	file	evidence/PMC13014090_supplementary/BLOOD_BLD-2025-030083-mmc1.pdftotext.txt		MM_3 BMPC+ CTC Purified PCs 59 F 3.8 High 90 3 HD #N/A NO NO NO NO NO YES NO NO YES YES YES	True
MM_03_CTC	mendeley:9kx8hc6h66:MM_03_CTC	sample_preservation	cryopreserved	file	evidence/PMC13014090.txt		Viably frozen CD138-positive BM fractions and total PBMCs were thawed	True
MM_03_CTC	mendeley:9kx8hc6h66:MM_03_CTC	sample_preservation	cryopreserved	file	evidence/PMC13014090_supplementary/BLOOD_BLD-2025-030083-mmc1.pdftotext.txt		MM_3 BMPC+ CTC Purified PCs 59 F 3.8 High 90 3 HD #N/A NO NO NO NO NO YES NO NO YES YES YES	True
MM_04_BM	mendeley:9kx8hc6h66:MM_04_BM	donor_id	MM_4	file	evidence/PMC13014090_supplementary/BLOOD_BLD-2025-030083-mmc1.pdftotext.txt		MM_4 BMPC+ CTC Purified PCs 54 M 1.3 High 70 2 HD IgA_L NO NO NO NO NO NO YES YES YES YES; t(6;8) YES	True
MM_04_BM	mendeley:9kx8hc6h66:MM_04_BM	donor_id	MM_4	file	evidence/PMC13014090_supplementary/BLOOD_BLD-2025-030083-mmc1.pdftotext.txt		ID Sample Processing Age Sex CTC (%) CTC level BMPC (%) ISS Genomic group Isotype t(11;14) t(4;14) t(14;16) t(14;_20) t(8;14) del17p amp1q del1p del13q MYC alteration WGS	True
MM_04_BM	mendeley:9kx8hc6h66:MM_04_BM	sex	male	file	evidence/PMC13014090_supplementary/BLOOD_BLD-2025-030083-mmc1.pdftotext.txt		MM_4 BMPC+ CTC Purified PCs 54 M 1.3 High 70 2 HD IgA_L NO NO NO NO NO NO YES YES YES YES; t(6;8) YES	True
MM_04_BM	mendeley:9kx8hc6h66:MM_04_BM	sex	male	file	evidence/PMC13014090_supplementary/BLOOD_BLD-2025-030083-mmc1.pdftotext.txt		WGS, whole genome sequencing; M, male; F, female	True
MM_04_BM	mendeley:9kx8hc6h66:MM_04_BM	age	54	file	evidence/PMC13014090_supplementary/BLOOD_BLD-2025-030083-mmc1.pdftotext.txt		MM_4 BMPC+ CTC Purified PCs 54 M 1.3 High 70 2 HD IgA_L NO NO NO NO NO NO YES YES YES YES; t(6;8) YES	True
MM_04_BM	mendeley:9kx8hc6h66:MM_04_BM	age	54	file	evidence/PMC13014090_supplementary/BLOOD_BLD-2025-030083-mmc1.pdftotext.txt		ID Sample Processing Age Sex CTC (%) CTC level BMPC (%) ISS Genomic group Isotype t(11;14) t(4;14) t(14;16) t(14;_20) t(8;14) del17p amp1q del1p del13q MYC alteration WGS	True
MM_04_BM	mendeley:9kx8hc6h66:MM_04_BM	disease_free_text	multiple myeloma	file	evidence/PMC13014090.txt		paired bone marrow and blood samples from patients with newly diagnosed multiple myeloma were analyzed by single-cell transcriptomics	True
MM_04_BM	mendeley:9kx8hc6h66:MM_04_BM	disease_free_text	multiple myeloma	file	evidence/PMC13014090_supplementary/BLOOD_BLD-2025-030083-mmc1.pdftotext.txt		Supplemental Table 3. Patient characteristics of our scRNAseq cohort of newly diagnosed multiple myeloma samples (n=25)	True
MM_04_BM	mendeley:9kx8hc6h66:MM_04_BM	disease_stage	newly diagnosed	file	evidence/PMC13014090_supplementary/BLOOD_BLD-2025-030083-mmc1.pdftotext.txt		Supplemental Table 3. Patient characteristics of our scRNAseq cohort of newly diagnosed multiple myeloma samples (n=25)	True
MM_04_BM	mendeley:9kx8hc6h66:MM_04_BM	disease_stage	newly diagnosed	file	evidence/PMC13014090.txt		We generated scRNAseq data from 25 patients with NDMM	True
MM_04_BM	mendeley:9kx8hc6h66:MM_04_BM	tissue_free_text	bone marrow	file	evidence/PMC13014090.txt		paired bone marrow and blood samples from patients with newly diagnosed multiple myeloma were analyzed by single-cell transcriptomics	True
MM_04_BM	mendeley:9kx8hc6h66:MM_04_BM	tissue_free_text	bone marrow	file	evidence/PMC13014090_supplementary/BLOOD_BLD-2025-030083-mmc1.pdftotext.txt		MM_4 BMPC+ CTC Purified PCs 54 M 1.3 High 70 2 HD IgA_L NO NO NO NO NO NO YES YES YES YES; t(6;8) YES	True
MM_04_BM	mendeley:9kx8hc6h66:MM_04_BM	tissue_type	tissue	file	evidence/PMC13014090.txt		paired bone marrow and blood samples from patients with newly diagnosed multiple myeloma were analyzed by single-cell transcriptomics	True
MM_04_BM	mendeley:9kx8hc6h66:MM_04_BM	suspension_type	cell	file	evidence/PMC13014090.txt		Single-cell transcriptomes were generated using Chromium Single-cell 3′ Reagent kit version (v) 3 (10x Genomics).	True
MM_04_BM	mendeley:9kx8hc6h66:MM_04_BM	assay	10x 3' v3	file	evidence/PMC13014090.txt		Single-cell transcriptomes were generated using Chromium Single-cell 3′ Reagent kit version (v) 3 (10x Genomics).	True
MM_04_BM	mendeley:9kx8hc6h66:MM_04_BM	assay	10x 3' v3	file	evidence/PMC13014090_supplementary/BLOOD_BLD-2025-030083-mmc1.pdftotext.txt		After GEM generation using 3′ Reagent kit v3 (10x Genomics)	True
MM_04_BM	mendeley:9kx8hc6h66:MM_04_BM	cell_enrichment	purified plasma cells (CD138 positive selection, FACS sort)	file	evidence/PMC13014090_supplementary/BLOOD_BLD-2025-030083-mmc1.pdftotext.txt		MM_4 BMPC+ CTC Purified PCs 54 M 1.3 High 70 2 HD IgA_L NO NO NO NO NO NO YES YES YES YES; t(6;8) YES	True
MM_04_BM	mendeley:9kx8hc6h66:MM_04_BM	cell_enrichment	purified plasma cells (CD138 positive selection, FACS sort)	file	evidence/PMC13014090.txt		BM PCs (BMPCs) were purified by EasySep human CD138 Positive Selection kit II (Stemcell) before freezing.	True
MM_04_BM	mendeley:9kx8hc6h66:MM_04_BM	cell_enrichment	purified plasma cells (CD138 positive selection, FACS sort)	file	evidence/PMC13014090.txt		Viably frozen CD138-positive BM fractions and total PBMCs were thawed	True
MM_04_BM	mendeley:9kx8hc6h66:MM_04_BM	cell_enrichment	purified plasma cells (CD138 positive selection, FACS sort)	file	evidence/PMC13014090.txt		sorted on a FACS ARIA II, using DAPI (4′,6-diamidino-2-phenylindole) for dead cell exclusion	True
MM_04_BM	mendeley:9kx8hc6h66:MM_04_BM	cell_enrichment	purified plasma cells (CD138 positive selection, FACS sort)	file	evidence/PMC13014090_supplementary/BLOOD_BLD-2025-030083-mmc1.pdftotext.txt		Supplemental Table 2. Flow panel for tumor plasma cell sorting	True
MM_04_BM	mendeley:9kx8hc6h66:MM_04_BM	treatment_status	untreated	file	evidence/PMC13014090.txt		BM aspirates and paired peripheral blood (PB) were collected from patients with NDMM before starting therapy	True
MM_04_BM	mendeley:9kx8hc6h66:MM_04_BM	treatment_status	untreated	file	evidence/PMC13014090_supplementary/BLOOD_BLD-2025-030083-mmc1.pdftotext.txt		MM_4 BMPC+ CTC Purified PCs 54 M 1.3 High 70 2 HD IgA_L NO NO NO NO NO NO YES YES YES YES; t(6;8) YES	True
MM_04_BM	mendeley:9kx8hc6h66:MM_04_BM	sample_preservation	cryopreserved	file	evidence/PMC13014090.txt		Viably frozen CD138-positive BM fractions and total PBMCs were thawed	True
MM_04_BM	mendeley:9kx8hc6h66:MM_04_BM	sample_preservation	cryopreserved	file	evidence/PMC13014090_supplementary/BLOOD_BLD-2025-030083-mmc1.pdftotext.txt		MM_4 BMPC+ CTC Purified PCs 54 M 1.3 High 70 2 HD IgA_L NO NO NO NO NO NO YES YES YES YES; t(6;8) YES	True
MM_04_CTC	mendeley:9kx8hc6h66:MM_04_CTC	donor_id	MM_4	file	evidence/PMC13014090_supplementary/BLOOD_BLD-2025-030083-mmc1.pdftotext.txt		MM_4 BMPC+ CTC Purified PCs 54 M 1.3 High 70 2 HD IgA_L NO NO NO NO NO NO YES YES YES YES; t(6;8) YES	True
MM_04_CTC	mendeley:9kx8hc6h66:MM_04_CTC	donor_id	MM_4	file	evidence/PMC13014090_supplementary/BLOOD_BLD-2025-030083-mmc1.pdftotext.txt		ID Sample Processing Age Sex CTC (%) CTC level BMPC (%) ISS Genomic group Isotype t(11;14) t(4;14) t(14;16) t(14;_20) t(8;14) del17p amp1q del1p del13q MYC alteration WGS	True
MM_04_CTC	mendeley:9kx8hc6h66:MM_04_CTC	sex	male	file	evidence/PMC13014090_supplementary/BLOOD_BLD-2025-030083-mmc1.pdftotext.txt		MM_4 BMPC+ CTC Purified PCs 54 M 1.3 High 70 2 HD IgA_L NO NO NO NO NO NO YES YES YES YES; t(6;8) YES	True
MM_04_CTC	mendeley:9kx8hc6h66:MM_04_CTC	sex	male	file	evidence/PMC13014090_supplementary/BLOOD_BLD-2025-030083-mmc1.pdftotext.txt		WGS, whole genome sequencing; M, male; F, female	True
MM_04_CTC	mendeley:9kx8hc6h66:MM_04_CTC	age	54	file	evidence/PMC13014090_supplementary/BLOOD_BLD-2025-030083-mmc1.pdftotext.txt		MM_4 BMPC+ CTC Purified PCs 54 M 1.3 High 70 2 HD IgA_L NO NO NO NO NO NO YES YES YES YES; t(6;8) YES	True
MM_04_CTC	mendeley:9kx8hc6h66:MM_04_CTC	age	54	file	evidence/PMC13014090_supplementary/BLOOD_BLD-2025-030083-mmc1.pdftotext.txt		ID Sample Processing Age Sex CTC (%) CTC level BMPC (%) ISS Genomic group Isotype t(11;14) t(4;14) t(14;16) t(14;_20) t(8;14) del17p amp1q del1p del13q MYC alteration WGS	True
MM_04_CTC	mendeley:9kx8hc6h66:MM_04_CTC	disease_free_text	multiple myeloma	file	evidence/PMC13014090.txt		paired bone marrow and blood samples from patients with newly diagnosed multiple myeloma were analyzed by single-cell transcriptomics	True
MM_04_CTC	mendeley:9kx8hc6h66:MM_04_CTC	disease_free_text	multiple myeloma	file	evidence/PMC13014090_supplementary/BLOOD_BLD-2025-030083-mmc1.pdftotext.txt		Supplemental Table 3. Patient characteristics of our scRNAseq cohort of newly diagnosed multiple myeloma samples (n=25)	True
MM_04_CTC	mendeley:9kx8hc6h66:MM_04_CTC	disease_stage	newly diagnosed	file	evidence/PMC13014090_supplementary/BLOOD_BLD-2025-030083-mmc1.pdftotext.txt		Supplemental Table 3. Patient characteristics of our scRNAseq cohort of newly diagnosed multiple myeloma samples (n=25)	True
MM_04_CTC	mendeley:9kx8hc6h66:MM_04_CTC	disease_stage	newly diagnosed	file	evidence/PMC13014090.txt		We generated scRNAseq data from 25 patients with NDMM	True
MM_04_CTC	mendeley:9kx8hc6h66:MM_04_CTC	tissue_free_text	peripheral blood	file	evidence/PMC13014090.txt		BM aspirates and paired peripheral blood (PB) were collected from patients with NDMM before starting therapy	True
MM_04_CTC	mendeley:9kx8hc6h66:MM_04_CTC	tissue_free_text	peripheral blood	file	evidence/PMC13014090.txt		For 7 patients with high CTC levels, paired PB samples were available.	True
MM_04_CTC	mendeley:9kx8hc6h66:MM_04_CTC	tissue_free_text	peripheral blood	file	evidence/PMC13014090_supplementary/BLOOD_BLD-2025-030083-mmc1.pdftotext.txt		MM_4 BMPC+ CTC Purified PCs 54 M 1.3 High 70 2 HD IgA_L NO NO NO NO NO NO YES YES YES YES; t(6;8) YES	True
MM_04_CTC	mendeley:9kx8hc6h66:MM_04_CTC	tissue_ontology_term_id	UBERON:0000178	file	evidence/PMC13014090.txt		BM aspirates and paired peripheral blood (PB) were collected from patients with NDMM before starting therapy	True
MM_04_CTC	mendeley:9kx8hc6h66:MM_04_CTC	tissue_ontology_term_id	UBERON:0000178	file	evidence/PMC13014090.txt		For 7 patients with high CTC levels, paired PB samples were available.	True
MM_04_CTC	mendeley:9kx8hc6h66:MM_04_CTC	tissue_type	tissue	file	evidence/PMC13014090.txt		paired bone marrow and blood samples from patients with newly diagnosed multiple myeloma were analyzed by single-cell transcriptomics	True
MM_04_CTC	mendeley:9kx8hc6h66:MM_04_CTC	suspension_type	cell	file	evidence/PMC13014090.txt		Single-cell transcriptomes were generated using Chromium Single-cell 3′ Reagent kit version (v) 3 (10x Genomics).	True
MM_04_CTC	mendeley:9kx8hc6h66:MM_04_CTC	assay	10x 3' v3	file	evidence/PMC13014090.txt		Single-cell transcriptomes were generated using Chromium Single-cell 3′ Reagent kit version (v) 3 (10x Genomics).	True
MM_04_CTC	mendeley:9kx8hc6h66:MM_04_CTC	assay	10x 3' v3	file	evidence/PMC13014090_supplementary/BLOOD_BLD-2025-030083-mmc1.pdftotext.txt		After GEM generation using 3′ Reagent kit v3 (10x Genomics)	True
MM_04_CTC	mendeley:9kx8hc6h66:MM_04_CTC	cell_enrichment	purified plasma cells (FACS sort of PBMCs)	file	evidence/PMC13014090_supplementary/BLOOD_BLD-2025-030083-mmc1.pdftotext.txt		MM_4 BMPC+ CTC Purified PCs 54 M 1.3 High 70 2 HD IgA_L NO NO NO NO NO NO YES YES YES YES; t(6;8) YES	True
MM_04_CTC	mendeley:9kx8hc6h66:MM_04_CTC	cell_enrichment	purified plasma cells (FACS sort of PBMCs)	file	evidence/PMC13014090.txt		Viably frozen CD138-positive BM fractions and total PBMCs were thawed	True
MM_04_CTC	mendeley:9kx8hc6h66:MM_04_CTC	cell_enrichment	purified plasma cells (FACS sort of PBMCs)	file	evidence/PMC13014090.txt		sorted on a FACS ARIA II, using DAPI (4′,6-diamidino-2-phenylindole) for dead cell exclusion	True
MM_04_CTC	mendeley:9kx8hc6h66:MM_04_CTC	cell_enrichment	purified plasma cells (FACS sort of PBMCs)	file	evidence/PMC13014090_supplementary/BLOOD_BLD-2025-030083-mmc1.pdftotext.txt		Supplemental Table 2. Flow panel for tumor plasma cell sorting	True
MM_04_CTC	mendeley:9kx8hc6h66:MM_04_CTC	treatment_status	untreated	file	evidence/PMC13014090.txt		BM aspirates and paired peripheral blood (PB) were collected from patients with NDMM before starting therapy	True
MM_04_CTC	mendeley:9kx8hc6h66:MM_04_CTC	treatment_status	untreated	file	evidence/PMC13014090_supplementary/BLOOD_BLD-2025-030083-mmc1.pdftotext.txt		MM_4 BMPC+ CTC Purified PCs 54 M 1.3 High 70 2 HD IgA_L NO NO NO NO NO NO YES YES YES YES; t(6;8) YES	True
MM_04_CTC	mendeley:9kx8hc6h66:MM_04_CTC	sample_preservation	cryopreserved	file	evidence/PMC13014090.txt		Viably frozen CD138-positive BM fractions and total PBMCs were thawed	True
MM_04_CTC	mendeley:9kx8hc6h66:MM_04_CTC	sample_preservation	cryopreserved	file	evidence/PMC13014090_supplementary/BLOOD_BLD-2025-030083-mmc1.pdftotext.txt		MM_4 BMPC+ CTC Purified PCs 54 M 1.3 High 70 2 HD IgA_L NO NO NO NO NO NO YES YES YES YES; t(6;8) YES	True
MM_05_BM	mendeley:9kx8hc6h66:MM_05_BM	donor_id	MM_5	file	evidence/PMC13014090_supplementary/BLOOD_BLD-2025-030083-mmc1.pdftotext.txt		MM_5 BMPC+ CTC Purified PCs 48 F 2.05 High 70 2 CCND IgG_K YES NO NO NO NO NO YES #N/A NO NO NO	True
MM_05_BM	mendeley:9kx8hc6h66:MM_05_BM	donor_id	MM_5	file	evidence/PMC13014090_supplementary/BLOOD_BLD-2025-030083-mmc1.pdftotext.txt		ID Sample Processing Age Sex CTC (%) CTC level BMPC (%) ISS Genomic group Isotype t(11;14) t(4;14) t(14;16) t(14;_20) t(8;14) del17p amp1q del1p del13q MYC alteration WGS	True
MM_05_BM	mendeley:9kx8hc6h66:MM_05_BM	sex	female	file	evidence/PMC13014090_supplementary/BLOOD_BLD-2025-030083-mmc1.pdftotext.txt		MM_5 BMPC+ CTC Purified PCs 48 F 2.05 High 70 2 CCND IgG_K YES NO NO NO NO NO YES #N/A NO NO NO	True
MM_05_BM	mendeley:9kx8hc6h66:MM_05_BM	sex	female	file	evidence/PMC13014090_supplementary/BLOOD_BLD-2025-030083-mmc1.pdftotext.txt		WGS, whole genome sequencing; M, male; F, female	True
MM_05_BM	mendeley:9kx8hc6h66:MM_05_BM	age	48	file	evidence/PMC13014090_supplementary/BLOOD_BLD-2025-030083-mmc1.pdftotext.txt		MM_5 BMPC+ CTC Purified PCs 48 F 2.05 High 70 2 CCND IgG_K YES NO NO NO NO NO YES #N/A NO NO NO	True
MM_05_BM	mendeley:9kx8hc6h66:MM_05_BM	age	48	file	evidence/PMC13014090_supplementary/BLOOD_BLD-2025-030083-mmc1.pdftotext.txt		ID Sample Processing Age Sex CTC (%) CTC level BMPC (%) ISS Genomic group Isotype t(11;14) t(4;14) t(14;16) t(14;_20) t(8;14) del17p amp1q del1p del13q MYC alteration WGS	True
MM_05_BM	mendeley:9kx8hc6h66:MM_05_BM	disease_free_text	multiple myeloma	file	evidence/PMC13014090.txt		paired bone marrow and blood samples from patients with newly diagnosed multiple myeloma were analyzed by single-cell transcriptomics	True
MM_05_BM	mendeley:9kx8hc6h66:MM_05_BM	disease_free_text	multiple myeloma	file	evidence/PMC13014090_supplementary/BLOOD_BLD-2025-030083-mmc1.pdftotext.txt		Supplemental Table 3. Patient characteristics of our scRNAseq cohort of newly diagnosed multiple myeloma samples (n=25)	True
MM_05_BM	mendeley:9kx8hc6h66:MM_05_BM	disease_stage	newly diagnosed	file	evidence/PMC13014090_supplementary/BLOOD_BLD-2025-030083-mmc1.pdftotext.txt		Supplemental Table 3. Patient characteristics of our scRNAseq cohort of newly diagnosed multiple myeloma samples (n=25)	True
MM_05_BM	mendeley:9kx8hc6h66:MM_05_BM	disease_stage	newly diagnosed	file	evidence/PMC13014090.txt		We generated scRNAseq data from 25 patients with NDMM	True
MM_05_BM	mendeley:9kx8hc6h66:MM_05_BM	tissue_free_text	bone marrow	file	evidence/PMC13014090.txt		paired bone marrow and blood samples from patients with newly diagnosed multiple myeloma were analyzed by single-cell transcriptomics	True
MM_05_BM	mendeley:9kx8hc6h66:MM_05_BM	tissue_free_text	bone marrow	file	evidence/PMC13014090_supplementary/BLOOD_BLD-2025-030083-mmc1.pdftotext.txt		MM_5 BMPC+ CTC Purified PCs 48 F 2.05 High 70 2 CCND IgG_K YES NO NO NO NO NO YES #N/A NO NO NO	True
MM_05_BM	mendeley:9kx8hc6h66:MM_05_BM	tissue_type	tissue	file	evidence/PMC13014090.txt		paired bone marrow and blood samples from patients with newly diagnosed multiple myeloma were analyzed by single-cell transcriptomics	True
MM_05_BM	mendeley:9kx8hc6h66:MM_05_BM	suspension_type	cell	file	evidence/PMC13014090.txt		Single-cell transcriptomes were generated using Chromium Single-cell 3′ Reagent kit version (v) 3 (10x Genomics).	True
MM_05_BM	mendeley:9kx8hc6h66:MM_05_BM	assay	10x 3' v3	file	evidence/PMC13014090.txt		Single-cell transcriptomes were generated using Chromium Single-cell 3′ Reagent kit version (v) 3 (10x Genomics).	True
MM_05_BM	mendeley:9kx8hc6h66:MM_05_BM	assay	10x 3' v3	file	evidence/PMC13014090_supplementary/BLOOD_BLD-2025-030083-mmc1.pdftotext.txt		After GEM generation using 3′ Reagent kit v3 (10x Genomics)	True
MM_05_BM	mendeley:9kx8hc6h66:MM_05_BM	cell_enrichment	purified plasma cells (CD138 positive selection, FACS sort)	file	evidence/PMC13014090_supplementary/BLOOD_BLD-2025-030083-mmc1.pdftotext.txt		MM_5 BMPC+ CTC Purified PCs 48 F 2.05 High 70 2 CCND IgG_K YES NO NO NO NO NO YES #N/A NO NO NO	True
MM_05_BM	mendeley:9kx8hc6h66:MM_05_BM	cell_enrichment	purified plasma cells (CD138 positive selection, FACS sort)	file	evidence/PMC13014090.txt		BM PCs (BMPCs) were purified by EasySep human CD138 Positive Selection kit II (Stemcell) before freezing.	True
MM_05_BM	mendeley:9kx8hc6h66:MM_05_BM	cell_enrichment	purified plasma cells (CD138 positive selection, FACS sort)	file	evidence/PMC13014090.txt		Viably frozen CD138-positive BM fractions and total PBMCs were thawed	True
MM_05_BM	mendeley:9kx8hc6h66:MM_05_BM	cell_enrichment	purified plasma cells (CD138 positive selection, FACS sort)	file	evidence/PMC13014090.txt		sorted on a FACS ARIA II, using DAPI (4′,6-diamidino-2-phenylindole) for dead cell exclusion	True
MM_05_BM	mendeley:9kx8hc6h66:MM_05_BM	cell_enrichment	purified plasma cells (CD138 positive selection, FACS sort)	file	evidence/PMC13014090_supplementary/BLOOD_BLD-2025-030083-mmc1.pdftotext.txt		Supplemental Table 2. Flow panel for tumor plasma cell sorting	True
MM_05_BM	mendeley:9kx8hc6h66:MM_05_BM	treatment_status	untreated	file	evidence/PMC13014090.txt		BM aspirates and paired peripheral blood (PB) were collected from patients with NDMM before starting therapy	True
MM_05_BM	mendeley:9kx8hc6h66:MM_05_BM	treatment_status	untreated	file	evidence/PMC13014090_supplementary/BLOOD_BLD-2025-030083-mmc1.pdftotext.txt		MM_5 BMPC+ CTC Purified PCs 48 F 2.05 High 70 2 CCND IgG_K YES NO NO NO NO NO YES #N/A NO NO NO	True
MM_05_BM	mendeley:9kx8hc6h66:MM_05_BM	sample_preservation	cryopreserved	file	evidence/PMC13014090.txt		Viably frozen CD138-positive BM fractions and total PBMCs were thawed	True
MM_05_BM	mendeley:9kx8hc6h66:MM_05_BM	sample_preservation	cryopreserved	file	evidence/PMC13014090_supplementary/BLOOD_BLD-2025-030083-mmc1.pdftotext.txt		MM_5 BMPC+ CTC Purified PCs 48 F 2.05 High 70 2 CCND IgG_K YES NO NO NO NO NO YES #N/A NO NO NO	True
MM_05_CTC	mendeley:9kx8hc6h66:MM_05_CTC	donor_id	MM_5	file	evidence/PMC13014090_supplementary/BLOOD_BLD-2025-030083-mmc1.pdftotext.txt		MM_5 BMPC+ CTC Purified PCs 48 F 2.05 High 70 2 CCND IgG_K YES NO NO NO NO NO YES #N/A NO NO NO	True
MM_05_CTC	mendeley:9kx8hc6h66:MM_05_CTC	donor_id	MM_5	file	evidence/PMC13014090_supplementary/BLOOD_BLD-2025-030083-mmc1.pdftotext.txt		ID Sample Processing Age Sex CTC (%) CTC level BMPC (%) ISS Genomic group Isotype t(11;14) t(4;14) t(14;16) t(14;_20) t(8;14) del17p amp1q del1p del13q MYC alteration WGS	True
MM_05_CTC	mendeley:9kx8hc6h66:MM_05_CTC	sex	female	file	evidence/PMC13014090_supplementary/BLOOD_BLD-2025-030083-mmc1.pdftotext.txt		MM_5 BMPC+ CTC Purified PCs 48 F 2.05 High 70 2 CCND IgG_K YES NO NO NO NO NO YES #N/A NO NO NO	True
MM_05_CTC	mendeley:9kx8hc6h66:MM_05_CTC	sex	female	file	evidence/PMC13014090_supplementary/BLOOD_BLD-2025-030083-mmc1.pdftotext.txt		WGS, whole genome sequencing; M, male; F, female	True
MM_05_CTC	mendeley:9kx8hc6h66:MM_05_CTC	age	48	file	evidence/PMC13014090_supplementary/BLOOD_BLD-2025-030083-mmc1.pdftotext.txt		MM_5 BMPC+ CTC Purified PCs 48 F 2.05 High 70 2 CCND IgG_K YES NO NO NO NO NO YES #N/A NO NO NO	True
MM_05_CTC	mendeley:9kx8hc6h66:MM_05_CTC	age	48	file	evidence/PMC13014090_supplementary/BLOOD_BLD-2025-030083-mmc1.pdftotext.txt		ID Sample Processing Age Sex CTC (%) CTC level BMPC (%) ISS Genomic group Isotype t(11;14) t(4;14) t(14;16) t(14;_20) t(8;14) del17p amp1q del1p del13q MYC alteration WGS	True
MM_05_CTC	mendeley:9kx8hc6h66:MM_05_CTC	disease_free_text	multiple myeloma	file	evidence/PMC13014090.txt		paired bone marrow and blood samples from patients with newly diagnosed multiple myeloma were analyzed by single-cell transcriptomics	True
MM_05_CTC	mendeley:9kx8hc6h66:MM_05_CTC	disease_free_text	multiple myeloma	file	evidence/PMC13014090_supplementary/BLOOD_BLD-2025-030083-mmc1.pdftotext.txt		Supplemental Table 3. Patient characteristics of our scRNAseq cohort of newly diagnosed multiple myeloma samples (n=25)	True
MM_05_CTC	mendeley:9kx8hc6h66:MM_05_CTC	disease_stage	newly diagnosed	file	evidence/PMC13014090_supplementary/BLOOD_BLD-2025-030083-mmc1.pdftotext.txt		Supplemental Table 3. Patient characteristics of our scRNAseq cohort of newly diagnosed multiple myeloma samples (n=25)	True
MM_05_CTC	mendeley:9kx8hc6h66:MM_05_CTC	disease_stage	newly diagnosed	file	evidence/PMC13014090.txt		We generated scRNAseq data from 25 patients with NDMM	True
MM_05_CTC	mendeley:9kx8hc6h66:MM_05_CTC	tissue_free_text	peripheral blood	file	evidence/PMC13014090.txt		BM aspirates and paired peripheral blood (PB) were collected from patients with NDMM before starting therapy	True
MM_05_CTC	mendeley:9kx8hc6h66:MM_05_CTC	tissue_free_text	peripheral blood	file	evidence/PMC13014090.txt		For 7 patients with high CTC levels, paired PB samples were available.	True
MM_05_CTC	mendeley:9kx8hc6h66:MM_05_CTC	tissue_free_text	peripheral blood	file	evidence/PMC13014090_supplementary/BLOOD_BLD-2025-030083-mmc1.pdftotext.txt		MM_5 BMPC+ CTC Purified PCs 48 F 2.05 High 70 2 CCND IgG_K YES NO NO NO NO NO YES #N/A NO NO NO	True
MM_05_CTC	mendeley:9kx8hc6h66:MM_05_CTC	tissue_ontology_term_id	UBERON:0000178	file	evidence/PMC13014090.txt		BM aspirates and paired peripheral blood (PB) were collected from patients with NDMM before starting therapy	True
MM_05_CTC	mendeley:9kx8hc6h66:MM_05_CTC	tissue_ontology_term_id	UBERON:0000178	file	evidence/PMC13014090.txt		For 7 patients with high CTC levels, paired PB samples were available.	True
MM_05_CTC	mendeley:9kx8hc6h66:MM_05_CTC	tissue_type	tissue	file	evidence/PMC13014090.txt		paired bone marrow and blood samples from patients with newly diagnosed multiple myeloma were analyzed by single-cell transcriptomics	True
MM_05_CTC	mendeley:9kx8hc6h66:MM_05_CTC	suspension_type	cell	file	evidence/PMC13014090.txt		Single-cell transcriptomes were generated using Chromium Single-cell 3′ Reagent kit version (v) 3 (10x Genomics).	True
MM_05_CTC	mendeley:9kx8hc6h66:MM_05_CTC	assay	10x 3' v3	file	evidence/PMC13014090.txt		Single-cell transcriptomes were generated using Chromium Single-cell 3′ Reagent kit version (v) 3 (10x Genomics).	True
MM_05_CTC	mendeley:9kx8hc6h66:MM_05_CTC	assay	10x 3' v3	file	evidence/PMC13014090_supplementary/BLOOD_BLD-2025-030083-mmc1.pdftotext.txt		After GEM generation using 3′ Reagent kit v3 (10x Genomics)	True
MM_05_CTC	mendeley:9kx8hc6h66:MM_05_CTC	cell_enrichment	purified plasma cells (FACS sort of PBMCs)	file	evidence/PMC13014090_supplementary/BLOOD_BLD-2025-030083-mmc1.pdftotext.txt		MM_5 BMPC+ CTC Purified PCs 48 F 2.05 High 70 2 CCND IgG_K YES NO NO NO NO NO YES #N/A NO NO NO	True
MM_05_CTC	mendeley:9kx8hc6h66:MM_05_CTC	cell_enrichment	purified plasma cells (FACS sort of PBMCs)	file	evidence/PMC13014090.txt		Viably frozen CD138-positive BM fractions and total PBMCs were thawed	True
MM_05_CTC	mendeley:9kx8hc6h66:MM_05_CTC	cell_enrichment	purified plasma cells (FACS sort of PBMCs)	file	evidence/PMC13014090.txt		sorted on a FACS ARIA II, using DAPI (4′,6-diamidino-2-phenylindole) for dead cell exclusion	True
MM_05_CTC	mendeley:9kx8hc6h66:MM_05_CTC	cell_enrichment	purified plasma cells (FACS sort of PBMCs)	file	evidence/PMC13014090_supplementary/BLOOD_BLD-2025-030083-mmc1.pdftotext.txt		Supplemental Table 2. Flow panel for tumor plasma cell sorting	True
MM_05_CTC	mendeley:9kx8hc6h66:MM_05_CTC	treatment_status	untreated	file	evidence/PMC13014090.txt		BM aspirates and paired peripheral blood (PB) were collected from patients with NDMM before starting therapy	True
MM_05_CTC	mendeley:9kx8hc6h66:MM_05_CTC	treatment_status	untreated	file	evidence/PMC13014090_supplementary/BLOOD_BLD-2025-030083-mmc1.pdftotext.txt		MM_5 BMPC+ CTC Purified PCs 48 F 2.05 High 70 2 CCND IgG_K YES NO NO NO NO NO YES #N/A NO NO NO	True
MM_05_CTC	mendeley:9kx8hc6h66:MM_05_CTC	sample_preservation	cryopreserved	file	evidence/PMC13014090.txt		Viably frozen CD138-positive BM fractions and total PBMCs were thawed	True
MM_05_CTC	mendeley:9kx8hc6h66:MM_05_CTC	sample_preservation	cryopreserved	file	evidence/PMC13014090_supplementary/BLOOD_BLD-2025-030083-mmc1.pdftotext.txt		MM_5 BMPC+ CTC Purified PCs 48 F 2.05 High 70 2 CCND IgG_K YES NO NO NO NO NO YES #N/A NO NO NO	True
MM_06_BM	mendeley:9kx8hc6h66:MM_06_BM	donor_id	MM_6	file	evidence/PMC13014090_supplementary/BLOOD_BLD-2025-030083-mmc1.pdftotext.txt		MM_6 BMPC+ CTC Purified PCs 55 F 0.458 High 80 2 CCND K YES NO NO NO NO NO NO NO YES NO YES	True
MM_06_BM	mendeley:9kx8hc6h66:MM_06_BM	donor_id	MM_6	file	evidence/PMC13014090_supplementary/BLOOD_BLD-2025-030083-mmc1.pdftotext.txt		ID Sample Processing Age Sex CTC (%) CTC level BMPC (%) ISS Genomic group Isotype t(11;14) t(4;14) t(14;16) t(14;_20) t(8;14) del17p amp1q del1p del13q MYC alteration WGS	True
MM_06_BM	mendeley:9kx8hc6h66:MM_06_BM	sex	female	file	evidence/PMC13014090_supplementary/BLOOD_BLD-2025-030083-mmc1.pdftotext.txt		MM_6 BMPC+ CTC Purified PCs 55 F 0.458 High 80 2 CCND K YES NO NO NO NO NO NO NO YES NO YES	True
MM_06_BM	mendeley:9kx8hc6h66:MM_06_BM	sex	female	file	evidence/PMC13014090_supplementary/BLOOD_BLD-2025-030083-mmc1.pdftotext.txt		WGS, whole genome sequencing; M, male; F, female	True
MM_06_BM	mendeley:9kx8hc6h66:MM_06_BM	age	55	file	evidence/PMC13014090_supplementary/BLOOD_BLD-2025-030083-mmc1.pdftotext.txt		MM_6 BMPC+ CTC Purified PCs 55 F 0.458 High 80 2 CCND K YES NO NO NO NO NO NO NO YES NO YES	True
MM_06_BM	mendeley:9kx8hc6h66:MM_06_BM	age	55	file	evidence/PMC13014090_supplementary/BLOOD_BLD-2025-030083-mmc1.pdftotext.txt		ID Sample Processing Age Sex CTC (%) CTC level BMPC (%) ISS Genomic group Isotype t(11;14) t(4;14) t(14;16) t(14;_20) t(8;14) del17p amp1q del1p del13q MYC alteration WGS	True
MM_06_BM	mendeley:9kx8hc6h66:MM_06_BM	disease_free_text	multiple myeloma	file	evidence/PMC13014090.txt		paired bone marrow and blood samples from patients with newly diagnosed multiple myeloma were analyzed by single-cell transcriptomics	True
MM_06_BM	mendeley:9kx8hc6h66:MM_06_BM	disease_free_text	multiple myeloma	file	evidence/PMC13014090_supplementary/BLOOD_BLD-2025-030083-mmc1.pdftotext.txt		Supplemental Table 3. Patient characteristics of our scRNAseq cohort of newly diagnosed multiple myeloma samples (n=25)	True
MM_06_BM	mendeley:9kx8hc6h66:MM_06_BM	disease_stage	newly diagnosed	file	evidence/PMC13014090_supplementary/BLOOD_BLD-2025-030083-mmc1.pdftotext.txt		Supplemental Table 3. Patient characteristics of our scRNAseq cohort of newly diagnosed multiple myeloma samples (n=25)	True
MM_06_BM	mendeley:9kx8hc6h66:MM_06_BM	disease_stage	newly diagnosed	file	evidence/PMC13014090.txt		We generated scRNAseq data from 25 patients with NDMM	True
MM_06_BM	mendeley:9kx8hc6h66:MM_06_BM	tissue_free_text	bone marrow	file	evidence/PMC13014090.txt		paired bone marrow and blood samples from patients with newly diagnosed multiple myeloma were analyzed by single-cell transcriptomics	True
MM_06_BM	mendeley:9kx8hc6h66:MM_06_BM	tissue_free_text	bone marrow	file	evidence/PMC13014090_supplementary/BLOOD_BLD-2025-030083-mmc1.pdftotext.txt		MM_6 BMPC+ CTC Purified PCs 55 F 0.458 High 80 2 CCND K YES NO NO NO NO NO NO NO YES NO YES	True
MM_06_BM	mendeley:9kx8hc6h66:MM_06_BM	tissue_type	tissue	file	evidence/PMC13014090.txt		paired bone marrow and blood samples from patients with newly diagnosed multiple myeloma were analyzed by single-cell transcriptomics	True
MM_06_BM	mendeley:9kx8hc6h66:MM_06_BM	suspension_type	cell	file	evidence/PMC13014090.txt		Single-cell transcriptomes were generated using Chromium Single-cell 3′ Reagent kit version (v) 3 (10x Genomics).	True
MM_06_BM	mendeley:9kx8hc6h66:MM_06_BM	assay	10x 3' v3	file	evidence/PMC13014090.txt		Single-cell transcriptomes were generated using Chromium Single-cell 3′ Reagent kit version (v) 3 (10x Genomics).	True
MM_06_BM	mendeley:9kx8hc6h66:MM_06_BM	assay	10x 3' v3	file	evidence/PMC13014090_supplementary/BLOOD_BLD-2025-030083-mmc1.pdftotext.txt		After GEM generation using 3′ Reagent kit v3 (10x Genomics)	True
MM_06_BM	mendeley:9kx8hc6h66:MM_06_BM	cell_enrichment	purified plasma cells (CD138 positive selection, FACS sort)	file	evidence/PMC13014090_supplementary/BLOOD_BLD-2025-030083-mmc1.pdftotext.txt		MM_6 BMPC+ CTC Purified PCs 55 F 0.458 High 80 2 CCND K YES NO NO NO NO NO NO NO YES NO YES	True
MM_06_BM	mendeley:9kx8hc6h66:MM_06_BM	cell_enrichment	purified plasma cells (CD138 positive selection, FACS sort)	file	evidence/PMC13014090.txt		BM PCs (BMPCs) were purified by EasySep human CD138 Positive Selection kit II (Stemcell) before freezing.	True
MM_06_BM	mendeley:9kx8hc6h66:MM_06_BM	cell_enrichment	purified plasma cells (CD138 positive selection, FACS sort)	file	evidence/PMC13014090.txt		Viably frozen CD138-positive BM fractions and total PBMCs were thawed	True
MM_06_BM	mendeley:9kx8hc6h66:MM_06_BM	cell_enrichment	purified plasma cells (CD138 positive selection, FACS sort)	file	evidence/PMC13014090.txt		sorted on a FACS ARIA II, using DAPI (4′,6-diamidino-2-phenylindole) for dead cell exclusion	True
MM_06_BM	mendeley:9kx8hc6h66:MM_06_BM	cell_enrichment	purified plasma cells (CD138 positive selection, FACS sort)	file	evidence/PMC13014090_supplementary/BLOOD_BLD-2025-030083-mmc1.pdftotext.txt		Supplemental Table 2. Flow panel for tumor plasma cell sorting	True
MM_06_BM	mendeley:9kx8hc6h66:MM_06_BM	treatment_status	untreated	file	evidence/PMC13014090.txt		BM aspirates and paired peripheral blood (PB) were collected from patients with NDMM before starting therapy	True
MM_06_BM	mendeley:9kx8hc6h66:MM_06_BM	treatment_status	untreated	file	evidence/PMC13014090_supplementary/BLOOD_BLD-2025-030083-mmc1.pdftotext.txt		MM_6 BMPC+ CTC Purified PCs 55 F 0.458 High 80 2 CCND K YES NO NO NO NO NO NO NO YES NO YES	True
MM_06_BM	mendeley:9kx8hc6h66:MM_06_BM	sample_preservation	cryopreserved	file	evidence/PMC13014090.txt		Viably frozen CD138-positive BM fractions and total PBMCs were thawed	True
MM_06_BM	mendeley:9kx8hc6h66:MM_06_BM	sample_preservation	cryopreserved	file	evidence/PMC13014090_supplementary/BLOOD_BLD-2025-030083-mmc1.pdftotext.txt		MM_6 BMPC+ CTC Purified PCs 55 F 0.458 High 80 2 CCND K YES NO NO NO NO NO NO NO YES NO YES	True
MM_06_CTC	mendeley:9kx8hc6h66:MM_06_CTC	donor_id	MM_6	file	evidence/PMC13014090_supplementary/BLOOD_BLD-2025-030083-mmc1.pdftotext.txt		MM_6 BMPC+ CTC Purified PCs 55 F 0.458 High 80 2 CCND K YES NO NO NO NO NO NO NO YES NO YES	True
MM_06_CTC	mendeley:9kx8hc6h66:MM_06_CTC	donor_id	MM_6	file	evidence/PMC13014090_supplementary/BLOOD_BLD-2025-030083-mmc1.pdftotext.txt		ID Sample Processing Age Sex CTC (%) CTC level BMPC (%) ISS Genomic group Isotype t(11;14) t(4;14) t(14;16) t(14;_20) t(8;14) del17p amp1q del1p del13q MYC alteration WGS	True
MM_06_CTC	mendeley:9kx8hc6h66:MM_06_CTC	sex	female	file	evidence/PMC13014090_supplementary/BLOOD_BLD-2025-030083-mmc1.pdftotext.txt		MM_6 BMPC+ CTC Purified PCs 55 F 0.458 High 80 2 CCND K YES NO NO NO NO NO NO NO YES NO YES	True
MM_06_CTC	mendeley:9kx8hc6h66:MM_06_CTC	sex	female	file	evidence/PMC13014090_supplementary/BLOOD_BLD-2025-030083-mmc1.pdftotext.txt		WGS, whole genome sequencing; M, male; F, female	True
MM_06_CTC	mendeley:9kx8hc6h66:MM_06_CTC	age	55	file	evidence/PMC13014090_supplementary/BLOOD_BLD-2025-030083-mmc1.pdftotext.txt		MM_6 BMPC+ CTC Purified PCs 55 F 0.458 High 80 2 CCND K YES NO NO NO NO NO NO NO YES NO YES	True
MM_06_CTC	mendeley:9kx8hc6h66:MM_06_CTC	age	55	file	evidence/PMC13014090_supplementary/BLOOD_BLD-2025-030083-mmc1.pdftotext.txt		ID Sample Processing Age Sex CTC (%) CTC level BMPC (%) ISS Genomic group Isotype t(11;14) t(4;14) t(14;16) t(14;_20) t(8;14) del17p amp1q del1p del13q MYC alteration WGS	True
MM_06_CTC	mendeley:9kx8hc6h66:MM_06_CTC	disease_free_text	multiple myeloma	file	evidence/PMC13014090.txt		paired bone marrow and blood samples from patients with newly diagnosed multiple myeloma were analyzed by single-cell transcriptomics	True
MM_06_CTC	mendeley:9kx8hc6h66:MM_06_CTC	disease_free_text	multiple myeloma	file	evidence/PMC13014090_supplementary/BLOOD_BLD-2025-030083-mmc1.pdftotext.txt		Supplemental Table 3. Patient characteristics of our scRNAseq cohort of newly diagnosed multiple myeloma samples (n=25)	True
MM_06_CTC	mendeley:9kx8hc6h66:MM_06_CTC	disease_stage	newly diagnosed	file	evidence/PMC13014090_supplementary/BLOOD_BLD-2025-030083-mmc1.pdftotext.txt		Supplemental Table 3. Patient characteristics of our scRNAseq cohort of newly diagnosed multiple myeloma samples (n=25)	True
MM_06_CTC	mendeley:9kx8hc6h66:MM_06_CTC	disease_stage	newly diagnosed	file	evidence/PMC13014090.txt		We generated scRNAseq data from 25 patients with NDMM	True
MM_06_CTC	mendeley:9kx8hc6h66:MM_06_CTC	tissue_free_text	peripheral blood	file	evidence/PMC13014090.txt		BM aspirates and paired peripheral blood (PB) were collected from patients with NDMM before starting therapy	True
MM_06_CTC	mendeley:9kx8hc6h66:MM_06_CTC	tissue_free_text	peripheral blood	file	evidence/PMC13014090.txt		For 7 patients with high CTC levels, paired PB samples were available.	True
MM_06_CTC	mendeley:9kx8hc6h66:MM_06_CTC	tissue_free_text	peripheral blood	file	evidence/PMC13014090_supplementary/BLOOD_BLD-2025-030083-mmc1.pdftotext.txt		MM_6 BMPC+ CTC Purified PCs 55 F 0.458 High 80 2 CCND K YES NO NO NO NO NO NO NO YES NO YES	True
MM_06_CTC	mendeley:9kx8hc6h66:MM_06_CTC	tissue_ontology_term_id	UBERON:0000178	file	evidence/PMC13014090.txt		BM aspirates and paired peripheral blood (PB) were collected from patients with NDMM before starting therapy	True
MM_06_CTC	mendeley:9kx8hc6h66:MM_06_CTC	tissue_ontology_term_id	UBERON:0000178	file	evidence/PMC13014090.txt		For 7 patients with high CTC levels, paired PB samples were available.	True
MM_06_CTC	mendeley:9kx8hc6h66:MM_06_CTC	tissue_type	tissue	file	evidence/PMC13014090.txt		paired bone marrow and blood samples from patients with newly diagnosed multiple myeloma were analyzed by single-cell transcriptomics	True
MM_06_CTC	mendeley:9kx8hc6h66:MM_06_CTC	suspension_type	cell	file	evidence/PMC13014090.txt		Single-cell transcriptomes were generated using Chromium Single-cell 3′ Reagent kit version (v) 3 (10x Genomics).	True
MM_06_CTC	mendeley:9kx8hc6h66:MM_06_CTC	assay	10x 3' v3	file	evidence/PMC13014090.txt		Single-cell transcriptomes were generated using Chromium Single-cell 3′ Reagent kit version (v) 3 (10x Genomics).	True
MM_06_CTC	mendeley:9kx8hc6h66:MM_06_CTC	assay	10x 3' v3	file	evidence/PMC13014090_supplementary/BLOOD_BLD-2025-030083-mmc1.pdftotext.txt		After GEM generation using 3′ Reagent kit v3 (10x Genomics)	True
MM_06_CTC	mendeley:9kx8hc6h66:MM_06_CTC	cell_enrichment	purified plasma cells (FACS sort of PBMCs)	file	evidence/PMC13014090_supplementary/BLOOD_BLD-2025-030083-mmc1.pdftotext.txt		MM_6 BMPC+ CTC Purified PCs 55 F 0.458 High 80 2 CCND K YES NO NO NO NO NO NO NO YES NO YES	True
MM_06_CTC	mendeley:9kx8hc6h66:MM_06_CTC	cell_enrichment	purified plasma cells (FACS sort of PBMCs)	file	evidence/PMC13014090.txt		Viably frozen CD138-positive BM fractions and total PBMCs were thawed	True
MM_06_CTC	mendeley:9kx8hc6h66:MM_06_CTC	cell_enrichment	purified plasma cells (FACS sort of PBMCs)	file	evidence/PMC13014090.txt		sorted on a FACS ARIA II, using DAPI (4′,6-diamidino-2-phenylindole) for dead cell exclusion	True
MM_06_CTC	mendeley:9kx8hc6h66:MM_06_CTC	cell_enrichment	purified plasma cells (FACS sort of PBMCs)	file	evidence/PMC13014090_supplementary/BLOOD_BLD-2025-030083-mmc1.pdftotext.txt		Supplemental Table 2. Flow panel for tumor plasma cell sorting	True
MM_06_CTC	mendeley:9kx8hc6h66:MM_06_CTC	treatment_status	untreated	file	evidence/PMC13014090.txt		BM aspirates and paired peripheral blood (PB) were collected from patients with NDMM before starting therapy	True
MM_06_CTC	mendeley:9kx8hc6h66:MM_06_CTC	treatment_status	untreated	file	evidence/PMC13014090_supplementary/BLOOD_BLD-2025-030083-mmc1.pdftotext.txt		MM_6 BMPC+ CTC Purified PCs 55 F 0.458 High 80 2 CCND K YES NO NO NO NO NO NO NO YES NO YES	True
MM_06_CTC	mendeley:9kx8hc6h66:MM_06_CTC	sample_preservation	cryopreserved	file	evidence/PMC13014090.txt		Viably frozen CD138-positive BM fractions and total PBMCs were thawed	True
MM_06_CTC	mendeley:9kx8hc6h66:MM_06_CTC	sample_preservation	cryopreserved	file	evidence/PMC13014090_supplementary/BLOOD_BLD-2025-030083-mmc1.pdftotext.txt		MM_6 BMPC+ CTC Purified PCs 55 F 0.458 High 80 2 CCND K YES NO NO NO NO NO NO NO YES NO YES	True
MM_07_BM	mendeley:9kx8hc6h66:MM_07_BM	donor_id	MM_7	file	evidence/PMC13014090_supplementary/BLOOD_BLD-2025-030083-mmc1.pdftotext.txt		MM_7 BMPC+ CTC Purified PCs 52 M 0.5 High 95 3 CCND IgA_K NO NO NO NO NO NO YES YES YES YES; IGL_MYC YES	True
MM_07_BM	mendeley:9kx8hc6h66:MM_07_BM	donor_id	MM_7	file	evidence/PMC13014090_supplementary/BLOOD_BLD-2025-030083-mmc1.pdftotext.txt		ID Sample Processing Age Sex CTC (%) CTC level BMPC (%) ISS Genomic group Isotype t(11;14) t(4;14) t(14;16) t(14;_20) t(8;14) del17p amp1q del1p del13q MYC alteration WGS	True
MM_07_BM	mendeley:9kx8hc6h66:MM_07_BM	sex	male	file	evidence/PMC13014090_supplementary/BLOOD_BLD-2025-030083-mmc1.pdftotext.txt		MM_7 BMPC+ CTC Purified PCs 52 M 0.5 High 95 3 CCND IgA_K NO NO NO NO NO NO YES YES YES YES; IGL_MYC YES	True
MM_07_BM	mendeley:9kx8hc6h66:MM_07_BM	sex	male	file	evidence/PMC13014090_supplementary/BLOOD_BLD-2025-030083-mmc1.pdftotext.txt		WGS, whole genome sequencing; M, male; F, female	True
MM_07_BM	mendeley:9kx8hc6h66:MM_07_BM	age	52	file	evidence/PMC13014090_supplementary/BLOOD_BLD-2025-030083-mmc1.pdftotext.txt		MM_7 BMPC+ CTC Purified PCs 52 M 0.5 High 95 3 CCND IgA_K NO NO NO NO NO NO YES YES YES YES; IGL_MYC YES	True
MM_07_BM	mendeley:9kx8hc6h66:MM_07_BM	age	52	file	evidence/PMC13014090_supplementary/BLOOD_BLD-2025-030083-mmc1.pdftotext.txt		ID Sample Processing Age Sex CTC (%) CTC level BMPC (%) ISS Genomic group Isotype t(11;14) t(4;14) t(14;16) t(14;_20) t(8;14) del17p amp1q del1p del13q MYC alteration WGS	True
MM_07_BM	mendeley:9kx8hc6h66:MM_07_BM	disease_free_text	multiple myeloma	file	evidence/PMC13014090.txt		paired bone marrow and blood samples from patients with newly diagnosed multiple myeloma were analyzed by single-cell transcriptomics	True
MM_07_BM	mendeley:9kx8hc6h66:MM_07_BM	disease_free_text	multiple myeloma	file	evidence/PMC13014090_supplementary/BLOOD_BLD-2025-030083-mmc1.pdftotext.txt		Supplemental Table 3. Patient characteristics of our scRNAseq cohort of newly diagnosed multiple myeloma samples (n=25)	True
MM_07_BM	mendeley:9kx8hc6h66:MM_07_BM	disease_stage	newly diagnosed	file	evidence/PMC13014090_supplementary/BLOOD_BLD-2025-030083-mmc1.pdftotext.txt		Supplemental Table 3. Patient characteristics of our scRNAseq cohort of newly diagnosed multiple myeloma samples (n=25)	True
MM_07_BM	mendeley:9kx8hc6h66:MM_07_BM	disease_stage	newly diagnosed	file	evidence/PMC13014090.txt		We generated scRNAseq data from 25 patients with NDMM	True
MM_07_BM	mendeley:9kx8hc6h66:MM_07_BM	tissue_free_text	bone marrow	file	evidence/PMC13014090.txt		paired bone marrow and blood samples from patients with newly diagnosed multiple myeloma were analyzed by single-cell transcriptomics	True
MM_07_BM	mendeley:9kx8hc6h66:MM_07_BM	tissue_free_text	bone marrow	file	evidence/PMC13014090_supplementary/BLOOD_BLD-2025-030083-mmc1.pdftotext.txt		MM_7 BMPC+ CTC Purified PCs 52 M 0.5 High 95 3 CCND IgA_K NO NO NO NO NO NO YES YES YES YES; IGL_MYC YES	True
MM_07_BM	mendeley:9kx8hc6h66:MM_07_BM	tissue_type	tissue	file	evidence/PMC13014090.txt		paired bone marrow and blood samples from patients with newly diagnosed multiple myeloma were analyzed by single-cell transcriptomics	True
MM_07_BM	mendeley:9kx8hc6h66:MM_07_BM	suspension_type	cell	file	evidence/PMC13014090.txt		Single-cell transcriptomes were generated using Chromium Single-cell 3′ Reagent kit version (v) 3 (10x Genomics).	True
MM_07_BM	mendeley:9kx8hc6h66:MM_07_BM	assay	10x 3' v3	file	evidence/PMC13014090.txt		Single-cell transcriptomes were generated using Chromium Single-cell 3′ Reagent kit version (v) 3 (10x Genomics).	True
MM_07_BM	mendeley:9kx8hc6h66:MM_07_BM	assay	10x 3' v3	file	evidence/PMC13014090_supplementary/BLOOD_BLD-2025-030083-mmc1.pdftotext.txt		After GEM generation using 3′ Reagent kit v3 (10x Genomics)	True
MM_07_BM	mendeley:9kx8hc6h66:MM_07_BM	cell_enrichment	purified plasma cells (CD138 positive selection, FACS sort)	file	evidence/PMC13014090_supplementary/BLOOD_BLD-2025-030083-mmc1.pdftotext.txt		MM_7 BMPC+ CTC Purified PCs 52 M 0.5 High 95 3 CCND IgA_K NO NO NO NO NO NO YES YES YES YES; IGL_MYC YES	True
MM_07_BM	mendeley:9kx8hc6h66:MM_07_BM	cell_enrichment	purified plasma cells (CD138 positive selection, FACS sort)	file	evidence/PMC13014090.txt		BM PCs (BMPCs) were purified by EasySep human CD138 Positive Selection kit II (Stemcell) before freezing.	True
MM_07_BM	mendeley:9kx8hc6h66:MM_07_BM	cell_enrichment	purified plasma cells (CD138 positive selection, FACS sort)	file	evidence/PMC13014090.txt		Viably frozen CD138-positive BM fractions and total PBMCs were thawed	True
MM_07_BM	mendeley:9kx8hc6h66:MM_07_BM	cell_enrichment	purified plasma cells (CD138 positive selection, FACS sort)	file	evidence/PMC13014090.txt		sorted on a FACS ARIA II, using DAPI (4′,6-diamidino-2-phenylindole) for dead cell exclusion	True
MM_07_BM	mendeley:9kx8hc6h66:MM_07_BM	cell_enrichment	purified plasma cells (CD138 positive selection, FACS sort)	file	evidence/PMC13014090_supplementary/BLOOD_BLD-2025-030083-mmc1.pdftotext.txt		Supplemental Table 2. Flow panel for tumor plasma cell sorting	True
MM_07_BM	mendeley:9kx8hc6h66:MM_07_BM	treatment_status	untreated	file	evidence/PMC13014090.txt		BM aspirates and paired peripheral blood (PB) were collected from patients with NDMM before starting therapy	True
MM_07_BM	mendeley:9kx8hc6h66:MM_07_BM	treatment_status	untreated	file	evidence/PMC13014090_supplementary/BLOOD_BLD-2025-030083-mmc1.pdftotext.txt		MM_7 BMPC+ CTC Purified PCs 52 M 0.5 High 95 3 CCND IgA_K NO NO NO NO NO NO YES YES YES YES; IGL_MYC YES	True
MM_07_BM	mendeley:9kx8hc6h66:MM_07_BM	sample_preservation	cryopreserved	file	evidence/PMC13014090.txt		Viably frozen CD138-positive BM fractions and total PBMCs were thawed	True
MM_07_BM	mendeley:9kx8hc6h66:MM_07_BM	sample_preservation	cryopreserved	file	evidence/PMC13014090_supplementary/BLOOD_BLD-2025-030083-mmc1.pdftotext.txt		MM_7 BMPC+ CTC Purified PCs 52 M 0.5 High 95 3 CCND IgA_K NO NO NO NO NO NO YES YES YES YES; IGL_MYC YES	True
MM_07_CTC	mendeley:9kx8hc6h66:MM_07_CTC	donor_id	MM_7	file	evidence/PMC13014090_supplementary/BLOOD_BLD-2025-030083-mmc1.pdftotext.txt		MM_7 BMPC+ CTC Purified PCs 52 M 0.5 High 95 3 CCND IgA_K NO NO NO NO NO NO YES YES YES YES; IGL_MYC YES	True
MM_07_CTC	mendeley:9kx8hc6h66:MM_07_CTC	donor_id	MM_7	file	evidence/PMC13014090_supplementary/BLOOD_BLD-2025-030083-mmc1.pdftotext.txt		ID Sample Processing Age Sex CTC (%) CTC level BMPC (%) ISS Genomic group Isotype t(11;14) t(4;14) t(14;16) t(14;_20) t(8;14) del17p amp1q del1p del13q MYC alteration WGS	True
MM_07_CTC	mendeley:9kx8hc6h66:MM_07_CTC	sex	male	file	evidence/PMC13014090_supplementary/BLOOD_BLD-2025-030083-mmc1.pdftotext.txt		MM_7 BMPC+ CTC Purified PCs 52 M 0.5 High 95 3 CCND IgA_K NO NO NO NO NO NO YES YES YES YES; IGL_MYC YES	True
MM_07_CTC	mendeley:9kx8hc6h66:MM_07_CTC	sex	male	file	evidence/PMC13014090_supplementary/BLOOD_BLD-2025-030083-mmc1.pdftotext.txt		WGS, whole genome sequencing; M, male; F, female	True
MM_07_CTC	mendeley:9kx8hc6h66:MM_07_CTC	age	52	file	evidence/PMC13014090_supplementary/BLOOD_BLD-2025-030083-mmc1.pdftotext.txt		MM_7 BMPC+ CTC Purified PCs 52 M 0.5 High 95 3 CCND IgA_K NO NO NO NO NO NO YES YES YES YES; IGL_MYC YES	True
MM_07_CTC	mendeley:9kx8hc6h66:MM_07_CTC	age	52	file	evidence/PMC13014090_supplementary/BLOOD_BLD-2025-030083-mmc1.pdftotext.txt		ID Sample Processing Age Sex CTC (%) CTC level BMPC (%) ISS Genomic group Isotype t(11;14) t(4;14) t(14;16) t(14;_20) t(8;14) del17p amp1q del1p del13q MYC alteration WGS	True
MM_07_CTC	mendeley:9kx8hc6h66:MM_07_CTC	disease_free_text	multiple myeloma	file	evidence/PMC13014090.txt		paired bone marrow and blood samples from patients with newly diagnosed multiple myeloma were analyzed by single-cell transcriptomics	True
MM_07_CTC	mendeley:9kx8hc6h66:MM_07_CTC	disease_free_text	multiple myeloma	file	evidence/PMC13014090_supplementary/BLOOD_BLD-2025-030083-mmc1.pdftotext.txt		Supplemental Table 3. Patient characteristics of our scRNAseq cohort of newly diagnosed multiple myeloma samples (n=25)	True
MM_07_CTC	mendeley:9kx8hc6h66:MM_07_CTC	disease_stage	newly diagnosed	file	evidence/PMC13014090_supplementary/BLOOD_BLD-2025-030083-mmc1.pdftotext.txt		Supplemental Table 3. Patient characteristics of our scRNAseq cohort of newly diagnosed multiple myeloma samples (n=25)	True
MM_07_CTC	mendeley:9kx8hc6h66:MM_07_CTC	disease_stage	newly diagnosed	file	evidence/PMC13014090.txt		We generated scRNAseq data from 25 patients with NDMM	True
MM_07_CTC	mendeley:9kx8hc6h66:MM_07_CTC	tissue_free_text	peripheral blood	file	evidence/PMC13014090.txt		BM aspirates and paired peripheral blood (PB) were collected from patients with NDMM before starting therapy	True
MM_07_CTC	mendeley:9kx8hc6h66:MM_07_CTC	tissue_free_text	peripheral blood	file	evidence/PMC13014090.txt		For 7 patients with high CTC levels, paired PB samples were available.	True
MM_07_CTC	mendeley:9kx8hc6h66:MM_07_CTC	tissue_free_text	peripheral blood	file	evidence/PMC13014090_supplementary/BLOOD_BLD-2025-030083-mmc1.pdftotext.txt		MM_7 BMPC+ CTC Purified PCs 52 M 0.5 High 95 3 CCND IgA_K NO NO NO NO NO NO YES YES YES YES; IGL_MYC YES	True
MM_07_CTC	mendeley:9kx8hc6h66:MM_07_CTC	tissue_ontology_term_id	UBERON:0000178	file	evidence/PMC13014090.txt		BM aspirates and paired peripheral blood (PB) were collected from patients with NDMM before starting therapy	True
MM_07_CTC	mendeley:9kx8hc6h66:MM_07_CTC	tissue_ontology_term_id	UBERON:0000178	file	evidence/PMC13014090.txt		For 7 patients with high CTC levels, paired PB samples were available.	True
MM_07_CTC	mendeley:9kx8hc6h66:MM_07_CTC	tissue_type	tissue	file	evidence/PMC13014090.txt		paired bone marrow and blood samples from patients with newly diagnosed multiple myeloma were analyzed by single-cell transcriptomics	True
MM_07_CTC	mendeley:9kx8hc6h66:MM_07_CTC	suspension_type	cell	file	evidence/PMC13014090.txt		Single-cell transcriptomes were generated using Chromium Single-cell 3′ Reagent kit version (v) 3 (10x Genomics).	True
MM_07_CTC	mendeley:9kx8hc6h66:MM_07_CTC	assay	10x 3' v3	file	evidence/PMC13014090.txt		Single-cell transcriptomes were generated using Chromium Single-cell 3′ Reagent kit version (v) 3 (10x Genomics).	True
MM_07_CTC	mendeley:9kx8hc6h66:MM_07_CTC	assay	10x 3' v3	file	evidence/PMC13014090_supplementary/BLOOD_BLD-2025-030083-mmc1.pdftotext.txt		After GEM generation using 3′ Reagent kit v3 (10x Genomics)	True
MM_07_CTC	mendeley:9kx8hc6h66:MM_07_CTC	cell_enrichment	purified plasma cells (FACS sort of PBMCs)	file	evidence/PMC13014090_supplementary/BLOOD_BLD-2025-030083-mmc1.pdftotext.txt		MM_7 BMPC+ CTC Purified PCs 52 M 0.5 High 95 3 CCND IgA_K NO NO NO NO NO NO YES YES YES YES; IGL_MYC YES	True
MM_07_CTC	mendeley:9kx8hc6h66:MM_07_CTC	cell_enrichment	purified plasma cells (FACS sort of PBMCs)	file	evidence/PMC13014090.txt		Viably frozen CD138-positive BM fractions and total PBMCs were thawed	True
MM_07_CTC	mendeley:9kx8hc6h66:MM_07_CTC	cell_enrichment	purified plasma cells (FACS sort of PBMCs)	file	evidence/PMC13014090.txt		sorted on a FACS ARIA II, using DAPI (4′,6-diamidino-2-phenylindole) for dead cell exclusion	True
MM_07_CTC	mendeley:9kx8hc6h66:MM_07_CTC	cell_enrichment	purified plasma cells (FACS sort of PBMCs)	file	evidence/PMC13014090_supplementary/BLOOD_BLD-2025-030083-mmc1.pdftotext.txt		Supplemental Table 2. Flow panel for tumor plasma cell sorting	True
MM_07_CTC	mendeley:9kx8hc6h66:MM_07_CTC	treatment_status	untreated	file	evidence/PMC13014090.txt		BM aspirates and paired peripheral blood (PB) were collected from patients with NDMM before starting therapy	True
MM_07_CTC	mendeley:9kx8hc6h66:MM_07_CTC	treatment_status	untreated	file	evidence/PMC13014090_supplementary/BLOOD_BLD-2025-030083-mmc1.pdftotext.txt		MM_7 BMPC+ CTC Purified PCs 52 M 0.5 High 95 3 CCND IgA_K NO NO NO NO NO NO YES YES YES YES; IGL_MYC YES	True
MM_07_CTC	mendeley:9kx8hc6h66:MM_07_CTC	sample_preservation	cryopreserved	file	evidence/PMC13014090.txt		Viably frozen CD138-positive BM fractions and total PBMCs were thawed	True
MM_07_CTC	mendeley:9kx8hc6h66:MM_07_CTC	sample_preservation	cryopreserved	file	evidence/PMC13014090_supplementary/BLOOD_BLD-2025-030083-mmc1.pdftotext.txt		MM_7 BMPC+ CTC Purified PCs 52 M 0.5 High 95 3 CCND IgA_K NO NO NO NO NO NO YES YES YES YES; IGL_MYC YES	True
MM_08_BM	mendeley:9kx8hc6h66:MM_08_BM	donor_id	MM_8	file	evidence/PMC13014090_supplementary/BLOOD_BLD-2025-030083-mmc1.pdftotext.txt		MM_8 BMPC CD38+ cells 58 F 22.4 High 30 3 HD IgG_K NO NO NO NO YES YES NO NO YES YES; IGH_MYC YES	True
MM_08_BM	mendeley:9kx8hc6h66:MM_08_BM	donor_id	MM_8	file	evidence/PMC13014090_supplementary/BLOOD_BLD-2025-030083-mmc1.pdftotext.txt		ID Sample Processing Age Sex CTC (%) CTC level BMPC (%) ISS Genomic group Isotype t(11;14) t(4;14) t(14;16) t(14;_20) t(8;14) del17p amp1q del1p del13q MYC alteration WGS	True
MM_08_BM	mendeley:9kx8hc6h66:MM_08_BM	sex	female	file	evidence/PMC13014090_supplementary/BLOOD_BLD-2025-030083-mmc1.pdftotext.txt		MM_8 BMPC CD38+ cells 58 F 22.4 High 30 3 HD IgG_K NO NO NO NO YES YES NO NO YES YES; IGH_MYC YES	True
MM_08_BM	mendeley:9kx8hc6h66:MM_08_BM	sex	female	file	evidence/PMC13014090_supplementary/BLOOD_BLD-2025-030083-mmc1.pdftotext.txt		WGS, whole genome sequencing; M, male; F, female	True
MM_08_BM	mendeley:9kx8hc6h66:MM_08_BM	age	58	file	evidence/PMC13014090_supplementary/BLOOD_BLD-2025-030083-mmc1.pdftotext.txt		MM_8 BMPC CD38+ cells 58 F 22.4 High 30 3 HD IgG_K NO NO NO NO YES YES NO NO YES YES; IGH_MYC YES	True
MM_08_BM	mendeley:9kx8hc6h66:MM_08_BM	age	58	file	evidence/PMC13014090_supplementary/BLOOD_BLD-2025-030083-mmc1.pdftotext.txt		ID Sample Processing Age Sex CTC (%) CTC level BMPC (%) ISS Genomic group Isotype t(11;14) t(4;14) t(14;16) t(14;_20) t(8;14) del17p amp1q del1p del13q MYC alteration WGS	True
MM_08_BM	mendeley:9kx8hc6h66:MM_08_BM	disease_free_text	multiple myeloma	file	evidence/PMC13014090.txt		paired bone marrow and blood samples from patients with newly diagnosed multiple myeloma were analyzed by single-cell transcriptomics	True
MM_08_BM	mendeley:9kx8hc6h66:MM_08_BM	disease_free_text	multiple myeloma	file	evidence/PMC13014090_supplementary/BLOOD_BLD-2025-030083-mmc1.pdftotext.txt		Supplemental Table 3. Patient characteristics of our scRNAseq cohort of newly diagnosed multiple myeloma samples (n=25)	True
MM_08_BM	mendeley:9kx8hc6h66:MM_08_BM	disease_stage	newly diagnosed	file	evidence/PMC13014090_supplementary/BLOOD_BLD-2025-030083-mmc1.pdftotext.txt		Supplemental Table 3. Patient characteristics of our scRNAseq cohort of newly diagnosed multiple myeloma samples (n=25)	True
MM_08_BM	mendeley:9kx8hc6h66:MM_08_BM	disease_stage	newly diagnosed	file	evidence/PMC13014090.txt		We generated scRNAseq data from 25 patients with NDMM	True
MM_08_BM	mendeley:9kx8hc6h66:MM_08_BM	tissue_free_text	bone marrow	file	evidence/PMC13014090.txt		paired bone marrow and blood samples from patients with newly diagnosed multiple myeloma were analyzed by single-cell transcriptomics	True
MM_08_BM	mendeley:9kx8hc6h66:MM_08_BM	tissue_free_text	bone marrow	file	evidence/PMC13014090_supplementary/BLOOD_BLD-2025-030083-mmc1.pdftotext.txt		MM_8 BMPC CD38+ cells 58 F 22.4 High 30 3 HD IgG_K NO NO NO NO YES YES NO NO YES YES; IGH_MYC YES	True
MM_08_BM	mendeley:9kx8hc6h66:MM_08_BM	tissue_type	tissue	file	evidence/PMC13014090.txt		paired bone marrow and blood samples from patients with newly diagnosed multiple myeloma were analyzed by single-cell transcriptomics	True
MM_08_BM	mendeley:9kx8hc6h66:MM_08_BM	suspension_type	cell	file	evidence/PMC13014090.txt		Single-cell transcriptomes were generated using Chromium Single-cell 3′ Reagent kit version (v) 3 (10x Genomics).	True
MM_08_BM	mendeley:9kx8hc6h66:MM_08_BM	assay	10x 3' v3	file	evidence/PMC13014090.txt		Single-cell transcriptomes were generated using Chromium Single-cell 3′ Reagent kit version (v) 3 (10x Genomics).	True
MM_08_BM	mendeley:9kx8hc6h66:MM_08_BM	assay	10x 3' v3	file	evidence/PMC13014090_supplementary/BLOOD_BLD-2025-030083-mmc1.pdftotext.txt		After GEM generation using 3′ Reagent kit v3 (10x Genomics)	True
MM_08_BM	mendeley:9kx8hc6h66:MM_08_BM	cell_enrichment	CD38+ cells	file	evidence/PMC13014090_supplementary/BLOOD_BLD-2025-030083-mmc1.pdftotext.txt		MM_8 BMPC CD38+ cells 58 F 22.4 High 30 3 HD IgG_K NO NO NO NO YES YES NO NO YES YES; IGH_MYC YES	True
MM_08_BM	mendeley:9kx8hc6h66:MM_08_BM	cell_enrichment	CD38+ cells	file	evidence/PMC13014090.txt		For 20 patients, PCs were extracted from a previously published data set of CD38 + CD34 − BM mononuclear cells	True
MM_09_BM	mendeley:9kx8hc6h66:MM_09_BM	donor_id	MM_9	file	evidence/PMC13014090_supplementary/BLOOD_BLD-2025-030083-mmc1.pdftotext.txt		MM_9 BMPC CD38+ cells 61 M 0.06 Low 40 2 HD IgG_K NO NO NO NO NO NO NO NO YES NO YES	True
MM_09_BM	mendeley:9kx8hc6h66:MM_09_BM	donor_id	MM_9	file	evidence/PMC13014090_supplementary/BLOOD_BLD-2025-030083-mmc1.pdftotext.txt		ID Sample Processing Age Sex CTC (%) CTC level BMPC (%) ISS Genomic group Isotype t(11;14) t(4;14) t(14;16) t(14;_20) t(8;14) del17p amp1q del1p del13q MYC alteration WGS	True
MM_09_BM	mendeley:9kx8hc6h66:MM_09_BM	sex	male	file	evidence/PMC13014090_supplementary/BLOOD_BLD-2025-030083-mmc1.pdftotext.txt		MM_9 BMPC CD38+ cells 61 M 0.06 Low 40 2 HD IgG_K NO NO NO NO NO NO NO NO YES NO YES	True
MM_09_BM	mendeley:9kx8hc6h66:MM_09_BM	sex	male	file	evidence/PMC13014090_supplementary/BLOOD_BLD-2025-030083-mmc1.pdftotext.txt		WGS, whole genome sequencing; M, male; F, female	True
MM_09_BM	mendeley:9kx8hc6h66:MM_09_BM	age	61	file	evidence/PMC13014090_supplementary/BLOOD_BLD-2025-030083-mmc1.pdftotext.txt		MM_9 BMPC CD38+ cells 61 M 0.06 Low 40 2 HD IgG_K NO NO NO NO NO NO NO NO YES NO YES	True
MM_09_BM	mendeley:9kx8hc6h66:MM_09_BM	age	61	file	evidence/PMC13014090_supplementary/BLOOD_BLD-2025-030083-mmc1.pdftotext.txt		ID Sample Processing Age Sex CTC (%) CTC level BMPC (%) ISS Genomic group Isotype t(11;14) t(4;14) t(14;16) t(14;_20) t(8;14) del17p amp1q del1p del13q MYC alteration WGS	True
MM_09_BM	mendeley:9kx8hc6h66:MM_09_BM	disease_free_text	multiple myeloma	file	evidence/PMC13014090.txt		paired bone marrow and blood samples from patients with newly diagnosed multiple myeloma were analyzed by single-cell transcriptomics	True
MM_09_BM	mendeley:9kx8hc6h66:MM_09_BM	disease_free_text	multiple myeloma	file	evidence/PMC13014090_supplementary/BLOOD_BLD-2025-030083-mmc1.pdftotext.txt		Supplemental Table 3. Patient characteristics of our scRNAseq cohort of newly diagnosed multiple myeloma samples (n=25)	True
MM_09_BM	mendeley:9kx8hc6h66:MM_09_BM	disease_stage	newly diagnosed	file	evidence/PMC13014090_supplementary/BLOOD_BLD-2025-030083-mmc1.pdftotext.txt		Supplemental Table 3. Patient characteristics of our scRNAseq cohort of newly diagnosed multiple myeloma samples (n=25)	True
MM_09_BM	mendeley:9kx8hc6h66:MM_09_BM	disease_stage	newly diagnosed	file	evidence/PMC13014090.txt		We generated scRNAseq data from 25 patients with NDMM	True
MM_09_BM	mendeley:9kx8hc6h66:MM_09_BM	tissue_free_text	bone marrow	file	evidence/PMC13014090.txt		paired bone marrow and blood samples from patients with newly diagnosed multiple myeloma were analyzed by single-cell transcriptomics	True
MM_09_BM	mendeley:9kx8hc6h66:MM_09_BM	tissue_free_text	bone marrow	file	evidence/PMC13014090_supplementary/BLOOD_BLD-2025-030083-mmc1.pdftotext.txt		MM_9 BMPC CD38+ cells 61 M 0.06 Low 40 2 HD IgG_K NO NO NO NO NO NO NO NO YES NO YES	True
MM_09_BM	mendeley:9kx8hc6h66:MM_09_BM	tissue_type	tissue	file	evidence/PMC13014090.txt		paired bone marrow and blood samples from patients with newly diagnosed multiple myeloma were analyzed by single-cell transcriptomics	True
MM_09_BM	mendeley:9kx8hc6h66:MM_09_BM	suspension_type	cell	file	evidence/PMC13014090.txt		Single-cell transcriptomes were generated using Chromium Single-cell 3′ Reagent kit version (v) 3 (10x Genomics).	True
MM_09_BM	mendeley:9kx8hc6h66:MM_09_BM	assay	10x 3' v3	file	evidence/PMC13014090.txt		Single-cell transcriptomes were generated using Chromium Single-cell 3′ Reagent kit version (v) 3 (10x Genomics).	True
MM_09_BM	mendeley:9kx8hc6h66:MM_09_BM	assay	10x 3' v3	file	evidence/PMC13014090_supplementary/BLOOD_BLD-2025-030083-mmc1.pdftotext.txt		After GEM generation using 3′ Reagent kit v3 (10x Genomics)	True
MM_09_BM	mendeley:9kx8hc6h66:MM_09_BM	cell_enrichment	CD38+ cells	file	evidence/PMC13014090_supplementary/BLOOD_BLD-2025-030083-mmc1.pdftotext.txt		MM_9 BMPC CD38+ cells 61 M 0.06 Low 40 2 HD IgG_K NO NO NO NO NO NO NO NO YES NO YES	True
MM_09_BM	mendeley:9kx8hc6h66:MM_09_BM	cell_enrichment	CD38+ cells	file	evidence/PMC13014090.txt		For 20 patients, PCs were extracted from a previously published data set of CD38 + CD34 − BM mononuclear cells	True
MM_10_BM	mendeley:9kx8hc6h66:MM_10_BM	donor_id	MM_10	file	evidence/PMC13014090_supplementary/BLOOD_BLD-2025-030083-mmc1.pdftotext.txt		MM_10 BMPC CD38+ cells 63 M 0.0228 Low 31 2 HD IgG_K NO NO NO NO NO NO NO NO NO NO YES	True
MM_10_BM	mendeley:9kx8hc6h66:MM_10_BM	donor_id	MM_10	file	evidence/PMC13014090_supplementary/BLOOD_BLD-2025-030083-mmc1.pdftotext.txt		ID Sample Processing Age Sex CTC (%) CTC level BMPC (%) ISS Genomic group Isotype t(11;14) t(4;14) t(14;16) t(14;_20) t(8;14) del17p amp1q del1p del13q MYC alteration WGS	True
MM_10_BM	mendeley:9kx8hc6h66:MM_10_BM	sex	male	file	evidence/PMC13014090_supplementary/BLOOD_BLD-2025-030083-mmc1.pdftotext.txt		MM_10 BMPC CD38+ cells 63 M 0.0228 Low 31 2 HD IgG_K NO NO NO NO NO NO NO NO NO NO YES	True
MM_10_BM	mendeley:9kx8hc6h66:MM_10_BM	sex	male	file	evidence/PMC13014090_supplementary/BLOOD_BLD-2025-030083-mmc1.pdftotext.txt		WGS, whole genome sequencing; M, male; F, female	True
MM_10_BM	mendeley:9kx8hc6h66:MM_10_BM	age	63	file	evidence/PMC13014090_supplementary/BLOOD_BLD-2025-030083-mmc1.pdftotext.txt		MM_10 BMPC CD38+ cells 63 M 0.0228 Low 31 2 HD IgG_K NO NO NO NO NO NO NO NO NO NO YES	True
MM_10_BM	mendeley:9kx8hc6h66:MM_10_BM	age	63	file	evidence/PMC13014090_supplementary/BLOOD_BLD-2025-030083-mmc1.pdftotext.txt		ID Sample Processing Age Sex CTC (%) CTC level BMPC (%) ISS Genomic group Isotype t(11;14) t(4;14) t(14;16) t(14;_20) t(8;14) del17p amp1q del1p del13q MYC alteration WGS	True
MM_10_BM	mendeley:9kx8hc6h66:MM_10_BM	disease_free_text	multiple myeloma	file	evidence/PMC13014090.txt		paired bone marrow and blood samples from patients with newly diagnosed multiple myeloma were analyzed by single-cell transcriptomics	True
MM_10_BM	mendeley:9kx8hc6h66:MM_10_BM	disease_free_text	multiple myeloma	file	evidence/PMC13014090_supplementary/BLOOD_BLD-2025-030083-mmc1.pdftotext.txt		Supplemental Table 3. Patient characteristics of our scRNAseq cohort of newly diagnosed multiple myeloma samples (n=25)	True
MM_10_BM	mendeley:9kx8hc6h66:MM_10_BM	disease_stage	newly diagnosed	file	evidence/PMC13014090_supplementary/BLOOD_BLD-2025-030083-mmc1.pdftotext.txt		Supplemental Table 3. Patient characteristics of our scRNAseq cohort of newly diagnosed multiple myeloma samples (n=25)	True
MM_10_BM	mendeley:9kx8hc6h66:MM_10_BM	disease_stage	newly diagnosed	file	evidence/PMC13014090.txt		We generated scRNAseq data from 25 patients with NDMM	True
MM_10_BM	mendeley:9kx8hc6h66:MM_10_BM	tissue_free_text	bone marrow	file	evidence/PMC13014090.txt		paired bone marrow and blood samples from patients with newly diagnosed multiple myeloma were analyzed by single-cell transcriptomics	True
MM_10_BM	mendeley:9kx8hc6h66:MM_10_BM	tissue_free_text	bone marrow	file	evidence/PMC13014090_supplementary/BLOOD_BLD-2025-030083-mmc1.pdftotext.txt		MM_10 BMPC CD38+ cells 63 M 0.0228 Low 31 2 HD IgG_K NO NO NO NO NO NO NO NO NO NO YES	True
MM_10_BM	mendeley:9kx8hc6h66:MM_10_BM	tissue_type	tissue	file	evidence/PMC13014090.txt		paired bone marrow and blood samples from patients with newly diagnosed multiple myeloma were analyzed by single-cell transcriptomics	True
MM_10_BM	mendeley:9kx8hc6h66:MM_10_BM	suspension_type	cell	file	evidence/PMC13014090.txt		Single-cell transcriptomes were generated using Chromium Single-cell 3′ Reagent kit version (v) 3 (10x Genomics).	True
MM_10_BM	mendeley:9kx8hc6h66:MM_10_BM	assay	10x 3' v3	file	evidence/PMC13014090.txt		Single-cell transcriptomes were generated using Chromium Single-cell 3′ Reagent kit version (v) 3 (10x Genomics).	True
MM_10_BM	mendeley:9kx8hc6h66:MM_10_BM	assay	10x 3' v3	file	evidence/PMC13014090_supplementary/BLOOD_BLD-2025-030083-mmc1.pdftotext.txt		After GEM generation using 3′ Reagent kit v3 (10x Genomics)	True
MM_10_BM	mendeley:9kx8hc6h66:MM_10_BM	cell_enrichment	CD38+ cells	file	evidence/PMC13014090_supplementary/BLOOD_BLD-2025-030083-mmc1.pdftotext.txt		MM_10 BMPC CD38+ cells 63 M 0.0228 Low 31 2 HD IgG_K NO NO NO NO NO NO NO NO NO NO YES	True
MM_10_BM	mendeley:9kx8hc6h66:MM_10_BM	cell_enrichment	CD38+ cells	file	evidence/PMC13014090.txt		For 20 patients, PCs were extracted from a previously published data set of CD38 + CD34 − BM mononuclear cells	True
MM_11_BM	mendeley:9kx8hc6h66:MM_11_BM	donor_id	MM_11	file	evidence/PMC13014090_supplementary/BLOOD_BLD-2025-030083-mmc1.pdftotext.txt		MM_11 BMPC CD38+ cells 59 M 0.0006 Low 50 1 HD IgG_K NO NO NO NO NO NO NO NO NO YES; IGK_MYC YES	True
MM_11_BM	mendeley:9kx8hc6h66:MM_11_BM	donor_id	MM_11	file	evidence/PMC13014090_supplementary/BLOOD_BLD-2025-030083-mmc1.pdftotext.txt		ID Sample Processing Age Sex CTC (%) CTC level BMPC (%) ISS Genomic group Isotype t(11;14) t(4;14) t(14;16) t(14;_20) t(8;14) del17p amp1q del1p del13q MYC alteration WGS	True
MM_11_BM	mendeley:9kx8hc6h66:MM_11_BM	sex	male	file	evidence/PMC13014090_supplementary/BLOOD_BLD-2025-030083-mmc1.pdftotext.txt		MM_11 BMPC CD38+ cells 59 M 0.0006 Low 50 1 HD IgG_K NO NO NO NO NO NO NO NO NO YES; IGK_MYC YES	True
MM_11_BM	mendeley:9kx8hc6h66:MM_11_BM	sex	male	file	evidence/PMC13014090_supplementary/BLOOD_BLD-2025-030083-mmc1.pdftotext.txt		WGS, whole genome sequencing; M, male; F, female	True
MM_11_BM	mendeley:9kx8hc6h66:MM_11_BM	age	59	file	evidence/PMC13014090_supplementary/BLOOD_BLD-2025-030083-mmc1.pdftotext.txt		MM_11 BMPC CD38+ cells 59 M 0.0006 Low 50 1 HD IgG_K NO NO NO NO NO NO NO NO NO YES; IGK_MYC YES	True
MM_11_BM	mendeley:9kx8hc6h66:MM_11_BM	age	59	file	evidence/PMC13014090_supplementary/BLOOD_BLD-2025-030083-mmc1.pdftotext.txt		ID Sample Processing Age Sex CTC (%) CTC level BMPC (%) ISS Genomic group Isotype t(11;14) t(4;14) t(14;16) t(14;_20) t(8;14) del17p amp1q del1p del13q MYC alteration WGS	True
MM_11_BM	mendeley:9kx8hc6h66:MM_11_BM	disease_free_text	multiple myeloma	file	evidence/PMC13014090.txt		paired bone marrow and blood samples from patients with newly diagnosed multiple myeloma were analyzed by single-cell transcriptomics	True
MM_11_BM	mendeley:9kx8hc6h66:MM_11_BM	disease_free_text	multiple myeloma	file	evidence/PMC13014090_supplementary/BLOOD_BLD-2025-030083-mmc1.pdftotext.txt		Supplemental Table 3. Patient characteristics of our scRNAseq cohort of newly diagnosed multiple myeloma samples (n=25)	True
MM_11_BM	mendeley:9kx8hc6h66:MM_11_BM	disease_stage	newly diagnosed	file	evidence/PMC13014090_supplementary/BLOOD_BLD-2025-030083-mmc1.pdftotext.txt		Supplemental Table 3. Patient characteristics of our scRNAseq cohort of newly diagnosed multiple myeloma samples (n=25)	True
MM_11_BM	mendeley:9kx8hc6h66:MM_11_BM	disease_stage	newly diagnosed	file	evidence/PMC13014090.txt		We generated scRNAseq data from 25 patients with NDMM	True
MM_11_BM	mendeley:9kx8hc6h66:MM_11_BM	tissue_free_text	bone marrow	file	evidence/PMC13014090.txt		paired bone marrow and blood samples from patients with newly diagnosed multiple myeloma were analyzed by single-cell transcriptomics	True
MM_11_BM	mendeley:9kx8hc6h66:MM_11_BM	tissue_free_text	bone marrow	file	evidence/PMC13014090_supplementary/BLOOD_BLD-2025-030083-mmc1.pdftotext.txt		MM_11 BMPC CD38+ cells 59 M 0.0006 Low 50 1 HD IgG_K NO NO NO NO NO NO NO NO NO YES; IGK_MYC YES	True
MM_11_BM	mendeley:9kx8hc6h66:MM_11_BM	tissue_type	tissue	file	evidence/PMC13014090.txt		paired bone marrow and blood samples from patients with newly diagnosed multiple myeloma were analyzed by single-cell transcriptomics	True
MM_11_BM	mendeley:9kx8hc6h66:MM_11_BM	suspension_type	cell	file	evidence/PMC13014090.txt		Single-cell transcriptomes were generated using Chromium Single-cell 3′ Reagent kit version (v) 3 (10x Genomics).	True
MM_11_BM	mendeley:9kx8hc6h66:MM_11_BM	assay	10x 3' v3	file	evidence/PMC13014090.txt		Single-cell transcriptomes were generated using Chromium Single-cell 3′ Reagent kit version (v) 3 (10x Genomics).	True
MM_11_BM	mendeley:9kx8hc6h66:MM_11_BM	assay	10x 3' v3	file	evidence/PMC13014090_supplementary/BLOOD_BLD-2025-030083-mmc1.pdftotext.txt		After GEM generation using 3′ Reagent kit v3 (10x Genomics)	True
MM_11_BM	mendeley:9kx8hc6h66:MM_11_BM	cell_enrichment	CD38+ cells	file	evidence/PMC13014090_supplementary/BLOOD_BLD-2025-030083-mmc1.pdftotext.txt		MM_11 BMPC CD38+ cells 59 M 0.0006 Low 50 1 HD IgG_K NO NO NO NO NO NO NO NO NO YES; IGK_MYC YES	True
MM_11_BM	mendeley:9kx8hc6h66:MM_11_BM	cell_enrichment	CD38+ cells	file	evidence/PMC13014090.txt		For 20 patients, PCs were extracted from a previously published data set of CD38 + CD34 − BM mononuclear cells	True
MM_12_BM	mendeley:9kx8hc6h66:MM_12_BM	donor_id	MM_12	file	evidence/PMC13014090_supplementary/BLOOD_BLD-2025-030083-mmc1.pdftotext.txt		MM_12 BMPC CD38+ cells 64 M 0.0007 Low 12 1 HD IgG_L NO NO NO NO NO NO NO NO NO NO YES	True
MM_12_BM	mendeley:9kx8hc6h66:MM_12_BM	donor_id	MM_12	file	evidence/PMC13014090_supplementary/BLOOD_BLD-2025-030083-mmc1.pdftotext.txt		ID Sample Processing Age Sex CTC (%) CTC level BMPC (%) ISS Genomic group Isotype t(11;14) t(4;14) t(14;16) t(14;_20) t(8;14) del17p amp1q del1p del13q MYC alteration WGS	True
MM_12_BM	mendeley:9kx8hc6h66:MM_12_BM	sex	male	file	evidence/PMC13014090_supplementary/BLOOD_BLD-2025-030083-mmc1.pdftotext.txt		MM_12 BMPC CD38+ cells 64 M 0.0007 Low 12 1 HD IgG_L NO NO NO NO NO NO NO NO NO NO YES	True
MM_12_BM	mendeley:9kx8hc6h66:MM_12_BM	sex	male	file	evidence/PMC13014090_supplementary/BLOOD_BLD-2025-030083-mmc1.pdftotext.txt		WGS, whole genome sequencing; M, male; F, female	True
MM_12_BM	mendeley:9kx8hc6h66:MM_12_BM	age	64	file	evidence/PMC13014090_supplementary/BLOOD_BLD-2025-030083-mmc1.pdftotext.txt		MM_12 BMPC CD38+ cells 64 M 0.0007 Low 12 1 HD IgG_L NO NO NO NO NO NO NO NO NO NO YES	True
MM_12_BM	mendeley:9kx8hc6h66:MM_12_BM	age	64	file	evidence/PMC13014090_supplementary/BLOOD_BLD-2025-030083-mmc1.pdftotext.txt		ID Sample Processing Age Sex CTC (%) CTC level BMPC (%) ISS Genomic group Isotype t(11;14) t(4;14) t(14;16) t(14;_20) t(8;14) del17p amp1q del1p del13q MYC alteration WGS	True
MM_12_BM	mendeley:9kx8hc6h66:MM_12_BM	disease_free_text	multiple myeloma	file	evidence/PMC13014090.txt		paired bone marrow and blood samples from patients with newly diagnosed multiple myeloma were analyzed by single-cell transcriptomics	True
MM_12_BM	mendeley:9kx8hc6h66:MM_12_BM	disease_free_text	multiple myeloma	file	evidence/PMC13014090_supplementary/BLOOD_BLD-2025-030083-mmc1.pdftotext.txt		Supplemental Table 3. Patient characteristics of our scRNAseq cohort of newly diagnosed multiple myeloma samples (n=25)	True
MM_12_BM	mendeley:9kx8hc6h66:MM_12_BM	disease_stage	newly diagnosed	file	evidence/PMC13014090_supplementary/BLOOD_BLD-2025-030083-mmc1.pdftotext.txt		Supplemental Table 3. Patient characteristics of our scRNAseq cohort of newly diagnosed multiple myeloma samples (n=25)	True
MM_12_BM	mendeley:9kx8hc6h66:MM_12_BM	disease_stage	newly diagnosed	file	evidence/PMC13014090.txt		We generated scRNAseq data from 25 patients with NDMM	True
MM_12_BM	mendeley:9kx8hc6h66:MM_12_BM	tissue_free_text	bone marrow	file	evidence/PMC13014090.txt		paired bone marrow and blood samples from patients with newly diagnosed multiple myeloma were analyzed by single-cell transcriptomics	True
MM_12_BM	mendeley:9kx8hc6h66:MM_12_BM	tissue_free_text	bone marrow	file	evidence/PMC13014090_supplementary/BLOOD_BLD-2025-030083-mmc1.pdftotext.txt		MM_12 BMPC CD38+ cells 64 M 0.0007 Low 12 1 HD IgG_L NO NO NO NO NO NO NO NO NO NO YES	True
MM_12_BM	mendeley:9kx8hc6h66:MM_12_BM	tissue_type	tissue	file	evidence/PMC13014090.txt		paired bone marrow and blood samples from patients with newly diagnosed multiple myeloma were analyzed by single-cell transcriptomics	True
MM_12_BM	mendeley:9kx8hc6h66:MM_12_BM	suspension_type	cell	file	evidence/PMC13014090.txt		Single-cell transcriptomes were generated using Chromium Single-cell 3′ Reagent kit version (v) 3 (10x Genomics).	True
MM_12_BM	mendeley:9kx8hc6h66:MM_12_BM	assay	10x 3' v3	file	evidence/PMC13014090.txt		Single-cell transcriptomes were generated using Chromium Single-cell 3′ Reagent kit version (v) 3 (10x Genomics).	True
MM_12_BM	mendeley:9kx8hc6h66:MM_12_BM	assay	10x 3' v3	file	evidence/PMC13014090_supplementary/BLOOD_BLD-2025-030083-mmc1.pdftotext.txt		After GEM generation using 3′ Reagent kit v3 (10x Genomics)	True
MM_12_BM	mendeley:9kx8hc6h66:MM_12_BM	cell_enrichment	CD38+ cells	file	evidence/PMC13014090_supplementary/BLOOD_BLD-2025-030083-mmc1.pdftotext.txt		MM_12 BMPC CD38+ cells 64 M 0.0007 Low 12 1 HD IgG_L NO NO NO NO NO NO NO NO NO NO YES	True
MM_12_BM	mendeley:9kx8hc6h66:MM_12_BM	cell_enrichment	CD38+ cells	file	evidence/PMC13014090.txt		For 20 patients, PCs were extracted from a previously published data set of CD38 + CD34 − BM mononuclear cells	True
MM_13_BM	mendeley:9kx8hc6h66:MM_13_BM	donor_id	MM_13	file	evidence/PMC13014090_supplementary/BLOOD_BLD-2025-030083-mmc1.pdftotext.txt		MM_13 BMPC CD38+ cells 63 F 0.0082 Low 60 2 HD IgG_L NO NO NO NO NO NO YES NO NO NO YES	True
MM_13_BM	mendeley:9kx8hc6h66:MM_13_BM	donor_id	MM_13	file	evidence/PMC13014090_supplementary/BLOOD_BLD-2025-030083-mmc1.pdftotext.txt		ID Sample Processing Age Sex CTC (%) CTC level BMPC (%) ISS Genomic group Isotype t(11;14) t(4;14) t(14;16) t(14;_20) t(8;14) del17p amp1q del1p del13q MYC alteration WGS	True
MM_13_BM	mendeley:9kx8hc6h66:MM_13_BM	sex	female	file	evidence/PMC13014090_supplementary/BLOOD_BLD-2025-030083-mmc1.pdftotext.txt		MM_13 BMPC CD38+ cells 63 F 0.0082 Low 60 2 HD IgG_L NO NO NO NO NO NO YES NO NO NO YES	True
MM_13_BM	mendeley:9kx8hc6h66:MM_13_BM	sex	female	file	evidence/PMC13014090_supplementary/BLOOD_BLD-2025-030083-mmc1.pdftotext.txt		WGS, whole genome sequencing; M, male; F, female	True
MM_13_BM	mendeley:9kx8hc6h66:MM_13_BM	age	63	file	evidence/PMC13014090_supplementary/BLOOD_BLD-2025-030083-mmc1.pdftotext.txt		MM_13 BMPC CD38+ cells 63 F 0.0082 Low 60 2 HD IgG_L NO NO NO NO NO NO YES NO NO NO YES	True
MM_13_BM	mendeley:9kx8hc6h66:MM_13_BM	age	63	file	evidence/PMC13014090_supplementary/BLOOD_BLD-2025-030083-mmc1.pdftotext.txt		ID Sample Processing Age Sex CTC (%) CTC level BMPC (%) ISS Genomic group Isotype t(11;14) t(4;14) t(14;16) t(14;_20) t(8;14) del17p amp1q del1p del13q MYC alteration WGS	True
MM_13_BM	mendeley:9kx8hc6h66:MM_13_BM	disease_free_text	multiple myeloma	file	evidence/PMC13014090.txt		paired bone marrow and blood samples from patients with newly diagnosed multiple myeloma were analyzed by single-cell transcriptomics	True
MM_13_BM	mendeley:9kx8hc6h66:MM_13_BM	disease_free_text	multiple myeloma	file	evidence/PMC13014090_supplementary/BLOOD_BLD-2025-030083-mmc1.pdftotext.txt		Supplemental Table 3. Patient characteristics of our scRNAseq cohort of newly diagnosed multiple myeloma samples (n=25)	True
MM_13_BM	mendeley:9kx8hc6h66:MM_13_BM	disease_stage	newly diagnosed	file	evidence/PMC13014090_supplementary/BLOOD_BLD-2025-030083-mmc1.pdftotext.txt		Supplemental Table 3. Patient characteristics of our scRNAseq cohort of newly diagnosed multiple myeloma samples (n=25)	True
MM_13_BM	mendeley:9kx8hc6h66:MM_13_BM	disease_stage	newly diagnosed	file	evidence/PMC13014090.txt		We generated scRNAseq data from 25 patients with NDMM	True
MM_13_BM	mendeley:9kx8hc6h66:MM_13_BM	tissue_free_text	bone marrow	file	evidence/PMC13014090.txt		paired bone marrow and blood samples from patients with newly diagnosed multiple myeloma were analyzed by single-cell transcriptomics	True
MM_13_BM	mendeley:9kx8hc6h66:MM_13_BM	tissue_free_text	bone marrow	file	evidence/PMC13014090_supplementary/BLOOD_BLD-2025-030083-mmc1.pdftotext.txt		MM_13 BMPC CD38+ cells 63 F 0.0082 Low 60 2 HD IgG_L NO NO NO NO NO NO YES NO NO NO YES	True
MM_13_BM	mendeley:9kx8hc6h66:MM_13_BM	tissue_type	tissue	file	evidence/PMC13014090.txt		paired bone marrow and blood samples from patients with newly diagnosed multiple myeloma were analyzed by single-cell transcriptomics	True
MM_13_BM	mendeley:9kx8hc6h66:MM_13_BM	suspension_type	cell	file	evidence/PMC13014090.txt		Single-cell transcriptomes were generated using Chromium Single-cell 3′ Reagent kit version (v) 3 (10x Genomics).	True
MM_13_BM	mendeley:9kx8hc6h66:MM_13_BM	assay	10x 3' v3	file	evidence/PMC13014090.txt		Single-cell transcriptomes were generated using Chromium Single-cell 3′ Reagent kit version (v) 3 (10x Genomics).	True
MM_13_BM	mendeley:9kx8hc6h66:MM_13_BM	assay	10x 3' v3	file	evidence/PMC13014090_supplementary/BLOOD_BLD-2025-030083-mmc1.pdftotext.txt		After GEM generation using 3′ Reagent kit v3 (10x Genomics)	True
MM_13_BM	mendeley:9kx8hc6h66:MM_13_BM	cell_enrichment	CD38+ cells	file	evidence/PMC13014090_supplementary/BLOOD_BLD-2025-030083-mmc1.pdftotext.txt		MM_13 BMPC CD38+ cells 63 F 0.0082 Low 60 2 HD IgG_L NO NO NO NO NO NO YES NO NO NO YES	True
MM_13_BM	mendeley:9kx8hc6h66:MM_13_BM	cell_enrichment	CD38+ cells	file	evidence/PMC13014090.txt		For 20 patients, PCs were extracted from a previously published data set of CD38 + CD34 − BM mononuclear cells	True
MM_14_BM	mendeley:9kx8hc6h66:MM_14_BM	donor_id	MM_14	file	evidence/PMC13014090_supplementary/BLOOD_BLD-2025-030083-mmc1.pdftotext.txt		MM_14 BMPC CD38+ cells 61 M 0.0827 High 75 3 HD IgA_K NO NO NO NO NO NO YES YES YES YES; IGK_MYC YES	True
MM_14_BM	mendeley:9kx8hc6h66:MM_14_BM	donor_id	MM_14	file	evidence/PMC13014090_supplementary/BLOOD_BLD-2025-030083-mmc1.pdftotext.txt		ID Sample Processing Age Sex CTC (%) CTC level BMPC (%) ISS Genomic group Isotype t(11;14) t(4;14) t(14;16) t(14;_20) t(8;14) del17p amp1q del1p del13q MYC alteration WGS	True
MM_14_BM	mendeley:9kx8hc6h66:MM_14_BM	sex	male	file	evidence/PMC13014090_supplementary/BLOOD_BLD-2025-030083-mmc1.pdftotext.txt		MM_14 BMPC CD38+ cells 61 M 0.0827 High 75 3 HD IgA_K NO NO NO NO NO NO YES YES YES YES; IGK_MYC YES	True
MM_14_BM	mendeley:9kx8hc6h66:MM_14_BM	sex	male	file	evidence/PMC13014090_supplementary/BLOOD_BLD-2025-030083-mmc1.pdftotext.txt		WGS, whole genome sequencing; M, male; F, female	True
MM_14_BM	mendeley:9kx8hc6h66:MM_14_BM	age	61	file	evidence/PMC13014090_supplementary/BLOOD_BLD-2025-030083-mmc1.pdftotext.txt		MM_14 BMPC CD38+ cells 61 M 0.0827 High 75 3 HD IgA_K NO NO NO NO NO NO YES YES YES YES; IGK_MYC YES	True
MM_14_BM	mendeley:9kx8hc6h66:MM_14_BM	age	61	file	evidence/PMC13014090_supplementary/BLOOD_BLD-2025-030083-mmc1.pdftotext.txt		ID Sample Processing Age Sex CTC (%) CTC level BMPC (%) ISS Genomic group Isotype t(11;14) t(4;14) t(14;16) t(14;_20) t(8;14) del17p amp1q del1p del13q MYC alteration WGS	True
MM_14_BM	mendeley:9kx8hc6h66:MM_14_BM	disease_free_text	multiple myeloma	file	evidence/PMC13014090.txt		paired bone marrow and blood samples from patients with newly diagnosed multiple myeloma were analyzed by single-cell transcriptomics	True
MM_14_BM	mendeley:9kx8hc6h66:MM_14_BM	disease_free_text	multiple myeloma	file	evidence/PMC13014090_supplementary/BLOOD_BLD-2025-030083-mmc1.pdftotext.txt		Supplemental Table 3. Patient characteristics of our scRNAseq cohort of newly diagnosed multiple myeloma samples (n=25)	True
MM_14_BM	mendeley:9kx8hc6h66:MM_14_BM	disease_stage	newly diagnosed	file	evidence/PMC13014090_supplementary/BLOOD_BLD-2025-030083-mmc1.pdftotext.txt		Supplemental Table 3. Patient characteristics of our scRNAseq cohort of newly diagnosed multiple myeloma samples (n=25)	True
MM_14_BM	mendeley:9kx8hc6h66:MM_14_BM	disease_stage	newly diagnosed	file	evidence/PMC13014090.txt		We generated scRNAseq data from 25 patients with NDMM	True
MM_14_BM	mendeley:9kx8hc6h66:MM_14_BM	tissue_free_text	bone marrow	file	evidence/PMC13014090.txt		paired bone marrow and blood samples from patients with newly diagnosed multiple myeloma were analyzed by single-cell transcriptomics	True
MM_14_BM	mendeley:9kx8hc6h66:MM_14_BM	tissue_free_text	bone marrow	file	evidence/PMC13014090_supplementary/BLOOD_BLD-2025-030083-mmc1.pdftotext.txt		MM_14 BMPC CD38+ cells 61 M 0.0827 High 75 3 HD IgA_K NO NO NO NO NO NO YES YES YES YES; IGK_MYC YES	True
MM_14_BM	mendeley:9kx8hc6h66:MM_14_BM	tissue_type	tissue	file	evidence/PMC13014090.txt		paired bone marrow and blood samples from patients with newly diagnosed multiple myeloma were analyzed by single-cell transcriptomics	True
MM_14_BM	mendeley:9kx8hc6h66:MM_14_BM	suspension_type	cell	file	evidence/PMC13014090.txt		Single-cell transcriptomes were generated using Chromium Single-cell 3′ Reagent kit version (v) 3 (10x Genomics).	True
MM_14_BM	mendeley:9kx8hc6h66:MM_14_BM	assay	10x 3' v3	file	evidence/PMC13014090.txt		Single-cell transcriptomes were generated using Chromium Single-cell 3′ Reagent kit version (v) 3 (10x Genomics).	True
MM_14_BM	mendeley:9kx8hc6h66:MM_14_BM	assay	10x 3' v3	file	evidence/PMC13014090_supplementary/BLOOD_BLD-2025-030083-mmc1.pdftotext.txt		After GEM generation using 3′ Reagent kit v3 (10x Genomics)	True
MM_14_BM	mendeley:9kx8hc6h66:MM_14_BM	cell_enrichment	CD38+ cells	file	evidence/PMC13014090_supplementary/BLOOD_BLD-2025-030083-mmc1.pdftotext.txt		MM_14 BMPC CD38+ cells 61 M 0.0827 High 75 3 HD IgA_K NO NO NO NO NO NO YES YES YES YES; IGK_MYC YES	True
MM_14_BM	mendeley:9kx8hc6h66:MM_14_BM	cell_enrichment	CD38+ cells	file	evidence/PMC13014090.txt		For 20 patients, PCs were extracted from a previously published data set of CD38 + CD34 − BM mononuclear cells	True
MM_15_BM	mendeley:9kx8hc6h66:MM_15_BM	donor_id	MM_15	file	evidence/PMC13014090_supplementary/BLOOD_BLD-2025-030083-mmc1.pdftotext.txt		MM_15 BMPC CD38+ cells 61 F 0.0312 Low 52 2 CCND IgG_L YES NO NO NO NO NO NO NO NO NO YES	True
MM_15_BM	mendeley:9kx8hc6h66:MM_15_BM	donor_id	MM_15	file	evidence/PMC13014090_supplementary/BLOOD_BLD-2025-030083-mmc1.pdftotext.txt		ID Sample Processing Age Sex CTC (%) CTC level BMPC (%) ISS Genomic group Isotype t(11;14) t(4;14) t(14;16) t(14;_20) t(8;14) del17p amp1q del1p del13q MYC alteration WGS	True
MM_15_BM	mendeley:9kx8hc6h66:MM_15_BM	sex	female	file	evidence/PMC13014090_supplementary/BLOOD_BLD-2025-030083-mmc1.pdftotext.txt		MM_15 BMPC CD38+ cells 61 F 0.0312 Low 52 2 CCND IgG_L YES NO NO NO NO NO NO NO NO NO YES	True
MM_15_BM	mendeley:9kx8hc6h66:MM_15_BM	sex	female	file	evidence/PMC13014090_supplementary/BLOOD_BLD-2025-030083-mmc1.pdftotext.txt		WGS, whole genome sequencing; M, male; F, female	True
MM_15_BM	mendeley:9kx8hc6h66:MM_15_BM	age	61	file	evidence/PMC13014090_supplementary/BLOOD_BLD-2025-030083-mmc1.pdftotext.txt		MM_15 BMPC CD38+ cells 61 F 0.0312 Low 52 2 CCND IgG_L YES NO NO NO NO NO NO NO NO NO YES	True
MM_15_BM	mendeley:9kx8hc6h66:MM_15_BM	age	61	file	evidence/PMC13014090_supplementary/BLOOD_BLD-2025-030083-mmc1.pdftotext.txt		ID Sample Processing Age Sex CTC (%) CTC level BMPC (%) ISS Genomic group Isotype t(11;14) t(4;14) t(14;16) t(14;_20) t(8;14) del17p amp1q del1p del13q MYC alteration WGS	True
MM_15_BM	mendeley:9kx8hc6h66:MM_15_BM	disease_free_text	multiple myeloma	file	evidence/PMC13014090.txt		paired bone marrow and blood samples from patients with newly diagnosed multiple myeloma were analyzed by single-cell transcriptomics	True
MM_15_BM	mendeley:9kx8hc6h66:MM_15_BM	disease_free_text	multiple myeloma	file	evidence/PMC13014090_supplementary/BLOOD_BLD-2025-030083-mmc1.pdftotext.txt		Supplemental Table 3. Patient characteristics of our scRNAseq cohort of newly diagnosed multiple myeloma samples (n=25)	True
MM_15_BM	mendeley:9kx8hc6h66:MM_15_BM	disease_stage	newly diagnosed	file	evidence/PMC13014090_supplementary/BLOOD_BLD-2025-030083-mmc1.pdftotext.txt		Supplemental Table 3. Patient characteristics of our scRNAseq cohort of newly diagnosed multiple myeloma samples (n=25)	True
MM_15_BM	mendeley:9kx8hc6h66:MM_15_BM	disease_stage	newly diagnosed	file	evidence/PMC13014090.txt		We generated scRNAseq data from 25 patients with NDMM	True
MM_15_BM	mendeley:9kx8hc6h66:MM_15_BM	tissue_free_text	bone marrow	file	evidence/PMC13014090.txt		paired bone marrow and blood samples from patients with newly diagnosed multiple myeloma were analyzed by single-cell transcriptomics	True
MM_15_BM	mendeley:9kx8hc6h66:MM_15_BM	tissue_free_text	bone marrow	file	evidence/PMC13014090_supplementary/BLOOD_BLD-2025-030083-mmc1.pdftotext.txt		MM_15 BMPC CD38+ cells 61 F 0.0312 Low 52 2 CCND IgG_L YES NO NO NO NO NO NO NO NO NO YES	True
MM_15_BM	mendeley:9kx8hc6h66:MM_15_BM	tissue_type	tissue	file	evidence/PMC13014090.txt		paired bone marrow and blood samples from patients with newly diagnosed multiple myeloma were analyzed by single-cell transcriptomics	True
MM_15_BM	mendeley:9kx8hc6h66:MM_15_BM	suspension_type	cell	file	evidence/PMC13014090.txt		Single-cell transcriptomes were generated using Chromium Single-cell 3′ Reagent kit version (v) 3 (10x Genomics).	True
MM_15_BM	mendeley:9kx8hc6h66:MM_15_BM	assay	10x 3' v3	file	evidence/PMC13014090.txt		Single-cell transcriptomes were generated using Chromium Single-cell 3′ Reagent kit version (v) 3 (10x Genomics).	True
MM_15_BM	mendeley:9kx8hc6h66:MM_15_BM	assay	10x 3' v3	file	evidence/PMC13014090_supplementary/BLOOD_BLD-2025-030083-mmc1.pdftotext.txt		After GEM generation using 3′ Reagent kit v3 (10x Genomics)	True
MM_15_BM	mendeley:9kx8hc6h66:MM_15_BM	cell_enrichment	CD38+ cells	file	evidence/PMC13014090_supplementary/BLOOD_BLD-2025-030083-mmc1.pdftotext.txt		MM_15 BMPC CD38+ cells 61 F 0.0312 Low 52 2 CCND IgG_L YES NO NO NO NO NO NO NO NO NO YES	True
MM_15_BM	mendeley:9kx8hc6h66:MM_15_BM	cell_enrichment	CD38+ cells	file	evidence/PMC13014090.txt		For 20 patients, PCs were extracted from a previously published data set of CD38 + CD34 − BM mononuclear cells	True
MM_16_BM	mendeley:9kx8hc6h66:MM_16_BM	donor_id	MM_16	file	evidence/PMC13014090_supplementary/BLOOD_BLD-2025-030083-mmc1.pdftotext.txt		MM_16 BMPC CD38+ cells 64 M 0.08 High 56 3 CCND K YES NO NO NO NO NO NO NO NO NO YES	True
MM_16_BM	mendeley:9kx8hc6h66:MM_16_BM	donor_id	MM_16	file	evidence/PMC13014090_supplementary/BLOOD_BLD-2025-030083-mmc1.pdftotext.txt		ID Sample Processing Age Sex CTC (%) CTC level BMPC (%) ISS Genomic group Isotype t(11;14) t(4;14) t(14;16) t(14;_20) t(8;14) del17p amp1q del1p del13q MYC alteration WGS	True
MM_16_BM	mendeley:9kx8hc6h66:MM_16_BM	sex	male	file	evidence/PMC13014090_supplementary/BLOOD_BLD-2025-030083-mmc1.pdftotext.txt		MM_16 BMPC CD38+ cells 64 M 0.08 High 56 3 CCND K YES NO NO NO NO NO NO NO NO NO YES	True
MM_16_BM	mendeley:9kx8hc6h66:MM_16_BM	sex	male	file	evidence/PMC13014090_supplementary/BLOOD_BLD-2025-030083-mmc1.pdftotext.txt		WGS, whole genome sequencing; M, male; F, female	True
MM_16_BM	mendeley:9kx8hc6h66:MM_16_BM	age	64	file	evidence/PMC13014090_supplementary/BLOOD_BLD-2025-030083-mmc1.pdftotext.txt		MM_16 BMPC CD38+ cells 64 M 0.08 High 56 3 CCND K YES NO NO NO NO NO NO NO NO NO YES	True
MM_16_BM	mendeley:9kx8hc6h66:MM_16_BM	age	64	file	evidence/PMC13014090_supplementary/BLOOD_BLD-2025-030083-mmc1.pdftotext.txt		ID Sample Processing Age Sex CTC (%) CTC level BMPC (%) ISS Genomic group Isotype t(11;14) t(4;14) t(14;16) t(14;_20) t(8;14) del17p amp1q del1p del13q MYC alteration WGS	True
MM_16_BM	mendeley:9kx8hc6h66:MM_16_BM	disease_free_text	multiple myeloma	file	evidence/PMC13014090.txt		paired bone marrow and blood samples from patients with newly diagnosed multiple myeloma were analyzed by single-cell transcriptomics	True
MM_16_BM	mendeley:9kx8hc6h66:MM_16_BM	disease_free_text	multiple myeloma	file	evidence/PMC13014090_supplementary/BLOOD_BLD-2025-030083-mmc1.pdftotext.txt		Supplemental Table 3. Patient characteristics of our scRNAseq cohort of newly diagnosed multiple myeloma samples (n=25)	True
MM_16_BM	mendeley:9kx8hc6h66:MM_16_BM	disease_stage	newly diagnosed	file	evidence/PMC13014090_supplementary/BLOOD_BLD-2025-030083-mmc1.pdftotext.txt		Supplemental Table 3. Patient characteristics of our scRNAseq cohort of newly diagnosed multiple myeloma samples (n=25)	True
MM_16_BM	mendeley:9kx8hc6h66:MM_16_BM	disease_stage	newly diagnosed	file	evidence/PMC13014090.txt		We generated scRNAseq data from 25 patients with NDMM	True
MM_16_BM	mendeley:9kx8hc6h66:MM_16_BM	tissue_free_text	bone marrow	file	evidence/PMC13014090.txt		paired bone marrow and blood samples from patients with newly diagnosed multiple myeloma were analyzed by single-cell transcriptomics	True
MM_16_BM	mendeley:9kx8hc6h66:MM_16_BM	tissue_free_text	bone marrow	file	evidence/PMC13014090_supplementary/BLOOD_BLD-2025-030083-mmc1.pdftotext.txt		MM_16 BMPC CD38+ cells 64 M 0.08 High 56 3 CCND K YES NO NO NO NO NO NO NO NO NO YES	True
MM_16_BM	mendeley:9kx8hc6h66:MM_16_BM	tissue_type	tissue	file	evidence/PMC13014090.txt		paired bone marrow and blood samples from patients with newly diagnosed multiple myeloma were analyzed by single-cell transcriptomics	True
MM_16_BM	mendeley:9kx8hc6h66:MM_16_BM	suspension_type	cell	file	evidence/PMC13014090.txt		Single-cell transcriptomes were generated using Chromium Single-cell 3′ Reagent kit version (v) 3 (10x Genomics).	True
MM_16_BM	mendeley:9kx8hc6h66:MM_16_BM	assay	10x 3' v3	file	evidence/PMC13014090.txt		Single-cell transcriptomes were generated using Chromium Single-cell 3′ Reagent kit version (v) 3 (10x Genomics).	True
MM_16_BM	mendeley:9kx8hc6h66:MM_16_BM	assay	10x 3' v3	file	evidence/PMC13014090_supplementary/BLOOD_BLD-2025-030083-mmc1.pdftotext.txt		After GEM generation using 3′ Reagent kit v3 (10x Genomics)	True
MM_16_BM	mendeley:9kx8hc6h66:MM_16_BM	cell_enrichment	CD38+ cells	file	evidence/PMC13014090_supplementary/BLOOD_BLD-2025-030083-mmc1.pdftotext.txt		MM_16 BMPC CD38+ cells 64 M 0.08 High 56 3 CCND K YES NO NO NO NO NO NO NO NO NO YES	True
MM_16_BM	mendeley:9kx8hc6h66:MM_16_BM	cell_enrichment	CD38+ cells	file	evidence/PMC13014090.txt		For 20 patients, PCs were extracted from a previously published data set of CD38 + CD34 − BM mononuclear cells	True
MM_17_BM	mendeley:9kx8hc6h66:MM_17_BM	donor_id	MM_17	file	evidence/PMC13014090_supplementary/BLOOD_BLD-2025-030083-mmc1.pdftotext.txt		MM_17 BMPC CD38+ cells 60 F 0.18 High 30 2 CCND IgG_L YES NO NO NO NO NO NO NO NO NO YES	True
MM_17_BM	mendeley:9kx8hc6h66:MM_17_BM	donor_id	MM_17	file	evidence/PMC13014090_supplementary/BLOOD_BLD-2025-030083-mmc1.pdftotext.txt		ID Sample Processing Age Sex CTC (%) CTC level BMPC (%) ISS Genomic group Isotype t(11;14) t(4;14) t(14;16) t(14;_20) t(8;14) del17p amp1q del1p del13q MYC alteration WGS	True
MM_17_BM	mendeley:9kx8hc6h66:MM_17_BM	sex	female	file	evidence/PMC13014090_supplementary/BLOOD_BLD-2025-030083-mmc1.pdftotext.txt		MM_17 BMPC CD38+ cells 60 F 0.18 High 30 2 CCND IgG_L YES NO NO NO NO NO NO NO NO NO YES	True
MM_17_BM	mendeley:9kx8hc6h66:MM_17_BM	sex	female	file	evidence/PMC13014090_supplementary/BLOOD_BLD-2025-030083-mmc1.pdftotext.txt		WGS, whole genome sequencing; M, male; F, female	True
MM_17_BM	mendeley:9kx8hc6h66:MM_17_BM	age	60	file	evidence/PMC13014090_supplementary/BLOOD_BLD-2025-030083-mmc1.pdftotext.txt		MM_17 BMPC CD38+ cells 60 F 0.18 High 30 2 CCND IgG_L YES NO NO NO NO NO NO NO NO NO YES	True
MM_17_BM	mendeley:9kx8hc6h66:MM_17_BM	age	60	file	evidence/PMC13014090_supplementary/BLOOD_BLD-2025-030083-mmc1.pdftotext.txt		ID Sample Processing Age Sex CTC (%) CTC level BMPC (%) ISS Genomic group Isotype t(11;14) t(4;14) t(14;16) t(14;_20) t(8;14) del17p amp1q del1p del13q MYC alteration WGS	True
MM_17_BM	mendeley:9kx8hc6h66:MM_17_BM	disease_free_text	multiple myeloma	file	evidence/PMC13014090.txt		paired bone marrow and blood samples from patients with newly diagnosed multiple myeloma were analyzed by single-cell transcriptomics	True
MM_17_BM	mendeley:9kx8hc6h66:MM_17_BM	disease_free_text	multiple myeloma	file	evidence/PMC13014090_supplementary/BLOOD_BLD-2025-030083-mmc1.pdftotext.txt		Supplemental Table 3. Patient characteristics of our scRNAseq cohort of newly diagnosed multiple myeloma samples (n=25)	True
MM_17_BM	mendeley:9kx8hc6h66:MM_17_BM	disease_stage	newly diagnosed	file	evidence/PMC13014090_supplementary/BLOOD_BLD-2025-030083-mmc1.pdftotext.txt		Supplemental Table 3. Patient characteristics of our scRNAseq cohort of newly diagnosed multiple myeloma samples (n=25)	True
MM_17_BM	mendeley:9kx8hc6h66:MM_17_BM	disease_stage	newly diagnosed	file	evidence/PMC13014090.txt		We generated scRNAseq data from 25 patients with NDMM	True
MM_17_BM	mendeley:9kx8hc6h66:MM_17_BM	tissue_free_text	bone marrow	file	evidence/PMC13014090.txt		paired bone marrow and blood samples from patients with newly diagnosed multiple myeloma were analyzed by single-cell transcriptomics	True
MM_17_BM	mendeley:9kx8hc6h66:MM_17_BM	tissue_free_text	bone marrow	file	evidence/PMC13014090_supplementary/BLOOD_BLD-2025-030083-mmc1.pdftotext.txt		MM_17 BMPC CD38+ cells 60 F 0.18 High 30 2 CCND IgG_L YES NO NO NO NO NO NO NO NO NO YES	True
MM_17_BM	mendeley:9kx8hc6h66:MM_17_BM	tissue_type	tissue	file	evidence/PMC13014090.txt		paired bone marrow and blood samples from patients with newly diagnosed multiple myeloma were analyzed by single-cell transcriptomics	True
MM_17_BM	mendeley:9kx8hc6h66:MM_17_BM	suspension_type	cell	file	evidence/PMC13014090.txt		Single-cell transcriptomes were generated using Chromium Single-cell 3′ Reagent kit version (v) 3 (10x Genomics).	True
MM_17_BM	mendeley:9kx8hc6h66:MM_17_BM	assay	10x 3' v3	file	evidence/PMC13014090.txt		Single-cell transcriptomes were generated using Chromium Single-cell 3′ Reagent kit version (v) 3 (10x Genomics).	True
MM_17_BM	mendeley:9kx8hc6h66:MM_17_BM	assay	10x 3' v3	file	evidence/PMC13014090_supplementary/BLOOD_BLD-2025-030083-mmc1.pdftotext.txt		After GEM generation using 3′ Reagent kit v3 (10x Genomics)	True
MM_17_BM	mendeley:9kx8hc6h66:MM_17_BM	cell_enrichment	CD38+ cells	file	evidence/PMC13014090_supplementary/BLOOD_BLD-2025-030083-mmc1.pdftotext.txt		MM_17 BMPC CD38+ cells 60 F 0.18 High 30 2 CCND IgG_L YES NO NO NO NO NO NO NO NO NO YES	True
MM_17_BM	mendeley:9kx8hc6h66:MM_17_BM	cell_enrichment	CD38+ cells	file	evidence/PMC13014090.txt		For 20 patients, PCs were extracted from a previously published data set of CD38 + CD34 − BM mononuclear cells	True
MM_18_BM	mendeley:9kx8hc6h66:MM_18_BM	donor_id	MM_18	file	evidence/PMC13014090_supplementary/BLOOD_BLD-2025-030083-mmc1.pdftotext.txt		MM_18 BMPC CD38+ cells 54 F 0.0029 Low 68 1 #N/A IgG_K NO NO NO NO NO YES NO YES YES NO YES	True
MM_18_BM	mendeley:9kx8hc6h66:MM_18_BM	donor_id	MM_18	file	evidence/PMC13014090_supplementary/BLOOD_BLD-2025-030083-mmc1.pdftotext.txt		ID Sample Processing Age Sex CTC (%) CTC level BMPC (%) ISS Genomic group Isotype t(11;14) t(4;14) t(14;16) t(14;_20) t(8;14) del17p amp1q del1p del13q MYC alteration WGS	True
MM_18_BM	mendeley:9kx8hc6h66:MM_18_BM	sex	female	file	evidence/PMC13014090_supplementary/BLOOD_BLD-2025-030083-mmc1.pdftotext.txt		MM_18 BMPC CD38+ cells 54 F 0.0029 Low 68 1 #N/A IgG_K NO NO NO NO NO YES NO YES YES NO YES	True
MM_18_BM	mendeley:9kx8hc6h66:MM_18_BM	sex	female	file	evidence/PMC13014090_supplementary/BLOOD_BLD-2025-030083-mmc1.pdftotext.txt		WGS, whole genome sequencing; M, male; F, female	True
MM_18_BM	mendeley:9kx8hc6h66:MM_18_BM	age	54	file	evidence/PMC13014090_supplementary/BLOOD_BLD-2025-030083-mmc1.pdftotext.txt		MM_18 BMPC CD38+ cells 54 F 0.0029 Low 68 1 #N/A IgG_K NO NO NO NO NO YES NO YES YES NO YES	True
MM_18_BM	mendeley:9kx8hc6h66:MM_18_BM	age	54	file	evidence/PMC13014090_supplementary/BLOOD_BLD-2025-030083-mmc1.pdftotext.txt		ID Sample Processing Age Sex CTC (%) CTC level BMPC (%) ISS Genomic group Isotype t(11;14) t(4;14) t(14;16) t(14;_20) t(8;14) del17p amp1q del1p del13q MYC alteration WGS	True
MM_18_BM	mendeley:9kx8hc6h66:MM_18_BM	disease_free_text	multiple myeloma	file	evidence/PMC13014090.txt		paired bone marrow and blood samples from patients with newly diagnosed multiple myeloma were analyzed by single-cell transcriptomics	True
MM_18_BM	mendeley:9kx8hc6h66:MM_18_BM	disease_free_text	multiple myeloma	file	evidence/PMC13014090_supplementary/BLOOD_BLD-2025-030083-mmc1.pdftotext.txt		Supplemental Table 3. Patient characteristics of our scRNAseq cohort of newly diagnosed multiple myeloma samples (n=25)	True
MM_18_BM	mendeley:9kx8hc6h66:MM_18_BM	disease_stage	newly diagnosed	file	evidence/PMC13014090_supplementary/BLOOD_BLD-2025-030083-mmc1.pdftotext.txt		Supplemental Table 3. Patient characteristics of our scRNAseq cohort of newly diagnosed multiple myeloma samples (n=25)	True
MM_18_BM	mendeley:9kx8hc6h66:MM_18_BM	disease_stage	newly diagnosed	file	evidence/PMC13014090.txt		We generated scRNAseq data from 25 patients with NDMM	True
MM_18_BM	mendeley:9kx8hc6h66:MM_18_BM	tissue_free_text	bone marrow	file	evidence/PMC13014090.txt		paired bone marrow and blood samples from patients with newly diagnosed multiple myeloma were analyzed by single-cell transcriptomics	True
MM_18_BM	mendeley:9kx8hc6h66:MM_18_BM	tissue_free_text	bone marrow	file	evidence/PMC13014090_supplementary/BLOOD_BLD-2025-030083-mmc1.pdftotext.txt		MM_18 BMPC CD38+ cells 54 F 0.0029 Low 68 1 #N/A IgG_K NO NO NO NO NO YES NO YES YES NO YES	True
MM_18_BM	mendeley:9kx8hc6h66:MM_18_BM	tissue_type	tissue	file	evidence/PMC13014090.txt		paired bone marrow and blood samples from patients with newly diagnosed multiple myeloma were analyzed by single-cell transcriptomics	True
MM_18_BM	mendeley:9kx8hc6h66:MM_18_BM	suspension_type	cell	file	evidence/PMC13014090.txt		Single-cell transcriptomes were generated using Chromium Single-cell 3′ Reagent kit version (v) 3 (10x Genomics).	True
MM_18_BM	mendeley:9kx8hc6h66:MM_18_BM	assay	10x 3' v3	file	evidence/PMC13014090.txt		Single-cell transcriptomes were generated using Chromium Single-cell 3′ Reagent kit version (v) 3 (10x Genomics).	True
MM_18_BM	mendeley:9kx8hc6h66:MM_18_BM	assay	10x 3' v3	file	evidence/PMC13014090_supplementary/BLOOD_BLD-2025-030083-mmc1.pdftotext.txt		After GEM generation using 3′ Reagent kit v3 (10x Genomics)	True
MM_18_BM	mendeley:9kx8hc6h66:MM_18_BM	cell_enrichment	CD38+ cells	file	evidence/PMC13014090_supplementary/BLOOD_BLD-2025-030083-mmc1.pdftotext.txt		MM_18 BMPC CD38+ cells 54 F 0.0029 Low 68 1 #N/A IgG_K NO NO NO NO NO YES NO YES YES NO YES	True
MM_18_BM	mendeley:9kx8hc6h66:MM_18_BM	cell_enrichment	CD38+ cells	file	evidence/PMC13014090.txt		For 20 patients, PCs were extracted from a previously published data set of CD38 + CD34 − BM mononuclear cells	True
MM_19_BM	mendeley:9kx8hc6h66:MM_19_BM	donor_id	MM_19	file	evidence/PMC13014090_supplementary/BLOOD_BLD-2025-030083-mmc1.pdftotext.txt		MM_19 BMPC Purified PCs 49 M 5.5 High 80 2 CCND IgA YES NO NO NO NO NO NO NO YES NO YES	True
MM_19_BM	mendeley:9kx8hc6h66:MM_19_BM	donor_id	MM_19	file	evidence/PMC13014090_supplementary/BLOOD_BLD-2025-030083-mmc1.pdftotext.txt		ID Sample Processing Age Sex CTC (%) CTC level BMPC (%) ISS Genomic group Isotype t(11;14) t(4;14) t(14;16) t(14;_20) t(8;14) del17p amp1q del1p del13q MYC alteration WGS	True
MM_19_BM	mendeley:9kx8hc6h66:MM_19_BM	sex	male	file	evidence/PMC13014090_supplementary/BLOOD_BLD-2025-030083-mmc1.pdftotext.txt		MM_19 BMPC Purified PCs 49 M 5.5 High 80 2 CCND IgA YES NO NO NO NO NO NO NO YES NO YES	True
MM_19_BM	mendeley:9kx8hc6h66:MM_19_BM	sex	male	file	evidence/PMC13014090_supplementary/BLOOD_BLD-2025-030083-mmc1.pdftotext.txt		WGS, whole genome sequencing; M, male; F, female	True
MM_19_BM	mendeley:9kx8hc6h66:MM_19_BM	age	49	file	evidence/PMC13014090_supplementary/BLOOD_BLD-2025-030083-mmc1.pdftotext.txt		MM_19 BMPC Purified PCs 49 M 5.5 High 80 2 CCND IgA YES NO NO NO NO NO NO NO YES NO YES	True
MM_19_BM	mendeley:9kx8hc6h66:MM_19_BM	age	49	file	evidence/PMC13014090_supplementary/BLOOD_BLD-2025-030083-mmc1.pdftotext.txt		ID Sample Processing Age Sex CTC (%) CTC level BMPC (%) ISS Genomic group Isotype t(11;14) t(4;14) t(14;16) t(14;_20) t(8;14) del17p amp1q del1p del13q MYC alteration WGS	True
MM_19_BM	mendeley:9kx8hc6h66:MM_19_BM	disease_free_text	multiple myeloma	file	evidence/PMC13014090.txt		paired bone marrow and blood samples from patients with newly diagnosed multiple myeloma were analyzed by single-cell transcriptomics	True
MM_19_BM	mendeley:9kx8hc6h66:MM_19_BM	disease_free_text	multiple myeloma	file	evidence/PMC13014090_supplementary/BLOOD_BLD-2025-030083-mmc1.pdftotext.txt		Supplemental Table 3. Patient characteristics of our scRNAseq cohort of newly diagnosed multiple myeloma samples (n=25)	True
MM_19_BM	mendeley:9kx8hc6h66:MM_19_BM	disease_stage	newly diagnosed	file	evidence/PMC13014090_supplementary/BLOOD_BLD-2025-030083-mmc1.pdftotext.txt		Supplemental Table 3. Patient characteristics of our scRNAseq cohort of newly diagnosed multiple myeloma samples (n=25)	True
MM_19_BM	mendeley:9kx8hc6h66:MM_19_BM	disease_stage	newly diagnosed	file	evidence/PMC13014090.txt		We generated scRNAseq data from 25 patients with NDMM	True
MM_19_BM	mendeley:9kx8hc6h66:MM_19_BM	tissue_free_text	bone marrow	file	evidence/PMC13014090.txt		paired bone marrow and blood samples from patients with newly diagnosed multiple myeloma were analyzed by single-cell transcriptomics	True
MM_19_BM	mendeley:9kx8hc6h66:MM_19_BM	tissue_free_text	bone marrow	file	evidence/PMC13014090_supplementary/BLOOD_BLD-2025-030083-mmc1.pdftotext.txt		MM_19 BMPC Purified PCs 49 M 5.5 High 80 2 CCND IgA YES NO NO NO NO NO NO NO YES NO YES	True
MM_19_BM	mendeley:9kx8hc6h66:MM_19_BM	tissue_type	tissue	file	evidence/PMC13014090.txt		paired bone marrow and blood samples from patients with newly diagnosed multiple myeloma were analyzed by single-cell transcriptomics	True
MM_19_BM	mendeley:9kx8hc6h66:MM_19_BM	suspension_type	cell	file	evidence/PMC13014090.txt		Single-cell transcriptomes were generated using Chromium Single-cell 3′ Reagent kit version (v) 3 (10x Genomics).	True
MM_19_BM	mendeley:9kx8hc6h66:MM_19_BM	assay	10x 3' v3	file	evidence/PMC13014090.txt		Single-cell transcriptomes were generated using Chromium Single-cell 3′ Reagent kit version (v) 3 (10x Genomics).	True
MM_19_BM	mendeley:9kx8hc6h66:MM_19_BM	assay	10x 3' v3	file	evidence/PMC13014090_supplementary/BLOOD_BLD-2025-030083-mmc1.pdftotext.txt		After GEM generation using 3′ Reagent kit v3 (10x Genomics)	True
MM_19_BM	mendeley:9kx8hc6h66:MM_19_BM	cell_enrichment	purified plasma cells (CD138 positive selection, FACS sort)	file	evidence/PMC13014090_supplementary/BLOOD_BLD-2025-030083-mmc1.pdftotext.txt		MM_19 BMPC Purified PCs 49 M 5.5 High 80 2 CCND IgA YES NO NO NO NO NO NO NO YES NO YES	True
MM_19_BM	mendeley:9kx8hc6h66:MM_19_BM	cell_enrichment	purified plasma cells (CD138 positive selection, FACS sort)	file	evidence/PMC13014090.txt		BM PCs (BMPCs) were purified by EasySep human CD138 Positive Selection kit II (Stemcell) before freezing.	True
MM_19_BM	mendeley:9kx8hc6h66:MM_19_BM	cell_enrichment	purified plasma cells (CD138 positive selection, FACS sort)	file	evidence/PMC13014090.txt		Viably frozen CD138-positive BM fractions and total PBMCs were thawed	True
MM_19_BM	mendeley:9kx8hc6h66:MM_19_BM	cell_enrichment	purified plasma cells (CD138 positive selection, FACS sort)	file	evidence/PMC13014090.txt		sorted on a FACS ARIA II, using DAPI (4′,6-diamidino-2-phenylindole) for dead cell exclusion	True
MM_19_BM	mendeley:9kx8hc6h66:MM_19_BM	cell_enrichment	purified plasma cells (CD138 positive selection, FACS sort)	file	evidence/PMC13014090_supplementary/BLOOD_BLD-2025-030083-mmc1.pdftotext.txt		Supplemental Table 2. Flow panel for tumor plasma cell sorting	True
MM_19_BM	mendeley:9kx8hc6h66:MM_19_BM	treatment_status	untreated	file	evidence/PMC13014090.txt		BM aspirates and paired peripheral blood (PB) were collected from patients with NDMM before starting therapy	True
MM_19_BM	mendeley:9kx8hc6h66:MM_19_BM	treatment_status	untreated	file	evidence/PMC13014090_supplementary/BLOOD_BLD-2025-030083-mmc1.pdftotext.txt		MM_19 BMPC Purified PCs 49 M 5.5 High 80 2 CCND IgA YES NO NO NO NO NO NO NO YES NO YES	True
MM_19_BM	mendeley:9kx8hc6h66:MM_19_BM	sample_preservation	cryopreserved	file	evidence/PMC13014090.txt		Viably frozen CD138-positive BM fractions and total PBMCs were thawed	True
MM_19_BM	mendeley:9kx8hc6h66:MM_19_BM	sample_preservation	cryopreserved	file	evidence/PMC13014090_supplementary/BLOOD_BLD-2025-030083-mmc1.pdftotext.txt		MM_19 BMPC Purified PCs 49 M 5.5 High 80 2 CCND IgA YES NO NO NO NO NO NO NO YES NO YES	True
MM_20_BM	mendeley:9kx8hc6h66:MM_20_BM	donor_id	MM_20	file	evidence/PMC13014090_supplementary/BLOOD_BLD-2025-030083-mmc1.pdftotext.txt		MM_20 BMPC Purified PCs 57 F 7.8 High 75 3 HD IgG NO NO NO NO NO YES NO NO NO IGH_MYC YES	True
MM_20_BM	mendeley:9kx8hc6h66:MM_20_BM	donor_id	MM_20	file	evidence/PMC13014090_supplementary/BLOOD_BLD-2025-030083-mmc1.pdftotext.txt		ID Sample Processing Age Sex CTC (%) CTC level BMPC (%) ISS Genomic group Isotype t(11;14) t(4;14) t(14;16) t(14;_20) t(8;14) del17p amp1q del1p del13q MYC alteration WGS	True
MM_20_BM	mendeley:9kx8hc6h66:MM_20_BM	sex	female	file	evidence/PMC13014090_supplementary/BLOOD_BLD-2025-030083-mmc1.pdftotext.txt		MM_20 BMPC Purified PCs 57 F 7.8 High 75 3 HD IgG NO NO NO NO NO YES NO NO NO IGH_MYC YES	True
MM_20_BM	mendeley:9kx8hc6h66:MM_20_BM	sex	female	file	evidence/PMC13014090_supplementary/BLOOD_BLD-2025-030083-mmc1.pdftotext.txt		WGS, whole genome sequencing; M, male; F, female	True
MM_20_BM	mendeley:9kx8hc6h66:MM_20_BM	age	57	file	evidence/PMC13014090_supplementary/BLOOD_BLD-2025-030083-mmc1.pdftotext.txt		MM_20 BMPC Purified PCs 57 F 7.8 High 75 3 HD IgG NO NO NO NO NO YES NO NO NO IGH_MYC YES	True
MM_20_BM	mendeley:9kx8hc6h66:MM_20_BM	age	57	file	evidence/PMC13014090_supplementary/BLOOD_BLD-2025-030083-mmc1.pdftotext.txt		ID Sample Processing Age Sex CTC (%) CTC level BMPC (%) ISS Genomic group Isotype t(11;14) t(4;14) t(14;16) t(14;_20) t(8;14) del17p amp1q del1p del13q MYC alteration WGS	True
MM_20_BM	mendeley:9kx8hc6h66:MM_20_BM	disease_free_text	multiple myeloma	file	evidence/PMC13014090.txt		paired bone marrow and blood samples from patients with newly diagnosed multiple myeloma were analyzed by single-cell transcriptomics	True
MM_20_BM	mendeley:9kx8hc6h66:MM_20_BM	disease_free_text	multiple myeloma	file	evidence/PMC13014090_supplementary/BLOOD_BLD-2025-030083-mmc1.pdftotext.txt		Supplemental Table 3. Patient characteristics of our scRNAseq cohort of newly diagnosed multiple myeloma samples (n=25)	True
MM_20_BM	mendeley:9kx8hc6h66:MM_20_BM	disease_stage	newly diagnosed	file	evidence/PMC13014090_supplementary/BLOOD_BLD-2025-030083-mmc1.pdftotext.txt		Supplemental Table 3. Patient characteristics of our scRNAseq cohort of newly diagnosed multiple myeloma samples (n=25)	True
MM_20_BM	mendeley:9kx8hc6h66:MM_20_BM	disease_stage	newly diagnosed	file	evidence/PMC13014090.txt		We generated scRNAseq data from 25 patients with NDMM	True
MM_20_BM	mendeley:9kx8hc6h66:MM_20_BM	tissue_free_text	bone marrow	file	evidence/PMC13014090.txt		paired bone marrow and blood samples from patients with newly diagnosed multiple myeloma were analyzed by single-cell transcriptomics	True
MM_20_BM	mendeley:9kx8hc6h66:MM_20_BM	tissue_free_text	bone marrow	file	evidence/PMC13014090_supplementary/BLOOD_BLD-2025-030083-mmc1.pdftotext.txt		MM_20 BMPC Purified PCs 57 F 7.8 High 75 3 HD IgG NO NO NO NO NO YES NO NO NO IGH_MYC YES	True
MM_20_BM	mendeley:9kx8hc6h66:MM_20_BM	tissue_type	tissue	file	evidence/PMC13014090.txt		paired bone marrow and blood samples from patients with newly diagnosed multiple myeloma were analyzed by single-cell transcriptomics	True
MM_20_BM	mendeley:9kx8hc6h66:MM_20_BM	suspension_type	cell	file	evidence/PMC13014090.txt		Single-cell transcriptomes were generated using Chromium Single-cell 3′ Reagent kit version (v) 3 (10x Genomics).	True
MM_20_BM	mendeley:9kx8hc6h66:MM_20_BM	assay	10x 3' v3	file	evidence/PMC13014090.txt		Single-cell transcriptomes were generated using Chromium Single-cell 3′ Reagent kit version (v) 3 (10x Genomics).	True
MM_20_BM	mendeley:9kx8hc6h66:MM_20_BM	assay	10x 3' v3	file	evidence/PMC13014090_supplementary/BLOOD_BLD-2025-030083-mmc1.pdftotext.txt		After GEM generation using 3′ Reagent kit v3 (10x Genomics)	True
MM_20_BM	mendeley:9kx8hc6h66:MM_20_BM	cell_enrichment	purified plasma cells (CD138 positive selection, FACS sort)	file	evidence/PMC13014090_supplementary/BLOOD_BLD-2025-030083-mmc1.pdftotext.txt		MM_20 BMPC Purified PCs 57 F 7.8 High 75 3 HD IgG NO NO NO NO NO YES NO NO NO IGH_MYC YES	True
MM_20_BM	mendeley:9kx8hc6h66:MM_20_BM	cell_enrichment	purified plasma cells (CD138 positive selection, FACS sort)	file	evidence/PMC13014090.txt		BM PCs (BMPCs) were purified by EasySep human CD138 Positive Selection kit II (Stemcell) before freezing.	True
MM_20_BM	mendeley:9kx8hc6h66:MM_20_BM	cell_enrichment	purified plasma cells (CD138 positive selection, FACS sort)	file	evidence/PMC13014090.txt		Viably frozen CD138-positive BM fractions and total PBMCs were thawed	True
MM_20_BM	mendeley:9kx8hc6h66:MM_20_BM	cell_enrichment	purified plasma cells (CD138 positive selection, FACS sort)	file	evidence/PMC13014090.txt		sorted on a FACS ARIA II, using DAPI (4′,6-diamidino-2-phenylindole) for dead cell exclusion	True
MM_20_BM	mendeley:9kx8hc6h66:MM_20_BM	cell_enrichment	purified plasma cells (CD138 positive selection, FACS sort)	file	evidence/PMC13014090_supplementary/BLOOD_BLD-2025-030083-mmc1.pdftotext.txt		Supplemental Table 2. Flow panel for tumor plasma cell sorting	True
MM_20_BM	mendeley:9kx8hc6h66:MM_20_BM	treatment_status	untreated	file	evidence/PMC13014090.txt		BM aspirates and paired peripheral blood (PB) were collected from patients with NDMM before starting therapy	True
MM_20_BM	mendeley:9kx8hc6h66:MM_20_BM	treatment_status	untreated	file	evidence/PMC13014090_supplementary/BLOOD_BLD-2025-030083-mmc1.pdftotext.txt		MM_20 BMPC Purified PCs 57 F 7.8 High 75 3 HD IgG NO NO NO NO NO YES NO NO NO IGH_MYC YES	True
MM_20_BM	mendeley:9kx8hc6h66:MM_20_BM	sample_preservation	cryopreserved	file	evidence/PMC13014090.txt		Viably frozen CD138-positive BM fractions and total PBMCs were thawed	True
MM_20_BM	mendeley:9kx8hc6h66:MM_20_BM	sample_preservation	cryopreserved	file	evidence/PMC13014090_supplementary/BLOOD_BLD-2025-030083-mmc1.pdftotext.txt		MM_20 BMPC Purified PCs 57 F 7.8 High 75 3 HD IgG NO NO NO NO NO YES NO NO NO IGH_MYC YES	True
MM_21_BM	mendeley:9kx8hc6h66:MM_21_BM	donor_id	MM_21	file	evidence/PMC13014090_supplementary/BLOOD_BLD-2025-030083-mmc1.pdftotext.txt		MM_21 BMPC Purified PCs 59 F 4.5 High 65 3 MAF IgG NO NO YES NO NO YES YES NO YES YES YES	True
MM_21_BM	mendeley:9kx8hc6h66:MM_21_BM	donor_id	MM_21	file	evidence/PMC13014090_supplementary/BLOOD_BLD-2025-030083-mmc1.pdftotext.txt		ID Sample Processing Age Sex CTC (%) CTC level BMPC (%) ISS Genomic group Isotype t(11;14) t(4;14) t(14;16) t(14;_20) t(8;14) del17p amp1q del1p del13q MYC alteration WGS	True
MM_21_BM	mendeley:9kx8hc6h66:MM_21_BM	sex	female	file	evidence/PMC13014090_supplementary/BLOOD_BLD-2025-030083-mmc1.pdftotext.txt		MM_21 BMPC Purified PCs 59 F 4.5 High 65 3 MAF IgG NO NO YES NO NO YES YES NO YES YES YES	True
MM_21_BM	mendeley:9kx8hc6h66:MM_21_BM	sex	female	file	evidence/PMC13014090_supplementary/BLOOD_BLD-2025-030083-mmc1.pdftotext.txt		WGS, whole genome sequencing; M, male; F, female	True
MM_21_BM	mendeley:9kx8hc6h66:MM_21_BM	age	59	file	evidence/PMC13014090_supplementary/BLOOD_BLD-2025-030083-mmc1.pdftotext.txt		MM_21 BMPC Purified PCs 59 F 4.5 High 65 3 MAF IgG NO NO YES NO NO YES YES NO YES YES YES	True
MM_21_BM	mendeley:9kx8hc6h66:MM_21_BM	age	59	file	evidence/PMC13014090_supplementary/BLOOD_BLD-2025-030083-mmc1.pdftotext.txt		ID Sample Processing Age Sex CTC (%) CTC level BMPC (%) ISS Genomic group Isotype t(11;14) t(4;14) t(14;16) t(14;_20) t(8;14) del17p amp1q del1p del13q MYC alteration WGS	True
MM_21_BM	mendeley:9kx8hc6h66:MM_21_BM	disease_free_text	multiple myeloma	file	evidence/PMC13014090.txt		paired bone marrow and blood samples from patients with newly diagnosed multiple myeloma were analyzed by single-cell transcriptomics	True
MM_21_BM	mendeley:9kx8hc6h66:MM_21_BM	disease_free_text	multiple myeloma	file	evidence/PMC13014090_supplementary/BLOOD_BLD-2025-030083-mmc1.pdftotext.txt		Supplemental Table 3. Patient characteristics of our scRNAseq cohort of newly diagnosed multiple myeloma samples (n=25)	True
MM_21_BM	mendeley:9kx8hc6h66:MM_21_BM	disease_stage	newly diagnosed	file	evidence/PMC13014090_supplementary/BLOOD_BLD-2025-030083-mmc1.pdftotext.txt		Supplemental Table 3. Patient characteristics of our scRNAseq cohort of newly diagnosed multiple myeloma samples (n=25)	True
MM_21_BM	mendeley:9kx8hc6h66:MM_21_BM	disease_stage	newly diagnosed	file	evidence/PMC13014090.txt		We generated scRNAseq data from 25 patients with NDMM	True
MM_21_BM	mendeley:9kx8hc6h66:MM_21_BM	tissue_free_text	bone marrow	file	evidence/PMC13014090.txt		paired bone marrow and blood samples from patients with newly diagnosed multiple myeloma were analyzed by single-cell transcriptomics	True
MM_21_BM	mendeley:9kx8hc6h66:MM_21_BM	tissue_free_text	bone marrow	file	evidence/PMC13014090_supplementary/BLOOD_BLD-2025-030083-mmc1.pdftotext.txt		MM_21 BMPC Purified PCs 59 F 4.5 High 65 3 MAF IgG NO NO YES NO NO YES YES NO YES YES YES	True
MM_21_BM	mendeley:9kx8hc6h66:MM_21_BM	tissue_type	tissue	file	evidence/PMC13014090.txt		paired bone marrow and blood samples from patients with newly diagnosed multiple myeloma were analyzed by single-cell transcriptomics	True
MM_21_BM	mendeley:9kx8hc6h66:MM_21_BM	suspension_type	cell	file	evidence/PMC13014090.txt		Single-cell transcriptomes were generated using Chromium Single-cell 3′ Reagent kit version (v) 3 (10x Genomics).	True
MM_21_BM	mendeley:9kx8hc6h66:MM_21_BM	assay	10x 3' v3	file	evidence/PMC13014090.txt		Single-cell transcriptomes were generated using Chromium Single-cell 3′ Reagent kit version (v) 3 (10x Genomics).	True
MM_21_BM	mendeley:9kx8hc6h66:MM_21_BM	assay	10x 3' v3	file	evidence/PMC13014090_supplementary/BLOOD_BLD-2025-030083-mmc1.pdftotext.txt		After GEM generation using 3′ Reagent kit v3 (10x Genomics)	True
MM_21_BM	mendeley:9kx8hc6h66:MM_21_BM	cell_enrichment	purified plasma cells (CD138 positive selection, FACS sort)	file	evidence/PMC13014090_supplementary/BLOOD_BLD-2025-030083-mmc1.pdftotext.txt		MM_21 BMPC Purified PCs 59 F 4.5 High 65 3 MAF IgG NO NO YES NO NO YES YES NO YES YES YES	True
MM_21_BM	mendeley:9kx8hc6h66:MM_21_BM	cell_enrichment	purified plasma cells (CD138 positive selection, FACS sort)	file	evidence/PMC13014090.txt		BM PCs (BMPCs) were purified by EasySep human CD138 Positive Selection kit II (Stemcell) before freezing.	True
MM_21_BM	mendeley:9kx8hc6h66:MM_21_BM	cell_enrichment	purified plasma cells (CD138 positive selection, FACS sort)	file	evidence/PMC13014090.txt		Viably frozen CD138-positive BM fractions and total PBMCs were thawed	True
MM_21_BM	mendeley:9kx8hc6h66:MM_21_BM	cell_enrichment	purified plasma cells (CD138 positive selection, FACS sort)	file	evidence/PMC13014090.txt		sorted on a FACS ARIA II, using DAPI (4′,6-diamidino-2-phenylindole) for dead cell exclusion	True
MM_21_BM	mendeley:9kx8hc6h66:MM_21_BM	cell_enrichment	purified plasma cells (CD138 positive selection, FACS sort)	file	evidence/PMC13014090_supplementary/BLOOD_BLD-2025-030083-mmc1.pdftotext.txt		Supplemental Table 2. Flow panel for tumor plasma cell sorting	True
MM_21_BM	mendeley:9kx8hc6h66:MM_21_BM	treatment_status	untreated	file	evidence/PMC13014090.txt		BM aspirates and paired peripheral blood (PB) were collected from patients with NDMM before starting therapy	True
MM_21_BM	mendeley:9kx8hc6h66:MM_21_BM	treatment_status	untreated	file	evidence/PMC13014090_supplementary/BLOOD_BLD-2025-030083-mmc1.pdftotext.txt		MM_21 BMPC Purified PCs 59 F 4.5 High 65 3 MAF IgG NO NO YES NO NO YES YES NO YES YES YES	True
MM_21_BM	mendeley:9kx8hc6h66:MM_21_BM	sample_preservation	cryopreserved	file	evidence/PMC13014090.txt		Viably frozen CD138-positive BM fractions and total PBMCs were thawed	True
MM_21_BM	mendeley:9kx8hc6h66:MM_21_BM	sample_preservation	cryopreserved	file	evidence/PMC13014090_supplementary/BLOOD_BLD-2025-030083-mmc1.pdftotext.txt		MM_21 BMPC Purified PCs 59 F 4.5 High 65 3 MAF IgG NO NO YES NO NO YES YES NO YES YES YES	True
MM_22_BM	mendeley:9kx8hc6h66:MM_22_BM	donor_id	MM_22	file	evidence/PMC13014090_supplementary/BLOOD_BLD-2025-030083-mmc1.pdftotext.txt		MM_22 BMPC Purified PCs 44 F 5 High 60 1 MAF IgG NO NO NO NO YES NO #N/A #N/A #N/A NO NO	True
MM_22_BM	mendeley:9kx8hc6h66:MM_22_BM	donor_id	MM_22	file	evidence/PMC13014090_supplementary/BLOOD_BLD-2025-030083-mmc1.pdftotext.txt		ID Sample Processing Age Sex CTC (%) CTC level BMPC (%) ISS Genomic group Isotype t(11;14) t(4;14) t(14;16) t(14;_20) t(8;14) del17p amp1q del1p del13q MYC alteration WGS	True
MM_22_BM	mendeley:9kx8hc6h66:MM_22_BM	sex	female	file	evidence/PMC13014090_supplementary/BLOOD_BLD-2025-030083-mmc1.pdftotext.txt		MM_22 BMPC Purified PCs 44 F 5 High 60 1 MAF IgG NO NO NO NO YES NO #N/A #N/A #N/A NO NO	True
MM_22_BM	mendeley:9kx8hc6h66:MM_22_BM	sex	female	file	evidence/PMC13014090_supplementary/BLOOD_BLD-2025-030083-mmc1.pdftotext.txt		WGS, whole genome sequencing; M, male; F, female	True
MM_22_BM	mendeley:9kx8hc6h66:MM_22_BM	age	44	file	evidence/PMC13014090_supplementary/BLOOD_BLD-2025-030083-mmc1.pdftotext.txt		MM_22 BMPC Purified PCs 44 F 5 High 60 1 MAF IgG NO NO NO NO YES NO #N/A #N/A #N/A NO NO	True
MM_22_BM	mendeley:9kx8hc6h66:MM_22_BM	age	44	file	evidence/PMC13014090_supplementary/BLOOD_BLD-2025-030083-mmc1.pdftotext.txt		ID Sample Processing Age Sex CTC (%) CTC level BMPC (%) ISS Genomic group Isotype t(11;14) t(4;14) t(14;16) t(14;_20) t(8;14) del17p amp1q del1p del13q MYC alteration WGS	True
MM_22_BM	mendeley:9kx8hc6h66:MM_22_BM	disease_free_text	multiple myeloma	file	evidence/PMC13014090.txt		paired bone marrow and blood samples from patients with newly diagnosed multiple myeloma were analyzed by single-cell transcriptomics	True
MM_22_BM	mendeley:9kx8hc6h66:MM_22_BM	disease_free_text	multiple myeloma	file	evidence/PMC13014090_supplementary/BLOOD_BLD-2025-030083-mmc1.pdftotext.txt		Supplemental Table 3. Patient characteristics of our scRNAseq cohort of newly diagnosed multiple myeloma samples (n=25)	True
MM_22_BM	mendeley:9kx8hc6h66:MM_22_BM	disease_stage	newly diagnosed	file	evidence/PMC13014090_supplementary/BLOOD_BLD-2025-030083-mmc1.pdftotext.txt		Supplemental Table 3. Patient characteristics of our scRNAseq cohort of newly diagnosed multiple myeloma samples (n=25)	True
MM_22_BM	mendeley:9kx8hc6h66:MM_22_BM	disease_stage	newly diagnosed	file	evidence/PMC13014090.txt		We generated scRNAseq data from 25 patients with NDMM	True
MM_22_BM	mendeley:9kx8hc6h66:MM_22_BM	tissue_free_text	bone marrow	file	evidence/PMC13014090.txt		paired bone marrow and blood samples from patients with newly diagnosed multiple myeloma were analyzed by single-cell transcriptomics	True
MM_22_BM	mendeley:9kx8hc6h66:MM_22_BM	tissue_free_text	bone marrow	file	evidence/PMC13014090_supplementary/BLOOD_BLD-2025-030083-mmc1.pdftotext.txt		MM_22 BMPC Purified PCs 44 F 5 High 60 1 MAF IgG NO NO NO NO YES NO #N/A #N/A #N/A NO NO	True
MM_22_BM	mendeley:9kx8hc6h66:MM_22_BM	tissue_type	tissue	file	evidence/PMC13014090.txt		paired bone marrow and blood samples from patients with newly diagnosed multiple myeloma were analyzed by single-cell transcriptomics	True
MM_22_BM	mendeley:9kx8hc6h66:MM_22_BM	suspension_type	cell	file	evidence/PMC13014090.txt		Single-cell transcriptomes were generated using Chromium Single-cell 3′ Reagent kit version (v) 3 (10x Genomics).	True
MM_22_BM	mendeley:9kx8hc6h66:MM_22_BM	assay	10x 3' v3	file	evidence/PMC13014090.txt		Single-cell transcriptomes were generated using Chromium Single-cell 3′ Reagent kit version (v) 3 (10x Genomics).	True
MM_22_BM	mendeley:9kx8hc6h66:MM_22_BM	assay	10x 3' v3	file	evidence/PMC13014090_supplementary/BLOOD_BLD-2025-030083-mmc1.pdftotext.txt		After GEM generation using 3′ Reagent kit v3 (10x Genomics)	True
MM_22_BM	mendeley:9kx8hc6h66:MM_22_BM	cell_enrichment	purified plasma cells (CD138 positive selection, FACS sort)	file	evidence/PMC13014090_supplementary/BLOOD_BLD-2025-030083-mmc1.pdftotext.txt		MM_22 BMPC Purified PCs 44 F 5 High 60 1 MAF IgG NO NO NO NO YES NO #N/A #N/A #N/A NO NO	True
MM_22_BM	mendeley:9kx8hc6h66:MM_22_BM	cell_enrichment	purified plasma cells (CD138 positive selection, FACS sort)	file	evidence/PMC13014090.txt		BM PCs (BMPCs) were purified by EasySep human CD138 Positive Selection kit II (Stemcell) before freezing.	True
MM_22_BM	mendeley:9kx8hc6h66:MM_22_BM	cell_enrichment	purified plasma cells (CD138 positive selection, FACS sort)	file	evidence/PMC13014090.txt		Viably frozen CD138-positive BM fractions and total PBMCs were thawed	True
MM_22_BM	mendeley:9kx8hc6h66:MM_22_BM	cell_enrichment	purified plasma cells (CD138 positive selection, FACS sort)	file	evidence/PMC13014090.txt		sorted on a FACS ARIA II, using DAPI (4′,6-diamidino-2-phenylindole) for dead cell exclusion	True
MM_22_BM	mendeley:9kx8hc6h66:MM_22_BM	cell_enrichment	purified plasma cells (CD138 positive selection, FACS sort)	file	evidence/PMC13014090_supplementary/BLOOD_BLD-2025-030083-mmc1.pdftotext.txt		Supplemental Table 2. Flow panel for tumor plasma cell sorting	True
MM_22_BM	mendeley:9kx8hc6h66:MM_22_BM	treatment_status	untreated	file	evidence/PMC13014090.txt		BM aspirates and paired peripheral blood (PB) were collected from patients with NDMM before starting therapy	True
MM_22_BM	mendeley:9kx8hc6h66:MM_22_BM	treatment_status	untreated	file	evidence/PMC13014090_supplementary/BLOOD_BLD-2025-030083-mmc1.pdftotext.txt		MM_22 BMPC Purified PCs 44 F 5 High 60 1 MAF IgG NO NO NO NO YES NO #N/A #N/A #N/A NO NO	True
MM_22_BM	mendeley:9kx8hc6h66:MM_22_BM	sample_preservation	cryopreserved	file	evidence/PMC13014090.txt		Viably frozen CD138-positive BM fractions and total PBMCs were thawed	True
MM_22_BM	mendeley:9kx8hc6h66:MM_22_BM	sample_preservation	cryopreserved	file	evidence/PMC13014090_supplementary/BLOOD_BLD-2025-030083-mmc1.pdftotext.txt		MM_22 BMPC Purified PCs 44 F 5 High 60 1 MAF IgG NO NO NO NO YES NO #N/A #N/A #N/A NO NO	True
MM_23_BM	mendeley:9kx8hc6h66:MM_23_BM	donor_id	MM_23	file	evidence/PMC13014090_supplementary/BLOOD_BLD-2025-030083-mmc1.pdftotext.txt		MM_23 BMPC Purified PCs 52 M 0.0004 Low 18 1 HD IgG_L NO NO NO NO NO NO YES NO NO NO YES	True
MM_23_BM	mendeley:9kx8hc6h66:MM_23_BM	donor_id	MM_23	file	evidence/PMC13014090_supplementary/BLOOD_BLD-2025-030083-mmc1.pdftotext.txt		ID Sample Processing Age Sex CTC (%) CTC level BMPC (%) ISS Genomic group Isotype t(11;14) t(4;14) t(14;16) t(14;_20) t(8;14) del17p amp1q del1p del13q MYC alteration WGS	True
MM_23_BM	mendeley:9kx8hc6h66:MM_23_BM	sex	male	file	evidence/PMC13014090_supplementary/BLOOD_BLD-2025-030083-mmc1.pdftotext.txt		MM_23 BMPC Purified PCs 52 M 0.0004 Low 18 1 HD IgG_L NO NO NO NO NO NO YES NO NO NO YES	True
MM_23_BM	mendeley:9kx8hc6h66:MM_23_BM	sex	male	file	evidence/PMC13014090_supplementary/BLOOD_BLD-2025-030083-mmc1.pdftotext.txt		WGS, whole genome sequencing; M, male; F, female	True
MM_23_BM	mendeley:9kx8hc6h66:MM_23_BM	age	52	file	evidence/PMC13014090_supplementary/BLOOD_BLD-2025-030083-mmc1.pdftotext.txt		MM_23 BMPC Purified PCs 52 M 0.0004 Low 18 1 HD IgG_L NO NO NO NO NO NO YES NO NO NO YES	True
MM_23_BM	mendeley:9kx8hc6h66:MM_23_BM	age	52	file	evidence/PMC13014090_supplementary/BLOOD_BLD-2025-030083-mmc1.pdftotext.txt		ID Sample Processing Age Sex CTC (%) CTC level BMPC (%) ISS Genomic group Isotype t(11;14) t(4;14) t(14;16) t(14;_20) t(8;14) del17p amp1q del1p del13q MYC alteration WGS	True
MM_23_BM	mendeley:9kx8hc6h66:MM_23_BM	disease_free_text	multiple myeloma	file	evidence/PMC13014090.txt		paired bone marrow and blood samples from patients with newly diagnosed multiple myeloma were analyzed by single-cell transcriptomics	True
MM_23_BM	mendeley:9kx8hc6h66:MM_23_BM	disease_free_text	multiple myeloma	file	evidence/PMC13014090_supplementary/BLOOD_BLD-2025-030083-mmc1.pdftotext.txt		Supplemental Table 3. Patient characteristics of our scRNAseq cohort of newly diagnosed multiple myeloma samples (n=25)	True
MM_23_BM	mendeley:9kx8hc6h66:MM_23_BM	disease_stage	newly diagnosed	file	evidence/PMC13014090_supplementary/BLOOD_BLD-2025-030083-mmc1.pdftotext.txt		Supplemental Table 3. Patient characteristics of our scRNAseq cohort of newly diagnosed multiple myeloma samples (n=25)	True
MM_23_BM	mendeley:9kx8hc6h66:MM_23_BM	disease_stage	newly diagnosed	file	evidence/PMC13014090.txt		We generated scRNAseq data from 25 patients with NDMM	True
MM_23_BM	mendeley:9kx8hc6h66:MM_23_BM	tissue_free_text	bone marrow	file	evidence/PMC13014090.txt		paired bone marrow and blood samples from patients with newly diagnosed multiple myeloma were analyzed by single-cell transcriptomics	True
MM_23_BM	mendeley:9kx8hc6h66:MM_23_BM	tissue_free_text	bone marrow	file	evidence/PMC13014090_supplementary/BLOOD_BLD-2025-030083-mmc1.pdftotext.txt		MM_23 BMPC Purified PCs 52 M 0.0004 Low 18 1 HD IgG_L NO NO NO NO NO NO YES NO NO NO YES	True
MM_23_BM	mendeley:9kx8hc6h66:MM_23_BM	tissue_type	tissue	file	evidence/PMC13014090.txt		paired bone marrow and blood samples from patients with newly diagnosed multiple myeloma were analyzed by single-cell transcriptomics	True
MM_23_BM	mendeley:9kx8hc6h66:MM_23_BM	suspension_type	cell	file	evidence/PMC13014090.txt		Single-cell transcriptomes were generated using Chromium Single-cell 3′ Reagent kit version (v) 3 (10x Genomics).	True
MM_23_BM	mendeley:9kx8hc6h66:MM_23_BM	assay	10x 3' v3	file	evidence/PMC13014090.txt		Single-cell transcriptomes were generated using Chromium Single-cell 3′ Reagent kit version (v) 3 (10x Genomics).	True
MM_23_BM	mendeley:9kx8hc6h66:MM_23_BM	assay	10x 3' v3	file	evidence/PMC13014090_supplementary/BLOOD_BLD-2025-030083-mmc1.pdftotext.txt		After GEM generation using 3′ Reagent kit v3 (10x Genomics)	True
MM_23_BM	mendeley:9kx8hc6h66:MM_23_BM	cell_enrichment	purified plasma cells (CD138 positive selection, FACS sort)	file	evidence/PMC13014090_supplementary/BLOOD_BLD-2025-030083-mmc1.pdftotext.txt		MM_23 BMPC Purified PCs 52 M 0.0004 Low 18 1 HD IgG_L NO NO NO NO NO NO YES NO NO NO YES	True
MM_23_BM	mendeley:9kx8hc6h66:MM_23_BM	cell_enrichment	purified plasma cells (CD138 positive selection, FACS sort)	file	evidence/PMC13014090.txt		BM PCs (BMPCs) were purified by EasySep human CD138 Positive Selection kit II (Stemcell) before freezing.	True
MM_23_BM	mendeley:9kx8hc6h66:MM_23_BM	cell_enrichment	purified plasma cells (CD138 positive selection, FACS sort)	file	evidence/PMC13014090.txt		Viably frozen CD138-positive BM fractions and total PBMCs were thawed	True
MM_23_BM	mendeley:9kx8hc6h66:MM_23_BM	cell_enrichment	purified plasma cells (CD138 positive selection, FACS sort)	file	evidence/PMC13014090.txt		sorted on a FACS ARIA II, using DAPI (4′,6-diamidino-2-phenylindole) for dead cell exclusion	True
MM_23_BM	mendeley:9kx8hc6h66:MM_23_BM	cell_enrichment	purified plasma cells (CD138 positive selection, FACS sort)	file	evidence/PMC13014090_supplementary/BLOOD_BLD-2025-030083-mmc1.pdftotext.txt		Supplemental Table 2. Flow panel for tumor plasma cell sorting	True
MM_23_BM	mendeley:9kx8hc6h66:MM_23_BM	treatment_status	untreated	file	evidence/PMC13014090.txt		BM aspirates and paired peripheral blood (PB) were collected from patients with NDMM before starting therapy	True
MM_23_BM	mendeley:9kx8hc6h66:MM_23_BM	treatment_status	untreated	file	evidence/PMC13014090_supplementary/BLOOD_BLD-2025-030083-mmc1.pdftotext.txt		MM_23 BMPC Purified PCs 52 M 0.0004 Low 18 1 HD IgG_L NO NO NO NO NO NO YES NO NO NO YES	True
MM_23_BM	mendeley:9kx8hc6h66:MM_23_BM	sample_preservation	cryopreserved	file	evidence/PMC13014090.txt		Viably frozen CD138-positive BM fractions and total PBMCs were thawed	True
MM_23_BM	mendeley:9kx8hc6h66:MM_23_BM	sample_preservation	cryopreserved	file	evidence/PMC13014090_supplementary/BLOOD_BLD-2025-030083-mmc1.pdftotext.txt		MM_23 BMPC Purified PCs 52 M 0.0004 Low 18 1 HD IgG_L NO NO NO NO NO NO YES NO NO NO YES	True
MM_24_BM	mendeley:9kx8hc6h66:MM_24_BM	donor_id	MM_24	file	evidence/PMC13014090_supplementary/BLOOD_BLD-2025-030083-mmc1.pdftotext.txt		MM_24 BMPC Purified PCs 59 F 0.0006 Low 36 1 HD #N/A NO NO NO NO NO NO NO NO NO YES; t(6;8) YES	True
MM_24_BM	mendeley:9kx8hc6h66:MM_24_BM	donor_id	MM_24	file	evidence/PMC13014090_supplementary/BLOOD_BLD-2025-030083-mmc1.pdftotext.txt		ID Sample Processing Age Sex CTC (%) CTC level BMPC (%) ISS Genomic group Isotype t(11;14) t(4;14) t(14;16) t(14;_20) t(8;14) del17p amp1q del1p del13q MYC alteration WGS	True
MM_24_BM	mendeley:9kx8hc6h66:MM_24_BM	sex	female	file	evidence/PMC13014090_supplementary/BLOOD_BLD-2025-030083-mmc1.pdftotext.txt		MM_24 BMPC Purified PCs 59 F 0.0006 Low 36 1 HD #N/A NO NO NO NO NO NO NO NO NO YES; t(6;8) YES	True
MM_24_BM	mendeley:9kx8hc6h66:MM_24_BM	sex	female	file	evidence/PMC13014090_supplementary/BLOOD_BLD-2025-030083-mmc1.pdftotext.txt		WGS, whole genome sequencing; M, male; F, female	True
MM_24_BM	mendeley:9kx8hc6h66:MM_24_BM	age	59	file	evidence/PMC13014090_supplementary/BLOOD_BLD-2025-030083-mmc1.pdftotext.txt		MM_24 BMPC Purified PCs 59 F 0.0006 Low 36 1 HD #N/A NO NO NO NO NO NO NO NO NO YES; t(6;8) YES	True
MM_24_BM	mendeley:9kx8hc6h66:MM_24_BM	age	59	file	evidence/PMC13014090_supplementary/BLOOD_BLD-2025-030083-mmc1.pdftotext.txt		ID Sample Processing Age Sex CTC (%) CTC level BMPC (%) ISS Genomic group Isotype t(11;14) t(4;14) t(14;16) t(14;_20) t(8;14) del17p amp1q del1p del13q MYC alteration WGS	True
MM_24_BM	mendeley:9kx8hc6h66:MM_24_BM	disease_free_text	multiple myeloma	file	evidence/PMC13014090.txt		paired bone marrow and blood samples from patients with newly diagnosed multiple myeloma were analyzed by single-cell transcriptomics	True
MM_24_BM	mendeley:9kx8hc6h66:MM_24_BM	disease_free_text	multiple myeloma	file	evidence/PMC13014090_supplementary/BLOOD_BLD-2025-030083-mmc1.pdftotext.txt		Supplemental Table 3. Patient characteristics of our scRNAseq cohort of newly diagnosed multiple myeloma samples (n=25)	True
MM_24_BM	mendeley:9kx8hc6h66:MM_24_BM	disease_stage	newly diagnosed	file	evidence/PMC13014090_supplementary/BLOOD_BLD-2025-030083-mmc1.pdftotext.txt		Supplemental Table 3. Patient characteristics of our scRNAseq cohort of newly diagnosed multiple myeloma samples (n=25)	True
MM_24_BM	mendeley:9kx8hc6h66:MM_24_BM	disease_stage	newly diagnosed	file	evidence/PMC13014090.txt		We generated scRNAseq data from 25 patients with NDMM	True
MM_24_BM	mendeley:9kx8hc6h66:MM_24_BM	tissue_free_text	bone marrow	file	evidence/PMC13014090.txt		paired bone marrow and blood samples from patients with newly diagnosed multiple myeloma were analyzed by single-cell transcriptomics	True
MM_24_BM	mendeley:9kx8hc6h66:MM_24_BM	tissue_free_text	bone marrow	file	evidence/PMC13014090_supplementary/BLOOD_BLD-2025-030083-mmc1.pdftotext.txt		MM_24 BMPC Purified PCs 59 F 0.0006 Low 36 1 HD #N/A NO NO NO NO NO NO NO NO NO YES; t(6;8) YES	True
MM_24_BM	mendeley:9kx8hc6h66:MM_24_BM	tissue_type	tissue	file	evidence/PMC13014090.txt		paired bone marrow and blood samples from patients with newly diagnosed multiple myeloma were analyzed by single-cell transcriptomics	True
MM_24_BM	mendeley:9kx8hc6h66:MM_24_BM	suspension_type	cell	file	evidence/PMC13014090.txt		Single-cell transcriptomes were generated using Chromium Single-cell 3′ Reagent kit version (v) 3 (10x Genomics).	True
MM_24_BM	mendeley:9kx8hc6h66:MM_24_BM	assay	10x 3' v3	file	evidence/PMC13014090.txt		Single-cell transcriptomes were generated using Chromium Single-cell 3′ Reagent kit version (v) 3 (10x Genomics).	True
MM_24_BM	mendeley:9kx8hc6h66:MM_24_BM	assay	10x 3' v3	file	evidence/PMC13014090_supplementary/BLOOD_BLD-2025-030083-mmc1.pdftotext.txt		After GEM generation using 3′ Reagent kit v3 (10x Genomics)	True
MM_24_BM	mendeley:9kx8hc6h66:MM_24_BM	cell_enrichment	purified plasma cells (CD138 positive selection, FACS sort)	file	evidence/PMC13014090_supplementary/BLOOD_BLD-2025-030083-mmc1.pdftotext.txt		MM_24 BMPC Purified PCs 59 F 0.0006 Low 36 1 HD #N/A NO NO NO NO NO NO NO NO NO YES; t(6;8) YES	True
MM_24_BM	mendeley:9kx8hc6h66:MM_24_BM	cell_enrichment	purified plasma cells (CD138 positive selection, FACS sort)	file	evidence/PMC13014090.txt		BM PCs (BMPCs) were purified by EasySep human CD138 Positive Selection kit II (Stemcell) before freezing.	True
MM_24_BM	mendeley:9kx8hc6h66:MM_24_BM	cell_enrichment	purified plasma cells (CD138 positive selection, FACS sort)	file	evidence/PMC13014090.txt		Viably frozen CD138-positive BM fractions and total PBMCs were thawed	True
MM_24_BM	mendeley:9kx8hc6h66:MM_24_BM	cell_enrichment	purified plasma cells (CD138 positive selection, FACS sort)	file	evidence/PMC13014090.txt		sorted on a FACS ARIA II, using DAPI (4′,6-diamidino-2-phenylindole) for dead cell exclusion	True
MM_24_BM	mendeley:9kx8hc6h66:MM_24_BM	cell_enrichment	purified plasma cells (CD138 positive selection, FACS sort)	file	evidence/PMC13014090_supplementary/BLOOD_BLD-2025-030083-mmc1.pdftotext.txt		Supplemental Table 2. Flow panel for tumor plasma cell sorting	True
MM_24_BM	mendeley:9kx8hc6h66:MM_24_BM	treatment_status	untreated	file	evidence/PMC13014090.txt		BM aspirates and paired peripheral blood (PB) were collected from patients with NDMM before starting therapy	True
MM_24_BM	mendeley:9kx8hc6h66:MM_24_BM	treatment_status	untreated	file	evidence/PMC13014090_supplementary/BLOOD_BLD-2025-030083-mmc1.pdftotext.txt		MM_24 BMPC Purified PCs 59 F 0.0006 Low 36 1 HD #N/A NO NO NO NO NO NO NO NO NO YES; t(6;8) YES	True
MM_24_BM	mendeley:9kx8hc6h66:MM_24_BM	sample_preservation	cryopreserved	file	evidence/PMC13014090.txt		Viably frozen CD138-positive BM fractions and total PBMCs were thawed	True
MM_24_BM	mendeley:9kx8hc6h66:MM_24_BM	sample_preservation	cryopreserved	file	evidence/PMC13014090_supplementary/BLOOD_BLD-2025-030083-mmc1.pdftotext.txt		MM_24 BMPC Purified PCs 59 F 0.0006 Low 36 1 HD #N/A NO NO NO NO NO NO NO NO NO YES; t(6;8) YES	True
MM_25_BM	mendeley:9kx8hc6h66:MM_25_BM	donor_id	MM_25	file	evidence/PMC13014090_supplementary/BLOOD_BLD-2025-030083-mmc1.pdftotext.txt		MM_25 BMPC Purified PCs 56 F 0.0006 Low 32 1 CCND L NO NO NO NO NO NO NO NO YES NO YES	True
MM_25_BM	mendeley:9kx8hc6h66:MM_25_BM	donor_id	MM_25	file	evidence/PMC13014090_supplementary/BLOOD_BLD-2025-030083-mmc1.pdftotext.txt		ID Sample Processing Age Sex CTC (%) CTC level BMPC (%) ISS Genomic group Isotype t(11;14) t(4;14) t(14;16) t(14;_20) t(8;14) del17p amp1q del1p del13q MYC alteration WGS	True
MM_25_BM	mendeley:9kx8hc6h66:MM_25_BM	sex	female	file	evidence/PMC13014090_supplementary/BLOOD_BLD-2025-030083-mmc1.pdftotext.txt		MM_25 BMPC Purified PCs 56 F 0.0006 Low 32 1 CCND L NO NO NO NO NO NO NO NO YES NO YES	True
MM_25_BM	mendeley:9kx8hc6h66:MM_25_BM	sex	female	file	evidence/PMC13014090_supplementary/BLOOD_BLD-2025-030083-mmc1.pdftotext.txt		WGS, whole genome sequencing; M, male; F, female	True
MM_25_BM	mendeley:9kx8hc6h66:MM_25_BM	age	56	file	evidence/PMC13014090_supplementary/BLOOD_BLD-2025-030083-mmc1.pdftotext.txt		MM_25 BMPC Purified PCs 56 F 0.0006 Low 32 1 CCND L NO NO NO NO NO NO NO NO YES NO YES	True
MM_25_BM	mendeley:9kx8hc6h66:MM_25_BM	age	56	file	evidence/PMC13014090_supplementary/BLOOD_BLD-2025-030083-mmc1.pdftotext.txt		ID Sample Processing Age Sex CTC (%) CTC level BMPC (%) ISS Genomic group Isotype t(11;14) t(4;14) t(14;16) t(14;_20) t(8;14) del17p amp1q del1p del13q MYC alteration WGS	True
MM_25_BM	mendeley:9kx8hc6h66:MM_25_BM	disease_free_text	multiple myeloma	file	evidence/PMC13014090.txt		paired bone marrow and blood samples from patients with newly diagnosed multiple myeloma were analyzed by single-cell transcriptomics	True
MM_25_BM	mendeley:9kx8hc6h66:MM_25_BM	disease_free_text	multiple myeloma	file	evidence/PMC13014090_supplementary/BLOOD_BLD-2025-030083-mmc1.pdftotext.txt		Supplemental Table 3. Patient characteristics of our scRNAseq cohort of newly diagnosed multiple myeloma samples (n=25)	True
MM_25_BM	mendeley:9kx8hc6h66:MM_25_BM	disease_stage	newly diagnosed	file	evidence/PMC13014090_supplementary/BLOOD_BLD-2025-030083-mmc1.pdftotext.txt		Supplemental Table 3. Patient characteristics of our scRNAseq cohort of newly diagnosed multiple myeloma samples (n=25)	True
MM_25_BM	mendeley:9kx8hc6h66:MM_25_BM	disease_stage	newly diagnosed	file	evidence/PMC13014090.txt		We generated scRNAseq data from 25 patients with NDMM	True
MM_25_BM	mendeley:9kx8hc6h66:MM_25_BM	tissue_free_text	bone marrow	file	evidence/PMC13014090.txt		paired bone marrow and blood samples from patients with newly diagnosed multiple myeloma were analyzed by single-cell transcriptomics	True
MM_25_BM	mendeley:9kx8hc6h66:MM_25_BM	tissue_free_text	bone marrow	file	evidence/PMC13014090_supplementary/BLOOD_BLD-2025-030083-mmc1.pdftotext.txt		MM_25 BMPC Purified PCs 56 F 0.0006 Low 32 1 CCND L NO NO NO NO NO NO NO NO YES NO YES	True
MM_25_BM	mendeley:9kx8hc6h66:MM_25_BM	tissue_type	tissue	file	evidence/PMC13014090.txt		paired bone marrow and blood samples from patients with newly diagnosed multiple myeloma were analyzed by single-cell transcriptomics	True
MM_25_BM	mendeley:9kx8hc6h66:MM_25_BM	suspension_type	cell	file	evidence/PMC13014090.txt		Single-cell transcriptomes were generated using Chromium Single-cell 3′ Reagent kit version (v) 3 (10x Genomics).	True
MM_25_BM	mendeley:9kx8hc6h66:MM_25_BM	assay	10x 3' v3	file	evidence/PMC13014090.txt		Single-cell transcriptomes were generated using Chromium Single-cell 3′ Reagent kit version (v) 3 (10x Genomics).	True
MM_25_BM	mendeley:9kx8hc6h66:MM_25_BM	assay	10x 3' v3	file	evidence/PMC13014090_supplementary/BLOOD_BLD-2025-030083-mmc1.pdftotext.txt		After GEM generation using 3′ Reagent kit v3 (10x Genomics)	True
MM_25_BM	mendeley:9kx8hc6h66:MM_25_BM	cell_enrichment	purified plasma cells (CD138 positive selection, FACS sort)	file	evidence/PMC13014090_supplementary/BLOOD_BLD-2025-030083-mmc1.pdftotext.txt		MM_25 BMPC Purified PCs 56 F 0.0006 Low 32 1 CCND L NO NO NO NO NO NO NO NO YES NO YES	True
MM_25_BM	mendeley:9kx8hc6h66:MM_25_BM	cell_enrichment	purified plasma cells (CD138 positive selection, FACS sort)	file	evidence/PMC13014090.txt		BM PCs (BMPCs) were purified by EasySep human CD138 Positive Selection kit II (Stemcell) before freezing.	True
MM_25_BM	mendeley:9kx8hc6h66:MM_25_BM	cell_enrichment	purified plasma cells (CD138 positive selection, FACS sort)	file	evidence/PMC13014090.txt		Viably frozen CD138-positive BM fractions and total PBMCs were thawed	True
MM_25_BM	mendeley:9kx8hc6h66:MM_25_BM	cell_enrichment	purified plasma cells (CD138 positive selection, FACS sort)	file	evidence/PMC13014090.txt		sorted on a FACS ARIA II, using DAPI (4′,6-diamidino-2-phenylindole) for dead cell exclusion	True
MM_25_BM	mendeley:9kx8hc6h66:MM_25_BM	cell_enrichment	purified plasma cells (CD138 positive selection, FACS sort)	file	evidence/PMC13014090_supplementary/BLOOD_BLD-2025-030083-mmc1.pdftotext.txt		Supplemental Table 2. Flow panel for tumor plasma cell sorting	True
MM_25_BM	mendeley:9kx8hc6h66:MM_25_BM	treatment_status	untreated	file	evidence/PMC13014090.txt		BM aspirates and paired peripheral blood (PB) were collected from patients with NDMM before starting therapy	True
MM_25_BM	mendeley:9kx8hc6h66:MM_25_BM	treatment_status	untreated	file	evidence/PMC13014090_supplementary/BLOOD_BLD-2025-030083-mmc1.pdftotext.txt		MM_25 BMPC Purified PCs 56 F 0.0006 Low 32 1 CCND L NO NO NO NO NO NO NO NO YES NO YES	True
MM_25_BM	mendeley:9kx8hc6h66:MM_25_BM	sample_preservation	cryopreserved	file	evidence/PMC13014090.txt		Viably frozen CD138-positive BM fractions and total PBMCs were thawed	True
MM_25_BM	mendeley:9kx8hc6h66:MM_25_BM	sample_preservation	cryopreserved	file	evidence/PMC13014090_supplementary/BLOOD_BLD-2025-030083-mmc1.pdftotext.txt		MM_25 BMPC Purified PCs 56 F 0.0006 Low 32 1 CCND L NO NO NO NO NO NO NO NO YES NO YES	True
