sample_id	sample_uid	field	value	source	ref	scope	quote	verified
FH1002_BM_TRNY1	zenodo:14872876:FH1002_BM_TRNY1	donor_id	<column patient>	column	raw/fp-d792c3a111a3/adata-rev.h5ad::obs/patient			True
FH1002_PB_Y2D90	zenodo:14872876:FH1002_PB_Y2D90	donor_id	<column patient>	column	raw/fp-d792c3a111a3/adata-rev.h5ad::obs/patient			True
FH1003_BM_EIND1	zenodo:14872876:FH1003_BM_EIND1	donor_id	<column patient>	column	raw/fp-d792c3a111a3/adata-rev.h5ad::obs/patient			True
FH1003_BM_PRETX	zenodo:14872876:FH1003_BM_PRETX	donor_id	<column patient>	column	raw/fp-d792c3a111a3/adata-rev.h5ad::obs/patient			True
FH1003_BM_TRN90	zenodo:14872876:FH1003_BM_TRN90	donor_id	<column patient>	column	raw/fp-d792c3a111a3/adata-rev.h5ad::obs/patient			True
FH1003_BM_TRNY1	zenodo:14872876:FH1003_BM_TRNY1	donor_id	<column patient>	column	raw/fp-d792c3a111a3/adata-rev.h5ad::obs/patient			True
FH1003_PB_EIND1	zenodo:14872876:FH1003_PB_EIND1	donor_id	<column patient>	column	raw/fp-d792c3a111a3/adata-rev.h5ad::obs/patient			True
FH1003_PB_EIND2	zenodo:14872876:FH1003_PB_EIND2	donor_id	<column patient>	column	raw/fp-d792c3a111a3/adata-rev.h5ad::obs/patient			True
FH1003_PB_INDC3	zenodo:14872876:FH1003_PB_INDC3	donor_id	<column patient>	column	raw/fp-d792c3a111a3/adata-rev.h5ad::obs/patient			True
FH1003_PB_PRETX	zenodo:14872876:FH1003_PB_PRETX	donor_id	<column patient>	column	raw/fp-d792c3a111a3/adata-rev.h5ad::obs/patient			True
FH1003_PB_TRN90	zenodo:14872876:FH1003_PB_TRN90	donor_id	<column patient>	column	raw/fp-d792c3a111a3/adata-rev.h5ad::obs/patient			True
FH1003_PB_TRNY1	zenodo:14872876:FH1003_PB_TRNY1	donor_id	<column patient>	column	raw/fp-d792c3a111a3/adata-rev.h5ad::obs/patient			True
FH1004_PB_EIND1	zenodo:14872876:FH1004_PB_EIND1	donor_id	<column patient>	column	raw/fp-d792c3a111a3/adata-rev.h5ad::obs/patient			True
FH1004_PB_EIND2	zenodo:14872876:FH1004_PB_EIND2	donor_id	<column patient>	column	raw/fp-d792c3a111a3/adata-rev.h5ad::obs/patient			True
FH1004_PB_INDC2	zenodo:14872876:FH1004_PB_INDC2	donor_id	<column patient>	column	raw/fp-d792c3a111a3/adata-rev.h5ad::obs/patient			True
FH1004_PB_INDC3	zenodo:14872876:FH1004_PB_INDC3	donor_id	<column patient>	column	raw/fp-d792c3a111a3/adata-rev.h5ad::obs/patient			True
FH1004_PB_PRETX	zenodo:14872876:FH1004_PB_PRETX	donor_id	<column patient>	column	raw/fp-d792c3a111a3/adata-rev.h5ad::obs/patient			True
FH1004_PB_TRN90	zenodo:14872876:FH1004_PB_TRN90	donor_id	<column patient>	column	raw/fp-d792c3a111a3/adata-rev.h5ad::obs/patient			True
FH1005_BM_EIND1	zenodo:14872876:FH1005_BM_EIND1	donor_id	<column patient>	column	raw/fp-d792c3a111a3/adata-rev.h5ad::obs/patient			True
FH1005_BM_PRETX	zenodo:14872876:FH1005_BM_PRETX	donor_id	<column patient>	column	raw/fp-d792c3a111a3/adata-rev.h5ad::obs/patient			True
FH1005_BM_TRN90	zenodo:14872876:FH1005_BM_TRN90	donor_id	<column patient>	column	raw/fp-d792c3a111a3/adata-rev.h5ad::obs/patient			True
FH1005_PB_EIND2	zenodo:14872876:FH1005_PB_EIND2	donor_id	<column patient>	column	raw/fp-d792c3a111a3/adata-rev.h5ad::obs/patient			True
FH1005_PB_INDC3	zenodo:14872876:FH1005_PB_INDC3	donor_id	<column patient>	column	raw/fp-d792c3a111a3/adata-rev.h5ad::obs/patient			True
FH1005_PB_PRETX	zenodo:14872876:FH1005_PB_PRETX	donor_id	<column patient>	column	raw/fp-d792c3a111a3/adata-rev.h5ad::obs/patient			True
FH1005_PB_PoCo15	zenodo:14872876:FH1005_PB_PoCo15	donor_id	<column patient>	column	raw/fp-d792c3a111a3/adata-rev.h5ad::obs/patient			True
FH1005_PB_TRN90	zenodo:14872876:FH1005_PB_TRN90	donor_id	<column patient>	column	raw/fp-d792c3a111a3/adata-rev.h5ad::obs/patient			True
FH1006_PB_EIND1	zenodo:14872876:FH1006_PB_EIND1	donor_id	<column patient>	column	raw/fp-d792c3a111a3/adata-rev.h5ad::obs/patient			True
FH1006_PB_EIND2	zenodo:14872876:FH1006_PB_EIND2	donor_id	<column patient>	column	raw/fp-d792c3a111a3/adata-rev.h5ad::obs/patient			True
FH1006_PB_INDC3	zenodo:14872876:FH1006_PB_INDC3	donor_id	<column patient>	column	raw/fp-d792c3a111a3/adata-rev.h5ad::obs/patient			True
FH1006_PB_PRETX	zenodo:14872876:FH1006_PB_PRETX	donor_id	<column patient>	column	raw/fp-d792c3a111a3/adata-rev.h5ad::obs/patient			True
FH1006_PB_TRN60	zenodo:14872876:FH1006_PB_TRN60	donor_id	<column patient>	column	raw/fp-d792c3a111a3/adata-rev.h5ad::obs/patient			True
FH1006_PB_TRN90	zenodo:14872876:FH1006_PB_TRN90	donor_id	<column patient>	column	raw/fp-d792c3a111a3/adata-rev.h5ad::obs/patient			True
FH1006_PB_TRNY1	zenodo:14872876:FH1006_PB_TRNY1	donor_id	<column patient>	column	raw/fp-d792c3a111a3/adata-rev.h5ad::obs/patient			True
FH1007_BM_PRETX	zenodo:14872876:FH1007_BM_PRETX	donor_id	<column patient>	column	raw/fp-d792c3a111a3/adata-rev.h5ad::obs/patient			True
FH1007_BM_TRN90	zenodo:14872876:FH1007_BM_TRN90	donor_id	<column patient>	column	raw/fp-d792c3a111a3/adata-rev.h5ad::obs/patient			True
FH1007_BM_TRNY1	zenodo:14872876:FH1007_BM_TRNY1	donor_id	<column patient>	column	raw/fp-d792c3a111a3/adata-rev.h5ad::obs/patient			True
FH1007_PB_EIND1	zenodo:14872876:FH1007_PB_EIND1	donor_id	<column patient>	column	raw/fp-d792c3a111a3/adata-rev.h5ad::obs/patient			True
FH1007_PB_EIND2	zenodo:14872876:FH1007_PB_EIND2	donor_id	<column patient>	column	raw/fp-d792c3a111a3/adata-rev.h5ad::obs/patient			True
FH1007_PB_PRETX	zenodo:14872876:FH1007_PB_PRETX	donor_id	<column patient>	column	raw/fp-d792c3a111a3/adata-rev.h5ad::obs/patient			True
FH1007_PB_TRN90	zenodo:14872876:FH1007_PB_TRN90	donor_id	<column patient>	column	raw/fp-d792c3a111a3/adata-rev.h5ad::obs/patient			True
FH1007_PB_Y1D90	zenodo:14872876:FH1007_PB_Y1D90	donor_id	<column patient>	column	raw/fp-d792c3a111a3/adata-rev.h5ad::obs/patient			True
FH1008_BM_EIND1	zenodo:14872876:FH1008_BM_EIND1	donor_id	<column patient>	column	raw/fp-d792c3a111a3/adata-rev.h5ad::obs/patient			True
FH1008_BM_PRETX	zenodo:14872876:FH1008_BM_PRETX	donor_id	<column patient>	column	raw/fp-d792c3a111a3/adata-rev.h5ad::obs/patient			True
FH1008_BM_TRN90	zenodo:14872876:FH1008_BM_TRN90	donor_id	<column patient>	column	raw/fp-d792c3a111a3/adata-rev.h5ad::obs/patient			True
FH1008_BM_TRNY1	zenodo:14872876:FH1008_BM_TRNY1	donor_id	<column patient>	column	raw/fp-d792c3a111a3/adata-rev.h5ad::obs/patient			True
FH1008_PB_EIND1	zenodo:14872876:FH1008_PB_EIND1	donor_id	<column patient>	column	raw/fp-d792c3a111a3/adata-rev.h5ad::obs/patient			True
FH1008_PB_EIND2	zenodo:14872876:FH1008_PB_EIND2	donor_id	<column patient>	column	raw/fp-d792c3a111a3/adata-rev.h5ad::obs/patient			True
FH1008_PB_INDC3	zenodo:14872876:FH1008_PB_INDC3	donor_id	<column patient>	column	raw/fp-d792c3a111a3/adata-rev.h5ad::obs/patient			True
FH1008_PB_PRETX	zenodo:14872876:FH1008_PB_PRETX	donor_id	<column patient>	column	raw/fp-d792c3a111a3/adata-rev.h5ad::obs/patient			True
FH1008_PB_TRN90	zenodo:14872876:FH1008_PB_TRN90	donor_id	<column patient>	column	raw/fp-d792c3a111a3/adata-rev.h5ad::obs/patient			True
FH1008_PB_TRNY1	zenodo:14872876:FH1008_PB_TRNY1	donor_id	<column patient>	column	raw/fp-d792c3a111a3/adata-rev.h5ad::obs/patient			True
FH1009_BM_PRETX	zenodo:14872876:FH1009_BM_PRETX	donor_id	<column patient>	column	raw/fp-d792c3a111a3/adata-rev.h5ad::obs/patient			True
FH1009_BM_TRN90	zenodo:14872876:FH1009_BM_TRN90	donor_id	<column patient>	column	raw/fp-d792c3a111a3/adata-rev.h5ad::obs/patient			True
FH1009_PB_EIND2	zenodo:14872876:FH1009_PB_EIND2	donor_id	<column patient>	column	raw/fp-d792c3a111a3/adata-rev.h5ad::obs/patient			True
FH1009_PB_PRETX	zenodo:14872876:FH1009_PB_PRETX	donor_id	<column patient>	column	raw/fp-d792c3a111a3/adata-rev.h5ad::obs/patient			True
FH1009_PB_TRN90	zenodo:14872876:FH1009_PB_TRN90	donor_id	<column patient>	column	raw/fp-d792c3a111a3/adata-rev.h5ad::obs/patient			True
FH1011_BM_EIND1	zenodo:14872876:FH1011_BM_EIND1	donor_id	<column patient>	column	raw/fp-d792c3a111a3/adata-rev.h5ad::obs/patient			True
FH1011_BM_PRETX	zenodo:14872876:FH1011_BM_PRETX	donor_id	<column patient>	column	raw/fp-d792c3a111a3/adata-rev.h5ad::obs/patient			True
FH1011_BM_TRNY1	zenodo:14872876:FH1011_BM_TRNY1	donor_id	<column patient>	column	raw/fp-d792c3a111a3/adata-rev.h5ad::obs/patient			True
FH1011_PB_EIND2	zenodo:14872876:FH1011_PB_EIND2	donor_id	<column patient>	column	raw/fp-d792c3a111a3/adata-rev.h5ad::obs/patient			True
FH1011_PB_INDC3	zenodo:14872876:FH1011_PB_INDC3	donor_id	<column patient>	column	raw/fp-d792c3a111a3/adata-rev.h5ad::obs/patient			True
FH1011_PB_PRETX	zenodo:14872876:FH1011_PB_PRETX	donor_id	<column patient>	column	raw/fp-d792c3a111a3/adata-rev.h5ad::obs/patient			True
FH1011_PB_TRN90	zenodo:14872876:FH1011_PB_TRN90	donor_id	<column patient>	column	raw/fp-d792c3a111a3/adata-rev.h5ad::obs/patient			True
FH1011_PB_TRNY1	zenodo:14872876:FH1011_PB_TRNY1	donor_id	<column patient>	column	raw/fp-d792c3a111a3/adata-rev.h5ad::obs/patient			True
FH1016_BM_EIND1	zenodo:14872876:FH1016_BM_EIND1	donor_id	<column patient>	column	raw/fp-d792c3a111a3/adata-rev.h5ad::obs/patient			True
FH1016_BM_PRETX	zenodo:14872876:FH1016_BM_PRETX	donor_id	<column patient>	column	raw/fp-d792c3a111a3/adata-rev.h5ad::obs/patient			True
FH1016_BM_TRN90	zenodo:14872876:FH1016_BM_TRN90	donor_id	<column patient>	column	raw/fp-d792c3a111a3/adata-rev.h5ad::obs/patient			True
FH1016_BM_TRNY1	zenodo:14872876:FH1016_BM_TRNY1	donor_id	<column patient>	column	raw/fp-d792c3a111a3/adata-rev.h5ad::obs/patient			True
FH1016_PB_EIND2	zenodo:14872876:FH1016_PB_EIND2	donor_id	<column patient>	column	raw/fp-d792c3a111a3/adata-rev.h5ad::obs/patient			True
FH1016_PB_PRETX	zenodo:14872876:FH1016_PB_PRETX	donor_id	<column patient>	column	raw/fp-d792c3a111a3/adata-rev.h5ad::obs/patient			True
FH1016_PB_TRN90	zenodo:14872876:FH1016_PB_TRN90	donor_id	<column patient>	column	raw/fp-d792c3a111a3/adata-rev.h5ad::obs/patient			True
FH1016_PB_TRNY1	zenodo:14872876:FH1016_PB_TRNY1	donor_id	<column patient>	column	raw/fp-d792c3a111a3/adata-rev.h5ad::obs/patient			True
FH1022_BM_EIND1	zenodo:14872876:FH1022_BM_EIND1	donor_id	<column patient>	column	raw/fp-d792c3a111a3/adata-rev.h5ad::obs/patient			True
FH1022_BM_PRETX	zenodo:14872876:FH1022_BM_PRETX	donor_id	<column patient>	column	raw/fp-d792c3a111a3/adata-rev.h5ad::obs/patient			True
FH1022_BM_TRN90	zenodo:14872876:FH1022_BM_TRN90	donor_id	<column patient>	column	raw/fp-d792c3a111a3/adata-rev.h5ad::obs/patient			True
FH1022_BM_TRNY1	zenodo:14872876:FH1022_BM_TRNY1	donor_id	<column patient>	column	raw/fp-d792c3a111a3/adata-rev.h5ad::obs/patient			True
FH1022_PB_EIND1	zenodo:14872876:FH1022_PB_EIND1	donor_id	<column patient>	column	raw/fp-d792c3a111a3/adata-rev.h5ad::obs/patient			True
FH1022_PB_PRETX	zenodo:14872876:FH1022_PB_PRETX	donor_id	<column patient>	column	raw/fp-d792c3a111a3/adata-rev.h5ad::obs/patient			True
FH1022_PB_TRN90	zenodo:14872876:FH1022_PB_TRN90	donor_id	<column patient>	column	raw/fp-d792c3a111a3/adata-rev.h5ad::obs/patient			True
HC_BM_1	zenodo:14872876:HC_BM_1	donor_id	<column patient>	column	raw/fp-d792c3a111a3/adata-rev.h5ad::obs/patient			True
HC_BM_2	zenodo:14872876:HC_BM_2	donor_id	<column patient>	column	raw/fp-d792c3a111a3/adata-rev.h5ad::obs/patient			True
HC_BM_3	zenodo:14872876:HC_BM_3	donor_id	<column patient>	column	raw/fp-d792c3a111a3/adata-rev.h5ad::obs/patient			True
HC_BM_4	zenodo:14872876:HC_BM_4	donor_id	<column patient>	column	raw/fp-d792c3a111a3/adata-rev.h5ad::obs/patient			True
HC_BM_5	zenodo:14872876:HC_BM_5	donor_id	<column patient>	column	raw/fp-d792c3a111a3/adata-rev.h5ad::obs/patient			True
HC_BM_6	zenodo:14872876:HC_BM_6	donor_id	<column patient>	column	raw/fp-d792c3a111a3/adata-rev.h5ad::obs/patient			True
HC_BM_7	zenodo:14872876:HC_BM_7	donor_id	<column patient>	column	raw/fp-d792c3a111a3/adata-rev.h5ad::obs/patient			True
HC_BM_8	zenodo:14872876:HC_BM_8	donor_id	<column patient>	column	raw/fp-d792c3a111a3/adata-rev.h5ad::obs/patient			True
HC_PB_1	zenodo:14872876:HC_PB_1	donor_id	<column patient>	column	raw/fp-d792c3a111a3/adata-rev.h5ad::obs/patient			True
HC_PB_2	zenodo:14872876:HC_PB_2	donor_id	<column patient>	column	raw/fp-d792c3a111a3/adata-rev.h5ad::obs/patient			True
HC_PB_3	zenodo:14872876:HC_PB_3	donor_id	<column patient>	column	raw/fp-d792c3a111a3/adata-rev.h5ad::obs/patient			True
HC_PB_4	zenodo:14872876:HC_PB_4	donor_id	<column patient>	column	raw/fp-d792c3a111a3/adata-rev.h5ad::obs/patient			True
HC_PB_5	zenodo:14872876:HC_PB_5	donor_id	<column patient>	column	raw/fp-d792c3a111a3/adata-rev.h5ad::obs/patient			True
HC_PB_6	zenodo:14872876:HC_PB_6	donor_id	<column patient>	column	raw/fp-d792c3a111a3/adata-rev.h5ad::obs/patient			True
HC_PB_7	zenodo:14872876:HC_PB_7	donor_id	<column patient>	column	raw/fp-d792c3a111a3/adata-rev.h5ad::obs/patient			True
HC_PB_8	zenodo:14872876:HC_PB_8	donor_id	<column patient>	column	raw/fp-d792c3a111a3/adata-rev.h5ad::obs/patient			True
FH1002_BM_TRNY1	zenodo:14872876:FH1002_BM_TRNY1	tissue_free_text	<column sample>	column	raw/fp-d792c3a111a3/adata-rev.h5ad::obs/sample			True
FH1002_PB_Y2D90	zenodo:14872876:FH1002_PB_Y2D90	tissue_free_text	<column sample>	column	raw/fp-d792c3a111a3/adata-rev.h5ad::obs/sample			True
FH1003_BM_EIND1	zenodo:14872876:FH1003_BM_EIND1	tissue_free_text	<column sample>	column	raw/fp-d792c3a111a3/adata-rev.h5ad::obs/sample			True
FH1003_BM_PRETX	zenodo:14872876:FH1003_BM_PRETX	tissue_free_text	<column sample>	column	raw/fp-d792c3a111a3/adata-rev.h5ad::obs/sample			True
FH1003_BM_TRN90	zenodo:14872876:FH1003_BM_TRN90	tissue_free_text	<column sample>	column	raw/fp-d792c3a111a3/adata-rev.h5ad::obs/sample			True
FH1003_BM_TRNY1	zenodo:14872876:FH1003_BM_TRNY1	tissue_free_text	<column sample>	column	raw/fp-d792c3a111a3/adata-rev.h5ad::obs/sample			True
FH1003_PB_EIND1	zenodo:14872876:FH1003_PB_EIND1	tissue_free_text	<column sample>	column	raw/fp-d792c3a111a3/adata-rev.h5ad::obs/sample			True
FH1003_PB_EIND2	zenodo:14872876:FH1003_PB_EIND2	tissue_free_text	<column sample>	column	raw/fp-d792c3a111a3/adata-rev.h5ad::obs/sample			True
FH1003_PB_INDC3	zenodo:14872876:FH1003_PB_INDC3	tissue_free_text	<column sample>	column	raw/fp-d792c3a111a3/adata-rev.h5ad::obs/sample			True
FH1003_PB_PRETX	zenodo:14872876:FH1003_PB_PRETX	tissue_free_text	<column sample>	column	raw/fp-d792c3a111a3/adata-rev.h5ad::obs/sample			True
FH1003_PB_TRN90	zenodo:14872876:FH1003_PB_TRN90	tissue_free_text	<column sample>	column	raw/fp-d792c3a111a3/adata-rev.h5ad::obs/sample			True
FH1003_PB_TRNY1	zenodo:14872876:FH1003_PB_TRNY1	tissue_free_text	<column sample>	column	raw/fp-d792c3a111a3/adata-rev.h5ad::obs/sample			True
FH1004_PB_EIND1	zenodo:14872876:FH1004_PB_EIND1	tissue_free_text	<column sample>	column	raw/fp-d792c3a111a3/adata-rev.h5ad::obs/sample			True
FH1004_PB_EIND2	zenodo:14872876:FH1004_PB_EIND2	tissue_free_text	<column sample>	column	raw/fp-d792c3a111a3/adata-rev.h5ad::obs/sample			True
FH1004_PB_INDC2	zenodo:14872876:FH1004_PB_INDC2	tissue_free_text	<column sample>	column	raw/fp-d792c3a111a3/adata-rev.h5ad::obs/sample			True
FH1004_PB_INDC3	zenodo:14872876:FH1004_PB_INDC3	tissue_free_text	<column sample>	column	raw/fp-d792c3a111a3/adata-rev.h5ad::obs/sample			True
FH1004_PB_PRETX	zenodo:14872876:FH1004_PB_PRETX	tissue_free_text	<column sample>	column	raw/fp-d792c3a111a3/adata-rev.h5ad::obs/sample			True
FH1004_PB_TRN90	zenodo:14872876:FH1004_PB_TRN90	tissue_free_text	<column sample>	column	raw/fp-d792c3a111a3/adata-rev.h5ad::obs/sample			True
FH1005_BM_EIND1	zenodo:14872876:FH1005_BM_EIND1	tissue_free_text	<column sample>	column	raw/fp-d792c3a111a3/adata-rev.h5ad::obs/sample			True
FH1005_BM_PRETX	zenodo:14872876:FH1005_BM_PRETX	tissue_free_text	<column sample>	column	raw/fp-d792c3a111a3/adata-rev.h5ad::obs/sample			True
FH1005_BM_TRN90	zenodo:14872876:FH1005_BM_TRN90	tissue_free_text	<column sample>	column	raw/fp-d792c3a111a3/adata-rev.h5ad::obs/sample			True
FH1005_PB_EIND2	zenodo:14872876:FH1005_PB_EIND2	tissue_free_text	<column sample>	column	raw/fp-d792c3a111a3/adata-rev.h5ad::obs/sample			True
FH1005_PB_INDC3	zenodo:14872876:FH1005_PB_INDC3	tissue_free_text	<column sample>	column	raw/fp-d792c3a111a3/adata-rev.h5ad::obs/sample			True
FH1005_PB_PRETX	zenodo:14872876:FH1005_PB_PRETX	tissue_free_text	<column sample>	column	raw/fp-d792c3a111a3/adata-rev.h5ad::obs/sample			True
FH1005_PB_PoCo15	zenodo:14872876:FH1005_PB_PoCo15	tissue_free_text	<column sample>	column	raw/fp-d792c3a111a3/adata-rev.h5ad::obs/sample			True
FH1005_PB_TRN90	zenodo:14872876:FH1005_PB_TRN90	tissue_free_text	<column sample>	column	raw/fp-d792c3a111a3/adata-rev.h5ad::obs/sample			True
FH1006_PB_EIND1	zenodo:14872876:FH1006_PB_EIND1	tissue_free_text	<column sample>	column	raw/fp-d792c3a111a3/adata-rev.h5ad::obs/sample			True
FH1006_PB_EIND2	zenodo:14872876:FH1006_PB_EIND2	tissue_free_text	<column sample>	column	raw/fp-d792c3a111a3/adata-rev.h5ad::obs/sample			True
FH1006_PB_INDC3	zenodo:14872876:FH1006_PB_INDC3	tissue_free_text	<column sample>	column	raw/fp-d792c3a111a3/adata-rev.h5ad::obs/sample			True
FH1006_PB_PRETX	zenodo:14872876:FH1006_PB_PRETX	tissue_free_text	<column sample>	column	raw/fp-d792c3a111a3/adata-rev.h5ad::obs/sample			True
FH1006_PB_TRN60	zenodo:14872876:FH1006_PB_TRN60	tissue_free_text	<column sample>	column	raw/fp-d792c3a111a3/adata-rev.h5ad::obs/sample			True
FH1006_PB_TRN90	zenodo:14872876:FH1006_PB_TRN90	tissue_free_text	<column sample>	column	raw/fp-d792c3a111a3/adata-rev.h5ad::obs/sample			True
FH1006_PB_TRNY1	zenodo:14872876:FH1006_PB_TRNY1	tissue_free_text	<column sample>	column	raw/fp-d792c3a111a3/adata-rev.h5ad::obs/sample			True
FH1007_BM_PRETX	zenodo:14872876:FH1007_BM_PRETX	tissue_free_text	<column sample>	column	raw/fp-d792c3a111a3/adata-rev.h5ad::obs/sample			True
FH1007_BM_TRN90	zenodo:14872876:FH1007_BM_TRN90	tissue_free_text	<column sample>	column	raw/fp-d792c3a111a3/adata-rev.h5ad::obs/sample			True
FH1007_BM_TRNY1	zenodo:14872876:FH1007_BM_TRNY1	tissue_free_text	<column sample>	column	raw/fp-d792c3a111a3/adata-rev.h5ad::obs/sample			True
FH1007_PB_EIND1	zenodo:14872876:FH1007_PB_EIND1	tissue_free_text	<column sample>	column	raw/fp-d792c3a111a3/adata-rev.h5ad::obs/sample			True
FH1007_PB_EIND2	zenodo:14872876:FH1007_PB_EIND2	tissue_free_text	<column sample>	column	raw/fp-d792c3a111a3/adata-rev.h5ad::obs/sample			True
FH1007_PB_PRETX	zenodo:14872876:FH1007_PB_PRETX	tissue_free_text	<column sample>	column	raw/fp-d792c3a111a3/adata-rev.h5ad::obs/sample			True
FH1007_PB_TRN90	zenodo:14872876:FH1007_PB_TRN90	tissue_free_text	<column sample>	column	raw/fp-d792c3a111a3/adata-rev.h5ad::obs/sample			True
FH1007_PB_Y1D90	zenodo:14872876:FH1007_PB_Y1D90	tissue_free_text	<column sample>	column	raw/fp-d792c3a111a3/adata-rev.h5ad::obs/sample			True
FH1008_BM_EIND1	zenodo:14872876:FH1008_BM_EIND1	tissue_free_text	<column sample>	column	raw/fp-d792c3a111a3/adata-rev.h5ad::obs/sample			True
FH1008_BM_PRETX	zenodo:14872876:FH1008_BM_PRETX	tissue_free_text	<column sample>	column	raw/fp-d792c3a111a3/adata-rev.h5ad::obs/sample			True
FH1008_BM_TRN90	zenodo:14872876:FH1008_BM_TRN90	tissue_free_text	<column sample>	column	raw/fp-d792c3a111a3/adata-rev.h5ad::obs/sample			True
FH1008_BM_TRNY1	zenodo:14872876:FH1008_BM_TRNY1	tissue_free_text	<column sample>	column	raw/fp-d792c3a111a3/adata-rev.h5ad::obs/sample			True
FH1008_PB_EIND1	zenodo:14872876:FH1008_PB_EIND1	tissue_free_text	<column sample>	column	raw/fp-d792c3a111a3/adata-rev.h5ad::obs/sample			True
FH1008_PB_EIND2	zenodo:14872876:FH1008_PB_EIND2	tissue_free_text	<column sample>	column	raw/fp-d792c3a111a3/adata-rev.h5ad::obs/sample			True
FH1008_PB_INDC3	zenodo:14872876:FH1008_PB_INDC3	tissue_free_text	<column sample>	column	raw/fp-d792c3a111a3/adata-rev.h5ad::obs/sample			True
FH1008_PB_PRETX	zenodo:14872876:FH1008_PB_PRETX	tissue_free_text	<column sample>	column	raw/fp-d792c3a111a3/adata-rev.h5ad::obs/sample			True
FH1008_PB_TRN90	zenodo:14872876:FH1008_PB_TRN90	tissue_free_text	<column sample>	column	raw/fp-d792c3a111a3/adata-rev.h5ad::obs/sample			True
FH1008_PB_TRNY1	zenodo:14872876:FH1008_PB_TRNY1	tissue_free_text	<column sample>	column	raw/fp-d792c3a111a3/adata-rev.h5ad::obs/sample			True
FH1009_BM_PRETX	zenodo:14872876:FH1009_BM_PRETX	tissue_free_text	<column sample>	column	raw/fp-d792c3a111a3/adata-rev.h5ad::obs/sample			True
FH1009_BM_TRN90	zenodo:14872876:FH1009_BM_TRN90	tissue_free_text	<column sample>	column	raw/fp-d792c3a111a3/adata-rev.h5ad::obs/sample			True
FH1009_PB_EIND2	zenodo:14872876:FH1009_PB_EIND2	tissue_free_text	<column sample>	column	raw/fp-d792c3a111a3/adata-rev.h5ad::obs/sample			True
FH1009_PB_PRETX	zenodo:14872876:FH1009_PB_PRETX	tissue_free_text	<column sample>	column	raw/fp-d792c3a111a3/adata-rev.h5ad::obs/sample			True
FH1009_PB_TRN90	zenodo:14872876:FH1009_PB_TRN90	tissue_free_text	<column sample>	column	raw/fp-d792c3a111a3/adata-rev.h5ad::obs/sample			True
FH1011_BM_EIND1	zenodo:14872876:FH1011_BM_EIND1	tissue_free_text	<column sample>	column	raw/fp-d792c3a111a3/adata-rev.h5ad::obs/sample			True
FH1011_BM_PRETX	zenodo:14872876:FH1011_BM_PRETX	tissue_free_text	<column sample>	column	raw/fp-d792c3a111a3/adata-rev.h5ad::obs/sample			True
FH1011_BM_TRNY1	zenodo:14872876:FH1011_BM_TRNY1	tissue_free_text	<column sample>	column	raw/fp-d792c3a111a3/adata-rev.h5ad::obs/sample			True
FH1011_PB_EIND2	zenodo:14872876:FH1011_PB_EIND2	tissue_free_text	<column sample>	column	raw/fp-d792c3a111a3/adata-rev.h5ad::obs/sample			True
FH1011_PB_INDC3	zenodo:14872876:FH1011_PB_INDC3	tissue_free_text	<column sample>	column	raw/fp-d792c3a111a3/adata-rev.h5ad::obs/sample			True
FH1011_PB_PRETX	zenodo:14872876:FH1011_PB_PRETX	tissue_free_text	<column sample>	column	raw/fp-d792c3a111a3/adata-rev.h5ad::obs/sample			True
FH1011_PB_TRN90	zenodo:14872876:FH1011_PB_TRN90	tissue_free_text	<column sample>	column	raw/fp-d792c3a111a3/adata-rev.h5ad::obs/sample			True
FH1011_PB_TRNY1	zenodo:14872876:FH1011_PB_TRNY1	tissue_free_text	<column sample>	column	raw/fp-d792c3a111a3/adata-rev.h5ad::obs/sample			True
FH1016_BM_EIND1	zenodo:14872876:FH1016_BM_EIND1	tissue_free_text	<column sample>	column	raw/fp-d792c3a111a3/adata-rev.h5ad::obs/sample			True
FH1016_BM_PRETX	zenodo:14872876:FH1016_BM_PRETX	tissue_free_text	<column sample>	column	raw/fp-d792c3a111a3/adata-rev.h5ad::obs/sample			True
FH1016_BM_TRN90	zenodo:14872876:FH1016_BM_TRN90	tissue_free_text	<column sample>	column	raw/fp-d792c3a111a3/adata-rev.h5ad::obs/sample			True
FH1016_BM_TRNY1	zenodo:14872876:FH1016_BM_TRNY1	tissue_free_text	<column sample>	column	raw/fp-d792c3a111a3/adata-rev.h5ad::obs/sample			True
FH1016_PB_EIND2	zenodo:14872876:FH1016_PB_EIND2	tissue_free_text	<column sample>	column	raw/fp-d792c3a111a3/adata-rev.h5ad::obs/sample			True
FH1016_PB_PRETX	zenodo:14872876:FH1016_PB_PRETX	tissue_free_text	<column sample>	column	raw/fp-d792c3a111a3/adata-rev.h5ad::obs/sample			True
FH1016_PB_TRN90	zenodo:14872876:FH1016_PB_TRN90	tissue_free_text	<column sample>	column	raw/fp-d792c3a111a3/adata-rev.h5ad::obs/sample			True
FH1016_PB_TRNY1	zenodo:14872876:FH1016_PB_TRNY1	tissue_free_text	<column sample>	column	raw/fp-d792c3a111a3/adata-rev.h5ad::obs/sample			True
FH1022_BM_EIND1	zenodo:14872876:FH1022_BM_EIND1	tissue_free_text	<column sample>	column	raw/fp-d792c3a111a3/adata-rev.h5ad::obs/sample			True
FH1022_BM_PRETX	zenodo:14872876:FH1022_BM_PRETX	tissue_free_text	<column sample>	column	raw/fp-d792c3a111a3/adata-rev.h5ad::obs/sample			True
FH1022_BM_TRN90	zenodo:14872876:FH1022_BM_TRN90	tissue_free_text	<column sample>	column	raw/fp-d792c3a111a3/adata-rev.h5ad::obs/sample			True
FH1022_BM_TRNY1	zenodo:14872876:FH1022_BM_TRNY1	tissue_free_text	<column sample>	column	raw/fp-d792c3a111a3/adata-rev.h5ad::obs/sample			True
FH1022_PB_EIND1	zenodo:14872876:FH1022_PB_EIND1	tissue_free_text	<column sample>	column	raw/fp-d792c3a111a3/adata-rev.h5ad::obs/sample			True
FH1022_PB_PRETX	zenodo:14872876:FH1022_PB_PRETX	tissue_free_text	<column sample>	column	raw/fp-d792c3a111a3/adata-rev.h5ad::obs/sample			True
FH1022_PB_TRN90	zenodo:14872876:FH1022_PB_TRN90	tissue_free_text	<column sample>	column	raw/fp-d792c3a111a3/adata-rev.h5ad::obs/sample			True
HC_BM_1	zenodo:14872876:HC_BM_1	tissue_free_text	<column sample>	column	raw/fp-d792c3a111a3/adata-rev.h5ad::obs/sample			True
HC_BM_2	zenodo:14872876:HC_BM_2	tissue_free_text	<column sample>	column	raw/fp-d792c3a111a3/adata-rev.h5ad::obs/sample			True
HC_BM_3	zenodo:14872876:HC_BM_3	tissue_free_text	<column sample>	column	raw/fp-d792c3a111a3/adata-rev.h5ad::obs/sample			True
HC_BM_4	zenodo:14872876:HC_BM_4	tissue_free_text	<column sample>	column	raw/fp-d792c3a111a3/adata-rev.h5ad::obs/sample			True
HC_BM_5	zenodo:14872876:HC_BM_5	tissue_free_text	<column sample>	column	raw/fp-d792c3a111a3/adata-rev.h5ad::obs/sample			True
HC_BM_6	zenodo:14872876:HC_BM_6	tissue_free_text	<column sample>	column	raw/fp-d792c3a111a3/adata-rev.h5ad::obs/sample			True
HC_BM_7	zenodo:14872876:HC_BM_7	tissue_free_text	<column sample>	column	raw/fp-d792c3a111a3/adata-rev.h5ad::obs/sample			True
HC_BM_8	zenodo:14872876:HC_BM_8	tissue_free_text	<column sample>	column	raw/fp-d792c3a111a3/adata-rev.h5ad::obs/sample			True
HC_PB_1	zenodo:14872876:HC_PB_1	tissue_free_text	<column sample>	column	raw/fp-d792c3a111a3/adata-rev.h5ad::obs/sample			True
HC_PB_2	zenodo:14872876:HC_PB_2	tissue_free_text	<column sample>	column	raw/fp-d792c3a111a3/adata-rev.h5ad::obs/sample			True
HC_PB_3	zenodo:14872876:HC_PB_3	tissue_free_text	<column sample>	column	raw/fp-d792c3a111a3/adata-rev.h5ad::obs/sample			True
HC_PB_4	zenodo:14872876:HC_PB_4	tissue_free_text	<column sample>	column	raw/fp-d792c3a111a3/adata-rev.h5ad::obs/sample			True
HC_PB_5	zenodo:14872876:HC_PB_5	tissue_free_text	<column sample>	column	raw/fp-d792c3a111a3/adata-rev.h5ad::obs/sample			True
HC_PB_6	zenodo:14872876:HC_PB_6	tissue_free_text	<column sample>	column	raw/fp-d792c3a111a3/adata-rev.h5ad::obs/sample			True
HC_PB_7	zenodo:14872876:HC_PB_7	tissue_free_text	<column sample>	column	raw/fp-d792c3a111a3/adata-rev.h5ad::obs/sample			True
HC_PB_8	zenodo:14872876:HC_PB_8	tissue_free_text	<column sample>	column	raw/fp-d792c3a111a3/adata-rev.h5ad::obs/sample			True
FH1002_BM_TRNY1	zenodo:14872876:FH1002_BM_TRNY1	tissue_ontology_term_id	<column sample>	column	raw/fp-d792c3a111a3/adata-rev.h5ad::obs/sample			True
FH1002_PB_Y2D90	zenodo:14872876:FH1002_PB_Y2D90	tissue_ontology_term_id	<column sample>	column	raw/fp-d792c3a111a3/adata-rev.h5ad::obs/sample			True
FH1003_BM_EIND1	zenodo:14872876:FH1003_BM_EIND1	tissue_ontology_term_id	<column sample>	column	raw/fp-d792c3a111a3/adata-rev.h5ad::obs/sample			True
FH1003_BM_PRETX	zenodo:14872876:FH1003_BM_PRETX	tissue_ontology_term_id	<column sample>	column	raw/fp-d792c3a111a3/adata-rev.h5ad::obs/sample			True
FH1003_BM_TRN90	zenodo:14872876:FH1003_BM_TRN90	tissue_ontology_term_id	<column sample>	column	raw/fp-d792c3a111a3/adata-rev.h5ad::obs/sample			True
FH1003_BM_TRNY1	zenodo:14872876:FH1003_BM_TRNY1	tissue_ontology_term_id	<column sample>	column	raw/fp-d792c3a111a3/adata-rev.h5ad::obs/sample			True
FH1003_PB_EIND1	zenodo:14872876:FH1003_PB_EIND1	tissue_ontology_term_id	<column sample>	column	raw/fp-d792c3a111a3/adata-rev.h5ad::obs/sample			True
FH1003_PB_EIND2	zenodo:14872876:FH1003_PB_EIND2	tissue_ontology_term_id	<column sample>	column	raw/fp-d792c3a111a3/adata-rev.h5ad::obs/sample			True
FH1003_PB_INDC3	zenodo:14872876:FH1003_PB_INDC3	tissue_ontology_term_id	<column sample>	column	raw/fp-d792c3a111a3/adata-rev.h5ad::obs/sample			True
FH1003_PB_PRETX	zenodo:14872876:FH1003_PB_PRETX	tissue_ontology_term_id	<column sample>	column	raw/fp-d792c3a111a3/adata-rev.h5ad::obs/sample			True
FH1003_PB_TRN90	zenodo:14872876:FH1003_PB_TRN90	tissue_ontology_term_id	<column sample>	column	raw/fp-d792c3a111a3/adata-rev.h5ad::obs/sample			True
FH1003_PB_TRNY1	zenodo:14872876:FH1003_PB_TRNY1	tissue_ontology_term_id	<column sample>	column	raw/fp-d792c3a111a3/adata-rev.h5ad::obs/sample			True
FH1004_PB_EIND1	zenodo:14872876:FH1004_PB_EIND1	tissue_ontology_term_id	<column sample>	column	raw/fp-d792c3a111a3/adata-rev.h5ad::obs/sample			True
FH1004_PB_EIND2	zenodo:14872876:FH1004_PB_EIND2	tissue_ontology_term_id	<column sample>	column	raw/fp-d792c3a111a3/adata-rev.h5ad::obs/sample			True
FH1004_PB_INDC2	zenodo:14872876:FH1004_PB_INDC2	tissue_ontology_term_id	<column sample>	column	raw/fp-d792c3a111a3/adata-rev.h5ad::obs/sample			True
FH1004_PB_INDC3	zenodo:14872876:FH1004_PB_INDC3	tissue_ontology_term_id	<column sample>	column	raw/fp-d792c3a111a3/adata-rev.h5ad::obs/sample			True
FH1004_PB_PRETX	zenodo:14872876:FH1004_PB_PRETX	tissue_ontology_term_id	<column sample>	column	raw/fp-d792c3a111a3/adata-rev.h5ad::obs/sample			True
FH1004_PB_TRN90	zenodo:14872876:FH1004_PB_TRN90	tissue_ontology_term_id	<column sample>	column	raw/fp-d792c3a111a3/adata-rev.h5ad::obs/sample			True
FH1005_BM_EIND1	zenodo:14872876:FH1005_BM_EIND1	tissue_ontology_term_id	<column sample>	column	raw/fp-d792c3a111a3/adata-rev.h5ad::obs/sample			True
FH1005_BM_PRETX	zenodo:14872876:FH1005_BM_PRETX	tissue_ontology_term_id	<column sample>	column	raw/fp-d792c3a111a3/adata-rev.h5ad::obs/sample			True
FH1005_BM_TRN90	zenodo:14872876:FH1005_BM_TRN90	tissue_ontology_term_id	<column sample>	column	raw/fp-d792c3a111a3/adata-rev.h5ad::obs/sample			True
FH1005_PB_EIND2	zenodo:14872876:FH1005_PB_EIND2	tissue_ontology_term_id	<column sample>	column	raw/fp-d792c3a111a3/adata-rev.h5ad::obs/sample			True
FH1005_PB_INDC3	zenodo:14872876:FH1005_PB_INDC3	tissue_ontology_term_id	<column sample>	column	raw/fp-d792c3a111a3/adata-rev.h5ad::obs/sample			True
FH1005_PB_PRETX	zenodo:14872876:FH1005_PB_PRETX	tissue_ontology_term_id	<column sample>	column	raw/fp-d792c3a111a3/adata-rev.h5ad::obs/sample			True
FH1005_PB_PoCo15	zenodo:14872876:FH1005_PB_PoCo15	tissue_ontology_term_id	<column sample>	column	raw/fp-d792c3a111a3/adata-rev.h5ad::obs/sample			True
FH1005_PB_TRN90	zenodo:14872876:FH1005_PB_TRN90	tissue_ontology_term_id	<column sample>	column	raw/fp-d792c3a111a3/adata-rev.h5ad::obs/sample			True
FH1006_PB_EIND1	zenodo:14872876:FH1006_PB_EIND1	tissue_ontology_term_id	<column sample>	column	raw/fp-d792c3a111a3/adata-rev.h5ad::obs/sample			True
FH1006_PB_EIND2	zenodo:14872876:FH1006_PB_EIND2	tissue_ontology_term_id	<column sample>	column	raw/fp-d792c3a111a3/adata-rev.h5ad::obs/sample			True
FH1006_PB_INDC3	zenodo:14872876:FH1006_PB_INDC3	tissue_ontology_term_id	<column sample>	column	raw/fp-d792c3a111a3/adata-rev.h5ad::obs/sample			True
FH1006_PB_PRETX	zenodo:14872876:FH1006_PB_PRETX	tissue_ontology_term_id	<column sample>	column	raw/fp-d792c3a111a3/adata-rev.h5ad::obs/sample			True
FH1006_PB_TRN60	zenodo:14872876:FH1006_PB_TRN60	tissue_ontology_term_id	<column sample>	column	raw/fp-d792c3a111a3/adata-rev.h5ad::obs/sample			True
FH1006_PB_TRN90	zenodo:14872876:FH1006_PB_TRN90	tissue_ontology_term_id	<column sample>	column	raw/fp-d792c3a111a3/adata-rev.h5ad::obs/sample			True
FH1006_PB_TRNY1	zenodo:14872876:FH1006_PB_TRNY1	tissue_ontology_term_id	<column sample>	column	raw/fp-d792c3a111a3/adata-rev.h5ad::obs/sample			True
FH1007_BM_PRETX	zenodo:14872876:FH1007_BM_PRETX	tissue_ontology_term_id	<column sample>	column	raw/fp-d792c3a111a3/adata-rev.h5ad::obs/sample			True
FH1007_BM_TRN90	zenodo:14872876:FH1007_BM_TRN90	tissue_ontology_term_id	<column sample>	column	raw/fp-d792c3a111a3/adata-rev.h5ad::obs/sample			True
FH1007_BM_TRNY1	zenodo:14872876:FH1007_BM_TRNY1	tissue_ontology_term_id	<column sample>	column	raw/fp-d792c3a111a3/adata-rev.h5ad::obs/sample			True
FH1007_PB_EIND1	zenodo:14872876:FH1007_PB_EIND1	tissue_ontology_term_id	<column sample>	column	raw/fp-d792c3a111a3/adata-rev.h5ad::obs/sample			True
FH1007_PB_EIND2	zenodo:14872876:FH1007_PB_EIND2	tissue_ontology_term_id	<column sample>	column	raw/fp-d792c3a111a3/adata-rev.h5ad::obs/sample			True
FH1007_PB_PRETX	zenodo:14872876:FH1007_PB_PRETX	tissue_ontology_term_id	<column sample>	column	raw/fp-d792c3a111a3/adata-rev.h5ad::obs/sample			True
FH1007_PB_TRN90	zenodo:14872876:FH1007_PB_TRN90	tissue_ontology_term_id	<column sample>	column	raw/fp-d792c3a111a3/adata-rev.h5ad::obs/sample			True
FH1007_PB_Y1D90	zenodo:14872876:FH1007_PB_Y1D90	tissue_ontology_term_id	<column sample>	column	raw/fp-d792c3a111a3/adata-rev.h5ad::obs/sample			True
FH1008_BM_EIND1	zenodo:14872876:FH1008_BM_EIND1	tissue_ontology_term_id	<column sample>	column	raw/fp-d792c3a111a3/adata-rev.h5ad::obs/sample			True
FH1008_BM_PRETX	zenodo:14872876:FH1008_BM_PRETX	tissue_ontology_term_id	<column sample>	column	raw/fp-d792c3a111a3/adata-rev.h5ad::obs/sample			True
FH1008_BM_TRN90	zenodo:14872876:FH1008_BM_TRN90	tissue_ontology_term_id	<column sample>	column	raw/fp-d792c3a111a3/adata-rev.h5ad::obs/sample			True
FH1008_BM_TRNY1	zenodo:14872876:FH1008_BM_TRNY1	tissue_ontology_term_id	<column sample>	column	raw/fp-d792c3a111a3/adata-rev.h5ad::obs/sample			True
FH1008_PB_EIND1	zenodo:14872876:FH1008_PB_EIND1	tissue_ontology_term_id	<column sample>	column	raw/fp-d792c3a111a3/adata-rev.h5ad::obs/sample			True
FH1008_PB_EIND2	zenodo:14872876:FH1008_PB_EIND2	tissue_ontology_term_id	<column sample>	column	raw/fp-d792c3a111a3/adata-rev.h5ad::obs/sample			True
FH1008_PB_INDC3	zenodo:14872876:FH1008_PB_INDC3	tissue_ontology_term_id	<column sample>	column	raw/fp-d792c3a111a3/adata-rev.h5ad::obs/sample			True
FH1008_PB_PRETX	zenodo:14872876:FH1008_PB_PRETX	tissue_ontology_term_id	<column sample>	column	raw/fp-d792c3a111a3/adata-rev.h5ad::obs/sample			True
FH1008_PB_TRN90	zenodo:14872876:FH1008_PB_TRN90	tissue_ontology_term_id	<column sample>	column	raw/fp-d792c3a111a3/adata-rev.h5ad::obs/sample			True
FH1008_PB_TRNY1	zenodo:14872876:FH1008_PB_TRNY1	tissue_ontology_term_id	<column sample>	column	raw/fp-d792c3a111a3/adata-rev.h5ad::obs/sample			True
FH1009_BM_PRETX	zenodo:14872876:FH1009_BM_PRETX	tissue_ontology_term_id	<column sample>	column	raw/fp-d792c3a111a3/adata-rev.h5ad::obs/sample			True
FH1009_BM_TRN90	zenodo:14872876:FH1009_BM_TRN90	tissue_ontology_term_id	<column sample>	column	raw/fp-d792c3a111a3/adata-rev.h5ad::obs/sample			True
FH1009_PB_EIND2	zenodo:14872876:FH1009_PB_EIND2	tissue_ontology_term_id	<column sample>	column	raw/fp-d792c3a111a3/adata-rev.h5ad::obs/sample			True
FH1009_PB_PRETX	zenodo:14872876:FH1009_PB_PRETX	tissue_ontology_term_id	<column sample>	column	raw/fp-d792c3a111a3/adata-rev.h5ad::obs/sample			True
FH1009_PB_TRN90	zenodo:14872876:FH1009_PB_TRN90	tissue_ontology_term_id	<column sample>	column	raw/fp-d792c3a111a3/adata-rev.h5ad::obs/sample			True
FH1011_BM_EIND1	zenodo:14872876:FH1011_BM_EIND1	tissue_ontology_term_id	<column sample>	column	raw/fp-d792c3a111a3/adata-rev.h5ad::obs/sample			True
FH1011_BM_PRETX	zenodo:14872876:FH1011_BM_PRETX	tissue_ontology_term_id	<column sample>	column	raw/fp-d792c3a111a3/adata-rev.h5ad::obs/sample			True
FH1011_BM_TRNY1	zenodo:14872876:FH1011_BM_TRNY1	tissue_ontology_term_id	<column sample>	column	raw/fp-d792c3a111a3/adata-rev.h5ad::obs/sample			True
FH1011_PB_EIND2	zenodo:14872876:FH1011_PB_EIND2	tissue_ontology_term_id	<column sample>	column	raw/fp-d792c3a111a3/adata-rev.h5ad::obs/sample			True
FH1011_PB_INDC3	zenodo:14872876:FH1011_PB_INDC3	tissue_ontology_term_id	<column sample>	column	raw/fp-d792c3a111a3/adata-rev.h5ad::obs/sample			True
FH1011_PB_PRETX	zenodo:14872876:FH1011_PB_PRETX	tissue_ontology_term_id	<column sample>	column	raw/fp-d792c3a111a3/adata-rev.h5ad::obs/sample			True
FH1011_PB_TRN90	zenodo:14872876:FH1011_PB_TRN90	tissue_ontology_term_id	<column sample>	column	raw/fp-d792c3a111a3/adata-rev.h5ad::obs/sample			True
FH1011_PB_TRNY1	zenodo:14872876:FH1011_PB_TRNY1	tissue_ontology_term_id	<column sample>	column	raw/fp-d792c3a111a3/adata-rev.h5ad::obs/sample			True
FH1016_BM_EIND1	zenodo:14872876:FH1016_BM_EIND1	tissue_ontology_term_id	<column sample>	column	raw/fp-d792c3a111a3/adata-rev.h5ad::obs/sample			True
FH1016_BM_PRETX	zenodo:14872876:FH1016_BM_PRETX	tissue_ontology_term_id	<column sample>	column	raw/fp-d792c3a111a3/adata-rev.h5ad::obs/sample			True
FH1016_BM_TRN90	zenodo:14872876:FH1016_BM_TRN90	tissue_ontology_term_id	<column sample>	column	raw/fp-d792c3a111a3/adata-rev.h5ad::obs/sample			True
FH1016_BM_TRNY1	zenodo:14872876:FH1016_BM_TRNY1	tissue_ontology_term_id	<column sample>	column	raw/fp-d792c3a111a3/adata-rev.h5ad::obs/sample			True
FH1016_PB_EIND2	zenodo:14872876:FH1016_PB_EIND2	tissue_ontology_term_id	<column sample>	column	raw/fp-d792c3a111a3/adata-rev.h5ad::obs/sample			True
FH1016_PB_PRETX	zenodo:14872876:FH1016_PB_PRETX	tissue_ontology_term_id	<column sample>	column	raw/fp-d792c3a111a3/adata-rev.h5ad::obs/sample			True
FH1016_PB_TRN90	zenodo:14872876:FH1016_PB_TRN90	tissue_ontology_term_id	<column sample>	column	raw/fp-d792c3a111a3/adata-rev.h5ad::obs/sample			True
FH1016_PB_TRNY1	zenodo:14872876:FH1016_PB_TRNY1	tissue_ontology_term_id	<column sample>	column	raw/fp-d792c3a111a3/adata-rev.h5ad::obs/sample			True
FH1022_BM_EIND1	zenodo:14872876:FH1022_BM_EIND1	tissue_ontology_term_id	<column sample>	column	raw/fp-d792c3a111a3/adata-rev.h5ad::obs/sample			True
FH1022_BM_PRETX	zenodo:14872876:FH1022_BM_PRETX	tissue_ontology_term_id	<column sample>	column	raw/fp-d792c3a111a3/adata-rev.h5ad::obs/sample			True
FH1022_BM_TRN90	zenodo:14872876:FH1022_BM_TRN90	tissue_ontology_term_id	<column sample>	column	raw/fp-d792c3a111a3/adata-rev.h5ad::obs/sample			True
FH1022_BM_TRNY1	zenodo:14872876:FH1022_BM_TRNY1	tissue_ontology_term_id	<column sample>	column	raw/fp-d792c3a111a3/adata-rev.h5ad::obs/sample			True
FH1022_PB_EIND1	zenodo:14872876:FH1022_PB_EIND1	tissue_ontology_term_id	<column sample>	column	raw/fp-d792c3a111a3/adata-rev.h5ad::obs/sample			True
FH1022_PB_PRETX	zenodo:14872876:FH1022_PB_PRETX	tissue_ontology_term_id	<column sample>	column	raw/fp-d792c3a111a3/adata-rev.h5ad::obs/sample			True
FH1022_PB_TRN90	zenodo:14872876:FH1022_PB_TRN90	tissue_ontology_term_id	<column sample>	column	raw/fp-d792c3a111a3/adata-rev.h5ad::obs/sample			True
HC_BM_1	zenodo:14872876:HC_BM_1	tissue_ontology_term_id	<column sample>	column	raw/fp-d792c3a111a3/adata-rev.h5ad::obs/sample			True
HC_BM_2	zenodo:14872876:HC_BM_2	tissue_ontology_term_id	<column sample>	column	raw/fp-d792c3a111a3/adata-rev.h5ad::obs/sample			True
HC_BM_3	zenodo:14872876:HC_BM_3	tissue_ontology_term_id	<column sample>	column	raw/fp-d792c3a111a3/adata-rev.h5ad::obs/sample			True
HC_BM_4	zenodo:14872876:HC_BM_4	tissue_ontology_term_id	<column sample>	column	raw/fp-d792c3a111a3/adata-rev.h5ad::obs/sample			True
HC_BM_5	zenodo:14872876:HC_BM_5	tissue_ontology_term_id	<column sample>	column	raw/fp-d792c3a111a3/adata-rev.h5ad::obs/sample			True
HC_BM_6	zenodo:14872876:HC_BM_6	tissue_ontology_term_id	<column sample>	column	raw/fp-d792c3a111a3/adata-rev.h5ad::obs/sample			True
HC_BM_7	zenodo:14872876:HC_BM_7	tissue_ontology_term_id	<column sample>	column	raw/fp-d792c3a111a3/adata-rev.h5ad::obs/sample			True
HC_BM_8	zenodo:14872876:HC_BM_8	tissue_ontology_term_id	<column sample>	column	raw/fp-d792c3a111a3/adata-rev.h5ad::obs/sample			True
HC_PB_1	zenodo:14872876:HC_PB_1	tissue_ontology_term_id	<column sample>	column	raw/fp-d792c3a111a3/adata-rev.h5ad::obs/sample			True
HC_PB_2	zenodo:14872876:HC_PB_2	tissue_ontology_term_id	<column sample>	column	raw/fp-d792c3a111a3/adata-rev.h5ad::obs/sample			True
HC_PB_3	zenodo:14872876:HC_PB_3	tissue_ontology_term_id	<column sample>	column	raw/fp-d792c3a111a3/adata-rev.h5ad::obs/sample			True
HC_PB_4	zenodo:14872876:HC_PB_4	tissue_ontology_term_id	<column sample>	column	raw/fp-d792c3a111a3/adata-rev.h5ad::obs/sample			True
HC_PB_5	zenodo:14872876:HC_PB_5	tissue_ontology_term_id	<column sample>	column	raw/fp-d792c3a111a3/adata-rev.h5ad::obs/sample			True
HC_PB_6	zenodo:14872876:HC_PB_6	tissue_ontology_term_id	<column sample>	column	raw/fp-d792c3a111a3/adata-rev.h5ad::obs/sample			True
HC_PB_7	zenodo:14872876:HC_PB_7	tissue_ontology_term_id	<column sample>	column	raw/fp-d792c3a111a3/adata-rev.h5ad::obs/sample			True
HC_PB_8	zenodo:14872876:HC_PB_8	tissue_ontology_term_id	<column sample>	column	raw/fp-d792c3a111a3/adata-rev.h5ad::obs/sample			True
FH1002_BM_TRNY1	zenodo:14872876:FH1002_BM_TRNY1	disease_free_text	<column group>	column	raw/fp-d792c3a111a3/adata-rev.h5ad::obs/group			True
FH1002_PB_Y2D90	zenodo:14872876:FH1002_PB_Y2D90	disease_free_text	<column group>	column	raw/fp-d792c3a111a3/adata-rev.h5ad::obs/group			True
FH1003_BM_EIND1	zenodo:14872876:FH1003_BM_EIND1	disease_free_text	<column group>	column	raw/fp-d792c3a111a3/adata-rev.h5ad::obs/group			True
FH1003_BM_PRETX	zenodo:14872876:FH1003_BM_PRETX	disease_free_text	<column group>	column	raw/fp-d792c3a111a3/adata-rev.h5ad::obs/group			True
FH1003_BM_TRN90	zenodo:14872876:FH1003_BM_TRN90	disease_free_text	<column group>	column	raw/fp-d792c3a111a3/adata-rev.h5ad::obs/group			True
FH1003_BM_TRNY1	zenodo:14872876:FH1003_BM_TRNY1	disease_free_text	<column group>	column	raw/fp-d792c3a111a3/adata-rev.h5ad::obs/group			True
FH1003_PB_EIND1	zenodo:14872876:FH1003_PB_EIND1	disease_free_text	<column group>	column	raw/fp-d792c3a111a3/adata-rev.h5ad::obs/group			True
FH1003_PB_EIND2	zenodo:14872876:FH1003_PB_EIND2	disease_free_text	<column group>	column	raw/fp-d792c3a111a3/adata-rev.h5ad::obs/group			True
FH1003_PB_INDC3	zenodo:14872876:FH1003_PB_INDC3	disease_free_text	<column group>	column	raw/fp-d792c3a111a3/adata-rev.h5ad::obs/group			True
FH1003_PB_PRETX	zenodo:14872876:FH1003_PB_PRETX	disease_free_text	<column group>	column	raw/fp-d792c3a111a3/adata-rev.h5ad::obs/group			True
FH1003_PB_TRN90	zenodo:14872876:FH1003_PB_TRN90	disease_free_text	<column group>	column	raw/fp-d792c3a111a3/adata-rev.h5ad::obs/group			True
FH1003_PB_TRNY1	zenodo:14872876:FH1003_PB_TRNY1	disease_free_text	<column group>	column	raw/fp-d792c3a111a3/adata-rev.h5ad::obs/group			True
FH1004_PB_EIND1	zenodo:14872876:FH1004_PB_EIND1	disease_free_text	<column group>	column	raw/fp-d792c3a111a3/adata-rev.h5ad::obs/group			True
FH1004_PB_EIND2	zenodo:14872876:FH1004_PB_EIND2	disease_free_text	<column group>	column	raw/fp-d792c3a111a3/adata-rev.h5ad::obs/group			True
FH1004_PB_INDC2	zenodo:14872876:FH1004_PB_INDC2	disease_free_text	<column group>	column	raw/fp-d792c3a111a3/adata-rev.h5ad::obs/group			True
FH1004_PB_INDC3	zenodo:14872876:FH1004_PB_INDC3	disease_free_text	<column group>	column	raw/fp-d792c3a111a3/adata-rev.h5ad::obs/group			True
FH1004_PB_PRETX	zenodo:14872876:FH1004_PB_PRETX	disease_free_text	<column group>	column	raw/fp-d792c3a111a3/adata-rev.h5ad::obs/group			True
FH1004_PB_TRN90	zenodo:14872876:FH1004_PB_TRN90	disease_free_text	<column group>	column	raw/fp-d792c3a111a3/adata-rev.h5ad::obs/group			True
FH1005_BM_EIND1	zenodo:14872876:FH1005_BM_EIND1	disease_free_text	<column group>	column	raw/fp-d792c3a111a3/adata-rev.h5ad::obs/group			True
FH1005_BM_PRETX	zenodo:14872876:FH1005_BM_PRETX	disease_free_text	<column group>	column	raw/fp-d792c3a111a3/adata-rev.h5ad::obs/group			True
FH1005_BM_TRN90	zenodo:14872876:FH1005_BM_TRN90	disease_free_text	<column group>	column	raw/fp-d792c3a111a3/adata-rev.h5ad::obs/group			True
FH1005_PB_EIND2	zenodo:14872876:FH1005_PB_EIND2	disease_free_text	<column group>	column	raw/fp-d792c3a111a3/adata-rev.h5ad::obs/group			True
FH1005_PB_INDC3	zenodo:14872876:FH1005_PB_INDC3	disease_free_text	<column group>	column	raw/fp-d792c3a111a3/adata-rev.h5ad::obs/group			True
FH1005_PB_PRETX	zenodo:14872876:FH1005_PB_PRETX	disease_free_text	<column group>	column	raw/fp-d792c3a111a3/adata-rev.h5ad::obs/group			True
FH1005_PB_PoCo15	zenodo:14872876:FH1005_PB_PoCo15	disease_free_text	<column group>	column	raw/fp-d792c3a111a3/adata-rev.h5ad::obs/group			True
FH1005_PB_TRN90	zenodo:14872876:FH1005_PB_TRN90	disease_free_text	<column group>	column	raw/fp-d792c3a111a3/adata-rev.h5ad::obs/group			True
FH1006_PB_EIND1	zenodo:14872876:FH1006_PB_EIND1	disease_free_text	<column group>	column	raw/fp-d792c3a111a3/adata-rev.h5ad::obs/group			True
FH1006_PB_EIND2	zenodo:14872876:FH1006_PB_EIND2	disease_free_text	<column group>	column	raw/fp-d792c3a111a3/adata-rev.h5ad::obs/group			True
FH1006_PB_INDC3	zenodo:14872876:FH1006_PB_INDC3	disease_free_text	<column group>	column	raw/fp-d792c3a111a3/adata-rev.h5ad::obs/group			True
FH1006_PB_PRETX	zenodo:14872876:FH1006_PB_PRETX	disease_free_text	<column group>	column	raw/fp-d792c3a111a3/adata-rev.h5ad::obs/group			True
FH1006_PB_TRN60	zenodo:14872876:FH1006_PB_TRN60	disease_free_text	<column group>	column	raw/fp-d792c3a111a3/adata-rev.h5ad::obs/group			True
FH1006_PB_TRN90	zenodo:14872876:FH1006_PB_TRN90	disease_free_text	<column group>	column	raw/fp-d792c3a111a3/adata-rev.h5ad::obs/group			True
FH1006_PB_TRNY1	zenodo:14872876:FH1006_PB_TRNY1	disease_free_text	<column group>	column	raw/fp-d792c3a111a3/adata-rev.h5ad::obs/group			True
FH1007_BM_PRETX	zenodo:14872876:FH1007_BM_PRETX	disease_free_text	<column group>	column	raw/fp-d792c3a111a3/adata-rev.h5ad::obs/group			True
FH1007_BM_TRN90	zenodo:14872876:FH1007_BM_TRN90	disease_free_text	<column group>	column	raw/fp-d792c3a111a3/adata-rev.h5ad::obs/group			True
FH1007_BM_TRNY1	zenodo:14872876:FH1007_BM_TRNY1	disease_free_text	<column group>	column	raw/fp-d792c3a111a3/adata-rev.h5ad::obs/group			True
FH1007_PB_EIND1	zenodo:14872876:FH1007_PB_EIND1	disease_free_text	<column group>	column	raw/fp-d792c3a111a3/adata-rev.h5ad::obs/group			True
FH1007_PB_EIND2	zenodo:14872876:FH1007_PB_EIND2	disease_free_text	<column group>	column	raw/fp-d792c3a111a3/adata-rev.h5ad::obs/group			True
FH1007_PB_PRETX	zenodo:14872876:FH1007_PB_PRETX	disease_free_text	<column group>	column	raw/fp-d792c3a111a3/adata-rev.h5ad::obs/group			True
FH1007_PB_TRN90	zenodo:14872876:FH1007_PB_TRN90	disease_free_text	<column group>	column	raw/fp-d792c3a111a3/adata-rev.h5ad::obs/group			True
FH1007_PB_Y1D90	zenodo:14872876:FH1007_PB_Y1D90	disease_free_text	<column group>	column	raw/fp-d792c3a111a3/adata-rev.h5ad::obs/group			True
FH1008_BM_EIND1	zenodo:14872876:FH1008_BM_EIND1	disease_free_text	<column group>	column	raw/fp-d792c3a111a3/adata-rev.h5ad::obs/group			True
FH1008_BM_PRETX	zenodo:14872876:FH1008_BM_PRETX	disease_free_text	<column group>	column	raw/fp-d792c3a111a3/adata-rev.h5ad::obs/group			True
FH1008_BM_TRN90	zenodo:14872876:FH1008_BM_TRN90	disease_free_text	<column group>	column	raw/fp-d792c3a111a3/adata-rev.h5ad::obs/group			True
FH1008_BM_TRNY1	zenodo:14872876:FH1008_BM_TRNY1	disease_free_text	<column group>	column	raw/fp-d792c3a111a3/adata-rev.h5ad::obs/group			True
FH1008_PB_EIND1	zenodo:14872876:FH1008_PB_EIND1	disease_free_text	<column group>	column	raw/fp-d792c3a111a3/adata-rev.h5ad::obs/group			True
FH1008_PB_EIND2	zenodo:14872876:FH1008_PB_EIND2	disease_free_text	<column group>	column	raw/fp-d792c3a111a3/adata-rev.h5ad::obs/group			True
FH1008_PB_INDC3	zenodo:14872876:FH1008_PB_INDC3	disease_free_text	<column group>	column	raw/fp-d792c3a111a3/adata-rev.h5ad::obs/group			True
FH1008_PB_PRETX	zenodo:14872876:FH1008_PB_PRETX	disease_free_text	<column group>	column	raw/fp-d792c3a111a3/adata-rev.h5ad::obs/group			True
FH1008_PB_TRN90	zenodo:14872876:FH1008_PB_TRN90	disease_free_text	<column group>	column	raw/fp-d792c3a111a3/adata-rev.h5ad::obs/group			True
FH1008_PB_TRNY1	zenodo:14872876:FH1008_PB_TRNY1	disease_free_text	<column group>	column	raw/fp-d792c3a111a3/adata-rev.h5ad::obs/group			True
FH1009_BM_PRETX	zenodo:14872876:FH1009_BM_PRETX	disease_free_text	<column group>	column	raw/fp-d792c3a111a3/adata-rev.h5ad::obs/group			True
FH1009_BM_TRN90	zenodo:14872876:FH1009_BM_TRN90	disease_free_text	<column group>	column	raw/fp-d792c3a111a3/adata-rev.h5ad::obs/group			True
FH1009_PB_EIND2	zenodo:14872876:FH1009_PB_EIND2	disease_free_text	<column group>	column	raw/fp-d792c3a111a3/adata-rev.h5ad::obs/group			True
FH1009_PB_PRETX	zenodo:14872876:FH1009_PB_PRETX	disease_free_text	<column group>	column	raw/fp-d792c3a111a3/adata-rev.h5ad::obs/group			True
FH1009_PB_TRN90	zenodo:14872876:FH1009_PB_TRN90	disease_free_text	<column group>	column	raw/fp-d792c3a111a3/adata-rev.h5ad::obs/group			True
FH1011_BM_EIND1	zenodo:14872876:FH1011_BM_EIND1	disease_free_text	<column group>	column	raw/fp-d792c3a111a3/adata-rev.h5ad::obs/group			True
FH1011_BM_PRETX	zenodo:14872876:FH1011_BM_PRETX	disease_free_text	<column group>	column	raw/fp-d792c3a111a3/adata-rev.h5ad::obs/group			True
FH1011_BM_TRNY1	zenodo:14872876:FH1011_BM_TRNY1	disease_free_text	<column group>	column	raw/fp-d792c3a111a3/adata-rev.h5ad::obs/group			True
FH1011_PB_EIND2	zenodo:14872876:FH1011_PB_EIND2	disease_free_text	<column group>	column	raw/fp-d792c3a111a3/adata-rev.h5ad::obs/group			True
FH1011_PB_INDC3	zenodo:14872876:FH1011_PB_INDC3	disease_free_text	<column group>	column	raw/fp-d792c3a111a3/adata-rev.h5ad::obs/group			True
FH1011_PB_PRETX	zenodo:14872876:FH1011_PB_PRETX	disease_free_text	<column group>	column	raw/fp-d792c3a111a3/adata-rev.h5ad::obs/group			True
FH1011_PB_TRN90	zenodo:14872876:FH1011_PB_TRN90	disease_free_text	<column group>	column	raw/fp-d792c3a111a3/adata-rev.h5ad::obs/group			True
FH1011_PB_TRNY1	zenodo:14872876:FH1011_PB_TRNY1	disease_free_text	<column group>	column	raw/fp-d792c3a111a3/adata-rev.h5ad::obs/group			True
FH1016_BM_EIND1	zenodo:14872876:FH1016_BM_EIND1	disease_free_text	<column group>	column	raw/fp-d792c3a111a3/adata-rev.h5ad::obs/group			True
FH1016_BM_PRETX	zenodo:14872876:FH1016_BM_PRETX	disease_free_text	<column group>	column	raw/fp-d792c3a111a3/adata-rev.h5ad::obs/group			True
FH1016_BM_TRN90	zenodo:14872876:FH1016_BM_TRN90	disease_free_text	<column group>	column	raw/fp-d792c3a111a3/adata-rev.h5ad::obs/group			True
FH1016_BM_TRNY1	zenodo:14872876:FH1016_BM_TRNY1	disease_free_text	<column group>	column	raw/fp-d792c3a111a3/adata-rev.h5ad::obs/group			True
FH1016_PB_EIND2	zenodo:14872876:FH1016_PB_EIND2	disease_free_text	<column group>	column	raw/fp-d792c3a111a3/adata-rev.h5ad::obs/group			True
FH1016_PB_PRETX	zenodo:14872876:FH1016_PB_PRETX	disease_free_text	<column group>	column	raw/fp-d792c3a111a3/adata-rev.h5ad::obs/group			True
FH1016_PB_TRN90	zenodo:14872876:FH1016_PB_TRN90	disease_free_text	<column group>	column	raw/fp-d792c3a111a3/adata-rev.h5ad::obs/group			True
FH1016_PB_TRNY1	zenodo:14872876:FH1016_PB_TRNY1	disease_free_text	<column group>	column	raw/fp-d792c3a111a3/adata-rev.h5ad::obs/group			True
FH1022_BM_EIND1	zenodo:14872876:FH1022_BM_EIND1	disease_free_text	<column group>	column	raw/fp-d792c3a111a3/adata-rev.h5ad::obs/group			True
FH1022_BM_PRETX	zenodo:14872876:FH1022_BM_PRETX	disease_free_text	<column group>	column	raw/fp-d792c3a111a3/adata-rev.h5ad::obs/group			True
FH1022_BM_TRN90	zenodo:14872876:FH1022_BM_TRN90	disease_free_text	<column group>	column	raw/fp-d792c3a111a3/adata-rev.h5ad::obs/group			True
FH1022_BM_TRNY1	zenodo:14872876:FH1022_BM_TRNY1	disease_free_text	<column group>	column	raw/fp-d792c3a111a3/adata-rev.h5ad::obs/group			True
FH1022_PB_EIND1	zenodo:14872876:FH1022_PB_EIND1	disease_free_text	<column group>	column	raw/fp-d792c3a111a3/adata-rev.h5ad::obs/group			True
FH1022_PB_PRETX	zenodo:14872876:FH1022_PB_PRETX	disease_free_text	<column group>	column	raw/fp-d792c3a111a3/adata-rev.h5ad::obs/group			True
FH1022_PB_TRN90	zenodo:14872876:FH1022_PB_TRN90	disease_free_text	<column group>	column	raw/fp-d792c3a111a3/adata-rev.h5ad::obs/group			True
HC_BM_1	zenodo:14872876:HC_BM_1	disease_free_text	<column group>	column	raw/fp-d792c3a111a3/adata-rev.h5ad::obs/group			True
HC_BM_2	zenodo:14872876:HC_BM_2	disease_free_text	<column group>	column	raw/fp-d792c3a111a3/adata-rev.h5ad::obs/group			True
HC_BM_3	zenodo:14872876:HC_BM_3	disease_free_text	<column group>	column	raw/fp-d792c3a111a3/adata-rev.h5ad::obs/group			True
HC_BM_4	zenodo:14872876:HC_BM_4	disease_free_text	<column group>	column	raw/fp-d792c3a111a3/adata-rev.h5ad::obs/group			True
HC_BM_5	zenodo:14872876:HC_BM_5	disease_free_text	<column group>	column	raw/fp-d792c3a111a3/adata-rev.h5ad::obs/group			True
HC_BM_6	zenodo:14872876:HC_BM_6	disease_free_text	<column group>	column	raw/fp-d792c3a111a3/adata-rev.h5ad::obs/group			True
HC_BM_7	zenodo:14872876:HC_BM_7	disease_free_text	<column group>	column	raw/fp-d792c3a111a3/adata-rev.h5ad::obs/group			True
HC_BM_8	zenodo:14872876:HC_BM_8	disease_free_text	<column group>	column	raw/fp-d792c3a111a3/adata-rev.h5ad::obs/group			True
HC_PB_1	zenodo:14872876:HC_PB_1	disease_free_text	<column group>	column	raw/fp-d792c3a111a3/adata-rev.h5ad::obs/group			True
HC_PB_2	zenodo:14872876:HC_PB_2	disease_free_text	<column group>	column	raw/fp-d792c3a111a3/adata-rev.h5ad::obs/group			True
HC_PB_3	zenodo:14872876:HC_PB_3	disease_free_text	<column group>	column	raw/fp-d792c3a111a3/adata-rev.h5ad::obs/group			True
HC_PB_4	zenodo:14872876:HC_PB_4	disease_free_text	<column group>	column	raw/fp-d792c3a111a3/adata-rev.h5ad::obs/group			True
HC_PB_5	zenodo:14872876:HC_PB_5	disease_free_text	<column group>	column	raw/fp-d792c3a111a3/adata-rev.h5ad::obs/group			True
HC_PB_6	zenodo:14872876:HC_PB_6	disease_free_text	<column group>	column	raw/fp-d792c3a111a3/adata-rev.h5ad::obs/group			True
HC_PB_7	zenodo:14872876:HC_PB_7	disease_free_text	<column group>	column	raw/fp-d792c3a111a3/adata-rev.h5ad::obs/group			True
HC_PB_8	zenodo:14872876:HC_PB_8	disease_free_text	<column group>	column	raw/fp-d792c3a111a3/adata-rev.h5ad::obs/group			True
FH1002_BM_TRNY1	zenodo:14872876:FH1002_BM_TRNY1	disease_stage	<column group>	column	raw/fp-d792c3a111a3/adata-rev.h5ad::obs/group			True
FH1002_PB_Y2D90	zenodo:14872876:FH1002_PB_Y2D90	disease_stage	<column group>	column	raw/fp-d792c3a111a3/adata-rev.h5ad::obs/group			True
FH1003_BM_EIND1	zenodo:14872876:FH1003_BM_EIND1	disease_stage	<column group>	column	raw/fp-d792c3a111a3/adata-rev.h5ad::obs/group			True
FH1003_BM_PRETX	zenodo:14872876:FH1003_BM_PRETX	disease_stage	<column group>	column	raw/fp-d792c3a111a3/adata-rev.h5ad::obs/group			True
FH1003_BM_TRN90	zenodo:14872876:FH1003_BM_TRN90	disease_stage	<column group>	column	raw/fp-d792c3a111a3/adata-rev.h5ad::obs/group			True
FH1003_BM_TRNY1	zenodo:14872876:FH1003_BM_TRNY1	disease_stage	<column group>	column	raw/fp-d792c3a111a3/adata-rev.h5ad::obs/group			True
FH1003_PB_EIND1	zenodo:14872876:FH1003_PB_EIND1	disease_stage	<column group>	column	raw/fp-d792c3a111a3/adata-rev.h5ad::obs/group			True
FH1003_PB_EIND2	zenodo:14872876:FH1003_PB_EIND2	disease_stage	<column group>	column	raw/fp-d792c3a111a3/adata-rev.h5ad::obs/group			True
FH1003_PB_INDC3	zenodo:14872876:FH1003_PB_INDC3	disease_stage	<column group>	column	raw/fp-d792c3a111a3/adata-rev.h5ad::obs/group			True
FH1003_PB_PRETX	zenodo:14872876:FH1003_PB_PRETX	disease_stage	<column group>	column	raw/fp-d792c3a111a3/adata-rev.h5ad::obs/group			True
FH1003_PB_TRN90	zenodo:14872876:FH1003_PB_TRN90	disease_stage	<column group>	column	raw/fp-d792c3a111a3/adata-rev.h5ad::obs/group			True
FH1003_PB_TRNY1	zenodo:14872876:FH1003_PB_TRNY1	disease_stage	<column group>	column	raw/fp-d792c3a111a3/adata-rev.h5ad::obs/group			True
FH1004_PB_EIND1	zenodo:14872876:FH1004_PB_EIND1	disease_stage	<column group>	column	raw/fp-d792c3a111a3/adata-rev.h5ad::obs/group			True
FH1004_PB_EIND2	zenodo:14872876:FH1004_PB_EIND2	disease_stage	<column group>	column	raw/fp-d792c3a111a3/adata-rev.h5ad::obs/group			True
FH1004_PB_INDC2	zenodo:14872876:FH1004_PB_INDC2	disease_stage	<column group>	column	raw/fp-d792c3a111a3/adata-rev.h5ad::obs/group			True
FH1004_PB_INDC3	zenodo:14872876:FH1004_PB_INDC3	disease_stage	<column group>	column	raw/fp-d792c3a111a3/adata-rev.h5ad::obs/group			True
FH1004_PB_PRETX	zenodo:14872876:FH1004_PB_PRETX	disease_stage	<column group>	column	raw/fp-d792c3a111a3/adata-rev.h5ad::obs/group			True
FH1004_PB_TRN90	zenodo:14872876:FH1004_PB_TRN90	disease_stage	<column group>	column	raw/fp-d792c3a111a3/adata-rev.h5ad::obs/group			True
FH1005_BM_EIND1	zenodo:14872876:FH1005_BM_EIND1	disease_stage	<column group>	column	raw/fp-d792c3a111a3/adata-rev.h5ad::obs/group			True
FH1005_BM_PRETX	zenodo:14872876:FH1005_BM_PRETX	disease_stage	<column group>	column	raw/fp-d792c3a111a3/adata-rev.h5ad::obs/group			True
FH1005_BM_TRN90	zenodo:14872876:FH1005_BM_TRN90	disease_stage	<column group>	column	raw/fp-d792c3a111a3/adata-rev.h5ad::obs/group			True
FH1005_PB_EIND2	zenodo:14872876:FH1005_PB_EIND2	disease_stage	<column group>	column	raw/fp-d792c3a111a3/adata-rev.h5ad::obs/group			True
FH1005_PB_INDC3	zenodo:14872876:FH1005_PB_INDC3	disease_stage	<column group>	column	raw/fp-d792c3a111a3/adata-rev.h5ad::obs/group			True
FH1005_PB_PRETX	zenodo:14872876:FH1005_PB_PRETX	disease_stage	<column group>	column	raw/fp-d792c3a111a3/adata-rev.h5ad::obs/group			True
FH1005_PB_PoCo15	zenodo:14872876:FH1005_PB_PoCo15	disease_stage	<column group>	column	raw/fp-d792c3a111a3/adata-rev.h5ad::obs/group			True
FH1005_PB_TRN90	zenodo:14872876:FH1005_PB_TRN90	disease_stage	<column group>	column	raw/fp-d792c3a111a3/adata-rev.h5ad::obs/group			True
FH1006_PB_EIND1	zenodo:14872876:FH1006_PB_EIND1	disease_stage	<column group>	column	raw/fp-d792c3a111a3/adata-rev.h5ad::obs/group			True
FH1006_PB_EIND2	zenodo:14872876:FH1006_PB_EIND2	disease_stage	<column group>	column	raw/fp-d792c3a111a3/adata-rev.h5ad::obs/group			True
FH1006_PB_INDC3	zenodo:14872876:FH1006_PB_INDC3	disease_stage	<column group>	column	raw/fp-d792c3a111a3/adata-rev.h5ad::obs/group			True
FH1006_PB_PRETX	zenodo:14872876:FH1006_PB_PRETX	disease_stage	<column group>	column	raw/fp-d792c3a111a3/adata-rev.h5ad::obs/group			True
FH1006_PB_TRN60	zenodo:14872876:FH1006_PB_TRN60	disease_stage	<column group>	column	raw/fp-d792c3a111a3/adata-rev.h5ad::obs/group			True
FH1006_PB_TRN90	zenodo:14872876:FH1006_PB_TRN90	disease_stage	<column group>	column	raw/fp-d792c3a111a3/adata-rev.h5ad::obs/group			True
FH1006_PB_TRNY1	zenodo:14872876:FH1006_PB_TRNY1	disease_stage	<column group>	column	raw/fp-d792c3a111a3/adata-rev.h5ad::obs/group			True
FH1007_BM_PRETX	zenodo:14872876:FH1007_BM_PRETX	disease_stage	<column group>	column	raw/fp-d792c3a111a3/adata-rev.h5ad::obs/group			True
FH1007_BM_TRN90	zenodo:14872876:FH1007_BM_TRN90	disease_stage	<column group>	column	raw/fp-d792c3a111a3/adata-rev.h5ad::obs/group			True
FH1007_BM_TRNY1	zenodo:14872876:FH1007_BM_TRNY1	disease_stage	<column group>	column	raw/fp-d792c3a111a3/adata-rev.h5ad::obs/group			True
FH1007_PB_EIND1	zenodo:14872876:FH1007_PB_EIND1	disease_stage	<column group>	column	raw/fp-d792c3a111a3/adata-rev.h5ad::obs/group			True
FH1007_PB_EIND2	zenodo:14872876:FH1007_PB_EIND2	disease_stage	<column group>	column	raw/fp-d792c3a111a3/adata-rev.h5ad::obs/group			True
FH1007_PB_PRETX	zenodo:14872876:FH1007_PB_PRETX	disease_stage	<column group>	column	raw/fp-d792c3a111a3/adata-rev.h5ad::obs/group			True
FH1007_PB_TRN90	zenodo:14872876:FH1007_PB_TRN90	disease_stage	<column group>	column	raw/fp-d792c3a111a3/adata-rev.h5ad::obs/group			True
FH1007_PB_Y1D90	zenodo:14872876:FH1007_PB_Y1D90	disease_stage	<column group>	column	raw/fp-d792c3a111a3/adata-rev.h5ad::obs/group			True
FH1008_BM_EIND1	zenodo:14872876:FH1008_BM_EIND1	disease_stage	<column group>	column	raw/fp-d792c3a111a3/adata-rev.h5ad::obs/group			True
FH1008_BM_PRETX	zenodo:14872876:FH1008_BM_PRETX	disease_stage	<column group>	column	raw/fp-d792c3a111a3/adata-rev.h5ad::obs/group			True
FH1008_BM_TRN90	zenodo:14872876:FH1008_BM_TRN90	disease_stage	<column group>	column	raw/fp-d792c3a111a3/adata-rev.h5ad::obs/group			True
FH1008_BM_TRNY1	zenodo:14872876:FH1008_BM_TRNY1	disease_stage	<column group>	column	raw/fp-d792c3a111a3/adata-rev.h5ad::obs/group			True
FH1008_PB_EIND1	zenodo:14872876:FH1008_PB_EIND1	disease_stage	<column group>	column	raw/fp-d792c3a111a3/adata-rev.h5ad::obs/group			True
FH1008_PB_EIND2	zenodo:14872876:FH1008_PB_EIND2	disease_stage	<column group>	column	raw/fp-d792c3a111a3/adata-rev.h5ad::obs/group			True
FH1008_PB_INDC3	zenodo:14872876:FH1008_PB_INDC3	disease_stage	<column group>	column	raw/fp-d792c3a111a3/adata-rev.h5ad::obs/group			True
FH1008_PB_PRETX	zenodo:14872876:FH1008_PB_PRETX	disease_stage	<column group>	column	raw/fp-d792c3a111a3/adata-rev.h5ad::obs/group			True
FH1008_PB_TRN90	zenodo:14872876:FH1008_PB_TRN90	disease_stage	<column group>	column	raw/fp-d792c3a111a3/adata-rev.h5ad::obs/group			True
FH1008_PB_TRNY1	zenodo:14872876:FH1008_PB_TRNY1	disease_stage	<column group>	column	raw/fp-d792c3a111a3/adata-rev.h5ad::obs/group			True
FH1009_BM_PRETX	zenodo:14872876:FH1009_BM_PRETX	disease_stage	<column group>	column	raw/fp-d792c3a111a3/adata-rev.h5ad::obs/group			True
FH1009_BM_TRN90	zenodo:14872876:FH1009_BM_TRN90	disease_stage	<column group>	column	raw/fp-d792c3a111a3/adata-rev.h5ad::obs/group			True
FH1009_PB_EIND2	zenodo:14872876:FH1009_PB_EIND2	disease_stage	<column group>	column	raw/fp-d792c3a111a3/adata-rev.h5ad::obs/group			True
FH1009_PB_PRETX	zenodo:14872876:FH1009_PB_PRETX	disease_stage	<column group>	column	raw/fp-d792c3a111a3/adata-rev.h5ad::obs/group			True
FH1009_PB_TRN90	zenodo:14872876:FH1009_PB_TRN90	disease_stage	<column group>	column	raw/fp-d792c3a111a3/adata-rev.h5ad::obs/group			True
FH1011_BM_EIND1	zenodo:14872876:FH1011_BM_EIND1	disease_stage	<column group>	column	raw/fp-d792c3a111a3/adata-rev.h5ad::obs/group			True
FH1011_BM_PRETX	zenodo:14872876:FH1011_BM_PRETX	disease_stage	<column group>	column	raw/fp-d792c3a111a3/adata-rev.h5ad::obs/group			True
FH1011_BM_TRNY1	zenodo:14872876:FH1011_BM_TRNY1	disease_stage	<column group>	column	raw/fp-d792c3a111a3/adata-rev.h5ad::obs/group			True
FH1011_PB_EIND2	zenodo:14872876:FH1011_PB_EIND2	disease_stage	<column group>	column	raw/fp-d792c3a111a3/adata-rev.h5ad::obs/group			True
FH1011_PB_INDC3	zenodo:14872876:FH1011_PB_INDC3	disease_stage	<column group>	column	raw/fp-d792c3a111a3/adata-rev.h5ad::obs/group			True
FH1011_PB_PRETX	zenodo:14872876:FH1011_PB_PRETX	disease_stage	<column group>	column	raw/fp-d792c3a111a3/adata-rev.h5ad::obs/group			True
FH1011_PB_TRN90	zenodo:14872876:FH1011_PB_TRN90	disease_stage	<column group>	column	raw/fp-d792c3a111a3/adata-rev.h5ad::obs/group			True
FH1011_PB_TRNY1	zenodo:14872876:FH1011_PB_TRNY1	disease_stage	<column group>	column	raw/fp-d792c3a111a3/adata-rev.h5ad::obs/group			True
FH1016_BM_EIND1	zenodo:14872876:FH1016_BM_EIND1	disease_stage	<column group>	column	raw/fp-d792c3a111a3/adata-rev.h5ad::obs/group			True
FH1016_BM_PRETX	zenodo:14872876:FH1016_BM_PRETX	disease_stage	<column group>	column	raw/fp-d792c3a111a3/adata-rev.h5ad::obs/group			True
FH1016_BM_TRN90	zenodo:14872876:FH1016_BM_TRN90	disease_stage	<column group>	column	raw/fp-d792c3a111a3/adata-rev.h5ad::obs/group			True
FH1016_BM_TRNY1	zenodo:14872876:FH1016_BM_TRNY1	disease_stage	<column group>	column	raw/fp-d792c3a111a3/adata-rev.h5ad::obs/group			True
FH1016_PB_EIND2	zenodo:14872876:FH1016_PB_EIND2	disease_stage	<column group>	column	raw/fp-d792c3a111a3/adata-rev.h5ad::obs/group			True
FH1016_PB_PRETX	zenodo:14872876:FH1016_PB_PRETX	disease_stage	<column group>	column	raw/fp-d792c3a111a3/adata-rev.h5ad::obs/group			True
FH1016_PB_TRN90	zenodo:14872876:FH1016_PB_TRN90	disease_stage	<column group>	column	raw/fp-d792c3a111a3/adata-rev.h5ad::obs/group			True
FH1016_PB_TRNY1	zenodo:14872876:FH1016_PB_TRNY1	disease_stage	<column group>	column	raw/fp-d792c3a111a3/adata-rev.h5ad::obs/group			True
FH1022_BM_EIND1	zenodo:14872876:FH1022_BM_EIND1	disease_stage	<column group>	column	raw/fp-d792c3a111a3/adata-rev.h5ad::obs/group			True
FH1022_BM_PRETX	zenodo:14872876:FH1022_BM_PRETX	disease_stage	<column group>	column	raw/fp-d792c3a111a3/adata-rev.h5ad::obs/group			True
FH1022_BM_TRN90	zenodo:14872876:FH1022_BM_TRN90	disease_stage	<column group>	column	raw/fp-d792c3a111a3/adata-rev.h5ad::obs/group			True
FH1022_BM_TRNY1	zenodo:14872876:FH1022_BM_TRNY1	disease_stage	<column group>	column	raw/fp-d792c3a111a3/adata-rev.h5ad::obs/group			True
FH1022_PB_EIND1	zenodo:14872876:FH1022_PB_EIND1	disease_stage	<column group>	column	raw/fp-d792c3a111a3/adata-rev.h5ad::obs/group			True
FH1022_PB_PRETX	zenodo:14872876:FH1022_PB_PRETX	disease_stage	<column group>	column	raw/fp-d792c3a111a3/adata-rev.h5ad::obs/group			True
FH1022_PB_TRN90	zenodo:14872876:FH1022_PB_TRN90	disease_stage	<column group>	column	raw/fp-d792c3a111a3/adata-rev.h5ad::obs/group			True
HC_BM_1	zenodo:14872876:HC_BM_1	disease_stage	<column group>	column	raw/fp-d792c3a111a3/adata-rev.h5ad::obs/group			True
HC_BM_2	zenodo:14872876:HC_BM_2	disease_stage	<column group>	column	raw/fp-d792c3a111a3/adata-rev.h5ad::obs/group			True
HC_BM_3	zenodo:14872876:HC_BM_3	disease_stage	<column group>	column	raw/fp-d792c3a111a3/adata-rev.h5ad::obs/group			True
HC_BM_4	zenodo:14872876:HC_BM_4	disease_stage	<column group>	column	raw/fp-d792c3a111a3/adata-rev.h5ad::obs/group			True
HC_BM_5	zenodo:14872876:HC_BM_5	disease_stage	<column group>	column	raw/fp-d792c3a111a3/adata-rev.h5ad::obs/group			True
HC_BM_6	zenodo:14872876:HC_BM_6	disease_stage	<column group>	column	raw/fp-d792c3a111a3/adata-rev.h5ad::obs/group			True
HC_BM_7	zenodo:14872876:HC_BM_7	disease_stage	<column group>	column	raw/fp-d792c3a111a3/adata-rev.h5ad::obs/group			True
HC_BM_8	zenodo:14872876:HC_BM_8	disease_stage	<column group>	column	raw/fp-d792c3a111a3/adata-rev.h5ad::obs/group			True
HC_PB_1	zenodo:14872876:HC_PB_1	disease_stage	<column group>	column	raw/fp-d792c3a111a3/adata-rev.h5ad::obs/group			True
HC_PB_2	zenodo:14872876:HC_PB_2	disease_stage	<column group>	column	raw/fp-d792c3a111a3/adata-rev.h5ad::obs/group			True
HC_PB_3	zenodo:14872876:HC_PB_3	disease_stage	<column group>	column	raw/fp-d792c3a111a3/adata-rev.h5ad::obs/group			True
HC_PB_4	zenodo:14872876:HC_PB_4	disease_stage	<column group>	column	raw/fp-d792c3a111a3/adata-rev.h5ad::obs/group			True
HC_PB_5	zenodo:14872876:HC_PB_5	disease_stage	<column group>	column	raw/fp-d792c3a111a3/adata-rev.h5ad::obs/group			True
HC_PB_6	zenodo:14872876:HC_PB_6	disease_stage	<column group>	column	raw/fp-d792c3a111a3/adata-rev.h5ad::obs/group			True
HC_PB_7	zenodo:14872876:HC_PB_7	disease_stage	<column group>	column	raw/fp-d792c3a111a3/adata-rev.h5ad::obs/group			True
HC_PB_8	zenodo:14872876:HC_PB_8	disease_stage	<column group>	column	raw/fp-d792c3a111a3/adata-rev.h5ad::obs/group			True
FH1002_BM_TRNY1	zenodo:14872876:FH1002_BM_TRNY1	timepoint	<column time_point>	column	raw/fp-d792c3a111a3/adata-rev.h5ad::obs/time_point			True
FH1002_PB_Y2D90	zenodo:14872876:FH1002_PB_Y2D90	timepoint	<column time_point>	column	raw/fp-d792c3a111a3/adata-rev.h5ad::obs/time_point			True
FH1003_BM_EIND1	zenodo:14872876:FH1003_BM_EIND1	timepoint	<column time_point>	column	raw/fp-d792c3a111a3/adata-rev.h5ad::obs/time_point			True
FH1003_BM_PRETX	zenodo:14872876:FH1003_BM_PRETX	timepoint	<column time_point>	column	raw/fp-d792c3a111a3/adata-rev.h5ad::obs/time_point			True
FH1003_BM_TRN90	zenodo:14872876:FH1003_BM_TRN90	timepoint	<column time_point>	column	raw/fp-d792c3a111a3/adata-rev.h5ad::obs/time_point			True
FH1003_BM_TRNY1	zenodo:14872876:FH1003_BM_TRNY1	timepoint	<column time_point>	column	raw/fp-d792c3a111a3/adata-rev.h5ad::obs/time_point			True
FH1003_PB_EIND1	zenodo:14872876:FH1003_PB_EIND1	timepoint	<column time_point>	column	raw/fp-d792c3a111a3/adata-rev.h5ad::obs/time_point			True
FH1003_PB_EIND2	zenodo:14872876:FH1003_PB_EIND2	timepoint	<column time_point>	column	raw/fp-d792c3a111a3/adata-rev.h5ad::obs/time_point			True
FH1003_PB_INDC3	zenodo:14872876:FH1003_PB_INDC3	timepoint	<column time_point>	column	raw/fp-d792c3a111a3/adata-rev.h5ad::obs/time_point			True
FH1003_PB_PRETX	zenodo:14872876:FH1003_PB_PRETX	timepoint	<column time_point>	column	raw/fp-d792c3a111a3/adata-rev.h5ad::obs/time_point			True
FH1003_PB_TRN90	zenodo:14872876:FH1003_PB_TRN90	timepoint	<column time_point>	column	raw/fp-d792c3a111a3/adata-rev.h5ad::obs/time_point			True
FH1003_PB_TRNY1	zenodo:14872876:FH1003_PB_TRNY1	timepoint	<column time_point>	column	raw/fp-d792c3a111a3/adata-rev.h5ad::obs/time_point			True
FH1004_PB_EIND1	zenodo:14872876:FH1004_PB_EIND1	timepoint	<column time_point>	column	raw/fp-d792c3a111a3/adata-rev.h5ad::obs/time_point			True
FH1004_PB_EIND2	zenodo:14872876:FH1004_PB_EIND2	timepoint	<column time_point>	column	raw/fp-d792c3a111a3/adata-rev.h5ad::obs/time_point			True
FH1004_PB_INDC2	zenodo:14872876:FH1004_PB_INDC2	timepoint	<column time_point>	column	raw/fp-d792c3a111a3/adata-rev.h5ad::obs/time_point			True
FH1004_PB_INDC3	zenodo:14872876:FH1004_PB_INDC3	timepoint	<column time_point>	column	raw/fp-d792c3a111a3/adata-rev.h5ad::obs/time_point			True
FH1004_PB_PRETX	zenodo:14872876:FH1004_PB_PRETX	timepoint	<column time_point>	column	raw/fp-d792c3a111a3/adata-rev.h5ad::obs/time_point			True
FH1004_PB_TRN90	zenodo:14872876:FH1004_PB_TRN90	timepoint	<column time_point>	column	raw/fp-d792c3a111a3/adata-rev.h5ad::obs/time_point			True
FH1005_BM_EIND1	zenodo:14872876:FH1005_BM_EIND1	timepoint	<column time_point>	column	raw/fp-d792c3a111a3/adata-rev.h5ad::obs/time_point			True
FH1005_BM_PRETX	zenodo:14872876:FH1005_BM_PRETX	timepoint	<column time_point>	column	raw/fp-d792c3a111a3/adata-rev.h5ad::obs/time_point			True
FH1005_BM_TRN90	zenodo:14872876:FH1005_BM_TRN90	timepoint	<column time_point>	column	raw/fp-d792c3a111a3/adata-rev.h5ad::obs/time_point			True
FH1005_PB_EIND2	zenodo:14872876:FH1005_PB_EIND2	timepoint	<column time_point>	column	raw/fp-d792c3a111a3/adata-rev.h5ad::obs/time_point			True
FH1005_PB_INDC3	zenodo:14872876:FH1005_PB_INDC3	timepoint	<column time_point>	column	raw/fp-d792c3a111a3/adata-rev.h5ad::obs/time_point			True
FH1005_PB_PRETX	zenodo:14872876:FH1005_PB_PRETX	timepoint	<column time_point>	column	raw/fp-d792c3a111a3/adata-rev.h5ad::obs/time_point			True
FH1005_PB_PoCo15	zenodo:14872876:FH1005_PB_PoCo15	timepoint	<column time_point>	column	raw/fp-d792c3a111a3/adata-rev.h5ad::obs/time_point			True
FH1005_PB_TRN90	zenodo:14872876:FH1005_PB_TRN90	timepoint	<column time_point>	column	raw/fp-d792c3a111a3/adata-rev.h5ad::obs/time_point			True
FH1006_PB_EIND1	zenodo:14872876:FH1006_PB_EIND1	timepoint	<column time_point>	column	raw/fp-d792c3a111a3/adata-rev.h5ad::obs/time_point			True
FH1006_PB_EIND2	zenodo:14872876:FH1006_PB_EIND2	timepoint	<column time_point>	column	raw/fp-d792c3a111a3/adata-rev.h5ad::obs/time_point			True
FH1006_PB_INDC3	zenodo:14872876:FH1006_PB_INDC3	timepoint	<column time_point>	column	raw/fp-d792c3a111a3/adata-rev.h5ad::obs/time_point			True
FH1006_PB_PRETX	zenodo:14872876:FH1006_PB_PRETX	timepoint	<column time_point>	column	raw/fp-d792c3a111a3/adata-rev.h5ad::obs/time_point			True
FH1006_PB_TRN60	zenodo:14872876:FH1006_PB_TRN60	timepoint	<column time_point>	column	raw/fp-d792c3a111a3/adata-rev.h5ad::obs/time_point			True
FH1006_PB_TRN90	zenodo:14872876:FH1006_PB_TRN90	timepoint	<column time_point>	column	raw/fp-d792c3a111a3/adata-rev.h5ad::obs/time_point			True
FH1006_PB_TRNY1	zenodo:14872876:FH1006_PB_TRNY1	timepoint	<column time_point>	column	raw/fp-d792c3a111a3/adata-rev.h5ad::obs/time_point			True
FH1007_BM_PRETX	zenodo:14872876:FH1007_BM_PRETX	timepoint	<column time_point>	column	raw/fp-d792c3a111a3/adata-rev.h5ad::obs/time_point			True
FH1007_BM_TRN90	zenodo:14872876:FH1007_BM_TRN90	timepoint	<column time_point>	column	raw/fp-d792c3a111a3/adata-rev.h5ad::obs/time_point			True
FH1007_BM_TRNY1	zenodo:14872876:FH1007_BM_TRNY1	timepoint	<column time_point>	column	raw/fp-d792c3a111a3/adata-rev.h5ad::obs/time_point			True
FH1007_PB_EIND1	zenodo:14872876:FH1007_PB_EIND1	timepoint	<column time_point>	column	raw/fp-d792c3a111a3/adata-rev.h5ad::obs/time_point			True
FH1007_PB_EIND2	zenodo:14872876:FH1007_PB_EIND2	timepoint	<column time_point>	column	raw/fp-d792c3a111a3/adata-rev.h5ad::obs/time_point			True
FH1007_PB_PRETX	zenodo:14872876:FH1007_PB_PRETX	timepoint	<column time_point>	column	raw/fp-d792c3a111a3/adata-rev.h5ad::obs/time_point			True
FH1007_PB_TRN90	zenodo:14872876:FH1007_PB_TRN90	timepoint	<column time_point>	column	raw/fp-d792c3a111a3/adata-rev.h5ad::obs/time_point			True
FH1007_PB_Y1D90	zenodo:14872876:FH1007_PB_Y1D90	timepoint	<column time_point>	column	raw/fp-d792c3a111a3/adata-rev.h5ad::obs/time_point			True
FH1008_BM_EIND1	zenodo:14872876:FH1008_BM_EIND1	timepoint	<column time_point>	column	raw/fp-d792c3a111a3/adata-rev.h5ad::obs/time_point			True
FH1008_BM_PRETX	zenodo:14872876:FH1008_BM_PRETX	timepoint	<column time_point>	column	raw/fp-d792c3a111a3/adata-rev.h5ad::obs/time_point			True
FH1008_BM_TRN90	zenodo:14872876:FH1008_BM_TRN90	timepoint	<column time_point>	column	raw/fp-d792c3a111a3/adata-rev.h5ad::obs/time_point			True
FH1008_BM_TRNY1	zenodo:14872876:FH1008_BM_TRNY1	timepoint	<column time_point>	column	raw/fp-d792c3a111a3/adata-rev.h5ad::obs/time_point			True
FH1008_PB_EIND1	zenodo:14872876:FH1008_PB_EIND1	timepoint	<column time_point>	column	raw/fp-d792c3a111a3/adata-rev.h5ad::obs/time_point			True
FH1008_PB_EIND2	zenodo:14872876:FH1008_PB_EIND2	timepoint	<column time_point>	column	raw/fp-d792c3a111a3/adata-rev.h5ad::obs/time_point			True
FH1008_PB_INDC3	zenodo:14872876:FH1008_PB_INDC3	timepoint	<column time_point>	column	raw/fp-d792c3a111a3/adata-rev.h5ad::obs/time_point			True
FH1008_PB_PRETX	zenodo:14872876:FH1008_PB_PRETX	timepoint	<column time_point>	column	raw/fp-d792c3a111a3/adata-rev.h5ad::obs/time_point			True
FH1008_PB_TRN90	zenodo:14872876:FH1008_PB_TRN90	timepoint	<column time_point>	column	raw/fp-d792c3a111a3/adata-rev.h5ad::obs/time_point			True
FH1008_PB_TRNY1	zenodo:14872876:FH1008_PB_TRNY1	timepoint	<column time_point>	column	raw/fp-d792c3a111a3/adata-rev.h5ad::obs/time_point			True
FH1009_BM_PRETX	zenodo:14872876:FH1009_BM_PRETX	timepoint	<column time_point>	column	raw/fp-d792c3a111a3/adata-rev.h5ad::obs/time_point			True
FH1009_BM_TRN90	zenodo:14872876:FH1009_BM_TRN90	timepoint	<column time_point>	column	raw/fp-d792c3a111a3/adata-rev.h5ad::obs/time_point			True
FH1009_PB_EIND2	zenodo:14872876:FH1009_PB_EIND2	timepoint	<column time_point>	column	raw/fp-d792c3a111a3/adata-rev.h5ad::obs/time_point			True
FH1009_PB_PRETX	zenodo:14872876:FH1009_PB_PRETX	timepoint	<column time_point>	column	raw/fp-d792c3a111a3/adata-rev.h5ad::obs/time_point			True
FH1009_PB_TRN90	zenodo:14872876:FH1009_PB_TRN90	timepoint	<column time_point>	column	raw/fp-d792c3a111a3/adata-rev.h5ad::obs/time_point			True
FH1011_BM_EIND1	zenodo:14872876:FH1011_BM_EIND1	timepoint	<column time_point>	column	raw/fp-d792c3a111a3/adata-rev.h5ad::obs/time_point			True
FH1011_BM_PRETX	zenodo:14872876:FH1011_BM_PRETX	timepoint	<column time_point>	column	raw/fp-d792c3a111a3/adata-rev.h5ad::obs/time_point			True
FH1011_BM_TRNY1	zenodo:14872876:FH1011_BM_TRNY1	timepoint	<column time_point>	column	raw/fp-d792c3a111a3/adata-rev.h5ad::obs/time_point			True
FH1011_PB_EIND2	zenodo:14872876:FH1011_PB_EIND2	timepoint	<column time_point>	column	raw/fp-d792c3a111a3/adata-rev.h5ad::obs/time_point			True
FH1011_PB_INDC3	zenodo:14872876:FH1011_PB_INDC3	timepoint	<column time_point>	column	raw/fp-d792c3a111a3/adata-rev.h5ad::obs/time_point			True
FH1011_PB_PRETX	zenodo:14872876:FH1011_PB_PRETX	timepoint	<column time_point>	column	raw/fp-d792c3a111a3/adata-rev.h5ad::obs/time_point			True
FH1011_PB_TRN90	zenodo:14872876:FH1011_PB_TRN90	timepoint	<column time_point>	column	raw/fp-d792c3a111a3/adata-rev.h5ad::obs/time_point			True
FH1011_PB_TRNY1	zenodo:14872876:FH1011_PB_TRNY1	timepoint	<column time_point>	column	raw/fp-d792c3a111a3/adata-rev.h5ad::obs/time_point			True
FH1016_BM_EIND1	zenodo:14872876:FH1016_BM_EIND1	timepoint	<column time_point>	column	raw/fp-d792c3a111a3/adata-rev.h5ad::obs/time_point			True
FH1016_BM_PRETX	zenodo:14872876:FH1016_BM_PRETX	timepoint	<column time_point>	column	raw/fp-d792c3a111a3/adata-rev.h5ad::obs/time_point			True
FH1016_BM_TRN90	zenodo:14872876:FH1016_BM_TRN90	timepoint	<column time_point>	column	raw/fp-d792c3a111a3/adata-rev.h5ad::obs/time_point			True
FH1016_BM_TRNY1	zenodo:14872876:FH1016_BM_TRNY1	timepoint	<column time_point>	column	raw/fp-d792c3a111a3/adata-rev.h5ad::obs/time_point			True
FH1016_PB_EIND2	zenodo:14872876:FH1016_PB_EIND2	timepoint	<column time_point>	column	raw/fp-d792c3a111a3/adata-rev.h5ad::obs/time_point			True
FH1016_PB_PRETX	zenodo:14872876:FH1016_PB_PRETX	timepoint	<column time_point>	column	raw/fp-d792c3a111a3/adata-rev.h5ad::obs/time_point			True
FH1016_PB_TRN90	zenodo:14872876:FH1016_PB_TRN90	timepoint	<column time_point>	column	raw/fp-d792c3a111a3/adata-rev.h5ad::obs/time_point			True
FH1016_PB_TRNY1	zenodo:14872876:FH1016_PB_TRNY1	timepoint	<column time_point>	column	raw/fp-d792c3a111a3/adata-rev.h5ad::obs/time_point			True
FH1022_BM_EIND1	zenodo:14872876:FH1022_BM_EIND1	timepoint	<column time_point>	column	raw/fp-d792c3a111a3/adata-rev.h5ad::obs/time_point			True
FH1022_BM_PRETX	zenodo:14872876:FH1022_BM_PRETX	timepoint	<column time_point>	column	raw/fp-d792c3a111a3/adata-rev.h5ad::obs/time_point			True
FH1022_BM_TRN90	zenodo:14872876:FH1022_BM_TRN90	timepoint	<column time_point>	column	raw/fp-d792c3a111a3/adata-rev.h5ad::obs/time_point			True
FH1022_BM_TRNY1	zenodo:14872876:FH1022_BM_TRNY1	timepoint	<column time_point>	column	raw/fp-d792c3a111a3/adata-rev.h5ad::obs/time_point			True
FH1022_PB_EIND1	zenodo:14872876:FH1022_PB_EIND1	timepoint	<column time_point>	column	raw/fp-d792c3a111a3/adata-rev.h5ad::obs/time_point			True
FH1022_PB_PRETX	zenodo:14872876:FH1022_PB_PRETX	timepoint	<column time_point>	column	raw/fp-d792c3a111a3/adata-rev.h5ad::obs/time_point			True
FH1022_PB_TRN90	zenodo:14872876:FH1022_PB_TRN90	timepoint	<column time_point>	column	raw/fp-d792c3a111a3/adata-rev.h5ad::obs/time_point			True
HC_BM_1	zenodo:14872876:HC_BM_1	timepoint	<column time_point>	column	raw/fp-d792c3a111a3/adata-rev.h5ad::obs/time_point			True
HC_BM_2	zenodo:14872876:HC_BM_2	timepoint	<column time_point>	column	raw/fp-d792c3a111a3/adata-rev.h5ad::obs/time_point			True
HC_BM_3	zenodo:14872876:HC_BM_3	timepoint	<column time_point>	column	raw/fp-d792c3a111a3/adata-rev.h5ad::obs/time_point			True
HC_BM_4	zenodo:14872876:HC_BM_4	timepoint	<column time_point>	column	raw/fp-d792c3a111a3/adata-rev.h5ad::obs/time_point			True
HC_BM_5	zenodo:14872876:HC_BM_5	timepoint	<column time_point>	column	raw/fp-d792c3a111a3/adata-rev.h5ad::obs/time_point			True
HC_BM_6	zenodo:14872876:HC_BM_6	timepoint	<column time_point>	column	raw/fp-d792c3a111a3/adata-rev.h5ad::obs/time_point			True
HC_BM_7	zenodo:14872876:HC_BM_7	timepoint	<column time_point>	column	raw/fp-d792c3a111a3/adata-rev.h5ad::obs/time_point			True
HC_BM_8	zenodo:14872876:HC_BM_8	timepoint	<column time_point>	column	raw/fp-d792c3a111a3/adata-rev.h5ad::obs/time_point			True
HC_PB_1	zenodo:14872876:HC_PB_1	timepoint	<column time_point>	column	raw/fp-d792c3a111a3/adata-rev.h5ad::obs/time_point			True
HC_PB_2	zenodo:14872876:HC_PB_2	timepoint	<column time_point>	column	raw/fp-d792c3a111a3/adata-rev.h5ad::obs/time_point			True
HC_PB_3	zenodo:14872876:HC_PB_3	timepoint	<column time_point>	column	raw/fp-d792c3a111a3/adata-rev.h5ad::obs/time_point			True
HC_PB_4	zenodo:14872876:HC_PB_4	timepoint	<column time_point>	column	raw/fp-d792c3a111a3/adata-rev.h5ad::obs/time_point			True
HC_PB_5	zenodo:14872876:HC_PB_5	timepoint	<column time_point>	column	raw/fp-d792c3a111a3/adata-rev.h5ad::obs/time_point			True
HC_PB_6	zenodo:14872876:HC_PB_6	timepoint	<column time_point>	column	raw/fp-d792c3a111a3/adata-rev.h5ad::obs/time_point			True
HC_PB_7	zenodo:14872876:HC_PB_7	timepoint	<column time_point>	column	raw/fp-d792c3a111a3/adata-rev.h5ad::obs/time_point			True
HC_PB_8	zenodo:14872876:HC_PB_8	timepoint	<column time_point>	column	raw/fp-d792c3a111a3/adata-rev.h5ad::obs/time_point			True
FH1002_BM_TRNY1	zenodo:14872876:FH1002_BM_TRNY1	treatment_status	<column new_time_point>	column	raw/fp-d792c3a111a3/adata-rev.h5ad::obs/new_time_point			True
FH1002_PB_Y2D90	zenodo:14872876:FH1002_PB_Y2D90	treatment_status	<column new_time_point>	column	raw/fp-d792c3a111a3/adata-rev.h5ad::obs/new_time_point			True
FH1003_BM_EIND1	zenodo:14872876:FH1003_BM_EIND1	treatment_status	<column new_time_point>	column	raw/fp-d792c3a111a3/adata-rev.h5ad::obs/new_time_point			True
FH1003_BM_PRETX	zenodo:14872876:FH1003_BM_PRETX	treatment_status	<column new_time_point>	column	raw/fp-d792c3a111a3/adata-rev.h5ad::obs/new_time_point			True
FH1003_BM_TRN90	zenodo:14872876:FH1003_BM_TRN90	treatment_status	<column new_time_point>	column	raw/fp-d792c3a111a3/adata-rev.h5ad::obs/new_time_point			True
FH1003_BM_TRNY1	zenodo:14872876:FH1003_BM_TRNY1	treatment_status	<column new_time_point>	column	raw/fp-d792c3a111a3/adata-rev.h5ad::obs/new_time_point			True
FH1003_PB_EIND1	zenodo:14872876:FH1003_PB_EIND1	treatment_status	<column new_time_point>	column	raw/fp-d792c3a111a3/adata-rev.h5ad::obs/new_time_point			True
FH1003_PB_EIND2	zenodo:14872876:FH1003_PB_EIND2	treatment_status	<column new_time_point>	column	raw/fp-d792c3a111a3/adata-rev.h5ad::obs/new_time_point			True
FH1003_PB_INDC3	zenodo:14872876:FH1003_PB_INDC3	treatment_status	<column new_time_point>	column	raw/fp-d792c3a111a3/adata-rev.h5ad::obs/new_time_point			True
FH1003_PB_PRETX	zenodo:14872876:FH1003_PB_PRETX	treatment_status	<column new_time_point>	column	raw/fp-d792c3a111a3/adata-rev.h5ad::obs/new_time_point			True
FH1003_PB_TRN90	zenodo:14872876:FH1003_PB_TRN90	treatment_status	<column new_time_point>	column	raw/fp-d792c3a111a3/adata-rev.h5ad::obs/new_time_point			True
FH1003_PB_TRNY1	zenodo:14872876:FH1003_PB_TRNY1	treatment_status	<column new_time_point>	column	raw/fp-d792c3a111a3/adata-rev.h5ad::obs/new_time_point			True
FH1004_PB_EIND1	zenodo:14872876:FH1004_PB_EIND1	treatment_status	<column new_time_point>	column	raw/fp-d792c3a111a3/adata-rev.h5ad::obs/new_time_point			True
FH1004_PB_EIND2	zenodo:14872876:FH1004_PB_EIND2	treatment_status	<column new_time_point>	column	raw/fp-d792c3a111a3/adata-rev.h5ad::obs/new_time_point			True
FH1004_PB_INDC2	zenodo:14872876:FH1004_PB_INDC2	treatment_status	<column new_time_point>	column	raw/fp-d792c3a111a3/adata-rev.h5ad::obs/new_time_point			True
FH1004_PB_INDC3	zenodo:14872876:FH1004_PB_INDC3	treatment_status	<column new_time_point>	column	raw/fp-d792c3a111a3/adata-rev.h5ad::obs/new_time_point			True
FH1004_PB_PRETX	zenodo:14872876:FH1004_PB_PRETX	treatment_status	<column new_time_point>	column	raw/fp-d792c3a111a3/adata-rev.h5ad::obs/new_time_point			True
FH1004_PB_TRN90	zenodo:14872876:FH1004_PB_TRN90	treatment_status	<column new_time_point>	column	raw/fp-d792c3a111a3/adata-rev.h5ad::obs/new_time_point			True
FH1005_BM_EIND1	zenodo:14872876:FH1005_BM_EIND1	treatment_status	<column new_time_point>	column	raw/fp-d792c3a111a3/adata-rev.h5ad::obs/new_time_point			True
FH1005_BM_PRETX	zenodo:14872876:FH1005_BM_PRETX	treatment_status	<column new_time_point>	column	raw/fp-d792c3a111a3/adata-rev.h5ad::obs/new_time_point			True
FH1005_BM_TRN90	zenodo:14872876:FH1005_BM_TRN90	treatment_status	<column new_time_point>	column	raw/fp-d792c3a111a3/adata-rev.h5ad::obs/new_time_point			True
FH1005_PB_EIND2	zenodo:14872876:FH1005_PB_EIND2	treatment_status	<column new_time_point>	column	raw/fp-d792c3a111a3/adata-rev.h5ad::obs/new_time_point			True
FH1005_PB_INDC3	zenodo:14872876:FH1005_PB_INDC3	treatment_status	<column new_time_point>	column	raw/fp-d792c3a111a3/adata-rev.h5ad::obs/new_time_point			True
FH1005_PB_PRETX	zenodo:14872876:FH1005_PB_PRETX	treatment_status	<column new_time_point>	column	raw/fp-d792c3a111a3/adata-rev.h5ad::obs/new_time_point			True
FH1005_PB_PoCo15	zenodo:14872876:FH1005_PB_PoCo15	treatment_status	<column new_time_point>	column	raw/fp-d792c3a111a3/adata-rev.h5ad::obs/new_time_point			True
FH1005_PB_TRN90	zenodo:14872876:FH1005_PB_TRN90	treatment_status	<column new_time_point>	column	raw/fp-d792c3a111a3/adata-rev.h5ad::obs/new_time_point			True
FH1006_PB_EIND1	zenodo:14872876:FH1006_PB_EIND1	treatment_status	<column new_time_point>	column	raw/fp-d792c3a111a3/adata-rev.h5ad::obs/new_time_point			True
FH1006_PB_EIND2	zenodo:14872876:FH1006_PB_EIND2	treatment_status	<column new_time_point>	column	raw/fp-d792c3a111a3/adata-rev.h5ad::obs/new_time_point			True
FH1006_PB_INDC3	zenodo:14872876:FH1006_PB_INDC3	treatment_status	<column new_time_point>	column	raw/fp-d792c3a111a3/adata-rev.h5ad::obs/new_time_point			True
FH1006_PB_PRETX	zenodo:14872876:FH1006_PB_PRETX	treatment_status	<column new_time_point>	column	raw/fp-d792c3a111a3/adata-rev.h5ad::obs/new_time_point			True
FH1006_PB_TRN60	zenodo:14872876:FH1006_PB_TRN60	treatment_status	<column new_time_point>	column	raw/fp-d792c3a111a3/adata-rev.h5ad::obs/new_time_point			True
FH1006_PB_TRN90	zenodo:14872876:FH1006_PB_TRN90	treatment_status	<column new_time_point>	column	raw/fp-d792c3a111a3/adata-rev.h5ad::obs/new_time_point			True
FH1006_PB_TRNY1	zenodo:14872876:FH1006_PB_TRNY1	treatment_status	<column new_time_point>	column	raw/fp-d792c3a111a3/adata-rev.h5ad::obs/new_time_point			True
FH1007_BM_PRETX	zenodo:14872876:FH1007_BM_PRETX	treatment_status	<column new_time_point>	column	raw/fp-d792c3a111a3/adata-rev.h5ad::obs/new_time_point			True
FH1007_BM_TRN90	zenodo:14872876:FH1007_BM_TRN90	treatment_status	<column new_time_point>	column	raw/fp-d792c3a111a3/adata-rev.h5ad::obs/new_time_point			True
FH1007_BM_TRNY1	zenodo:14872876:FH1007_BM_TRNY1	treatment_status	<column new_time_point>	column	raw/fp-d792c3a111a3/adata-rev.h5ad::obs/new_time_point			True
FH1007_PB_EIND1	zenodo:14872876:FH1007_PB_EIND1	treatment_status	<column new_time_point>	column	raw/fp-d792c3a111a3/adata-rev.h5ad::obs/new_time_point			True
FH1007_PB_EIND2	zenodo:14872876:FH1007_PB_EIND2	treatment_status	<column new_time_point>	column	raw/fp-d792c3a111a3/adata-rev.h5ad::obs/new_time_point			True
FH1007_PB_PRETX	zenodo:14872876:FH1007_PB_PRETX	treatment_status	<column new_time_point>	column	raw/fp-d792c3a111a3/adata-rev.h5ad::obs/new_time_point			True
FH1007_PB_TRN90	zenodo:14872876:FH1007_PB_TRN90	treatment_status	<column new_time_point>	column	raw/fp-d792c3a111a3/adata-rev.h5ad::obs/new_time_point			True
FH1007_PB_Y1D90	zenodo:14872876:FH1007_PB_Y1D90	treatment_status	<column new_time_point>	column	raw/fp-d792c3a111a3/adata-rev.h5ad::obs/new_time_point			True
FH1008_BM_EIND1	zenodo:14872876:FH1008_BM_EIND1	treatment_status	<column new_time_point>	column	raw/fp-d792c3a111a3/adata-rev.h5ad::obs/new_time_point			True
FH1008_BM_PRETX	zenodo:14872876:FH1008_BM_PRETX	treatment_status	<column new_time_point>	column	raw/fp-d792c3a111a3/adata-rev.h5ad::obs/new_time_point			True
FH1008_BM_TRN90	zenodo:14872876:FH1008_BM_TRN90	treatment_status	<column new_time_point>	column	raw/fp-d792c3a111a3/adata-rev.h5ad::obs/new_time_point			True
FH1008_BM_TRNY1	zenodo:14872876:FH1008_BM_TRNY1	treatment_status	<column new_time_point>	column	raw/fp-d792c3a111a3/adata-rev.h5ad::obs/new_time_point			True
FH1008_PB_EIND1	zenodo:14872876:FH1008_PB_EIND1	treatment_status	<column new_time_point>	column	raw/fp-d792c3a111a3/adata-rev.h5ad::obs/new_time_point			True
FH1008_PB_EIND2	zenodo:14872876:FH1008_PB_EIND2	treatment_status	<column new_time_point>	column	raw/fp-d792c3a111a3/adata-rev.h5ad::obs/new_time_point			True
FH1008_PB_INDC3	zenodo:14872876:FH1008_PB_INDC3	treatment_status	<column new_time_point>	column	raw/fp-d792c3a111a3/adata-rev.h5ad::obs/new_time_point			True
FH1008_PB_PRETX	zenodo:14872876:FH1008_PB_PRETX	treatment_status	<column new_time_point>	column	raw/fp-d792c3a111a3/adata-rev.h5ad::obs/new_time_point			True
FH1008_PB_TRN90	zenodo:14872876:FH1008_PB_TRN90	treatment_status	<column new_time_point>	column	raw/fp-d792c3a111a3/adata-rev.h5ad::obs/new_time_point			True
FH1008_PB_TRNY1	zenodo:14872876:FH1008_PB_TRNY1	treatment_status	<column new_time_point>	column	raw/fp-d792c3a111a3/adata-rev.h5ad::obs/new_time_point			True
FH1009_BM_PRETX	zenodo:14872876:FH1009_BM_PRETX	treatment_status	<column new_time_point>	column	raw/fp-d792c3a111a3/adata-rev.h5ad::obs/new_time_point			True
FH1009_BM_TRN90	zenodo:14872876:FH1009_BM_TRN90	treatment_status	<column new_time_point>	column	raw/fp-d792c3a111a3/adata-rev.h5ad::obs/new_time_point			True
FH1009_PB_EIND2	zenodo:14872876:FH1009_PB_EIND2	treatment_status	<column new_time_point>	column	raw/fp-d792c3a111a3/adata-rev.h5ad::obs/new_time_point			True
FH1009_PB_PRETX	zenodo:14872876:FH1009_PB_PRETX	treatment_status	<column new_time_point>	column	raw/fp-d792c3a111a3/adata-rev.h5ad::obs/new_time_point			True
FH1009_PB_TRN90	zenodo:14872876:FH1009_PB_TRN90	treatment_status	<column new_time_point>	column	raw/fp-d792c3a111a3/adata-rev.h5ad::obs/new_time_point			True
FH1011_BM_EIND1	zenodo:14872876:FH1011_BM_EIND1	treatment_status	<column new_time_point>	column	raw/fp-d792c3a111a3/adata-rev.h5ad::obs/new_time_point			True
FH1011_BM_PRETX	zenodo:14872876:FH1011_BM_PRETX	treatment_status	<column new_time_point>	column	raw/fp-d792c3a111a3/adata-rev.h5ad::obs/new_time_point			True
FH1011_BM_TRNY1	zenodo:14872876:FH1011_BM_TRNY1	treatment_status	<column new_time_point>	column	raw/fp-d792c3a111a3/adata-rev.h5ad::obs/new_time_point			True
FH1011_PB_EIND2	zenodo:14872876:FH1011_PB_EIND2	treatment_status	<column new_time_point>	column	raw/fp-d792c3a111a3/adata-rev.h5ad::obs/new_time_point			True
FH1011_PB_INDC3	zenodo:14872876:FH1011_PB_INDC3	treatment_status	<column new_time_point>	column	raw/fp-d792c3a111a3/adata-rev.h5ad::obs/new_time_point			True
FH1011_PB_PRETX	zenodo:14872876:FH1011_PB_PRETX	treatment_status	<column new_time_point>	column	raw/fp-d792c3a111a3/adata-rev.h5ad::obs/new_time_point			True
FH1011_PB_TRN90	zenodo:14872876:FH1011_PB_TRN90	treatment_status	<column new_time_point>	column	raw/fp-d792c3a111a3/adata-rev.h5ad::obs/new_time_point			True
FH1011_PB_TRNY1	zenodo:14872876:FH1011_PB_TRNY1	treatment_status	<column new_time_point>	column	raw/fp-d792c3a111a3/adata-rev.h5ad::obs/new_time_point			True
FH1016_BM_EIND1	zenodo:14872876:FH1016_BM_EIND1	treatment_status	<column new_time_point>	column	raw/fp-d792c3a111a3/adata-rev.h5ad::obs/new_time_point			True
FH1016_BM_PRETX	zenodo:14872876:FH1016_BM_PRETX	treatment_status	<column new_time_point>	column	raw/fp-d792c3a111a3/adata-rev.h5ad::obs/new_time_point			True
FH1016_BM_TRN90	zenodo:14872876:FH1016_BM_TRN90	treatment_status	<column new_time_point>	column	raw/fp-d792c3a111a3/adata-rev.h5ad::obs/new_time_point			True
FH1016_BM_TRNY1	zenodo:14872876:FH1016_BM_TRNY1	treatment_status	<column new_time_point>	column	raw/fp-d792c3a111a3/adata-rev.h5ad::obs/new_time_point			True
FH1016_PB_EIND2	zenodo:14872876:FH1016_PB_EIND2	treatment_status	<column new_time_point>	column	raw/fp-d792c3a111a3/adata-rev.h5ad::obs/new_time_point			True
FH1016_PB_PRETX	zenodo:14872876:FH1016_PB_PRETX	treatment_status	<column new_time_point>	column	raw/fp-d792c3a111a3/adata-rev.h5ad::obs/new_time_point			True
FH1016_PB_TRN90	zenodo:14872876:FH1016_PB_TRN90	treatment_status	<column new_time_point>	column	raw/fp-d792c3a111a3/adata-rev.h5ad::obs/new_time_point			True
FH1016_PB_TRNY1	zenodo:14872876:FH1016_PB_TRNY1	treatment_status	<column new_time_point>	column	raw/fp-d792c3a111a3/adata-rev.h5ad::obs/new_time_point			True
FH1022_BM_EIND1	zenodo:14872876:FH1022_BM_EIND1	treatment_status	<column new_time_point>	column	raw/fp-d792c3a111a3/adata-rev.h5ad::obs/new_time_point			True
FH1022_BM_PRETX	zenodo:14872876:FH1022_BM_PRETX	treatment_status	<column new_time_point>	column	raw/fp-d792c3a111a3/adata-rev.h5ad::obs/new_time_point			True
FH1022_BM_TRN90	zenodo:14872876:FH1022_BM_TRN90	treatment_status	<column new_time_point>	column	raw/fp-d792c3a111a3/adata-rev.h5ad::obs/new_time_point			True
FH1022_BM_TRNY1	zenodo:14872876:FH1022_BM_TRNY1	treatment_status	<column new_time_point>	column	raw/fp-d792c3a111a3/adata-rev.h5ad::obs/new_time_point			True
FH1022_PB_EIND1	zenodo:14872876:FH1022_PB_EIND1	treatment_status	<column new_time_point>	column	raw/fp-d792c3a111a3/adata-rev.h5ad::obs/new_time_point			True
FH1022_PB_PRETX	zenodo:14872876:FH1022_PB_PRETX	treatment_status	<column new_time_point>	column	raw/fp-d792c3a111a3/adata-rev.h5ad::obs/new_time_point			True
FH1022_PB_TRN90	zenodo:14872876:FH1022_PB_TRN90	treatment_status	<column new_time_point>	column	raw/fp-d792c3a111a3/adata-rev.h5ad::obs/new_time_point			True
HC_BM_1	zenodo:14872876:HC_BM_1	treatment_status	<column new_time_point>	column	raw/fp-d792c3a111a3/adata-rev.h5ad::obs/new_time_point			True
HC_BM_2	zenodo:14872876:HC_BM_2	treatment_status	<column new_time_point>	column	raw/fp-d792c3a111a3/adata-rev.h5ad::obs/new_time_point			True
HC_BM_3	zenodo:14872876:HC_BM_3	treatment_status	<column new_time_point>	column	raw/fp-d792c3a111a3/adata-rev.h5ad::obs/new_time_point			True
HC_BM_4	zenodo:14872876:HC_BM_4	treatment_status	<column new_time_point>	column	raw/fp-d792c3a111a3/adata-rev.h5ad::obs/new_time_point			True
HC_BM_5	zenodo:14872876:HC_BM_5	treatment_status	<column new_time_point>	column	raw/fp-d792c3a111a3/adata-rev.h5ad::obs/new_time_point			True
HC_BM_6	zenodo:14872876:HC_BM_6	treatment_status	<column new_time_point>	column	raw/fp-d792c3a111a3/adata-rev.h5ad::obs/new_time_point			True
HC_BM_7	zenodo:14872876:HC_BM_7	treatment_status	<column new_time_point>	column	raw/fp-d792c3a111a3/adata-rev.h5ad::obs/new_time_point			True
HC_BM_8	zenodo:14872876:HC_BM_8	treatment_status	<column new_time_point>	column	raw/fp-d792c3a111a3/adata-rev.h5ad::obs/new_time_point			True
HC_PB_1	zenodo:14872876:HC_PB_1	treatment_status	<column new_time_point>	column	raw/fp-d792c3a111a3/adata-rev.h5ad::obs/new_time_point			True
HC_PB_2	zenodo:14872876:HC_PB_2	treatment_status	<column new_time_point>	column	raw/fp-d792c3a111a3/adata-rev.h5ad::obs/new_time_point			True
HC_PB_3	zenodo:14872876:HC_PB_3	treatment_status	<column new_time_point>	column	raw/fp-d792c3a111a3/adata-rev.h5ad::obs/new_time_point			True
HC_PB_4	zenodo:14872876:HC_PB_4	treatment_status	<column new_time_point>	column	raw/fp-d792c3a111a3/adata-rev.h5ad::obs/new_time_point			True
HC_PB_5	zenodo:14872876:HC_PB_5	treatment_status	<column new_time_point>	column	raw/fp-d792c3a111a3/adata-rev.h5ad::obs/new_time_point			True
HC_PB_6	zenodo:14872876:HC_PB_6	treatment_status	<column new_time_point>	column	raw/fp-d792c3a111a3/adata-rev.h5ad::obs/new_time_point			True
HC_PB_7	zenodo:14872876:HC_PB_7	treatment_status	<column new_time_point>	column	raw/fp-d792c3a111a3/adata-rev.h5ad::obs/new_time_point			True
HC_PB_8	zenodo:14872876:HC_PB_8	treatment_status	<column new_time_point>	column	raw/fp-d792c3a111a3/adata-rev.h5ad::obs/new_time_point			True
FH1002_BM_TRNY1	zenodo:14872876:FH1002_BM_TRNY1	treatment	<column new_time_point>	column	raw/fp-d792c3a111a3/adata-rev.h5ad::obs/new_time_point			True
FH1002_PB_Y2D90	zenodo:14872876:FH1002_PB_Y2D90	treatment	<column new_time_point>	column	raw/fp-d792c3a111a3/adata-rev.h5ad::obs/new_time_point			True
FH1003_BM_EIND1	zenodo:14872876:FH1003_BM_EIND1	treatment	<column new_time_point>	column	raw/fp-d792c3a111a3/adata-rev.h5ad::obs/new_time_point			True
FH1003_BM_PRETX	zenodo:14872876:FH1003_BM_PRETX	treatment	<column new_time_point>	column	raw/fp-d792c3a111a3/adata-rev.h5ad::obs/new_time_point			True
FH1003_BM_TRN90	zenodo:14872876:FH1003_BM_TRN90	treatment	<column new_time_point>	column	raw/fp-d792c3a111a3/adata-rev.h5ad::obs/new_time_point			True
FH1003_BM_TRNY1	zenodo:14872876:FH1003_BM_TRNY1	treatment	<column new_time_point>	column	raw/fp-d792c3a111a3/adata-rev.h5ad::obs/new_time_point			True
FH1003_PB_EIND1	zenodo:14872876:FH1003_PB_EIND1	treatment	<column new_time_point>	column	raw/fp-d792c3a111a3/adata-rev.h5ad::obs/new_time_point			True
FH1003_PB_EIND2	zenodo:14872876:FH1003_PB_EIND2	treatment	<column new_time_point>	column	raw/fp-d792c3a111a3/adata-rev.h5ad::obs/new_time_point			True
FH1003_PB_INDC3	zenodo:14872876:FH1003_PB_INDC3	treatment	<column new_time_point>	column	raw/fp-d792c3a111a3/adata-rev.h5ad::obs/new_time_point			True
FH1003_PB_PRETX	zenodo:14872876:FH1003_PB_PRETX	treatment	<column new_time_point>	column	raw/fp-d792c3a111a3/adata-rev.h5ad::obs/new_time_point			True
FH1003_PB_TRN90	zenodo:14872876:FH1003_PB_TRN90	treatment	<column new_time_point>	column	raw/fp-d792c3a111a3/adata-rev.h5ad::obs/new_time_point			True
FH1003_PB_TRNY1	zenodo:14872876:FH1003_PB_TRNY1	treatment	<column new_time_point>	column	raw/fp-d792c3a111a3/adata-rev.h5ad::obs/new_time_point			True
FH1004_PB_EIND1	zenodo:14872876:FH1004_PB_EIND1	treatment	<column new_time_point>	column	raw/fp-d792c3a111a3/adata-rev.h5ad::obs/new_time_point			True
FH1004_PB_EIND2	zenodo:14872876:FH1004_PB_EIND2	treatment	<column new_time_point>	column	raw/fp-d792c3a111a3/adata-rev.h5ad::obs/new_time_point			True
FH1004_PB_INDC2	zenodo:14872876:FH1004_PB_INDC2	treatment	<column new_time_point>	column	raw/fp-d792c3a111a3/adata-rev.h5ad::obs/new_time_point			True
FH1004_PB_INDC3	zenodo:14872876:FH1004_PB_INDC3	treatment	<column new_time_point>	column	raw/fp-d792c3a111a3/adata-rev.h5ad::obs/new_time_point			True
FH1004_PB_PRETX	zenodo:14872876:FH1004_PB_PRETX	treatment	<column new_time_point>	column	raw/fp-d792c3a111a3/adata-rev.h5ad::obs/new_time_point			True
FH1004_PB_TRN90	zenodo:14872876:FH1004_PB_TRN90	treatment	<column new_time_point>	column	raw/fp-d792c3a111a3/adata-rev.h5ad::obs/new_time_point			True
FH1005_BM_EIND1	zenodo:14872876:FH1005_BM_EIND1	treatment	<column new_time_point>	column	raw/fp-d792c3a111a3/adata-rev.h5ad::obs/new_time_point			True
FH1005_BM_PRETX	zenodo:14872876:FH1005_BM_PRETX	treatment	<column new_time_point>	column	raw/fp-d792c3a111a3/adata-rev.h5ad::obs/new_time_point			True
FH1005_BM_TRN90	zenodo:14872876:FH1005_BM_TRN90	treatment	<column new_time_point>	column	raw/fp-d792c3a111a3/adata-rev.h5ad::obs/new_time_point			True
FH1005_PB_EIND2	zenodo:14872876:FH1005_PB_EIND2	treatment	<column new_time_point>	column	raw/fp-d792c3a111a3/adata-rev.h5ad::obs/new_time_point			True
FH1005_PB_INDC3	zenodo:14872876:FH1005_PB_INDC3	treatment	<column new_time_point>	column	raw/fp-d792c3a111a3/adata-rev.h5ad::obs/new_time_point			True
FH1005_PB_PRETX	zenodo:14872876:FH1005_PB_PRETX	treatment	<column new_time_point>	column	raw/fp-d792c3a111a3/adata-rev.h5ad::obs/new_time_point			True
FH1005_PB_PoCo15	zenodo:14872876:FH1005_PB_PoCo15	treatment	<column new_time_point>	column	raw/fp-d792c3a111a3/adata-rev.h5ad::obs/new_time_point			True
FH1005_PB_TRN90	zenodo:14872876:FH1005_PB_TRN90	treatment	<column new_time_point>	column	raw/fp-d792c3a111a3/adata-rev.h5ad::obs/new_time_point			True
FH1006_PB_EIND1	zenodo:14872876:FH1006_PB_EIND1	treatment	<column new_time_point>	column	raw/fp-d792c3a111a3/adata-rev.h5ad::obs/new_time_point			True
FH1006_PB_EIND2	zenodo:14872876:FH1006_PB_EIND2	treatment	<column new_time_point>	column	raw/fp-d792c3a111a3/adata-rev.h5ad::obs/new_time_point			True
FH1006_PB_INDC3	zenodo:14872876:FH1006_PB_INDC3	treatment	<column new_time_point>	column	raw/fp-d792c3a111a3/adata-rev.h5ad::obs/new_time_point			True
FH1006_PB_PRETX	zenodo:14872876:FH1006_PB_PRETX	treatment	<column new_time_point>	column	raw/fp-d792c3a111a3/adata-rev.h5ad::obs/new_time_point			True
FH1006_PB_TRN60	zenodo:14872876:FH1006_PB_TRN60	treatment	<column new_time_point>	column	raw/fp-d792c3a111a3/adata-rev.h5ad::obs/new_time_point			True
FH1006_PB_TRN90	zenodo:14872876:FH1006_PB_TRN90	treatment	<column new_time_point>	column	raw/fp-d792c3a111a3/adata-rev.h5ad::obs/new_time_point			True
FH1006_PB_TRNY1	zenodo:14872876:FH1006_PB_TRNY1	treatment	<column new_time_point>	column	raw/fp-d792c3a111a3/adata-rev.h5ad::obs/new_time_point			True
FH1007_BM_PRETX	zenodo:14872876:FH1007_BM_PRETX	treatment	<column new_time_point>	column	raw/fp-d792c3a111a3/adata-rev.h5ad::obs/new_time_point			True
FH1007_BM_TRN90	zenodo:14872876:FH1007_BM_TRN90	treatment	<column new_time_point>	column	raw/fp-d792c3a111a3/adata-rev.h5ad::obs/new_time_point			True
FH1007_BM_TRNY1	zenodo:14872876:FH1007_BM_TRNY1	treatment	<column new_time_point>	column	raw/fp-d792c3a111a3/adata-rev.h5ad::obs/new_time_point			True
FH1007_PB_EIND1	zenodo:14872876:FH1007_PB_EIND1	treatment	<column new_time_point>	column	raw/fp-d792c3a111a3/adata-rev.h5ad::obs/new_time_point			True
FH1007_PB_EIND2	zenodo:14872876:FH1007_PB_EIND2	treatment	<column new_time_point>	column	raw/fp-d792c3a111a3/adata-rev.h5ad::obs/new_time_point			True
FH1007_PB_PRETX	zenodo:14872876:FH1007_PB_PRETX	treatment	<column new_time_point>	column	raw/fp-d792c3a111a3/adata-rev.h5ad::obs/new_time_point			True
FH1007_PB_TRN90	zenodo:14872876:FH1007_PB_TRN90	treatment	<column new_time_point>	column	raw/fp-d792c3a111a3/adata-rev.h5ad::obs/new_time_point			True
FH1007_PB_Y1D90	zenodo:14872876:FH1007_PB_Y1D90	treatment	<column new_time_point>	column	raw/fp-d792c3a111a3/adata-rev.h5ad::obs/new_time_point			True
FH1008_BM_EIND1	zenodo:14872876:FH1008_BM_EIND1	treatment	<column new_time_point>	column	raw/fp-d792c3a111a3/adata-rev.h5ad::obs/new_time_point			True
FH1008_BM_PRETX	zenodo:14872876:FH1008_BM_PRETX	treatment	<column new_time_point>	column	raw/fp-d792c3a111a3/adata-rev.h5ad::obs/new_time_point			True
FH1008_BM_TRN90	zenodo:14872876:FH1008_BM_TRN90	treatment	<column new_time_point>	column	raw/fp-d792c3a111a3/adata-rev.h5ad::obs/new_time_point			True
FH1008_BM_TRNY1	zenodo:14872876:FH1008_BM_TRNY1	treatment	<column new_time_point>	column	raw/fp-d792c3a111a3/adata-rev.h5ad::obs/new_time_point			True
FH1008_PB_EIND1	zenodo:14872876:FH1008_PB_EIND1	treatment	<column new_time_point>	column	raw/fp-d792c3a111a3/adata-rev.h5ad::obs/new_time_point			True
FH1008_PB_EIND2	zenodo:14872876:FH1008_PB_EIND2	treatment	<column new_time_point>	column	raw/fp-d792c3a111a3/adata-rev.h5ad::obs/new_time_point			True
FH1008_PB_INDC3	zenodo:14872876:FH1008_PB_INDC3	treatment	<column new_time_point>	column	raw/fp-d792c3a111a3/adata-rev.h5ad::obs/new_time_point			True
FH1008_PB_PRETX	zenodo:14872876:FH1008_PB_PRETX	treatment	<column new_time_point>	column	raw/fp-d792c3a111a3/adata-rev.h5ad::obs/new_time_point			True
FH1008_PB_TRN90	zenodo:14872876:FH1008_PB_TRN90	treatment	<column new_time_point>	column	raw/fp-d792c3a111a3/adata-rev.h5ad::obs/new_time_point			True
FH1008_PB_TRNY1	zenodo:14872876:FH1008_PB_TRNY1	treatment	<column new_time_point>	column	raw/fp-d792c3a111a3/adata-rev.h5ad::obs/new_time_point			True
FH1009_BM_PRETX	zenodo:14872876:FH1009_BM_PRETX	treatment	<column new_time_point>	column	raw/fp-d792c3a111a3/adata-rev.h5ad::obs/new_time_point			True
FH1009_BM_TRN90	zenodo:14872876:FH1009_BM_TRN90	treatment	<column new_time_point>	column	raw/fp-d792c3a111a3/adata-rev.h5ad::obs/new_time_point			True
FH1009_PB_EIND2	zenodo:14872876:FH1009_PB_EIND2	treatment	<column new_time_point>	column	raw/fp-d792c3a111a3/adata-rev.h5ad::obs/new_time_point			True
FH1009_PB_PRETX	zenodo:14872876:FH1009_PB_PRETX	treatment	<column new_time_point>	column	raw/fp-d792c3a111a3/adata-rev.h5ad::obs/new_time_point			True
FH1009_PB_TRN90	zenodo:14872876:FH1009_PB_TRN90	treatment	<column new_time_point>	column	raw/fp-d792c3a111a3/adata-rev.h5ad::obs/new_time_point			True
FH1011_BM_EIND1	zenodo:14872876:FH1011_BM_EIND1	treatment	<column new_time_point>	column	raw/fp-d792c3a111a3/adata-rev.h5ad::obs/new_time_point			True
FH1011_BM_PRETX	zenodo:14872876:FH1011_BM_PRETX	treatment	<column new_time_point>	column	raw/fp-d792c3a111a3/adata-rev.h5ad::obs/new_time_point			True
FH1011_BM_TRNY1	zenodo:14872876:FH1011_BM_TRNY1	treatment	<column new_time_point>	column	raw/fp-d792c3a111a3/adata-rev.h5ad::obs/new_time_point			True
FH1011_PB_EIND2	zenodo:14872876:FH1011_PB_EIND2	treatment	<column new_time_point>	column	raw/fp-d792c3a111a3/adata-rev.h5ad::obs/new_time_point			True
FH1011_PB_INDC3	zenodo:14872876:FH1011_PB_INDC3	treatment	<column new_time_point>	column	raw/fp-d792c3a111a3/adata-rev.h5ad::obs/new_time_point			True
FH1011_PB_PRETX	zenodo:14872876:FH1011_PB_PRETX	treatment	<column new_time_point>	column	raw/fp-d792c3a111a3/adata-rev.h5ad::obs/new_time_point			True
FH1011_PB_TRN90	zenodo:14872876:FH1011_PB_TRN90	treatment	<column new_time_point>	column	raw/fp-d792c3a111a3/adata-rev.h5ad::obs/new_time_point			True
FH1011_PB_TRNY1	zenodo:14872876:FH1011_PB_TRNY1	treatment	<column new_time_point>	column	raw/fp-d792c3a111a3/adata-rev.h5ad::obs/new_time_point			True
FH1016_BM_EIND1	zenodo:14872876:FH1016_BM_EIND1	treatment	<column new_time_point>	column	raw/fp-d792c3a111a3/adata-rev.h5ad::obs/new_time_point			True
FH1016_BM_PRETX	zenodo:14872876:FH1016_BM_PRETX	treatment	<column new_time_point>	column	raw/fp-d792c3a111a3/adata-rev.h5ad::obs/new_time_point			True
FH1016_BM_TRN90	zenodo:14872876:FH1016_BM_TRN90	treatment	<column new_time_point>	column	raw/fp-d792c3a111a3/adata-rev.h5ad::obs/new_time_point			True
FH1016_BM_TRNY1	zenodo:14872876:FH1016_BM_TRNY1	treatment	<column new_time_point>	column	raw/fp-d792c3a111a3/adata-rev.h5ad::obs/new_time_point			True
FH1016_PB_EIND2	zenodo:14872876:FH1016_PB_EIND2	treatment	<column new_time_point>	column	raw/fp-d792c3a111a3/adata-rev.h5ad::obs/new_time_point			True
FH1016_PB_PRETX	zenodo:14872876:FH1016_PB_PRETX	treatment	<column new_time_point>	column	raw/fp-d792c3a111a3/adata-rev.h5ad::obs/new_time_point			True
FH1016_PB_TRN90	zenodo:14872876:FH1016_PB_TRN90	treatment	<column new_time_point>	column	raw/fp-d792c3a111a3/adata-rev.h5ad::obs/new_time_point			True
FH1016_PB_TRNY1	zenodo:14872876:FH1016_PB_TRNY1	treatment	<column new_time_point>	column	raw/fp-d792c3a111a3/adata-rev.h5ad::obs/new_time_point			True
FH1022_BM_EIND1	zenodo:14872876:FH1022_BM_EIND1	treatment	<column new_time_point>	column	raw/fp-d792c3a111a3/adata-rev.h5ad::obs/new_time_point			True
FH1022_BM_PRETX	zenodo:14872876:FH1022_BM_PRETX	treatment	<column new_time_point>	column	raw/fp-d792c3a111a3/adata-rev.h5ad::obs/new_time_point			True
FH1022_BM_TRN90	zenodo:14872876:FH1022_BM_TRN90	treatment	<column new_time_point>	column	raw/fp-d792c3a111a3/adata-rev.h5ad::obs/new_time_point			True
FH1022_BM_TRNY1	zenodo:14872876:FH1022_BM_TRNY1	treatment	<column new_time_point>	column	raw/fp-d792c3a111a3/adata-rev.h5ad::obs/new_time_point			True
FH1022_PB_EIND1	zenodo:14872876:FH1022_PB_EIND1	treatment	<column new_time_point>	column	raw/fp-d792c3a111a3/adata-rev.h5ad::obs/new_time_point			True
FH1022_PB_PRETX	zenodo:14872876:FH1022_PB_PRETX	treatment	<column new_time_point>	column	raw/fp-d792c3a111a3/adata-rev.h5ad::obs/new_time_point			True
FH1022_PB_TRN90	zenodo:14872876:FH1022_PB_TRN90	treatment	<column new_time_point>	column	raw/fp-d792c3a111a3/adata-rev.h5ad::obs/new_time_point			True
HC_BM_1	zenodo:14872876:HC_BM_1	treatment	<column new_time_point>	column	raw/fp-d792c3a111a3/adata-rev.h5ad::obs/new_time_point			True
HC_BM_2	zenodo:14872876:HC_BM_2	treatment	<column new_time_point>	column	raw/fp-d792c3a111a3/adata-rev.h5ad::obs/new_time_point			True
HC_BM_3	zenodo:14872876:HC_BM_3	treatment	<column new_time_point>	column	raw/fp-d792c3a111a3/adata-rev.h5ad::obs/new_time_point			True
HC_BM_4	zenodo:14872876:HC_BM_4	treatment	<column new_time_point>	column	raw/fp-d792c3a111a3/adata-rev.h5ad::obs/new_time_point			True
HC_BM_5	zenodo:14872876:HC_BM_5	treatment	<column new_time_point>	column	raw/fp-d792c3a111a3/adata-rev.h5ad::obs/new_time_point			True
HC_BM_6	zenodo:14872876:HC_BM_6	treatment	<column new_time_point>	column	raw/fp-d792c3a111a3/adata-rev.h5ad::obs/new_time_point			True
HC_BM_7	zenodo:14872876:HC_BM_7	treatment	<column new_time_point>	column	raw/fp-d792c3a111a3/adata-rev.h5ad::obs/new_time_point			True
HC_BM_8	zenodo:14872876:HC_BM_8	treatment	<column new_time_point>	column	raw/fp-d792c3a111a3/adata-rev.h5ad::obs/new_time_point			True
HC_PB_1	zenodo:14872876:HC_PB_1	treatment	<column new_time_point>	column	raw/fp-d792c3a111a3/adata-rev.h5ad::obs/new_time_point			True
HC_PB_2	zenodo:14872876:HC_PB_2	treatment	<column new_time_point>	column	raw/fp-d792c3a111a3/adata-rev.h5ad::obs/new_time_point			True
HC_PB_3	zenodo:14872876:HC_PB_3	treatment	<column new_time_point>	column	raw/fp-d792c3a111a3/adata-rev.h5ad::obs/new_time_point			True
HC_PB_4	zenodo:14872876:HC_PB_4	treatment	<column new_time_point>	column	raw/fp-d792c3a111a3/adata-rev.h5ad::obs/new_time_point			True
HC_PB_5	zenodo:14872876:HC_PB_5	treatment	<column new_time_point>	column	raw/fp-d792c3a111a3/adata-rev.h5ad::obs/new_time_point			True
HC_PB_6	zenodo:14872876:HC_PB_6	treatment	<column new_time_point>	column	raw/fp-d792c3a111a3/adata-rev.h5ad::obs/new_time_point			True
HC_PB_7	zenodo:14872876:HC_PB_7	treatment	<column new_time_point>	column	raw/fp-d792c3a111a3/adata-rev.h5ad::obs/new_time_point			True
HC_PB_8	zenodo:14872876:HC_PB_8	treatment	<column new_time_point>	column	raw/fp-d792c3a111a3/adata-rev.h5ad::obs/new_time_point			True
FH1002_BM_TRNY1	zenodo:14872876:FH1002_BM_TRNY1	assay_ontology_term_id	EFO:0009900	derived	ols:efo		10x 5' v2	True
FH1002_PB_Y2D90	zenodo:14872876:FH1002_PB_Y2D90	assay_ontology_term_id	EFO:0009900	derived	ols:efo		10x 5' v2	True
FH1003_BM_EIND1	zenodo:14872876:FH1003_BM_EIND1	assay_ontology_term_id	EFO:0009900	derived	ols:efo		10x 5' v2	True
FH1003_BM_PRETX	zenodo:14872876:FH1003_BM_PRETX	assay_ontology_term_id	EFO:0009900	derived	ols:efo		10x 5' v2	True
FH1003_BM_TRN90	zenodo:14872876:FH1003_BM_TRN90	assay_ontology_term_id	EFO:0009900	derived	ols:efo		10x 5' v2	True
FH1003_BM_TRNY1	zenodo:14872876:FH1003_BM_TRNY1	assay_ontology_term_id	EFO:0009900	derived	ols:efo		10x 5' v2	True
FH1003_PB_EIND1	zenodo:14872876:FH1003_PB_EIND1	assay_ontology_term_id	EFO:0009900	derived	ols:efo		10x 5' v2	True
FH1003_PB_EIND2	zenodo:14872876:FH1003_PB_EIND2	assay_ontology_term_id	EFO:0009900	derived	ols:efo		10x 5' v2	True
FH1003_PB_INDC3	zenodo:14872876:FH1003_PB_INDC3	assay_ontology_term_id	EFO:0009900	derived	ols:efo		10x 5' v2	True
FH1003_PB_PRETX	zenodo:14872876:FH1003_PB_PRETX	assay_ontology_term_id	EFO:0009900	derived	ols:efo		10x 5' v2	True
FH1003_PB_TRN90	zenodo:14872876:FH1003_PB_TRN90	assay_ontology_term_id	EFO:0009900	derived	ols:efo		10x 5' v2	True
FH1003_PB_TRNY1	zenodo:14872876:FH1003_PB_TRNY1	assay_ontology_term_id	EFO:0009900	derived	ols:efo		10x 5' v2	True
FH1004_PB_EIND1	zenodo:14872876:FH1004_PB_EIND1	assay_ontology_term_id	EFO:0009900	derived	ols:efo		10x 5' v2	True
FH1004_PB_EIND2	zenodo:14872876:FH1004_PB_EIND2	assay_ontology_term_id	EFO:0009900	derived	ols:efo		10x 5' v2	True
FH1004_PB_INDC2	zenodo:14872876:FH1004_PB_INDC2	assay_ontology_term_id	EFO:0009900	derived	ols:efo		10x 5' v2	True
FH1004_PB_INDC3	zenodo:14872876:FH1004_PB_INDC3	assay_ontology_term_id	EFO:0009900	derived	ols:efo		10x 5' v2	True
FH1004_PB_PRETX	zenodo:14872876:FH1004_PB_PRETX	assay_ontology_term_id	EFO:0009900	derived	ols:efo		10x 5' v2	True
FH1004_PB_TRN90	zenodo:14872876:FH1004_PB_TRN90	assay_ontology_term_id	EFO:0009900	derived	ols:efo		10x 5' v2	True
FH1005_BM_EIND1	zenodo:14872876:FH1005_BM_EIND1	assay_ontology_term_id	EFO:0009900	derived	ols:efo		10x 5' v2	True
FH1005_BM_PRETX	zenodo:14872876:FH1005_BM_PRETX	assay_ontology_term_id	EFO:0009900	derived	ols:efo		10x 5' v2	True
FH1005_BM_TRN90	zenodo:14872876:FH1005_BM_TRN90	assay_ontology_term_id	EFO:0009900	derived	ols:efo		10x 5' v2	True
FH1005_PB_EIND2	zenodo:14872876:FH1005_PB_EIND2	assay_ontology_term_id	EFO:0009900	derived	ols:efo		10x 5' v2	True
FH1005_PB_INDC3	zenodo:14872876:FH1005_PB_INDC3	assay_ontology_term_id	EFO:0009900	derived	ols:efo		10x 5' v2	True
FH1005_PB_PRETX	zenodo:14872876:FH1005_PB_PRETX	assay_ontology_term_id	EFO:0009900	derived	ols:efo		10x 5' v2	True
FH1005_PB_PoCo15	zenodo:14872876:FH1005_PB_PoCo15	assay_ontology_term_id	EFO:0009900	derived	ols:efo		10x 5' v2	True
FH1005_PB_TRN90	zenodo:14872876:FH1005_PB_TRN90	assay_ontology_term_id	EFO:0009900	derived	ols:efo		10x 5' v2	True
FH1006_PB_EIND1	zenodo:14872876:FH1006_PB_EIND1	assay_ontology_term_id	EFO:0009900	derived	ols:efo		10x 5' v2	True
FH1006_PB_EIND2	zenodo:14872876:FH1006_PB_EIND2	assay_ontology_term_id	EFO:0009900	derived	ols:efo		10x 5' v2	True
FH1006_PB_INDC3	zenodo:14872876:FH1006_PB_INDC3	assay_ontology_term_id	EFO:0009900	derived	ols:efo		10x 5' v2	True
FH1006_PB_PRETX	zenodo:14872876:FH1006_PB_PRETX	assay_ontology_term_id	EFO:0009900	derived	ols:efo		10x 5' v2	True
FH1006_PB_TRN60	zenodo:14872876:FH1006_PB_TRN60	assay_ontology_term_id	EFO:0009900	derived	ols:efo		10x 5' v2	True
FH1006_PB_TRN90	zenodo:14872876:FH1006_PB_TRN90	assay_ontology_term_id	EFO:0009900	derived	ols:efo		10x 5' v2	True
FH1006_PB_TRNY1	zenodo:14872876:FH1006_PB_TRNY1	assay_ontology_term_id	EFO:0009900	derived	ols:efo		10x 5' v2	True
FH1007_BM_PRETX	zenodo:14872876:FH1007_BM_PRETX	assay_ontology_term_id	EFO:0009900	derived	ols:efo		10x 5' v2	True
FH1007_BM_TRN90	zenodo:14872876:FH1007_BM_TRN90	assay_ontology_term_id	EFO:0009900	derived	ols:efo		10x 5' v2	True
FH1007_BM_TRNY1	zenodo:14872876:FH1007_BM_TRNY1	assay_ontology_term_id	EFO:0009900	derived	ols:efo		10x 5' v2	True
FH1007_PB_EIND1	zenodo:14872876:FH1007_PB_EIND1	assay_ontology_term_id	EFO:0009900	derived	ols:efo		10x 5' v2	True
FH1007_PB_EIND2	zenodo:14872876:FH1007_PB_EIND2	assay_ontology_term_id	EFO:0009900	derived	ols:efo		10x 5' v2	True
FH1007_PB_PRETX	zenodo:14872876:FH1007_PB_PRETX	assay_ontology_term_id	EFO:0009900	derived	ols:efo		10x 5' v2	True
FH1007_PB_TRN90	zenodo:14872876:FH1007_PB_TRN90	assay_ontology_term_id	EFO:0009900	derived	ols:efo		10x 5' v2	True
FH1007_PB_Y1D90	zenodo:14872876:FH1007_PB_Y1D90	assay_ontology_term_id	EFO:0009900	derived	ols:efo		10x 5' v2	True
FH1008_BM_EIND1	zenodo:14872876:FH1008_BM_EIND1	assay_ontology_term_id	EFO:0009900	derived	ols:efo		10x 5' v2	True
FH1008_BM_PRETX	zenodo:14872876:FH1008_BM_PRETX	assay_ontology_term_id	EFO:0009900	derived	ols:efo		10x 5' v2	True
FH1008_BM_TRN90	zenodo:14872876:FH1008_BM_TRN90	assay_ontology_term_id	EFO:0009900	derived	ols:efo		10x 5' v2	True
FH1008_BM_TRNY1	zenodo:14872876:FH1008_BM_TRNY1	assay_ontology_term_id	EFO:0009900	derived	ols:efo		10x 5' v2	True
FH1008_PB_EIND1	zenodo:14872876:FH1008_PB_EIND1	assay_ontology_term_id	EFO:0009900	derived	ols:efo		10x 5' v2	True
FH1008_PB_EIND2	zenodo:14872876:FH1008_PB_EIND2	assay_ontology_term_id	EFO:0009900	derived	ols:efo		10x 5' v2	True
FH1008_PB_INDC3	zenodo:14872876:FH1008_PB_INDC3	assay_ontology_term_id	EFO:0009900	derived	ols:efo		10x 5' v2	True
FH1008_PB_PRETX	zenodo:14872876:FH1008_PB_PRETX	assay_ontology_term_id	EFO:0009900	derived	ols:efo		10x 5' v2	True
FH1008_PB_TRN90	zenodo:14872876:FH1008_PB_TRN90	assay_ontology_term_id	EFO:0009900	derived	ols:efo		10x 5' v2	True
FH1008_PB_TRNY1	zenodo:14872876:FH1008_PB_TRNY1	assay_ontology_term_id	EFO:0009900	derived	ols:efo		10x 5' v2	True
FH1009_BM_PRETX	zenodo:14872876:FH1009_BM_PRETX	assay_ontology_term_id	EFO:0009900	derived	ols:efo		10x 5' v2	True
FH1009_BM_TRN90	zenodo:14872876:FH1009_BM_TRN90	assay_ontology_term_id	EFO:0009900	derived	ols:efo		10x 5' v2	True
FH1009_PB_EIND2	zenodo:14872876:FH1009_PB_EIND2	assay_ontology_term_id	EFO:0009900	derived	ols:efo		10x 5' v2	True
FH1009_PB_PRETX	zenodo:14872876:FH1009_PB_PRETX	assay_ontology_term_id	EFO:0009900	derived	ols:efo		10x 5' v2	True
FH1009_PB_TRN90	zenodo:14872876:FH1009_PB_TRN90	assay_ontology_term_id	EFO:0009900	derived	ols:efo		10x 5' v2	True
FH1011_BM_EIND1	zenodo:14872876:FH1011_BM_EIND1	assay_ontology_term_id	EFO:0009900	derived	ols:efo		10x 5' v2	True
FH1011_BM_PRETX	zenodo:14872876:FH1011_BM_PRETX	assay_ontology_term_id	EFO:0009900	derived	ols:efo		10x 5' v2	True
FH1011_BM_TRNY1	zenodo:14872876:FH1011_BM_TRNY1	assay_ontology_term_id	EFO:0009900	derived	ols:efo		10x 5' v2	True
FH1011_PB_EIND2	zenodo:14872876:FH1011_PB_EIND2	assay_ontology_term_id	EFO:0009900	derived	ols:efo		10x 5' v2	True
FH1011_PB_INDC3	zenodo:14872876:FH1011_PB_INDC3	assay_ontology_term_id	EFO:0009900	derived	ols:efo		10x 5' v2	True
FH1011_PB_PRETX	zenodo:14872876:FH1011_PB_PRETX	assay_ontology_term_id	EFO:0009900	derived	ols:efo		10x 5' v2	True
FH1011_PB_TRN90	zenodo:14872876:FH1011_PB_TRN90	assay_ontology_term_id	EFO:0009900	derived	ols:efo		10x 5' v2	True
FH1011_PB_TRNY1	zenodo:14872876:FH1011_PB_TRNY1	assay_ontology_term_id	EFO:0009900	derived	ols:efo		10x 5' v2	True
FH1016_BM_EIND1	zenodo:14872876:FH1016_BM_EIND1	assay_ontology_term_id	EFO:0009900	derived	ols:efo		10x 5' v2	True
FH1016_BM_PRETX	zenodo:14872876:FH1016_BM_PRETX	assay_ontology_term_id	EFO:0009900	derived	ols:efo		10x 5' v2	True
FH1016_BM_TRN90	zenodo:14872876:FH1016_BM_TRN90	assay_ontology_term_id	EFO:0009900	derived	ols:efo		10x 5' v2	True
FH1016_BM_TRNY1	zenodo:14872876:FH1016_BM_TRNY1	assay_ontology_term_id	EFO:0009900	derived	ols:efo		10x 5' v2	True
FH1016_PB_EIND2	zenodo:14872876:FH1016_PB_EIND2	assay_ontology_term_id	EFO:0009900	derived	ols:efo		10x 5' v2	True
FH1016_PB_PRETX	zenodo:14872876:FH1016_PB_PRETX	assay_ontology_term_id	EFO:0009900	derived	ols:efo		10x 5' v2	True
FH1016_PB_TRN90	zenodo:14872876:FH1016_PB_TRN90	assay_ontology_term_id	EFO:0009900	derived	ols:efo		10x 5' v2	True
FH1016_PB_TRNY1	zenodo:14872876:FH1016_PB_TRNY1	assay_ontology_term_id	EFO:0009900	derived	ols:efo		10x 5' v2	True
FH1022_BM_EIND1	zenodo:14872876:FH1022_BM_EIND1	assay_ontology_term_id	EFO:0009900	derived	ols:efo		10x 5' v2	True
FH1022_BM_PRETX	zenodo:14872876:FH1022_BM_PRETX	assay_ontology_term_id	EFO:0009900	derived	ols:efo		10x 5' v2	True
FH1022_BM_TRN90	zenodo:14872876:FH1022_BM_TRN90	assay_ontology_term_id	EFO:0009900	derived	ols:efo		10x 5' v2	True
FH1022_BM_TRNY1	zenodo:14872876:FH1022_BM_TRNY1	assay_ontology_term_id	EFO:0009900	derived	ols:efo		10x 5' v2	True
FH1022_PB_EIND1	zenodo:14872876:FH1022_PB_EIND1	assay_ontology_term_id	EFO:0009900	derived	ols:efo		10x 5' v2	True
FH1022_PB_PRETX	zenodo:14872876:FH1022_PB_PRETX	assay_ontology_term_id	EFO:0009900	derived	ols:efo		10x 5' v2	True
FH1022_PB_TRN90	zenodo:14872876:FH1022_PB_TRN90	assay_ontology_term_id	EFO:0009900	derived	ols:efo		10x 5' v2	True
HC_BM_1	zenodo:14872876:HC_BM_1	assay_ontology_term_id	EFO:0009900	derived	ols:efo		10x 5' v2	True
HC_BM_2	zenodo:14872876:HC_BM_2	assay_ontology_term_id	EFO:0009900	derived	ols:efo		10x 5' v2	True
HC_BM_3	zenodo:14872876:HC_BM_3	assay_ontology_term_id	EFO:0009900	derived	ols:efo		10x 5' v2	True
HC_BM_4	zenodo:14872876:HC_BM_4	assay_ontology_term_id	EFO:0009900	derived	ols:efo		10x 5' v2	True
HC_BM_5	zenodo:14872876:HC_BM_5	assay_ontology_term_id	EFO:0009900	derived	ols:efo		10x 5' v2	True
HC_BM_6	zenodo:14872876:HC_BM_6	assay_ontology_term_id	EFO:0009900	derived	ols:efo		10x 5' v2	True
HC_BM_7	zenodo:14872876:HC_BM_7	assay_ontology_term_id	EFO:0009900	derived	ols:efo		10x 5' v2	True
HC_BM_8	zenodo:14872876:HC_BM_8	assay_ontology_term_id	EFO:0009900	derived	ols:efo		10x 5' v2	True
HC_PB_1	zenodo:14872876:HC_PB_1	assay_ontology_term_id	EFO:0009900	derived	ols:efo		10x 5' v2	True
HC_PB_2	zenodo:14872876:HC_PB_2	assay_ontology_term_id	EFO:0009900	derived	ols:efo		10x 5' v2	True
HC_PB_3	zenodo:14872876:HC_PB_3	assay_ontology_term_id	EFO:0009900	derived	ols:efo		10x 5' v2	True
HC_PB_4	zenodo:14872876:HC_PB_4	assay_ontology_term_id	EFO:0009900	derived	ols:efo		10x 5' v2	True
HC_PB_5	zenodo:14872876:HC_PB_5	assay_ontology_term_id	EFO:0009900	derived	ols:efo		10x 5' v2	True
HC_PB_6	zenodo:14872876:HC_PB_6	assay_ontology_term_id	EFO:0009900	derived	ols:efo		10x 5' v2	True
HC_PB_7	zenodo:14872876:HC_PB_7	assay_ontology_term_id	EFO:0009900	derived	ols:efo		10x 5' v2	True
HC_PB_8	zenodo:14872876:HC_PB_8	assay_ontology_term_id	EFO:0009900	derived	ols:efo		10x 5' v2	True
FH1002_BM_TRNY1	zenodo:14872876:FH1002_BM_TRNY1	disease_ontology_term_id	MONDO:0009693	derived	ols:mondo		multiple myeloma	True
FH1002_PB_Y2D90	zenodo:14872876:FH1002_PB_Y2D90	disease_ontology_term_id	MONDO:0009693	derived	ols:mondo		multiple myeloma	True
FH1003_BM_EIND1	zenodo:14872876:FH1003_BM_EIND1	disease_ontology_term_id	MONDO:0009693	derived	ols:mondo		multiple myeloma	True
FH1003_BM_PRETX	zenodo:14872876:FH1003_BM_PRETX	disease_ontology_term_id	MONDO:0009693	derived	ols:mondo		multiple myeloma	True
FH1003_BM_TRN90	zenodo:14872876:FH1003_BM_TRN90	disease_ontology_term_id	MONDO:0009693	derived	ols:mondo		multiple myeloma	True
FH1003_BM_TRNY1	zenodo:14872876:FH1003_BM_TRNY1	disease_ontology_term_id	MONDO:0009693	derived	ols:mondo		multiple myeloma	True
FH1003_PB_EIND1	zenodo:14872876:FH1003_PB_EIND1	disease_ontology_term_id	MONDO:0009693	derived	ols:mondo		multiple myeloma	True
FH1003_PB_EIND2	zenodo:14872876:FH1003_PB_EIND2	disease_ontology_term_id	MONDO:0009693	derived	ols:mondo		multiple myeloma	True
FH1003_PB_INDC3	zenodo:14872876:FH1003_PB_INDC3	disease_ontology_term_id	MONDO:0009693	derived	ols:mondo		multiple myeloma	True
FH1003_PB_PRETX	zenodo:14872876:FH1003_PB_PRETX	disease_ontology_term_id	MONDO:0009693	derived	ols:mondo		multiple myeloma	True
FH1003_PB_TRN90	zenodo:14872876:FH1003_PB_TRN90	disease_ontology_term_id	MONDO:0009693	derived	ols:mondo		multiple myeloma	True
FH1003_PB_TRNY1	zenodo:14872876:FH1003_PB_TRNY1	disease_ontology_term_id	MONDO:0009693	derived	ols:mondo		multiple myeloma	True
FH1004_PB_EIND1	zenodo:14872876:FH1004_PB_EIND1	disease_ontology_term_id	MONDO:0009693	derived	ols:mondo		multiple myeloma	True
FH1004_PB_EIND2	zenodo:14872876:FH1004_PB_EIND2	disease_ontology_term_id	MONDO:0009693	derived	ols:mondo		multiple myeloma	True
FH1004_PB_INDC2	zenodo:14872876:FH1004_PB_INDC2	disease_ontology_term_id	MONDO:0009693	derived	ols:mondo		multiple myeloma	True
FH1004_PB_INDC3	zenodo:14872876:FH1004_PB_INDC3	disease_ontology_term_id	MONDO:0009693	derived	ols:mondo		multiple myeloma	True
FH1004_PB_PRETX	zenodo:14872876:FH1004_PB_PRETX	disease_ontology_term_id	MONDO:0009693	derived	ols:mondo		multiple myeloma	True
FH1004_PB_TRN90	zenodo:14872876:FH1004_PB_TRN90	disease_ontology_term_id	MONDO:0009693	derived	ols:mondo		multiple myeloma	True
FH1005_BM_EIND1	zenodo:14872876:FH1005_BM_EIND1	disease_ontology_term_id	MONDO:0009693	derived	ols:mondo		multiple myeloma	True
FH1005_BM_PRETX	zenodo:14872876:FH1005_BM_PRETX	disease_ontology_term_id	MONDO:0009693	derived	ols:mondo		multiple myeloma	True
FH1005_BM_TRN90	zenodo:14872876:FH1005_BM_TRN90	disease_ontology_term_id	MONDO:0009693	derived	ols:mondo		multiple myeloma	True
FH1005_PB_EIND2	zenodo:14872876:FH1005_PB_EIND2	disease_ontology_term_id	MONDO:0009693	derived	ols:mondo		multiple myeloma	True
FH1005_PB_INDC3	zenodo:14872876:FH1005_PB_INDC3	disease_ontology_term_id	MONDO:0009693	derived	ols:mondo		multiple myeloma	True
FH1005_PB_PRETX	zenodo:14872876:FH1005_PB_PRETX	disease_ontology_term_id	MONDO:0009693	derived	ols:mondo		multiple myeloma	True
FH1005_PB_PoCo15	zenodo:14872876:FH1005_PB_PoCo15	disease_ontology_term_id	MONDO:0009693	derived	ols:mondo		multiple myeloma	True
FH1005_PB_TRN90	zenodo:14872876:FH1005_PB_TRN90	disease_ontology_term_id	MONDO:0009693	derived	ols:mondo		multiple myeloma	True
FH1006_PB_EIND1	zenodo:14872876:FH1006_PB_EIND1	disease_ontology_term_id	MONDO:0009693	derived	ols:mondo		multiple myeloma	True
FH1006_PB_EIND2	zenodo:14872876:FH1006_PB_EIND2	disease_ontology_term_id	MONDO:0009693	derived	ols:mondo		multiple myeloma	True
FH1006_PB_INDC3	zenodo:14872876:FH1006_PB_INDC3	disease_ontology_term_id	MONDO:0009693	derived	ols:mondo		multiple myeloma	True
FH1006_PB_PRETX	zenodo:14872876:FH1006_PB_PRETX	disease_ontology_term_id	MONDO:0009693	derived	ols:mondo		multiple myeloma	True
FH1006_PB_TRN60	zenodo:14872876:FH1006_PB_TRN60	disease_ontology_term_id	MONDO:0009693	derived	ols:mondo		multiple myeloma	True
FH1006_PB_TRN90	zenodo:14872876:FH1006_PB_TRN90	disease_ontology_term_id	MONDO:0009693	derived	ols:mondo		multiple myeloma	True
FH1006_PB_TRNY1	zenodo:14872876:FH1006_PB_TRNY1	disease_ontology_term_id	MONDO:0009693	derived	ols:mondo		multiple myeloma	True
FH1007_BM_PRETX	zenodo:14872876:FH1007_BM_PRETX	disease_ontology_term_id	MONDO:0009693	derived	ols:mondo		multiple myeloma	True
FH1007_BM_TRN90	zenodo:14872876:FH1007_BM_TRN90	disease_ontology_term_id	MONDO:0009693	derived	ols:mondo		multiple myeloma	True
FH1007_BM_TRNY1	zenodo:14872876:FH1007_BM_TRNY1	disease_ontology_term_id	MONDO:0009693	derived	ols:mondo		multiple myeloma	True
FH1007_PB_EIND1	zenodo:14872876:FH1007_PB_EIND1	disease_ontology_term_id	MONDO:0009693	derived	ols:mondo		multiple myeloma	True
FH1007_PB_EIND2	zenodo:14872876:FH1007_PB_EIND2	disease_ontology_term_id	MONDO:0009693	derived	ols:mondo		multiple myeloma	True
FH1007_PB_PRETX	zenodo:14872876:FH1007_PB_PRETX	disease_ontology_term_id	MONDO:0009693	derived	ols:mondo		multiple myeloma	True
FH1007_PB_TRN90	zenodo:14872876:FH1007_PB_TRN90	disease_ontology_term_id	MONDO:0009693	derived	ols:mondo		multiple myeloma	True
FH1007_PB_Y1D90	zenodo:14872876:FH1007_PB_Y1D90	disease_ontology_term_id	MONDO:0009693	derived	ols:mondo		multiple myeloma	True
FH1008_BM_EIND1	zenodo:14872876:FH1008_BM_EIND1	disease_ontology_term_id	MONDO:0009693	derived	ols:mondo		multiple myeloma	True
FH1008_BM_PRETX	zenodo:14872876:FH1008_BM_PRETX	disease_ontology_term_id	MONDO:0009693	derived	ols:mondo		multiple myeloma	True
FH1008_BM_TRN90	zenodo:14872876:FH1008_BM_TRN90	disease_ontology_term_id	MONDO:0009693	derived	ols:mondo		multiple myeloma	True
FH1008_BM_TRNY1	zenodo:14872876:FH1008_BM_TRNY1	disease_ontology_term_id	MONDO:0009693	derived	ols:mondo		multiple myeloma	True
FH1008_PB_EIND1	zenodo:14872876:FH1008_PB_EIND1	disease_ontology_term_id	MONDO:0009693	derived	ols:mondo		multiple myeloma	True
FH1008_PB_EIND2	zenodo:14872876:FH1008_PB_EIND2	disease_ontology_term_id	MONDO:0009693	derived	ols:mondo		multiple myeloma	True
FH1008_PB_INDC3	zenodo:14872876:FH1008_PB_INDC3	disease_ontology_term_id	MONDO:0009693	derived	ols:mondo		multiple myeloma	True
FH1008_PB_PRETX	zenodo:14872876:FH1008_PB_PRETX	disease_ontology_term_id	MONDO:0009693	derived	ols:mondo		multiple myeloma	True
FH1008_PB_TRN90	zenodo:14872876:FH1008_PB_TRN90	disease_ontology_term_id	MONDO:0009693	derived	ols:mondo		multiple myeloma	True
FH1008_PB_TRNY1	zenodo:14872876:FH1008_PB_TRNY1	disease_ontology_term_id	MONDO:0009693	derived	ols:mondo		multiple myeloma	True
FH1009_BM_PRETX	zenodo:14872876:FH1009_BM_PRETX	disease_ontology_term_id	MONDO:0009693	derived	ols:mondo		multiple myeloma	True
FH1009_BM_TRN90	zenodo:14872876:FH1009_BM_TRN90	disease_ontology_term_id	MONDO:0009693	derived	ols:mondo		multiple myeloma	True
FH1009_PB_EIND2	zenodo:14872876:FH1009_PB_EIND2	disease_ontology_term_id	MONDO:0009693	derived	ols:mondo		multiple myeloma	True
FH1009_PB_PRETX	zenodo:14872876:FH1009_PB_PRETX	disease_ontology_term_id	MONDO:0009693	derived	ols:mondo		multiple myeloma	True
FH1009_PB_TRN90	zenodo:14872876:FH1009_PB_TRN90	disease_ontology_term_id	MONDO:0009693	derived	ols:mondo		multiple myeloma	True
FH1011_BM_EIND1	zenodo:14872876:FH1011_BM_EIND1	disease_ontology_term_id	MONDO:0009693	derived	ols:mondo		multiple myeloma	True
FH1011_BM_PRETX	zenodo:14872876:FH1011_BM_PRETX	disease_ontology_term_id	MONDO:0009693	derived	ols:mondo		multiple myeloma	True
FH1011_BM_TRNY1	zenodo:14872876:FH1011_BM_TRNY1	disease_ontology_term_id	MONDO:0009693	derived	ols:mondo		multiple myeloma	True
FH1011_PB_EIND2	zenodo:14872876:FH1011_PB_EIND2	disease_ontology_term_id	MONDO:0009693	derived	ols:mondo		multiple myeloma	True
FH1011_PB_INDC3	zenodo:14872876:FH1011_PB_INDC3	disease_ontology_term_id	MONDO:0009693	derived	ols:mondo		multiple myeloma	True
FH1011_PB_PRETX	zenodo:14872876:FH1011_PB_PRETX	disease_ontology_term_id	MONDO:0009693	derived	ols:mondo		multiple myeloma	True
FH1011_PB_TRN90	zenodo:14872876:FH1011_PB_TRN90	disease_ontology_term_id	MONDO:0009693	derived	ols:mondo		multiple myeloma	True
FH1011_PB_TRNY1	zenodo:14872876:FH1011_PB_TRNY1	disease_ontology_term_id	MONDO:0009693	derived	ols:mondo		multiple myeloma	True
FH1016_BM_EIND1	zenodo:14872876:FH1016_BM_EIND1	disease_ontology_term_id	MONDO:0009693	derived	ols:mondo		multiple myeloma	True
FH1016_BM_PRETX	zenodo:14872876:FH1016_BM_PRETX	disease_ontology_term_id	MONDO:0009693	derived	ols:mondo		multiple myeloma	True
FH1016_BM_TRN90	zenodo:14872876:FH1016_BM_TRN90	disease_ontology_term_id	MONDO:0009693	derived	ols:mondo		multiple myeloma	True
FH1016_BM_TRNY1	zenodo:14872876:FH1016_BM_TRNY1	disease_ontology_term_id	MONDO:0009693	derived	ols:mondo		multiple myeloma	True
FH1016_PB_EIND2	zenodo:14872876:FH1016_PB_EIND2	disease_ontology_term_id	MONDO:0009693	derived	ols:mondo		multiple myeloma	True
FH1016_PB_PRETX	zenodo:14872876:FH1016_PB_PRETX	disease_ontology_term_id	MONDO:0009693	derived	ols:mondo		multiple myeloma	True
FH1016_PB_TRN90	zenodo:14872876:FH1016_PB_TRN90	disease_ontology_term_id	MONDO:0009693	derived	ols:mondo		multiple myeloma	True
FH1016_PB_TRNY1	zenodo:14872876:FH1016_PB_TRNY1	disease_ontology_term_id	MONDO:0009693	derived	ols:mondo		multiple myeloma	True
FH1022_BM_EIND1	zenodo:14872876:FH1022_BM_EIND1	disease_ontology_term_id	MONDO:0009693	derived	ols:mondo		multiple myeloma	True
FH1022_BM_PRETX	zenodo:14872876:FH1022_BM_PRETX	disease_ontology_term_id	MONDO:0009693	derived	ols:mondo		multiple myeloma	True
FH1022_BM_TRN90	zenodo:14872876:FH1022_BM_TRN90	disease_ontology_term_id	MONDO:0009693	derived	ols:mondo		multiple myeloma	True
FH1022_BM_TRNY1	zenodo:14872876:FH1022_BM_TRNY1	disease_ontology_term_id	MONDO:0009693	derived	ols:mondo		multiple myeloma	True
FH1022_PB_EIND1	zenodo:14872876:FH1022_PB_EIND1	disease_ontology_term_id	MONDO:0009693	derived	ols:mondo		multiple myeloma	True
FH1022_PB_PRETX	zenodo:14872876:FH1022_PB_PRETX	disease_ontology_term_id	MONDO:0009693	derived	ols:mondo		multiple myeloma	True
FH1022_PB_TRN90	zenodo:14872876:FH1022_PB_TRN90	disease_ontology_term_id	MONDO:0009693	derived	ols:mondo		multiple myeloma	True
HC_BM_1	zenodo:14872876:HC_BM_1	disease_ontology_term_id	MONDO:0009693	derived	ols:mondo		multiple myeloma	True
HC_BM_2	zenodo:14872876:HC_BM_2	disease_ontology_term_id	MONDO:0009693	derived	ols:mondo		multiple myeloma	True
HC_BM_3	zenodo:14872876:HC_BM_3	disease_ontology_term_id	MONDO:0009693	derived	ols:mondo		multiple myeloma	True
HC_BM_4	zenodo:14872876:HC_BM_4	disease_ontology_term_id	MONDO:0009693	derived	ols:mondo		multiple myeloma	True
HC_BM_5	zenodo:14872876:HC_BM_5	disease_ontology_term_id	MONDO:0009693	derived	ols:mondo		multiple myeloma	True
HC_BM_6	zenodo:14872876:HC_BM_6	disease_ontology_term_id	MONDO:0009693	derived	ols:mondo		multiple myeloma	True
HC_BM_7	zenodo:14872876:HC_BM_7	disease_ontology_term_id	MONDO:0009693	derived	ols:mondo		multiple myeloma	True
HC_BM_8	zenodo:14872876:HC_BM_8	disease_ontology_term_id	MONDO:0009693	derived	ols:mondo		multiple myeloma	True
HC_PB_1	zenodo:14872876:HC_PB_1	disease_ontology_term_id	MONDO:0009693	derived	ols:mondo		multiple myeloma	True
HC_PB_2	zenodo:14872876:HC_PB_2	disease_ontology_term_id	MONDO:0009693	derived	ols:mondo		multiple myeloma	True
HC_PB_3	zenodo:14872876:HC_PB_3	disease_ontology_term_id	MONDO:0009693	derived	ols:mondo		multiple myeloma	True
HC_PB_4	zenodo:14872876:HC_PB_4	disease_ontology_term_id	MONDO:0009693	derived	ols:mondo		multiple myeloma	True
HC_PB_5	zenodo:14872876:HC_PB_5	disease_ontology_term_id	MONDO:0009693	derived	ols:mondo		multiple myeloma	True
HC_PB_6	zenodo:14872876:HC_PB_6	disease_ontology_term_id	MONDO:0009693	derived	ols:mondo		multiple myeloma	True
HC_PB_7	zenodo:14872876:HC_PB_7	disease_ontology_term_id	MONDO:0009693	derived	ols:mondo		multiple myeloma	True
HC_PB_8	zenodo:14872876:HC_PB_8	disease_ontology_term_id	MONDO:0009693	derived	ols:mondo		multiple myeloma	True
FH1002_BM_TRNY1	zenodo:14872876:FH1002_BM_TRNY1	disease_ontology_term_id	PATO:0000461	derived	pato_normal		normal	True
FH1002_PB_Y2D90	zenodo:14872876:FH1002_PB_Y2D90	disease_ontology_term_id	PATO:0000461	derived	pato_normal		normal	True
FH1003_BM_EIND1	zenodo:14872876:FH1003_BM_EIND1	disease_ontology_term_id	PATO:0000461	derived	pato_normal		normal	True
FH1003_BM_PRETX	zenodo:14872876:FH1003_BM_PRETX	disease_ontology_term_id	PATO:0000461	derived	pato_normal		normal	True
FH1003_BM_TRN90	zenodo:14872876:FH1003_BM_TRN90	disease_ontology_term_id	PATO:0000461	derived	pato_normal		normal	True
FH1003_BM_TRNY1	zenodo:14872876:FH1003_BM_TRNY1	disease_ontology_term_id	PATO:0000461	derived	pato_normal		normal	True
FH1003_PB_EIND1	zenodo:14872876:FH1003_PB_EIND1	disease_ontology_term_id	PATO:0000461	derived	pato_normal		normal	True
FH1003_PB_EIND2	zenodo:14872876:FH1003_PB_EIND2	disease_ontology_term_id	PATO:0000461	derived	pato_normal		normal	True
FH1003_PB_INDC3	zenodo:14872876:FH1003_PB_INDC3	disease_ontology_term_id	PATO:0000461	derived	pato_normal		normal	True
FH1003_PB_PRETX	zenodo:14872876:FH1003_PB_PRETX	disease_ontology_term_id	PATO:0000461	derived	pato_normal		normal	True
FH1003_PB_TRN90	zenodo:14872876:FH1003_PB_TRN90	disease_ontology_term_id	PATO:0000461	derived	pato_normal		normal	True
FH1003_PB_TRNY1	zenodo:14872876:FH1003_PB_TRNY1	disease_ontology_term_id	PATO:0000461	derived	pato_normal		normal	True
FH1004_PB_EIND1	zenodo:14872876:FH1004_PB_EIND1	disease_ontology_term_id	PATO:0000461	derived	pato_normal		normal	True
FH1004_PB_EIND2	zenodo:14872876:FH1004_PB_EIND2	disease_ontology_term_id	PATO:0000461	derived	pato_normal		normal	True
FH1004_PB_INDC2	zenodo:14872876:FH1004_PB_INDC2	disease_ontology_term_id	PATO:0000461	derived	pato_normal		normal	True
FH1004_PB_INDC3	zenodo:14872876:FH1004_PB_INDC3	disease_ontology_term_id	PATO:0000461	derived	pato_normal		normal	True
FH1004_PB_PRETX	zenodo:14872876:FH1004_PB_PRETX	disease_ontology_term_id	PATO:0000461	derived	pato_normal		normal	True
FH1004_PB_TRN90	zenodo:14872876:FH1004_PB_TRN90	disease_ontology_term_id	PATO:0000461	derived	pato_normal		normal	True
FH1005_BM_EIND1	zenodo:14872876:FH1005_BM_EIND1	disease_ontology_term_id	PATO:0000461	derived	pato_normal		normal	True
FH1005_BM_PRETX	zenodo:14872876:FH1005_BM_PRETX	disease_ontology_term_id	PATO:0000461	derived	pato_normal		normal	True
FH1005_BM_TRN90	zenodo:14872876:FH1005_BM_TRN90	disease_ontology_term_id	PATO:0000461	derived	pato_normal		normal	True
FH1005_PB_EIND2	zenodo:14872876:FH1005_PB_EIND2	disease_ontology_term_id	PATO:0000461	derived	pato_normal		normal	True
FH1005_PB_INDC3	zenodo:14872876:FH1005_PB_INDC3	disease_ontology_term_id	PATO:0000461	derived	pato_normal		normal	True
FH1005_PB_PRETX	zenodo:14872876:FH1005_PB_PRETX	disease_ontology_term_id	PATO:0000461	derived	pato_normal		normal	True
FH1005_PB_PoCo15	zenodo:14872876:FH1005_PB_PoCo15	disease_ontology_term_id	PATO:0000461	derived	pato_normal		normal	True
FH1005_PB_TRN90	zenodo:14872876:FH1005_PB_TRN90	disease_ontology_term_id	PATO:0000461	derived	pato_normal		normal	True
FH1006_PB_EIND1	zenodo:14872876:FH1006_PB_EIND1	disease_ontology_term_id	PATO:0000461	derived	pato_normal		normal	True
FH1006_PB_EIND2	zenodo:14872876:FH1006_PB_EIND2	disease_ontology_term_id	PATO:0000461	derived	pato_normal		normal	True
FH1006_PB_INDC3	zenodo:14872876:FH1006_PB_INDC3	disease_ontology_term_id	PATO:0000461	derived	pato_normal		normal	True
FH1006_PB_PRETX	zenodo:14872876:FH1006_PB_PRETX	disease_ontology_term_id	PATO:0000461	derived	pato_normal		normal	True
FH1006_PB_TRN60	zenodo:14872876:FH1006_PB_TRN60	disease_ontology_term_id	PATO:0000461	derived	pato_normal		normal	True
FH1006_PB_TRN90	zenodo:14872876:FH1006_PB_TRN90	disease_ontology_term_id	PATO:0000461	derived	pato_normal		normal	True
FH1006_PB_TRNY1	zenodo:14872876:FH1006_PB_TRNY1	disease_ontology_term_id	PATO:0000461	derived	pato_normal		normal	True
FH1007_BM_PRETX	zenodo:14872876:FH1007_BM_PRETX	disease_ontology_term_id	PATO:0000461	derived	pato_normal		normal	True
FH1007_BM_TRN90	zenodo:14872876:FH1007_BM_TRN90	disease_ontology_term_id	PATO:0000461	derived	pato_normal		normal	True
FH1007_BM_TRNY1	zenodo:14872876:FH1007_BM_TRNY1	disease_ontology_term_id	PATO:0000461	derived	pato_normal		normal	True
FH1007_PB_EIND1	zenodo:14872876:FH1007_PB_EIND1	disease_ontology_term_id	PATO:0000461	derived	pato_normal		normal	True
FH1007_PB_EIND2	zenodo:14872876:FH1007_PB_EIND2	disease_ontology_term_id	PATO:0000461	derived	pato_normal		normal	True
FH1007_PB_PRETX	zenodo:14872876:FH1007_PB_PRETX	disease_ontology_term_id	PATO:0000461	derived	pato_normal		normal	True
FH1007_PB_TRN90	zenodo:14872876:FH1007_PB_TRN90	disease_ontology_term_id	PATO:0000461	derived	pato_normal		normal	True
FH1007_PB_Y1D90	zenodo:14872876:FH1007_PB_Y1D90	disease_ontology_term_id	PATO:0000461	derived	pato_normal		normal	True
FH1008_BM_EIND1	zenodo:14872876:FH1008_BM_EIND1	disease_ontology_term_id	PATO:0000461	derived	pato_normal		normal	True
FH1008_BM_PRETX	zenodo:14872876:FH1008_BM_PRETX	disease_ontology_term_id	PATO:0000461	derived	pato_normal		normal	True
FH1008_BM_TRN90	zenodo:14872876:FH1008_BM_TRN90	disease_ontology_term_id	PATO:0000461	derived	pato_normal		normal	True
FH1008_BM_TRNY1	zenodo:14872876:FH1008_BM_TRNY1	disease_ontology_term_id	PATO:0000461	derived	pato_normal		normal	True
FH1008_PB_EIND1	zenodo:14872876:FH1008_PB_EIND1	disease_ontology_term_id	PATO:0000461	derived	pato_normal		normal	True
FH1008_PB_EIND2	zenodo:14872876:FH1008_PB_EIND2	disease_ontology_term_id	PATO:0000461	derived	pato_normal		normal	True
FH1008_PB_INDC3	zenodo:14872876:FH1008_PB_INDC3	disease_ontology_term_id	PATO:0000461	derived	pato_normal		normal	True
FH1008_PB_PRETX	zenodo:14872876:FH1008_PB_PRETX	disease_ontology_term_id	PATO:0000461	derived	pato_normal		normal	True
FH1008_PB_TRN90	zenodo:14872876:FH1008_PB_TRN90	disease_ontology_term_id	PATO:0000461	derived	pato_normal		normal	True
FH1008_PB_TRNY1	zenodo:14872876:FH1008_PB_TRNY1	disease_ontology_term_id	PATO:0000461	derived	pato_normal		normal	True
FH1009_BM_PRETX	zenodo:14872876:FH1009_BM_PRETX	disease_ontology_term_id	PATO:0000461	derived	pato_normal		normal	True
FH1009_BM_TRN90	zenodo:14872876:FH1009_BM_TRN90	disease_ontology_term_id	PATO:0000461	derived	pato_normal		normal	True
FH1009_PB_EIND2	zenodo:14872876:FH1009_PB_EIND2	disease_ontology_term_id	PATO:0000461	derived	pato_normal		normal	True
FH1009_PB_PRETX	zenodo:14872876:FH1009_PB_PRETX	disease_ontology_term_id	PATO:0000461	derived	pato_normal		normal	True
FH1009_PB_TRN90	zenodo:14872876:FH1009_PB_TRN90	disease_ontology_term_id	PATO:0000461	derived	pato_normal		normal	True
FH1011_BM_EIND1	zenodo:14872876:FH1011_BM_EIND1	disease_ontology_term_id	PATO:0000461	derived	pato_normal		normal	True
FH1011_BM_PRETX	zenodo:14872876:FH1011_BM_PRETX	disease_ontology_term_id	PATO:0000461	derived	pato_normal		normal	True
FH1011_BM_TRNY1	zenodo:14872876:FH1011_BM_TRNY1	disease_ontology_term_id	PATO:0000461	derived	pato_normal		normal	True
FH1011_PB_EIND2	zenodo:14872876:FH1011_PB_EIND2	disease_ontology_term_id	PATO:0000461	derived	pato_normal		normal	True
FH1011_PB_INDC3	zenodo:14872876:FH1011_PB_INDC3	disease_ontology_term_id	PATO:0000461	derived	pato_normal		normal	True
FH1011_PB_PRETX	zenodo:14872876:FH1011_PB_PRETX	disease_ontology_term_id	PATO:0000461	derived	pato_normal		normal	True
FH1011_PB_TRN90	zenodo:14872876:FH1011_PB_TRN90	disease_ontology_term_id	PATO:0000461	derived	pato_normal		normal	True
FH1011_PB_TRNY1	zenodo:14872876:FH1011_PB_TRNY1	disease_ontology_term_id	PATO:0000461	derived	pato_normal		normal	True
FH1016_BM_EIND1	zenodo:14872876:FH1016_BM_EIND1	disease_ontology_term_id	PATO:0000461	derived	pato_normal		normal	True
FH1016_BM_PRETX	zenodo:14872876:FH1016_BM_PRETX	disease_ontology_term_id	PATO:0000461	derived	pato_normal		normal	True
FH1016_BM_TRN90	zenodo:14872876:FH1016_BM_TRN90	disease_ontology_term_id	PATO:0000461	derived	pato_normal		normal	True
FH1016_BM_TRNY1	zenodo:14872876:FH1016_BM_TRNY1	disease_ontology_term_id	PATO:0000461	derived	pato_normal		normal	True
FH1016_PB_EIND2	zenodo:14872876:FH1016_PB_EIND2	disease_ontology_term_id	PATO:0000461	derived	pato_normal		normal	True
FH1016_PB_PRETX	zenodo:14872876:FH1016_PB_PRETX	disease_ontology_term_id	PATO:0000461	derived	pato_normal		normal	True
FH1016_PB_TRN90	zenodo:14872876:FH1016_PB_TRN90	disease_ontology_term_id	PATO:0000461	derived	pato_normal		normal	True
FH1016_PB_TRNY1	zenodo:14872876:FH1016_PB_TRNY1	disease_ontology_term_id	PATO:0000461	derived	pato_normal		normal	True
FH1022_BM_EIND1	zenodo:14872876:FH1022_BM_EIND1	disease_ontology_term_id	PATO:0000461	derived	pato_normal		normal	True
FH1022_BM_PRETX	zenodo:14872876:FH1022_BM_PRETX	disease_ontology_term_id	PATO:0000461	derived	pato_normal		normal	True
FH1022_BM_TRN90	zenodo:14872876:FH1022_BM_TRN90	disease_ontology_term_id	PATO:0000461	derived	pato_normal		normal	True
FH1022_BM_TRNY1	zenodo:14872876:FH1022_BM_TRNY1	disease_ontology_term_id	PATO:0000461	derived	pato_normal		normal	True
FH1022_PB_EIND1	zenodo:14872876:FH1022_PB_EIND1	disease_ontology_term_id	PATO:0000461	derived	pato_normal		normal	True
FH1022_PB_PRETX	zenodo:14872876:FH1022_PB_PRETX	disease_ontology_term_id	PATO:0000461	derived	pato_normal		normal	True
FH1022_PB_TRN90	zenodo:14872876:FH1022_PB_TRN90	disease_ontology_term_id	PATO:0000461	derived	pato_normal		normal	True
HC_BM_1	zenodo:14872876:HC_BM_1	disease_ontology_term_id	PATO:0000461	derived	pato_normal		normal	True
HC_BM_2	zenodo:14872876:HC_BM_2	disease_ontology_term_id	PATO:0000461	derived	pato_normal		normal	True
HC_BM_3	zenodo:14872876:HC_BM_3	disease_ontology_term_id	PATO:0000461	derived	pato_normal		normal	True
HC_BM_4	zenodo:14872876:HC_BM_4	disease_ontology_term_id	PATO:0000461	derived	pato_normal		normal	True
HC_BM_5	zenodo:14872876:HC_BM_5	disease_ontology_term_id	PATO:0000461	derived	pato_normal		normal	True
HC_BM_6	zenodo:14872876:HC_BM_6	disease_ontology_term_id	PATO:0000461	derived	pato_normal		normal	True
HC_BM_7	zenodo:14872876:HC_BM_7	disease_ontology_term_id	PATO:0000461	derived	pato_normal		normal	True
HC_BM_8	zenodo:14872876:HC_BM_8	disease_ontology_term_id	PATO:0000461	derived	pato_normal		normal	True
HC_PB_1	zenodo:14872876:HC_PB_1	disease_ontology_term_id	PATO:0000461	derived	pato_normal		normal	True
HC_PB_2	zenodo:14872876:HC_PB_2	disease_ontology_term_id	PATO:0000461	derived	pato_normal		normal	True
HC_PB_3	zenodo:14872876:HC_PB_3	disease_ontology_term_id	PATO:0000461	derived	pato_normal		normal	True
HC_PB_4	zenodo:14872876:HC_PB_4	disease_ontology_term_id	PATO:0000461	derived	pato_normal		normal	True
HC_PB_5	zenodo:14872876:HC_PB_5	disease_ontology_term_id	PATO:0000461	derived	pato_normal		normal	True
HC_PB_6	zenodo:14872876:HC_PB_6	disease_ontology_term_id	PATO:0000461	derived	pato_normal		normal	True
HC_PB_7	zenodo:14872876:HC_PB_7	disease_ontology_term_id	PATO:0000461	derived	pato_normal		normal	True
HC_PB_8	zenodo:14872876:HC_PB_8	disease_ontology_term_id	PATO:0000461	derived	pato_normal		normal	True
FH1002_BM_TRNY1	zenodo:14872876:FH1002_BM_TRNY1	author_cell_type	<column labels_ex_broad>	column	raw/fp-d792c3a111a3/adata-rev.h5ad::obs/labels_ex_broad			True
FH1002_PB_Y2D90	zenodo:14872876:FH1002_PB_Y2D90	author_cell_type	<column labels_ex_broad>	column	raw/fp-d792c3a111a3/adata-rev.h5ad::obs/labels_ex_broad			True
FH1003_BM_EIND1	zenodo:14872876:FH1003_BM_EIND1	author_cell_type	<column labels_ex_broad>	column	raw/fp-d792c3a111a3/adata-rev.h5ad::obs/labels_ex_broad			True
FH1003_BM_PRETX	zenodo:14872876:FH1003_BM_PRETX	author_cell_type	<column labels_ex_broad>	column	raw/fp-d792c3a111a3/adata-rev.h5ad::obs/labels_ex_broad			True
FH1003_BM_TRN90	zenodo:14872876:FH1003_BM_TRN90	author_cell_type	<column labels_ex_broad>	column	raw/fp-d792c3a111a3/adata-rev.h5ad::obs/labels_ex_broad			True
FH1003_BM_TRNY1	zenodo:14872876:FH1003_BM_TRNY1	author_cell_type	<column labels_ex_broad>	column	raw/fp-d792c3a111a3/adata-rev.h5ad::obs/labels_ex_broad			True
FH1003_PB_EIND1	zenodo:14872876:FH1003_PB_EIND1	author_cell_type	<column labels_ex_broad>	column	raw/fp-d792c3a111a3/adata-rev.h5ad::obs/labels_ex_broad			True
FH1003_PB_EIND2	zenodo:14872876:FH1003_PB_EIND2	author_cell_type	<column labels_ex_broad>	column	raw/fp-d792c3a111a3/adata-rev.h5ad::obs/labels_ex_broad			True
FH1003_PB_INDC3	zenodo:14872876:FH1003_PB_INDC3	author_cell_type	<column labels_ex_broad>	column	raw/fp-d792c3a111a3/adata-rev.h5ad::obs/labels_ex_broad			True
FH1003_PB_PRETX	zenodo:14872876:FH1003_PB_PRETX	author_cell_type	<column labels_ex_broad>	column	raw/fp-d792c3a111a3/adata-rev.h5ad::obs/labels_ex_broad			True
FH1003_PB_TRN90	zenodo:14872876:FH1003_PB_TRN90	author_cell_type	<column labels_ex_broad>	column	raw/fp-d792c3a111a3/adata-rev.h5ad::obs/labels_ex_broad			True
FH1003_PB_TRNY1	zenodo:14872876:FH1003_PB_TRNY1	author_cell_type	<column labels_ex_broad>	column	raw/fp-d792c3a111a3/adata-rev.h5ad::obs/labels_ex_broad			True
FH1004_PB_EIND1	zenodo:14872876:FH1004_PB_EIND1	author_cell_type	<column labels_ex_broad>	column	raw/fp-d792c3a111a3/adata-rev.h5ad::obs/labels_ex_broad			True
FH1004_PB_EIND2	zenodo:14872876:FH1004_PB_EIND2	author_cell_type	<column labels_ex_broad>	column	raw/fp-d792c3a111a3/adata-rev.h5ad::obs/labels_ex_broad			True
FH1004_PB_INDC2	zenodo:14872876:FH1004_PB_INDC2	author_cell_type	<column labels_ex_broad>	column	raw/fp-d792c3a111a3/adata-rev.h5ad::obs/labels_ex_broad			True
FH1004_PB_INDC3	zenodo:14872876:FH1004_PB_INDC3	author_cell_type	<column labels_ex_broad>	column	raw/fp-d792c3a111a3/adata-rev.h5ad::obs/labels_ex_broad			True
FH1004_PB_PRETX	zenodo:14872876:FH1004_PB_PRETX	author_cell_type	<column labels_ex_broad>	column	raw/fp-d792c3a111a3/adata-rev.h5ad::obs/labels_ex_broad			True
FH1004_PB_TRN90	zenodo:14872876:FH1004_PB_TRN90	author_cell_type	<column labels_ex_broad>	column	raw/fp-d792c3a111a3/adata-rev.h5ad::obs/labels_ex_broad			True
FH1005_BM_EIND1	zenodo:14872876:FH1005_BM_EIND1	author_cell_type	<column labels_ex_broad>	column	raw/fp-d792c3a111a3/adata-rev.h5ad::obs/labels_ex_broad			True
FH1005_BM_PRETX	zenodo:14872876:FH1005_BM_PRETX	author_cell_type	<column labels_ex_broad>	column	raw/fp-d792c3a111a3/adata-rev.h5ad::obs/labels_ex_broad			True
FH1005_BM_TRN90	zenodo:14872876:FH1005_BM_TRN90	author_cell_type	<column labels_ex_broad>	column	raw/fp-d792c3a111a3/adata-rev.h5ad::obs/labels_ex_broad			True
FH1005_PB_EIND2	zenodo:14872876:FH1005_PB_EIND2	author_cell_type	<column labels_ex_broad>	column	raw/fp-d792c3a111a3/adata-rev.h5ad::obs/labels_ex_broad			True
FH1005_PB_INDC3	zenodo:14872876:FH1005_PB_INDC3	author_cell_type	<column labels_ex_broad>	column	raw/fp-d792c3a111a3/adata-rev.h5ad::obs/labels_ex_broad			True
FH1005_PB_PRETX	zenodo:14872876:FH1005_PB_PRETX	author_cell_type	<column labels_ex_broad>	column	raw/fp-d792c3a111a3/adata-rev.h5ad::obs/labels_ex_broad			True
FH1005_PB_PoCo15	zenodo:14872876:FH1005_PB_PoCo15	author_cell_type	<column labels_ex_broad>	column	raw/fp-d792c3a111a3/adata-rev.h5ad::obs/labels_ex_broad			True
FH1005_PB_TRN90	zenodo:14872876:FH1005_PB_TRN90	author_cell_type	<column labels_ex_broad>	column	raw/fp-d792c3a111a3/adata-rev.h5ad::obs/labels_ex_broad			True
FH1006_PB_EIND1	zenodo:14872876:FH1006_PB_EIND1	author_cell_type	<column labels_ex_broad>	column	raw/fp-d792c3a111a3/adata-rev.h5ad::obs/labels_ex_broad			True
FH1006_PB_EIND2	zenodo:14872876:FH1006_PB_EIND2	author_cell_type	<column labels_ex_broad>	column	raw/fp-d792c3a111a3/adata-rev.h5ad::obs/labels_ex_broad			True
FH1006_PB_INDC3	zenodo:14872876:FH1006_PB_INDC3	author_cell_type	<column labels_ex_broad>	column	raw/fp-d792c3a111a3/adata-rev.h5ad::obs/labels_ex_broad			True
FH1006_PB_PRETX	zenodo:14872876:FH1006_PB_PRETX	author_cell_type	<column labels_ex_broad>	column	raw/fp-d792c3a111a3/adata-rev.h5ad::obs/labels_ex_broad			True
FH1006_PB_TRN60	zenodo:14872876:FH1006_PB_TRN60	author_cell_type	<column labels_ex_broad>	column	raw/fp-d792c3a111a3/adata-rev.h5ad::obs/labels_ex_broad			True
FH1006_PB_TRN90	zenodo:14872876:FH1006_PB_TRN90	author_cell_type	<column labels_ex_broad>	column	raw/fp-d792c3a111a3/adata-rev.h5ad::obs/labels_ex_broad			True
FH1006_PB_TRNY1	zenodo:14872876:FH1006_PB_TRNY1	author_cell_type	<column labels_ex_broad>	column	raw/fp-d792c3a111a3/adata-rev.h5ad::obs/labels_ex_broad			True
FH1007_BM_PRETX	zenodo:14872876:FH1007_BM_PRETX	author_cell_type	<column labels_ex_broad>	column	raw/fp-d792c3a111a3/adata-rev.h5ad::obs/labels_ex_broad			True
FH1007_BM_TRN90	zenodo:14872876:FH1007_BM_TRN90	author_cell_type	<column labels_ex_broad>	column	raw/fp-d792c3a111a3/adata-rev.h5ad::obs/labels_ex_broad			True
FH1007_BM_TRNY1	zenodo:14872876:FH1007_BM_TRNY1	author_cell_type	<column labels_ex_broad>	column	raw/fp-d792c3a111a3/adata-rev.h5ad::obs/labels_ex_broad			True
FH1007_PB_EIND1	zenodo:14872876:FH1007_PB_EIND1	author_cell_type	<column labels_ex_broad>	column	raw/fp-d792c3a111a3/adata-rev.h5ad::obs/labels_ex_broad			True
FH1007_PB_EIND2	zenodo:14872876:FH1007_PB_EIND2	author_cell_type	<column labels_ex_broad>	column	raw/fp-d792c3a111a3/adata-rev.h5ad::obs/labels_ex_broad			True
FH1007_PB_PRETX	zenodo:14872876:FH1007_PB_PRETX	author_cell_type	<column labels_ex_broad>	column	raw/fp-d792c3a111a3/adata-rev.h5ad::obs/labels_ex_broad			True
FH1007_PB_TRN90	zenodo:14872876:FH1007_PB_TRN90	author_cell_type	<column labels_ex_broad>	column	raw/fp-d792c3a111a3/adata-rev.h5ad::obs/labels_ex_broad			True
FH1007_PB_Y1D90	zenodo:14872876:FH1007_PB_Y1D90	author_cell_type	<column labels_ex_broad>	column	raw/fp-d792c3a111a3/adata-rev.h5ad::obs/labels_ex_broad			True
FH1008_BM_EIND1	zenodo:14872876:FH1008_BM_EIND1	author_cell_type	<column labels_ex_broad>	column	raw/fp-d792c3a111a3/adata-rev.h5ad::obs/labels_ex_broad			True
FH1008_BM_PRETX	zenodo:14872876:FH1008_BM_PRETX	author_cell_type	<column labels_ex_broad>	column	raw/fp-d792c3a111a3/adata-rev.h5ad::obs/labels_ex_broad			True
FH1008_BM_TRN90	zenodo:14872876:FH1008_BM_TRN90	author_cell_type	<column labels_ex_broad>	column	raw/fp-d792c3a111a3/adata-rev.h5ad::obs/labels_ex_broad			True
FH1008_BM_TRNY1	zenodo:14872876:FH1008_BM_TRNY1	author_cell_type	<column labels_ex_broad>	column	raw/fp-d792c3a111a3/adata-rev.h5ad::obs/labels_ex_broad			True
FH1008_PB_EIND1	zenodo:14872876:FH1008_PB_EIND1	author_cell_type	<column labels_ex_broad>	column	raw/fp-d792c3a111a3/adata-rev.h5ad::obs/labels_ex_broad			True
FH1008_PB_EIND2	zenodo:14872876:FH1008_PB_EIND2	author_cell_type	<column labels_ex_broad>	column	raw/fp-d792c3a111a3/adata-rev.h5ad::obs/labels_ex_broad			True
FH1008_PB_INDC3	zenodo:14872876:FH1008_PB_INDC3	author_cell_type	<column labels_ex_broad>	column	raw/fp-d792c3a111a3/adata-rev.h5ad::obs/labels_ex_broad			True
FH1008_PB_PRETX	zenodo:14872876:FH1008_PB_PRETX	author_cell_type	<column labels_ex_broad>	column	raw/fp-d792c3a111a3/adata-rev.h5ad::obs/labels_ex_broad			True
FH1008_PB_TRN90	zenodo:14872876:FH1008_PB_TRN90	author_cell_type	<column labels_ex_broad>	column	raw/fp-d792c3a111a3/adata-rev.h5ad::obs/labels_ex_broad			True
FH1008_PB_TRNY1	zenodo:14872876:FH1008_PB_TRNY1	author_cell_type	<column labels_ex_broad>	column	raw/fp-d792c3a111a3/adata-rev.h5ad::obs/labels_ex_broad			True
FH1009_BM_PRETX	zenodo:14872876:FH1009_BM_PRETX	author_cell_type	<column labels_ex_broad>	column	raw/fp-d792c3a111a3/adata-rev.h5ad::obs/labels_ex_broad			True
FH1009_BM_TRN90	zenodo:14872876:FH1009_BM_TRN90	author_cell_type	<column labels_ex_broad>	column	raw/fp-d792c3a111a3/adata-rev.h5ad::obs/labels_ex_broad			True
FH1009_PB_EIND2	zenodo:14872876:FH1009_PB_EIND2	author_cell_type	<column labels_ex_broad>	column	raw/fp-d792c3a111a3/adata-rev.h5ad::obs/labels_ex_broad			True
FH1009_PB_PRETX	zenodo:14872876:FH1009_PB_PRETX	author_cell_type	<column labels_ex_broad>	column	raw/fp-d792c3a111a3/adata-rev.h5ad::obs/labels_ex_broad			True
FH1009_PB_TRN90	zenodo:14872876:FH1009_PB_TRN90	author_cell_type	<column labels_ex_broad>	column	raw/fp-d792c3a111a3/adata-rev.h5ad::obs/labels_ex_broad			True
FH1011_BM_EIND1	zenodo:14872876:FH1011_BM_EIND1	author_cell_type	<column labels_ex_broad>	column	raw/fp-d792c3a111a3/adata-rev.h5ad::obs/labels_ex_broad			True
FH1011_BM_PRETX	zenodo:14872876:FH1011_BM_PRETX	author_cell_type	<column labels_ex_broad>	column	raw/fp-d792c3a111a3/adata-rev.h5ad::obs/labels_ex_broad			True
FH1011_BM_TRNY1	zenodo:14872876:FH1011_BM_TRNY1	author_cell_type	<column labels_ex_broad>	column	raw/fp-d792c3a111a3/adata-rev.h5ad::obs/labels_ex_broad			True
FH1011_PB_EIND2	zenodo:14872876:FH1011_PB_EIND2	author_cell_type	<column labels_ex_broad>	column	raw/fp-d792c3a111a3/adata-rev.h5ad::obs/labels_ex_broad			True
FH1011_PB_INDC3	zenodo:14872876:FH1011_PB_INDC3	author_cell_type	<column labels_ex_broad>	column	raw/fp-d792c3a111a3/adata-rev.h5ad::obs/labels_ex_broad			True
FH1011_PB_PRETX	zenodo:14872876:FH1011_PB_PRETX	author_cell_type	<column labels_ex_broad>	column	raw/fp-d792c3a111a3/adata-rev.h5ad::obs/labels_ex_broad			True
FH1011_PB_TRN90	zenodo:14872876:FH1011_PB_TRN90	author_cell_type	<column labels_ex_broad>	column	raw/fp-d792c3a111a3/adata-rev.h5ad::obs/labels_ex_broad			True
FH1011_PB_TRNY1	zenodo:14872876:FH1011_PB_TRNY1	author_cell_type	<column labels_ex_broad>	column	raw/fp-d792c3a111a3/adata-rev.h5ad::obs/labels_ex_broad			True
FH1016_BM_EIND1	zenodo:14872876:FH1016_BM_EIND1	author_cell_type	<column labels_ex_broad>	column	raw/fp-d792c3a111a3/adata-rev.h5ad::obs/labels_ex_broad			True
FH1016_BM_PRETX	zenodo:14872876:FH1016_BM_PRETX	author_cell_type	<column labels_ex_broad>	column	raw/fp-d792c3a111a3/adata-rev.h5ad::obs/labels_ex_broad			True
FH1016_BM_TRN90	zenodo:14872876:FH1016_BM_TRN90	author_cell_type	<column labels_ex_broad>	column	raw/fp-d792c3a111a3/adata-rev.h5ad::obs/labels_ex_broad			True
FH1016_BM_TRNY1	zenodo:14872876:FH1016_BM_TRNY1	author_cell_type	<column labels_ex_broad>	column	raw/fp-d792c3a111a3/adata-rev.h5ad::obs/labels_ex_broad			True
FH1016_PB_EIND2	zenodo:14872876:FH1016_PB_EIND2	author_cell_type	<column labels_ex_broad>	column	raw/fp-d792c3a111a3/adata-rev.h5ad::obs/labels_ex_broad			True
FH1016_PB_PRETX	zenodo:14872876:FH1016_PB_PRETX	author_cell_type	<column labels_ex_broad>	column	raw/fp-d792c3a111a3/adata-rev.h5ad::obs/labels_ex_broad			True
FH1016_PB_TRN90	zenodo:14872876:FH1016_PB_TRN90	author_cell_type	<column labels_ex_broad>	column	raw/fp-d792c3a111a3/adata-rev.h5ad::obs/labels_ex_broad			True
FH1016_PB_TRNY1	zenodo:14872876:FH1016_PB_TRNY1	author_cell_type	<column labels_ex_broad>	column	raw/fp-d792c3a111a3/adata-rev.h5ad::obs/labels_ex_broad			True
FH1022_BM_EIND1	zenodo:14872876:FH1022_BM_EIND1	author_cell_type	<column labels_ex_broad>	column	raw/fp-d792c3a111a3/adata-rev.h5ad::obs/labels_ex_broad			True
FH1022_BM_PRETX	zenodo:14872876:FH1022_BM_PRETX	author_cell_type	<column labels_ex_broad>	column	raw/fp-d792c3a111a3/adata-rev.h5ad::obs/labels_ex_broad			True
FH1022_BM_TRN90	zenodo:14872876:FH1022_BM_TRN90	author_cell_type	<column labels_ex_broad>	column	raw/fp-d792c3a111a3/adata-rev.h5ad::obs/labels_ex_broad			True
FH1022_BM_TRNY1	zenodo:14872876:FH1022_BM_TRNY1	author_cell_type	<column labels_ex_broad>	column	raw/fp-d792c3a111a3/adata-rev.h5ad::obs/labels_ex_broad			True
FH1022_PB_EIND1	zenodo:14872876:FH1022_PB_EIND1	author_cell_type	<column labels_ex_broad>	column	raw/fp-d792c3a111a3/adata-rev.h5ad::obs/labels_ex_broad			True
FH1022_PB_PRETX	zenodo:14872876:FH1022_PB_PRETX	author_cell_type	<column labels_ex_broad>	column	raw/fp-d792c3a111a3/adata-rev.h5ad::obs/labels_ex_broad			True
FH1022_PB_TRN90	zenodo:14872876:FH1022_PB_TRN90	author_cell_type	<column labels_ex_broad>	column	raw/fp-d792c3a111a3/adata-rev.h5ad::obs/labels_ex_broad			True
HC_BM_1	zenodo:14872876:HC_BM_1	author_cell_type	<column labels_ex_broad>	column	raw/fp-d792c3a111a3/adata-rev.h5ad::obs/labels_ex_broad			True
HC_BM_2	zenodo:14872876:HC_BM_2	author_cell_type	<column labels_ex_broad>	column	raw/fp-d792c3a111a3/adata-rev.h5ad::obs/labels_ex_broad			True
HC_BM_3	zenodo:14872876:HC_BM_3	author_cell_type	<column labels_ex_broad>	column	raw/fp-d792c3a111a3/adata-rev.h5ad::obs/labels_ex_broad			True
HC_BM_4	zenodo:14872876:HC_BM_4	author_cell_type	<column labels_ex_broad>	column	raw/fp-d792c3a111a3/adata-rev.h5ad::obs/labels_ex_broad			True
HC_BM_5	zenodo:14872876:HC_BM_5	author_cell_type	<column labels_ex_broad>	column	raw/fp-d792c3a111a3/adata-rev.h5ad::obs/labels_ex_broad			True
HC_BM_6	zenodo:14872876:HC_BM_6	author_cell_type	<column labels_ex_broad>	column	raw/fp-d792c3a111a3/adata-rev.h5ad::obs/labels_ex_broad			True
HC_BM_7	zenodo:14872876:HC_BM_7	author_cell_type	<column labels_ex_broad>	column	raw/fp-d792c3a111a3/adata-rev.h5ad::obs/labels_ex_broad			True
HC_BM_8	zenodo:14872876:HC_BM_8	author_cell_type	<column labels_ex_broad>	column	raw/fp-d792c3a111a3/adata-rev.h5ad::obs/labels_ex_broad			True
HC_PB_1	zenodo:14872876:HC_PB_1	author_cell_type	<column labels_ex_broad>	column	raw/fp-d792c3a111a3/adata-rev.h5ad::obs/labels_ex_broad			True
HC_PB_2	zenodo:14872876:HC_PB_2	author_cell_type	<column labels_ex_broad>	column	raw/fp-d792c3a111a3/adata-rev.h5ad::obs/labels_ex_broad			True
HC_PB_3	zenodo:14872876:HC_PB_3	author_cell_type	<column labels_ex_broad>	column	raw/fp-d792c3a111a3/adata-rev.h5ad::obs/labels_ex_broad			True
HC_PB_4	zenodo:14872876:HC_PB_4	author_cell_type	<column labels_ex_broad>	column	raw/fp-d792c3a111a3/adata-rev.h5ad::obs/labels_ex_broad			True
HC_PB_5	zenodo:14872876:HC_PB_5	author_cell_type	<column labels_ex_broad>	column	raw/fp-d792c3a111a3/adata-rev.h5ad::obs/labels_ex_broad			True
HC_PB_6	zenodo:14872876:HC_PB_6	author_cell_type	<column labels_ex_broad>	column	raw/fp-d792c3a111a3/adata-rev.h5ad::obs/labels_ex_broad			True
HC_PB_7	zenodo:14872876:HC_PB_7	author_cell_type	<column labels_ex_broad>	column	raw/fp-d792c3a111a3/adata-rev.h5ad::obs/labels_ex_broad			True
HC_PB_8	zenodo:14872876:HC_PB_8	author_cell_type	<column labels_ex_broad>	column	raw/fp-d792c3a111a3/adata-rev.h5ad::obs/labels_ex_broad			True
		organism	Homo sapiens	file	evidence/biorxiv_2024.06.03.597178.txt		Raw RNA data and antibody-derived tag sequences were demultiplexed and aligned to the GRCh38 reference genome using Cell Ranger v6.0.1 (10x Genomics).	True
		organism	Homo sapiens	file	evidence/biorxiv_2024.06.03.597178.txt		NDMM patients diagnosed and treated at the Fred Hutchinson Cancer Center and HCs provided written informed consent	True
FH1002_BM_TRNY1	zenodo:14872876:FH1002_BM_TRNY1	tissue_free_text	<map of column sample>	file	evidence/biorxiv_2024.06.03.597178.txt		We applied single-cell multi-omic sequencing and antigen-specific mass cytometry to longitudinal BM and peripheral blood (PB) samples	True
FH1002_PB_Y2D90	zenodo:14872876:FH1002_PB_Y2D90	tissue_free_text	<map of column sample>	file	evidence/biorxiv_2024.06.03.597178.txt		We applied single-cell multi-omic sequencing and antigen-specific mass cytometry to longitudinal BM and peripheral blood (PB) samples	True
FH1003_BM_EIND1	zenodo:14872876:FH1003_BM_EIND1	tissue_free_text	<map of column sample>	file	evidence/biorxiv_2024.06.03.597178.txt		We applied single-cell multi-omic sequencing and antigen-specific mass cytometry to longitudinal BM and peripheral blood (PB) samples	True
FH1003_BM_PRETX	zenodo:14872876:FH1003_BM_PRETX	tissue_free_text	<map of column sample>	file	evidence/biorxiv_2024.06.03.597178.txt		We applied single-cell multi-omic sequencing and antigen-specific mass cytometry to longitudinal BM and peripheral blood (PB) samples	True
FH1003_BM_TRN90	zenodo:14872876:FH1003_BM_TRN90	tissue_free_text	<map of column sample>	file	evidence/biorxiv_2024.06.03.597178.txt		We applied single-cell multi-omic sequencing and antigen-specific mass cytometry to longitudinal BM and peripheral blood (PB) samples	True
FH1003_BM_TRNY1	zenodo:14872876:FH1003_BM_TRNY1	tissue_free_text	<map of column sample>	file	evidence/biorxiv_2024.06.03.597178.txt		We applied single-cell multi-omic sequencing and antigen-specific mass cytometry to longitudinal BM and peripheral blood (PB) samples	True
FH1003_PB_EIND1	zenodo:14872876:FH1003_PB_EIND1	tissue_free_text	<map of column sample>	file	evidence/biorxiv_2024.06.03.597178.txt		We applied single-cell multi-omic sequencing and antigen-specific mass cytometry to longitudinal BM and peripheral blood (PB) samples	True
FH1003_PB_EIND2	zenodo:14872876:FH1003_PB_EIND2	tissue_free_text	<map of column sample>	file	evidence/biorxiv_2024.06.03.597178.txt		We applied single-cell multi-omic sequencing and antigen-specific mass cytometry to longitudinal BM and peripheral blood (PB) samples	True
FH1003_PB_INDC3	zenodo:14872876:FH1003_PB_INDC3	tissue_free_text	<map of column sample>	file	evidence/biorxiv_2024.06.03.597178.txt		We applied single-cell multi-omic sequencing and antigen-specific mass cytometry to longitudinal BM and peripheral blood (PB) samples	True
FH1003_PB_PRETX	zenodo:14872876:FH1003_PB_PRETX	tissue_free_text	<map of column sample>	file	evidence/biorxiv_2024.06.03.597178.txt		We applied single-cell multi-omic sequencing and antigen-specific mass cytometry to longitudinal BM and peripheral blood (PB) samples	True
FH1003_PB_TRN90	zenodo:14872876:FH1003_PB_TRN90	tissue_free_text	<map of column sample>	file	evidence/biorxiv_2024.06.03.597178.txt		We applied single-cell multi-omic sequencing and antigen-specific mass cytometry to longitudinal BM and peripheral blood (PB) samples	True
FH1003_PB_TRNY1	zenodo:14872876:FH1003_PB_TRNY1	tissue_free_text	<map of column sample>	file	evidence/biorxiv_2024.06.03.597178.txt		We applied single-cell multi-omic sequencing and antigen-specific mass cytometry to longitudinal BM and peripheral blood (PB) samples	True
FH1004_PB_EIND1	zenodo:14872876:FH1004_PB_EIND1	tissue_free_text	<map of column sample>	file	evidence/biorxiv_2024.06.03.597178.txt		We applied single-cell multi-omic sequencing and antigen-specific mass cytometry to longitudinal BM and peripheral blood (PB) samples	True
FH1004_PB_EIND2	zenodo:14872876:FH1004_PB_EIND2	tissue_free_text	<map of column sample>	file	evidence/biorxiv_2024.06.03.597178.txt		We applied single-cell multi-omic sequencing and antigen-specific mass cytometry to longitudinal BM and peripheral blood (PB) samples	True
FH1004_PB_INDC2	zenodo:14872876:FH1004_PB_INDC2	tissue_free_text	<map of column sample>	file	evidence/biorxiv_2024.06.03.597178.txt		We applied single-cell multi-omic sequencing and antigen-specific mass cytometry to longitudinal BM and peripheral blood (PB) samples	True
FH1004_PB_INDC3	zenodo:14872876:FH1004_PB_INDC3	tissue_free_text	<map of column sample>	file	evidence/biorxiv_2024.06.03.597178.txt		We applied single-cell multi-omic sequencing and antigen-specific mass cytometry to longitudinal BM and peripheral blood (PB) samples	True
FH1004_PB_PRETX	zenodo:14872876:FH1004_PB_PRETX	tissue_free_text	<map of column sample>	file	evidence/biorxiv_2024.06.03.597178.txt		We applied single-cell multi-omic sequencing and antigen-specific mass cytometry to longitudinal BM and peripheral blood (PB) samples	True
FH1004_PB_TRN90	zenodo:14872876:FH1004_PB_TRN90	tissue_free_text	<map of column sample>	file	evidence/biorxiv_2024.06.03.597178.txt		We applied single-cell multi-omic sequencing and antigen-specific mass cytometry to longitudinal BM and peripheral blood (PB) samples	True
FH1005_BM_EIND1	zenodo:14872876:FH1005_BM_EIND1	tissue_free_text	<map of column sample>	file	evidence/biorxiv_2024.06.03.597178.txt		We applied single-cell multi-omic sequencing and antigen-specific mass cytometry to longitudinal BM and peripheral blood (PB) samples	True
FH1005_BM_PRETX	zenodo:14872876:FH1005_BM_PRETX	tissue_free_text	<map of column sample>	file	evidence/biorxiv_2024.06.03.597178.txt		We applied single-cell multi-omic sequencing and antigen-specific mass cytometry to longitudinal BM and peripheral blood (PB) samples	True
FH1005_BM_TRN90	zenodo:14872876:FH1005_BM_TRN90	tissue_free_text	<map of column sample>	file	evidence/biorxiv_2024.06.03.597178.txt		We applied single-cell multi-omic sequencing and antigen-specific mass cytometry to longitudinal BM and peripheral blood (PB) samples	True
FH1005_PB_EIND2	zenodo:14872876:FH1005_PB_EIND2	tissue_free_text	<map of column sample>	file	evidence/biorxiv_2024.06.03.597178.txt		We applied single-cell multi-omic sequencing and antigen-specific mass cytometry to longitudinal BM and peripheral blood (PB) samples	True
FH1005_PB_INDC3	zenodo:14872876:FH1005_PB_INDC3	tissue_free_text	<map of column sample>	file	evidence/biorxiv_2024.06.03.597178.txt		We applied single-cell multi-omic sequencing and antigen-specific mass cytometry to longitudinal BM and peripheral blood (PB) samples	True
FH1005_PB_PRETX	zenodo:14872876:FH1005_PB_PRETX	tissue_free_text	<map of column sample>	file	evidence/biorxiv_2024.06.03.597178.txt		We applied single-cell multi-omic sequencing and antigen-specific mass cytometry to longitudinal BM and peripheral blood (PB) samples	True
FH1005_PB_PoCo15	zenodo:14872876:FH1005_PB_PoCo15	tissue_free_text	<map of column sample>	file	evidence/biorxiv_2024.06.03.597178.txt		We applied single-cell multi-omic sequencing and antigen-specific mass cytometry to longitudinal BM and peripheral blood (PB) samples	True
FH1005_PB_TRN90	zenodo:14872876:FH1005_PB_TRN90	tissue_free_text	<map of column sample>	file	evidence/biorxiv_2024.06.03.597178.txt		We applied single-cell multi-omic sequencing and antigen-specific mass cytometry to longitudinal BM and peripheral blood (PB) samples	True
FH1006_PB_EIND1	zenodo:14872876:FH1006_PB_EIND1	tissue_free_text	<map of column sample>	file	evidence/biorxiv_2024.06.03.597178.txt		We applied single-cell multi-omic sequencing and antigen-specific mass cytometry to longitudinal BM and peripheral blood (PB) samples	True
FH1006_PB_EIND2	zenodo:14872876:FH1006_PB_EIND2	tissue_free_text	<map of column sample>	file	evidence/biorxiv_2024.06.03.597178.txt		We applied single-cell multi-omic sequencing and antigen-specific mass cytometry to longitudinal BM and peripheral blood (PB) samples	True
FH1006_PB_INDC3	zenodo:14872876:FH1006_PB_INDC3	tissue_free_text	<map of column sample>	file	evidence/biorxiv_2024.06.03.597178.txt		We applied single-cell multi-omic sequencing and antigen-specific mass cytometry to longitudinal BM and peripheral blood (PB) samples	True
FH1006_PB_PRETX	zenodo:14872876:FH1006_PB_PRETX	tissue_free_text	<map of column sample>	file	evidence/biorxiv_2024.06.03.597178.txt		We applied single-cell multi-omic sequencing and antigen-specific mass cytometry to longitudinal BM and peripheral blood (PB) samples	True
FH1006_PB_TRN60	zenodo:14872876:FH1006_PB_TRN60	tissue_free_text	<map of column sample>	file	evidence/biorxiv_2024.06.03.597178.txt		We applied single-cell multi-omic sequencing and antigen-specific mass cytometry to longitudinal BM and peripheral blood (PB) samples	True
FH1006_PB_TRN90	zenodo:14872876:FH1006_PB_TRN90	tissue_free_text	<map of column sample>	file	evidence/biorxiv_2024.06.03.597178.txt		We applied single-cell multi-omic sequencing and antigen-specific mass cytometry to longitudinal BM and peripheral blood (PB) samples	True
FH1006_PB_TRNY1	zenodo:14872876:FH1006_PB_TRNY1	tissue_free_text	<map of column sample>	file	evidence/biorxiv_2024.06.03.597178.txt		We applied single-cell multi-omic sequencing and antigen-specific mass cytometry to longitudinal BM and peripheral blood (PB) samples	True
FH1007_BM_PRETX	zenodo:14872876:FH1007_BM_PRETX	tissue_free_text	<map of column sample>	file	evidence/biorxiv_2024.06.03.597178.txt		We applied single-cell multi-omic sequencing and antigen-specific mass cytometry to longitudinal BM and peripheral blood (PB) samples	True
FH1007_BM_TRN90	zenodo:14872876:FH1007_BM_TRN90	tissue_free_text	<map of column sample>	file	evidence/biorxiv_2024.06.03.597178.txt		We applied single-cell multi-omic sequencing and antigen-specific mass cytometry to longitudinal BM and peripheral blood (PB) samples	True
FH1007_BM_TRNY1	zenodo:14872876:FH1007_BM_TRNY1	tissue_free_text	<map of column sample>	file	evidence/biorxiv_2024.06.03.597178.txt		We applied single-cell multi-omic sequencing and antigen-specific mass cytometry to longitudinal BM and peripheral blood (PB) samples	True
FH1007_PB_EIND1	zenodo:14872876:FH1007_PB_EIND1	tissue_free_text	<map of column sample>	file	evidence/biorxiv_2024.06.03.597178.txt		We applied single-cell multi-omic sequencing and antigen-specific mass cytometry to longitudinal BM and peripheral blood (PB) samples	True
FH1007_PB_EIND2	zenodo:14872876:FH1007_PB_EIND2	tissue_free_text	<map of column sample>	file	evidence/biorxiv_2024.06.03.597178.txt		We applied single-cell multi-omic sequencing and antigen-specific mass cytometry to longitudinal BM and peripheral blood (PB) samples	True
FH1007_PB_PRETX	zenodo:14872876:FH1007_PB_PRETX	tissue_free_text	<map of column sample>	file	evidence/biorxiv_2024.06.03.597178.txt		We applied single-cell multi-omic sequencing and antigen-specific mass cytometry to longitudinal BM and peripheral blood (PB) samples	True
FH1007_PB_TRN90	zenodo:14872876:FH1007_PB_TRN90	tissue_free_text	<map of column sample>	file	evidence/biorxiv_2024.06.03.597178.txt		We applied single-cell multi-omic sequencing and antigen-specific mass cytometry to longitudinal BM and peripheral blood (PB) samples	True
FH1007_PB_Y1D90	zenodo:14872876:FH1007_PB_Y1D90	tissue_free_text	<map of column sample>	file	evidence/biorxiv_2024.06.03.597178.txt		We applied single-cell multi-omic sequencing and antigen-specific mass cytometry to longitudinal BM and peripheral blood (PB) samples	True
FH1008_BM_EIND1	zenodo:14872876:FH1008_BM_EIND1	tissue_free_text	<map of column sample>	file	evidence/biorxiv_2024.06.03.597178.txt		We applied single-cell multi-omic sequencing and antigen-specific mass cytometry to longitudinal BM and peripheral blood (PB) samples	True
FH1008_BM_PRETX	zenodo:14872876:FH1008_BM_PRETX	tissue_free_text	<map of column sample>	file	evidence/biorxiv_2024.06.03.597178.txt		We applied single-cell multi-omic sequencing and antigen-specific mass cytometry to longitudinal BM and peripheral blood (PB) samples	True
FH1008_BM_TRN90	zenodo:14872876:FH1008_BM_TRN90	tissue_free_text	<map of column sample>	file	evidence/biorxiv_2024.06.03.597178.txt		We applied single-cell multi-omic sequencing and antigen-specific mass cytometry to longitudinal BM and peripheral blood (PB) samples	True
FH1008_BM_TRNY1	zenodo:14872876:FH1008_BM_TRNY1	tissue_free_text	<map of column sample>	file	evidence/biorxiv_2024.06.03.597178.txt		We applied single-cell multi-omic sequencing and antigen-specific mass cytometry to longitudinal BM and peripheral blood (PB) samples	True
FH1008_PB_EIND1	zenodo:14872876:FH1008_PB_EIND1	tissue_free_text	<map of column sample>	file	evidence/biorxiv_2024.06.03.597178.txt		We applied single-cell multi-omic sequencing and antigen-specific mass cytometry to longitudinal BM and peripheral blood (PB) samples	True
FH1008_PB_EIND2	zenodo:14872876:FH1008_PB_EIND2	tissue_free_text	<map of column sample>	file	evidence/biorxiv_2024.06.03.597178.txt		We applied single-cell multi-omic sequencing and antigen-specific mass cytometry to longitudinal BM and peripheral blood (PB) samples	True
FH1008_PB_INDC3	zenodo:14872876:FH1008_PB_INDC3	tissue_free_text	<map of column sample>	file	evidence/biorxiv_2024.06.03.597178.txt		We applied single-cell multi-omic sequencing and antigen-specific mass cytometry to longitudinal BM and peripheral blood (PB) samples	True
FH1008_PB_PRETX	zenodo:14872876:FH1008_PB_PRETX	tissue_free_text	<map of column sample>	file	evidence/biorxiv_2024.06.03.597178.txt		We applied single-cell multi-omic sequencing and antigen-specific mass cytometry to longitudinal BM and peripheral blood (PB) samples	True
FH1008_PB_TRN90	zenodo:14872876:FH1008_PB_TRN90	tissue_free_text	<map of column sample>	file	evidence/biorxiv_2024.06.03.597178.txt		We applied single-cell multi-omic sequencing and antigen-specific mass cytometry to longitudinal BM and peripheral blood (PB) samples	True
FH1008_PB_TRNY1	zenodo:14872876:FH1008_PB_TRNY1	tissue_free_text	<map of column sample>	file	evidence/biorxiv_2024.06.03.597178.txt		We applied single-cell multi-omic sequencing and antigen-specific mass cytometry to longitudinal BM and peripheral blood (PB) samples	True
FH1009_BM_PRETX	zenodo:14872876:FH1009_BM_PRETX	tissue_free_text	<map of column sample>	file	evidence/biorxiv_2024.06.03.597178.txt		We applied single-cell multi-omic sequencing and antigen-specific mass cytometry to longitudinal BM and peripheral blood (PB) samples	True
FH1009_BM_TRN90	zenodo:14872876:FH1009_BM_TRN90	tissue_free_text	<map of column sample>	file	evidence/biorxiv_2024.06.03.597178.txt		We applied single-cell multi-omic sequencing and antigen-specific mass cytometry to longitudinal BM and peripheral blood (PB) samples	True
FH1009_PB_EIND2	zenodo:14872876:FH1009_PB_EIND2	tissue_free_text	<map of column sample>	file	evidence/biorxiv_2024.06.03.597178.txt		We applied single-cell multi-omic sequencing and antigen-specific mass cytometry to longitudinal BM and peripheral blood (PB) samples	True
FH1009_PB_PRETX	zenodo:14872876:FH1009_PB_PRETX	tissue_free_text	<map of column sample>	file	evidence/biorxiv_2024.06.03.597178.txt		We applied single-cell multi-omic sequencing and antigen-specific mass cytometry to longitudinal BM and peripheral blood (PB) samples	True
FH1009_PB_TRN90	zenodo:14872876:FH1009_PB_TRN90	tissue_free_text	<map of column sample>	file	evidence/biorxiv_2024.06.03.597178.txt		We applied single-cell multi-omic sequencing and antigen-specific mass cytometry to longitudinal BM and peripheral blood (PB) samples	True
FH1011_BM_EIND1	zenodo:14872876:FH1011_BM_EIND1	tissue_free_text	<map of column sample>	file	evidence/biorxiv_2024.06.03.597178.txt		We applied single-cell multi-omic sequencing and antigen-specific mass cytometry to longitudinal BM and peripheral blood (PB) samples	True
FH1011_BM_PRETX	zenodo:14872876:FH1011_BM_PRETX	tissue_free_text	<map of column sample>	file	evidence/biorxiv_2024.06.03.597178.txt		We applied single-cell multi-omic sequencing and antigen-specific mass cytometry to longitudinal BM and peripheral blood (PB) samples	True
FH1011_BM_TRNY1	zenodo:14872876:FH1011_BM_TRNY1	tissue_free_text	<map of column sample>	file	evidence/biorxiv_2024.06.03.597178.txt		We applied single-cell multi-omic sequencing and antigen-specific mass cytometry to longitudinal BM and peripheral blood (PB) samples	True
FH1011_PB_EIND2	zenodo:14872876:FH1011_PB_EIND2	tissue_free_text	<map of column sample>	file	evidence/biorxiv_2024.06.03.597178.txt		We applied single-cell multi-omic sequencing and antigen-specific mass cytometry to longitudinal BM and peripheral blood (PB) samples	True
FH1011_PB_INDC3	zenodo:14872876:FH1011_PB_INDC3	tissue_free_text	<map of column sample>	file	evidence/biorxiv_2024.06.03.597178.txt		We applied single-cell multi-omic sequencing and antigen-specific mass cytometry to longitudinal BM and peripheral blood (PB) samples	True
FH1011_PB_PRETX	zenodo:14872876:FH1011_PB_PRETX	tissue_free_text	<map of column sample>	file	evidence/biorxiv_2024.06.03.597178.txt		We applied single-cell multi-omic sequencing and antigen-specific mass cytometry to longitudinal BM and peripheral blood (PB) samples	True
FH1011_PB_TRN90	zenodo:14872876:FH1011_PB_TRN90	tissue_free_text	<map of column sample>	file	evidence/biorxiv_2024.06.03.597178.txt		We applied single-cell multi-omic sequencing and antigen-specific mass cytometry to longitudinal BM and peripheral blood (PB) samples	True
FH1011_PB_TRNY1	zenodo:14872876:FH1011_PB_TRNY1	tissue_free_text	<map of column sample>	file	evidence/biorxiv_2024.06.03.597178.txt		We applied single-cell multi-omic sequencing and antigen-specific mass cytometry to longitudinal BM and peripheral blood (PB) samples	True
FH1016_BM_EIND1	zenodo:14872876:FH1016_BM_EIND1	tissue_free_text	<map of column sample>	file	evidence/biorxiv_2024.06.03.597178.txt		We applied single-cell multi-omic sequencing and antigen-specific mass cytometry to longitudinal BM and peripheral blood (PB) samples	True
FH1016_BM_PRETX	zenodo:14872876:FH1016_BM_PRETX	tissue_free_text	<map of column sample>	file	evidence/biorxiv_2024.06.03.597178.txt		We applied single-cell multi-omic sequencing and antigen-specific mass cytometry to longitudinal BM and peripheral blood (PB) samples	True
FH1016_BM_TRN90	zenodo:14872876:FH1016_BM_TRN90	tissue_free_text	<map of column sample>	file	evidence/biorxiv_2024.06.03.597178.txt		We applied single-cell multi-omic sequencing and antigen-specific mass cytometry to longitudinal BM and peripheral blood (PB) samples	True
FH1016_BM_TRNY1	zenodo:14872876:FH1016_BM_TRNY1	tissue_free_text	<map of column sample>	file	evidence/biorxiv_2024.06.03.597178.txt		We applied single-cell multi-omic sequencing and antigen-specific mass cytometry to longitudinal BM and peripheral blood (PB) samples	True
FH1016_PB_EIND2	zenodo:14872876:FH1016_PB_EIND2	tissue_free_text	<map of column sample>	file	evidence/biorxiv_2024.06.03.597178.txt		We applied single-cell multi-omic sequencing and antigen-specific mass cytometry to longitudinal BM and peripheral blood (PB) samples	True
FH1016_PB_PRETX	zenodo:14872876:FH1016_PB_PRETX	tissue_free_text	<map of column sample>	file	evidence/biorxiv_2024.06.03.597178.txt		We applied single-cell multi-omic sequencing and antigen-specific mass cytometry to longitudinal BM and peripheral blood (PB) samples	True
FH1016_PB_TRN90	zenodo:14872876:FH1016_PB_TRN90	tissue_free_text	<map of column sample>	file	evidence/biorxiv_2024.06.03.597178.txt		We applied single-cell multi-omic sequencing and antigen-specific mass cytometry to longitudinal BM and peripheral blood (PB) samples	True
FH1016_PB_TRNY1	zenodo:14872876:FH1016_PB_TRNY1	tissue_free_text	<map of column sample>	file	evidence/biorxiv_2024.06.03.597178.txt		We applied single-cell multi-omic sequencing and antigen-specific mass cytometry to longitudinal BM and peripheral blood (PB) samples	True
FH1022_BM_EIND1	zenodo:14872876:FH1022_BM_EIND1	tissue_free_text	<map of column sample>	file	evidence/biorxiv_2024.06.03.597178.txt		We applied single-cell multi-omic sequencing and antigen-specific mass cytometry to longitudinal BM and peripheral blood (PB) samples	True
FH1022_BM_PRETX	zenodo:14872876:FH1022_BM_PRETX	tissue_free_text	<map of column sample>	file	evidence/biorxiv_2024.06.03.597178.txt		We applied single-cell multi-omic sequencing and antigen-specific mass cytometry to longitudinal BM and peripheral blood (PB) samples	True
FH1022_BM_TRN90	zenodo:14872876:FH1022_BM_TRN90	tissue_free_text	<map of column sample>	file	evidence/biorxiv_2024.06.03.597178.txt		We applied single-cell multi-omic sequencing and antigen-specific mass cytometry to longitudinal BM and peripheral blood (PB) samples	True
FH1022_BM_TRNY1	zenodo:14872876:FH1022_BM_TRNY1	tissue_free_text	<map of column sample>	file	evidence/biorxiv_2024.06.03.597178.txt		We applied single-cell multi-omic sequencing and antigen-specific mass cytometry to longitudinal BM and peripheral blood (PB) samples	True
FH1022_PB_EIND1	zenodo:14872876:FH1022_PB_EIND1	tissue_free_text	<map of column sample>	file	evidence/biorxiv_2024.06.03.597178.txt		We applied single-cell multi-omic sequencing and antigen-specific mass cytometry to longitudinal BM and peripheral blood (PB) samples	True
FH1022_PB_PRETX	zenodo:14872876:FH1022_PB_PRETX	tissue_free_text	<map of column sample>	file	evidence/biorxiv_2024.06.03.597178.txt		We applied single-cell multi-omic sequencing and antigen-specific mass cytometry to longitudinal BM and peripheral blood (PB) samples	True
FH1022_PB_TRN90	zenodo:14872876:FH1022_PB_TRN90	tissue_free_text	<map of column sample>	file	evidence/biorxiv_2024.06.03.597178.txt		We applied single-cell multi-omic sequencing and antigen-specific mass cytometry to longitudinal BM and peripheral blood (PB) samples	True
HC_BM_1	zenodo:14872876:HC_BM_1	tissue_free_text	<map of column sample>	file	evidence/biorxiv_2024.06.03.597178.txt		We applied single-cell multi-omic sequencing and antigen-specific mass cytometry to longitudinal BM and peripheral blood (PB) samples	True
HC_BM_2	zenodo:14872876:HC_BM_2	tissue_free_text	<map of column sample>	file	evidence/biorxiv_2024.06.03.597178.txt		We applied single-cell multi-omic sequencing and antigen-specific mass cytometry to longitudinal BM and peripheral blood (PB) samples	True
HC_BM_3	zenodo:14872876:HC_BM_3	tissue_free_text	<map of column sample>	file	evidence/biorxiv_2024.06.03.597178.txt		We applied single-cell multi-omic sequencing and antigen-specific mass cytometry to longitudinal BM and peripheral blood (PB) samples	True
HC_BM_4	zenodo:14872876:HC_BM_4	tissue_free_text	<map of column sample>	file	evidence/biorxiv_2024.06.03.597178.txt		We applied single-cell multi-omic sequencing and antigen-specific mass cytometry to longitudinal BM and peripheral blood (PB) samples	True
HC_BM_5	zenodo:14872876:HC_BM_5	tissue_free_text	<map of column sample>	file	evidence/biorxiv_2024.06.03.597178.txt		We applied single-cell multi-omic sequencing and antigen-specific mass cytometry to longitudinal BM and peripheral blood (PB) samples	True
HC_BM_6	zenodo:14872876:HC_BM_6	tissue_free_text	<map of column sample>	file	evidence/biorxiv_2024.06.03.597178.txt		We applied single-cell multi-omic sequencing and antigen-specific mass cytometry to longitudinal BM and peripheral blood (PB) samples	True
HC_BM_7	zenodo:14872876:HC_BM_7	tissue_free_text	<map of column sample>	file	evidence/biorxiv_2024.06.03.597178.txt		We applied single-cell multi-omic sequencing and antigen-specific mass cytometry to longitudinal BM and peripheral blood (PB) samples	True
HC_BM_8	zenodo:14872876:HC_BM_8	tissue_free_text	<map of column sample>	file	evidence/biorxiv_2024.06.03.597178.txt		We applied single-cell multi-omic sequencing and antigen-specific mass cytometry to longitudinal BM and peripheral blood (PB) samples	True
HC_PB_1	zenodo:14872876:HC_PB_1	tissue_free_text	<map of column sample>	file	evidence/biorxiv_2024.06.03.597178.txt		We applied single-cell multi-omic sequencing and antigen-specific mass cytometry to longitudinal BM and peripheral blood (PB) samples	True
HC_PB_2	zenodo:14872876:HC_PB_2	tissue_free_text	<map of column sample>	file	evidence/biorxiv_2024.06.03.597178.txt		We applied single-cell multi-omic sequencing and antigen-specific mass cytometry to longitudinal BM and peripheral blood (PB) samples	True
HC_PB_3	zenodo:14872876:HC_PB_3	tissue_free_text	<map of column sample>	file	evidence/biorxiv_2024.06.03.597178.txt		We applied single-cell multi-omic sequencing and antigen-specific mass cytometry to longitudinal BM and peripheral blood (PB) samples	True
HC_PB_4	zenodo:14872876:HC_PB_4	tissue_free_text	<map of column sample>	file	evidence/biorxiv_2024.06.03.597178.txt		We applied single-cell multi-omic sequencing and antigen-specific mass cytometry to longitudinal BM and peripheral blood (PB) samples	True
HC_PB_5	zenodo:14872876:HC_PB_5	tissue_free_text	<map of column sample>	file	evidence/biorxiv_2024.06.03.597178.txt		We applied single-cell multi-omic sequencing and antigen-specific mass cytometry to longitudinal BM and peripheral blood (PB) samples	True
HC_PB_6	zenodo:14872876:HC_PB_6	tissue_free_text	<map of column sample>	file	evidence/biorxiv_2024.06.03.597178.txt		We applied single-cell multi-omic sequencing and antigen-specific mass cytometry to longitudinal BM and peripheral blood (PB) samples	True
HC_PB_7	zenodo:14872876:HC_PB_7	tissue_free_text	<map of column sample>	file	evidence/biorxiv_2024.06.03.597178.txt		We applied single-cell multi-omic sequencing and antigen-specific mass cytometry to longitudinal BM and peripheral blood (PB) samples	True
HC_PB_8	zenodo:14872876:HC_PB_8	tissue_free_text	<map of column sample>	file	evidence/biorxiv_2024.06.03.597178.txt		We applied single-cell multi-omic sequencing and antigen-specific mass cytometry to longitudinal BM and peripheral blood (PB) samples	True
FH1002_BM_TRNY1	zenodo:14872876:FH1002_BM_TRNY1	tissue_free_text	<map of column sample>	file	evidence/biorxiv_2024.06.03.597178.txt		Dysregulation of the bone marrow (BM) niche in multiple myeloma (MM)	True
FH1002_PB_Y2D90	zenodo:14872876:FH1002_PB_Y2D90	tissue_free_text	<map of column sample>	file	evidence/biorxiv_2024.06.03.597178.txt		Dysregulation of the bone marrow (BM) niche in multiple myeloma (MM)	True
FH1003_BM_EIND1	zenodo:14872876:FH1003_BM_EIND1	tissue_free_text	<map of column sample>	file	evidence/biorxiv_2024.06.03.597178.txt		Dysregulation of the bone marrow (BM) niche in multiple myeloma (MM)	True
FH1003_BM_PRETX	zenodo:14872876:FH1003_BM_PRETX	tissue_free_text	<map of column sample>	file	evidence/biorxiv_2024.06.03.597178.txt		Dysregulation of the bone marrow (BM) niche in multiple myeloma (MM)	True
FH1003_BM_TRN90	zenodo:14872876:FH1003_BM_TRN90	tissue_free_text	<map of column sample>	file	evidence/biorxiv_2024.06.03.597178.txt		Dysregulation of the bone marrow (BM) niche in multiple myeloma (MM)	True
FH1003_BM_TRNY1	zenodo:14872876:FH1003_BM_TRNY1	tissue_free_text	<map of column sample>	file	evidence/biorxiv_2024.06.03.597178.txt		Dysregulation of the bone marrow (BM) niche in multiple myeloma (MM)	True
FH1003_PB_EIND1	zenodo:14872876:FH1003_PB_EIND1	tissue_free_text	<map of column sample>	file	evidence/biorxiv_2024.06.03.597178.txt		Dysregulation of the bone marrow (BM) niche in multiple myeloma (MM)	True
FH1003_PB_EIND2	zenodo:14872876:FH1003_PB_EIND2	tissue_free_text	<map of column sample>	file	evidence/biorxiv_2024.06.03.597178.txt		Dysregulation of the bone marrow (BM) niche in multiple myeloma (MM)	True
FH1003_PB_INDC3	zenodo:14872876:FH1003_PB_INDC3	tissue_free_text	<map of column sample>	file	evidence/biorxiv_2024.06.03.597178.txt		Dysregulation of the bone marrow (BM) niche in multiple myeloma (MM)	True
FH1003_PB_PRETX	zenodo:14872876:FH1003_PB_PRETX	tissue_free_text	<map of column sample>	file	evidence/biorxiv_2024.06.03.597178.txt		Dysregulation of the bone marrow (BM) niche in multiple myeloma (MM)	True
FH1003_PB_TRN90	zenodo:14872876:FH1003_PB_TRN90	tissue_free_text	<map of column sample>	file	evidence/biorxiv_2024.06.03.597178.txt		Dysregulation of the bone marrow (BM) niche in multiple myeloma (MM)	True
FH1003_PB_TRNY1	zenodo:14872876:FH1003_PB_TRNY1	tissue_free_text	<map of column sample>	file	evidence/biorxiv_2024.06.03.597178.txt		Dysregulation of the bone marrow (BM) niche in multiple myeloma (MM)	True
FH1004_PB_EIND1	zenodo:14872876:FH1004_PB_EIND1	tissue_free_text	<map of column sample>	file	evidence/biorxiv_2024.06.03.597178.txt		Dysregulation of the bone marrow (BM) niche in multiple myeloma (MM)	True
FH1004_PB_EIND2	zenodo:14872876:FH1004_PB_EIND2	tissue_free_text	<map of column sample>	file	evidence/biorxiv_2024.06.03.597178.txt		Dysregulation of the bone marrow (BM) niche in multiple myeloma (MM)	True
FH1004_PB_INDC2	zenodo:14872876:FH1004_PB_INDC2	tissue_free_text	<map of column sample>	file	evidence/biorxiv_2024.06.03.597178.txt		Dysregulation of the bone marrow (BM) niche in multiple myeloma (MM)	True
FH1004_PB_INDC3	zenodo:14872876:FH1004_PB_INDC3	tissue_free_text	<map of column sample>	file	evidence/biorxiv_2024.06.03.597178.txt		Dysregulation of the bone marrow (BM) niche in multiple myeloma (MM)	True
FH1004_PB_PRETX	zenodo:14872876:FH1004_PB_PRETX	tissue_free_text	<map of column sample>	file	evidence/biorxiv_2024.06.03.597178.txt		Dysregulation of the bone marrow (BM) niche in multiple myeloma (MM)	True
FH1004_PB_TRN90	zenodo:14872876:FH1004_PB_TRN90	tissue_free_text	<map of column sample>	file	evidence/biorxiv_2024.06.03.597178.txt		Dysregulation of the bone marrow (BM) niche in multiple myeloma (MM)	True
FH1005_BM_EIND1	zenodo:14872876:FH1005_BM_EIND1	tissue_free_text	<map of column sample>	file	evidence/biorxiv_2024.06.03.597178.txt		Dysregulation of the bone marrow (BM) niche in multiple myeloma (MM)	True
FH1005_BM_PRETX	zenodo:14872876:FH1005_BM_PRETX	tissue_free_text	<map of column sample>	file	evidence/biorxiv_2024.06.03.597178.txt		Dysregulation of the bone marrow (BM) niche in multiple myeloma (MM)	True
FH1005_BM_TRN90	zenodo:14872876:FH1005_BM_TRN90	tissue_free_text	<map of column sample>	file	evidence/biorxiv_2024.06.03.597178.txt		Dysregulation of the bone marrow (BM) niche in multiple myeloma (MM)	True
FH1005_PB_EIND2	zenodo:14872876:FH1005_PB_EIND2	tissue_free_text	<map of column sample>	file	evidence/biorxiv_2024.06.03.597178.txt		Dysregulation of the bone marrow (BM) niche in multiple myeloma (MM)	True
FH1005_PB_INDC3	zenodo:14872876:FH1005_PB_INDC3	tissue_free_text	<map of column sample>	file	evidence/biorxiv_2024.06.03.597178.txt		Dysregulation of the bone marrow (BM) niche in multiple myeloma (MM)	True
FH1005_PB_PRETX	zenodo:14872876:FH1005_PB_PRETX	tissue_free_text	<map of column sample>	file	evidence/biorxiv_2024.06.03.597178.txt		Dysregulation of the bone marrow (BM) niche in multiple myeloma (MM)	True
FH1005_PB_PoCo15	zenodo:14872876:FH1005_PB_PoCo15	tissue_free_text	<map of column sample>	file	evidence/biorxiv_2024.06.03.597178.txt		Dysregulation of the bone marrow (BM) niche in multiple myeloma (MM)	True
FH1005_PB_TRN90	zenodo:14872876:FH1005_PB_TRN90	tissue_free_text	<map of column sample>	file	evidence/biorxiv_2024.06.03.597178.txt		Dysregulation of the bone marrow (BM) niche in multiple myeloma (MM)	True
FH1006_PB_EIND1	zenodo:14872876:FH1006_PB_EIND1	tissue_free_text	<map of column sample>	file	evidence/biorxiv_2024.06.03.597178.txt		Dysregulation of the bone marrow (BM) niche in multiple myeloma (MM)	True
FH1006_PB_EIND2	zenodo:14872876:FH1006_PB_EIND2	tissue_free_text	<map of column sample>	file	evidence/biorxiv_2024.06.03.597178.txt		Dysregulation of the bone marrow (BM) niche in multiple myeloma (MM)	True
FH1006_PB_INDC3	zenodo:14872876:FH1006_PB_INDC3	tissue_free_text	<map of column sample>	file	evidence/biorxiv_2024.06.03.597178.txt		Dysregulation of the bone marrow (BM) niche in multiple myeloma (MM)	True
FH1006_PB_PRETX	zenodo:14872876:FH1006_PB_PRETX	tissue_free_text	<map of column sample>	file	evidence/biorxiv_2024.06.03.597178.txt		Dysregulation of the bone marrow (BM) niche in multiple myeloma (MM)	True
FH1006_PB_TRN60	zenodo:14872876:FH1006_PB_TRN60	tissue_free_text	<map of column sample>	file	evidence/biorxiv_2024.06.03.597178.txt		Dysregulation of the bone marrow (BM) niche in multiple myeloma (MM)	True
FH1006_PB_TRN90	zenodo:14872876:FH1006_PB_TRN90	tissue_free_text	<map of column sample>	file	evidence/biorxiv_2024.06.03.597178.txt		Dysregulation of the bone marrow (BM) niche in multiple myeloma (MM)	True
FH1006_PB_TRNY1	zenodo:14872876:FH1006_PB_TRNY1	tissue_free_text	<map of column sample>	file	evidence/biorxiv_2024.06.03.597178.txt		Dysregulation of the bone marrow (BM) niche in multiple myeloma (MM)	True
FH1007_BM_PRETX	zenodo:14872876:FH1007_BM_PRETX	tissue_free_text	<map of column sample>	file	evidence/biorxiv_2024.06.03.597178.txt		Dysregulation of the bone marrow (BM) niche in multiple myeloma (MM)	True
FH1007_BM_TRN90	zenodo:14872876:FH1007_BM_TRN90	tissue_free_text	<map of column sample>	file	evidence/biorxiv_2024.06.03.597178.txt		Dysregulation of the bone marrow (BM) niche in multiple myeloma (MM)	True
FH1007_BM_TRNY1	zenodo:14872876:FH1007_BM_TRNY1	tissue_free_text	<map of column sample>	file	evidence/biorxiv_2024.06.03.597178.txt		Dysregulation of the bone marrow (BM) niche in multiple myeloma (MM)	True
FH1007_PB_EIND1	zenodo:14872876:FH1007_PB_EIND1	tissue_free_text	<map of column sample>	file	evidence/biorxiv_2024.06.03.597178.txt		Dysregulation of the bone marrow (BM) niche in multiple myeloma (MM)	True
FH1007_PB_EIND2	zenodo:14872876:FH1007_PB_EIND2	tissue_free_text	<map of column sample>	file	evidence/biorxiv_2024.06.03.597178.txt		Dysregulation of the bone marrow (BM) niche in multiple myeloma (MM)	True
FH1007_PB_PRETX	zenodo:14872876:FH1007_PB_PRETX	tissue_free_text	<map of column sample>	file	evidence/biorxiv_2024.06.03.597178.txt		Dysregulation of the bone marrow (BM) niche in multiple myeloma (MM)	True
FH1007_PB_TRN90	zenodo:14872876:FH1007_PB_TRN90	tissue_free_text	<map of column sample>	file	evidence/biorxiv_2024.06.03.597178.txt		Dysregulation of the bone marrow (BM) niche in multiple myeloma (MM)	True
FH1007_PB_Y1D90	zenodo:14872876:FH1007_PB_Y1D90	tissue_free_text	<map of column sample>	file	evidence/biorxiv_2024.06.03.597178.txt		Dysregulation of the bone marrow (BM) niche in multiple myeloma (MM)	True
FH1008_BM_EIND1	zenodo:14872876:FH1008_BM_EIND1	tissue_free_text	<map of column sample>	file	evidence/biorxiv_2024.06.03.597178.txt		Dysregulation of the bone marrow (BM) niche in multiple myeloma (MM)	True
FH1008_BM_PRETX	zenodo:14872876:FH1008_BM_PRETX	tissue_free_text	<map of column sample>	file	evidence/biorxiv_2024.06.03.597178.txt		Dysregulation of the bone marrow (BM) niche in multiple myeloma (MM)	True
FH1008_BM_TRN90	zenodo:14872876:FH1008_BM_TRN90	tissue_free_text	<map of column sample>	file	evidence/biorxiv_2024.06.03.597178.txt		Dysregulation of the bone marrow (BM) niche in multiple myeloma (MM)	True
FH1008_BM_TRNY1	zenodo:14872876:FH1008_BM_TRNY1	tissue_free_text	<map of column sample>	file	evidence/biorxiv_2024.06.03.597178.txt		Dysregulation of the bone marrow (BM) niche in multiple myeloma (MM)	True
FH1008_PB_EIND1	zenodo:14872876:FH1008_PB_EIND1	tissue_free_text	<map of column sample>	file	evidence/biorxiv_2024.06.03.597178.txt		Dysregulation of the bone marrow (BM) niche in multiple myeloma (MM)	True
FH1008_PB_EIND2	zenodo:14872876:FH1008_PB_EIND2	tissue_free_text	<map of column sample>	file	evidence/biorxiv_2024.06.03.597178.txt		Dysregulation of the bone marrow (BM) niche in multiple myeloma (MM)	True
FH1008_PB_INDC3	zenodo:14872876:FH1008_PB_INDC3	tissue_free_text	<map of column sample>	file	evidence/biorxiv_2024.06.03.597178.txt		Dysregulation of the bone marrow (BM) niche in multiple myeloma (MM)	True
FH1008_PB_PRETX	zenodo:14872876:FH1008_PB_PRETX	tissue_free_text	<map of column sample>	file	evidence/biorxiv_2024.06.03.597178.txt		Dysregulation of the bone marrow (BM) niche in multiple myeloma (MM)	True
FH1008_PB_TRN90	zenodo:14872876:FH1008_PB_TRN90	tissue_free_text	<map of column sample>	file	evidence/biorxiv_2024.06.03.597178.txt		Dysregulation of the bone marrow (BM) niche in multiple myeloma (MM)	True
FH1008_PB_TRNY1	zenodo:14872876:FH1008_PB_TRNY1	tissue_free_text	<map of column sample>	file	evidence/biorxiv_2024.06.03.597178.txt		Dysregulation of the bone marrow (BM) niche in multiple myeloma (MM)	True
FH1009_BM_PRETX	zenodo:14872876:FH1009_BM_PRETX	tissue_free_text	<map of column sample>	file	evidence/biorxiv_2024.06.03.597178.txt		Dysregulation of the bone marrow (BM) niche in multiple myeloma (MM)	True
FH1009_BM_TRN90	zenodo:14872876:FH1009_BM_TRN90	tissue_free_text	<map of column sample>	file	evidence/biorxiv_2024.06.03.597178.txt		Dysregulation of the bone marrow (BM) niche in multiple myeloma (MM)	True
FH1009_PB_EIND2	zenodo:14872876:FH1009_PB_EIND2	tissue_free_text	<map of column sample>	file	evidence/biorxiv_2024.06.03.597178.txt		Dysregulation of the bone marrow (BM) niche in multiple myeloma (MM)	True
FH1009_PB_PRETX	zenodo:14872876:FH1009_PB_PRETX	tissue_free_text	<map of column sample>	file	evidence/biorxiv_2024.06.03.597178.txt		Dysregulation of the bone marrow (BM) niche in multiple myeloma (MM)	True
FH1009_PB_TRN90	zenodo:14872876:FH1009_PB_TRN90	tissue_free_text	<map of column sample>	file	evidence/biorxiv_2024.06.03.597178.txt		Dysregulation of the bone marrow (BM) niche in multiple myeloma (MM)	True
FH1011_BM_EIND1	zenodo:14872876:FH1011_BM_EIND1	tissue_free_text	<map of column sample>	file	evidence/biorxiv_2024.06.03.597178.txt		Dysregulation of the bone marrow (BM) niche in multiple myeloma (MM)	True
FH1011_BM_PRETX	zenodo:14872876:FH1011_BM_PRETX	tissue_free_text	<map of column sample>	file	evidence/biorxiv_2024.06.03.597178.txt		Dysregulation of the bone marrow (BM) niche in multiple myeloma (MM)	True
FH1011_BM_TRNY1	zenodo:14872876:FH1011_BM_TRNY1	tissue_free_text	<map of column sample>	file	evidence/biorxiv_2024.06.03.597178.txt		Dysregulation of the bone marrow (BM) niche in multiple myeloma (MM)	True
FH1011_PB_EIND2	zenodo:14872876:FH1011_PB_EIND2	tissue_free_text	<map of column sample>	file	evidence/biorxiv_2024.06.03.597178.txt		Dysregulation of the bone marrow (BM) niche in multiple myeloma (MM)	True
FH1011_PB_INDC3	zenodo:14872876:FH1011_PB_INDC3	tissue_free_text	<map of column sample>	file	evidence/biorxiv_2024.06.03.597178.txt		Dysregulation of the bone marrow (BM) niche in multiple myeloma (MM)	True
FH1011_PB_PRETX	zenodo:14872876:FH1011_PB_PRETX	tissue_free_text	<map of column sample>	file	evidence/biorxiv_2024.06.03.597178.txt		Dysregulation of the bone marrow (BM) niche in multiple myeloma (MM)	True
FH1011_PB_TRN90	zenodo:14872876:FH1011_PB_TRN90	tissue_free_text	<map of column sample>	file	evidence/biorxiv_2024.06.03.597178.txt		Dysregulation of the bone marrow (BM) niche in multiple myeloma (MM)	True
FH1011_PB_TRNY1	zenodo:14872876:FH1011_PB_TRNY1	tissue_free_text	<map of column sample>	file	evidence/biorxiv_2024.06.03.597178.txt		Dysregulation of the bone marrow (BM) niche in multiple myeloma (MM)	True
FH1016_BM_EIND1	zenodo:14872876:FH1016_BM_EIND1	tissue_free_text	<map of column sample>	file	evidence/biorxiv_2024.06.03.597178.txt		Dysregulation of the bone marrow (BM) niche in multiple myeloma (MM)	True
FH1016_BM_PRETX	zenodo:14872876:FH1016_BM_PRETX	tissue_free_text	<map of column sample>	file	evidence/biorxiv_2024.06.03.597178.txt		Dysregulation of the bone marrow (BM) niche in multiple myeloma (MM)	True
FH1016_BM_TRN90	zenodo:14872876:FH1016_BM_TRN90	tissue_free_text	<map of column sample>	file	evidence/biorxiv_2024.06.03.597178.txt		Dysregulation of the bone marrow (BM) niche in multiple myeloma (MM)	True
FH1016_BM_TRNY1	zenodo:14872876:FH1016_BM_TRNY1	tissue_free_text	<map of column sample>	file	evidence/biorxiv_2024.06.03.597178.txt		Dysregulation of the bone marrow (BM) niche in multiple myeloma (MM)	True
FH1016_PB_EIND2	zenodo:14872876:FH1016_PB_EIND2	tissue_free_text	<map of column sample>	file	evidence/biorxiv_2024.06.03.597178.txt		Dysregulation of the bone marrow (BM) niche in multiple myeloma (MM)	True
FH1016_PB_PRETX	zenodo:14872876:FH1016_PB_PRETX	tissue_free_text	<map of column sample>	file	evidence/biorxiv_2024.06.03.597178.txt		Dysregulation of the bone marrow (BM) niche in multiple myeloma (MM)	True
FH1016_PB_TRN90	zenodo:14872876:FH1016_PB_TRN90	tissue_free_text	<map of column sample>	file	evidence/biorxiv_2024.06.03.597178.txt		Dysregulation of the bone marrow (BM) niche in multiple myeloma (MM)	True
FH1016_PB_TRNY1	zenodo:14872876:FH1016_PB_TRNY1	tissue_free_text	<map of column sample>	file	evidence/biorxiv_2024.06.03.597178.txt		Dysregulation of the bone marrow (BM) niche in multiple myeloma (MM)	True
FH1022_BM_EIND1	zenodo:14872876:FH1022_BM_EIND1	tissue_free_text	<map of column sample>	file	evidence/biorxiv_2024.06.03.597178.txt		Dysregulation of the bone marrow (BM) niche in multiple myeloma (MM)	True
FH1022_BM_PRETX	zenodo:14872876:FH1022_BM_PRETX	tissue_free_text	<map of column sample>	file	evidence/biorxiv_2024.06.03.597178.txt		Dysregulation of the bone marrow (BM) niche in multiple myeloma (MM)	True
FH1022_BM_TRN90	zenodo:14872876:FH1022_BM_TRN90	tissue_free_text	<map of column sample>	file	evidence/biorxiv_2024.06.03.597178.txt		Dysregulation of the bone marrow (BM) niche in multiple myeloma (MM)	True
FH1022_BM_TRNY1	zenodo:14872876:FH1022_BM_TRNY1	tissue_free_text	<map of column sample>	file	evidence/biorxiv_2024.06.03.597178.txt		Dysregulation of the bone marrow (BM) niche in multiple myeloma (MM)	True
FH1022_PB_EIND1	zenodo:14872876:FH1022_PB_EIND1	tissue_free_text	<map of column sample>	file	evidence/biorxiv_2024.06.03.597178.txt		Dysregulation of the bone marrow (BM) niche in multiple myeloma (MM)	True
FH1022_PB_PRETX	zenodo:14872876:FH1022_PB_PRETX	tissue_free_text	<map of column sample>	file	evidence/biorxiv_2024.06.03.597178.txt		Dysregulation of the bone marrow (BM) niche in multiple myeloma (MM)	True
FH1022_PB_TRN90	zenodo:14872876:FH1022_PB_TRN90	tissue_free_text	<map of column sample>	file	evidence/biorxiv_2024.06.03.597178.txt		Dysregulation of the bone marrow (BM) niche in multiple myeloma (MM)	True
HC_BM_1	zenodo:14872876:HC_BM_1	tissue_free_text	<map of column sample>	file	evidence/biorxiv_2024.06.03.597178.txt		Dysregulation of the bone marrow (BM) niche in multiple myeloma (MM)	True
HC_BM_2	zenodo:14872876:HC_BM_2	tissue_free_text	<map of column sample>	file	evidence/biorxiv_2024.06.03.597178.txt		Dysregulation of the bone marrow (BM) niche in multiple myeloma (MM)	True
HC_BM_3	zenodo:14872876:HC_BM_3	tissue_free_text	<map of column sample>	file	evidence/biorxiv_2024.06.03.597178.txt		Dysregulation of the bone marrow (BM) niche in multiple myeloma (MM)	True
HC_BM_4	zenodo:14872876:HC_BM_4	tissue_free_text	<map of column sample>	file	evidence/biorxiv_2024.06.03.597178.txt		Dysregulation of the bone marrow (BM) niche in multiple myeloma (MM)	True
HC_BM_5	zenodo:14872876:HC_BM_5	tissue_free_text	<map of column sample>	file	evidence/biorxiv_2024.06.03.597178.txt		Dysregulation of the bone marrow (BM) niche in multiple myeloma (MM)	True
HC_BM_6	zenodo:14872876:HC_BM_6	tissue_free_text	<map of column sample>	file	evidence/biorxiv_2024.06.03.597178.txt		Dysregulation of the bone marrow (BM) niche in multiple myeloma (MM)	True
HC_BM_7	zenodo:14872876:HC_BM_7	tissue_free_text	<map of column sample>	file	evidence/biorxiv_2024.06.03.597178.txt		Dysregulation of the bone marrow (BM) niche in multiple myeloma (MM)	True
HC_BM_8	zenodo:14872876:HC_BM_8	tissue_free_text	<map of column sample>	file	evidence/biorxiv_2024.06.03.597178.txt		Dysregulation of the bone marrow (BM) niche in multiple myeloma (MM)	True
HC_PB_1	zenodo:14872876:HC_PB_1	tissue_free_text	<map of column sample>	file	evidence/biorxiv_2024.06.03.597178.txt		Dysregulation of the bone marrow (BM) niche in multiple myeloma (MM)	True
HC_PB_2	zenodo:14872876:HC_PB_2	tissue_free_text	<map of column sample>	file	evidence/biorxiv_2024.06.03.597178.txt		Dysregulation of the bone marrow (BM) niche in multiple myeloma (MM)	True
HC_PB_3	zenodo:14872876:HC_PB_3	tissue_free_text	<map of column sample>	file	evidence/biorxiv_2024.06.03.597178.txt		Dysregulation of the bone marrow (BM) niche in multiple myeloma (MM)	True
HC_PB_4	zenodo:14872876:HC_PB_4	tissue_free_text	<map of column sample>	file	evidence/biorxiv_2024.06.03.597178.txt		Dysregulation of the bone marrow (BM) niche in multiple myeloma (MM)	True
HC_PB_5	zenodo:14872876:HC_PB_5	tissue_free_text	<map of column sample>	file	evidence/biorxiv_2024.06.03.597178.txt		Dysregulation of the bone marrow (BM) niche in multiple myeloma (MM)	True
HC_PB_6	zenodo:14872876:HC_PB_6	tissue_free_text	<map of column sample>	file	evidence/biorxiv_2024.06.03.597178.txt		Dysregulation of the bone marrow (BM) niche in multiple myeloma (MM)	True
HC_PB_7	zenodo:14872876:HC_PB_7	tissue_free_text	<map of column sample>	file	evidence/biorxiv_2024.06.03.597178.txt		Dysregulation of the bone marrow (BM) niche in multiple myeloma (MM)	True
HC_PB_8	zenodo:14872876:HC_PB_8	tissue_free_text	<map of column sample>	file	evidence/biorxiv_2024.06.03.597178.txt		Dysregulation of the bone marrow (BM) niche in multiple myeloma (MM)	True
FH1002_BM_TRNY1	zenodo:14872876:FH1002_BM_TRNY1	tissue_ontology_term_id	<map of column sample>	file	evidence/biorxiv_2024.06.03.597178.txt		We applied single-cell multi-omic sequencing and antigen-specific mass cytometry to longitudinal BM and peripheral blood (PB) samples	True
FH1002_PB_Y2D90	zenodo:14872876:FH1002_PB_Y2D90	tissue_ontology_term_id	<map of column sample>	file	evidence/biorxiv_2024.06.03.597178.txt		We applied single-cell multi-omic sequencing and antigen-specific mass cytometry to longitudinal BM and peripheral blood (PB) samples	True
FH1003_BM_EIND1	zenodo:14872876:FH1003_BM_EIND1	tissue_ontology_term_id	<map of column sample>	file	evidence/biorxiv_2024.06.03.597178.txt		We applied single-cell multi-omic sequencing and antigen-specific mass cytometry to longitudinal BM and peripheral blood (PB) samples	True
FH1003_BM_PRETX	zenodo:14872876:FH1003_BM_PRETX	tissue_ontology_term_id	<map of column sample>	file	evidence/biorxiv_2024.06.03.597178.txt		We applied single-cell multi-omic sequencing and antigen-specific mass cytometry to longitudinal BM and peripheral blood (PB) samples	True
FH1003_BM_TRN90	zenodo:14872876:FH1003_BM_TRN90	tissue_ontology_term_id	<map of column sample>	file	evidence/biorxiv_2024.06.03.597178.txt		We applied single-cell multi-omic sequencing and antigen-specific mass cytometry to longitudinal BM and peripheral blood (PB) samples	True
FH1003_BM_TRNY1	zenodo:14872876:FH1003_BM_TRNY1	tissue_ontology_term_id	<map of column sample>	file	evidence/biorxiv_2024.06.03.597178.txt		We applied single-cell multi-omic sequencing and antigen-specific mass cytometry to longitudinal BM and peripheral blood (PB) samples	True
FH1003_PB_EIND1	zenodo:14872876:FH1003_PB_EIND1	tissue_ontology_term_id	<map of column sample>	file	evidence/biorxiv_2024.06.03.597178.txt		We applied single-cell multi-omic sequencing and antigen-specific mass cytometry to longitudinal BM and peripheral blood (PB) samples	True
FH1003_PB_EIND2	zenodo:14872876:FH1003_PB_EIND2	tissue_ontology_term_id	<map of column sample>	file	evidence/biorxiv_2024.06.03.597178.txt		We applied single-cell multi-omic sequencing and antigen-specific mass cytometry to longitudinal BM and peripheral blood (PB) samples	True
FH1003_PB_INDC3	zenodo:14872876:FH1003_PB_INDC3	tissue_ontology_term_id	<map of column sample>	file	evidence/biorxiv_2024.06.03.597178.txt		We applied single-cell multi-omic sequencing and antigen-specific mass cytometry to longitudinal BM and peripheral blood (PB) samples	True
FH1003_PB_PRETX	zenodo:14872876:FH1003_PB_PRETX	tissue_ontology_term_id	<map of column sample>	file	evidence/biorxiv_2024.06.03.597178.txt		We applied single-cell multi-omic sequencing and antigen-specific mass cytometry to longitudinal BM and peripheral blood (PB) samples	True
FH1003_PB_TRN90	zenodo:14872876:FH1003_PB_TRN90	tissue_ontology_term_id	<map of column sample>	file	evidence/biorxiv_2024.06.03.597178.txt		We applied single-cell multi-omic sequencing and antigen-specific mass cytometry to longitudinal BM and peripheral blood (PB) samples	True
FH1003_PB_TRNY1	zenodo:14872876:FH1003_PB_TRNY1	tissue_ontology_term_id	<map of column sample>	file	evidence/biorxiv_2024.06.03.597178.txt		We applied single-cell multi-omic sequencing and antigen-specific mass cytometry to longitudinal BM and peripheral blood (PB) samples	True
FH1004_PB_EIND1	zenodo:14872876:FH1004_PB_EIND1	tissue_ontology_term_id	<map of column sample>	file	evidence/biorxiv_2024.06.03.597178.txt		We applied single-cell multi-omic sequencing and antigen-specific mass cytometry to longitudinal BM and peripheral blood (PB) samples	True
FH1004_PB_EIND2	zenodo:14872876:FH1004_PB_EIND2	tissue_ontology_term_id	<map of column sample>	file	evidence/biorxiv_2024.06.03.597178.txt		We applied single-cell multi-omic sequencing and antigen-specific mass cytometry to longitudinal BM and peripheral blood (PB) samples	True
FH1004_PB_INDC2	zenodo:14872876:FH1004_PB_INDC2	tissue_ontology_term_id	<map of column sample>	file	evidence/biorxiv_2024.06.03.597178.txt		We applied single-cell multi-omic sequencing and antigen-specific mass cytometry to longitudinal BM and peripheral blood (PB) samples	True
FH1004_PB_INDC3	zenodo:14872876:FH1004_PB_INDC3	tissue_ontology_term_id	<map of column sample>	file	evidence/biorxiv_2024.06.03.597178.txt		We applied single-cell multi-omic sequencing and antigen-specific mass cytometry to longitudinal BM and peripheral blood (PB) samples	True
FH1004_PB_PRETX	zenodo:14872876:FH1004_PB_PRETX	tissue_ontology_term_id	<map of column sample>	file	evidence/biorxiv_2024.06.03.597178.txt		We applied single-cell multi-omic sequencing and antigen-specific mass cytometry to longitudinal BM and peripheral blood (PB) samples	True
FH1004_PB_TRN90	zenodo:14872876:FH1004_PB_TRN90	tissue_ontology_term_id	<map of column sample>	file	evidence/biorxiv_2024.06.03.597178.txt		We applied single-cell multi-omic sequencing and antigen-specific mass cytometry to longitudinal BM and peripheral blood (PB) samples	True
FH1005_BM_EIND1	zenodo:14872876:FH1005_BM_EIND1	tissue_ontology_term_id	<map of column sample>	file	evidence/biorxiv_2024.06.03.597178.txt		We applied single-cell multi-omic sequencing and antigen-specific mass cytometry to longitudinal BM and peripheral blood (PB) samples	True
FH1005_BM_PRETX	zenodo:14872876:FH1005_BM_PRETX	tissue_ontology_term_id	<map of column sample>	file	evidence/biorxiv_2024.06.03.597178.txt		We applied single-cell multi-omic sequencing and antigen-specific mass cytometry to longitudinal BM and peripheral blood (PB) samples	True
FH1005_BM_TRN90	zenodo:14872876:FH1005_BM_TRN90	tissue_ontology_term_id	<map of column sample>	file	evidence/biorxiv_2024.06.03.597178.txt		We applied single-cell multi-omic sequencing and antigen-specific mass cytometry to longitudinal BM and peripheral blood (PB) samples	True
FH1005_PB_EIND2	zenodo:14872876:FH1005_PB_EIND2	tissue_ontology_term_id	<map of column sample>	file	evidence/biorxiv_2024.06.03.597178.txt		We applied single-cell multi-omic sequencing and antigen-specific mass cytometry to longitudinal BM and peripheral blood (PB) samples	True
FH1005_PB_INDC3	zenodo:14872876:FH1005_PB_INDC3	tissue_ontology_term_id	<map of column sample>	file	evidence/biorxiv_2024.06.03.597178.txt		We applied single-cell multi-omic sequencing and antigen-specific mass cytometry to longitudinal BM and peripheral blood (PB) samples	True
FH1005_PB_PRETX	zenodo:14872876:FH1005_PB_PRETX	tissue_ontology_term_id	<map of column sample>	file	evidence/biorxiv_2024.06.03.597178.txt		We applied single-cell multi-omic sequencing and antigen-specific mass cytometry to longitudinal BM and peripheral blood (PB) samples	True
FH1005_PB_PoCo15	zenodo:14872876:FH1005_PB_PoCo15	tissue_ontology_term_id	<map of column sample>	file	evidence/biorxiv_2024.06.03.597178.txt		We applied single-cell multi-omic sequencing and antigen-specific mass cytometry to longitudinal BM and peripheral blood (PB) samples	True
FH1005_PB_TRN90	zenodo:14872876:FH1005_PB_TRN90	tissue_ontology_term_id	<map of column sample>	file	evidence/biorxiv_2024.06.03.597178.txt		We applied single-cell multi-omic sequencing and antigen-specific mass cytometry to longitudinal BM and peripheral blood (PB) samples	True
FH1006_PB_EIND1	zenodo:14872876:FH1006_PB_EIND1	tissue_ontology_term_id	<map of column sample>	file	evidence/biorxiv_2024.06.03.597178.txt		We applied single-cell multi-omic sequencing and antigen-specific mass cytometry to longitudinal BM and peripheral blood (PB) samples	True
FH1006_PB_EIND2	zenodo:14872876:FH1006_PB_EIND2	tissue_ontology_term_id	<map of column sample>	file	evidence/biorxiv_2024.06.03.597178.txt		We applied single-cell multi-omic sequencing and antigen-specific mass cytometry to longitudinal BM and peripheral blood (PB) samples	True
FH1006_PB_INDC3	zenodo:14872876:FH1006_PB_INDC3	tissue_ontology_term_id	<map of column sample>	file	evidence/biorxiv_2024.06.03.597178.txt		We applied single-cell multi-omic sequencing and antigen-specific mass cytometry to longitudinal BM and peripheral blood (PB) samples	True
FH1006_PB_PRETX	zenodo:14872876:FH1006_PB_PRETX	tissue_ontology_term_id	<map of column sample>	file	evidence/biorxiv_2024.06.03.597178.txt		We applied single-cell multi-omic sequencing and antigen-specific mass cytometry to longitudinal BM and peripheral blood (PB) samples	True
FH1006_PB_TRN60	zenodo:14872876:FH1006_PB_TRN60	tissue_ontology_term_id	<map of column sample>	file	evidence/biorxiv_2024.06.03.597178.txt		We applied single-cell multi-omic sequencing and antigen-specific mass cytometry to longitudinal BM and peripheral blood (PB) samples	True
FH1006_PB_TRN90	zenodo:14872876:FH1006_PB_TRN90	tissue_ontology_term_id	<map of column sample>	file	evidence/biorxiv_2024.06.03.597178.txt		We applied single-cell multi-omic sequencing and antigen-specific mass cytometry to longitudinal BM and peripheral blood (PB) samples	True
FH1006_PB_TRNY1	zenodo:14872876:FH1006_PB_TRNY1	tissue_ontology_term_id	<map of column sample>	file	evidence/biorxiv_2024.06.03.597178.txt		We applied single-cell multi-omic sequencing and antigen-specific mass cytometry to longitudinal BM and peripheral blood (PB) samples	True
FH1007_BM_PRETX	zenodo:14872876:FH1007_BM_PRETX	tissue_ontology_term_id	<map of column sample>	file	evidence/biorxiv_2024.06.03.597178.txt		We applied single-cell multi-omic sequencing and antigen-specific mass cytometry to longitudinal BM and peripheral blood (PB) samples	True
FH1007_BM_TRN90	zenodo:14872876:FH1007_BM_TRN90	tissue_ontology_term_id	<map of column sample>	file	evidence/biorxiv_2024.06.03.597178.txt		We applied single-cell multi-omic sequencing and antigen-specific mass cytometry to longitudinal BM and peripheral blood (PB) samples	True
FH1007_BM_TRNY1	zenodo:14872876:FH1007_BM_TRNY1	tissue_ontology_term_id	<map of column sample>	file	evidence/biorxiv_2024.06.03.597178.txt		We applied single-cell multi-omic sequencing and antigen-specific mass cytometry to longitudinal BM and peripheral blood (PB) samples	True
FH1007_PB_EIND1	zenodo:14872876:FH1007_PB_EIND1	tissue_ontology_term_id	<map of column sample>	file	evidence/biorxiv_2024.06.03.597178.txt		We applied single-cell multi-omic sequencing and antigen-specific mass cytometry to longitudinal BM and peripheral blood (PB) samples	True
FH1007_PB_EIND2	zenodo:14872876:FH1007_PB_EIND2	tissue_ontology_term_id	<map of column sample>	file	evidence/biorxiv_2024.06.03.597178.txt		We applied single-cell multi-omic sequencing and antigen-specific mass cytometry to longitudinal BM and peripheral blood (PB) samples	True
FH1007_PB_PRETX	zenodo:14872876:FH1007_PB_PRETX	tissue_ontology_term_id	<map of column sample>	file	evidence/biorxiv_2024.06.03.597178.txt		We applied single-cell multi-omic sequencing and antigen-specific mass cytometry to longitudinal BM and peripheral blood (PB) samples	True
FH1007_PB_TRN90	zenodo:14872876:FH1007_PB_TRN90	tissue_ontology_term_id	<map of column sample>	file	evidence/biorxiv_2024.06.03.597178.txt		We applied single-cell multi-omic sequencing and antigen-specific mass cytometry to longitudinal BM and peripheral blood (PB) samples	True
FH1007_PB_Y1D90	zenodo:14872876:FH1007_PB_Y1D90	tissue_ontology_term_id	<map of column sample>	file	evidence/biorxiv_2024.06.03.597178.txt		We applied single-cell multi-omic sequencing and antigen-specific mass cytometry to longitudinal BM and peripheral blood (PB) samples	True
FH1008_BM_EIND1	zenodo:14872876:FH1008_BM_EIND1	tissue_ontology_term_id	<map of column sample>	file	evidence/biorxiv_2024.06.03.597178.txt		We applied single-cell multi-omic sequencing and antigen-specific mass cytometry to longitudinal BM and peripheral blood (PB) samples	True
FH1008_BM_PRETX	zenodo:14872876:FH1008_BM_PRETX	tissue_ontology_term_id	<map of column sample>	file	evidence/biorxiv_2024.06.03.597178.txt		We applied single-cell multi-omic sequencing and antigen-specific mass cytometry to longitudinal BM and peripheral blood (PB) samples	True
FH1008_BM_TRN90	zenodo:14872876:FH1008_BM_TRN90	tissue_ontology_term_id	<map of column sample>	file	evidence/biorxiv_2024.06.03.597178.txt		We applied single-cell multi-omic sequencing and antigen-specific mass cytometry to longitudinal BM and peripheral blood (PB) samples	True
FH1008_BM_TRNY1	zenodo:14872876:FH1008_BM_TRNY1	tissue_ontology_term_id	<map of column sample>	file	evidence/biorxiv_2024.06.03.597178.txt		We applied single-cell multi-omic sequencing and antigen-specific mass cytometry to longitudinal BM and peripheral blood (PB) samples	True
FH1008_PB_EIND1	zenodo:14872876:FH1008_PB_EIND1	tissue_ontology_term_id	<map of column sample>	file	evidence/biorxiv_2024.06.03.597178.txt		We applied single-cell multi-omic sequencing and antigen-specific mass cytometry to longitudinal BM and peripheral blood (PB) samples	True
FH1008_PB_EIND2	zenodo:14872876:FH1008_PB_EIND2	tissue_ontology_term_id	<map of column sample>	file	evidence/biorxiv_2024.06.03.597178.txt		We applied single-cell multi-omic sequencing and antigen-specific mass cytometry to longitudinal BM and peripheral blood (PB) samples	True
FH1008_PB_INDC3	zenodo:14872876:FH1008_PB_INDC3	tissue_ontology_term_id	<map of column sample>	file	evidence/biorxiv_2024.06.03.597178.txt		We applied single-cell multi-omic sequencing and antigen-specific mass cytometry to longitudinal BM and peripheral blood (PB) samples	True
FH1008_PB_PRETX	zenodo:14872876:FH1008_PB_PRETX	tissue_ontology_term_id	<map of column sample>	file	evidence/biorxiv_2024.06.03.597178.txt		We applied single-cell multi-omic sequencing and antigen-specific mass cytometry to longitudinal BM and peripheral blood (PB) samples	True
FH1008_PB_TRN90	zenodo:14872876:FH1008_PB_TRN90	tissue_ontology_term_id	<map of column sample>	file	evidence/biorxiv_2024.06.03.597178.txt		We applied single-cell multi-omic sequencing and antigen-specific mass cytometry to longitudinal BM and peripheral blood (PB) samples	True
FH1008_PB_TRNY1	zenodo:14872876:FH1008_PB_TRNY1	tissue_ontology_term_id	<map of column sample>	file	evidence/biorxiv_2024.06.03.597178.txt		We applied single-cell multi-omic sequencing and antigen-specific mass cytometry to longitudinal BM and peripheral blood (PB) samples	True
FH1009_BM_PRETX	zenodo:14872876:FH1009_BM_PRETX	tissue_ontology_term_id	<map of column sample>	file	evidence/biorxiv_2024.06.03.597178.txt		We applied single-cell multi-omic sequencing and antigen-specific mass cytometry to longitudinal BM and peripheral blood (PB) samples	True
FH1009_BM_TRN90	zenodo:14872876:FH1009_BM_TRN90	tissue_ontology_term_id	<map of column sample>	file	evidence/biorxiv_2024.06.03.597178.txt		We applied single-cell multi-omic sequencing and antigen-specific mass cytometry to longitudinal BM and peripheral blood (PB) samples	True
FH1009_PB_EIND2	zenodo:14872876:FH1009_PB_EIND2	tissue_ontology_term_id	<map of column sample>	file	evidence/biorxiv_2024.06.03.597178.txt		We applied single-cell multi-omic sequencing and antigen-specific mass cytometry to longitudinal BM and peripheral blood (PB) samples	True
FH1009_PB_PRETX	zenodo:14872876:FH1009_PB_PRETX	tissue_ontology_term_id	<map of column sample>	file	evidence/biorxiv_2024.06.03.597178.txt		We applied single-cell multi-omic sequencing and antigen-specific mass cytometry to longitudinal BM and peripheral blood (PB) samples	True
FH1009_PB_TRN90	zenodo:14872876:FH1009_PB_TRN90	tissue_ontology_term_id	<map of column sample>	file	evidence/biorxiv_2024.06.03.597178.txt		We applied single-cell multi-omic sequencing and antigen-specific mass cytometry to longitudinal BM and peripheral blood (PB) samples	True
FH1011_BM_EIND1	zenodo:14872876:FH1011_BM_EIND1	tissue_ontology_term_id	<map of column sample>	file	evidence/biorxiv_2024.06.03.597178.txt		We applied single-cell multi-omic sequencing and antigen-specific mass cytometry to longitudinal BM and peripheral blood (PB) samples	True
FH1011_BM_PRETX	zenodo:14872876:FH1011_BM_PRETX	tissue_ontology_term_id	<map of column sample>	file	evidence/biorxiv_2024.06.03.597178.txt		We applied single-cell multi-omic sequencing and antigen-specific mass cytometry to longitudinal BM and peripheral blood (PB) samples	True
FH1011_BM_TRNY1	zenodo:14872876:FH1011_BM_TRNY1	tissue_ontology_term_id	<map of column sample>	file	evidence/biorxiv_2024.06.03.597178.txt		We applied single-cell multi-omic sequencing and antigen-specific mass cytometry to longitudinal BM and peripheral blood (PB) samples	True
FH1011_PB_EIND2	zenodo:14872876:FH1011_PB_EIND2	tissue_ontology_term_id	<map of column sample>	file	evidence/biorxiv_2024.06.03.597178.txt		We applied single-cell multi-omic sequencing and antigen-specific mass cytometry to longitudinal BM and peripheral blood (PB) samples	True
FH1011_PB_INDC3	zenodo:14872876:FH1011_PB_INDC3	tissue_ontology_term_id	<map of column sample>	file	evidence/biorxiv_2024.06.03.597178.txt		We applied single-cell multi-omic sequencing and antigen-specific mass cytometry to longitudinal BM and peripheral blood (PB) samples	True
FH1011_PB_PRETX	zenodo:14872876:FH1011_PB_PRETX	tissue_ontology_term_id	<map of column sample>	file	evidence/biorxiv_2024.06.03.597178.txt		We applied single-cell multi-omic sequencing and antigen-specific mass cytometry to longitudinal BM and peripheral blood (PB) samples	True
FH1011_PB_TRN90	zenodo:14872876:FH1011_PB_TRN90	tissue_ontology_term_id	<map of column sample>	file	evidence/biorxiv_2024.06.03.597178.txt		We applied single-cell multi-omic sequencing and antigen-specific mass cytometry to longitudinal BM and peripheral blood (PB) samples	True
FH1011_PB_TRNY1	zenodo:14872876:FH1011_PB_TRNY1	tissue_ontology_term_id	<map of column sample>	file	evidence/biorxiv_2024.06.03.597178.txt		We applied single-cell multi-omic sequencing and antigen-specific mass cytometry to longitudinal BM and peripheral blood (PB) samples	True
FH1016_BM_EIND1	zenodo:14872876:FH1016_BM_EIND1	tissue_ontology_term_id	<map of column sample>	file	evidence/biorxiv_2024.06.03.597178.txt		We applied single-cell multi-omic sequencing and antigen-specific mass cytometry to longitudinal BM and peripheral blood (PB) samples	True
FH1016_BM_PRETX	zenodo:14872876:FH1016_BM_PRETX	tissue_ontology_term_id	<map of column sample>	file	evidence/biorxiv_2024.06.03.597178.txt		We applied single-cell multi-omic sequencing and antigen-specific mass cytometry to longitudinal BM and peripheral blood (PB) samples	True
FH1016_BM_TRN90	zenodo:14872876:FH1016_BM_TRN90	tissue_ontology_term_id	<map of column sample>	file	evidence/biorxiv_2024.06.03.597178.txt		We applied single-cell multi-omic sequencing and antigen-specific mass cytometry to longitudinal BM and peripheral blood (PB) samples	True
FH1016_BM_TRNY1	zenodo:14872876:FH1016_BM_TRNY1	tissue_ontology_term_id	<map of column sample>	file	evidence/biorxiv_2024.06.03.597178.txt		We applied single-cell multi-omic sequencing and antigen-specific mass cytometry to longitudinal BM and peripheral blood (PB) samples	True
FH1016_PB_EIND2	zenodo:14872876:FH1016_PB_EIND2	tissue_ontology_term_id	<map of column sample>	file	evidence/biorxiv_2024.06.03.597178.txt		We applied single-cell multi-omic sequencing and antigen-specific mass cytometry to longitudinal BM and peripheral blood (PB) samples	True
FH1016_PB_PRETX	zenodo:14872876:FH1016_PB_PRETX	tissue_ontology_term_id	<map of column sample>	file	evidence/biorxiv_2024.06.03.597178.txt		We applied single-cell multi-omic sequencing and antigen-specific mass cytometry to longitudinal BM and peripheral blood (PB) samples	True
FH1016_PB_TRN90	zenodo:14872876:FH1016_PB_TRN90	tissue_ontology_term_id	<map of column sample>	file	evidence/biorxiv_2024.06.03.597178.txt		We applied single-cell multi-omic sequencing and antigen-specific mass cytometry to longitudinal BM and peripheral blood (PB) samples	True
FH1016_PB_TRNY1	zenodo:14872876:FH1016_PB_TRNY1	tissue_ontology_term_id	<map of column sample>	file	evidence/biorxiv_2024.06.03.597178.txt		We applied single-cell multi-omic sequencing and antigen-specific mass cytometry to longitudinal BM and peripheral blood (PB) samples	True
FH1022_BM_EIND1	zenodo:14872876:FH1022_BM_EIND1	tissue_ontology_term_id	<map of column sample>	file	evidence/biorxiv_2024.06.03.597178.txt		We applied single-cell multi-omic sequencing and antigen-specific mass cytometry to longitudinal BM and peripheral blood (PB) samples	True
FH1022_BM_PRETX	zenodo:14872876:FH1022_BM_PRETX	tissue_ontology_term_id	<map of column sample>	file	evidence/biorxiv_2024.06.03.597178.txt		We applied single-cell multi-omic sequencing and antigen-specific mass cytometry to longitudinal BM and peripheral blood (PB) samples	True
FH1022_BM_TRN90	zenodo:14872876:FH1022_BM_TRN90	tissue_ontology_term_id	<map of column sample>	file	evidence/biorxiv_2024.06.03.597178.txt		We applied single-cell multi-omic sequencing and antigen-specific mass cytometry to longitudinal BM and peripheral blood (PB) samples	True
FH1022_BM_TRNY1	zenodo:14872876:FH1022_BM_TRNY1	tissue_ontology_term_id	<map of column sample>	file	evidence/biorxiv_2024.06.03.597178.txt		We applied single-cell multi-omic sequencing and antigen-specific mass cytometry to longitudinal BM and peripheral blood (PB) samples	True
FH1022_PB_EIND1	zenodo:14872876:FH1022_PB_EIND1	tissue_ontology_term_id	<map of column sample>	file	evidence/biorxiv_2024.06.03.597178.txt		We applied single-cell multi-omic sequencing and antigen-specific mass cytometry to longitudinal BM and peripheral blood (PB) samples	True
FH1022_PB_PRETX	zenodo:14872876:FH1022_PB_PRETX	tissue_ontology_term_id	<map of column sample>	file	evidence/biorxiv_2024.06.03.597178.txt		We applied single-cell multi-omic sequencing and antigen-specific mass cytometry to longitudinal BM and peripheral blood (PB) samples	True
FH1022_PB_TRN90	zenodo:14872876:FH1022_PB_TRN90	tissue_ontology_term_id	<map of column sample>	file	evidence/biorxiv_2024.06.03.597178.txt		We applied single-cell multi-omic sequencing and antigen-specific mass cytometry to longitudinal BM and peripheral blood (PB) samples	True
HC_BM_1	zenodo:14872876:HC_BM_1	tissue_ontology_term_id	<map of column sample>	file	evidence/biorxiv_2024.06.03.597178.txt		We applied single-cell multi-omic sequencing and antigen-specific mass cytometry to longitudinal BM and peripheral blood (PB) samples	True
HC_BM_2	zenodo:14872876:HC_BM_2	tissue_ontology_term_id	<map of column sample>	file	evidence/biorxiv_2024.06.03.597178.txt		We applied single-cell multi-omic sequencing and antigen-specific mass cytometry to longitudinal BM and peripheral blood (PB) samples	True
HC_BM_3	zenodo:14872876:HC_BM_3	tissue_ontology_term_id	<map of column sample>	file	evidence/biorxiv_2024.06.03.597178.txt		We applied single-cell multi-omic sequencing and antigen-specific mass cytometry to longitudinal BM and peripheral blood (PB) samples	True
HC_BM_4	zenodo:14872876:HC_BM_4	tissue_ontology_term_id	<map of column sample>	file	evidence/biorxiv_2024.06.03.597178.txt		We applied single-cell multi-omic sequencing and antigen-specific mass cytometry to longitudinal BM and peripheral blood (PB) samples	True
HC_BM_5	zenodo:14872876:HC_BM_5	tissue_ontology_term_id	<map of column sample>	file	evidence/biorxiv_2024.06.03.597178.txt		We applied single-cell multi-omic sequencing and antigen-specific mass cytometry to longitudinal BM and peripheral blood (PB) samples	True
HC_BM_6	zenodo:14872876:HC_BM_6	tissue_ontology_term_id	<map of column sample>	file	evidence/biorxiv_2024.06.03.597178.txt		We applied single-cell multi-omic sequencing and antigen-specific mass cytometry to longitudinal BM and peripheral blood (PB) samples	True
HC_BM_7	zenodo:14872876:HC_BM_7	tissue_ontology_term_id	<map of column sample>	file	evidence/biorxiv_2024.06.03.597178.txt		We applied single-cell multi-omic sequencing and antigen-specific mass cytometry to longitudinal BM and peripheral blood (PB) samples	True
HC_BM_8	zenodo:14872876:HC_BM_8	tissue_ontology_term_id	<map of column sample>	file	evidence/biorxiv_2024.06.03.597178.txt		We applied single-cell multi-omic sequencing and antigen-specific mass cytometry to longitudinal BM and peripheral blood (PB) samples	True
HC_PB_1	zenodo:14872876:HC_PB_1	tissue_ontology_term_id	<map of column sample>	file	evidence/biorxiv_2024.06.03.597178.txt		We applied single-cell multi-omic sequencing and antigen-specific mass cytometry to longitudinal BM and peripheral blood (PB) samples	True
HC_PB_2	zenodo:14872876:HC_PB_2	tissue_ontology_term_id	<map of column sample>	file	evidence/biorxiv_2024.06.03.597178.txt		We applied single-cell multi-omic sequencing and antigen-specific mass cytometry to longitudinal BM and peripheral blood (PB) samples	True
HC_PB_3	zenodo:14872876:HC_PB_3	tissue_ontology_term_id	<map of column sample>	file	evidence/biorxiv_2024.06.03.597178.txt		We applied single-cell multi-omic sequencing and antigen-specific mass cytometry to longitudinal BM and peripheral blood (PB) samples	True
HC_PB_4	zenodo:14872876:HC_PB_4	tissue_ontology_term_id	<map of column sample>	file	evidence/biorxiv_2024.06.03.597178.txt		We applied single-cell multi-omic sequencing and antigen-specific mass cytometry to longitudinal BM and peripheral blood (PB) samples	True
HC_PB_5	zenodo:14872876:HC_PB_5	tissue_ontology_term_id	<map of column sample>	file	evidence/biorxiv_2024.06.03.597178.txt		We applied single-cell multi-omic sequencing and antigen-specific mass cytometry to longitudinal BM and peripheral blood (PB) samples	True
HC_PB_6	zenodo:14872876:HC_PB_6	tissue_ontology_term_id	<map of column sample>	file	evidence/biorxiv_2024.06.03.597178.txt		We applied single-cell multi-omic sequencing and antigen-specific mass cytometry to longitudinal BM and peripheral blood (PB) samples	True
HC_PB_7	zenodo:14872876:HC_PB_7	tissue_ontology_term_id	<map of column sample>	file	evidence/biorxiv_2024.06.03.597178.txt		We applied single-cell multi-omic sequencing and antigen-specific mass cytometry to longitudinal BM and peripheral blood (PB) samples	True
HC_PB_8	zenodo:14872876:HC_PB_8	tissue_ontology_term_id	<map of column sample>	file	evidence/biorxiv_2024.06.03.597178.txt		We applied single-cell multi-omic sequencing and antigen-specific mass cytometry to longitudinal BM and peripheral blood (PB) samples	True
FH1002_BM_TRNY1	zenodo:14872876:FH1002_BM_TRNY1	tissue_ontology_term_id	<map of column sample>	file	evidence/biorxiv_2024.06.03.597178.txt		Dysregulation of the bone marrow (BM) niche in multiple myeloma (MM)	True
FH1002_PB_Y2D90	zenodo:14872876:FH1002_PB_Y2D90	tissue_ontology_term_id	<map of column sample>	file	evidence/biorxiv_2024.06.03.597178.txt		Dysregulation of the bone marrow (BM) niche in multiple myeloma (MM)	True
FH1003_BM_EIND1	zenodo:14872876:FH1003_BM_EIND1	tissue_ontology_term_id	<map of column sample>	file	evidence/biorxiv_2024.06.03.597178.txt		Dysregulation of the bone marrow (BM) niche in multiple myeloma (MM)	True
FH1003_BM_PRETX	zenodo:14872876:FH1003_BM_PRETX	tissue_ontology_term_id	<map of column sample>	file	evidence/biorxiv_2024.06.03.597178.txt		Dysregulation of the bone marrow (BM) niche in multiple myeloma (MM)	True
FH1003_BM_TRN90	zenodo:14872876:FH1003_BM_TRN90	tissue_ontology_term_id	<map of column sample>	file	evidence/biorxiv_2024.06.03.597178.txt		Dysregulation of the bone marrow (BM) niche in multiple myeloma (MM)	True
FH1003_BM_TRNY1	zenodo:14872876:FH1003_BM_TRNY1	tissue_ontology_term_id	<map of column sample>	file	evidence/biorxiv_2024.06.03.597178.txt		Dysregulation of the bone marrow (BM) niche in multiple myeloma (MM)	True
FH1003_PB_EIND1	zenodo:14872876:FH1003_PB_EIND1	tissue_ontology_term_id	<map of column sample>	file	evidence/biorxiv_2024.06.03.597178.txt		Dysregulation of the bone marrow (BM) niche in multiple myeloma (MM)	True
FH1003_PB_EIND2	zenodo:14872876:FH1003_PB_EIND2	tissue_ontology_term_id	<map of column sample>	file	evidence/biorxiv_2024.06.03.597178.txt		Dysregulation of the bone marrow (BM) niche in multiple myeloma (MM)	True
FH1003_PB_INDC3	zenodo:14872876:FH1003_PB_INDC3	tissue_ontology_term_id	<map of column sample>	file	evidence/biorxiv_2024.06.03.597178.txt		Dysregulation of the bone marrow (BM) niche in multiple myeloma (MM)	True
FH1003_PB_PRETX	zenodo:14872876:FH1003_PB_PRETX	tissue_ontology_term_id	<map of column sample>	file	evidence/biorxiv_2024.06.03.597178.txt		Dysregulation of the bone marrow (BM) niche in multiple myeloma (MM)	True
FH1003_PB_TRN90	zenodo:14872876:FH1003_PB_TRN90	tissue_ontology_term_id	<map of column sample>	file	evidence/biorxiv_2024.06.03.597178.txt		Dysregulation of the bone marrow (BM) niche in multiple myeloma (MM)	True
FH1003_PB_TRNY1	zenodo:14872876:FH1003_PB_TRNY1	tissue_ontology_term_id	<map of column sample>	file	evidence/biorxiv_2024.06.03.597178.txt		Dysregulation of the bone marrow (BM) niche in multiple myeloma (MM)	True
FH1004_PB_EIND1	zenodo:14872876:FH1004_PB_EIND1	tissue_ontology_term_id	<map of column sample>	file	evidence/biorxiv_2024.06.03.597178.txt		Dysregulation of the bone marrow (BM) niche in multiple myeloma (MM)	True
FH1004_PB_EIND2	zenodo:14872876:FH1004_PB_EIND2	tissue_ontology_term_id	<map of column sample>	file	evidence/biorxiv_2024.06.03.597178.txt		Dysregulation of the bone marrow (BM) niche in multiple myeloma (MM)	True
FH1004_PB_INDC2	zenodo:14872876:FH1004_PB_INDC2	tissue_ontology_term_id	<map of column sample>	file	evidence/biorxiv_2024.06.03.597178.txt		Dysregulation of the bone marrow (BM) niche in multiple myeloma (MM)	True
FH1004_PB_INDC3	zenodo:14872876:FH1004_PB_INDC3	tissue_ontology_term_id	<map of column sample>	file	evidence/biorxiv_2024.06.03.597178.txt		Dysregulation of the bone marrow (BM) niche in multiple myeloma (MM)	True
FH1004_PB_PRETX	zenodo:14872876:FH1004_PB_PRETX	tissue_ontology_term_id	<map of column sample>	file	evidence/biorxiv_2024.06.03.597178.txt		Dysregulation of the bone marrow (BM) niche in multiple myeloma (MM)	True
FH1004_PB_TRN90	zenodo:14872876:FH1004_PB_TRN90	tissue_ontology_term_id	<map of column sample>	file	evidence/biorxiv_2024.06.03.597178.txt		Dysregulation of the bone marrow (BM) niche in multiple myeloma (MM)	True
FH1005_BM_EIND1	zenodo:14872876:FH1005_BM_EIND1	tissue_ontology_term_id	<map of column sample>	file	evidence/biorxiv_2024.06.03.597178.txt		Dysregulation of the bone marrow (BM) niche in multiple myeloma (MM)	True
FH1005_BM_PRETX	zenodo:14872876:FH1005_BM_PRETX	tissue_ontology_term_id	<map of column sample>	file	evidence/biorxiv_2024.06.03.597178.txt		Dysregulation of the bone marrow (BM) niche in multiple myeloma (MM)	True
FH1005_BM_TRN90	zenodo:14872876:FH1005_BM_TRN90	tissue_ontology_term_id	<map of column sample>	file	evidence/biorxiv_2024.06.03.597178.txt		Dysregulation of the bone marrow (BM) niche in multiple myeloma (MM)	True
FH1005_PB_EIND2	zenodo:14872876:FH1005_PB_EIND2	tissue_ontology_term_id	<map of column sample>	file	evidence/biorxiv_2024.06.03.597178.txt		Dysregulation of the bone marrow (BM) niche in multiple myeloma (MM)	True
FH1005_PB_INDC3	zenodo:14872876:FH1005_PB_INDC3	tissue_ontology_term_id	<map of column sample>	file	evidence/biorxiv_2024.06.03.597178.txt		Dysregulation of the bone marrow (BM) niche in multiple myeloma (MM)	True
FH1005_PB_PRETX	zenodo:14872876:FH1005_PB_PRETX	tissue_ontology_term_id	<map of column sample>	file	evidence/biorxiv_2024.06.03.597178.txt		Dysregulation of the bone marrow (BM) niche in multiple myeloma (MM)	True
FH1005_PB_PoCo15	zenodo:14872876:FH1005_PB_PoCo15	tissue_ontology_term_id	<map of column sample>	file	evidence/biorxiv_2024.06.03.597178.txt		Dysregulation of the bone marrow (BM) niche in multiple myeloma (MM)	True
FH1005_PB_TRN90	zenodo:14872876:FH1005_PB_TRN90	tissue_ontology_term_id	<map of column sample>	file	evidence/biorxiv_2024.06.03.597178.txt		Dysregulation of the bone marrow (BM) niche in multiple myeloma (MM)	True
FH1006_PB_EIND1	zenodo:14872876:FH1006_PB_EIND1	tissue_ontology_term_id	<map of column sample>	file	evidence/biorxiv_2024.06.03.597178.txt		Dysregulation of the bone marrow (BM) niche in multiple myeloma (MM)	True
FH1006_PB_EIND2	zenodo:14872876:FH1006_PB_EIND2	tissue_ontology_term_id	<map of column sample>	file	evidence/biorxiv_2024.06.03.597178.txt		Dysregulation of the bone marrow (BM) niche in multiple myeloma (MM)	True
FH1006_PB_INDC3	zenodo:14872876:FH1006_PB_INDC3	tissue_ontology_term_id	<map of column sample>	file	evidence/biorxiv_2024.06.03.597178.txt		Dysregulation of the bone marrow (BM) niche in multiple myeloma (MM)	True
FH1006_PB_PRETX	zenodo:14872876:FH1006_PB_PRETX	tissue_ontology_term_id	<map of column sample>	file	evidence/biorxiv_2024.06.03.597178.txt		Dysregulation of the bone marrow (BM) niche in multiple myeloma (MM)	True
FH1006_PB_TRN60	zenodo:14872876:FH1006_PB_TRN60	tissue_ontology_term_id	<map of column sample>	file	evidence/biorxiv_2024.06.03.597178.txt		Dysregulation of the bone marrow (BM) niche in multiple myeloma (MM)	True
FH1006_PB_TRN90	zenodo:14872876:FH1006_PB_TRN90	tissue_ontology_term_id	<map of column sample>	file	evidence/biorxiv_2024.06.03.597178.txt		Dysregulation of the bone marrow (BM) niche in multiple myeloma (MM)	True
FH1006_PB_TRNY1	zenodo:14872876:FH1006_PB_TRNY1	tissue_ontology_term_id	<map of column sample>	file	evidence/biorxiv_2024.06.03.597178.txt		Dysregulation of the bone marrow (BM) niche in multiple myeloma (MM)	True
FH1007_BM_PRETX	zenodo:14872876:FH1007_BM_PRETX	tissue_ontology_term_id	<map of column sample>	file	evidence/biorxiv_2024.06.03.597178.txt		Dysregulation of the bone marrow (BM) niche in multiple myeloma (MM)	True
FH1007_BM_TRN90	zenodo:14872876:FH1007_BM_TRN90	tissue_ontology_term_id	<map of column sample>	file	evidence/biorxiv_2024.06.03.597178.txt		Dysregulation of the bone marrow (BM) niche in multiple myeloma (MM)	True
FH1007_BM_TRNY1	zenodo:14872876:FH1007_BM_TRNY1	tissue_ontology_term_id	<map of column sample>	file	evidence/biorxiv_2024.06.03.597178.txt		Dysregulation of the bone marrow (BM) niche in multiple myeloma (MM)	True
FH1007_PB_EIND1	zenodo:14872876:FH1007_PB_EIND1	tissue_ontology_term_id	<map of column sample>	file	evidence/biorxiv_2024.06.03.597178.txt		Dysregulation of the bone marrow (BM) niche in multiple myeloma (MM)	True
FH1007_PB_EIND2	zenodo:14872876:FH1007_PB_EIND2	tissue_ontology_term_id	<map of column sample>	file	evidence/biorxiv_2024.06.03.597178.txt		Dysregulation of the bone marrow (BM) niche in multiple myeloma (MM)	True
FH1007_PB_PRETX	zenodo:14872876:FH1007_PB_PRETX	tissue_ontology_term_id	<map of column sample>	file	evidence/biorxiv_2024.06.03.597178.txt		Dysregulation of the bone marrow (BM) niche in multiple myeloma (MM)	True
FH1007_PB_TRN90	zenodo:14872876:FH1007_PB_TRN90	tissue_ontology_term_id	<map of column sample>	file	evidence/biorxiv_2024.06.03.597178.txt		Dysregulation of the bone marrow (BM) niche in multiple myeloma (MM)	True
FH1007_PB_Y1D90	zenodo:14872876:FH1007_PB_Y1D90	tissue_ontology_term_id	<map of column sample>	file	evidence/biorxiv_2024.06.03.597178.txt		Dysregulation of the bone marrow (BM) niche in multiple myeloma (MM)	True
FH1008_BM_EIND1	zenodo:14872876:FH1008_BM_EIND1	tissue_ontology_term_id	<map of column sample>	file	evidence/biorxiv_2024.06.03.597178.txt		Dysregulation of the bone marrow (BM) niche in multiple myeloma (MM)	True
FH1008_BM_PRETX	zenodo:14872876:FH1008_BM_PRETX	tissue_ontology_term_id	<map of column sample>	file	evidence/biorxiv_2024.06.03.597178.txt		Dysregulation of the bone marrow (BM) niche in multiple myeloma (MM)	True
FH1008_BM_TRN90	zenodo:14872876:FH1008_BM_TRN90	tissue_ontology_term_id	<map of column sample>	file	evidence/biorxiv_2024.06.03.597178.txt		Dysregulation of the bone marrow (BM) niche in multiple myeloma (MM)	True
FH1008_BM_TRNY1	zenodo:14872876:FH1008_BM_TRNY1	tissue_ontology_term_id	<map of column sample>	file	evidence/biorxiv_2024.06.03.597178.txt		Dysregulation of the bone marrow (BM) niche in multiple myeloma (MM)	True
FH1008_PB_EIND1	zenodo:14872876:FH1008_PB_EIND1	tissue_ontology_term_id	<map of column sample>	file	evidence/biorxiv_2024.06.03.597178.txt		Dysregulation of the bone marrow (BM) niche in multiple myeloma (MM)	True
FH1008_PB_EIND2	zenodo:14872876:FH1008_PB_EIND2	tissue_ontology_term_id	<map of column sample>	file	evidence/biorxiv_2024.06.03.597178.txt		Dysregulation of the bone marrow (BM) niche in multiple myeloma (MM)	True
FH1008_PB_INDC3	zenodo:14872876:FH1008_PB_INDC3	tissue_ontology_term_id	<map of column sample>	file	evidence/biorxiv_2024.06.03.597178.txt		Dysregulation of the bone marrow (BM) niche in multiple myeloma (MM)	True
FH1008_PB_PRETX	zenodo:14872876:FH1008_PB_PRETX	tissue_ontology_term_id	<map of column sample>	file	evidence/biorxiv_2024.06.03.597178.txt		Dysregulation of the bone marrow (BM) niche in multiple myeloma (MM)	True
FH1008_PB_TRN90	zenodo:14872876:FH1008_PB_TRN90	tissue_ontology_term_id	<map of column sample>	file	evidence/biorxiv_2024.06.03.597178.txt		Dysregulation of the bone marrow (BM) niche in multiple myeloma (MM)	True
FH1008_PB_TRNY1	zenodo:14872876:FH1008_PB_TRNY1	tissue_ontology_term_id	<map of column sample>	file	evidence/biorxiv_2024.06.03.597178.txt		Dysregulation of the bone marrow (BM) niche in multiple myeloma (MM)	True
FH1009_BM_PRETX	zenodo:14872876:FH1009_BM_PRETX	tissue_ontology_term_id	<map of column sample>	file	evidence/biorxiv_2024.06.03.597178.txt		Dysregulation of the bone marrow (BM) niche in multiple myeloma (MM)	True
FH1009_BM_TRN90	zenodo:14872876:FH1009_BM_TRN90	tissue_ontology_term_id	<map of column sample>	file	evidence/biorxiv_2024.06.03.597178.txt		Dysregulation of the bone marrow (BM) niche in multiple myeloma (MM)	True
FH1009_PB_EIND2	zenodo:14872876:FH1009_PB_EIND2	tissue_ontology_term_id	<map of column sample>	file	evidence/biorxiv_2024.06.03.597178.txt		Dysregulation of the bone marrow (BM) niche in multiple myeloma (MM)	True
FH1009_PB_PRETX	zenodo:14872876:FH1009_PB_PRETX	tissue_ontology_term_id	<map of column sample>	file	evidence/biorxiv_2024.06.03.597178.txt		Dysregulation of the bone marrow (BM) niche in multiple myeloma (MM)	True
FH1009_PB_TRN90	zenodo:14872876:FH1009_PB_TRN90	tissue_ontology_term_id	<map of column sample>	file	evidence/biorxiv_2024.06.03.597178.txt		Dysregulation of the bone marrow (BM) niche in multiple myeloma (MM)	True
FH1011_BM_EIND1	zenodo:14872876:FH1011_BM_EIND1	tissue_ontology_term_id	<map of column sample>	file	evidence/biorxiv_2024.06.03.597178.txt		Dysregulation of the bone marrow (BM) niche in multiple myeloma (MM)	True
FH1011_BM_PRETX	zenodo:14872876:FH1011_BM_PRETX	tissue_ontology_term_id	<map of column sample>	file	evidence/biorxiv_2024.06.03.597178.txt		Dysregulation of the bone marrow (BM) niche in multiple myeloma (MM)	True
FH1011_BM_TRNY1	zenodo:14872876:FH1011_BM_TRNY1	tissue_ontology_term_id	<map of column sample>	file	evidence/biorxiv_2024.06.03.597178.txt		Dysregulation of the bone marrow (BM) niche in multiple myeloma (MM)	True
FH1011_PB_EIND2	zenodo:14872876:FH1011_PB_EIND2	tissue_ontology_term_id	<map of column sample>	file	evidence/biorxiv_2024.06.03.597178.txt		Dysregulation of the bone marrow (BM) niche in multiple myeloma (MM)	True
FH1011_PB_INDC3	zenodo:14872876:FH1011_PB_INDC3	tissue_ontology_term_id	<map of column sample>	file	evidence/biorxiv_2024.06.03.597178.txt		Dysregulation of the bone marrow (BM) niche in multiple myeloma (MM)	True
FH1011_PB_PRETX	zenodo:14872876:FH1011_PB_PRETX	tissue_ontology_term_id	<map of column sample>	file	evidence/biorxiv_2024.06.03.597178.txt		Dysregulation of the bone marrow (BM) niche in multiple myeloma (MM)	True
FH1011_PB_TRN90	zenodo:14872876:FH1011_PB_TRN90	tissue_ontology_term_id	<map of column sample>	file	evidence/biorxiv_2024.06.03.597178.txt		Dysregulation of the bone marrow (BM) niche in multiple myeloma (MM)	True
FH1011_PB_TRNY1	zenodo:14872876:FH1011_PB_TRNY1	tissue_ontology_term_id	<map of column sample>	file	evidence/biorxiv_2024.06.03.597178.txt		Dysregulation of the bone marrow (BM) niche in multiple myeloma (MM)	True
FH1016_BM_EIND1	zenodo:14872876:FH1016_BM_EIND1	tissue_ontology_term_id	<map of column sample>	file	evidence/biorxiv_2024.06.03.597178.txt		Dysregulation of the bone marrow (BM) niche in multiple myeloma (MM)	True
FH1016_BM_PRETX	zenodo:14872876:FH1016_BM_PRETX	tissue_ontology_term_id	<map of column sample>	file	evidence/biorxiv_2024.06.03.597178.txt		Dysregulation of the bone marrow (BM) niche in multiple myeloma (MM)	True
FH1016_BM_TRN90	zenodo:14872876:FH1016_BM_TRN90	tissue_ontology_term_id	<map of column sample>	file	evidence/biorxiv_2024.06.03.597178.txt		Dysregulation of the bone marrow (BM) niche in multiple myeloma (MM)	True
FH1016_BM_TRNY1	zenodo:14872876:FH1016_BM_TRNY1	tissue_ontology_term_id	<map of column sample>	file	evidence/biorxiv_2024.06.03.597178.txt		Dysregulation of the bone marrow (BM) niche in multiple myeloma (MM)	True
FH1016_PB_EIND2	zenodo:14872876:FH1016_PB_EIND2	tissue_ontology_term_id	<map of column sample>	file	evidence/biorxiv_2024.06.03.597178.txt		Dysregulation of the bone marrow (BM) niche in multiple myeloma (MM)	True
FH1016_PB_PRETX	zenodo:14872876:FH1016_PB_PRETX	tissue_ontology_term_id	<map of column sample>	file	evidence/biorxiv_2024.06.03.597178.txt		Dysregulation of the bone marrow (BM) niche in multiple myeloma (MM)	True
FH1016_PB_TRN90	zenodo:14872876:FH1016_PB_TRN90	tissue_ontology_term_id	<map of column sample>	file	evidence/biorxiv_2024.06.03.597178.txt		Dysregulation of the bone marrow (BM) niche in multiple myeloma (MM)	True
FH1016_PB_TRNY1	zenodo:14872876:FH1016_PB_TRNY1	tissue_ontology_term_id	<map of column sample>	file	evidence/biorxiv_2024.06.03.597178.txt		Dysregulation of the bone marrow (BM) niche in multiple myeloma (MM)	True
FH1022_BM_EIND1	zenodo:14872876:FH1022_BM_EIND1	tissue_ontology_term_id	<map of column sample>	file	evidence/biorxiv_2024.06.03.597178.txt		Dysregulation of the bone marrow (BM) niche in multiple myeloma (MM)	True
FH1022_BM_PRETX	zenodo:14872876:FH1022_BM_PRETX	tissue_ontology_term_id	<map of column sample>	file	evidence/biorxiv_2024.06.03.597178.txt		Dysregulation of the bone marrow (BM) niche in multiple myeloma (MM)	True
FH1022_BM_TRN90	zenodo:14872876:FH1022_BM_TRN90	tissue_ontology_term_id	<map of column sample>	file	evidence/biorxiv_2024.06.03.597178.txt		Dysregulation of the bone marrow (BM) niche in multiple myeloma (MM)	True
FH1022_BM_TRNY1	zenodo:14872876:FH1022_BM_TRNY1	tissue_ontology_term_id	<map of column sample>	file	evidence/biorxiv_2024.06.03.597178.txt		Dysregulation of the bone marrow (BM) niche in multiple myeloma (MM)	True
FH1022_PB_EIND1	zenodo:14872876:FH1022_PB_EIND1	tissue_ontology_term_id	<map of column sample>	file	evidence/biorxiv_2024.06.03.597178.txt		Dysregulation of the bone marrow (BM) niche in multiple myeloma (MM)	True
FH1022_PB_PRETX	zenodo:14872876:FH1022_PB_PRETX	tissue_ontology_term_id	<map of column sample>	file	evidence/biorxiv_2024.06.03.597178.txt		Dysregulation of the bone marrow (BM) niche in multiple myeloma (MM)	True
FH1022_PB_TRN90	zenodo:14872876:FH1022_PB_TRN90	tissue_ontology_term_id	<map of column sample>	file	evidence/biorxiv_2024.06.03.597178.txt		Dysregulation of the bone marrow (BM) niche in multiple myeloma (MM)	True
HC_BM_1	zenodo:14872876:HC_BM_1	tissue_ontology_term_id	<map of column sample>	file	evidence/biorxiv_2024.06.03.597178.txt		Dysregulation of the bone marrow (BM) niche in multiple myeloma (MM)	True
HC_BM_2	zenodo:14872876:HC_BM_2	tissue_ontology_term_id	<map of column sample>	file	evidence/biorxiv_2024.06.03.597178.txt		Dysregulation of the bone marrow (BM) niche in multiple myeloma (MM)	True
HC_BM_3	zenodo:14872876:HC_BM_3	tissue_ontology_term_id	<map of column sample>	file	evidence/biorxiv_2024.06.03.597178.txt		Dysregulation of the bone marrow (BM) niche in multiple myeloma (MM)	True
HC_BM_4	zenodo:14872876:HC_BM_4	tissue_ontology_term_id	<map of column sample>	file	evidence/biorxiv_2024.06.03.597178.txt		Dysregulation of the bone marrow (BM) niche in multiple myeloma (MM)	True
HC_BM_5	zenodo:14872876:HC_BM_5	tissue_ontology_term_id	<map of column sample>	file	evidence/biorxiv_2024.06.03.597178.txt		Dysregulation of the bone marrow (BM) niche in multiple myeloma (MM)	True
HC_BM_6	zenodo:14872876:HC_BM_6	tissue_ontology_term_id	<map of column sample>	file	evidence/biorxiv_2024.06.03.597178.txt		Dysregulation of the bone marrow (BM) niche in multiple myeloma (MM)	True
HC_BM_7	zenodo:14872876:HC_BM_7	tissue_ontology_term_id	<map of column sample>	file	evidence/biorxiv_2024.06.03.597178.txt		Dysregulation of the bone marrow (BM) niche in multiple myeloma (MM)	True
HC_BM_8	zenodo:14872876:HC_BM_8	tissue_ontology_term_id	<map of column sample>	file	evidence/biorxiv_2024.06.03.597178.txt		Dysregulation of the bone marrow (BM) niche in multiple myeloma (MM)	True
HC_PB_1	zenodo:14872876:HC_PB_1	tissue_ontology_term_id	<map of column sample>	file	evidence/biorxiv_2024.06.03.597178.txt		Dysregulation of the bone marrow (BM) niche in multiple myeloma (MM)	True
HC_PB_2	zenodo:14872876:HC_PB_2	tissue_ontology_term_id	<map of column sample>	file	evidence/biorxiv_2024.06.03.597178.txt		Dysregulation of the bone marrow (BM) niche in multiple myeloma (MM)	True
HC_PB_3	zenodo:14872876:HC_PB_3	tissue_ontology_term_id	<map of column sample>	file	evidence/biorxiv_2024.06.03.597178.txt		Dysregulation of the bone marrow (BM) niche in multiple myeloma (MM)	True
HC_PB_4	zenodo:14872876:HC_PB_4	tissue_ontology_term_id	<map of column sample>	file	evidence/biorxiv_2024.06.03.597178.txt		Dysregulation of the bone marrow (BM) niche in multiple myeloma (MM)	True
HC_PB_5	zenodo:14872876:HC_PB_5	tissue_ontology_term_id	<map of column sample>	file	evidence/biorxiv_2024.06.03.597178.txt		Dysregulation of the bone marrow (BM) niche in multiple myeloma (MM)	True
HC_PB_6	zenodo:14872876:HC_PB_6	tissue_ontology_term_id	<map of column sample>	file	evidence/biorxiv_2024.06.03.597178.txt		Dysregulation of the bone marrow (BM) niche in multiple myeloma (MM)	True
HC_PB_7	zenodo:14872876:HC_PB_7	tissue_ontology_term_id	<map of column sample>	file	evidence/biorxiv_2024.06.03.597178.txt		Dysregulation of the bone marrow (BM) niche in multiple myeloma (MM)	True
HC_PB_8	zenodo:14872876:HC_PB_8	tissue_ontology_term_id	<map of column sample>	file	evidence/biorxiv_2024.06.03.597178.txt		Dysregulation of the bone marrow (BM) niche in multiple myeloma (MM)	True
FH1002_BM_TRNY1	zenodo:14872876:FH1002_BM_TRNY1	tissue_type	tissue	file	evidence/biorxiv_2024.06.03.597178.txt		Longitudinal BM and PB samples were collected from diagnosis through maintenance therapy.	True
FH1002_PB_Y2D90	zenodo:14872876:FH1002_PB_Y2D90	tissue_type	tissue	file	evidence/biorxiv_2024.06.03.597178.txt		Longitudinal BM and PB samples were collected from diagnosis through maintenance therapy.	True
FH1003_BM_EIND1	zenodo:14872876:FH1003_BM_EIND1	tissue_type	tissue	file	evidence/biorxiv_2024.06.03.597178.txt		Longitudinal BM and PB samples were collected from diagnosis through maintenance therapy.	True
FH1003_BM_PRETX	zenodo:14872876:FH1003_BM_PRETX	tissue_type	tissue	file	evidence/biorxiv_2024.06.03.597178.txt		Longitudinal BM and PB samples were collected from diagnosis through maintenance therapy.	True
FH1003_BM_TRN90	zenodo:14872876:FH1003_BM_TRN90	tissue_type	tissue	file	evidence/biorxiv_2024.06.03.597178.txt		Longitudinal BM and PB samples were collected from diagnosis through maintenance therapy.	True
FH1003_BM_TRNY1	zenodo:14872876:FH1003_BM_TRNY1	tissue_type	tissue	file	evidence/biorxiv_2024.06.03.597178.txt		Longitudinal BM and PB samples were collected from diagnosis through maintenance therapy.	True
FH1003_PB_EIND1	zenodo:14872876:FH1003_PB_EIND1	tissue_type	tissue	file	evidence/biorxiv_2024.06.03.597178.txt		Longitudinal BM and PB samples were collected from diagnosis through maintenance therapy.	True
FH1003_PB_EIND2	zenodo:14872876:FH1003_PB_EIND2	tissue_type	tissue	file	evidence/biorxiv_2024.06.03.597178.txt		Longitudinal BM and PB samples were collected from diagnosis through maintenance therapy.	True
FH1003_PB_INDC3	zenodo:14872876:FH1003_PB_INDC3	tissue_type	tissue	file	evidence/biorxiv_2024.06.03.597178.txt		Longitudinal BM and PB samples were collected from diagnosis through maintenance therapy.	True
FH1003_PB_PRETX	zenodo:14872876:FH1003_PB_PRETX	tissue_type	tissue	file	evidence/biorxiv_2024.06.03.597178.txt		Longitudinal BM and PB samples were collected from diagnosis through maintenance therapy.	True
FH1003_PB_TRN90	zenodo:14872876:FH1003_PB_TRN90	tissue_type	tissue	file	evidence/biorxiv_2024.06.03.597178.txt		Longitudinal BM and PB samples were collected from diagnosis through maintenance therapy.	True
FH1003_PB_TRNY1	zenodo:14872876:FH1003_PB_TRNY1	tissue_type	tissue	file	evidence/biorxiv_2024.06.03.597178.txt		Longitudinal BM and PB samples were collected from diagnosis through maintenance therapy.	True
FH1004_PB_EIND1	zenodo:14872876:FH1004_PB_EIND1	tissue_type	tissue	file	evidence/biorxiv_2024.06.03.597178.txt		Longitudinal BM and PB samples were collected from diagnosis through maintenance therapy.	True
FH1004_PB_EIND2	zenodo:14872876:FH1004_PB_EIND2	tissue_type	tissue	file	evidence/biorxiv_2024.06.03.597178.txt		Longitudinal BM and PB samples were collected from diagnosis through maintenance therapy.	True
FH1004_PB_INDC2	zenodo:14872876:FH1004_PB_INDC2	tissue_type	tissue	file	evidence/biorxiv_2024.06.03.597178.txt		Longitudinal BM and PB samples were collected from diagnosis through maintenance therapy.	True
FH1004_PB_INDC3	zenodo:14872876:FH1004_PB_INDC3	tissue_type	tissue	file	evidence/biorxiv_2024.06.03.597178.txt		Longitudinal BM and PB samples were collected from diagnosis through maintenance therapy.	True
FH1004_PB_PRETX	zenodo:14872876:FH1004_PB_PRETX	tissue_type	tissue	file	evidence/biorxiv_2024.06.03.597178.txt		Longitudinal BM and PB samples were collected from diagnosis through maintenance therapy.	True
FH1004_PB_TRN90	zenodo:14872876:FH1004_PB_TRN90	tissue_type	tissue	file	evidence/biorxiv_2024.06.03.597178.txt		Longitudinal BM and PB samples were collected from diagnosis through maintenance therapy.	True
FH1005_BM_EIND1	zenodo:14872876:FH1005_BM_EIND1	tissue_type	tissue	file	evidence/biorxiv_2024.06.03.597178.txt		Longitudinal BM and PB samples were collected from diagnosis through maintenance therapy.	True
FH1005_BM_PRETX	zenodo:14872876:FH1005_BM_PRETX	tissue_type	tissue	file	evidence/biorxiv_2024.06.03.597178.txt		Longitudinal BM and PB samples were collected from diagnosis through maintenance therapy.	True
FH1005_BM_TRN90	zenodo:14872876:FH1005_BM_TRN90	tissue_type	tissue	file	evidence/biorxiv_2024.06.03.597178.txt		Longitudinal BM and PB samples were collected from diagnosis through maintenance therapy.	True
FH1005_PB_EIND2	zenodo:14872876:FH1005_PB_EIND2	tissue_type	tissue	file	evidence/biorxiv_2024.06.03.597178.txt		Longitudinal BM and PB samples were collected from diagnosis through maintenance therapy.	True
FH1005_PB_INDC3	zenodo:14872876:FH1005_PB_INDC3	tissue_type	tissue	file	evidence/biorxiv_2024.06.03.597178.txt		Longitudinal BM and PB samples were collected from diagnosis through maintenance therapy.	True
FH1005_PB_PRETX	zenodo:14872876:FH1005_PB_PRETX	tissue_type	tissue	file	evidence/biorxiv_2024.06.03.597178.txt		Longitudinal BM and PB samples were collected from diagnosis through maintenance therapy.	True
FH1005_PB_PoCo15	zenodo:14872876:FH1005_PB_PoCo15	tissue_type	tissue	file	evidence/biorxiv_2024.06.03.597178.txt		Longitudinal BM and PB samples were collected from diagnosis through maintenance therapy.	True
FH1005_PB_TRN90	zenodo:14872876:FH1005_PB_TRN90	tissue_type	tissue	file	evidence/biorxiv_2024.06.03.597178.txt		Longitudinal BM and PB samples were collected from diagnosis through maintenance therapy.	True
FH1006_PB_EIND1	zenodo:14872876:FH1006_PB_EIND1	tissue_type	tissue	file	evidence/biorxiv_2024.06.03.597178.txt		Longitudinal BM and PB samples were collected from diagnosis through maintenance therapy.	True
FH1006_PB_EIND2	zenodo:14872876:FH1006_PB_EIND2	tissue_type	tissue	file	evidence/biorxiv_2024.06.03.597178.txt		Longitudinal BM and PB samples were collected from diagnosis through maintenance therapy.	True
FH1006_PB_INDC3	zenodo:14872876:FH1006_PB_INDC3	tissue_type	tissue	file	evidence/biorxiv_2024.06.03.597178.txt		Longitudinal BM and PB samples were collected from diagnosis through maintenance therapy.	True
FH1006_PB_PRETX	zenodo:14872876:FH1006_PB_PRETX	tissue_type	tissue	file	evidence/biorxiv_2024.06.03.597178.txt		Longitudinal BM and PB samples were collected from diagnosis through maintenance therapy.	True
FH1006_PB_TRN60	zenodo:14872876:FH1006_PB_TRN60	tissue_type	tissue	file	evidence/biorxiv_2024.06.03.597178.txt		Longitudinal BM and PB samples were collected from diagnosis through maintenance therapy.	True
FH1006_PB_TRN90	zenodo:14872876:FH1006_PB_TRN90	tissue_type	tissue	file	evidence/biorxiv_2024.06.03.597178.txt		Longitudinal BM and PB samples were collected from diagnosis through maintenance therapy.	True
FH1006_PB_TRNY1	zenodo:14872876:FH1006_PB_TRNY1	tissue_type	tissue	file	evidence/biorxiv_2024.06.03.597178.txt		Longitudinal BM and PB samples were collected from diagnosis through maintenance therapy.	True
FH1007_BM_PRETX	zenodo:14872876:FH1007_BM_PRETX	tissue_type	tissue	file	evidence/biorxiv_2024.06.03.597178.txt		Longitudinal BM and PB samples were collected from diagnosis through maintenance therapy.	True
FH1007_BM_TRN90	zenodo:14872876:FH1007_BM_TRN90	tissue_type	tissue	file	evidence/biorxiv_2024.06.03.597178.txt		Longitudinal BM and PB samples were collected from diagnosis through maintenance therapy.	True
FH1007_BM_TRNY1	zenodo:14872876:FH1007_BM_TRNY1	tissue_type	tissue	file	evidence/biorxiv_2024.06.03.597178.txt		Longitudinal BM and PB samples were collected from diagnosis through maintenance therapy.	True
FH1007_PB_EIND1	zenodo:14872876:FH1007_PB_EIND1	tissue_type	tissue	file	evidence/biorxiv_2024.06.03.597178.txt		Longitudinal BM and PB samples were collected from diagnosis through maintenance therapy.	True
FH1007_PB_EIND2	zenodo:14872876:FH1007_PB_EIND2	tissue_type	tissue	file	evidence/biorxiv_2024.06.03.597178.txt		Longitudinal BM and PB samples were collected from diagnosis through maintenance therapy.	True
FH1007_PB_PRETX	zenodo:14872876:FH1007_PB_PRETX	tissue_type	tissue	file	evidence/biorxiv_2024.06.03.597178.txt		Longitudinal BM and PB samples were collected from diagnosis through maintenance therapy.	True
FH1007_PB_TRN90	zenodo:14872876:FH1007_PB_TRN90	tissue_type	tissue	file	evidence/biorxiv_2024.06.03.597178.txt		Longitudinal BM and PB samples were collected from diagnosis through maintenance therapy.	True
FH1007_PB_Y1D90	zenodo:14872876:FH1007_PB_Y1D90	tissue_type	tissue	file	evidence/biorxiv_2024.06.03.597178.txt		Longitudinal BM and PB samples were collected from diagnosis through maintenance therapy.	True
FH1008_BM_EIND1	zenodo:14872876:FH1008_BM_EIND1	tissue_type	tissue	file	evidence/biorxiv_2024.06.03.597178.txt		Longitudinal BM and PB samples were collected from diagnosis through maintenance therapy.	True
FH1008_BM_PRETX	zenodo:14872876:FH1008_BM_PRETX	tissue_type	tissue	file	evidence/biorxiv_2024.06.03.597178.txt		Longitudinal BM and PB samples were collected from diagnosis through maintenance therapy.	True
FH1008_BM_TRN90	zenodo:14872876:FH1008_BM_TRN90	tissue_type	tissue	file	evidence/biorxiv_2024.06.03.597178.txt		Longitudinal BM and PB samples were collected from diagnosis through maintenance therapy.	True
FH1008_BM_TRNY1	zenodo:14872876:FH1008_BM_TRNY1	tissue_type	tissue	file	evidence/biorxiv_2024.06.03.597178.txt		Longitudinal BM and PB samples were collected from diagnosis through maintenance therapy.	True
FH1008_PB_EIND1	zenodo:14872876:FH1008_PB_EIND1	tissue_type	tissue	file	evidence/biorxiv_2024.06.03.597178.txt		Longitudinal BM and PB samples were collected from diagnosis through maintenance therapy.	True
FH1008_PB_EIND2	zenodo:14872876:FH1008_PB_EIND2	tissue_type	tissue	file	evidence/biorxiv_2024.06.03.597178.txt		Longitudinal BM and PB samples were collected from diagnosis through maintenance therapy.	True
FH1008_PB_INDC3	zenodo:14872876:FH1008_PB_INDC3	tissue_type	tissue	file	evidence/biorxiv_2024.06.03.597178.txt		Longitudinal BM and PB samples were collected from diagnosis through maintenance therapy.	True
FH1008_PB_PRETX	zenodo:14872876:FH1008_PB_PRETX	tissue_type	tissue	file	evidence/biorxiv_2024.06.03.597178.txt		Longitudinal BM and PB samples were collected from diagnosis through maintenance therapy.	True
FH1008_PB_TRN90	zenodo:14872876:FH1008_PB_TRN90	tissue_type	tissue	file	evidence/biorxiv_2024.06.03.597178.txt		Longitudinal BM and PB samples were collected from diagnosis through maintenance therapy.	True
FH1008_PB_TRNY1	zenodo:14872876:FH1008_PB_TRNY1	tissue_type	tissue	file	evidence/biorxiv_2024.06.03.597178.txt		Longitudinal BM and PB samples were collected from diagnosis through maintenance therapy.	True
FH1009_BM_PRETX	zenodo:14872876:FH1009_BM_PRETX	tissue_type	tissue	file	evidence/biorxiv_2024.06.03.597178.txt		Longitudinal BM and PB samples were collected from diagnosis through maintenance therapy.	True
FH1009_BM_TRN90	zenodo:14872876:FH1009_BM_TRN90	tissue_type	tissue	file	evidence/biorxiv_2024.06.03.597178.txt		Longitudinal BM and PB samples were collected from diagnosis through maintenance therapy.	True
FH1009_PB_EIND2	zenodo:14872876:FH1009_PB_EIND2	tissue_type	tissue	file	evidence/biorxiv_2024.06.03.597178.txt		Longitudinal BM and PB samples were collected from diagnosis through maintenance therapy.	True
FH1009_PB_PRETX	zenodo:14872876:FH1009_PB_PRETX	tissue_type	tissue	file	evidence/biorxiv_2024.06.03.597178.txt		Longitudinal BM and PB samples were collected from diagnosis through maintenance therapy.	True
FH1009_PB_TRN90	zenodo:14872876:FH1009_PB_TRN90	tissue_type	tissue	file	evidence/biorxiv_2024.06.03.597178.txt		Longitudinal BM and PB samples were collected from diagnosis through maintenance therapy.	True
FH1011_BM_EIND1	zenodo:14872876:FH1011_BM_EIND1	tissue_type	tissue	file	evidence/biorxiv_2024.06.03.597178.txt		Longitudinal BM and PB samples were collected from diagnosis through maintenance therapy.	True
FH1011_BM_PRETX	zenodo:14872876:FH1011_BM_PRETX	tissue_type	tissue	file	evidence/biorxiv_2024.06.03.597178.txt		Longitudinal BM and PB samples were collected from diagnosis through maintenance therapy.	True
FH1011_BM_TRNY1	zenodo:14872876:FH1011_BM_TRNY1	tissue_type	tissue	file	evidence/biorxiv_2024.06.03.597178.txt		Longitudinal BM and PB samples were collected from diagnosis through maintenance therapy.	True
FH1011_PB_EIND2	zenodo:14872876:FH1011_PB_EIND2	tissue_type	tissue	file	evidence/biorxiv_2024.06.03.597178.txt		Longitudinal BM and PB samples were collected from diagnosis through maintenance therapy.	True
FH1011_PB_INDC3	zenodo:14872876:FH1011_PB_INDC3	tissue_type	tissue	file	evidence/biorxiv_2024.06.03.597178.txt		Longitudinal BM and PB samples were collected from diagnosis through maintenance therapy.	True
FH1011_PB_PRETX	zenodo:14872876:FH1011_PB_PRETX	tissue_type	tissue	file	evidence/biorxiv_2024.06.03.597178.txt		Longitudinal BM and PB samples were collected from diagnosis through maintenance therapy.	True
FH1011_PB_TRN90	zenodo:14872876:FH1011_PB_TRN90	tissue_type	tissue	file	evidence/biorxiv_2024.06.03.597178.txt		Longitudinal BM and PB samples were collected from diagnosis through maintenance therapy.	True
FH1011_PB_TRNY1	zenodo:14872876:FH1011_PB_TRNY1	tissue_type	tissue	file	evidence/biorxiv_2024.06.03.597178.txt		Longitudinal BM and PB samples were collected from diagnosis through maintenance therapy.	True
FH1016_BM_EIND1	zenodo:14872876:FH1016_BM_EIND1	tissue_type	tissue	file	evidence/biorxiv_2024.06.03.597178.txt		Longitudinal BM and PB samples were collected from diagnosis through maintenance therapy.	True
FH1016_BM_PRETX	zenodo:14872876:FH1016_BM_PRETX	tissue_type	tissue	file	evidence/biorxiv_2024.06.03.597178.txt		Longitudinal BM and PB samples were collected from diagnosis through maintenance therapy.	True
FH1016_BM_TRN90	zenodo:14872876:FH1016_BM_TRN90	tissue_type	tissue	file	evidence/biorxiv_2024.06.03.597178.txt		Longitudinal BM and PB samples were collected from diagnosis through maintenance therapy.	True
FH1016_BM_TRNY1	zenodo:14872876:FH1016_BM_TRNY1	tissue_type	tissue	file	evidence/biorxiv_2024.06.03.597178.txt		Longitudinal BM and PB samples were collected from diagnosis through maintenance therapy.	True
FH1016_PB_EIND2	zenodo:14872876:FH1016_PB_EIND2	tissue_type	tissue	file	evidence/biorxiv_2024.06.03.597178.txt		Longitudinal BM and PB samples were collected from diagnosis through maintenance therapy.	True
FH1016_PB_PRETX	zenodo:14872876:FH1016_PB_PRETX	tissue_type	tissue	file	evidence/biorxiv_2024.06.03.597178.txt		Longitudinal BM and PB samples were collected from diagnosis through maintenance therapy.	True
FH1016_PB_TRN90	zenodo:14872876:FH1016_PB_TRN90	tissue_type	tissue	file	evidence/biorxiv_2024.06.03.597178.txt		Longitudinal BM and PB samples were collected from diagnosis through maintenance therapy.	True
FH1016_PB_TRNY1	zenodo:14872876:FH1016_PB_TRNY1	tissue_type	tissue	file	evidence/biorxiv_2024.06.03.597178.txt		Longitudinal BM and PB samples were collected from diagnosis through maintenance therapy.	True
FH1022_BM_EIND1	zenodo:14872876:FH1022_BM_EIND1	tissue_type	tissue	file	evidence/biorxiv_2024.06.03.597178.txt		Longitudinal BM and PB samples were collected from diagnosis through maintenance therapy.	True
FH1022_BM_PRETX	zenodo:14872876:FH1022_BM_PRETX	tissue_type	tissue	file	evidence/biorxiv_2024.06.03.597178.txt		Longitudinal BM and PB samples were collected from diagnosis through maintenance therapy.	True
FH1022_BM_TRN90	zenodo:14872876:FH1022_BM_TRN90	tissue_type	tissue	file	evidence/biorxiv_2024.06.03.597178.txt		Longitudinal BM and PB samples were collected from diagnosis through maintenance therapy.	True
FH1022_BM_TRNY1	zenodo:14872876:FH1022_BM_TRNY1	tissue_type	tissue	file	evidence/biorxiv_2024.06.03.597178.txt		Longitudinal BM and PB samples were collected from diagnosis through maintenance therapy.	True
FH1022_PB_EIND1	zenodo:14872876:FH1022_PB_EIND1	tissue_type	tissue	file	evidence/biorxiv_2024.06.03.597178.txt		Longitudinal BM and PB samples were collected from diagnosis through maintenance therapy.	True
FH1022_PB_PRETX	zenodo:14872876:FH1022_PB_PRETX	tissue_type	tissue	file	evidence/biorxiv_2024.06.03.597178.txt		Longitudinal BM and PB samples were collected from diagnosis through maintenance therapy.	True
FH1022_PB_TRN90	zenodo:14872876:FH1022_PB_TRN90	tissue_type	tissue	file	evidence/biorxiv_2024.06.03.597178.txt		Longitudinal BM and PB samples were collected from diagnosis through maintenance therapy.	True
HC_BM_1	zenodo:14872876:HC_BM_1	tissue_type	tissue	file	evidence/biorxiv_2024.06.03.597178.txt		Longitudinal BM and PB samples were collected from diagnosis through maintenance therapy.	True
HC_BM_2	zenodo:14872876:HC_BM_2	tissue_type	tissue	file	evidence/biorxiv_2024.06.03.597178.txt		Longitudinal BM and PB samples were collected from diagnosis through maintenance therapy.	True
HC_BM_3	zenodo:14872876:HC_BM_3	tissue_type	tissue	file	evidence/biorxiv_2024.06.03.597178.txt		Longitudinal BM and PB samples were collected from diagnosis through maintenance therapy.	True
HC_BM_4	zenodo:14872876:HC_BM_4	tissue_type	tissue	file	evidence/biorxiv_2024.06.03.597178.txt		Longitudinal BM and PB samples were collected from diagnosis through maintenance therapy.	True
HC_BM_5	zenodo:14872876:HC_BM_5	tissue_type	tissue	file	evidence/biorxiv_2024.06.03.597178.txt		Longitudinal BM and PB samples were collected from diagnosis through maintenance therapy.	True
HC_BM_6	zenodo:14872876:HC_BM_6	tissue_type	tissue	file	evidence/biorxiv_2024.06.03.597178.txt		Longitudinal BM and PB samples were collected from diagnosis through maintenance therapy.	True
HC_BM_7	zenodo:14872876:HC_BM_7	tissue_type	tissue	file	evidence/biorxiv_2024.06.03.597178.txt		Longitudinal BM and PB samples were collected from diagnosis through maintenance therapy.	True
HC_BM_8	zenodo:14872876:HC_BM_8	tissue_type	tissue	file	evidence/biorxiv_2024.06.03.597178.txt		Longitudinal BM and PB samples were collected from diagnosis through maintenance therapy.	True
HC_PB_1	zenodo:14872876:HC_PB_1	tissue_type	tissue	file	evidence/biorxiv_2024.06.03.597178.txt		Longitudinal BM and PB samples were collected from diagnosis through maintenance therapy.	True
HC_PB_2	zenodo:14872876:HC_PB_2	tissue_type	tissue	file	evidence/biorxiv_2024.06.03.597178.txt		Longitudinal BM and PB samples were collected from diagnosis through maintenance therapy.	True
HC_PB_3	zenodo:14872876:HC_PB_3	tissue_type	tissue	file	evidence/biorxiv_2024.06.03.597178.txt		Longitudinal BM and PB samples were collected from diagnosis through maintenance therapy.	True
HC_PB_4	zenodo:14872876:HC_PB_4	tissue_type	tissue	file	evidence/biorxiv_2024.06.03.597178.txt		Longitudinal BM and PB samples were collected from diagnosis through maintenance therapy.	True
HC_PB_5	zenodo:14872876:HC_PB_5	tissue_type	tissue	file	evidence/biorxiv_2024.06.03.597178.txt		Longitudinal BM and PB samples were collected from diagnosis through maintenance therapy.	True
HC_PB_6	zenodo:14872876:HC_PB_6	tissue_type	tissue	file	evidence/biorxiv_2024.06.03.597178.txt		Longitudinal BM and PB samples were collected from diagnosis through maintenance therapy.	True
HC_PB_7	zenodo:14872876:HC_PB_7	tissue_type	tissue	file	evidence/biorxiv_2024.06.03.597178.txt		Longitudinal BM and PB samples were collected from diagnosis through maintenance therapy.	True
HC_PB_8	zenodo:14872876:HC_PB_8	tissue_type	tissue	file	evidence/biorxiv_2024.06.03.597178.txt		Longitudinal BM and PB samples were collected from diagnosis through maintenance therapy.	True
FH1002_BM_TRNY1	zenodo:14872876:FH1002_BM_TRNY1	disease_free_text	<map of column group>	file	evidence/biorxiv_2024.06.03.597178.txt		Dysregulation of the bone marrow (BM) niche in multiple myeloma (MM)	True
FH1002_PB_Y2D90	zenodo:14872876:FH1002_PB_Y2D90	disease_free_text	<map of column group>	file	evidence/biorxiv_2024.06.03.597178.txt		Dysregulation of the bone marrow (BM) niche in multiple myeloma (MM)	True
FH1003_BM_EIND1	zenodo:14872876:FH1003_BM_EIND1	disease_free_text	<map of column group>	file	evidence/biorxiv_2024.06.03.597178.txt		Dysregulation of the bone marrow (BM) niche in multiple myeloma (MM)	True
FH1003_BM_PRETX	zenodo:14872876:FH1003_BM_PRETX	disease_free_text	<map of column group>	file	evidence/biorxiv_2024.06.03.597178.txt		Dysregulation of the bone marrow (BM) niche in multiple myeloma (MM)	True
FH1003_BM_TRN90	zenodo:14872876:FH1003_BM_TRN90	disease_free_text	<map of column group>	file	evidence/biorxiv_2024.06.03.597178.txt		Dysregulation of the bone marrow (BM) niche in multiple myeloma (MM)	True
FH1003_BM_TRNY1	zenodo:14872876:FH1003_BM_TRNY1	disease_free_text	<map of column group>	file	evidence/biorxiv_2024.06.03.597178.txt		Dysregulation of the bone marrow (BM) niche in multiple myeloma (MM)	True
FH1003_PB_EIND1	zenodo:14872876:FH1003_PB_EIND1	disease_free_text	<map of column group>	file	evidence/biorxiv_2024.06.03.597178.txt		Dysregulation of the bone marrow (BM) niche in multiple myeloma (MM)	True
FH1003_PB_EIND2	zenodo:14872876:FH1003_PB_EIND2	disease_free_text	<map of column group>	file	evidence/biorxiv_2024.06.03.597178.txt		Dysregulation of the bone marrow (BM) niche in multiple myeloma (MM)	True
FH1003_PB_INDC3	zenodo:14872876:FH1003_PB_INDC3	disease_free_text	<map of column group>	file	evidence/biorxiv_2024.06.03.597178.txt		Dysregulation of the bone marrow (BM) niche in multiple myeloma (MM)	True
FH1003_PB_PRETX	zenodo:14872876:FH1003_PB_PRETX	disease_free_text	<map of column group>	file	evidence/biorxiv_2024.06.03.597178.txt		Dysregulation of the bone marrow (BM) niche in multiple myeloma (MM)	True
FH1003_PB_TRN90	zenodo:14872876:FH1003_PB_TRN90	disease_free_text	<map of column group>	file	evidence/biorxiv_2024.06.03.597178.txt		Dysregulation of the bone marrow (BM) niche in multiple myeloma (MM)	True
FH1003_PB_TRNY1	zenodo:14872876:FH1003_PB_TRNY1	disease_free_text	<map of column group>	file	evidence/biorxiv_2024.06.03.597178.txt		Dysregulation of the bone marrow (BM) niche in multiple myeloma (MM)	True
FH1004_PB_EIND1	zenodo:14872876:FH1004_PB_EIND1	disease_free_text	<map of column group>	file	evidence/biorxiv_2024.06.03.597178.txt		Dysregulation of the bone marrow (BM) niche in multiple myeloma (MM)	True
FH1004_PB_EIND2	zenodo:14872876:FH1004_PB_EIND2	disease_free_text	<map of column group>	file	evidence/biorxiv_2024.06.03.597178.txt		Dysregulation of the bone marrow (BM) niche in multiple myeloma (MM)	True
FH1004_PB_INDC2	zenodo:14872876:FH1004_PB_INDC2	disease_free_text	<map of column group>	file	evidence/biorxiv_2024.06.03.597178.txt		Dysregulation of the bone marrow (BM) niche in multiple myeloma (MM)	True
FH1004_PB_INDC3	zenodo:14872876:FH1004_PB_INDC3	disease_free_text	<map of column group>	file	evidence/biorxiv_2024.06.03.597178.txt		Dysregulation of the bone marrow (BM) niche in multiple myeloma (MM)	True
FH1004_PB_PRETX	zenodo:14872876:FH1004_PB_PRETX	disease_free_text	<map of column group>	file	evidence/biorxiv_2024.06.03.597178.txt		Dysregulation of the bone marrow (BM) niche in multiple myeloma (MM)	True
FH1004_PB_TRN90	zenodo:14872876:FH1004_PB_TRN90	disease_free_text	<map of column group>	file	evidence/biorxiv_2024.06.03.597178.txt		Dysregulation of the bone marrow (BM) niche in multiple myeloma (MM)	True
FH1005_BM_EIND1	zenodo:14872876:FH1005_BM_EIND1	disease_free_text	<map of column group>	file	evidence/biorxiv_2024.06.03.597178.txt		Dysregulation of the bone marrow (BM) niche in multiple myeloma (MM)	True
FH1005_BM_PRETX	zenodo:14872876:FH1005_BM_PRETX	disease_free_text	<map of column group>	file	evidence/biorxiv_2024.06.03.597178.txt		Dysregulation of the bone marrow (BM) niche in multiple myeloma (MM)	True
FH1005_BM_TRN90	zenodo:14872876:FH1005_BM_TRN90	disease_free_text	<map of column group>	file	evidence/biorxiv_2024.06.03.597178.txt		Dysregulation of the bone marrow (BM) niche in multiple myeloma (MM)	True
FH1005_PB_EIND2	zenodo:14872876:FH1005_PB_EIND2	disease_free_text	<map of column group>	file	evidence/biorxiv_2024.06.03.597178.txt		Dysregulation of the bone marrow (BM) niche in multiple myeloma (MM)	True
FH1005_PB_INDC3	zenodo:14872876:FH1005_PB_INDC3	disease_free_text	<map of column group>	file	evidence/biorxiv_2024.06.03.597178.txt		Dysregulation of the bone marrow (BM) niche in multiple myeloma (MM)	True
FH1005_PB_PRETX	zenodo:14872876:FH1005_PB_PRETX	disease_free_text	<map of column group>	file	evidence/biorxiv_2024.06.03.597178.txt		Dysregulation of the bone marrow (BM) niche in multiple myeloma (MM)	True
FH1005_PB_PoCo15	zenodo:14872876:FH1005_PB_PoCo15	disease_free_text	<map of column group>	file	evidence/biorxiv_2024.06.03.597178.txt		Dysregulation of the bone marrow (BM) niche in multiple myeloma (MM)	True
FH1005_PB_TRN90	zenodo:14872876:FH1005_PB_TRN90	disease_free_text	<map of column group>	file	evidence/biorxiv_2024.06.03.597178.txt		Dysregulation of the bone marrow (BM) niche in multiple myeloma (MM)	True
FH1006_PB_EIND1	zenodo:14872876:FH1006_PB_EIND1	disease_free_text	<map of column group>	file	evidence/biorxiv_2024.06.03.597178.txt		Dysregulation of the bone marrow (BM) niche in multiple myeloma (MM)	True
FH1006_PB_EIND2	zenodo:14872876:FH1006_PB_EIND2	disease_free_text	<map of column group>	file	evidence/biorxiv_2024.06.03.597178.txt		Dysregulation of the bone marrow (BM) niche in multiple myeloma (MM)	True
FH1006_PB_INDC3	zenodo:14872876:FH1006_PB_INDC3	disease_free_text	<map of column group>	file	evidence/biorxiv_2024.06.03.597178.txt		Dysregulation of the bone marrow (BM) niche in multiple myeloma (MM)	True
FH1006_PB_PRETX	zenodo:14872876:FH1006_PB_PRETX	disease_free_text	<map of column group>	file	evidence/biorxiv_2024.06.03.597178.txt		Dysregulation of the bone marrow (BM) niche in multiple myeloma (MM)	True
FH1006_PB_TRN60	zenodo:14872876:FH1006_PB_TRN60	disease_free_text	<map of column group>	file	evidence/biorxiv_2024.06.03.597178.txt		Dysregulation of the bone marrow (BM) niche in multiple myeloma (MM)	True
FH1006_PB_TRN90	zenodo:14872876:FH1006_PB_TRN90	disease_free_text	<map of column group>	file	evidence/biorxiv_2024.06.03.597178.txt		Dysregulation of the bone marrow (BM) niche in multiple myeloma (MM)	True
FH1006_PB_TRNY1	zenodo:14872876:FH1006_PB_TRNY1	disease_free_text	<map of column group>	file	evidence/biorxiv_2024.06.03.597178.txt		Dysregulation of the bone marrow (BM) niche in multiple myeloma (MM)	True
FH1007_BM_PRETX	zenodo:14872876:FH1007_BM_PRETX	disease_free_text	<map of column group>	file	evidence/biorxiv_2024.06.03.597178.txt		Dysregulation of the bone marrow (BM) niche in multiple myeloma (MM)	True
FH1007_BM_TRN90	zenodo:14872876:FH1007_BM_TRN90	disease_free_text	<map of column group>	file	evidence/biorxiv_2024.06.03.597178.txt		Dysregulation of the bone marrow (BM) niche in multiple myeloma (MM)	True
FH1007_BM_TRNY1	zenodo:14872876:FH1007_BM_TRNY1	disease_free_text	<map of column group>	file	evidence/biorxiv_2024.06.03.597178.txt		Dysregulation of the bone marrow (BM) niche in multiple myeloma (MM)	True
FH1007_PB_EIND1	zenodo:14872876:FH1007_PB_EIND1	disease_free_text	<map of column group>	file	evidence/biorxiv_2024.06.03.597178.txt		Dysregulation of the bone marrow (BM) niche in multiple myeloma (MM)	True
FH1007_PB_EIND2	zenodo:14872876:FH1007_PB_EIND2	disease_free_text	<map of column group>	file	evidence/biorxiv_2024.06.03.597178.txt		Dysregulation of the bone marrow (BM) niche in multiple myeloma (MM)	True
FH1007_PB_PRETX	zenodo:14872876:FH1007_PB_PRETX	disease_free_text	<map of column group>	file	evidence/biorxiv_2024.06.03.597178.txt		Dysregulation of the bone marrow (BM) niche in multiple myeloma (MM)	True
FH1007_PB_TRN90	zenodo:14872876:FH1007_PB_TRN90	disease_free_text	<map of column group>	file	evidence/biorxiv_2024.06.03.597178.txt		Dysregulation of the bone marrow (BM) niche in multiple myeloma (MM)	True
FH1007_PB_Y1D90	zenodo:14872876:FH1007_PB_Y1D90	disease_free_text	<map of column group>	file	evidence/biorxiv_2024.06.03.597178.txt		Dysregulation of the bone marrow (BM) niche in multiple myeloma (MM)	True
FH1008_BM_EIND1	zenodo:14872876:FH1008_BM_EIND1	disease_free_text	<map of column group>	file	evidence/biorxiv_2024.06.03.597178.txt		Dysregulation of the bone marrow (BM) niche in multiple myeloma (MM)	True
FH1008_BM_PRETX	zenodo:14872876:FH1008_BM_PRETX	disease_free_text	<map of column group>	file	evidence/biorxiv_2024.06.03.597178.txt		Dysregulation of the bone marrow (BM) niche in multiple myeloma (MM)	True
FH1008_BM_TRN90	zenodo:14872876:FH1008_BM_TRN90	disease_free_text	<map of column group>	file	evidence/biorxiv_2024.06.03.597178.txt		Dysregulation of the bone marrow (BM) niche in multiple myeloma (MM)	True
FH1008_BM_TRNY1	zenodo:14872876:FH1008_BM_TRNY1	disease_free_text	<map of column group>	file	evidence/biorxiv_2024.06.03.597178.txt		Dysregulation of the bone marrow (BM) niche in multiple myeloma (MM)	True
FH1008_PB_EIND1	zenodo:14872876:FH1008_PB_EIND1	disease_free_text	<map of column group>	file	evidence/biorxiv_2024.06.03.597178.txt		Dysregulation of the bone marrow (BM) niche in multiple myeloma (MM)	True
FH1008_PB_EIND2	zenodo:14872876:FH1008_PB_EIND2	disease_free_text	<map of column group>	file	evidence/biorxiv_2024.06.03.597178.txt		Dysregulation of the bone marrow (BM) niche in multiple myeloma (MM)	True
FH1008_PB_INDC3	zenodo:14872876:FH1008_PB_INDC3	disease_free_text	<map of column group>	file	evidence/biorxiv_2024.06.03.597178.txt		Dysregulation of the bone marrow (BM) niche in multiple myeloma (MM)	True
FH1008_PB_PRETX	zenodo:14872876:FH1008_PB_PRETX	disease_free_text	<map of column group>	file	evidence/biorxiv_2024.06.03.597178.txt		Dysregulation of the bone marrow (BM) niche in multiple myeloma (MM)	True
FH1008_PB_TRN90	zenodo:14872876:FH1008_PB_TRN90	disease_free_text	<map of column group>	file	evidence/biorxiv_2024.06.03.597178.txt		Dysregulation of the bone marrow (BM) niche in multiple myeloma (MM)	True
FH1008_PB_TRNY1	zenodo:14872876:FH1008_PB_TRNY1	disease_free_text	<map of column group>	file	evidence/biorxiv_2024.06.03.597178.txt		Dysregulation of the bone marrow (BM) niche in multiple myeloma (MM)	True
FH1009_BM_PRETX	zenodo:14872876:FH1009_BM_PRETX	disease_free_text	<map of column group>	file	evidence/biorxiv_2024.06.03.597178.txt		Dysregulation of the bone marrow (BM) niche in multiple myeloma (MM)	True
FH1009_BM_TRN90	zenodo:14872876:FH1009_BM_TRN90	disease_free_text	<map of column group>	file	evidence/biorxiv_2024.06.03.597178.txt		Dysregulation of the bone marrow (BM) niche in multiple myeloma (MM)	True
FH1009_PB_EIND2	zenodo:14872876:FH1009_PB_EIND2	disease_free_text	<map of column group>	file	evidence/biorxiv_2024.06.03.597178.txt		Dysregulation of the bone marrow (BM) niche in multiple myeloma (MM)	True
FH1009_PB_PRETX	zenodo:14872876:FH1009_PB_PRETX	disease_free_text	<map of column group>	file	evidence/biorxiv_2024.06.03.597178.txt		Dysregulation of the bone marrow (BM) niche in multiple myeloma (MM)	True
FH1009_PB_TRN90	zenodo:14872876:FH1009_PB_TRN90	disease_free_text	<map of column group>	file	evidence/biorxiv_2024.06.03.597178.txt		Dysregulation of the bone marrow (BM) niche in multiple myeloma (MM)	True
FH1011_BM_EIND1	zenodo:14872876:FH1011_BM_EIND1	disease_free_text	<map of column group>	file	evidence/biorxiv_2024.06.03.597178.txt		Dysregulation of the bone marrow (BM) niche in multiple myeloma (MM)	True
FH1011_BM_PRETX	zenodo:14872876:FH1011_BM_PRETX	disease_free_text	<map of column group>	file	evidence/biorxiv_2024.06.03.597178.txt		Dysregulation of the bone marrow (BM) niche in multiple myeloma (MM)	True
FH1011_BM_TRNY1	zenodo:14872876:FH1011_BM_TRNY1	disease_free_text	<map of column group>	file	evidence/biorxiv_2024.06.03.597178.txt		Dysregulation of the bone marrow (BM) niche in multiple myeloma (MM)	True
FH1011_PB_EIND2	zenodo:14872876:FH1011_PB_EIND2	disease_free_text	<map of column group>	file	evidence/biorxiv_2024.06.03.597178.txt		Dysregulation of the bone marrow (BM) niche in multiple myeloma (MM)	True
FH1011_PB_INDC3	zenodo:14872876:FH1011_PB_INDC3	disease_free_text	<map of column group>	file	evidence/biorxiv_2024.06.03.597178.txt		Dysregulation of the bone marrow (BM) niche in multiple myeloma (MM)	True
FH1011_PB_PRETX	zenodo:14872876:FH1011_PB_PRETX	disease_free_text	<map of column group>	file	evidence/biorxiv_2024.06.03.597178.txt		Dysregulation of the bone marrow (BM) niche in multiple myeloma (MM)	True
FH1011_PB_TRN90	zenodo:14872876:FH1011_PB_TRN90	disease_free_text	<map of column group>	file	evidence/biorxiv_2024.06.03.597178.txt		Dysregulation of the bone marrow (BM) niche in multiple myeloma (MM)	True
FH1011_PB_TRNY1	zenodo:14872876:FH1011_PB_TRNY1	disease_free_text	<map of column group>	file	evidence/biorxiv_2024.06.03.597178.txt		Dysregulation of the bone marrow (BM) niche in multiple myeloma (MM)	True
FH1016_BM_EIND1	zenodo:14872876:FH1016_BM_EIND1	disease_free_text	<map of column group>	file	evidence/biorxiv_2024.06.03.597178.txt		Dysregulation of the bone marrow (BM) niche in multiple myeloma (MM)	True
FH1016_BM_PRETX	zenodo:14872876:FH1016_BM_PRETX	disease_free_text	<map of column group>	file	evidence/biorxiv_2024.06.03.597178.txt		Dysregulation of the bone marrow (BM) niche in multiple myeloma (MM)	True
FH1016_BM_TRN90	zenodo:14872876:FH1016_BM_TRN90	disease_free_text	<map of column group>	file	evidence/biorxiv_2024.06.03.597178.txt		Dysregulation of the bone marrow (BM) niche in multiple myeloma (MM)	True
FH1016_BM_TRNY1	zenodo:14872876:FH1016_BM_TRNY1	disease_free_text	<map of column group>	file	evidence/biorxiv_2024.06.03.597178.txt		Dysregulation of the bone marrow (BM) niche in multiple myeloma (MM)	True
FH1016_PB_EIND2	zenodo:14872876:FH1016_PB_EIND2	disease_free_text	<map of column group>	file	evidence/biorxiv_2024.06.03.597178.txt		Dysregulation of the bone marrow (BM) niche in multiple myeloma (MM)	True
FH1016_PB_PRETX	zenodo:14872876:FH1016_PB_PRETX	disease_free_text	<map of column group>	file	evidence/biorxiv_2024.06.03.597178.txt		Dysregulation of the bone marrow (BM) niche in multiple myeloma (MM)	True
FH1016_PB_TRN90	zenodo:14872876:FH1016_PB_TRN90	disease_free_text	<map of column group>	file	evidence/biorxiv_2024.06.03.597178.txt		Dysregulation of the bone marrow (BM) niche in multiple myeloma (MM)	True
FH1016_PB_TRNY1	zenodo:14872876:FH1016_PB_TRNY1	disease_free_text	<map of column group>	file	evidence/biorxiv_2024.06.03.597178.txt		Dysregulation of the bone marrow (BM) niche in multiple myeloma (MM)	True
FH1022_BM_EIND1	zenodo:14872876:FH1022_BM_EIND1	disease_free_text	<map of column group>	file	evidence/biorxiv_2024.06.03.597178.txt		Dysregulation of the bone marrow (BM) niche in multiple myeloma (MM)	True
FH1022_BM_PRETX	zenodo:14872876:FH1022_BM_PRETX	disease_free_text	<map of column group>	file	evidence/biorxiv_2024.06.03.597178.txt		Dysregulation of the bone marrow (BM) niche in multiple myeloma (MM)	True
FH1022_BM_TRN90	zenodo:14872876:FH1022_BM_TRN90	disease_free_text	<map of column group>	file	evidence/biorxiv_2024.06.03.597178.txt		Dysregulation of the bone marrow (BM) niche in multiple myeloma (MM)	True
FH1022_BM_TRNY1	zenodo:14872876:FH1022_BM_TRNY1	disease_free_text	<map of column group>	file	evidence/biorxiv_2024.06.03.597178.txt		Dysregulation of the bone marrow (BM) niche in multiple myeloma (MM)	True
FH1022_PB_EIND1	zenodo:14872876:FH1022_PB_EIND1	disease_free_text	<map of column group>	file	evidence/biorxiv_2024.06.03.597178.txt		Dysregulation of the bone marrow (BM) niche in multiple myeloma (MM)	True
FH1022_PB_PRETX	zenodo:14872876:FH1022_PB_PRETX	disease_free_text	<map of column group>	file	evidence/biorxiv_2024.06.03.597178.txt		Dysregulation of the bone marrow (BM) niche in multiple myeloma (MM)	True
FH1022_PB_TRN90	zenodo:14872876:FH1022_PB_TRN90	disease_free_text	<map of column group>	file	evidence/biorxiv_2024.06.03.597178.txt		Dysregulation of the bone marrow (BM) niche in multiple myeloma (MM)	True
HC_BM_1	zenodo:14872876:HC_BM_1	disease_free_text	<map of column group>	file	evidence/biorxiv_2024.06.03.597178.txt		Dysregulation of the bone marrow (BM) niche in multiple myeloma (MM)	True
HC_BM_2	zenodo:14872876:HC_BM_2	disease_free_text	<map of column group>	file	evidence/biorxiv_2024.06.03.597178.txt		Dysregulation of the bone marrow (BM) niche in multiple myeloma (MM)	True
HC_BM_3	zenodo:14872876:HC_BM_3	disease_free_text	<map of column group>	file	evidence/biorxiv_2024.06.03.597178.txt		Dysregulation of the bone marrow (BM) niche in multiple myeloma (MM)	True
HC_BM_4	zenodo:14872876:HC_BM_4	disease_free_text	<map of column group>	file	evidence/biorxiv_2024.06.03.597178.txt		Dysregulation of the bone marrow (BM) niche in multiple myeloma (MM)	True
HC_BM_5	zenodo:14872876:HC_BM_5	disease_free_text	<map of column group>	file	evidence/biorxiv_2024.06.03.597178.txt		Dysregulation of the bone marrow (BM) niche in multiple myeloma (MM)	True
HC_BM_6	zenodo:14872876:HC_BM_6	disease_free_text	<map of column group>	file	evidence/biorxiv_2024.06.03.597178.txt		Dysregulation of the bone marrow (BM) niche in multiple myeloma (MM)	True
HC_BM_7	zenodo:14872876:HC_BM_7	disease_free_text	<map of column group>	file	evidence/biorxiv_2024.06.03.597178.txt		Dysregulation of the bone marrow (BM) niche in multiple myeloma (MM)	True
HC_BM_8	zenodo:14872876:HC_BM_8	disease_free_text	<map of column group>	file	evidence/biorxiv_2024.06.03.597178.txt		Dysregulation of the bone marrow (BM) niche in multiple myeloma (MM)	True
HC_PB_1	zenodo:14872876:HC_PB_1	disease_free_text	<map of column group>	file	evidence/biorxiv_2024.06.03.597178.txt		Dysregulation of the bone marrow (BM) niche in multiple myeloma (MM)	True
HC_PB_2	zenodo:14872876:HC_PB_2	disease_free_text	<map of column group>	file	evidence/biorxiv_2024.06.03.597178.txt		Dysregulation of the bone marrow (BM) niche in multiple myeloma (MM)	True
HC_PB_3	zenodo:14872876:HC_PB_3	disease_free_text	<map of column group>	file	evidence/biorxiv_2024.06.03.597178.txt		Dysregulation of the bone marrow (BM) niche in multiple myeloma (MM)	True
HC_PB_4	zenodo:14872876:HC_PB_4	disease_free_text	<map of column group>	file	evidence/biorxiv_2024.06.03.597178.txt		Dysregulation of the bone marrow (BM) niche in multiple myeloma (MM)	True
HC_PB_5	zenodo:14872876:HC_PB_5	disease_free_text	<map of column group>	file	evidence/biorxiv_2024.06.03.597178.txt		Dysregulation of the bone marrow (BM) niche in multiple myeloma (MM)	True
HC_PB_6	zenodo:14872876:HC_PB_6	disease_free_text	<map of column group>	file	evidence/biorxiv_2024.06.03.597178.txt		Dysregulation of the bone marrow (BM) niche in multiple myeloma (MM)	True
HC_PB_7	zenodo:14872876:HC_PB_7	disease_free_text	<map of column group>	file	evidence/biorxiv_2024.06.03.597178.txt		Dysregulation of the bone marrow (BM) niche in multiple myeloma (MM)	True
HC_PB_8	zenodo:14872876:HC_PB_8	disease_free_text	<map of column group>	file	evidence/biorxiv_2024.06.03.597178.txt		Dysregulation of the bone marrow (BM) niche in multiple myeloma (MM)	True
FH1002_BM_TRNY1	zenodo:14872876:FH1002_BM_TRNY1	disease_free_text	<map of column group>	file	evidence/biorxiv_2024.06.03.597178.txt		We also collected HC samples (n=4 BM, n=4 PB) for comparison.	True
FH1002_PB_Y2D90	zenodo:14872876:FH1002_PB_Y2D90	disease_free_text	<map of column group>	file	evidence/biorxiv_2024.06.03.597178.txt		We also collected HC samples (n=4 BM, n=4 PB) for comparison.	True
FH1003_BM_EIND1	zenodo:14872876:FH1003_BM_EIND1	disease_free_text	<map of column group>	file	evidence/biorxiv_2024.06.03.597178.txt		We also collected HC samples (n=4 BM, n=4 PB) for comparison.	True
FH1003_BM_PRETX	zenodo:14872876:FH1003_BM_PRETX	disease_free_text	<map of column group>	file	evidence/biorxiv_2024.06.03.597178.txt		We also collected HC samples (n=4 BM, n=4 PB) for comparison.	True
FH1003_BM_TRN90	zenodo:14872876:FH1003_BM_TRN90	disease_free_text	<map of column group>	file	evidence/biorxiv_2024.06.03.597178.txt		We also collected HC samples (n=4 BM, n=4 PB) for comparison.	True
FH1003_BM_TRNY1	zenodo:14872876:FH1003_BM_TRNY1	disease_free_text	<map of column group>	file	evidence/biorxiv_2024.06.03.597178.txt		We also collected HC samples (n=4 BM, n=4 PB) for comparison.	True
FH1003_PB_EIND1	zenodo:14872876:FH1003_PB_EIND1	disease_free_text	<map of column group>	file	evidence/biorxiv_2024.06.03.597178.txt		We also collected HC samples (n=4 BM, n=4 PB) for comparison.	True
FH1003_PB_EIND2	zenodo:14872876:FH1003_PB_EIND2	disease_free_text	<map of column group>	file	evidence/biorxiv_2024.06.03.597178.txt		We also collected HC samples (n=4 BM, n=4 PB) for comparison.	True
FH1003_PB_INDC3	zenodo:14872876:FH1003_PB_INDC3	disease_free_text	<map of column group>	file	evidence/biorxiv_2024.06.03.597178.txt		We also collected HC samples (n=4 BM, n=4 PB) for comparison.	True
FH1003_PB_PRETX	zenodo:14872876:FH1003_PB_PRETX	disease_free_text	<map of column group>	file	evidence/biorxiv_2024.06.03.597178.txt		We also collected HC samples (n=4 BM, n=4 PB) for comparison.	True
FH1003_PB_TRN90	zenodo:14872876:FH1003_PB_TRN90	disease_free_text	<map of column group>	file	evidence/biorxiv_2024.06.03.597178.txt		We also collected HC samples (n=4 BM, n=4 PB) for comparison.	True
FH1003_PB_TRNY1	zenodo:14872876:FH1003_PB_TRNY1	disease_free_text	<map of column group>	file	evidence/biorxiv_2024.06.03.597178.txt		We also collected HC samples (n=4 BM, n=4 PB) for comparison.	True
FH1004_PB_EIND1	zenodo:14872876:FH1004_PB_EIND1	disease_free_text	<map of column group>	file	evidence/biorxiv_2024.06.03.597178.txt		We also collected HC samples (n=4 BM, n=4 PB) for comparison.	True
FH1004_PB_EIND2	zenodo:14872876:FH1004_PB_EIND2	disease_free_text	<map of column group>	file	evidence/biorxiv_2024.06.03.597178.txt		We also collected HC samples (n=4 BM, n=4 PB) for comparison.	True
FH1004_PB_INDC2	zenodo:14872876:FH1004_PB_INDC2	disease_free_text	<map of column group>	file	evidence/biorxiv_2024.06.03.597178.txt		We also collected HC samples (n=4 BM, n=4 PB) for comparison.	True
FH1004_PB_INDC3	zenodo:14872876:FH1004_PB_INDC3	disease_free_text	<map of column group>	file	evidence/biorxiv_2024.06.03.597178.txt		We also collected HC samples (n=4 BM, n=4 PB) for comparison.	True
FH1004_PB_PRETX	zenodo:14872876:FH1004_PB_PRETX	disease_free_text	<map of column group>	file	evidence/biorxiv_2024.06.03.597178.txt		We also collected HC samples (n=4 BM, n=4 PB) for comparison.	True
FH1004_PB_TRN90	zenodo:14872876:FH1004_PB_TRN90	disease_free_text	<map of column group>	file	evidence/biorxiv_2024.06.03.597178.txt		We also collected HC samples (n=4 BM, n=4 PB) for comparison.	True
FH1005_BM_EIND1	zenodo:14872876:FH1005_BM_EIND1	disease_free_text	<map of column group>	file	evidence/biorxiv_2024.06.03.597178.txt		We also collected HC samples (n=4 BM, n=4 PB) for comparison.	True
FH1005_BM_PRETX	zenodo:14872876:FH1005_BM_PRETX	disease_free_text	<map of column group>	file	evidence/biorxiv_2024.06.03.597178.txt		We also collected HC samples (n=4 BM, n=4 PB) for comparison.	True
FH1005_BM_TRN90	zenodo:14872876:FH1005_BM_TRN90	disease_free_text	<map of column group>	file	evidence/biorxiv_2024.06.03.597178.txt		We also collected HC samples (n=4 BM, n=4 PB) for comparison.	True
FH1005_PB_EIND2	zenodo:14872876:FH1005_PB_EIND2	disease_free_text	<map of column group>	file	evidence/biorxiv_2024.06.03.597178.txt		We also collected HC samples (n=4 BM, n=4 PB) for comparison.	True
FH1005_PB_INDC3	zenodo:14872876:FH1005_PB_INDC3	disease_free_text	<map of column group>	file	evidence/biorxiv_2024.06.03.597178.txt		We also collected HC samples (n=4 BM, n=4 PB) for comparison.	True
FH1005_PB_PRETX	zenodo:14872876:FH1005_PB_PRETX	disease_free_text	<map of column group>	file	evidence/biorxiv_2024.06.03.597178.txt		We also collected HC samples (n=4 BM, n=4 PB) for comparison.	True
FH1005_PB_PoCo15	zenodo:14872876:FH1005_PB_PoCo15	disease_free_text	<map of column group>	file	evidence/biorxiv_2024.06.03.597178.txt		We also collected HC samples (n=4 BM, n=4 PB) for comparison.	True
FH1005_PB_TRN90	zenodo:14872876:FH1005_PB_TRN90	disease_free_text	<map of column group>	file	evidence/biorxiv_2024.06.03.597178.txt		We also collected HC samples (n=4 BM, n=4 PB) for comparison.	True
FH1006_PB_EIND1	zenodo:14872876:FH1006_PB_EIND1	disease_free_text	<map of column group>	file	evidence/biorxiv_2024.06.03.597178.txt		We also collected HC samples (n=4 BM, n=4 PB) for comparison.	True
FH1006_PB_EIND2	zenodo:14872876:FH1006_PB_EIND2	disease_free_text	<map of column group>	file	evidence/biorxiv_2024.06.03.597178.txt		We also collected HC samples (n=4 BM, n=4 PB) for comparison.	True
FH1006_PB_INDC3	zenodo:14872876:FH1006_PB_INDC3	disease_free_text	<map of column group>	file	evidence/biorxiv_2024.06.03.597178.txt		We also collected HC samples (n=4 BM, n=4 PB) for comparison.	True
FH1006_PB_PRETX	zenodo:14872876:FH1006_PB_PRETX	disease_free_text	<map of column group>	file	evidence/biorxiv_2024.06.03.597178.txt		We also collected HC samples (n=4 BM, n=4 PB) for comparison.	True
FH1006_PB_TRN60	zenodo:14872876:FH1006_PB_TRN60	disease_free_text	<map of column group>	file	evidence/biorxiv_2024.06.03.597178.txt		We also collected HC samples (n=4 BM, n=4 PB) for comparison.	True
FH1006_PB_TRN90	zenodo:14872876:FH1006_PB_TRN90	disease_free_text	<map of column group>	file	evidence/biorxiv_2024.06.03.597178.txt		We also collected HC samples (n=4 BM, n=4 PB) for comparison.	True
FH1006_PB_TRNY1	zenodo:14872876:FH1006_PB_TRNY1	disease_free_text	<map of column group>	file	evidence/biorxiv_2024.06.03.597178.txt		We also collected HC samples (n=4 BM, n=4 PB) for comparison.	True
FH1007_BM_PRETX	zenodo:14872876:FH1007_BM_PRETX	disease_free_text	<map of column group>	file	evidence/biorxiv_2024.06.03.597178.txt		We also collected HC samples (n=4 BM, n=4 PB) for comparison.	True
FH1007_BM_TRN90	zenodo:14872876:FH1007_BM_TRN90	disease_free_text	<map of column group>	file	evidence/biorxiv_2024.06.03.597178.txt		We also collected HC samples (n=4 BM, n=4 PB) for comparison.	True
FH1007_BM_TRNY1	zenodo:14872876:FH1007_BM_TRNY1	disease_free_text	<map of column group>	file	evidence/biorxiv_2024.06.03.597178.txt		We also collected HC samples (n=4 BM, n=4 PB) for comparison.	True
FH1007_PB_EIND1	zenodo:14872876:FH1007_PB_EIND1	disease_free_text	<map of column group>	file	evidence/biorxiv_2024.06.03.597178.txt		We also collected HC samples (n=4 BM, n=4 PB) for comparison.	True
FH1007_PB_EIND2	zenodo:14872876:FH1007_PB_EIND2	disease_free_text	<map of column group>	file	evidence/biorxiv_2024.06.03.597178.txt		We also collected HC samples (n=4 BM, n=4 PB) for comparison.	True
FH1007_PB_PRETX	zenodo:14872876:FH1007_PB_PRETX	disease_free_text	<map of column group>	file	evidence/biorxiv_2024.06.03.597178.txt		We also collected HC samples (n=4 BM, n=4 PB) for comparison.	True
FH1007_PB_TRN90	zenodo:14872876:FH1007_PB_TRN90	disease_free_text	<map of column group>	file	evidence/biorxiv_2024.06.03.597178.txt		We also collected HC samples (n=4 BM, n=4 PB) for comparison.	True
FH1007_PB_Y1D90	zenodo:14872876:FH1007_PB_Y1D90	disease_free_text	<map of column group>	file	evidence/biorxiv_2024.06.03.597178.txt		We also collected HC samples (n=4 BM, n=4 PB) for comparison.	True
FH1008_BM_EIND1	zenodo:14872876:FH1008_BM_EIND1	disease_free_text	<map of column group>	file	evidence/biorxiv_2024.06.03.597178.txt		We also collected HC samples (n=4 BM, n=4 PB) for comparison.	True
FH1008_BM_PRETX	zenodo:14872876:FH1008_BM_PRETX	disease_free_text	<map of column group>	file	evidence/biorxiv_2024.06.03.597178.txt		We also collected HC samples (n=4 BM, n=4 PB) for comparison.	True
FH1008_BM_TRN90	zenodo:14872876:FH1008_BM_TRN90	disease_free_text	<map of column group>	file	evidence/biorxiv_2024.06.03.597178.txt		We also collected HC samples (n=4 BM, n=4 PB) for comparison.	True
FH1008_BM_TRNY1	zenodo:14872876:FH1008_BM_TRNY1	disease_free_text	<map of column group>	file	evidence/biorxiv_2024.06.03.597178.txt		We also collected HC samples (n=4 BM, n=4 PB) for comparison.	True
FH1008_PB_EIND1	zenodo:14872876:FH1008_PB_EIND1	disease_free_text	<map of column group>	file	evidence/biorxiv_2024.06.03.597178.txt		We also collected HC samples (n=4 BM, n=4 PB) for comparison.	True
FH1008_PB_EIND2	zenodo:14872876:FH1008_PB_EIND2	disease_free_text	<map of column group>	file	evidence/biorxiv_2024.06.03.597178.txt		We also collected HC samples (n=4 BM, n=4 PB) for comparison.	True
FH1008_PB_INDC3	zenodo:14872876:FH1008_PB_INDC3	disease_free_text	<map of column group>	file	evidence/biorxiv_2024.06.03.597178.txt		We also collected HC samples (n=4 BM, n=4 PB) for comparison.	True
FH1008_PB_PRETX	zenodo:14872876:FH1008_PB_PRETX	disease_free_text	<map of column group>	file	evidence/biorxiv_2024.06.03.597178.txt		We also collected HC samples (n=4 BM, n=4 PB) for comparison.	True
FH1008_PB_TRN90	zenodo:14872876:FH1008_PB_TRN90	disease_free_text	<map of column group>	file	evidence/biorxiv_2024.06.03.597178.txt		We also collected HC samples (n=4 BM, n=4 PB) for comparison.	True
FH1008_PB_TRNY1	zenodo:14872876:FH1008_PB_TRNY1	disease_free_text	<map of column group>	file	evidence/biorxiv_2024.06.03.597178.txt		We also collected HC samples (n=4 BM, n=4 PB) for comparison.	True
FH1009_BM_PRETX	zenodo:14872876:FH1009_BM_PRETX	disease_free_text	<map of column group>	file	evidence/biorxiv_2024.06.03.597178.txt		We also collected HC samples (n=4 BM, n=4 PB) for comparison.	True
FH1009_BM_TRN90	zenodo:14872876:FH1009_BM_TRN90	disease_free_text	<map of column group>	file	evidence/biorxiv_2024.06.03.597178.txt		We also collected HC samples (n=4 BM, n=4 PB) for comparison.	True
FH1009_PB_EIND2	zenodo:14872876:FH1009_PB_EIND2	disease_free_text	<map of column group>	file	evidence/biorxiv_2024.06.03.597178.txt		We also collected HC samples (n=4 BM, n=4 PB) for comparison.	True
FH1009_PB_PRETX	zenodo:14872876:FH1009_PB_PRETX	disease_free_text	<map of column group>	file	evidence/biorxiv_2024.06.03.597178.txt		We also collected HC samples (n=4 BM, n=4 PB) for comparison.	True
FH1009_PB_TRN90	zenodo:14872876:FH1009_PB_TRN90	disease_free_text	<map of column group>	file	evidence/biorxiv_2024.06.03.597178.txt		We also collected HC samples (n=4 BM, n=4 PB) for comparison.	True
FH1011_BM_EIND1	zenodo:14872876:FH1011_BM_EIND1	disease_free_text	<map of column group>	file	evidence/biorxiv_2024.06.03.597178.txt		We also collected HC samples (n=4 BM, n=4 PB) for comparison.	True
FH1011_BM_PRETX	zenodo:14872876:FH1011_BM_PRETX	disease_free_text	<map of column group>	file	evidence/biorxiv_2024.06.03.597178.txt		We also collected HC samples (n=4 BM, n=4 PB) for comparison.	True
FH1011_BM_TRNY1	zenodo:14872876:FH1011_BM_TRNY1	disease_free_text	<map of column group>	file	evidence/biorxiv_2024.06.03.597178.txt		We also collected HC samples (n=4 BM, n=4 PB) for comparison.	True
FH1011_PB_EIND2	zenodo:14872876:FH1011_PB_EIND2	disease_free_text	<map of column group>	file	evidence/biorxiv_2024.06.03.597178.txt		We also collected HC samples (n=4 BM, n=4 PB) for comparison.	True
FH1011_PB_INDC3	zenodo:14872876:FH1011_PB_INDC3	disease_free_text	<map of column group>	file	evidence/biorxiv_2024.06.03.597178.txt		We also collected HC samples (n=4 BM, n=4 PB) for comparison.	True
FH1011_PB_PRETX	zenodo:14872876:FH1011_PB_PRETX	disease_free_text	<map of column group>	file	evidence/biorxiv_2024.06.03.597178.txt		We also collected HC samples (n=4 BM, n=4 PB) for comparison.	True
FH1011_PB_TRN90	zenodo:14872876:FH1011_PB_TRN90	disease_free_text	<map of column group>	file	evidence/biorxiv_2024.06.03.597178.txt		We also collected HC samples (n=4 BM, n=4 PB) for comparison.	True
FH1011_PB_TRNY1	zenodo:14872876:FH1011_PB_TRNY1	disease_free_text	<map of column group>	file	evidence/biorxiv_2024.06.03.597178.txt		We also collected HC samples (n=4 BM, n=4 PB) for comparison.	True
FH1016_BM_EIND1	zenodo:14872876:FH1016_BM_EIND1	disease_free_text	<map of column group>	file	evidence/biorxiv_2024.06.03.597178.txt		We also collected HC samples (n=4 BM, n=4 PB) for comparison.	True
FH1016_BM_PRETX	zenodo:14872876:FH1016_BM_PRETX	disease_free_text	<map of column group>	file	evidence/biorxiv_2024.06.03.597178.txt		We also collected HC samples (n=4 BM, n=4 PB) for comparison.	True
FH1016_BM_TRN90	zenodo:14872876:FH1016_BM_TRN90	disease_free_text	<map of column group>	file	evidence/biorxiv_2024.06.03.597178.txt		We also collected HC samples (n=4 BM, n=4 PB) for comparison.	True
FH1016_BM_TRNY1	zenodo:14872876:FH1016_BM_TRNY1	disease_free_text	<map of column group>	file	evidence/biorxiv_2024.06.03.597178.txt		We also collected HC samples (n=4 BM, n=4 PB) for comparison.	True
FH1016_PB_EIND2	zenodo:14872876:FH1016_PB_EIND2	disease_free_text	<map of column group>	file	evidence/biorxiv_2024.06.03.597178.txt		We also collected HC samples (n=4 BM, n=4 PB) for comparison.	True
FH1016_PB_PRETX	zenodo:14872876:FH1016_PB_PRETX	disease_free_text	<map of column group>	file	evidence/biorxiv_2024.06.03.597178.txt		We also collected HC samples (n=4 BM, n=4 PB) for comparison.	True
FH1016_PB_TRN90	zenodo:14872876:FH1016_PB_TRN90	disease_free_text	<map of column group>	file	evidence/biorxiv_2024.06.03.597178.txt		We also collected HC samples (n=4 BM, n=4 PB) for comparison.	True
FH1016_PB_TRNY1	zenodo:14872876:FH1016_PB_TRNY1	disease_free_text	<map of column group>	file	evidence/biorxiv_2024.06.03.597178.txt		We also collected HC samples (n=4 BM, n=4 PB) for comparison.	True
FH1022_BM_EIND1	zenodo:14872876:FH1022_BM_EIND1	disease_free_text	<map of column group>	file	evidence/biorxiv_2024.06.03.597178.txt		We also collected HC samples (n=4 BM, n=4 PB) for comparison.	True
FH1022_BM_PRETX	zenodo:14872876:FH1022_BM_PRETX	disease_free_text	<map of column group>	file	evidence/biorxiv_2024.06.03.597178.txt		We also collected HC samples (n=4 BM, n=4 PB) for comparison.	True
FH1022_BM_TRN90	zenodo:14872876:FH1022_BM_TRN90	disease_free_text	<map of column group>	file	evidence/biorxiv_2024.06.03.597178.txt		We also collected HC samples (n=4 BM, n=4 PB) for comparison.	True
FH1022_BM_TRNY1	zenodo:14872876:FH1022_BM_TRNY1	disease_free_text	<map of column group>	file	evidence/biorxiv_2024.06.03.597178.txt		We also collected HC samples (n=4 BM, n=4 PB) for comparison.	True
FH1022_PB_EIND1	zenodo:14872876:FH1022_PB_EIND1	disease_free_text	<map of column group>	file	evidence/biorxiv_2024.06.03.597178.txt		We also collected HC samples (n=4 BM, n=4 PB) for comparison.	True
FH1022_PB_PRETX	zenodo:14872876:FH1022_PB_PRETX	disease_free_text	<map of column group>	file	evidence/biorxiv_2024.06.03.597178.txt		We also collected HC samples (n=4 BM, n=4 PB) for comparison.	True
FH1022_PB_TRN90	zenodo:14872876:FH1022_PB_TRN90	disease_free_text	<map of column group>	file	evidence/biorxiv_2024.06.03.597178.txt		We also collected HC samples (n=4 BM, n=4 PB) for comparison.	True
HC_BM_1	zenodo:14872876:HC_BM_1	disease_free_text	<map of column group>	file	evidence/biorxiv_2024.06.03.597178.txt		We also collected HC samples (n=4 BM, n=4 PB) for comparison.	True
HC_BM_2	zenodo:14872876:HC_BM_2	disease_free_text	<map of column group>	file	evidence/biorxiv_2024.06.03.597178.txt		We also collected HC samples (n=4 BM, n=4 PB) for comparison.	True
HC_BM_3	zenodo:14872876:HC_BM_3	disease_free_text	<map of column group>	file	evidence/biorxiv_2024.06.03.597178.txt		We also collected HC samples (n=4 BM, n=4 PB) for comparison.	True
HC_BM_4	zenodo:14872876:HC_BM_4	disease_free_text	<map of column group>	file	evidence/biorxiv_2024.06.03.597178.txt		We also collected HC samples (n=4 BM, n=4 PB) for comparison.	True
HC_BM_5	zenodo:14872876:HC_BM_5	disease_free_text	<map of column group>	file	evidence/biorxiv_2024.06.03.597178.txt		We also collected HC samples (n=4 BM, n=4 PB) for comparison.	True
HC_BM_6	zenodo:14872876:HC_BM_6	disease_free_text	<map of column group>	file	evidence/biorxiv_2024.06.03.597178.txt		We also collected HC samples (n=4 BM, n=4 PB) for comparison.	True
HC_BM_7	zenodo:14872876:HC_BM_7	disease_free_text	<map of column group>	file	evidence/biorxiv_2024.06.03.597178.txt		We also collected HC samples (n=4 BM, n=4 PB) for comparison.	True
HC_BM_8	zenodo:14872876:HC_BM_8	disease_free_text	<map of column group>	file	evidence/biorxiv_2024.06.03.597178.txt		We also collected HC samples (n=4 BM, n=4 PB) for comparison.	True
HC_PB_1	zenodo:14872876:HC_PB_1	disease_free_text	<map of column group>	file	evidence/biorxiv_2024.06.03.597178.txt		We also collected HC samples (n=4 BM, n=4 PB) for comparison.	True
HC_PB_2	zenodo:14872876:HC_PB_2	disease_free_text	<map of column group>	file	evidence/biorxiv_2024.06.03.597178.txt		We also collected HC samples (n=4 BM, n=4 PB) for comparison.	True
HC_PB_3	zenodo:14872876:HC_PB_3	disease_free_text	<map of column group>	file	evidence/biorxiv_2024.06.03.597178.txt		We also collected HC samples (n=4 BM, n=4 PB) for comparison.	True
HC_PB_4	zenodo:14872876:HC_PB_4	disease_free_text	<map of column group>	file	evidence/biorxiv_2024.06.03.597178.txt		We also collected HC samples (n=4 BM, n=4 PB) for comparison.	True
HC_PB_5	zenodo:14872876:HC_PB_5	disease_free_text	<map of column group>	file	evidence/biorxiv_2024.06.03.597178.txt		We also collected HC samples (n=4 BM, n=4 PB) for comparison.	True
HC_PB_6	zenodo:14872876:HC_PB_6	disease_free_text	<map of column group>	file	evidence/biorxiv_2024.06.03.597178.txt		We also collected HC samples (n=4 BM, n=4 PB) for comparison.	True
HC_PB_7	zenodo:14872876:HC_PB_7	disease_free_text	<map of column group>	file	evidence/biorxiv_2024.06.03.597178.txt		We also collected HC samples (n=4 BM, n=4 PB) for comparison.	True
HC_PB_8	zenodo:14872876:HC_PB_8	disease_free_text	<map of column group>	file	evidence/biorxiv_2024.06.03.597178.txt		We also collected HC samples (n=4 BM, n=4 PB) for comparison.	True
FH1002_BM_TRNY1	zenodo:14872876:FH1002_BM_TRNY1	disease_free_text	<map of column group>	file	evidence/biorxiv_2024.06.03.597178.txt		in NDMM patients at PRETX and healthy controls, by tissue	True
FH1002_PB_Y2D90	zenodo:14872876:FH1002_PB_Y2D90	disease_free_text	<map of column group>	file	evidence/biorxiv_2024.06.03.597178.txt		in NDMM patients at PRETX and healthy controls, by tissue	True
FH1003_BM_EIND1	zenodo:14872876:FH1003_BM_EIND1	disease_free_text	<map of column group>	file	evidence/biorxiv_2024.06.03.597178.txt		in NDMM patients at PRETX and healthy controls, by tissue	True
FH1003_BM_PRETX	zenodo:14872876:FH1003_BM_PRETX	disease_free_text	<map of column group>	file	evidence/biorxiv_2024.06.03.597178.txt		in NDMM patients at PRETX and healthy controls, by tissue	True
FH1003_BM_TRN90	zenodo:14872876:FH1003_BM_TRN90	disease_free_text	<map of column group>	file	evidence/biorxiv_2024.06.03.597178.txt		in NDMM patients at PRETX and healthy controls, by tissue	True
FH1003_BM_TRNY1	zenodo:14872876:FH1003_BM_TRNY1	disease_free_text	<map of column group>	file	evidence/biorxiv_2024.06.03.597178.txt		in NDMM patients at PRETX and healthy controls, by tissue	True
FH1003_PB_EIND1	zenodo:14872876:FH1003_PB_EIND1	disease_free_text	<map of column group>	file	evidence/biorxiv_2024.06.03.597178.txt		in NDMM patients at PRETX and healthy controls, by tissue	True
FH1003_PB_EIND2	zenodo:14872876:FH1003_PB_EIND2	disease_free_text	<map of column group>	file	evidence/biorxiv_2024.06.03.597178.txt		in NDMM patients at PRETX and healthy controls, by tissue	True
FH1003_PB_INDC3	zenodo:14872876:FH1003_PB_INDC3	disease_free_text	<map of column group>	file	evidence/biorxiv_2024.06.03.597178.txt		in NDMM patients at PRETX and healthy controls, by tissue	True
FH1003_PB_PRETX	zenodo:14872876:FH1003_PB_PRETX	disease_free_text	<map of column group>	file	evidence/biorxiv_2024.06.03.597178.txt		in NDMM patients at PRETX and healthy controls, by tissue	True
FH1003_PB_TRN90	zenodo:14872876:FH1003_PB_TRN90	disease_free_text	<map of column group>	file	evidence/biorxiv_2024.06.03.597178.txt		in NDMM patients at PRETX and healthy controls, by tissue	True
FH1003_PB_TRNY1	zenodo:14872876:FH1003_PB_TRNY1	disease_free_text	<map of column group>	file	evidence/biorxiv_2024.06.03.597178.txt		in NDMM patients at PRETX and healthy controls, by tissue	True
FH1004_PB_EIND1	zenodo:14872876:FH1004_PB_EIND1	disease_free_text	<map of column group>	file	evidence/biorxiv_2024.06.03.597178.txt		in NDMM patients at PRETX and healthy controls, by tissue	True
FH1004_PB_EIND2	zenodo:14872876:FH1004_PB_EIND2	disease_free_text	<map of column group>	file	evidence/biorxiv_2024.06.03.597178.txt		in NDMM patients at PRETX and healthy controls, by tissue	True
FH1004_PB_INDC2	zenodo:14872876:FH1004_PB_INDC2	disease_free_text	<map of column group>	file	evidence/biorxiv_2024.06.03.597178.txt		in NDMM patients at PRETX and healthy controls, by tissue	True
FH1004_PB_INDC3	zenodo:14872876:FH1004_PB_INDC3	disease_free_text	<map of column group>	file	evidence/biorxiv_2024.06.03.597178.txt		in NDMM patients at PRETX and healthy controls, by tissue	True
FH1004_PB_PRETX	zenodo:14872876:FH1004_PB_PRETX	disease_free_text	<map of column group>	file	evidence/biorxiv_2024.06.03.597178.txt		in NDMM patients at PRETX and healthy controls, by tissue	True
FH1004_PB_TRN90	zenodo:14872876:FH1004_PB_TRN90	disease_free_text	<map of column group>	file	evidence/biorxiv_2024.06.03.597178.txt		in NDMM patients at PRETX and healthy controls, by tissue	True
FH1005_BM_EIND1	zenodo:14872876:FH1005_BM_EIND1	disease_free_text	<map of column group>	file	evidence/biorxiv_2024.06.03.597178.txt		in NDMM patients at PRETX and healthy controls, by tissue	True
FH1005_BM_PRETX	zenodo:14872876:FH1005_BM_PRETX	disease_free_text	<map of column group>	file	evidence/biorxiv_2024.06.03.597178.txt		in NDMM patients at PRETX and healthy controls, by tissue	True
FH1005_BM_TRN90	zenodo:14872876:FH1005_BM_TRN90	disease_free_text	<map of column group>	file	evidence/biorxiv_2024.06.03.597178.txt		in NDMM patients at PRETX and healthy controls, by tissue	True
FH1005_PB_EIND2	zenodo:14872876:FH1005_PB_EIND2	disease_free_text	<map of column group>	file	evidence/biorxiv_2024.06.03.597178.txt		in NDMM patients at PRETX and healthy controls, by tissue	True
FH1005_PB_INDC3	zenodo:14872876:FH1005_PB_INDC3	disease_free_text	<map of column group>	file	evidence/biorxiv_2024.06.03.597178.txt		in NDMM patients at PRETX and healthy controls, by tissue	True
FH1005_PB_PRETX	zenodo:14872876:FH1005_PB_PRETX	disease_free_text	<map of column group>	file	evidence/biorxiv_2024.06.03.597178.txt		in NDMM patients at PRETX and healthy controls, by tissue	True
FH1005_PB_PoCo15	zenodo:14872876:FH1005_PB_PoCo15	disease_free_text	<map of column group>	file	evidence/biorxiv_2024.06.03.597178.txt		in NDMM patients at PRETX and healthy controls, by tissue	True
FH1005_PB_TRN90	zenodo:14872876:FH1005_PB_TRN90	disease_free_text	<map of column group>	file	evidence/biorxiv_2024.06.03.597178.txt		in NDMM patients at PRETX and healthy controls, by tissue	True
FH1006_PB_EIND1	zenodo:14872876:FH1006_PB_EIND1	disease_free_text	<map of column group>	file	evidence/biorxiv_2024.06.03.597178.txt		in NDMM patients at PRETX and healthy controls, by tissue	True
FH1006_PB_EIND2	zenodo:14872876:FH1006_PB_EIND2	disease_free_text	<map of column group>	file	evidence/biorxiv_2024.06.03.597178.txt		in NDMM patients at PRETX and healthy controls, by tissue	True
FH1006_PB_INDC3	zenodo:14872876:FH1006_PB_INDC3	disease_free_text	<map of column group>	file	evidence/biorxiv_2024.06.03.597178.txt		in NDMM patients at PRETX and healthy controls, by tissue	True
FH1006_PB_PRETX	zenodo:14872876:FH1006_PB_PRETX	disease_free_text	<map of column group>	file	evidence/biorxiv_2024.06.03.597178.txt		in NDMM patients at PRETX and healthy controls, by tissue	True
FH1006_PB_TRN60	zenodo:14872876:FH1006_PB_TRN60	disease_free_text	<map of column group>	file	evidence/biorxiv_2024.06.03.597178.txt		in NDMM patients at PRETX and healthy controls, by tissue	True
FH1006_PB_TRN90	zenodo:14872876:FH1006_PB_TRN90	disease_free_text	<map of column group>	file	evidence/biorxiv_2024.06.03.597178.txt		in NDMM patients at PRETX and healthy controls, by tissue	True
FH1006_PB_TRNY1	zenodo:14872876:FH1006_PB_TRNY1	disease_free_text	<map of column group>	file	evidence/biorxiv_2024.06.03.597178.txt		in NDMM patients at PRETX and healthy controls, by tissue	True
FH1007_BM_PRETX	zenodo:14872876:FH1007_BM_PRETX	disease_free_text	<map of column group>	file	evidence/biorxiv_2024.06.03.597178.txt		in NDMM patients at PRETX and healthy controls, by tissue	True
FH1007_BM_TRN90	zenodo:14872876:FH1007_BM_TRN90	disease_free_text	<map of column group>	file	evidence/biorxiv_2024.06.03.597178.txt		in NDMM patients at PRETX and healthy controls, by tissue	True
FH1007_BM_TRNY1	zenodo:14872876:FH1007_BM_TRNY1	disease_free_text	<map of column group>	file	evidence/biorxiv_2024.06.03.597178.txt		in NDMM patients at PRETX and healthy controls, by tissue	True
FH1007_PB_EIND1	zenodo:14872876:FH1007_PB_EIND1	disease_free_text	<map of column group>	file	evidence/biorxiv_2024.06.03.597178.txt		in NDMM patients at PRETX and healthy controls, by tissue	True
FH1007_PB_EIND2	zenodo:14872876:FH1007_PB_EIND2	disease_free_text	<map of column group>	file	evidence/biorxiv_2024.06.03.597178.txt		in NDMM patients at PRETX and healthy controls, by tissue	True
FH1007_PB_PRETX	zenodo:14872876:FH1007_PB_PRETX	disease_free_text	<map of column group>	file	evidence/biorxiv_2024.06.03.597178.txt		in NDMM patients at PRETX and healthy controls, by tissue	True
FH1007_PB_TRN90	zenodo:14872876:FH1007_PB_TRN90	disease_free_text	<map of column group>	file	evidence/biorxiv_2024.06.03.597178.txt		in NDMM patients at PRETX and healthy controls, by tissue	True
FH1007_PB_Y1D90	zenodo:14872876:FH1007_PB_Y1D90	disease_free_text	<map of column group>	file	evidence/biorxiv_2024.06.03.597178.txt		in NDMM patients at PRETX and healthy controls, by tissue	True
FH1008_BM_EIND1	zenodo:14872876:FH1008_BM_EIND1	disease_free_text	<map of column group>	file	evidence/biorxiv_2024.06.03.597178.txt		in NDMM patients at PRETX and healthy controls, by tissue	True
FH1008_BM_PRETX	zenodo:14872876:FH1008_BM_PRETX	disease_free_text	<map of column group>	file	evidence/biorxiv_2024.06.03.597178.txt		in NDMM patients at PRETX and healthy controls, by tissue	True
FH1008_BM_TRN90	zenodo:14872876:FH1008_BM_TRN90	disease_free_text	<map of column group>	file	evidence/biorxiv_2024.06.03.597178.txt		in NDMM patients at PRETX and healthy controls, by tissue	True
FH1008_BM_TRNY1	zenodo:14872876:FH1008_BM_TRNY1	disease_free_text	<map of column group>	file	evidence/biorxiv_2024.06.03.597178.txt		in NDMM patients at PRETX and healthy controls, by tissue	True
FH1008_PB_EIND1	zenodo:14872876:FH1008_PB_EIND1	disease_free_text	<map of column group>	file	evidence/biorxiv_2024.06.03.597178.txt		in NDMM patients at PRETX and healthy controls, by tissue	True
FH1008_PB_EIND2	zenodo:14872876:FH1008_PB_EIND2	disease_free_text	<map of column group>	file	evidence/biorxiv_2024.06.03.597178.txt		in NDMM patients at PRETX and healthy controls, by tissue	True
FH1008_PB_INDC3	zenodo:14872876:FH1008_PB_INDC3	disease_free_text	<map of column group>	file	evidence/biorxiv_2024.06.03.597178.txt		in NDMM patients at PRETX and healthy controls, by tissue	True
FH1008_PB_PRETX	zenodo:14872876:FH1008_PB_PRETX	disease_free_text	<map of column group>	file	evidence/biorxiv_2024.06.03.597178.txt		in NDMM patients at PRETX and healthy controls, by tissue	True
FH1008_PB_TRN90	zenodo:14872876:FH1008_PB_TRN90	disease_free_text	<map of column group>	file	evidence/biorxiv_2024.06.03.597178.txt		in NDMM patients at PRETX and healthy controls, by tissue	True
FH1008_PB_TRNY1	zenodo:14872876:FH1008_PB_TRNY1	disease_free_text	<map of column group>	file	evidence/biorxiv_2024.06.03.597178.txt		in NDMM patients at PRETX and healthy controls, by tissue	True
FH1009_BM_PRETX	zenodo:14872876:FH1009_BM_PRETX	disease_free_text	<map of column group>	file	evidence/biorxiv_2024.06.03.597178.txt		in NDMM patients at PRETX and healthy controls, by tissue	True
FH1009_BM_TRN90	zenodo:14872876:FH1009_BM_TRN90	disease_free_text	<map of column group>	file	evidence/biorxiv_2024.06.03.597178.txt		in NDMM patients at PRETX and healthy controls, by tissue	True
FH1009_PB_EIND2	zenodo:14872876:FH1009_PB_EIND2	disease_free_text	<map of column group>	file	evidence/biorxiv_2024.06.03.597178.txt		in NDMM patients at PRETX and healthy controls, by tissue	True
FH1009_PB_PRETX	zenodo:14872876:FH1009_PB_PRETX	disease_free_text	<map of column group>	file	evidence/biorxiv_2024.06.03.597178.txt		in NDMM patients at PRETX and healthy controls, by tissue	True
FH1009_PB_TRN90	zenodo:14872876:FH1009_PB_TRN90	disease_free_text	<map of column group>	file	evidence/biorxiv_2024.06.03.597178.txt		in NDMM patients at PRETX and healthy controls, by tissue	True
FH1011_BM_EIND1	zenodo:14872876:FH1011_BM_EIND1	disease_free_text	<map of column group>	file	evidence/biorxiv_2024.06.03.597178.txt		in NDMM patients at PRETX and healthy controls, by tissue	True
FH1011_BM_PRETX	zenodo:14872876:FH1011_BM_PRETX	disease_free_text	<map of column group>	file	evidence/biorxiv_2024.06.03.597178.txt		in NDMM patients at PRETX and healthy controls, by tissue	True
FH1011_BM_TRNY1	zenodo:14872876:FH1011_BM_TRNY1	disease_free_text	<map of column group>	file	evidence/biorxiv_2024.06.03.597178.txt		in NDMM patients at PRETX and healthy controls, by tissue	True
FH1011_PB_EIND2	zenodo:14872876:FH1011_PB_EIND2	disease_free_text	<map of column group>	file	evidence/biorxiv_2024.06.03.597178.txt		in NDMM patients at PRETX and healthy controls, by tissue	True
FH1011_PB_INDC3	zenodo:14872876:FH1011_PB_INDC3	disease_free_text	<map of column group>	file	evidence/biorxiv_2024.06.03.597178.txt		in NDMM patients at PRETX and healthy controls, by tissue	True
FH1011_PB_PRETX	zenodo:14872876:FH1011_PB_PRETX	disease_free_text	<map of column group>	file	evidence/biorxiv_2024.06.03.597178.txt		in NDMM patients at PRETX and healthy controls, by tissue	True
FH1011_PB_TRN90	zenodo:14872876:FH1011_PB_TRN90	disease_free_text	<map of column group>	file	evidence/biorxiv_2024.06.03.597178.txt		in NDMM patients at PRETX and healthy controls, by tissue	True
FH1011_PB_TRNY1	zenodo:14872876:FH1011_PB_TRNY1	disease_free_text	<map of column group>	file	evidence/biorxiv_2024.06.03.597178.txt		in NDMM patients at PRETX and healthy controls, by tissue	True
FH1016_BM_EIND1	zenodo:14872876:FH1016_BM_EIND1	disease_free_text	<map of column group>	file	evidence/biorxiv_2024.06.03.597178.txt		in NDMM patients at PRETX and healthy controls, by tissue	True
FH1016_BM_PRETX	zenodo:14872876:FH1016_BM_PRETX	disease_free_text	<map of column group>	file	evidence/biorxiv_2024.06.03.597178.txt		in NDMM patients at PRETX and healthy controls, by tissue	True
FH1016_BM_TRN90	zenodo:14872876:FH1016_BM_TRN90	disease_free_text	<map of column group>	file	evidence/biorxiv_2024.06.03.597178.txt		in NDMM patients at PRETX and healthy controls, by tissue	True
FH1016_BM_TRNY1	zenodo:14872876:FH1016_BM_TRNY1	disease_free_text	<map of column group>	file	evidence/biorxiv_2024.06.03.597178.txt		in NDMM patients at PRETX and healthy controls, by tissue	True
FH1016_PB_EIND2	zenodo:14872876:FH1016_PB_EIND2	disease_free_text	<map of column group>	file	evidence/biorxiv_2024.06.03.597178.txt		in NDMM patients at PRETX and healthy controls, by tissue	True
FH1016_PB_PRETX	zenodo:14872876:FH1016_PB_PRETX	disease_free_text	<map of column group>	file	evidence/biorxiv_2024.06.03.597178.txt		in NDMM patients at PRETX and healthy controls, by tissue	True
FH1016_PB_TRN90	zenodo:14872876:FH1016_PB_TRN90	disease_free_text	<map of column group>	file	evidence/biorxiv_2024.06.03.597178.txt		in NDMM patients at PRETX and healthy controls, by tissue	True
FH1016_PB_TRNY1	zenodo:14872876:FH1016_PB_TRNY1	disease_free_text	<map of column group>	file	evidence/biorxiv_2024.06.03.597178.txt		in NDMM patients at PRETX and healthy controls, by tissue	True
FH1022_BM_EIND1	zenodo:14872876:FH1022_BM_EIND1	disease_free_text	<map of column group>	file	evidence/biorxiv_2024.06.03.597178.txt		in NDMM patients at PRETX and healthy controls, by tissue	True
FH1022_BM_PRETX	zenodo:14872876:FH1022_BM_PRETX	disease_free_text	<map of column group>	file	evidence/biorxiv_2024.06.03.597178.txt		in NDMM patients at PRETX and healthy controls, by tissue	True
FH1022_BM_TRN90	zenodo:14872876:FH1022_BM_TRN90	disease_free_text	<map of column group>	file	evidence/biorxiv_2024.06.03.597178.txt		in NDMM patients at PRETX and healthy controls, by tissue	True
FH1022_BM_TRNY1	zenodo:14872876:FH1022_BM_TRNY1	disease_free_text	<map of column group>	file	evidence/biorxiv_2024.06.03.597178.txt		in NDMM patients at PRETX and healthy controls, by tissue	True
FH1022_PB_EIND1	zenodo:14872876:FH1022_PB_EIND1	disease_free_text	<map of column group>	file	evidence/biorxiv_2024.06.03.597178.txt		in NDMM patients at PRETX and healthy controls, by tissue	True
FH1022_PB_PRETX	zenodo:14872876:FH1022_PB_PRETX	disease_free_text	<map of column group>	file	evidence/biorxiv_2024.06.03.597178.txt		in NDMM patients at PRETX and healthy controls, by tissue	True
FH1022_PB_TRN90	zenodo:14872876:FH1022_PB_TRN90	disease_free_text	<map of column group>	file	evidence/biorxiv_2024.06.03.597178.txt		in NDMM patients at PRETX and healthy controls, by tissue	True
HC_BM_1	zenodo:14872876:HC_BM_1	disease_free_text	<map of column group>	file	evidence/biorxiv_2024.06.03.597178.txt		in NDMM patients at PRETX and healthy controls, by tissue	True
HC_BM_2	zenodo:14872876:HC_BM_2	disease_free_text	<map of column group>	file	evidence/biorxiv_2024.06.03.597178.txt		in NDMM patients at PRETX and healthy controls, by tissue	True
HC_BM_3	zenodo:14872876:HC_BM_3	disease_free_text	<map of column group>	file	evidence/biorxiv_2024.06.03.597178.txt		in NDMM patients at PRETX and healthy controls, by tissue	True
HC_BM_4	zenodo:14872876:HC_BM_4	disease_free_text	<map of column group>	file	evidence/biorxiv_2024.06.03.597178.txt		in NDMM patients at PRETX and healthy controls, by tissue	True
HC_BM_5	zenodo:14872876:HC_BM_5	disease_free_text	<map of column group>	file	evidence/biorxiv_2024.06.03.597178.txt		in NDMM patients at PRETX and healthy controls, by tissue	True
HC_BM_6	zenodo:14872876:HC_BM_6	disease_free_text	<map of column group>	file	evidence/biorxiv_2024.06.03.597178.txt		in NDMM patients at PRETX and healthy controls, by tissue	True
HC_BM_7	zenodo:14872876:HC_BM_7	disease_free_text	<map of column group>	file	evidence/biorxiv_2024.06.03.597178.txt		in NDMM patients at PRETX and healthy controls, by tissue	True
HC_BM_8	zenodo:14872876:HC_BM_8	disease_free_text	<map of column group>	file	evidence/biorxiv_2024.06.03.597178.txt		in NDMM patients at PRETX and healthy controls, by tissue	True
HC_PB_1	zenodo:14872876:HC_PB_1	disease_free_text	<map of column group>	file	evidence/biorxiv_2024.06.03.597178.txt		in NDMM patients at PRETX and healthy controls, by tissue	True
HC_PB_2	zenodo:14872876:HC_PB_2	disease_free_text	<map of column group>	file	evidence/biorxiv_2024.06.03.597178.txt		in NDMM patients at PRETX and healthy controls, by tissue	True
HC_PB_3	zenodo:14872876:HC_PB_3	disease_free_text	<map of column group>	file	evidence/biorxiv_2024.06.03.597178.txt		in NDMM patients at PRETX and healthy controls, by tissue	True
HC_PB_4	zenodo:14872876:HC_PB_4	disease_free_text	<map of column group>	file	evidence/biorxiv_2024.06.03.597178.txt		in NDMM patients at PRETX and healthy controls, by tissue	True
HC_PB_5	zenodo:14872876:HC_PB_5	disease_free_text	<map of column group>	file	evidence/biorxiv_2024.06.03.597178.txt		in NDMM patients at PRETX and healthy controls, by tissue	True
HC_PB_6	zenodo:14872876:HC_PB_6	disease_free_text	<map of column group>	file	evidence/biorxiv_2024.06.03.597178.txt		in NDMM patients at PRETX and healthy controls, by tissue	True
HC_PB_7	zenodo:14872876:HC_PB_7	disease_free_text	<map of column group>	file	evidence/biorxiv_2024.06.03.597178.txt		in NDMM patients at PRETX and healthy controls, by tissue	True
HC_PB_8	zenodo:14872876:HC_PB_8	disease_free_text	<map of column group>	file	evidence/biorxiv_2024.06.03.597178.txt		in NDMM patients at PRETX and healthy controls, by tissue	True
FH1002_BM_TRNY1	zenodo:14872876:FH1002_BM_TRNY1	disease_stage	<map of column group>	file	evidence/europepmc_blood.2024025655_core.json		we deeply profiled the CD8+ T-cell compartment of patients with newly diagnosed MM (NDMM)	True
FH1002_PB_Y2D90	zenodo:14872876:FH1002_PB_Y2D90	disease_stage	<map of column group>	file	evidence/europepmc_blood.2024025655_core.json		we deeply profiled the CD8+ T-cell compartment of patients with newly diagnosed MM (NDMM)	True
FH1003_BM_EIND1	zenodo:14872876:FH1003_BM_EIND1	disease_stage	<map of column group>	file	evidence/europepmc_blood.2024025655_core.json		we deeply profiled the CD8+ T-cell compartment of patients with newly diagnosed MM (NDMM)	True
FH1003_BM_PRETX	zenodo:14872876:FH1003_BM_PRETX	disease_stage	<map of column group>	file	evidence/europepmc_blood.2024025655_core.json		we deeply profiled the CD8+ T-cell compartment of patients with newly diagnosed MM (NDMM)	True
FH1003_BM_TRN90	zenodo:14872876:FH1003_BM_TRN90	disease_stage	<map of column group>	file	evidence/europepmc_blood.2024025655_core.json		we deeply profiled the CD8+ T-cell compartment of patients with newly diagnosed MM (NDMM)	True
FH1003_BM_TRNY1	zenodo:14872876:FH1003_BM_TRNY1	disease_stage	<map of column group>	file	evidence/europepmc_blood.2024025655_core.json		we deeply profiled the CD8+ T-cell compartment of patients with newly diagnosed MM (NDMM)	True
FH1003_PB_EIND1	zenodo:14872876:FH1003_PB_EIND1	disease_stage	<map of column group>	file	evidence/europepmc_blood.2024025655_core.json		we deeply profiled the CD8+ T-cell compartment of patients with newly diagnosed MM (NDMM)	True
FH1003_PB_EIND2	zenodo:14872876:FH1003_PB_EIND2	disease_stage	<map of column group>	file	evidence/europepmc_blood.2024025655_core.json		we deeply profiled the CD8+ T-cell compartment of patients with newly diagnosed MM (NDMM)	True
FH1003_PB_INDC3	zenodo:14872876:FH1003_PB_INDC3	disease_stage	<map of column group>	file	evidence/europepmc_blood.2024025655_core.json		we deeply profiled the CD8+ T-cell compartment of patients with newly diagnosed MM (NDMM)	True
FH1003_PB_PRETX	zenodo:14872876:FH1003_PB_PRETX	disease_stage	<map of column group>	file	evidence/europepmc_blood.2024025655_core.json		we deeply profiled the CD8+ T-cell compartment of patients with newly diagnosed MM (NDMM)	True
FH1003_PB_TRN90	zenodo:14872876:FH1003_PB_TRN90	disease_stage	<map of column group>	file	evidence/europepmc_blood.2024025655_core.json		we deeply profiled the CD8+ T-cell compartment of patients with newly diagnosed MM (NDMM)	True
FH1003_PB_TRNY1	zenodo:14872876:FH1003_PB_TRNY1	disease_stage	<map of column group>	file	evidence/europepmc_blood.2024025655_core.json		we deeply profiled the CD8+ T-cell compartment of patients with newly diagnosed MM (NDMM)	True
FH1004_PB_EIND1	zenodo:14872876:FH1004_PB_EIND1	disease_stage	<map of column group>	file	evidence/europepmc_blood.2024025655_core.json		we deeply profiled the CD8+ T-cell compartment of patients with newly diagnosed MM (NDMM)	True
FH1004_PB_EIND2	zenodo:14872876:FH1004_PB_EIND2	disease_stage	<map of column group>	file	evidence/europepmc_blood.2024025655_core.json		we deeply profiled the CD8+ T-cell compartment of patients with newly diagnosed MM (NDMM)	True
FH1004_PB_INDC2	zenodo:14872876:FH1004_PB_INDC2	disease_stage	<map of column group>	file	evidence/europepmc_blood.2024025655_core.json		we deeply profiled the CD8+ T-cell compartment of patients with newly diagnosed MM (NDMM)	True
FH1004_PB_INDC3	zenodo:14872876:FH1004_PB_INDC3	disease_stage	<map of column group>	file	evidence/europepmc_blood.2024025655_core.json		we deeply profiled the CD8+ T-cell compartment of patients with newly diagnosed MM (NDMM)	True
FH1004_PB_PRETX	zenodo:14872876:FH1004_PB_PRETX	disease_stage	<map of column group>	file	evidence/europepmc_blood.2024025655_core.json		we deeply profiled the CD8+ T-cell compartment of patients with newly diagnosed MM (NDMM)	True
FH1004_PB_TRN90	zenodo:14872876:FH1004_PB_TRN90	disease_stage	<map of column group>	file	evidence/europepmc_blood.2024025655_core.json		we deeply profiled the CD8+ T-cell compartment of patients with newly diagnosed MM (NDMM)	True
FH1005_BM_EIND1	zenodo:14872876:FH1005_BM_EIND1	disease_stage	<map of column group>	file	evidence/europepmc_blood.2024025655_core.json		we deeply profiled the CD8+ T-cell compartment of patients with newly diagnosed MM (NDMM)	True
FH1005_BM_PRETX	zenodo:14872876:FH1005_BM_PRETX	disease_stage	<map of column group>	file	evidence/europepmc_blood.2024025655_core.json		we deeply profiled the CD8+ T-cell compartment of patients with newly diagnosed MM (NDMM)	True
FH1005_BM_TRN90	zenodo:14872876:FH1005_BM_TRN90	disease_stage	<map of column group>	file	evidence/europepmc_blood.2024025655_core.json		we deeply profiled the CD8+ T-cell compartment of patients with newly diagnosed MM (NDMM)	True
FH1005_PB_EIND2	zenodo:14872876:FH1005_PB_EIND2	disease_stage	<map of column group>	file	evidence/europepmc_blood.2024025655_core.json		we deeply profiled the CD8+ T-cell compartment of patients with newly diagnosed MM (NDMM)	True
FH1005_PB_INDC3	zenodo:14872876:FH1005_PB_INDC3	disease_stage	<map of column group>	file	evidence/europepmc_blood.2024025655_core.json		we deeply profiled the CD8+ T-cell compartment of patients with newly diagnosed MM (NDMM)	True
FH1005_PB_PRETX	zenodo:14872876:FH1005_PB_PRETX	disease_stage	<map of column group>	file	evidence/europepmc_blood.2024025655_core.json		we deeply profiled the CD8+ T-cell compartment of patients with newly diagnosed MM (NDMM)	True
FH1005_PB_PoCo15	zenodo:14872876:FH1005_PB_PoCo15	disease_stage	<map of column group>	file	evidence/europepmc_blood.2024025655_core.json		we deeply profiled the CD8+ T-cell compartment of patients with newly diagnosed MM (NDMM)	True
FH1005_PB_TRN90	zenodo:14872876:FH1005_PB_TRN90	disease_stage	<map of column group>	file	evidence/europepmc_blood.2024025655_core.json		we deeply profiled the CD8+ T-cell compartment of patients with newly diagnosed MM (NDMM)	True
FH1006_PB_EIND1	zenodo:14872876:FH1006_PB_EIND1	disease_stage	<map of column group>	file	evidence/europepmc_blood.2024025655_core.json		we deeply profiled the CD8+ T-cell compartment of patients with newly diagnosed MM (NDMM)	True
FH1006_PB_EIND2	zenodo:14872876:FH1006_PB_EIND2	disease_stage	<map of column group>	file	evidence/europepmc_blood.2024025655_core.json		we deeply profiled the CD8+ T-cell compartment of patients with newly diagnosed MM (NDMM)	True
FH1006_PB_INDC3	zenodo:14872876:FH1006_PB_INDC3	disease_stage	<map of column group>	file	evidence/europepmc_blood.2024025655_core.json		we deeply profiled the CD8+ T-cell compartment of patients with newly diagnosed MM (NDMM)	True
FH1006_PB_PRETX	zenodo:14872876:FH1006_PB_PRETX	disease_stage	<map of column group>	file	evidence/europepmc_blood.2024025655_core.json		we deeply profiled the CD8+ T-cell compartment of patients with newly diagnosed MM (NDMM)	True
FH1006_PB_TRN60	zenodo:14872876:FH1006_PB_TRN60	disease_stage	<map of column group>	file	evidence/europepmc_blood.2024025655_core.json		we deeply profiled the CD8+ T-cell compartment of patients with newly diagnosed MM (NDMM)	True
FH1006_PB_TRN90	zenodo:14872876:FH1006_PB_TRN90	disease_stage	<map of column group>	file	evidence/europepmc_blood.2024025655_core.json		we deeply profiled the CD8+ T-cell compartment of patients with newly diagnosed MM (NDMM)	True
FH1006_PB_TRNY1	zenodo:14872876:FH1006_PB_TRNY1	disease_stage	<map of column group>	file	evidence/europepmc_blood.2024025655_core.json		we deeply profiled the CD8+ T-cell compartment of patients with newly diagnosed MM (NDMM)	True
FH1007_BM_PRETX	zenodo:14872876:FH1007_BM_PRETX	disease_stage	<map of column group>	file	evidence/europepmc_blood.2024025655_core.json		we deeply profiled the CD8+ T-cell compartment of patients with newly diagnosed MM (NDMM)	True
FH1007_BM_TRN90	zenodo:14872876:FH1007_BM_TRN90	disease_stage	<map of column group>	file	evidence/europepmc_blood.2024025655_core.json		we deeply profiled the CD8+ T-cell compartment of patients with newly diagnosed MM (NDMM)	True
FH1007_BM_TRNY1	zenodo:14872876:FH1007_BM_TRNY1	disease_stage	<map of column group>	file	evidence/europepmc_blood.2024025655_core.json		we deeply profiled the CD8+ T-cell compartment of patients with newly diagnosed MM (NDMM)	True
FH1007_PB_EIND1	zenodo:14872876:FH1007_PB_EIND1	disease_stage	<map of column group>	file	evidence/europepmc_blood.2024025655_core.json		we deeply profiled the CD8+ T-cell compartment of patients with newly diagnosed MM (NDMM)	True
FH1007_PB_EIND2	zenodo:14872876:FH1007_PB_EIND2	disease_stage	<map of column group>	file	evidence/europepmc_blood.2024025655_core.json		we deeply profiled the CD8+ T-cell compartment of patients with newly diagnosed MM (NDMM)	True
FH1007_PB_PRETX	zenodo:14872876:FH1007_PB_PRETX	disease_stage	<map of column group>	file	evidence/europepmc_blood.2024025655_core.json		we deeply profiled the CD8+ T-cell compartment of patients with newly diagnosed MM (NDMM)	True
FH1007_PB_TRN90	zenodo:14872876:FH1007_PB_TRN90	disease_stage	<map of column group>	file	evidence/europepmc_blood.2024025655_core.json		we deeply profiled the CD8+ T-cell compartment of patients with newly diagnosed MM (NDMM)	True
FH1007_PB_Y1D90	zenodo:14872876:FH1007_PB_Y1D90	disease_stage	<map of column group>	file	evidence/europepmc_blood.2024025655_core.json		we deeply profiled the CD8+ T-cell compartment of patients with newly diagnosed MM (NDMM)	True
FH1008_BM_EIND1	zenodo:14872876:FH1008_BM_EIND1	disease_stage	<map of column group>	file	evidence/europepmc_blood.2024025655_core.json		we deeply profiled the CD8+ T-cell compartment of patients with newly diagnosed MM (NDMM)	True
FH1008_BM_PRETX	zenodo:14872876:FH1008_BM_PRETX	disease_stage	<map of column group>	file	evidence/europepmc_blood.2024025655_core.json		we deeply profiled the CD8+ T-cell compartment of patients with newly diagnosed MM (NDMM)	True
FH1008_BM_TRN90	zenodo:14872876:FH1008_BM_TRN90	disease_stage	<map of column group>	file	evidence/europepmc_blood.2024025655_core.json		we deeply profiled the CD8+ T-cell compartment of patients with newly diagnosed MM (NDMM)	True
FH1008_BM_TRNY1	zenodo:14872876:FH1008_BM_TRNY1	disease_stage	<map of column group>	file	evidence/europepmc_blood.2024025655_core.json		we deeply profiled the CD8+ T-cell compartment of patients with newly diagnosed MM (NDMM)	True
FH1008_PB_EIND1	zenodo:14872876:FH1008_PB_EIND1	disease_stage	<map of column group>	file	evidence/europepmc_blood.2024025655_core.json		we deeply profiled the CD8+ T-cell compartment of patients with newly diagnosed MM (NDMM)	True
FH1008_PB_EIND2	zenodo:14872876:FH1008_PB_EIND2	disease_stage	<map of column group>	file	evidence/europepmc_blood.2024025655_core.json		we deeply profiled the CD8+ T-cell compartment of patients with newly diagnosed MM (NDMM)	True
FH1008_PB_INDC3	zenodo:14872876:FH1008_PB_INDC3	disease_stage	<map of column group>	file	evidence/europepmc_blood.2024025655_core.json		we deeply profiled the CD8+ T-cell compartment of patients with newly diagnosed MM (NDMM)	True
FH1008_PB_PRETX	zenodo:14872876:FH1008_PB_PRETX	disease_stage	<map of column group>	file	evidence/europepmc_blood.2024025655_core.json		we deeply profiled the CD8+ T-cell compartment of patients with newly diagnosed MM (NDMM)	True
FH1008_PB_TRN90	zenodo:14872876:FH1008_PB_TRN90	disease_stage	<map of column group>	file	evidence/europepmc_blood.2024025655_core.json		we deeply profiled the CD8+ T-cell compartment of patients with newly diagnosed MM (NDMM)	True
FH1008_PB_TRNY1	zenodo:14872876:FH1008_PB_TRNY1	disease_stage	<map of column group>	file	evidence/europepmc_blood.2024025655_core.json		we deeply profiled the CD8+ T-cell compartment of patients with newly diagnosed MM (NDMM)	True
FH1009_BM_PRETX	zenodo:14872876:FH1009_BM_PRETX	disease_stage	<map of column group>	file	evidence/europepmc_blood.2024025655_core.json		we deeply profiled the CD8+ T-cell compartment of patients with newly diagnosed MM (NDMM)	True
FH1009_BM_TRN90	zenodo:14872876:FH1009_BM_TRN90	disease_stage	<map of column group>	file	evidence/europepmc_blood.2024025655_core.json		we deeply profiled the CD8+ T-cell compartment of patients with newly diagnosed MM (NDMM)	True
FH1009_PB_EIND2	zenodo:14872876:FH1009_PB_EIND2	disease_stage	<map of column group>	file	evidence/europepmc_blood.2024025655_core.json		we deeply profiled the CD8+ T-cell compartment of patients with newly diagnosed MM (NDMM)	True
FH1009_PB_PRETX	zenodo:14872876:FH1009_PB_PRETX	disease_stage	<map of column group>	file	evidence/europepmc_blood.2024025655_core.json		we deeply profiled the CD8+ T-cell compartment of patients with newly diagnosed MM (NDMM)	True
FH1009_PB_TRN90	zenodo:14872876:FH1009_PB_TRN90	disease_stage	<map of column group>	file	evidence/europepmc_blood.2024025655_core.json		we deeply profiled the CD8+ T-cell compartment of patients with newly diagnosed MM (NDMM)	True
FH1011_BM_EIND1	zenodo:14872876:FH1011_BM_EIND1	disease_stage	<map of column group>	file	evidence/europepmc_blood.2024025655_core.json		we deeply profiled the CD8+ T-cell compartment of patients with newly diagnosed MM (NDMM)	True
FH1011_BM_PRETX	zenodo:14872876:FH1011_BM_PRETX	disease_stage	<map of column group>	file	evidence/europepmc_blood.2024025655_core.json		we deeply profiled the CD8+ T-cell compartment of patients with newly diagnosed MM (NDMM)	True
FH1011_BM_TRNY1	zenodo:14872876:FH1011_BM_TRNY1	disease_stage	<map of column group>	file	evidence/europepmc_blood.2024025655_core.json		we deeply profiled the CD8+ T-cell compartment of patients with newly diagnosed MM (NDMM)	True
FH1011_PB_EIND2	zenodo:14872876:FH1011_PB_EIND2	disease_stage	<map of column group>	file	evidence/europepmc_blood.2024025655_core.json		we deeply profiled the CD8+ T-cell compartment of patients with newly diagnosed MM (NDMM)	True
FH1011_PB_INDC3	zenodo:14872876:FH1011_PB_INDC3	disease_stage	<map of column group>	file	evidence/europepmc_blood.2024025655_core.json		we deeply profiled the CD8+ T-cell compartment of patients with newly diagnosed MM (NDMM)	True
FH1011_PB_PRETX	zenodo:14872876:FH1011_PB_PRETX	disease_stage	<map of column group>	file	evidence/europepmc_blood.2024025655_core.json		we deeply profiled the CD8+ T-cell compartment of patients with newly diagnosed MM (NDMM)	True
FH1011_PB_TRN90	zenodo:14872876:FH1011_PB_TRN90	disease_stage	<map of column group>	file	evidence/europepmc_blood.2024025655_core.json		we deeply profiled the CD8+ T-cell compartment of patients with newly diagnosed MM (NDMM)	True
FH1011_PB_TRNY1	zenodo:14872876:FH1011_PB_TRNY1	disease_stage	<map of column group>	file	evidence/europepmc_blood.2024025655_core.json		we deeply profiled the CD8+ T-cell compartment of patients with newly diagnosed MM (NDMM)	True
FH1016_BM_EIND1	zenodo:14872876:FH1016_BM_EIND1	disease_stage	<map of column group>	file	evidence/europepmc_blood.2024025655_core.json		we deeply profiled the CD8+ T-cell compartment of patients with newly diagnosed MM (NDMM)	True
FH1016_BM_PRETX	zenodo:14872876:FH1016_BM_PRETX	disease_stage	<map of column group>	file	evidence/europepmc_blood.2024025655_core.json		we deeply profiled the CD8+ T-cell compartment of patients with newly diagnosed MM (NDMM)	True
FH1016_BM_TRN90	zenodo:14872876:FH1016_BM_TRN90	disease_stage	<map of column group>	file	evidence/europepmc_blood.2024025655_core.json		we deeply profiled the CD8+ T-cell compartment of patients with newly diagnosed MM (NDMM)	True
FH1016_BM_TRNY1	zenodo:14872876:FH1016_BM_TRNY1	disease_stage	<map of column group>	file	evidence/europepmc_blood.2024025655_core.json		we deeply profiled the CD8+ T-cell compartment of patients with newly diagnosed MM (NDMM)	True
FH1016_PB_EIND2	zenodo:14872876:FH1016_PB_EIND2	disease_stage	<map of column group>	file	evidence/europepmc_blood.2024025655_core.json		we deeply profiled the CD8+ T-cell compartment of patients with newly diagnosed MM (NDMM)	True
FH1016_PB_PRETX	zenodo:14872876:FH1016_PB_PRETX	disease_stage	<map of column group>	file	evidence/europepmc_blood.2024025655_core.json		we deeply profiled the CD8+ T-cell compartment of patients with newly diagnosed MM (NDMM)	True
FH1016_PB_TRN90	zenodo:14872876:FH1016_PB_TRN90	disease_stage	<map of column group>	file	evidence/europepmc_blood.2024025655_core.json		we deeply profiled the CD8+ T-cell compartment of patients with newly diagnosed MM (NDMM)	True
FH1016_PB_TRNY1	zenodo:14872876:FH1016_PB_TRNY1	disease_stage	<map of column group>	file	evidence/europepmc_blood.2024025655_core.json		we deeply profiled the CD8+ T-cell compartment of patients with newly diagnosed MM (NDMM)	True
FH1022_BM_EIND1	zenodo:14872876:FH1022_BM_EIND1	disease_stage	<map of column group>	file	evidence/europepmc_blood.2024025655_core.json		we deeply profiled the CD8+ T-cell compartment of patients with newly diagnosed MM (NDMM)	True
FH1022_BM_PRETX	zenodo:14872876:FH1022_BM_PRETX	disease_stage	<map of column group>	file	evidence/europepmc_blood.2024025655_core.json		we deeply profiled the CD8+ T-cell compartment of patients with newly diagnosed MM (NDMM)	True
FH1022_BM_TRN90	zenodo:14872876:FH1022_BM_TRN90	disease_stage	<map of column group>	file	evidence/europepmc_blood.2024025655_core.json		we deeply profiled the CD8+ T-cell compartment of patients with newly diagnosed MM (NDMM)	True
FH1022_BM_TRNY1	zenodo:14872876:FH1022_BM_TRNY1	disease_stage	<map of column group>	file	evidence/europepmc_blood.2024025655_core.json		we deeply profiled the CD8+ T-cell compartment of patients with newly diagnosed MM (NDMM)	True
FH1022_PB_EIND1	zenodo:14872876:FH1022_PB_EIND1	disease_stage	<map of column group>	file	evidence/europepmc_blood.2024025655_core.json		we deeply profiled the CD8+ T-cell compartment of patients with newly diagnosed MM (NDMM)	True
FH1022_PB_PRETX	zenodo:14872876:FH1022_PB_PRETX	disease_stage	<map of column group>	file	evidence/europepmc_blood.2024025655_core.json		we deeply profiled the CD8+ T-cell compartment of patients with newly diagnosed MM (NDMM)	True
FH1022_PB_TRN90	zenodo:14872876:FH1022_PB_TRN90	disease_stage	<map of column group>	file	evidence/europepmc_blood.2024025655_core.json		we deeply profiled the CD8+ T-cell compartment of patients with newly diagnosed MM (NDMM)	True
HC_BM_1	zenodo:14872876:HC_BM_1	disease_stage	<map of column group>	file	evidence/europepmc_blood.2024025655_core.json		we deeply profiled the CD8+ T-cell compartment of patients with newly diagnosed MM (NDMM)	True
HC_BM_2	zenodo:14872876:HC_BM_2	disease_stage	<map of column group>	file	evidence/europepmc_blood.2024025655_core.json		we deeply profiled the CD8+ T-cell compartment of patients with newly diagnosed MM (NDMM)	True
HC_BM_3	zenodo:14872876:HC_BM_3	disease_stage	<map of column group>	file	evidence/europepmc_blood.2024025655_core.json		we deeply profiled the CD8+ T-cell compartment of patients with newly diagnosed MM (NDMM)	True
HC_BM_4	zenodo:14872876:HC_BM_4	disease_stage	<map of column group>	file	evidence/europepmc_blood.2024025655_core.json		we deeply profiled the CD8+ T-cell compartment of patients with newly diagnosed MM (NDMM)	True
HC_BM_5	zenodo:14872876:HC_BM_5	disease_stage	<map of column group>	file	evidence/europepmc_blood.2024025655_core.json		we deeply profiled the CD8+ T-cell compartment of patients with newly diagnosed MM (NDMM)	True
HC_BM_6	zenodo:14872876:HC_BM_6	disease_stage	<map of column group>	file	evidence/europepmc_blood.2024025655_core.json		we deeply profiled the CD8+ T-cell compartment of patients with newly diagnosed MM (NDMM)	True
HC_BM_7	zenodo:14872876:HC_BM_7	disease_stage	<map of column group>	file	evidence/europepmc_blood.2024025655_core.json		we deeply profiled the CD8+ T-cell compartment of patients with newly diagnosed MM (NDMM)	True
HC_BM_8	zenodo:14872876:HC_BM_8	disease_stage	<map of column group>	file	evidence/europepmc_blood.2024025655_core.json		we deeply profiled the CD8+ T-cell compartment of patients with newly diagnosed MM (NDMM)	True
HC_PB_1	zenodo:14872876:HC_PB_1	disease_stage	<map of column group>	file	evidence/europepmc_blood.2024025655_core.json		we deeply profiled the CD8+ T-cell compartment of patients with newly diagnosed MM (NDMM)	True
HC_PB_2	zenodo:14872876:HC_PB_2	disease_stage	<map of column group>	file	evidence/europepmc_blood.2024025655_core.json		we deeply profiled the CD8+ T-cell compartment of patients with newly diagnosed MM (NDMM)	True
HC_PB_3	zenodo:14872876:HC_PB_3	disease_stage	<map of column group>	file	evidence/europepmc_blood.2024025655_core.json		we deeply profiled the CD8+ T-cell compartment of patients with newly diagnosed MM (NDMM)	True
HC_PB_4	zenodo:14872876:HC_PB_4	disease_stage	<map of column group>	file	evidence/europepmc_blood.2024025655_core.json		we deeply profiled the CD8+ T-cell compartment of patients with newly diagnosed MM (NDMM)	True
HC_PB_5	zenodo:14872876:HC_PB_5	disease_stage	<map of column group>	file	evidence/europepmc_blood.2024025655_core.json		we deeply profiled the CD8+ T-cell compartment of patients with newly diagnosed MM (NDMM)	True
HC_PB_6	zenodo:14872876:HC_PB_6	disease_stage	<map of column group>	file	evidence/europepmc_blood.2024025655_core.json		we deeply profiled the CD8+ T-cell compartment of patients with newly diagnosed MM (NDMM)	True
HC_PB_7	zenodo:14872876:HC_PB_7	disease_stage	<map of column group>	file	evidence/europepmc_blood.2024025655_core.json		we deeply profiled the CD8+ T-cell compartment of patients with newly diagnosed MM (NDMM)	True
HC_PB_8	zenodo:14872876:HC_PB_8	disease_stage	<map of column group>	file	evidence/europepmc_blood.2024025655_core.json		we deeply profiled the CD8+ T-cell compartment of patients with newly diagnosed MM (NDMM)	True
FH1002_BM_TRNY1	zenodo:14872876:FH1002_BM_TRNY1	disease_stage	<map of column group>	file	evidence/biorxiv_2024.06.03.597178.txt		from NDMM patients, from diagnosis through maintenance therapy	True
FH1002_PB_Y2D90	zenodo:14872876:FH1002_PB_Y2D90	disease_stage	<map of column group>	file	evidence/biorxiv_2024.06.03.597178.txt		from NDMM patients, from diagnosis through maintenance therapy	True
FH1003_BM_EIND1	zenodo:14872876:FH1003_BM_EIND1	disease_stage	<map of column group>	file	evidence/biorxiv_2024.06.03.597178.txt		from NDMM patients, from diagnosis through maintenance therapy	True
FH1003_BM_PRETX	zenodo:14872876:FH1003_BM_PRETX	disease_stage	<map of column group>	file	evidence/biorxiv_2024.06.03.597178.txt		from NDMM patients, from diagnosis through maintenance therapy	True
FH1003_BM_TRN90	zenodo:14872876:FH1003_BM_TRN90	disease_stage	<map of column group>	file	evidence/biorxiv_2024.06.03.597178.txt		from NDMM patients, from diagnosis through maintenance therapy	True
FH1003_BM_TRNY1	zenodo:14872876:FH1003_BM_TRNY1	disease_stage	<map of column group>	file	evidence/biorxiv_2024.06.03.597178.txt		from NDMM patients, from diagnosis through maintenance therapy	True
FH1003_PB_EIND1	zenodo:14872876:FH1003_PB_EIND1	disease_stage	<map of column group>	file	evidence/biorxiv_2024.06.03.597178.txt		from NDMM patients, from diagnosis through maintenance therapy	True
FH1003_PB_EIND2	zenodo:14872876:FH1003_PB_EIND2	disease_stage	<map of column group>	file	evidence/biorxiv_2024.06.03.597178.txt		from NDMM patients, from diagnosis through maintenance therapy	True
FH1003_PB_INDC3	zenodo:14872876:FH1003_PB_INDC3	disease_stage	<map of column group>	file	evidence/biorxiv_2024.06.03.597178.txt		from NDMM patients, from diagnosis through maintenance therapy	True
FH1003_PB_PRETX	zenodo:14872876:FH1003_PB_PRETX	disease_stage	<map of column group>	file	evidence/biorxiv_2024.06.03.597178.txt		from NDMM patients, from diagnosis through maintenance therapy	True
FH1003_PB_TRN90	zenodo:14872876:FH1003_PB_TRN90	disease_stage	<map of column group>	file	evidence/biorxiv_2024.06.03.597178.txt		from NDMM patients, from diagnosis through maintenance therapy	True
FH1003_PB_TRNY1	zenodo:14872876:FH1003_PB_TRNY1	disease_stage	<map of column group>	file	evidence/biorxiv_2024.06.03.597178.txt		from NDMM patients, from diagnosis through maintenance therapy	True
FH1004_PB_EIND1	zenodo:14872876:FH1004_PB_EIND1	disease_stage	<map of column group>	file	evidence/biorxiv_2024.06.03.597178.txt		from NDMM patients, from diagnosis through maintenance therapy	True
FH1004_PB_EIND2	zenodo:14872876:FH1004_PB_EIND2	disease_stage	<map of column group>	file	evidence/biorxiv_2024.06.03.597178.txt		from NDMM patients, from diagnosis through maintenance therapy	True
FH1004_PB_INDC2	zenodo:14872876:FH1004_PB_INDC2	disease_stage	<map of column group>	file	evidence/biorxiv_2024.06.03.597178.txt		from NDMM patients, from diagnosis through maintenance therapy	True
FH1004_PB_INDC3	zenodo:14872876:FH1004_PB_INDC3	disease_stage	<map of column group>	file	evidence/biorxiv_2024.06.03.597178.txt		from NDMM patients, from diagnosis through maintenance therapy	True
FH1004_PB_PRETX	zenodo:14872876:FH1004_PB_PRETX	disease_stage	<map of column group>	file	evidence/biorxiv_2024.06.03.597178.txt		from NDMM patients, from diagnosis through maintenance therapy	True
FH1004_PB_TRN90	zenodo:14872876:FH1004_PB_TRN90	disease_stage	<map of column group>	file	evidence/biorxiv_2024.06.03.597178.txt		from NDMM patients, from diagnosis through maintenance therapy	True
FH1005_BM_EIND1	zenodo:14872876:FH1005_BM_EIND1	disease_stage	<map of column group>	file	evidence/biorxiv_2024.06.03.597178.txt		from NDMM patients, from diagnosis through maintenance therapy	True
FH1005_BM_PRETX	zenodo:14872876:FH1005_BM_PRETX	disease_stage	<map of column group>	file	evidence/biorxiv_2024.06.03.597178.txt		from NDMM patients, from diagnosis through maintenance therapy	True
FH1005_BM_TRN90	zenodo:14872876:FH1005_BM_TRN90	disease_stage	<map of column group>	file	evidence/biorxiv_2024.06.03.597178.txt		from NDMM patients, from diagnosis through maintenance therapy	True
FH1005_PB_EIND2	zenodo:14872876:FH1005_PB_EIND2	disease_stage	<map of column group>	file	evidence/biorxiv_2024.06.03.597178.txt		from NDMM patients, from diagnosis through maintenance therapy	True
FH1005_PB_INDC3	zenodo:14872876:FH1005_PB_INDC3	disease_stage	<map of column group>	file	evidence/biorxiv_2024.06.03.597178.txt		from NDMM patients, from diagnosis through maintenance therapy	True
FH1005_PB_PRETX	zenodo:14872876:FH1005_PB_PRETX	disease_stage	<map of column group>	file	evidence/biorxiv_2024.06.03.597178.txt		from NDMM patients, from diagnosis through maintenance therapy	True
FH1005_PB_PoCo15	zenodo:14872876:FH1005_PB_PoCo15	disease_stage	<map of column group>	file	evidence/biorxiv_2024.06.03.597178.txt		from NDMM patients, from diagnosis through maintenance therapy	True
FH1005_PB_TRN90	zenodo:14872876:FH1005_PB_TRN90	disease_stage	<map of column group>	file	evidence/biorxiv_2024.06.03.597178.txt		from NDMM patients, from diagnosis through maintenance therapy	True
FH1006_PB_EIND1	zenodo:14872876:FH1006_PB_EIND1	disease_stage	<map of column group>	file	evidence/biorxiv_2024.06.03.597178.txt		from NDMM patients, from diagnosis through maintenance therapy	True
FH1006_PB_EIND2	zenodo:14872876:FH1006_PB_EIND2	disease_stage	<map of column group>	file	evidence/biorxiv_2024.06.03.597178.txt		from NDMM patients, from diagnosis through maintenance therapy	True
FH1006_PB_INDC3	zenodo:14872876:FH1006_PB_INDC3	disease_stage	<map of column group>	file	evidence/biorxiv_2024.06.03.597178.txt		from NDMM patients, from diagnosis through maintenance therapy	True
FH1006_PB_PRETX	zenodo:14872876:FH1006_PB_PRETX	disease_stage	<map of column group>	file	evidence/biorxiv_2024.06.03.597178.txt		from NDMM patients, from diagnosis through maintenance therapy	True
FH1006_PB_TRN60	zenodo:14872876:FH1006_PB_TRN60	disease_stage	<map of column group>	file	evidence/biorxiv_2024.06.03.597178.txt		from NDMM patients, from diagnosis through maintenance therapy	True
FH1006_PB_TRN90	zenodo:14872876:FH1006_PB_TRN90	disease_stage	<map of column group>	file	evidence/biorxiv_2024.06.03.597178.txt		from NDMM patients, from diagnosis through maintenance therapy	True
FH1006_PB_TRNY1	zenodo:14872876:FH1006_PB_TRNY1	disease_stage	<map of column group>	file	evidence/biorxiv_2024.06.03.597178.txt		from NDMM patients, from diagnosis through maintenance therapy	True
FH1007_BM_PRETX	zenodo:14872876:FH1007_BM_PRETX	disease_stage	<map of column group>	file	evidence/biorxiv_2024.06.03.597178.txt		from NDMM patients, from diagnosis through maintenance therapy	True
FH1007_BM_TRN90	zenodo:14872876:FH1007_BM_TRN90	disease_stage	<map of column group>	file	evidence/biorxiv_2024.06.03.597178.txt		from NDMM patients, from diagnosis through maintenance therapy	True
FH1007_BM_TRNY1	zenodo:14872876:FH1007_BM_TRNY1	disease_stage	<map of column group>	file	evidence/biorxiv_2024.06.03.597178.txt		from NDMM patients, from diagnosis through maintenance therapy	True
FH1007_PB_EIND1	zenodo:14872876:FH1007_PB_EIND1	disease_stage	<map of column group>	file	evidence/biorxiv_2024.06.03.597178.txt		from NDMM patients, from diagnosis through maintenance therapy	True
FH1007_PB_EIND2	zenodo:14872876:FH1007_PB_EIND2	disease_stage	<map of column group>	file	evidence/biorxiv_2024.06.03.597178.txt		from NDMM patients, from diagnosis through maintenance therapy	True
FH1007_PB_PRETX	zenodo:14872876:FH1007_PB_PRETX	disease_stage	<map of column group>	file	evidence/biorxiv_2024.06.03.597178.txt		from NDMM patients, from diagnosis through maintenance therapy	True
FH1007_PB_TRN90	zenodo:14872876:FH1007_PB_TRN90	disease_stage	<map of column group>	file	evidence/biorxiv_2024.06.03.597178.txt		from NDMM patients, from diagnosis through maintenance therapy	True
FH1007_PB_Y1D90	zenodo:14872876:FH1007_PB_Y1D90	disease_stage	<map of column group>	file	evidence/biorxiv_2024.06.03.597178.txt		from NDMM patients, from diagnosis through maintenance therapy	True
FH1008_BM_EIND1	zenodo:14872876:FH1008_BM_EIND1	disease_stage	<map of column group>	file	evidence/biorxiv_2024.06.03.597178.txt		from NDMM patients, from diagnosis through maintenance therapy	True
FH1008_BM_PRETX	zenodo:14872876:FH1008_BM_PRETX	disease_stage	<map of column group>	file	evidence/biorxiv_2024.06.03.597178.txt		from NDMM patients, from diagnosis through maintenance therapy	True
FH1008_BM_TRN90	zenodo:14872876:FH1008_BM_TRN90	disease_stage	<map of column group>	file	evidence/biorxiv_2024.06.03.597178.txt		from NDMM patients, from diagnosis through maintenance therapy	True
FH1008_BM_TRNY1	zenodo:14872876:FH1008_BM_TRNY1	disease_stage	<map of column group>	file	evidence/biorxiv_2024.06.03.597178.txt		from NDMM patients, from diagnosis through maintenance therapy	True
FH1008_PB_EIND1	zenodo:14872876:FH1008_PB_EIND1	disease_stage	<map of column group>	file	evidence/biorxiv_2024.06.03.597178.txt		from NDMM patients, from diagnosis through maintenance therapy	True
FH1008_PB_EIND2	zenodo:14872876:FH1008_PB_EIND2	disease_stage	<map of column group>	file	evidence/biorxiv_2024.06.03.597178.txt		from NDMM patients, from diagnosis through maintenance therapy	True
FH1008_PB_INDC3	zenodo:14872876:FH1008_PB_INDC3	disease_stage	<map of column group>	file	evidence/biorxiv_2024.06.03.597178.txt		from NDMM patients, from diagnosis through maintenance therapy	True
FH1008_PB_PRETX	zenodo:14872876:FH1008_PB_PRETX	disease_stage	<map of column group>	file	evidence/biorxiv_2024.06.03.597178.txt		from NDMM patients, from diagnosis through maintenance therapy	True
FH1008_PB_TRN90	zenodo:14872876:FH1008_PB_TRN90	disease_stage	<map of column group>	file	evidence/biorxiv_2024.06.03.597178.txt		from NDMM patients, from diagnosis through maintenance therapy	True
FH1008_PB_TRNY1	zenodo:14872876:FH1008_PB_TRNY1	disease_stage	<map of column group>	file	evidence/biorxiv_2024.06.03.597178.txt		from NDMM patients, from diagnosis through maintenance therapy	True
FH1009_BM_PRETX	zenodo:14872876:FH1009_BM_PRETX	disease_stage	<map of column group>	file	evidence/biorxiv_2024.06.03.597178.txt		from NDMM patients, from diagnosis through maintenance therapy	True
FH1009_BM_TRN90	zenodo:14872876:FH1009_BM_TRN90	disease_stage	<map of column group>	file	evidence/biorxiv_2024.06.03.597178.txt		from NDMM patients, from diagnosis through maintenance therapy	True
FH1009_PB_EIND2	zenodo:14872876:FH1009_PB_EIND2	disease_stage	<map of column group>	file	evidence/biorxiv_2024.06.03.597178.txt		from NDMM patients, from diagnosis through maintenance therapy	True
FH1009_PB_PRETX	zenodo:14872876:FH1009_PB_PRETX	disease_stage	<map of column group>	file	evidence/biorxiv_2024.06.03.597178.txt		from NDMM patients, from diagnosis through maintenance therapy	True
FH1009_PB_TRN90	zenodo:14872876:FH1009_PB_TRN90	disease_stage	<map of column group>	file	evidence/biorxiv_2024.06.03.597178.txt		from NDMM patients, from diagnosis through maintenance therapy	True
FH1011_BM_EIND1	zenodo:14872876:FH1011_BM_EIND1	disease_stage	<map of column group>	file	evidence/biorxiv_2024.06.03.597178.txt		from NDMM patients, from diagnosis through maintenance therapy	True
FH1011_BM_PRETX	zenodo:14872876:FH1011_BM_PRETX	disease_stage	<map of column group>	file	evidence/biorxiv_2024.06.03.597178.txt		from NDMM patients, from diagnosis through maintenance therapy	True
FH1011_BM_TRNY1	zenodo:14872876:FH1011_BM_TRNY1	disease_stage	<map of column group>	file	evidence/biorxiv_2024.06.03.597178.txt		from NDMM patients, from diagnosis through maintenance therapy	True
FH1011_PB_EIND2	zenodo:14872876:FH1011_PB_EIND2	disease_stage	<map of column group>	file	evidence/biorxiv_2024.06.03.597178.txt		from NDMM patients, from diagnosis through maintenance therapy	True
FH1011_PB_INDC3	zenodo:14872876:FH1011_PB_INDC3	disease_stage	<map of column group>	file	evidence/biorxiv_2024.06.03.597178.txt		from NDMM patients, from diagnosis through maintenance therapy	True
FH1011_PB_PRETX	zenodo:14872876:FH1011_PB_PRETX	disease_stage	<map of column group>	file	evidence/biorxiv_2024.06.03.597178.txt		from NDMM patients, from diagnosis through maintenance therapy	True
FH1011_PB_TRN90	zenodo:14872876:FH1011_PB_TRN90	disease_stage	<map of column group>	file	evidence/biorxiv_2024.06.03.597178.txt		from NDMM patients, from diagnosis through maintenance therapy	True
FH1011_PB_TRNY1	zenodo:14872876:FH1011_PB_TRNY1	disease_stage	<map of column group>	file	evidence/biorxiv_2024.06.03.597178.txt		from NDMM patients, from diagnosis through maintenance therapy	True
FH1016_BM_EIND1	zenodo:14872876:FH1016_BM_EIND1	disease_stage	<map of column group>	file	evidence/biorxiv_2024.06.03.597178.txt		from NDMM patients, from diagnosis through maintenance therapy	True
FH1016_BM_PRETX	zenodo:14872876:FH1016_BM_PRETX	disease_stage	<map of column group>	file	evidence/biorxiv_2024.06.03.597178.txt		from NDMM patients, from diagnosis through maintenance therapy	True
FH1016_BM_TRN90	zenodo:14872876:FH1016_BM_TRN90	disease_stage	<map of column group>	file	evidence/biorxiv_2024.06.03.597178.txt		from NDMM patients, from diagnosis through maintenance therapy	True
FH1016_BM_TRNY1	zenodo:14872876:FH1016_BM_TRNY1	disease_stage	<map of column group>	file	evidence/biorxiv_2024.06.03.597178.txt		from NDMM patients, from diagnosis through maintenance therapy	True
FH1016_PB_EIND2	zenodo:14872876:FH1016_PB_EIND2	disease_stage	<map of column group>	file	evidence/biorxiv_2024.06.03.597178.txt		from NDMM patients, from diagnosis through maintenance therapy	True
FH1016_PB_PRETX	zenodo:14872876:FH1016_PB_PRETX	disease_stage	<map of column group>	file	evidence/biorxiv_2024.06.03.597178.txt		from NDMM patients, from diagnosis through maintenance therapy	True
FH1016_PB_TRN90	zenodo:14872876:FH1016_PB_TRN90	disease_stage	<map of column group>	file	evidence/biorxiv_2024.06.03.597178.txt		from NDMM patients, from diagnosis through maintenance therapy	True
FH1016_PB_TRNY1	zenodo:14872876:FH1016_PB_TRNY1	disease_stage	<map of column group>	file	evidence/biorxiv_2024.06.03.597178.txt		from NDMM patients, from diagnosis through maintenance therapy	True
FH1022_BM_EIND1	zenodo:14872876:FH1022_BM_EIND1	disease_stage	<map of column group>	file	evidence/biorxiv_2024.06.03.597178.txt		from NDMM patients, from diagnosis through maintenance therapy	True
FH1022_BM_PRETX	zenodo:14872876:FH1022_BM_PRETX	disease_stage	<map of column group>	file	evidence/biorxiv_2024.06.03.597178.txt		from NDMM patients, from diagnosis through maintenance therapy	True
FH1022_BM_TRN90	zenodo:14872876:FH1022_BM_TRN90	disease_stage	<map of column group>	file	evidence/biorxiv_2024.06.03.597178.txt		from NDMM patients, from diagnosis through maintenance therapy	True
FH1022_BM_TRNY1	zenodo:14872876:FH1022_BM_TRNY1	disease_stage	<map of column group>	file	evidence/biorxiv_2024.06.03.597178.txt		from NDMM patients, from diagnosis through maintenance therapy	True
FH1022_PB_EIND1	zenodo:14872876:FH1022_PB_EIND1	disease_stage	<map of column group>	file	evidence/biorxiv_2024.06.03.597178.txt		from NDMM patients, from diagnosis through maintenance therapy	True
FH1022_PB_PRETX	zenodo:14872876:FH1022_PB_PRETX	disease_stage	<map of column group>	file	evidence/biorxiv_2024.06.03.597178.txt		from NDMM patients, from diagnosis through maintenance therapy	True
FH1022_PB_TRN90	zenodo:14872876:FH1022_PB_TRN90	disease_stage	<map of column group>	file	evidence/biorxiv_2024.06.03.597178.txt		from NDMM patients, from diagnosis through maintenance therapy	True
HC_BM_1	zenodo:14872876:HC_BM_1	disease_stage	<map of column group>	file	evidence/biorxiv_2024.06.03.597178.txt		from NDMM patients, from diagnosis through maintenance therapy	True
HC_BM_2	zenodo:14872876:HC_BM_2	disease_stage	<map of column group>	file	evidence/biorxiv_2024.06.03.597178.txt		from NDMM patients, from diagnosis through maintenance therapy	True
HC_BM_3	zenodo:14872876:HC_BM_3	disease_stage	<map of column group>	file	evidence/biorxiv_2024.06.03.597178.txt		from NDMM patients, from diagnosis through maintenance therapy	True
HC_BM_4	zenodo:14872876:HC_BM_4	disease_stage	<map of column group>	file	evidence/biorxiv_2024.06.03.597178.txt		from NDMM patients, from diagnosis through maintenance therapy	True
HC_BM_5	zenodo:14872876:HC_BM_5	disease_stage	<map of column group>	file	evidence/biorxiv_2024.06.03.597178.txt		from NDMM patients, from diagnosis through maintenance therapy	True
HC_BM_6	zenodo:14872876:HC_BM_6	disease_stage	<map of column group>	file	evidence/biorxiv_2024.06.03.597178.txt		from NDMM patients, from diagnosis through maintenance therapy	True
HC_BM_7	zenodo:14872876:HC_BM_7	disease_stage	<map of column group>	file	evidence/biorxiv_2024.06.03.597178.txt		from NDMM patients, from diagnosis through maintenance therapy	True
HC_BM_8	zenodo:14872876:HC_BM_8	disease_stage	<map of column group>	file	evidence/biorxiv_2024.06.03.597178.txt		from NDMM patients, from diagnosis through maintenance therapy	True
HC_PB_1	zenodo:14872876:HC_PB_1	disease_stage	<map of column group>	file	evidence/biorxiv_2024.06.03.597178.txt		from NDMM patients, from diagnosis through maintenance therapy	True
HC_PB_2	zenodo:14872876:HC_PB_2	disease_stage	<map of column group>	file	evidence/biorxiv_2024.06.03.597178.txt		from NDMM patients, from diagnosis through maintenance therapy	True
HC_PB_3	zenodo:14872876:HC_PB_3	disease_stage	<map of column group>	file	evidence/biorxiv_2024.06.03.597178.txt		from NDMM patients, from diagnosis through maintenance therapy	True
HC_PB_4	zenodo:14872876:HC_PB_4	disease_stage	<map of column group>	file	evidence/biorxiv_2024.06.03.597178.txt		from NDMM patients, from diagnosis through maintenance therapy	True
HC_PB_5	zenodo:14872876:HC_PB_5	disease_stage	<map of column group>	file	evidence/biorxiv_2024.06.03.597178.txt		from NDMM patients, from diagnosis through maintenance therapy	True
HC_PB_6	zenodo:14872876:HC_PB_6	disease_stage	<map of column group>	file	evidence/biorxiv_2024.06.03.597178.txt		from NDMM patients, from diagnosis through maintenance therapy	True
HC_PB_7	zenodo:14872876:HC_PB_7	disease_stage	<map of column group>	file	evidence/biorxiv_2024.06.03.597178.txt		from NDMM patients, from diagnosis through maintenance therapy	True
HC_PB_8	zenodo:14872876:HC_PB_8	disease_stage	<map of column group>	file	evidence/biorxiv_2024.06.03.597178.txt		from NDMM patients, from diagnosis through maintenance therapy	True
FH1002_BM_TRNY1	zenodo:14872876:FH1002_BM_TRNY1	treatment_status	<map of column new_time_point>	file	evidence/biorxiv_2024.06.03.597178.txt		We collected BM and PB samples from NDMM patients (n=9) before treatment (PRETX), during induction therapy (INDC), after induction therapy (EIND; median 33 days after start of last cycle), 90 days post-ASCT (TRN90), and 1-year post-ASCT (TRNY1; Fig. 1A, Table S1).	True
FH1002_PB_Y2D90	zenodo:14872876:FH1002_PB_Y2D90	treatment_status	<map of column new_time_point>	file	evidence/biorxiv_2024.06.03.597178.txt		We collected BM and PB samples from NDMM patients (n=9) before treatment (PRETX), during induction therapy (INDC), after induction therapy (EIND; median 33 days after start of last cycle), 90 days post-ASCT (TRN90), and 1-year post-ASCT (TRNY1; Fig. 1A, Table S1).	True
FH1003_BM_EIND1	zenodo:14872876:FH1003_BM_EIND1	treatment_status	<map of column new_time_point>	file	evidence/biorxiv_2024.06.03.597178.txt		We collected BM and PB samples from NDMM patients (n=9) before treatment (PRETX), during induction therapy (INDC), after induction therapy (EIND; median 33 days after start of last cycle), 90 days post-ASCT (TRN90), and 1-year post-ASCT (TRNY1; Fig. 1A, Table S1).	True
FH1003_BM_PRETX	zenodo:14872876:FH1003_BM_PRETX	treatment_status	<map of column new_time_point>	file	evidence/biorxiv_2024.06.03.597178.txt		We collected BM and PB samples from NDMM patients (n=9) before treatment (PRETX), during induction therapy (INDC), after induction therapy (EIND; median 33 days after start of last cycle), 90 days post-ASCT (TRN90), and 1-year post-ASCT (TRNY1; Fig. 1A, Table S1).	True
FH1003_BM_TRN90	zenodo:14872876:FH1003_BM_TRN90	treatment_status	<map of column new_time_point>	file	evidence/biorxiv_2024.06.03.597178.txt		We collected BM and PB samples from NDMM patients (n=9) before treatment (PRETX), during induction therapy (INDC), after induction therapy (EIND; median 33 days after start of last cycle), 90 days post-ASCT (TRN90), and 1-year post-ASCT (TRNY1; Fig. 1A, Table S1).	True
FH1003_BM_TRNY1	zenodo:14872876:FH1003_BM_TRNY1	treatment_status	<map of column new_time_point>	file	evidence/biorxiv_2024.06.03.597178.txt		We collected BM and PB samples from NDMM patients (n=9) before treatment (PRETX), during induction therapy (INDC), after induction therapy (EIND; median 33 days after start of last cycle), 90 days post-ASCT (TRN90), and 1-year post-ASCT (TRNY1; Fig. 1A, Table S1).	True
FH1003_PB_EIND1	zenodo:14872876:FH1003_PB_EIND1	treatment_status	<map of column new_time_point>	file	evidence/biorxiv_2024.06.03.597178.txt		We collected BM and PB samples from NDMM patients (n=9) before treatment (PRETX), during induction therapy (INDC), after induction therapy (EIND; median 33 days after start of last cycle), 90 days post-ASCT (TRN90), and 1-year post-ASCT (TRNY1; Fig. 1A, Table S1).	True
FH1003_PB_EIND2	zenodo:14872876:FH1003_PB_EIND2	treatment_status	<map of column new_time_point>	file	evidence/biorxiv_2024.06.03.597178.txt		We collected BM and PB samples from NDMM patients (n=9) before treatment (PRETX), during induction therapy (INDC), after induction therapy (EIND; median 33 days after start of last cycle), 90 days post-ASCT (TRN90), and 1-year post-ASCT (TRNY1; Fig. 1A, Table S1).	True
FH1003_PB_INDC3	zenodo:14872876:FH1003_PB_INDC3	treatment_status	<map of column new_time_point>	file	evidence/biorxiv_2024.06.03.597178.txt		We collected BM and PB samples from NDMM patients (n=9) before treatment (PRETX), during induction therapy (INDC), after induction therapy (EIND; median 33 days after start of last cycle), 90 days post-ASCT (TRN90), and 1-year post-ASCT (TRNY1; Fig. 1A, Table S1).	True
FH1003_PB_PRETX	zenodo:14872876:FH1003_PB_PRETX	treatment_status	<map of column new_time_point>	file	evidence/biorxiv_2024.06.03.597178.txt		We collected BM and PB samples from NDMM patients (n=9) before treatment (PRETX), during induction therapy (INDC), after induction therapy (EIND; median 33 days after start of last cycle), 90 days post-ASCT (TRN90), and 1-year post-ASCT (TRNY1; Fig. 1A, Table S1).	True
FH1003_PB_TRN90	zenodo:14872876:FH1003_PB_TRN90	treatment_status	<map of column new_time_point>	file	evidence/biorxiv_2024.06.03.597178.txt		We collected BM and PB samples from NDMM patients (n=9) before treatment (PRETX), during induction therapy (INDC), after induction therapy (EIND; median 33 days after start of last cycle), 90 days post-ASCT (TRN90), and 1-year post-ASCT (TRNY1; Fig. 1A, Table S1).	True
FH1003_PB_TRNY1	zenodo:14872876:FH1003_PB_TRNY1	treatment_status	<map of column new_time_point>	file	evidence/biorxiv_2024.06.03.597178.txt		We collected BM and PB samples from NDMM patients (n=9) before treatment (PRETX), during induction therapy (INDC), after induction therapy (EIND; median 33 days after start of last cycle), 90 days post-ASCT (TRN90), and 1-year post-ASCT (TRNY1; Fig. 1A, Table S1).	True
FH1004_PB_EIND1	zenodo:14872876:FH1004_PB_EIND1	treatment_status	<map of column new_time_point>	file	evidence/biorxiv_2024.06.03.597178.txt		We collected BM and PB samples from NDMM patients (n=9) before treatment (PRETX), during induction therapy (INDC), after induction therapy (EIND; median 33 days after start of last cycle), 90 days post-ASCT (TRN90), and 1-year post-ASCT (TRNY1; Fig. 1A, Table S1).	True
FH1004_PB_EIND2	zenodo:14872876:FH1004_PB_EIND2	treatment_status	<map of column new_time_point>	file	evidence/biorxiv_2024.06.03.597178.txt		We collected BM and PB samples from NDMM patients (n=9) before treatment (PRETX), during induction therapy (INDC), after induction therapy (EIND; median 33 days after start of last cycle), 90 days post-ASCT (TRN90), and 1-year post-ASCT (TRNY1; Fig. 1A, Table S1).	True
FH1004_PB_INDC2	zenodo:14872876:FH1004_PB_INDC2	treatment_status	<map of column new_time_point>	file	evidence/biorxiv_2024.06.03.597178.txt		We collected BM and PB samples from NDMM patients (n=9) before treatment (PRETX), during induction therapy (INDC), after induction therapy (EIND; median 33 days after start of last cycle), 90 days post-ASCT (TRN90), and 1-year post-ASCT (TRNY1; Fig. 1A, Table S1).	True
FH1004_PB_INDC3	zenodo:14872876:FH1004_PB_INDC3	treatment_status	<map of column new_time_point>	file	evidence/biorxiv_2024.06.03.597178.txt		We collected BM and PB samples from NDMM patients (n=9) before treatment (PRETX), during induction therapy (INDC), after induction therapy (EIND; median 33 days after start of last cycle), 90 days post-ASCT (TRN90), and 1-year post-ASCT (TRNY1; Fig. 1A, Table S1).	True
FH1004_PB_PRETX	zenodo:14872876:FH1004_PB_PRETX	treatment_status	<map of column new_time_point>	file	evidence/biorxiv_2024.06.03.597178.txt		We collected BM and PB samples from NDMM patients (n=9) before treatment (PRETX), during induction therapy (INDC), after induction therapy (EIND; median 33 days after start of last cycle), 90 days post-ASCT (TRN90), and 1-year post-ASCT (TRNY1; Fig. 1A, Table S1).	True
FH1004_PB_TRN90	zenodo:14872876:FH1004_PB_TRN90	treatment_status	<map of column new_time_point>	file	evidence/biorxiv_2024.06.03.597178.txt		We collected BM and PB samples from NDMM patients (n=9) before treatment (PRETX), during induction therapy (INDC), after induction therapy (EIND; median 33 days after start of last cycle), 90 days post-ASCT (TRN90), and 1-year post-ASCT (TRNY1; Fig. 1A, Table S1).	True
FH1005_BM_EIND1	zenodo:14872876:FH1005_BM_EIND1	treatment_status	<map of column new_time_point>	file	evidence/biorxiv_2024.06.03.597178.txt		We collected BM and PB samples from NDMM patients (n=9) before treatment (PRETX), during induction therapy (INDC), after induction therapy (EIND; median 33 days after start of last cycle), 90 days post-ASCT (TRN90), and 1-year post-ASCT (TRNY1; Fig. 1A, Table S1).	True
FH1005_BM_PRETX	zenodo:14872876:FH1005_BM_PRETX	treatment_status	<map of column new_time_point>	file	evidence/biorxiv_2024.06.03.597178.txt		We collected BM and PB samples from NDMM patients (n=9) before treatment (PRETX), during induction therapy (INDC), after induction therapy (EIND; median 33 days after start of last cycle), 90 days post-ASCT (TRN90), and 1-year post-ASCT (TRNY1; Fig. 1A, Table S1).	True
FH1005_BM_TRN90	zenodo:14872876:FH1005_BM_TRN90	treatment_status	<map of column new_time_point>	file	evidence/biorxiv_2024.06.03.597178.txt		We collected BM and PB samples from NDMM patients (n=9) before treatment (PRETX), during induction therapy (INDC), after induction therapy (EIND; median 33 days after start of last cycle), 90 days post-ASCT (TRN90), and 1-year post-ASCT (TRNY1; Fig. 1A, Table S1).	True
FH1005_PB_EIND2	zenodo:14872876:FH1005_PB_EIND2	treatment_status	<map of column new_time_point>	file	evidence/biorxiv_2024.06.03.597178.txt		We collected BM and PB samples from NDMM patients (n=9) before treatment (PRETX), during induction therapy (INDC), after induction therapy (EIND; median 33 days after start of last cycle), 90 days post-ASCT (TRN90), and 1-year post-ASCT (TRNY1; Fig. 1A, Table S1).	True
FH1005_PB_INDC3	zenodo:14872876:FH1005_PB_INDC3	treatment_status	<map of column new_time_point>	file	evidence/biorxiv_2024.06.03.597178.txt		We collected BM and PB samples from NDMM patients (n=9) before treatment (PRETX), during induction therapy (INDC), after induction therapy (EIND; median 33 days after start of last cycle), 90 days post-ASCT (TRN90), and 1-year post-ASCT (TRNY1; Fig. 1A, Table S1).	True
FH1005_PB_PRETX	zenodo:14872876:FH1005_PB_PRETX	treatment_status	<map of column new_time_point>	file	evidence/biorxiv_2024.06.03.597178.txt		We collected BM and PB samples from NDMM patients (n=9) before treatment (PRETX), during induction therapy (INDC), after induction therapy (EIND; median 33 days after start of last cycle), 90 days post-ASCT (TRN90), and 1-year post-ASCT (TRNY1; Fig. 1A, Table S1).	True
FH1005_PB_PoCo15	zenodo:14872876:FH1005_PB_PoCo15	treatment_status	<map of column new_time_point>	file	evidence/biorxiv_2024.06.03.597178.txt		We collected BM and PB samples from NDMM patients (n=9) before treatment (PRETX), during induction therapy (INDC), after induction therapy (EIND; median 33 days after start of last cycle), 90 days post-ASCT (TRN90), and 1-year post-ASCT (TRNY1; Fig. 1A, Table S1).	True
FH1005_PB_TRN90	zenodo:14872876:FH1005_PB_TRN90	treatment_status	<map of column new_time_point>	file	evidence/biorxiv_2024.06.03.597178.txt		We collected BM and PB samples from NDMM patients (n=9) before treatment (PRETX), during induction therapy (INDC), after induction therapy (EIND; median 33 days after start of last cycle), 90 days post-ASCT (TRN90), and 1-year post-ASCT (TRNY1; Fig. 1A, Table S1).	True
FH1006_PB_EIND1	zenodo:14872876:FH1006_PB_EIND1	treatment_status	<map of column new_time_point>	file	evidence/biorxiv_2024.06.03.597178.txt		We collected BM and PB samples from NDMM patients (n=9) before treatment (PRETX), during induction therapy (INDC), after induction therapy (EIND; median 33 days after start of last cycle), 90 days post-ASCT (TRN90), and 1-year post-ASCT (TRNY1; Fig. 1A, Table S1).	True
FH1006_PB_EIND2	zenodo:14872876:FH1006_PB_EIND2	treatment_status	<map of column new_time_point>	file	evidence/biorxiv_2024.06.03.597178.txt		We collected BM and PB samples from NDMM patients (n=9) before treatment (PRETX), during induction therapy (INDC), after induction therapy (EIND; median 33 days after start of last cycle), 90 days post-ASCT (TRN90), and 1-year post-ASCT (TRNY1; Fig. 1A, Table S1).	True
FH1006_PB_INDC3	zenodo:14872876:FH1006_PB_INDC3	treatment_status	<map of column new_time_point>	file	evidence/biorxiv_2024.06.03.597178.txt		We collected BM and PB samples from NDMM patients (n=9) before treatment (PRETX), during induction therapy (INDC), after induction therapy (EIND; median 33 days after start of last cycle), 90 days post-ASCT (TRN90), and 1-year post-ASCT (TRNY1; Fig. 1A, Table S1).	True
FH1006_PB_PRETX	zenodo:14872876:FH1006_PB_PRETX	treatment_status	<map of column new_time_point>	file	evidence/biorxiv_2024.06.03.597178.txt		We collected BM and PB samples from NDMM patients (n=9) before treatment (PRETX), during induction therapy (INDC), after induction therapy (EIND; median 33 days after start of last cycle), 90 days post-ASCT (TRN90), and 1-year post-ASCT (TRNY1; Fig. 1A, Table S1).	True
FH1006_PB_TRN60	zenodo:14872876:FH1006_PB_TRN60	treatment_status	<map of column new_time_point>	file	evidence/biorxiv_2024.06.03.597178.txt		We collected BM and PB samples from NDMM patients (n=9) before treatment (PRETX), during induction therapy (INDC), after induction therapy (EIND; median 33 days after start of last cycle), 90 days post-ASCT (TRN90), and 1-year post-ASCT (TRNY1; Fig. 1A, Table S1).	True
FH1006_PB_TRN90	zenodo:14872876:FH1006_PB_TRN90	treatment_status	<map of column new_time_point>	file	evidence/biorxiv_2024.06.03.597178.txt		We collected BM and PB samples from NDMM patients (n=9) before treatment (PRETX), during induction therapy (INDC), after induction therapy (EIND; median 33 days after start of last cycle), 90 days post-ASCT (TRN90), and 1-year post-ASCT (TRNY1; Fig. 1A, Table S1).	True
FH1006_PB_TRNY1	zenodo:14872876:FH1006_PB_TRNY1	treatment_status	<map of column new_time_point>	file	evidence/biorxiv_2024.06.03.597178.txt		We collected BM and PB samples from NDMM patients (n=9) before treatment (PRETX), during induction therapy (INDC), after induction therapy (EIND; median 33 days after start of last cycle), 90 days post-ASCT (TRN90), and 1-year post-ASCT (TRNY1; Fig. 1A, Table S1).	True
FH1007_BM_PRETX	zenodo:14872876:FH1007_BM_PRETX	treatment_status	<map of column new_time_point>	file	evidence/biorxiv_2024.06.03.597178.txt		We collected BM and PB samples from NDMM patients (n=9) before treatment (PRETX), during induction therapy (INDC), after induction therapy (EIND; median 33 days after start of last cycle), 90 days post-ASCT (TRN90), and 1-year post-ASCT (TRNY1; Fig. 1A, Table S1).	True
FH1007_BM_TRN90	zenodo:14872876:FH1007_BM_TRN90	treatment_status	<map of column new_time_point>	file	evidence/biorxiv_2024.06.03.597178.txt		We collected BM and PB samples from NDMM patients (n=9) before treatment (PRETX), during induction therapy (INDC), after induction therapy (EIND; median 33 days after start of last cycle), 90 days post-ASCT (TRN90), and 1-year post-ASCT (TRNY1; Fig. 1A, Table S1).	True
FH1007_BM_TRNY1	zenodo:14872876:FH1007_BM_TRNY1	treatment_status	<map of column new_time_point>	file	evidence/biorxiv_2024.06.03.597178.txt		We collected BM and PB samples from NDMM patients (n=9) before treatment (PRETX), during induction therapy (INDC), after induction therapy (EIND; median 33 days after start of last cycle), 90 days post-ASCT (TRN90), and 1-year post-ASCT (TRNY1; Fig. 1A, Table S1).	True
FH1007_PB_EIND1	zenodo:14872876:FH1007_PB_EIND1	treatment_status	<map of column new_time_point>	file	evidence/biorxiv_2024.06.03.597178.txt		We collected BM and PB samples from NDMM patients (n=9) before treatment (PRETX), during induction therapy (INDC), after induction therapy (EIND; median 33 days after start of last cycle), 90 days post-ASCT (TRN90), and 1-year post-ASCT (TRNY1; Fig. 1A, Table S1).	True
FH1007_PB_EIND2	zenodo:14872876:FH1007_PB_EIND2	treatment_status	<map of column new_time_point>	file	evidence/biorxiv_2024.06.03.597178.txt		We collected BM and PB samples from NDMM patients (n=9) before treatment (PRETX), during induction therapy (INDC), after induction therapy (EIND; median 33 days after start of last cycle), 90 days post-ASCT (TRN90), and 1-year post-ASCT (TRNY1; Fig. 1A, Table S1).	True
FH1007_PB_PRETX	zenodo:14872876:FH1007_PB_PRETX	treatment_status	<map of column new_time_point>	file	evidence/biorxiv_2024.06.03.597178.txt		We collected BM and PB samples from NDMM patients (n=9) before treatment (PRETX), during induction therapy (INDC), after induction therapy (EIND; median 33 days after start of last cycle), 90 days post-ASCT (TRN90), and 1-year post-ASCT (TRNY1; Fig. 1A, Table S1).	True
FH1007_PB_TRN90	zenodo:14872876:FH1007_PB_TRN90	treatment_status	<map of column new_time_point>	file	evidence/biorxiv_2024.06.03.597178.txt		We collected BM and PB samples from NDMM patients (n=9) before treatment (PRETX), during induction therapy (INDC), after induction therapy (EIND; median 33 days after start of last cycle), 90 days post-ASCT (TRN90), and 1-year post-ASCT (TRNY1; Fig. 1A, Table S1).	True
FH1007_PB_Y1D90	zenodo:14872876:FH1007_PB_Y1D90	treatment_status	<map of column new_time_point>	file	evidence/biorxiv_2024.06.03.597178.txt		We collected BM and PB samples from NDMM patients (n=9) before treatment (PRETX), during induction therapy (INDC), after induction therapy (EIND; median 33 days after start of last cycle), 90 days post-ASCT (TRN90), and 1-year post-ASCT (TRNY1; Fig. 1A, Table S1).	True
FH1008_BM_EIND1	zenodo:14872876:FH1008_BM_EIND1	treatment_status	<map of column new_time_point>	file	evidence/biorxiv_2024.06.03.597178.txt		We collected BM and PB samples from NDMM patients (n=9) before treatment (PRETX), during induction therapy (INDC), after induction therapy (EIND; median 33 days after start of last cycle), 90 days post-ASCT (TRN90), and 1-year post-ASCT (TRNY1; Fig. 1A, Table S1).	True
FH1008_BM_PRETX	zenodo:14872876:FH1008_BM_PRETX	treatment_status	<map of column new_time_point>	file	evidence/biorxiv_2024.06.03.597178.txt		We collected BM and PB samples from NDMM patients (n=9) before treatment (PRETX), during induction therapy (INDC), after induction therapy (EIND; median 33 days after start of last cycle), 90 days post-ASCT (TRN90), and 1-year post-ASCT (TRNY1; Fig. 1A, Table S1).	True
FH1008_BM_TRN90	zenodo:14872876:FH1008_BM_TRN90	treatment_status	<map of column new_time_point>	file	evidence/biorxiv_2024.06.03.597178.txt		We collected BM and PB samples from NDMM patients (n=9) before treatment (PRETX), during induction therapy (INDC), after induction therapy (EIND; median 33 days after start of last cycle), 90 days post-ASCT (TRN90), and 1-year post-ASCT (TRNY1; Fig. 1A, Table S1).	True
FH1008_BM_TRNY1	zenodo:14872876:FH1008_BM_TRNY1	treatment_status	<map of column new_time_point>	file	evidence/biorxiv_2024.06.03.597178.txt		We collected BM and PB samples from NDMM patients (n=9) before treatment (PRETX), during induction therapy (INDC), after induction therapy (EIND; median 33 days after start of last cycle), 90 days post-ASCT (TRN90), and 1-year post-ASCT (TRNY1; Fig. 1A, Table S1).	True
FH1008_PB_EIND1	zenodo:14872876:FH1008_PB_EIND1	treatment_status	<map of column new_time_point>	file	evidence/biorxiv_2024.06.03.597178.txt		We collected BM and PB samples from NDMM patients (n=9) before treatment (PRETX), during induction therapy (INDC), after induction therapy (EIND; median 33 days after start of last cycle), 90 days post-ASCT (TRN90), and 1-year post-ASCT (TRNY1; Fig. 1A, Table S1).	True
FH1008_PB_EIND2	zenodo:14872876:FH1008_PB_EIND2	treatment_status	<map of column new_time_point>	file	evidence/biorxiv_2024.06.03.597178.txt		We collected BM and PB samples from NDMM patients (n=9) before treatment (PRETX), during induction therapy (INDC), after induction therapy (EIND; median 33 days after start of last cycle), 90 days post-ASCT (TRN90), and 1-year post-ASCT (TRNY1; Fig. 1A, Table S1).	True
FH1008_PB_INDC3	zenodo:14872876:FH1008_PB_INDC3	treatment_status	<map of column new_time_point>	file	evidence/biorxiv_2024.06.03.597178.txt		We collected BM and PB samples from NDMM patients (n=9) before treatment (PRETX), during induction therapy (INDC), after induction therapy (EIND; median 33 days after start of last cycle), 90 days post-ASCT (TRN90), and 1-year post-ASCT (TRNY1; Fig. 1A, Table S1).	True
FH1008_PB_PRETX	zenodo:14872876:FH1008_PB_PRETX	treatment_status	<map of column new_time_point>	file	evidence/biorxiv_2024.06.03.597178.txt		We collected BM and PB samples from NDMM patients (n=9) before treatment (PRETX), during induction therapy (INDC), after induction therapy (EIND; median 33 days after start of last cycle), 90 days post-ASCT (TRN90), and 1-year post-ASCT (TRNY1; Fig. 1A, Table S1).	True
FH1008_PB_TRN90	zenodo:14872876:FH1008_PB_TRN90	treatment_status	<map of column new_time_point>	file	evidence/biorxiv_2024.06.03.597178.txt		We collected BM and PB samples from NDMM patients (n=9) before treatment (PRETX), during induction therapy (INDC), after induction therapy (EIND; median 33 days after start of last cycle), 90 days post-ASCT (TRN90), and 1-year post-ASCT (TRNY1; Fig. 1A, Table S1).	True
FH1008_PB_TRNY1	zenodo:14872876:FH1008_PB_TRNY1	treatment_status	<map of column new_time_point>	file	evidence/biorxiv_2024.06.03.597178.txt		We collected BM and PB samples from NDMM patients (n=9) before treatment (PRETX), during induction therapy (INDC), after induction therapy (EIND; median 33 days after start of last cycle), 90 days post-ASCT (TRN90), and 1-year post-ASCT (TRNY1; Fig. 1A, Table S1).	True
FH1009_BM_PRETX	zenodo:14872876:FH1009_BM_PRETX	treatment_status	<map of column new_time_point>	file	evidence/biorxiv_2024.06.03.597178.txt		We collected BM and PB samples from NDMM patients (n=9) before treatment (PRETX), during induction therapy (INDC), after induction therapy (EIND; median 33 days after start of last cycle), 90 days post-ASCT (TRN90), and 1-year post-ASCT (TRNY1; Fig. 1A, Table S1).	True
FH1009_BM_TRN90	zenodo:14872876:FH1009_BM_TRN90	treatment_status	<map of column new_time_point>	file	evidence/biorxiv_2024.06.03.597178.txt		We collected BM and PB samples from NDMM patients (n=9) before treatment (PRETX), during induction therapy (INDC), after induction therapy (EIND; median 33 days after start of last cycle), 90 days post-ASCT (TRN90), and 1-year post-ASCT (TRNY1; Fig. 1A, Table S1).	True
FH1009_PB_EIND2	zenodo:14872876:FH1009_PB_EIND2	treatment_status	<map of column new_time_point>	file	evidence/biorxiv_2024.06.03.597178.txt		We collected BM and PB samples from NDMM patients (n=9) before treatment (PRETX), during induction therapy (INDC), after induction therapy (EIND; median 33 days after start of last cycle), 90 days post-ASCT (TRN90), and 1-year post-ASCT (TRNY1; Fig. 1A, Table S1).	True
FH1009_PB_PRETX	zenodo:14872876:FH1009_PB_PRETX	treatment_status	<map of column new_time_point>	file	evidence/biorxiv_2024.06.03.597178.txt		We collected BM and PB samples from NDMM patients (n=9) before treatment (PRETX), during induction therapy (INDC), after induction therapy (EIND; median 33 days after start of last cycle), 90 days post-ASCT (TRN90), and 1-year post-ASCT (TRNY1; Fig. 1A, Table S1).	True
FH1009_PB_TRN90	zenodo:14872876:FH1009_PB_TRN90	treatment_status	<map of column new_time_point>	file	evidence/biorxiv_2024.06.03.597178.txt		We collected BM and PB samples from NDMM patients (n=9) before treatment (PRETX), during induction therapy (INDC), after induction therapy (EIND; median 33 days after start of last cycle), 90 days post-ASCT (TRN90), and 1-year post-ASCT (TRNY1; Fig. 1A, Table S1).	True
FH1011_BM_EIND1	zenodo:14872876:FH1011_BM_EIND1	treatment_status	<map of column new_time_point>	file	evidence/biorxiv_2024.06.03.597178.txt		We collected BM and PB samples from NDMM patients (n=9) before treatment (PRETX), during induction therapy (INDC), after induction therapy (EIND; median 33 days after start of last cycle), 90 days post-ASCT (TRN90), and 1-year post-ASCT (TRNY1; Fig. 1A, Table S1).	True
FH1011_BM_PRETX	zenodo:14872876:FH1011_BM_PRETX	treatment_status	<map of column new_time_point>	file	evidence/biorxiv_2024.06.03.597178.txt		We collected BM and PB samples from NDMM patients (n=9) before treatment (PRETX), during induction therapy (INDC), after induction therapy (EIND; median 33 days after start of last cycle), 90 days post-ASCT (TRN90), and 1-year post-ASCT (TRNY1; Fig. 1A, Table S1).	True
FH1011_BM_TRNY1	zenodo:14872876:FH1011_BM_TRNY1	treatment_status	<map of column new_time_point>	file	evidence/biorxiv_2024.06.03.597178.txt		We collected BM and PB samples from NDMM patients (n=9) before treatment (PRETX), during induction therapy (INDC), after induction therapy (EIND; median 33 days after start of last cycle), 90 days post-ASCT (TRN90), and 1-year post-ASCT (TRNY1; Fig. 1A, Table S1).	True
FH1011_PB_EIND2	zenodo:14872876:FH1011_PB_EIND2	treatment_status	<map of column new_time_point>	file	evidence/biorxiv_2024.06.03.597178.txt		We collected BM and PB samples from NDMM patients (n=9) before treatment (PRETX), during induction therapy (INDC), after induction therapy (EIND; median 33 days after start of last cycle), 90 days post-ASCT (TRN90), and 1-year post-ASCT (TRNY1; Fig. 1A, Table S1).	True
FH1011_PB_INDC3	zenodo:14872876:FH1011_PB_INDC3	treatment_status	<map of column new_time_point>	file	evidence/biorxiv_2024.06.03.597178.txt		We collected BM and PB samples from NDMM patients (n=9) before treatment (PRETX), during induction therapy (INDC), after induction therapy (EIND; median 33 days after start of last cycle), 90 days post-ASCT (TRN90), and 1-year post-ASCT (TRNY1; Fig. 1A, Table S1).	True
FH1011_PB_PRETX	zenodo:14872876:FH1011_PB_PRETX	treatment_status	<map of column new_time_point>	file	evidence/biorxiv_2024.06.03.597178.txt		We collected BM and PB samples from NDMM patients (n=9) before treatment (PRETX), during induction therapy (INDC), after induction therapy (EIND; median 33 days after start of last cycle), 90 days post-ASCT (TRN90), and 1-year post-ASCT (TRNY1; Fig. 1A, Table S1).	True
FH1011_PB_TRN90	zenodo:14872876:FH1011_PB_TRN90	treatment_status	<map of column new_time_point>	file	evidence/biorxiv_2024.06.03.597178.txt		We collected BM and PB samples from NDMM patients (n=9) before treatment (PRETX), during induction therapy (INDC), after induction therapy (EIND; median 33 days after start of last cycle), 90 days post-ASCT (TRN90), and 1-year post-ASCT (TRNY1; Fig. 1A, Table S1).	True
FH1011_PB_TRNY1	zenodo:14872876:FH1011_PB_TRNY1	treatment_status	<map of column new_time_point>	file	evidence/biorxiv_2024.06.03.597178.txt		We collected BM and PB samples from NDMM patients (n=9) before treatment (PRETX), during induction therapy (INDC), after induction therapy (EIND; median 33 days after start of last cycle), 90 days post-ASCT (TRN90), and 1-year post-ASCT (TRNY1; Fig. 1A, Table S1).	True
FH1016_BM_EIND1	zenodo:14872876:FH1016_BM_EIND1	treatment_status	<map of column new_time_point>	file	evidence/biorxiv_2024.06.03.597178.txt		We collected BM and PB samples from NDMM patients (n=9) before treatment (PRETX), during induction therapy (INDC), after induction therapy (EIND; median 33 days after start of last cycle), 90 days post-ASCT (TRN90), and 1-year post-ASCT (TRNY1; Fig. 1A, Table S1).	True
FH1016_BM_PRETX	zenodo:14872876:FH1016_BM_PRETX	treatment_status	<map of column new_time_point>	file	evidence/biorxiv_2024.06.03.597178.txt		We collected BM and PB samples from NDMM patients (n=9) before treatment (PRETX), during induction therapy (INDC), after induction therapy (EIND; median 33 days after start of last cycle), 90 days post-ASCT (TRN90), and 1-year post-ASCT (TRNY1; Fig. 1A, Table S1).	True
FH1016_BM_TRN90	zenodo:14872876:FH1016_BM_TRN90	treatment_status	<map of column new_time_point>	file	evidence/biorxiv_2024.06.03.597178.txt		We collected BM and PB samples from NDMM patients (n=9) before treatment (PRETX), during induction therapy (INDC), after induction therapy (EIND; median 33 days after start of last cycle), 90 days post-ASCT (TRN90), and 1-year post-ASCT (TRNY1; Fig. 1A, Table S1).	True
FH1016_BM_TRNY1	zenodo:14872876:FH1016_BM_TRNY1	treatment_status	<map of column new_time_point>	file	evidence/biorxiv_2024.06.03.597178.txt		We collected BM and PB samples from NDMM patients (n=9) before treatment (PRETX), during induction therapy (INDC), after induction therapy (EIND; median 33 days after start of last cycle), 90 days post-ASCT (TRN90), and 1-year post-ASCT (TRNY1; Fig. 1A, Table S1).	True
FH1016_PB_EIND2	zenodo:14872876:FH1016_PB_EIND2	treatment_status	<map of column new_time_point>	file	evidence/biorxiv_2024.06.03.597178.txt		We collected BM and PB samples from NDMM patients (n=9) before treatment (PRETX), during induction therapy (INDC), after induction therapy (EIND; median 33 days after start of last cycle), 90 days post-ASCT (TRN90), and 1-year post-ASCT (TRNY1; Fig. 1A, Table S1).	True
FH1016_PB_PRETX	zenodo:14872876:FH1016_PB_PRETX	treatment_status	<map of column new_time_point>	file	evidence/biorxiv_2024.06.03.597178.txt		We collected BM and PB samples from NDMM patients (n=9) before treatment (PRETX), during induction therapy (INDC), after induction therapy (EIND; median 33 days after start of last cycle), 90 days post-ASCT (TRN90), and 1-year post-ASCT (TRNY1; Fig. 1A, Table S1).	True
FH1016_PB_TRN90	zenodo:14872876:FH1016_PB_TRN90	treatment_status	<map of column new_time_point>	file	evidence/biorxiv_2024.06.03.597178.txt		We collected BM and PB samples from NDMM patients (n=9) before treatment (PRETX), during induction therapy (INDC), after induction therapy (EIND; median 33 days after start of last cycle), 90 days post-ASCT (TRN90), and 1-year post-ASCT (TRNY1; Fig. 1A, Table S1).	True
FH1016_PB_TRNY1	zenodo:14872876:FH1016_PB_TRNY1	treatment_status	<map of column new_time_point>	file	evidence/biorxiv_2024.06.03.597178.txt		We collected BM and PB samples from NDMM patients (n=9) before treatment (PRETX), during induction therapy (INDC), after induction therapy (EIND; median 33 days after start of last cycle), 90 days post-ASCT (TRN90), and 1-year post-ASCT (TRNY1; Fig. 1A, Table S1).	True
FH1022_BM_EIND1	zenodo:14872876:FH1022_BM_EIND1	treatment_status	<map of column new_time_point>	file	evidence/biorxiv_2024.06.03.597178.txt		We collected BM and PB samples from NDMM patients (n=9) before treatment (PRETX), during induction therapy (INDC), after induction therapy (EIND; median 33 days after start of last cycle), 90 days post-ASCT (TRN90), and 1-year post-ASCT (TRNY1; Fig. 1A, Table S1).	True
FH1022_BM_PRETX	zenodo:14872876:FH1022_BM_PRETX	treatment_status	<map of column new_time_point>	file	evidence/biorxiv_2024.06.03.597178.txt		We collected BM and PB samples from NDMM patients (n=9) before treatment (PRETX), during induction therapy (INDC), after induction therapy (EIND; median 33 days after start of last cycle), 90 days post-ASCT (TRN90), and 1-year post-ASCT (TRNY1; Fig. 1A, Table S1).	True
FH1022_BM_TRN90	zenodo:14872876:FH1022_BM_TRN90	treatment_status	<map of column new_time_point>	file	evidence/biorxiv_2024.06.03.597178.txt		We collected BM and PB samples from NDMM patients (n=9) before treatment (PRETX), during induction therapy (INDC), after induction therapy (EIND; median 33 days after start of last cycle), 90 days post-ASCT (TRN90), and 1-year post-ASCT (TRNY1; Fig. 1A, Table S1).	True
FH1022_BM_TRNY1	zenodo:14872876:FH1022_BM_TRNY1	treatment_status	<map of column new_time_point>	file	evidence/biorxiv_2024.06.03.597178.txt		We collected BM and PB samples from NDMM patients (n=9) before treatment (PRETX), during induction therapy (INDC), after induction therapy (EIND; median 33 days after start of last cycle), 90 days post-ASCT (TRN90), and 1-year post-ASCT (TRNY1; Fig. 1A, Table S1).	True
FH1022_PB_EIND1	zenodo:14872876:FH1022_PB_EIND1	treatment_status	<map of column new_time_point>	file	evidence/biorxiv_2024.06.03.597178.txt		We collected BM and PB samples from NDMM patients (n=9) before treatment (PRETX), during induction therapy (INDC), after induction therapy (EIND; median 33 days after start of last cycle), 90 days post-ASCT (TRN90), and 1-year post-ASCT (TRNY1; Fig. 1A, Table S1).	True
FH1022_PB_PRETX	zenodo:14872876:FH1022_PB_PRETX	treatment_status	<map of column new_time_point>	file	evidence/biorxiv_2024.06.03.597178.txt		We collected BM and PB samples from NDMM patients (n=9) before treatment (PRETX), during induction therapy (INDC), after induction therapy (EIND; median 33 days after start of last cycle), 90 days post-ASCT (TRN90), and 1-year post-ASCT (TRNY1; Fig. 1A, Table S1).	True
FH1022_PB_TRN90	zenodo:14872876:FH1022_PB_TRN90	treatment_status	<map of column new_time_point>	file	evidence/biorxiv_2024.06.03.597178.txt		We collected BM and PB samples from NDMM patients (n=9) before treatment (PRETX), during induction therapy (INDC), after induction therapy (EIND; median 33 days after start of last cycle), 90 days post-ASCT (TRN90), and 1-year post-ASCT (TRNY1; Fig. 1A, Table S1).	True
HC_BM_1	zenodo:14872876:HC_BM_1	treatment_status	<map of column new_time_point>	file	evidence/biorxiv_2024.06.03.597178.txt		We collected BM and PB samples from NDMM patients (n=9) before treatment (PRETX), during induction therapy (INDC), after induction therapy (EIND; median 33 days after start of last cycle), 90 days post-ASCT (TRN90), and 1-year post-ASCT (TRNY1; Fig. 1A, Table S1).	True
HC_BM_2	zenodo:14872876:HC_BM_2	treatment_status	<map of column new_time_point>	file	evidence/biorxiv_2024.06.03.597178.txt		We collected BM and PB samples from NDMM patients (n=9) before treatment (PRETX), during induction therapy (INDC), after induction therapy (EIND; median 33 days after start of last cycle), 90 days post-ASCT (TRN90), and 1-year post-ASCT (TRNY1; Fig. 1A, Table S1).	True
HC_BM_3	zenodo:14872876:HC_BM_3	treatment_status	<map of column new_time_point>	file	evidence/biorxiv_2024.06.03.597178.txt		We collected BM and PB samples from NDMM patients (n=9) before treatment (PRETX), during induction therapy (INDC), after induction therapy (EIND; median 33 days after start of last cycle), 90 days post-ASCT (TRN90), and 1-year post-ASCT (TRNY1; Fig. 1A, Table S1).	True
HC_BM_4	zenodo:14872876:HC_BM_4	treatment_status	<map of column new_time_point>	file	evidence/biorxiv_2024.06.03.597178.txt		We collected BM and PB samples from NDMM patients (n=9) before treatment (PRETX), during induction therapy (INDC), after induction therapy (EIND; median 33 days after start of last cycle), 90 days post-ASCT (TRN90), and 1-year post-ASCT (TRNY1; Fig. 1A, Table S1).	True
HC_BM_5	zenodo:14872876:HC_BM_5	treatment_status	<map of column new_time_point>	file	evidence/biorxiv_2024.06.03.597178.txt		We collected BM and PB samples from NDMM patients (n=9) before treatment (PRETX), during induction therapy (INDC), after induction therapy (EIND; median 33 days after start of last cycle), 90 days post-ASCT (TRN90), and 1-year post-ASCT (TRNY1; Fig. 1A, Table S1).	True
HC_BM_6	zenodo:14872876:HC_BM_6	treatment_status	<map of column new_time_point>	file	evidence/biorxiv_2024.06.03.597178.txt		We collected BM and PB samples from NDMM patients (n=9) before treatment (PRETX), during induction therapy (INDC), after induction therapy (EIND; median 33 days after start of last cycle), 90 days post-ASCT (TRN90), and 1-year post-ASCT (TRNY1; Fig. 1A, Table S1).	True
HC_BM_7	zenodo:14872876:HC_BM_7	treatment_status	<map of column new_time_point>	file	evidence/biorxiv_2024.06.03.597178.txt		We collected BM and PB samples from NDMM patients (n=9) before treatment (PRETX), during induction therapy (INDC), after induction therapy (EIND; median 33 days after start of last cycle), 90 days post-ASCT (TRN90), and 1-year post-ASCT (TRNY1; Fig. 1A, Table S1).	True
HC_BM_8	zenodo:14872876:HC_BM_8	treatment_status	<map of column new_time_point>	file	evidence/biorxiv_2024.06.03.597178.txt		We collected BM and PB samples from NDMM patients (n=9) before treatment (PRETX), during induction therapy (INDC), after induction therapy (EIND; median 33 days after start of last cycle), 90 days post-ASCT (TRN90), and 1-year post-ASCT (TRNY1; Fig. 1A, Table S1).	True
HC_PB_1	zenodo:14872876:HC_PB_1	treatment_status	<map of column new_time_point>	file	evidence/biorxiv_2024.06.03.597178.txt		We collected BM and PB samples from NDMM patients (n=9) before treatment (PRETX), during induction therapy (INDC), after induction therapy (EIND; median 33 days after start of last cycle), 90 days post-ASCT (TRN90), and 1-year post-ASCT (TRNY1; Fig. 1A, Table S1).	True
HC_PB_2	zenodo:14872876:HC_PB_2	treatment_status	<map of column new_time_point>	file	evidence/biorxiv_2024.06.03.597178.txt		We collected BM and PB samples from NDMM patients (n=9) before treatment (PRETX), during induction therapy (INDC), after induction therapy (EIND; median 33 days after start of last cycle), 90 days post-ASCT (TRN90), and 1-year post-ASCT (TRNY1; Fig. 1A, Table S1).	True
HC_PB_3	zenodo:14872876:HC_PB_3	treatment_status	<map of column new_time_point>	file	evidence/biorxiv_2024.06.03.597178.txt		We collected BM and PB samples from NDMM patients (n=9) before treatment (PRETX), during induction therapy (INDC), after induction therapy (EIND; median 33 days after start of last cycle), 90 days post-ASCT (TRN90), and 1-year post-ASCT (TRNY1; Fig. 1A, Table S1).	True
HC_PB_4	zenodo:14872876:HC_PB_4	treatment_status	<map of column new_time_point>	file	evidence/biorxiv_2024.06.03.597178.txt		We collected BM and PB samples from NDMM patients (n=9) before treatment (PRETX), during induction therapy (INDC), after induction therapy (EIND; median 33 days after start of last cycle), 90 days post-ASCT (TRN90), and 1-year post-ASCT (TRNY1; Fig. 1A, Table S1).	True
HC_PB_5	zenodo:14872876:HC_PB_5	treatment_status	<map of column new_time_point>	file	evidence/biorxiv_2024.06.03.597178.txt		We collected BM and PB samples from NDMM patients (n=9) before treatment (PRETX), during induction therapy (INDC), after induction therapy (EIND; median 33 days after start of last cycle), 90 days post-ASCT (TRN90), and 1-year post-ASCT (TRNY1; Fig. 1A, Table S1).	True
HC_PB_6	zenodo:14872876:HC_PB_6	treatment_status	<map of column new_time_point>	file	evidence/biorxiv_2024.06.03.597178.txt		We collected BM and PB samples from NDMM patients (n=9) before treatment (PRETX), during induction therapy (INDC), after induction therapy (EIND; median 33 days after start of last cycle), 90 days post-ASCT (TRN90), and 1-year post-ASCT (TRNY1; Fig. 1A, Table S1).	True
HC_PB_7	zenodo:14872876:HC_PB_7	treatment_status	<map of column new_time_point>	file	evidence/biorxiv_2024.06.03.597178.txt		We collected BM and PB samples from NDMM patients (n=9) before treatment (PRETX), during induction therapy (INDC), after induction therapy (EIND; median 33 days after start of last cycle), 90 days post-ASCT (TRN90), and 1-year post-ASCT (TRNY1; Fig. 1A, Table S1).	True
HC_PB_8	zenodo:14872876:HC_PB_8	treatment_status	<map of column new_time_point>	file	evidence/biorxiv_2024.06.03.597178.txt		We collected BM and PB samples from NDMM patients (n=9) before treatment (PRETX), during induction therapy (INDC), after induction therapy (EIND; median 33 days after start of last cycle), 90 days post-ASCT (TRN90), and 1-year post-ASCT (TRNY1; Fig. 1A, Table S1).	True
FH1002_BM_TRNY1	zenodo:14872876:FH1002_BM_TRNY1	treatment	<map of column new_time_point>	file	evidence/biorxiv_2024.06.03.597178.txt		NDMM patients received induction therapy, stem cell mobilization, melphalan, ASCT, and maintenance therapy (Fig. 1A, Table S1).	True
FH1002_PB_Y2D90	zenodo:14872876:FH1002_PB_Y2D90	treatment	<map of column new_time_point>	file	evidence/biorxiv_2024.06.03.597178.txt		NDMM patients received induction therapy, stem cell mobilization, melphalan, ASCT, and maintenance therapy (Fig. 1A, Table S1).	True
FH1003_BM_EIND1	zenodo:14872876:FH1003_BM_EIND1	treatment	<map of column new_time_point>	file	evidence/biorxiv_2024.06.03.597178.txt		NDMM patients received induction therapy, stem cell mobilization, melphalan, ASCT, and maintenance therapy (Fig. 1A, Table S1).	True
FH1003_BM_PRETX	zenodo:14872876:FH1003_BM_PRETX	treatment	<map of column new_time_point>	file	evidence/biorxiv_2024.06.03.597178.txt		NDMM patients received induction therapy, stem cell mobilization, melphalan, ASCT, and maintenance therapy (Fig. 1A, Table S1).	True
FH1003_BM_TRN90	zenodo:14872876:FH1003_BM_TRN90	treatment	<map of column new_time_point>	file	evidence/biorxiv_2024.06.03.597178.txt		NDMM patients received induction therapy, stem cell mobilization, melphalan, ASCT, and maintenance therapy (Fig. 1A, Table S1).	True
FH1003_BM_TRNY1	zenodo:14872876:FH1003_BM_TRNY1	treatment	<map of column new_time_point>	file	evidence/biorxiv_2024.06.03.597178.txt		NDMM patients received induction therapy, stem cell mobilization, melphalan, ASCT, and maintenance therapy (Fig. 1A, Table S1).	True
FH1003_PB_EIND1	zenodo:14872876:FH1003_PB_EIND1	treatment	<map of column new_time_point>	file	evidence/biorxiv_2024.06.03.597178.txt		NDMM patients received induction therapy, stem cell mobilization, melphalan, ASCT, and maintenance therapy (Fig. 1A, Table S1).	True
FH1003_PB_EIND2	zenodo:14872876:FH1003_PB_EIND2	treatment	<map of column new_time_point>	file	evidence/biorxiv_2024.06.03.597178.txt		NDMM patients received induction therapy, stem cell mobilization, melphalan, ASCT, and maintenance therapy (Fig. 1A, Table S1).	True
FH1003_PB_INDC3	zenodo:14872876:FH1003_PB_INDC3	treatment	<map of column new_time_point>	file	evidence/biorxiv_2024.06.03.597178.txt		NDMM patients received induction therapy, stem cell mobilization, melphalan, ASCT, and maintenance therapy (Fig. 1A, Table S1).	True
FH1003_PB_PRETX	zenodo:14872876:FH1003_PB_PRETX	treatment	<map of column new_time_point>	file	evidence/biorxiv_2024.06.03.597178.txt		NDMM patients received induction therapy, stem cell mobilization, melphalan, ASCT, and maintenance therapy (Fig. 1A, Table S1).	True
FH1003_PB_TRN90	zenodo:14872876:FH1003_PB_TRN90	treatment	<map of column new_time_point>	file	evidence/biorxiv_2024.06.03.597178.txt		NDMM patients received induction therapy, stem cell mobilization, melphalan, ASCT, and maintenance therapy (Fig. 1A, Table S1).	True
FH1003_PB_TRNY1	zenodo:14872876:FH1003_PB_TRNY1	treatment	<map of column new_time_point>	file	evidence/biorxiv_2024.06.03.597178.txt		NDMM patients received induction therapy, stem cell mobilization, melphalan, ASCT, and maintenance therapy (Fig. 1A, Table S1).	True
FH1004_PB_EIND1	zenodo:14872876:FH1004_PB_EIND1	treatment	<map of column new_time_point>	file	evidence/biorxiv_2024.06.03.597178.txt		NDMM patients received induction therapy, stem cell mobilization, melphalan, ASCT, and maintenance therapy (Fig. 1A, Table S1).	True
FH1004_PB_EIND2	zenodo:14872876:FH1004_PB_EIND2	treatment	<map of column new_time_point>	file	evidence/biorxiv_2024.06.03.597178.txt		NDMM patients received induction therapy, stem cell mobilization, melphalan, ASCT, and maintenance therapy (Fig. 1A, Table S1).	True
FH1004_PB_INDC2	zenodo:14872876:FH1004_PB_INDC2	treatment	<map of column new_time_point>	file	evidence/biorxiv_2024.06.03.597178.txt		NDMM patients received induction therapy, stem cell mobilization, melphalan, ASCT, and maintenance therapy (Fig. 1A, Table S1).	True
FH1004_PB_INDC3	zenodo:14872876:FH1004_PB_INDC3	treatment	<map of column new_time_point>	file	evidence/biorxiv_2024.06.03.597178.txt		NDMM patients received induction therapy, stem cell mobilization, melphalan, ASCT, and maintenance therapy (Fig. 1A, Table S1).	True
FH1004_PB_PRETX	zenodo:14872876:FH1004_PB_PRETX	treatment	<map of column new_time_point>	file	evidence/biorxiv_2024.06.03.597178.txt		NDMM patients received induction therapy, stem cell mobilization, melphalan, ASCT, and maintenance therapy (Fig. 1A, Table S1).	True
FH1004_PB_TRN90	zenodo:14872876:FH1004_PB_TRN90	treatment	<map of column new_time_point>	file	evidence/biorxiv_2024.06.03.597178.txt		NDMM patients received induction therapy, stem cell mobilization, melphalan, ASCT, and maintenance therapy (Fig. 1A, Table S1).	True
FH1005_BM_EIND1	zenodo:14872876:FH1005_BM_EIND1	treatment	<map of column new_time_point>	file	evidence/biorxiv_2024.06.03.597178.txt		NDMM patients received induction therapy, stem cell mobilization, melphalan, ASCT, and maintenance therapy (Fig. 1A, Table S1).	True
FH1005_BM_PRETX	zenodo:14872876:FH1005_BM_PRETX	treatment	<map of column new_time_point>	file	evidence/biorxiv_2024.06.03.597178.txt		NDMM patients received induction therapy, stem cell mobilization, melphalan, ASCT, and maintenance therapy (Fig. 1A, Table S1).	True
FH1005_BM_TRN90	zenodo:14872876:FH1005_BM_TRN90	treatment	<map of column new_time_point>	file	evidence/biorxiv_2024.06.03.597178.txt		NDMM patients received induction therapy, stem cell mobilization, melphalan, ASCT, and maintenance therapy (Fig. 1A, Table S1).	True
FH1005_PB_EIND2	zenodo:14872876:FH1005_PB_EIND2	treatment	<map of column new_time_point>	file	evidence/biorxiv_2024.06.03.597178.txt		NDMM patients received induction therapy, stem cell mobilization, melphalan, ASCT, and maintenance therapy (Fig. 1A, Table S1).	True
FH1005_PB_INDC3	zenodo:14872876:FH1005_PB_INDC3	treatment	<map of column new_time_point>	file	evidence/biorxiv_2024.06.03.597178.txt		NDMM patients received induction therapy, stem cell mobilization, melphalan, ASCT, and maintenance therapy (Fig. 1A, Table S1).	True
FH1005_PB_PRETX	zenodo:14872876:FH1005_PB_PRETX	treatment	<map of column new_time_point>	file	evidence/biorxiv_2024.06.03.597178.txt		NDMM patients received induction therapy, stem cell mobilization, melphalan, ASCT, and maintenance therapy (Fig. 1A, Table S1).	True
FH1005_PB_PoCo15	zenodo:14872876:FH1005_PB_PoCo15	treatment	<map of column new_time_point>	file	evidence/biorxiv_2024.06.03.597178.txt		NDMM patients received induction therapy, stem cell mobilization, melphalan, ASCT, and maintenance therapy (Fig. 1A, Table S1).	True
FH1005_PB_TRN90	zenodo:14872876:FH1005_PB_TRN90	treatment	<map of column new_time_point>	file	evidence/biorxiv_2024.06.03.597178.txt		NDMM patients received induction therapy, stem cell mobilization, melphalan, ASCT, and maintenance therapy (Fig. 1A, Table S1).	True
FH1006_PB_EIND1	zenodo:14872876:FH1006_PB_EIND1	treatment	<map of column new_time_point>	file	evidence/biorxiv_2024.06.03.597178.txt		NDMM patients received induction therapy, stem cell mobilization, melphalan, ASCT, and maintenance therapy (Fig. 1A, Table S1).	True
FH1006_PB_EIND2	zenodo:14872876:FH1006_PB_EIND2	treatment	<map of column new_time_point>	file	evidence/biorxiv_2024.06.03.597178.txt		NDMM patients received induction therapy, stem cell mobilization, melphalan, ASCT, and maintenance therapy (Fig. 1A, Table S1).	True
FH1006_PB_INDC3	zenodo:14872876:FH1006_PB_INDC3	treatment	<map of column new_time_point>	file	evidence/biorxiv_2024.06.03.597178.txt		NDMM patients received induction therapy, stem cell mobilization, melphalan, ASCT, and maintenance therapy (Fig. 1A, Table S1).	True
FH1006_PB_PRETX	zenodo:14872876:FH1006_PB_PRETX	treatment	<map of column new_time_point>	file	evidence/biorxiv_2024.06.03.597178.txt		NDMM patients received induction therapy, stem cell mobilization, melphalan, ASCT, and maintenance therapy (Fig. 1A, Table S1).	True
FH1006_PB_TRN60	zenodo:14872876:FH1006_PB_TRN60	treatment	<map of column new_time_point>	file	evidence/biorxiv_2024.06.03.597178.txt		NDMM patients received induction therapy, stem cell mobilization, melphalan, ASCT, and maintenance therapy (Fig. 1A, Table S1).	True
FH1006_PB_TRN90	zenodo:14872876:FH1006_PB_TRN90	treatment	<map of column new_time_point>	file	evidence/biorxiv_2024.06.03.597178.txt		NDMM patients received induction therapy, stem cell mobilization, melphalan, ASCT, and maintenance therapy (Fig. 1A, Table S1).	True
FH1006_PB_TRNY1	zenodo:14872876:FH1006_PB_TRNY1	treatment	<map of column new_time_point>	file	evidence/biorxiv_2024.06.03.597178.txt		NDMM patients received induction therapy, stem cell mobilization, melphalan, ASCT, and maintenance therapy (Fig. 1A, Table S1).	True
FH1007_BM_PRETX	zenodo:14872876:FH1007_BM_PRETX	treatment	<map of column new_time_point>	file	evidence/biorxiv_2024.06.03.597178.txt		NDMM patients received induction therapy, stem cell mobilization, melphalan, ASCT, and maintenance therapy (Fig. 1A, Table S1).	True
FH1007_BM_TRN90	zenodo:14872876:FH1007_BM_TRN90	treatment	<map of column new_time_point>	file	evidence/biorxiv_2024.06.03.597178.txt		NDMM patients received induction therapy, stem cell mobilization, melphalan, ASCT, and maintenance therapy (Fig. 1A, Table S1).	True
FH1007_BM_TRNY1	zenodo:14872876:FH1007_BM_TRNY1	treatment	<map of column new_time_point>	file	evidence/biorxiv_2024.06.03.597178.txt		NDMM patients received induction therapy, stem cell mobilization, melphalan, ASCT, and maintenance therapy (Fig. 1A, Table S1).	True
FH1007_PB_EIND1	zenodo:14872876:FH1007_PB_EIND1	treatment	<map of column new_time_point>	file	evidence/biorxiv_2024.06.03.597178.txt		NDMM patients received induction therapy, stem cell mobilization, melphalan, ASCT, and maintenance therapy (Fig. 1A, Table S1).	True
FH1007_PB_EIND2	zenodo:14872876:FH1007_PB_EIND2	treatment	<map of column new_time_point>	file	evidence/biorxiv_2024.06.03.597178.txt		NDMM patients received induction therapy, stem cell mobilization, melphalan, ASCT, and maintenance therapy (Fig. 1A, Table S1).	True
FH1007_PB_PRETX	zenodo:14872876:FH1007_PB_PRETX	treatment	<map of column new_time_point>	file	evidence/biorxiv_2024.06.03.597178.txt		NDMM patients received induction therapy, stem cell mobilization, melphalan, ASCT, and maintenance therapy (Fig. 1A, Table S1).	True
FH1007_PB_TRN90	zenodo:14872876:FH1007_PB_TRN90	treatment	<map of column new_time_point>	file	evidence/biorxiv_2024.06.03.597178.txt		NDMM patients received induction therapy, stem cell mobilization, melphalan, ASCT, and maintenance therapy (Fig. 1A, Table S1).	True
FH1007_PB_Y1D90	zenodo:14872876:FH1007_PB_Y1D90	treatment	<map of column new_time_point>	file	evidence/biorxiv_2024.06.03.597178.txt		NDMM patients received induction therapy, stem cell mobilization, melphalan, ASCT, and maintenance therapy (Fig. 1A, Table S1).	True
FH1008_BM_EIND1	zenodo:14872876:FH1008_BM_EIND1	treatment	<map of column new_time_point>	file	evidence/biorxiv_2024.06.03.597178.txt		NDMM patients received induction therapy, stem cell mobilization, melphalan, ASCT, and maintenance therapy (Fig. 1A, Table S1).	True
FH1008_BM_PRETX	zenodo:14872876:FH1008_BM_PRETX	treatment	<map of column new_time_point>	file	evidence/biorxiv_2024.06.03.597178.txt		NDMM patients received induction therapy, stem cell mobilization, melphalan, ASCT, and maintenance therapy (Fig. 1A, Table S1).	True
FH1008_BM_TRN90	zenodo:14872876:FH1008_BM_TRN90	treatment	<map of column new_time_point>	file	evidence/biorxiv_2024.06.03.597178.txt		NDMM patients received induction therapy, stem cell mobilization, melphalan, ASCT, and maintenance therapy (Fig. 1A, Table S1).	True
FH1008_BM_TRNY1	zenodo:14872876:FH1008_BM_TRNY1	treatment	<map of column new_time_point>	file	evidence/biorxiv_2024.06.03.597178.txt		NDMM patients received induction therapy, stem cell mobilization, melphalan, ASCT, and maintenance therapy (Fig. 1A, Table S1).	True
FH1008_PB_EIND1	zenodo:14872876:FH1008_PB_EIND1	treatment	<map of column new_time_point>	file	evidence/biorxiv_2024.06.03.597178.txt		NDMM patients received induction therapy, stem cell mobilization, melphalan, ASCT, and maintenance therapy (Fig. 1A, Table S1).	True
FH1008_PB_EIND2	zenodo:14872876:FH1008_PB_EIND2	treatment	<map of column new_time_point>	file	evidence/biorxiv_2024.06.03.597178.txt		NDMM patients received induction therapy, stem cell mobilization, melphalan, ASCT, and maintenance therapy (Fig. 1A, Table S1).	True
FH1008_PB_INDC3	zenodo:14872876:FH1008_PB_INDC3	treatment	<map of column new_time_point>	file	evidence/biorxiv_2024.06.03.597178.txt		NDMM patients received induction therapy, stem cell mobilization, melphalan, ASCT, and maintenance therapy (Fig. 1A, Table S1).	True
FH1008_PB_PRETX	zenodo:14872876:FH1008_PB_PRETX	treatment	<map of column new_time_point>	file	evidence/biorxiv_2024.06.03.597178.txt		NDMM patients received induction therapy, stem cell mobilization, melphalan, ASCT, and maintenance therapy (Fig. 1A, Table S1).	True
FH1008_PB_TRN90	zenodo:14872876:FH1008_PB_TRN90	treatment	<map of column new_time_point>	file	evidence/biorxiv_2024.06.03.597178.txt		NDMM patients received induction therapy, stem cell mobilization, melphalan, ASCT, and maintenance therapy (Fig. 1A, Table S1).	True
FH1008_PB_TRNY1	zenodo:14872876:FH1008_PB_TRNY1	treatment	<map of column new_time_point>	file	evidence/biorxiv_2024.06.03.597178.txt		NDMM patients received induction therapy, stem cell mobilization, melphalan, ASCT, and maintenance therapy (Fig. 1A, Table S1).	True
FH1009_BM_PRETX	zenodo:14872876:FH1009_BM_PRETX	treatment	<map of column new_time_point>	file	evidence/biorxiv_2024.06.03.597178.txt		NDMM patients received induction therapy, stem cell mobilization, melphalan, ASCT, and maintenance therapy (Fig. 1A, Table S1).	True
FH1009_BM_TRN90	zenodo:14872876:FH1009_BM_TRN90	treatment	<map of column new_time_point>	file	evidence/biorxiv_2024.06.03.597178.txt		NDMM patients received induction therapy, stem cell mobilization, melphalan, ASCT, and maintenance therapy (Fig. 1A, Table S1).	True
FH1009_PB_EIND2	zenodo:14872876:FH1009_PB_EIND2	treatment	<map of column new_time_point>	file	evidence/biorxiv_2024.06.03.597178.txt		NDMM patients received induction therapy, stem cell mobilization, melphalan, ASCT, and maintenance therapy (Fig. 1A, Table S1).	True
FH1009_PB_PRETX	zenodo:14872876:FH1009_PB_PRETX	treatment	<map of column new_time_point>	file	evidence/biorxiv_2024.06.03.597178.txt		NDMM patients received induction therapy, stem cell mobilization, melphalan, ASCT, and maintenance therapy (Fig. 1A, Table S1).	True
FH1009_PB_TRN90	zenodo:14872876:FH1009_PB_TRN90	treatment	<map of column new_time_point>	file	evidence/biorxiv_2024.06.03.597178.txt		NDMM patients received induction therapy, stem cell mobilization, melphalan, ASCT, and maintenance therapy (Fig. 1A, Table S1).	True
FH1011_BM_EIND1	zenodo:14872876:FH1011_BM_EIND1	treatment	<map of column new_time_point>	file	evidence/biorxiv_2024.06.03.597178.txt		NDMM patients received induction therapy, stem cell mobilization, melphalan, ASCT, and maintenance therapy (Fig. 1A, Table S1).	True
FH1011_BM_PRETX	zenodo:14872876:FH1011_BM_PRETX	treatment	<map of column new_time_point>	file	evidence/biorxiv_2024.06.03.597178.txt		NDMM patients received induction therapy, stem cell mobilization, melphalan, ASCT, and maintenance therapy (Fig. 1A, Table S1).	True
FH1011_BM_TRNY1	zenodo:14872876:FH1011_BM_TRNY1	treatment	<map of column new_time_point>	file	evidence/biorxiv_2024.06.03.597178.txt		NDMM patients received induction therapy, stem cell mobilization, melphalan, ASCT, and maintenance therapy (Fig. 1A, Table S1).	True
FH1011_PB_EIND2	zenodo:14872876:FH1011_PB_EIND2	treatment	<map of column new_time_point>	file	evidence/biorxiv_2024.06.03.597178.txt		NDMM patients received induction therapy, stem cell mobilization, melphalan, ASCT, and maintenance therapy (Fig. 1A, Table S1).	True
FH1011_PB_INDC3	zenodo:14872876:FH1011_PB_INDC3	treatment	<map of column new_time_point>	file	evidence/biorxiv_2024.06.03.597178.txt		NDMM patients received induction therapy, stem cell mobilization, melphalan, ASCT, and maintenance therapy (Fig. 1A, Table S1).	True
FH1011_PB_PRETX	zenodo:14872876:FH1011_PB_PRETX	treatment	<map of column new_time_point>	file	evidence/biorxiv_2024.06.03.597178.txt		NDMM patients received induction therapy, stem cell mobilization, melphalan, ASCT, and maintenance therapy (Fig. 1A, Table S1).	True
FH1011_PB_TRN90	zenodo:14872876:FH1011_PB_TRN90	treatment	<map of column new_time_point>	file	evidence/biorxiv_2024.06.03.597178.txt		NDMM patients received induction therapy, stem cell mobilization, melphalan, ASCT, and maintenance therapy (Fig. 1A, Table S1).	True
FH1011_PB_TRNY1	zenodo:14872876:FH1011_PB_TRNY1	treatment	<map of column new_time_point>	file	evidence/biorxiv_2024.06.03.597178.txt		NDMM patients received induction therapy, stem cell mobilization, melphalan, ASCT, and maintenance therapy (Fig. 1A, Table S1).	True
FH1016_BM_EIND1	zenodo:14872876:FH1016_BM_EIND1	treatment	<map of column new_time_point>	file	evidence/biorxiv_2024.06.03.597178.txt		NDMM patients received induction therapy, stem cell mobilization, melphalan, ASCT, and maintenance therapy (Fig. 1A, Table S1).	True
FH1016_BM_PRETX	zenodo:14872876:FH1016_BM_PRETX	treatment	<map of column new_time_point>	file	evidence/biorxiv_2024.06.03.597178.txt		NDMM patients received induction therapy, stem cell mobilization, melphalan, ASCT, and maintenance therapy (Fig. 1A, Table S1).	True
FH1016_BM_TRN90	zenodo:14872876:FH1016_BM_TRN90	treatment	<map of column new_time_point>	file	evidence/biorxiv_2024.06.03.597178.txt		NDMM patients received induction therapy, stem cell mobilization, melphalan, ASCT, and maintenance therapy (Fig. 1A, Table S1).	True
FH1016_BM_TRNY1	zenodo:14872876:FH1016_BM_TRNY1	treatment	<map of column new_time_point>	file	evidence/biorxiv_2024.06.03.597178.txt		NDMM patients received induction therapy, stem cell mobilization, melphalan, ASCT, and maintenance therapy (Fig. 1A, Table S1).	True
FH1016_PB_EIND2	zenodo:14872876:FH1016_PB_EIND2	treatment	<map of column new_time_point>	file	evidence/biorxiv_2024.06.03.597178.txt		NDMM patients received induction therapy, stem cell mobilization, melphalan, ASCT, and maintenance therapy (Fig. 1A, Table S1).	True
FH1016_PB_PRETX	zenodo:14872876:FH1016_PB_PRETX	treatment	<map of column new_time_point>	file	evidence/biorxiv_2024.06.03.597178.txt		NDMM patients received induction therapy, stem cell mobilization, melphalan, ASCT, and maintenance therapy (Fig. 1A, Table S1).	True
FH1016_PB_TRN90	zenodo:14872876:FH1016_PB_TRN90	treatment	<map of column new_time_point>	file	evidence/biorxiv_2024.06.03.597178.txt		NDMM patients received induction therapy, stem cell mobilization, melphalan, ASCT, and maintenance therapy (Fig. 1A, Table S1).	True
FH1016_PB_TRNY1	zenodo:14872876:FH1016_PB_TRNY1	treatment	<map of column new_time_point>	file	evidence/biorxiv_2024.06.03.597178.txt		NDMM patients received induction therapy, stem cell mobilization, melphalan, ASCT, and maintenance therapy (Fig. 1A, Table S1).	True
FH1022_BM_EIND1	zenodo:14872876:FH1022_BM_EIND1	treatment	<map of column new_time_point>	file	evidence/biorxiv_2024.06.03.597178.txt		NDMM patients received induction therapy, stem cell mobilization, melphalan, ASCT, and maintenance therapy (Fig. 1A, Table S1).	True
FH1022_BM_PRETX	zenodo:14872876:FH1022_BM_PRETX	treatment	<map of column new_time_point>	file	evidence/biorxiv_2024.06.03.597178.txt		NDMM patients received induction therapy, stem cell mobilization, melphalan, ASCT, and maintenance therapy (Fig. 1A, Table S1).	True
FH1022_BM_TRN90	zenodo:14872876:FH1022_BM_TRN90	treatment	<map of column new_time_point>	file	evidence/biorxiv_2024.06.03.597178.txt		NDMM patients received induction therapy, stem cell mobilization, melphalan, ASCT, and maintenance therapy (Fig. 1A, Table S1).	True
FH1022_BM_TRNY1	zenodo:14872876:FH1022_BM_TRNY1	treatment	<map of column new_time_point>	file	evidence/biorxiv_2024.06.03.597178.txt		NDMM patients received induction therapy, stem cell mobilization, melphalan, ASCT, and maintenance therapy (Fig. 1A, Table S1).	True
FH1022_PB_EIND1	zenodo:14872876:FH1022_PB_EIND1	treatment	<map of column new_time_point>	file	evidence/biorxiv_2024.06.03.597178.txt		NDMM patients received induction therapy, stem cell mobilization, melphalan, ASCT, and maintenance therapy (Fig. 1A, Table S1).	True
FH1022_PB_PRETX	zenodo:14872876:FH1022_PB_PRETX	treatment	<map of column new_time_point>	file	evidence/biorxiv_2024.06.03.597178.txt		NDMM patients received induction therapy, stem cell mobilization, melphalan, ASCT, and maintenance therapy (Fig. 1A, Table S1).	True
FH1022_PB_TRN90	zenodo:14872876:FH1022_PB_TRN90	treatment	<map of column new_time_point>	file	evidence/biorxiv_2024.06.03.597178.txt		NDMM patients received induction therapy, stem cell mobilization, melphalan, ASCT, and maintenance therapy (Fig. 1A, Table S1).	True
HC_BM_1	zenodo:14872876:HC_BM_1	treatment	<map of column new_time_point>	file	evidence/biorxiv_2024.06.03.597178.txt		NDMM patients received induction therapy, stem cell mobilization, melphalan, ASCT, and maintenance therapy (Fig. 1A, Table S1).	True
HC_BM_2	zenodo:14872876:HC_BM_2	treatment	<map of column new_time_point>	file	evidence/biorxiv_2024.06.03.597178.txt		NDMM patients received induction therapy, stem cell mobilization, melphalan, ASCT, and maintenance therapy (Fig. 1A, Table S1).	True
HC_BM_3	zenodo:14872876:HC_BM_3	treatment	<map of column new_time_point>	file	evidence/biorxiv_2024.06.03.597178.txt		NDMM patients received induction therapy, stem cell mobilization, melphalan, ASCT, and maintenance therapy (Fig. 1A, Table S1).	True
HC_BM_4	zenodo:14872876:HC_BM_4	treatment	<map of column new_time_point>	file	evidence/biorxiv_2024.06.03.597178.txt		NDMM patients received induction therapy, stem cell mobilization, melphalan, ASCT, and maintenance therapy (Fig. 1A, Table S1).	True
HC_BM_5	zenodo:14872876:HC_BM_5	treatment	<map of column new_time_point>	file	evidence/biorxiv_2024.06.03.597178.txt		NDMM patients received induction therapy, stem cell mobilization, melphalan, ASCT, and maintenance therapy (Fig. 1A, Table S1).	True
HC_BM_6	zenodo:14872876:HC_BM_6	treatment	<map of column new_time_point>	file	evidence/biorxiv_2024.06.03.597178.txt		NDMM patients received induction therapy, stem cell mobilization, melphalan, ASCT, and maintenance therapy (Fig. 1A, Table S1).	True
HC_BM_7	zenodo:14872876:HC_BM_7	treatment	<map of column new_time_point>	file	evidence/biorxiv_2024.06.03.597178.txt		NDMM patients received induction therapy, stem cell mobilization, melphalan, ASCT, and maintenance therapy (Fig. 1A, Table S1).	True
HC_BM_8	zenodo:14872876:HC_BM_8	treatment	<map of column new_time_point>	file	evidence/biorxiv_2024.06.03.597178.txt		NDMM patients received induction therapy, stem cell mobilization, melphalan, ASCT, and maintenance therapy (Fig. 1A, Table S1).	True
HC_PB_1	zenodo:14872876:HC_PB_1	treatment	<map of column new_time_point>	file	evidence/biorxiv_2024.06.03.597178.txt		NDMM patients received induction therapy, stem cell mobilization, melphalan, ASCT, and maintenance therapy (Fig. 1A, Table S1).	True
HC_PB_2	zenodo:14872876:HC_PB_2	treatment	<map of column new_time_point>	file	evidence/biorxiv_2024.06.03.597178.txt		NDMM patients received induction therapy, stem cell mobilization, melphalan, ASCT, and maintenance therapy (Fig. 1A, Table S1).	True
HC_PB_3	zenodo:14872876:HC_PB_3	treatment	<map of column new_time_point>	file	evidence/biorxiv_2024.06.03.597178.txt		NDMM patients received induction therapy, stem cell mobilization, melphalan, ASCT, and maintenance therapy (Fig. 1A, Table S1).	True
HC_PB_4	zenodo:14872876:HC_PB_4	treatment	<map of column new_time_point>	file	evidence/biorxiv_2024.06.03.597178.txt		NDMM patients received induction therapy, stem cell mobilization, melphalan, ASCT, and maintenance therapy (Fig. 1A, Table S1).	True
HC_PB_5	zenodo:14872876:HC_PB_5	treatment	<map of column new_time_point>	file	evidence/biorxiv_2024.06.03.597178.txt		NDMM patients received induction therapy, stem cell mobilization, melphalan, ASCT, and maintenance therapy (Fig. 1A, Table S1).	True
HC_PB_6	zenodo:14872876:HC_PB_6	treatment	<map of column new_time_point>	file	evidence/biorxiv_2024.06.03.597178.txt		NDMM patients received induction therapy, stem cell mobilization, melphalan, ASCT, and maintenance therapy (Fig. 1A, Table S1).	True
HC_PB_7	zenodo:14872876:HC_PB_7	treatment	<map of column new_time_point>	file	evidence/biorxiv_2024.06.03.597178.txt		NDMM patients received induction therapy, stem cell mobilization, melphalan, ASCT, and maintenance therapy (Fig. 1A, Table S1).	True
HC_PB_8	zenodo:14872876:HC_PB_8	treatment	<map of column new_time_point>	file	evidence/biorxiv_2024.06.03.597178.txt		NDMM patients received induction therapy, stem cell mobilization, melphalan, ASCT, and maintenance therapy (Fig. 1A, Table S1).	True
FH1002_BM_TRNY1	zenodo:14872876:FH1002_BM_TRNY1	treatment	<map of column new_time_point>	file	evidence/biorxiv_2024.06.03.597178.txt		We collected BM and PB samples from NDMM patients (n=9) before treatment (PRETX), during induction therapy (INDC), after induction therapy (EIND; median 33 days after start of last cycle), 90 days post-ASCT (TRN90), and 1-year post-ASCT (TRNY1; Fig. 1A, Table S1).	True
FH1002_PB_Y2D90	zenodo:14872876:FH1002_PB_Y2D90	treatment	<map of column new_time_point>	file	evidence/biorxiv_2024.06.03.597178.txt		We collected BM and PB samples from NDMM patients (n=9) before treatment (PRETX), during induction therapy (INDC), after induction therapy (EIND; median 33 days after start of last cycle), 90 days post-ASCT (TRN90), and 1-year post-ASCT (TRNY1; Fig. 1A, Table S1).	True
FH1003_BM_EIND1	zenodo:14872876:FH1003_BM_EIND1	treatment	<map of column new_time_point>	file	evidence/biorxiv_2024.06.03.597178.txt		We collected BM and PB samples from NDMM patients (n=9) before treatment (PRETX), during induction therapy (INDC), after induction therapy (EIND; median 33 days after start of last cycle), 90 days post-ASCT (TRN90), and 1-year post-ASCT (TRNY1; Fig. 1A, Table S1).	True
FH1003_BM_PRETX	zenodo:14872876:FH1003_BM_PRETX	treatment	<map of column new_time_point>	file	evidence/biorxiv_2024.06.03.597178.txt		We collected BM and PB samples from NDMM patients (n=9) before treatment (PRETX), during induction therapy (INDC), after induction therapy (EIND; median 33 days after start of last cycle), 90 days post-ASCT (TRN90), and 1-year post-ASCT (TRNY1; Fig. 1A, Table S1).	True
FH1003_BM_TRN90	zenodo:14872876:FH1003_BM_TRN90	treatment	<map of column new_time_point>	file	evidence/biorxiv_2024.06.03.597178.txt		We collected BM and PB samples from NDMM patients (n=9) before treatment (PRETX), during induction therapy (INDC), after induction therapy (EIND; median 33 days after start of last cycle), 90 days post-ASCT (TRN90), and 1-year post-ASCT (TRNY1; Fig. 1A, Table S1).	True
FH1003_BM_TRNY1	zenodo:14872876:FH1003_BM_TRNY1	treatment	<map of column new_time_point>	file	evidence/biorxiv_2024.06.03.597178.txt		We collected BM and PB samples from NDMM patients (n=9) before treatment (PRETX), during induction therapy (INDC), after induction therapy (EIND; median 33 days after start of last cycle), 90 days post-ASCT (TRN90), and 1-year post-ASCT (TRNY1; Fig. 1A, Table S1).	True
FH1003_PB_EIND1	zenodo:14872876:FH1003_PB_EIND1	treatment	<map of column new_time_point>	file	evidence/biorxiv_2024.06.03.597178.txt		We collected BM and PB samples from NDMM patients (n=9) before treatment (PRETX), during induction therapy (INDC), after induction therapy (EIND; median 33 days after start of last cycle), 90 days post-ASCT (TRN90), and 1-year post-ASCT (TRNY1; Fig. 1A, Table S1).	True
FH1003_PB_EIND2	zenodo:14872876:FH1003_PB_EIND2	treatment	<map of column new_time_point>	file	evidence/biorxiv_2024.06.03.597178.txt		We collected BM and PB samples from NDMM patients (n=9) before treatment (PRETX), during induction therapy (INDC), after induction therapy (EIND; median 33 days after start of last cycle), 90 days post-ASCT (TRN90), and 1-year post-ASCT (TRNY1; Fig. 1A, Table S1).	True
FH1003_PB_INDC3	zenodo:14872876:FH1003_PB_INDC3	treatment	<map of column new_time_point>	file	evidence/biorxiv_2024.06.03.597178.txt		We collected BM and PB samples from NDMM patients (n=9) before treatment (PRETX), during induction therapy (INDC), after induction therapy (EIND; median 33 days after start of last cycle), 90 days post-ASCT (TRN90), and 1-year post-ASCT (TRNY1; Fig. 1A, Table S1).	True
FH1003_PB_PRETX	zenodo:14872876:FH1003_PB_PRETX	treatment	<map of column new_time_point>	file	evidence/biorxiv_2024.06.03.597178.txt		We collected BM and PB samples from NDMM patients (n=9) before treatment (PRETX), during induction therapy (INDC), after induction therapy (EIND; median 33 days after start of last cycle), 90 days post-ASCT (TRN90), and 1-year post-ASCT (TRNY1; Fig. 1A, Table S1).	True
FH1003_PB_TRN90	zenodo:14872876:FH1003_PB_TRN90	treatment	<map of column new_time_point>	file	evidence/biorxiv_2024.06.03.597178.txt		We collected BM and PB samples from NDMM patients (n=9) before treatment (PRETX), during induction therapy (INDC), after induction therapy (EIND; median 33 days after start of last cycle), 90 days post-ASCT (TRN90), and 1-year post-ASCT (TRNY1; Fig. 1A, Table S1).	True
FH1003_PB_TRNY1	zenodo:14872876:FH1003_PB_TRNY1	treatment	<map of column new_time_point>	file	evidence/biorxiv_2024.06.03.597178.txt		We collected BM and PB samples from NDMM patients (n=9) before treatment (PRETX), during induction therapy (INDC), after induction therapy (EIND; median 33 days after start of last cycle), 90 days post-ASCT (TRN90), and 1-year post-ASCT (TRNY1; Fig. 1A, Table S1).	True
FH1004_PB_EIND1	zenodo:14872876:FH1004_PB_EIND1	treatment	<map of column new_time_point>	file	evidence/biorxiv_2024.06.03.597178.txt		We collected BM and PB samples from NDMM patients (n=9) before treatment (PRETX), during induction therapy (INDC), after induction therapy (EIND; median 33 days after start of last cycle), 90 days post-ASCT (TRN90), and 1-year post-ASCT (TRNY1; Fig. 1A, Table S1).	True
FH1004_PB_EIND2	zenodo:14872876:FH1004_PB_EIND2	treatment	<map of column new_time_point>	file	evidence/biorxiv_2024.06.03.597178.txt		We collected BM and PB samples from NDMM patients (n=9) before treatment (PRETX), during induction therapy (INDC), after induction therapy (EIND; median 33 days after start of last cycle), 90 days post-ASCT (TRN90), and 1-year post-ASCT (TRNY1; Fig. 1A, Table S1).	True
FH1004_PB_INDC2	zenodo:14872876:FH1004_PB_INDC2	treatment	<map of column new_time_point>	file	evidence/biorxiv_2024.06.03.597178.txt		We collected BM and PB samples from NDMM patients (n=9) before treatment (PRETX), during induction therapy (INDC), after induction therapy (EIND; median 33 days after start of last cycle), 90 days post-ASCT (TRN90), and 1-year post-ASCT (TRNY1; Fig. 1A, Table S1).	True
FH1004_PB_INDC3	zenodo:14872876:FH1004_PB_INDC3	treatment	<map of column new_time_point>	file	evidence/biorxiv_2024.06.03.597178.txt		We collected BM and PB samples from NDMM patients (n=9) before treatment (PRETX), during induction therapy (INDC), after induction therapy (EIND; median 33 days after start of last cycle), 90 days post-ASCT (TRN90), and 1-year post-ASCT (TRNY1; Fig. 1A, Table S1).	True
FH1004_PB_PRETX	zenodo:14872876:FH1004_PB_PRETX	treatment	<map of column new_time_point>	file	evidence/biorxiv_2024.06.03.597178.txt		We collected BM and PB samples from NDMM patients (n=9) before treatment (PRETX), during induction therapy (INDC), after induction therapy (EIND; median 33 days after start of last cycle), 90 days post-ASCT (TRN90), and 1-year post-ASCT (TRNY1; Fig. 1A, Table S1).	True
FH1004_PB_TRN90	zenodo:14872876:FH1004_PB_TRN90	treatment	<map of column new_time_point>	file	evidence/biorxiv_2024.06.03.597178.txt		We collected BM and PB samples from NDMM patients (n=9) before treatment (PRETX), during induction therapy (INDC), after induction therapy (EIND; median 33 days after start of last cycle), 90 days post-ASCT (TRN90), and 1-year post-ASCT (TRNY1; Fig. 1A, Table S1).	True
FH1005_BM_EIND1	zenodo:14872876:FH1005_BM_EIND1	treatment	<map of column new_time_point>	file	evidence/biorxiv_2024.06.03.597178.txt		We collected BM and PB samples from NDMM patients (n=9) before treatment (PRETX), during induction therapy (INDC), after induction therapy (EIND; median 33 days after start of last cycle), 90 days post-ASCT (TRN90), and 1-year post-ASCT (TRNY1; Fig. 1A, Table S1).	True
FH1005_BM_PRETX	zenodo:14872876:FH1005_BM_PRETX	treatment	<map of column new_time_point>	file	evidence/biorxiv_2024.06.03.597178.txt		We collected BM and PB samples from NDMM patients (n=9) before treatment (PRETX), during induction therapy (INDC), after induction therapy (EIND; median 33 days after start of last cycle), 90 days post-ASCT (TRN90), and 1-year post-ASCT (TRNY1; Fig. 1A, Table S1).	True
FH1005_BM_TRN90	zenodo:14872876:FH1005_BM_TRN90	treatment	<map of column new_time_point>	file	evidence/biorxiv_2024.06.03.597178.txt		We collected BM and PB samples from NDMM patients (n=9) before treatment (PRETX), during induction therapy (INDC), after induction therapy (EIND; median 33 days after start of last cycle), 90 days post-ASCT (TRN90), and 1-year post-ASCT (TRNY1; Fig. 1A, Table S1).	True
FH1005_PB_EIND2	zenodo:14872876:FH1005_PB_EIND2	treatment	<map of column new_time_point>	file	evidence/biorxiv_2024.06.03.597178.txt		We collected BM and PB samples from NDMM patients (n=9) before treatment (PRETX), during induction therapy (INDC), after induction therapy (EIND; median 33 days after start of last cycle), 90 days post-ASCT (TRN90), and 1-year post-ASCT (TRNY1; Fig. 1A, Table S1).	True
FH1005_PB_INDC3	zenodo:14872876:FH1005_PB_INDC3	treatment	<map of column new_time_point>	file	evidence/biorxiv_2024.06.03.597178.txt		We collected BM and PB samples from NDMM patients (n=9) before treatment (PRETX), during induction therapy (INDC), after induction therapy (EIND; median 33 days after start of last cycle), 90 days post-ASCT (TRN90), and 1-year post-ASCT (TRNY1; Fig. 1A, Table S1).	True
FH1005_PB_PRETX	zenodo:14872876:FH1005_PB_PRETX	treatment	<map of column new_time_point>	file	evidence/biorxiv_2024.06.03.597178.txt		We collected BM and PB samples from NDMM patients (n=9) before treatment (PRETX), during induction therapy (INDC), after induction therapy (EIND; median 33 days after start of last cycle), 90 days post-ASCT (TRN90), and 1-year post-ASCT (TRNY1; Fig. 1A, Table S1).	True
FH1005_PB_PoCo15	zenodo:14872876:FH1005_PB_PoCo15	treatment	<map of column new_time_point>	file	evidence/biorxiv_2024.06.03.597178.txt		We collected BM and PB samples from NDMM patients (n=9) before treatment (PRETX), during induction therapy (INDC), after induction therapy (EIND; median 33 days after start of last cycle), 90 days post-ASCT (TRN90), and 1-year post-ASCT (TRNY1; Fig. 1A, Table S1).	True
FH1005_PB_TRN90	zenodo:14872876:FH1005_PB_TRN90	treatment	<map of column new_time_point>	file	evidence/biorxiv_2024.06.03.597178.txt		We collected BM and PB samples from NDMM patients (n=9) before treatment (PRETX), during induction therapy (INDC), after induction therapy (EIND; median 33 days after start of last cycle), 90 days post-ASCT (TRN90), and 1-year post-ASCT (TRNY1; Fig. 1A, Table S1).	True
FH1006_PB_EIND1	zenodo:14872876:FH1006_PB_EIND1	treatment	<map of column new_time_point>	file	evidence/biorxiv_2024.06.03.597178.txt		We collected BM and PB samples from NDMM patients (n=9) before treatment (PRETX), during induction therapy (INDC), after induction therapy (EIND; median 33 days after start of last cycle), 90 days post-ASCT (TRN90), and 1-year post-ASCT (TRNY1; Fig. 1A, Table S1).	True
FH1006_PB_EIND2	zenodo:14872876:FH1006_PB_EIND2	treatment	<map of column new_time_point>	file	evidence/biorxiv_2024.06.03.597178.txt		We collected BM and PB samples from NDMM patients (n=9) before treatment (PRETX), during induction therapy (INDC), after induction therapy (EIND; median 33 days after start of last cycle), 90 days post-ASCT (TRN90), and 1-year post-ASCT (TRNY1; Fig. 1A, Table S1).	True
FH1006_PB_INDC3	zenodo:14872876:FH1006_PB_INDC3	treatment	<map of column new_time_point>	file	evidence/biorxiv_2024.06.03.597178.txt		We collected BM and PB samples from NDMM patients (n=9) before treatment (PRETX), during induction therapy (INDC), after induction therapy (EIND; median 33 days after start of last cycle), 90 days post-ASCT (TRN90), and 1-year post-ASCT (TRNY1; Fig. 1A, Table S1).	True
FH1006_PB_PRETX	zenodo:14872876:FH1006_PB_PRETX	treatment	<map of column new_time_point>	file	evidence/biorxiv_2024.06.03.597178.txt		We collected BM and PB samples from NDMM patients (n=9) before treatment (PRETX), during induction therapy (INDC), after induction therapy (EIND; median 33 days after start of last cycle), 90 days post-ASCT (TRN90), and 1-year post-ASCT (TRNY1; Fig. 1A, Table S1).	True
FH1006_PB_TRN60	zenodo:14872876:FH1006_PB_TRN60	treatment	<map of column new_time_point>	file	evidence/biorxiv_2024.06.03.597178.txt		We collected BM and PB samples from NDMM patients (n=9) before treatment (PRETX), during induction therapy (INDC), after induction therapy (EIND; median 33 days after start of last cycle), 90 days post-ASCT (TRN90), and 1-year post-ASCT (TRNY1; Fig. 1A, Table S1).	True
FH1006_PB_TRN90	zenodo:14872876:FH1006_PB_TRN90	treatment	<map of column new_time_point>	file	evidence/biorxiv_2024.06.03.597178.txt		We collected BM and PB samples from NDMM patients (n=9) before treatment (PRETX), during induction therapy (INDC), after induction therapy (EIND; median 33 days after start of last cycle), 90 days post-ASCT (TRN90), and 1-year post-ASCT (TRNY1; Fig. 1A, Table S1).	True
FH1006_PB_TRNY1	zenodo:14872876:FH1006_PB_TRNY1	treatment	<map of column new_time_point>	file	evidence/biorxiv_2024.06.03.597178.txt		We collected BM and PB samples from NDMM patients (n=9) before treatment (PRETX), during induction therapy (INDC), after induction therapy (EIND; median 33 days after start of last cycle), 90 days post-ASCT (TRN90), and 1-year post-ASCT (TRNY1; Fig. 1A, Table S1).	True
FH1007_BM_PRETX	zenodo:14872876:FH1007_BM_PRETX	treatment	<map of column new_time_point>	file	evidence/biorxiv_2024.06.03.597178.txt		We collected BM and PB samples from NDMM patients (n=9) before treatment (PRETX), during induction therapy (INDC), after induction therapy (EIND; median 33 days after start of last cycle), 90 days post-ASCT (TRN90), and 1-year post-ASCT (TRNY1; Fig. 1A, Table S1).	True
FH1007_BM_TRN90	zenodo:14872876:FH1007_BM_TRN90	treatment	<map of column new_time_point>	file	evidence/biorxiv_2024.06.03.597178.txt		We collected BM and PB samples from NDMM patients (n=9) before treatment (PRETX), during induction therapy (INDC), after induction therapy (EIND; median 33 days after start of last cycle), 90 days post-ASCT (TRN90), and 1-year post-ASCT (TRNY1; Fig. 1A, Table S1).	True
FH1007_BM_TRNY1	zenodo:14872876:FH1007_BM_TRNY1	treatment	<map of column new_time_point>	file	evidence/biorxiv_2024.06.03.597178.txt		We collected BM and PB samples from NDMM patients (n=9) before treatment (PRETX), during induction therapy (INDC), after induction therapy (EIND; median 33 days after start of last cycle), 90 days post-ASCT (TRN90), and 1-year post-ASCT (TRNY1; Fig. 1A, Table S1).	True
FH1007_PB_EIND1	zenodo:14872876:FH1007_PB_EIND1	treatment	<map of column new_time_point>	file	evidence/biorxiv_2024.06.03.597178.txt		We collected BM and PB samples from NDMM patients (n=9) before treatment (PRETX), during induction therapy (INDC), after induction therapy (EIND; median 33 days after start of last cycle), 90 days post-ASCT (TRN90), and 1-year post-ASCT (TRNY1; Fig. 1A, Table S1).	True
FH1007_PB_EIND2	zenodo:14872876:FH1007_PB_EIND2	treatment	<map of column new_time_point>	file	evidence/biorxiv_2024.06.03.597178.txt		We collected BM and PB samples from NDMM patients (n=9) before treatment (PRETX), during induction therapy (INDC), after induction therapy (EIND; median 33 days after start of last cycle), 90 days post-ASCT (TRN90), and 1-year post-ASCT (TRNY1; Fig. 1A, Table S1).	True
FH1007_PB_PRETX	zenodo:14872876:FH1007_PB_PRETX	treatment	<map of column new_time_point>	file	evidence/biorxiv_2024.06.03.597178.txt		We collected BM and PB samples from NDMM patients (n=9) before treatment (PRETX), during induction therapy (INDC), after induction therapy (EIND; median 33 days after start of last cycle), 90 days post-ASCT (TRN90), and 1-year post-ASCT (TRNY1; Fig. 1A, Table S1).	True
FH1007_PB_TRN90	zenodo:14872876:FH1007_PB_TRN90	treatment	<map of column new_time_point>	file	evidence/biorxiv_2024.06.03.597178.txt		We collected BM and PB samples from NDMM patients (n=9) before treatment (PRETX), during induction therapy (INDC), after induction therapy (EIND; median 33 days after start of last cycle), 90 days post-ASCT (TRN90), and 1-year post-ASCT (TRNY1; Fig. 1A, Table S1).	True
FH1007_PB_Y1D90	zenodo:14872876:FH1007_PB_Y1D90	treatment	<map of column new_time_point>	file	evidence/biorxiv_2024.06.03.597178.txt		We collected BM and PB samples from NDMM patients (n=9) before treatment (PRETX), during induction therapy (INDC), after induction therapy (EIND; median 33 days after start of last cycle), 90 days post-ASCT (TRN90), and 1-year post-ASCT (TRNY1; Fig. 1A, Table S1).	True
FH1008_BM_EIND1	zenodo:14872876:FH1008_BM_EIND1	treatment	<map of column new_time_point>	file	evidence/biorxiv_2024.06.03.597178.txt		We collected BM and PB samples from NDMM patients (n=9) before treatment (PRETX), during induction therapy (INDC), after induction therapy (EIND; median 33 days after start of last cycle), 90 days post-ASCT (TRN90), and 1-year post-ASCT (TRNY1; Fig. 1A, Table S1).	True
FH1008_BM_PRETX	zenodo:14872876:FH1008_BM_PRETX	treatment	<map of column new_time_point>	file	evidence/biorxiv_2024.06.03.597178.txt		We collected BM and PB samples from NDMM patients (n=9) before treatment (PRETX), during induction therapy (INDC), after induction therapy (EIND; median 33 days after start of last cycle), 90 days post-ASCT (TRN90), and 1-year post-ASCT (TRNY1; Fig. 1A, Table S1).	True
FH1008_BM_TRN90	zenodo:14872876:FH1008_BM_TRN90	treatment	<map of column new_time_point>	file	evidence/biorxiv_2024.06.03.597178.txt		We collected BM and PB samples from NDMM patients (n=9) before treatment (PRETX), during induction therapy (INDC), after induction therapy (EIND; median 33 days after start of last cycle), 90 days post-ASCT (TRN90), and 1-year post-ASCT (TRNY1; Fig. 1A, Table S1).	True
FH1008_BM_TRNY1	zenodo:14872876:FH1008_BM_TRNY1	treatment	<map of column new_time_point>	file	evidence/biorxiv_2024.06.03.597178.txt		We collected BM and PB samples from NDMM patients (n=9) before treatment (PRETX), during induction therapy (INDC), after induction therapy (EIND; median 33 days after start of last cycle), 90 days post-ASCT (TRN90), and 1-year post-ASCT (TRNY1; Fig. 1A, Table S1).	True
FH1008_PB_EIND1	zenodo:14872876:FH1008_PB_EIND1	treatment	<map of column new_time_point>	file	evidence/biorxiv_2024.06.03.597178.txt		We collected BM and PB samples from NDMM patients (n=9) before treatment (PRETX), during induction therapy (INDC), after induction therapy (EIND; median 33 days after start of last cycle), 90 days post-ASCT (TRN90), and 1-year post-ASCT (TRNY1; Fig. 1A, Table S1).	True
FH1008_PB_EIND2	zenodo:14872876:FH1008_PB_EIND2	treatment	<map of column new_time_point>	file	evidence/biorxiv_2024.06.03.597178.txt		We collected BM and PB samples from NDMM patients (n=9) before treatment (PRETX), during induction therapy (INDC), after induction therapy (EIND; median 33 days after start of last cycle), 90 days post-ASCT (TRN90), and 1-year post-ASCT (TRNY1; Fig. 1A, Table S1).	True
FH1008_PB_INDC3	zenodo:14872876:FH1008_PB_INDC3	treatment	<map of column new_time_point>	file	evidence/biorxiv_2024.06.03.597178.txt		We collected BM and PB samples from NDMM patients (n=9) before treatment (PRETX), during induction therapy (INDC), after induction therapy (EIND; median 33 days after start of last cycle), 90 days post-ASCT (TRN90), and 1-year post-ASCT (TRNY1; Fig. 1A, Table S1).	True
FH1008_PB_PRETX	zenodo:14872876:FH1008_PB_PRETX	treatment	<map of column new_time_point>	file	evidence/biorxiv_2024.06.03.597178.txt		We collected BM and PB samples from NDMM patients (n=9) before treatment (PRETX), during induction therapy (INDC), after induction therapy (EIND; median 33 days after start of last cycle), 90 days post-ASCT (TRN90), and 1-year post-ASCT (TRNY1; Fig. 1A, Table S1).	True
FH1008_PB_TRN90	zenodo:14872876:FH1008_PB_TRN90	treatment	<map of column new_time_point>	file	evidence/biorxiv_2024.06.03.597178.txt		We collected BM and PB samples from NDMM patients (n=9) before treatment (PRETX), during induction therapy (INDC), after induction therapy (EIND; median 33 days after start of last cycle), 90 days post-ASCT (TRN90), and 1-year post-ASCT (TRNY1; Fig. 1A, Table S1).	True
FH1008_PB_TRNY1	zenodo:14872876:FH1008_PB_TRNY1	treatment	<map of column new_time_point>	file	evidence/biorxiv_2024.06.03.597178.txt		We collected BM and PB samples from NDMM patients (n=9) before treatment (PRETX), during induction therapy (INDC), after induction therapy (EIND; median 33 days after start of last cycle), 90 days post-ASCT (TRN90), and 1-year post-ASCT (TRNY1; Fig. 1A, Table S1).	True
FH1009_BM_PRETX	zenodo:14872876:FH1009_BM_PRETX	treatment	<map of column new_time_point>	file	evidence/biorxiv_2024.06.03.597178.txt		We collected BM and PB samples from NDMM patients (n=9) before treatment (PRETX), during induction therapy (INDC), after induction therapy (EIND; median 33 days after start of last cycle), 90 days post-ASCT (TRN90), and 1-year post-ASCT (TRNY1; Fig. 1A, Table S1).	True
FH1009_BM_TRN90	zenodo:14872876:FH1009_BM_TRN90	treatment	<map of column new_time_point>	file	evidence/biorxiv_2024.06.03.597178.txt		We collected BM and PB samples from NDMM patients (n=9) before treatment (PRETX), during induction therapy (INDC), after induction therapy (EIND; median 33 days after start of last cycle), 90 days post-ASCT (TRN90), and 1-year post-ASCT (TRNY1; Fig. 1A, Table S1).	True
FH1009_PB_EIND2	zenodo:14872876:FH1009_PB_EIND2	treatment	<map of column new_time_point>	file	evidence/biorxiv_2024.06.03.597178.txt		We collected BM and PB samples from NDMM patients (n=9) before treatment (PRETX), during induction therapy (INDC), after induction therapy (EIND; median 33 days after start of last cycle), 90 days post-ASCT (TRN90), and 1-year post-ASCT (TRNY1; Fig. 1A, Table S1).	True
FH1009_PB_PRETX	zenodo:14872876:FH1009_PB_PRETX	treatment	<map of column new_time_point>	file	evidence/biorxiv_2024.06.03.597178.txt		We collected BM and PB samples from NDMM patients (n=9) before treatment (PRETX), during induction therapy (INDC), after induction therapy (EIND; median 33 days after start of last cycle), 90 days post-ASCT (TRN90), and 1-year post-ASCT (TRNY1; Fig. 1A, Table S1).	True
FH1009_PB_TRN90	zenodo:14872876:FH1009_PB_TRN90	treatment	<map of column new_time_point>	file	evidence/biorxiv_2024.06.03.597178.txt		We collected BM and PB samples from NDMM patients (n=9) before treatment (PRETX), during induction therapy (INDC), after induction therapy (EIND; median 33 days after start of last cycle), 90 days post-ASCT (TRN90), and 1-year post-ASCT (TRNY1; Fig. 1A, Table S1).	True
FH1011_BM_EIND1	zenodo:14872876:FH1011_BM_EIND1	treatment	<map of column new_time_point>	file	evidence/biorxiv_2024.06.03.597178.txt		We collected BM and PB samples from NDMM patients (n=9) before treatment (PRETX), during induction therapy (INDC), after induction therapy (EIND; median 33 days after start of last cycle), 90 days post-ASCT (TRN90), and 1-year post-ASCT (TRNY1; Fig. 1A, Table S1).	True
FH1011_BM_PRETX	zenodo:14872876:FH1011_BM_PRETX	treatment	<map of column new_time_point>	file	evidence/biorxiv_2024.06.03.597178.txt		We collected BM and PB samples from NDMM patients (n=9) before treatment (PRETX), during induction therapy (INDC), after induction therapy (EIND; median 33 days after start of last cycle), 90 days post-ASCT (TRN90), and 1-year post-ASCT (TRNY1; Fig. 1A, Table S1).	True
FH1011_BM_TRNY1	zenodo:14872876:FH1011_BM_TRNY1	treatment	<map of column new_time_point>	file	evidence/biorxiv_2024.06.03.597178.txt		We collected BM and PB samples from NDMM patients (n=9) before treatment (PRETX), during induction therapy (INDC), after induction therapy (EIND; median 33 days after start of last cycle), 90 days post-ASCT (TRN90), and 1-year post-ASCT (TRNY1; Fig. 1A, Table S1).	True
FH1011_PB_EIND2	zenodo:14872876:FH1011_PB_EIND2	treatment	<map of column new_time_point>	file	evidence/biorxiv_2024.06.03.597178.txt		We collected BM and PB samples from NDMM patients (n=9) before treatment (PRETX), during induction therapy (INDC), after induction therapy (EIND; median 33 days after start of last cycle), 90 days post-ASCT (TRN90), and 1-year post-ASCT (TRNY1; Fig. 1A, Table S1).	True
FH1011_PB_INDC3	zenodo:14872876:FH1011_PB_INDC3	treatment	<map of column new_time_point>	file	evidence/biorxiv_2024.06.03.597178.txt		We collected BM and PB samples from NDMM patients (n=9) before treatment (PRETX), during induction therapy (INDC), after induction therapy (EIND; median 33 days after start of last cycle), 90 days post-ASCT (TRN90), and 1-year post-ASCT (TRNY1; Fig. 1A, Table S1).	True
FH1011_PB_PRETX	zenodo:14872876:FH1011_PB_PRETX	treatment	<map of column new_time_point>	file	evidence/biorxiv_2024.06.03.597178.txt		We collected BM and PB samples from NDMM patients (n=9) before treatment (PRETX), during induction therapy (INDC), after induction therapy (EIND; median 33 days after start of last cycle), 90 days post-ASCT (TRN90), and 1-year post-ASCT (TRNY1; Fig. 1A, Table S1).	True
FH1011_PB_TRN90	zenodo:14872876:FH1011_PB_TRN90	treatment	<map of column new_time_point>	file	evidence/biorxiv_2024.06.03.597178.txt		We collected BM and PB samples from NDMM patients (n=9) before treatment (PRETX), during induction therapy (INDC), after induction therapy (EIND; median 33 days after start of last cycle), 90 days post-ASCT (TRN90), and 1-year post-ASCT (TRNY1; Fig. 1A, Table S1).	True
FH1011_PB_TRNY1	zenodo:14872876:FH1011_PB_TRNY1	treatment	<map of column new_time_point>	file	evidence/biorxiv_2024.06.03.597178.txt		We collected BM and PB samples from NDMM patients (n=9) before treatment (PRETX), during induction therapy (INDC), after induction therapy (EIND; median 33 days after start of last cycle), 90 days post-ASCT (TRN90), and 1-year post-ASCT (TRNY1; Fig. 1A, Table S1).	True
FH1016_BM_EIND1	zenodo:14872876:FH1016_BM_EIND1	treatment	<map of column new_time_point>	file	evidence/biorxiv_2024.06.03.597178.txt		We collected BM and PB samples from NDMM patients (n=9) before treatment (PRETX), during induction therapy (INDC), after induction therapy (EIND; median 33 days after start of last cycle), 90 days post-ASCT (TRN90), and 1-year post-ASCT (TRNY1; Fig. 1A, Table S1).	True
FH1016_BM_PRETX	zenodo:14872876:FH1016_BM_PRETX	treatment	<map of column new_time_point>	file	evidence/biorxiv_2024.06.03.597178.txt		We collected BM and PB samples from NDMM patients (n=9) before treatment (PRETX), during induction therapy (INDC), after induction therapy (EIND; median 33 days after start of last cycle), 90 days post-ASCT (TRN90), and 1-year post-ASCT (TRNY1; Fig. 1A, Table S1).	True
FH1016_BM_TRN90	zenodo:14872876:FH1016_BM_TRN90	treatment	<map of column new_time_point>	file	evidence/biorxiv_2024.06.03.597178.txt		We collected BM and PB samples from NDMM patients (n=9) before treatment (PRETX), during induction therapy (INDC), after induction therapy (EIND; median 33 days after start of last cycle), 90 days post-ASCT (TRN90), and 1-year post-ASCT (TRNY1; Fig. 1A, Table S1).	True
FH1016_BM_TRNY1	zenodo:14872876:FH1016_BM_TRNY1	treatment	<map of column new_time_point>	file	evidence/biorxiv_2024.06.03.597178.txt		We collected BM and PB samples from NDMM patients (n=9) before treatment (PRETX), during induction therapy (INDC), after induction therapy (EIND; median 33 days after start of last cycle), 90 days post-ASCT (TRN90), and 1-year post-ASCT (TRNY1; Fig. 1A, Table S1).	True
FH1016_PB_EIND2	zenodo:14872876:FH1016_PB_EIND2	treatment	<map of column new_time_point>	file	evidence/biorxiv_2024.06.03.597178.txt		We collected BM and PB samples from NDMM patients (n=9) before treatment (PRETX), during induction therapy (INDC), after induction therapy (EIND; median 33 days after start of last cycle), 90 days post-ASCT (TRN90), and 1-year post-ASCT (TRNY1; Fig. 1A, Table S1).	True
FH1016_PB_PRETX	zenodo:14872876:FH1016_PB_PRETX	treatment	<map of column new_time_point>	file	evidence/biorxiv_2024.06.03.597178.txt		We collected BM and PB samples from NDMM patients (n=9) before treatment (PRETX), during induction therapy (INDC), after induction therapy (EIND; median 33 days after start of last cycle), 90 days post-ASCT (TRN90), and 1-year post-ASCT (TRNY1; Fig. 1A, Table S1).	True
FH1016_PB_TRN90	zenodo:14872876:FH1016_PB_TRN90	treatment	<map of column new_time_point>	file	evidence/biorxiv_2024.06.03.597178.txt		We collected BM and PB samples from NDMM patients (n=9) before treatment (PRETX), during induction therapy (INDC), after induction therapy (EIND; median 33 days after start of last cycle), 90 days post-ASCT (TRN90), and 1-year post-ASCT (TRNY1; Fig. 1A, Table S1).	True
FH1016_PB_TRNY1	zenodo:14872876:FH1016_PB_TRNY1	treatment	<map of column new_time_point>	file	evidence/biorxiv_2024.06.03.597178.txt		We collected BM and PB samples from NDMM patients (n=9) before treatment (PRETX), during induction therapy (INDC), after induction therapy (EIND; median 33 days after start of last cycle), 90 days post-ASCT (TRN90), and 1-year post-ASCT (TRNY1; Fig. 1A, Table S1).	True
FH1022_BM_EIND1	zenodo:14872876:FH1022_BM_EIND1	treatment	<map of column new_time_point>	file	evidence/biorxiv_2024.06.03.597178.txt		We collected BM and PB samples from NDMM patients (n=9) before treatment (PRETX), during induction therapy (INDC), after induction therapy (EIND; median 33 days after start of last cycle), 90 days post-ASCT (TRN90), and 1-year post-ASCT (TRNY1; Fig. 1A, Table S1).	True
FH1022_BM_PRETX	zenodo:14872876:FH1022_BM_PRETX	treatment	<map of column new_time_point>	file	evidence/biorxiv_2024.06.03.597178.txt		We collected BM and PB samples from NDMM patients (n=9) before treatment (PRETX), during induction therapy (INDC), after induction therapy (EIND; median 33 days after start of last cycle), 90 days post-ASCT (TRN90), and 1-year post-ASCT (TRNY1; Fig. 1A, Table S1).	True
FH1022_BM_TRN90	zenodo:14872876:FH1022_BM_TRN90	treatment	<map of column new_time_point>	file	evidence/biorxiv_2024.06.03.597178.txt		We collected BM and PB samples from NDMM patients (n=9) before treatment (PRETX), during induction therapy (INDC), after induction therapy (EIND; median 33 days after start of last cycle), 90 days post-ASCT (TRN90), and 1-year post-ASCT (TRNY1; Fig. 1A, Table S1).	True
FH1022_BM_TRNY1	zenodo:14872876:FH1022_BM_TRNY1	treatment	<map of column new_time_point>	file	evidence/biorxiv_2024.06.03.597178.txt		We collected BM and PB samples from NDMM patients (n=9) before treatment (PRETX), during induction therapy (INDC), after induction therapy (EIND; median 33 days after start of last cycle), 90 days post-ASCT (TRN90), and 1-year post-ASCT (TRNY1; Fig. 1A, Table S1).	True
FH1022_PB_EIND1	zenodo:14872876:FH1022_PB_EIND1	treatment	<map of column new_time_point>	file	evidence/biorxiv_2024.06.03.597178.txt		We collected BM and PB samples from NDMM patients (n=9) before treatment (PRETX), during induction therapy (INDC), after induction therapy (EIND; median 33 days after start of last cycle), 90 days post-ASCT (TRN90), and 1-year post-ASCT (TRNY1; Fig. 1A, Table S1).	True
FH1022_PB_PRETX	zenodo:14872876:FH1022_PB_PRETX	treatment	<map of column new_time_point>	file	evidence/biorxiv_2024.06.03.597178.txt		We collected BM and PB samples from NDMM patients (n=9) before treatment (PRETX), during induction therapy (INDC), after induction therapy (EIND; median 33 days after start of last cycle), 90 days post-ASCT (TRN90), and 1-year post-ASCT (TRNY1; Fig. 1A, Table S1).	True
FH1022_PB_TRN90	zenodo:14872876:FH1022_PB_TRN90	treatment	<map of column new_time_point>	file	evidence/biorxiv_2024.06.03.597178.txt		We collected BM and PB samples from NDMM patients (n=9) before treatment (PRETX), during induction therapy (INDC), after induction therapy (EIND; median 33 days after start of last cycle), 90 days post-ASCT (TRN90), and 1-year post-ASCT (TRNY1; Fig. 1A, Table S1).	True
HC_BM_1	zenodo:14872876:HC_BM_1	treatment	<map of column new_time_point>	file	evidence/biorxiv_2024.06.03.597178.txt		We collected BM and PB samples from NDMM patients (n=9) before treatment (PRETX), during induction therapy (INDC), after induction therapy (EIND; median 33 days after start of last cycle), 90 days post-ASCT (TRN90), and 1-year post-ASCT (TRNY1; Fig. 1A, Table S1).	True
HC_BM_2	zenodo:14872876:HC_BM_2	treatment	<map of column new_time_point>	file	evidence/biorxiv_2024.06.03.597178.txt		We collected BM and PB samples from NDMM patients (n=9) before treatment (PRETX), during induction therapy (INDC), after induction therapy (EIND; median 33 days after start of last cycle), 90 days post-ASCT (TRN90), and 1-year post-ASCT (TRNY1; Fig. 1A, Table S1).	True
HC_BM_3	zenodo:14872876:HC_BM_3	treatment	<map of column new_time_point>	file	evidence/biorxiv_2024.06.03.597178.txt		We collected BM and PB samples from NDMM patients (n=9) before treatment (PRETX), during induction therapy (INDC), after induction therapy (EIND; median 33 days after start of last cycle), 90 days post-ASCT (TRN90), and 1-year post-ASCT (TRNY1; Fig. 1A, Table S1).	True
HC_BM_4	zenodo:14872876:HC_BM_4	treatment	<map of column new_time_point>	file	evidence/biorxiv_2024.06.03.597178.txt		We collected BM and PB samples from NDMM patients (n=9) before treatment (PRETX), during induction therapy (INDC), after induction therapy (EIND; median 33 days after start of last cycle), 90 days post-ASCT (TRN90), and 1-year post-ASCT (TRNY1; Fig. 1A, Table S1).	True
HC_BM_5	zenodo:14872876:HC_BM_5	treatment	<map of column new_time_point>	file	evidence/biorxiv_2024.06.03.597178.txt		We collected BM and PB samples from NDMM patients (n=9) before treatment (PRETX), during induction therapy (INDC), after induction therapy (EIND; median 33 days after start of last cycle), 90 days post-ASCT (TRN90), and 1-year post-ASCT (TRNY1; Fig. 1A, Table S1).	True
HC_BM_6	zenodo:14872876:HC_BM_6	treatment	<map of column new_time_point>	file	evidence/biorxiv_2024.06.03.597178.txt		We collected BM and PB samples from NDMM patients (n=9) before treatment (PRETX), during induction therapy (INDC), after induction therapy (EIND; median 33 days after start of last cycle), 90 days post-ASCT (TRN90), and 1-year post-ASCT (TRNY1; Fig. 1A, Table S1).	True
HC_BM_7	zenodo:14872876:HC_BM_7	treatment	<map of column new_time_point>	file	evidence/biorxiv_2024.06.03.597178.txt		We collected BM and PB samples from NDMM patients (n=9) before treatment (PRETX), during induction therapy (INDC), after induction therapy (EIND; median 33 days after start of last cycle), 90 days post-ASCT (TRN90), and 1-year post-ASCT (TRNY1; Fig. 1A, Table S1).	True
HC_BM_8	zenodo:14872876:HC_BM_8	treatment	<map of column new_time_point>	file	evidence/biorxiv_2024.06.03.597178.txt		We collected BM and PB samples from NDMM patients (n=9) before treatment (PRETX), during induction therapy (INDC), after induction therapy (EIND; median 33 days after start of last cycle), 90 days post-ASCT (TRN90), and 1-year post-ASCT (TRNY1; Fig. 1A, Table S1).	True
HC_PB_1	zenodo:14872876:HC_PB_1	treatment	<map of column new_time_point>	file	evidence/biorxiv_2024.06.03.597178.txt		We collected BM and PB samples from NDMM patients (n=9) before treatment (PRETX), during induction therapy (INDC), after induction therapy (EIND; median 33 days after start of last cycle), 90 days post-ASCT (TRN90), and 1-year post-ASCT (TRNY1; Fig. 1A, Table S1).	True
HC_PB_2	zenodo:14872876:HC_PB_2	treatment	<map of column new_time_point>	file	evidence/biorxiv_2024.06.03.597178.txt		We collected BM and PB samples from NDMM patients (n=9) before treatment (PRETX), during induction therapy (INDC), after induction therapy (EIND; median 33 days after start of last cycle), 90 days post-ASCT (TRN90), and 1-year post-ASCT (TRNY1; Fig. 1A, Table S1).	True
HC_PB_3	zenodo:14872876:HC_PB_3	treatment	<map of column new_time_point>	file	evidence/biorxiv_2024.06.03.597178.txt		We collected BM and PB samples from NDMM patients (n=9) before treatment (PRETX), during induction therapy (INDC), after induction therapy (EIND; median 33 days after start of last cycle), 90 days post-ASCT (TRN90), and 1-year post-ASCT (TRNY1; Fig. 1A, Table S1).	True
HC_PB_4	zenodo:14872876:HC_PB_4	treatment	<map of column new_time_point>	file	evidence/biorxiv_2024.06.03.597178.txt		We collected BM and PB samples from NDMM patients (n=9) before treatment (PRETX), during induction therapy (INDC), after induction therapy (EIND; median 33 days after start of last cycle), 90 days post-ASCT (TRN90), and 1-year post-ASCT (TRNY1; Fig. 1A, Table S1).	True
HC_PB_5	zenodo:14872876:HC_PB_5	treatment	<map of column new_time_point>	file	evidence/biorxiv_2024.06.03.597178.txt		We collected BM and PB samples from NDMM patients (n=9) before treatment (PRETX), during induction therapy (INDC), after induction therapy (EIND; median 33 days after start of last cycle), 90 days post-ASCT (TRN90), and 1-year post-ASCT (TRNY1; Fig. 1A, Table S1).	True
HC_PB_6	zenodo:14872876:HC_PB_6	treatment	<map of column new_time_point>	file	evidence/biorxiv_2024.06.03.597178.txt		We collected BM and PB samples from NDMM patients (n=9) before treatment (PRETX), during induction therapy (INDC), after induction therapy (EIND; median 33 days after start of last cycle), 90 days post-ASCT (TRN90), and 1-year post-ASCT (TRNY1; Fig. 1A, Table S1).	True
HC_PB_7	zenodo:14872876:HC_PB_7	treatment	<map of column new_time_point>	file	evidence/biorxiv_2024.06.03.597178.txt		We collected BM and PB samples from NDMM patients (n=9) before treatment (PRETX), during induction therapy (INDC), after induction therapy (EIND; median 33 days after start of last cycle), 90 days post-ASCT (TRN90), and 1-year post-ASCT (TRNY1; Fig. 1A, Table S1).	True
HC_PB_8	zenodo:14872876:HC_PB_8	treatment	<map of column new_time_point>	file	evidence/biorxiv_2024.06.03.597178.txt		We collected BM and PB samples from NDMM patients (n=9) before treatment (PRETX), during induction therapy (INDC), after induction therapy (EIND; median 33 days after start of last cycle), 90 days post-ASCT (TRN90), and 1-year post-ASCT (TRNY1; Fig. 1A, Table S1).	True
FH1002_BM_TRNY1	zenodo:14872876:FH1002_BM_TRNY1	sample_preservation	cryopreserved	file	evidence/biorxiv_2024.06.03.597178.txt		Mononuclear cells were isolated by density gradient separation, cryopreserved, and stored in liquid nitrogen.	True
FH1002_PB_Y2D90	zenodo:14872876:FH1002_PB_Y2D90	sample_preservation	cryopreserved	file	evidence/biorxiv_2024.06.03.597178.txt		Mononuclear cells were isolated by density gradient separation, cryopreserved, and stored in liquid nitrogen.	True
FH1003_BM_EIND1	zenodo:14872876:FH1003_BM_EIND1	sample_preservation	cryopreserved	file	evidence/biorxiv_2024.06.03.597178.txt		Mononuclear cells were isolated by density gradient separation, cryopreserved, and stored in liquid nitrogen.	True
FH1003_BM_PRETX	zenodo:14872876:FH1003_BM_PRETX	sample_preservation	cryopreserved	file	evidence/biorxiv_2024.06.03.597178.txt		Mononuclear cells were isolated by density gradient separation, cryopreserved, and stored in liquid nitrogen.	True
FH1003_BM_TRN90	zenodo:14872876:FH1003_BM_TRN90	sample_preservation	cryopreserved	file	evidence/biorxiv_2024.06.03.597178.txt		Mononuclear cells were isolated by density gradient separation, cryopreserved, and stored in liquid nitrogen.	True
FH1003_BM_TRNY1	zenodo:14872876:FH1003_BM_TRNY1	sample_preservation	cryopreserved	file	evidence/biorxiv_2024.06.03.597178.txt		Mononuclear cells were isolated by density gradient separation, cryopreserved, and stored in liquid nitrogen.	True
FH1003_PB_EIND1	zenodo:14872876:FH1003_PB_EIND1	sample_preservation	cryopreserved	file	evidence/biorxiv_2024.06.03.597178.txt		Mononuclear cells were isolated by density gradient separation, cryopreserved, and stored in liquid nitrogen.	True
FH1003_PB_EIND2	zenodo:14872876:FH1003_PB_EIND2	sample_preservation	cryopreserved	file	evidence/biorxiv_2024.06.03.597178.txt		Mononuclear cells were isolated by density gradient separation, cryopreserved, and stored in liquid nitrogen.	True
FH1003_PB_INDC3	zenodo:14872876:FH1003_PB_INDC3	sample_preservation	cryopreserved	file	evidence/biorxiv_2024.06.03.597178.txt		Mononuclear cells were isolated by density gradient separation, cryopreserved, and stored in liquid nitrogen.	True
FH1003_PB_PRETX	zenodo:14872876:FH1003_PB_PRETX	sample_preservation	cryopreserved	file	evidence/biorxiv_2024.06.03.597178.txt		Mononuclear cells were isolated by density gradient separation, cryopreserved, and stored in liquid nitrogen.	True
FH1003_PB_TRN90	zenodo:14872876:FH1003_PB_TRN90	sample_preservation	cryopreserved	file	evidence/biorxiv_2024.06.03.597178.txt		Mononuclear cells were isolated by density gradient separation, cryopreserved, and stored in liquid nitrogen.	True
FH1003_PB_TRNY1	zenodo:14872876:FH1003_PB_TRNY1	sample_preservation	cryopreserved	file	evidence/biorxiv_2024.06.03.597178.txt		Mononuclear cells were isolated by density gradient separation, cryopreserved, and stored in liquid nitrogen.	True
FH1004_PB_EIND1	zenodo:14872876:FH1004_PB_EIND1	sample_preservation	cryopreserved	file	evidence/biorxiv_2024.06.03.597178.txt		Mononuclear cells were isolated by density gradient separation, cryopreserved, and stored in liquid nitrogen.	True
FH1004_PB_EIND2	zenodo:14872876:FH1004_PB_EIND2	sample_preservation	cryopreserved	file	evidence/biorxiv_2024.06.03.597178.txt		Mononuclear cells were isolated by density gradient separation, cryopreserved, and stored in liquid nitrogen.	True
FH1004_PB_INDC2	zenodo:14872876:FH1004_PB_INDC2	sample_preservation	cryopreserved	file	evidence/biorxiv_2024.06.03.597178.txt		Mononuclear cells were isolated by density gradient separation, cryopreserved, and stored in liquid nitrogen.	True
FH1004_PB_INDC3	zenodo:14872876:FH1004_PB_INDC3	sample_preservation	cryopreserved	file	evidence/biorxiv_2024.06.03.597178.txt		Mononuclear cells were isolated by density gradient separation, cryopreserved, and stored in liquid nitrogen.	True
FH1004_PB_PRETX	zenodo:14872876:FH1004_PB_PRETX	sample_preservation	cryopreserved	file	evidence/biorxiv_2024.06.03.597178.txt		Mononuclear cells were isolated by density gradient separation, cryopreserved, and stored in liquid nitrogen.	True
FH1004_PB_TRN90	zenodo:14872876:FH1004_PB_TRN90	sample_preservation	cryopreserved	file	evidence/biorxiv_2024.06.03.597178.txt		Mononuclear cells were isolated by density gradient separation, cryopreserved, and stored in liquid nitrogen.	True
FH1005_BM_EIND1	zenodo:14872876:FH1005_BM_EIND1	sample_preservation	cryopreserved	file	evidence/biorxiv_2024.06.03.597178.txt		Mononuclear cells were isolated by density gradient separation, cryopreserved, and stored in liquid nitrogen.	True
FH1005_BM_PRETX	zenodo:14872876:FH1005_BM_PRETX	sample_preservation	cryopreserved	file	evidence/biorxiv_2024.06.03.597178.txt		Mononuclear cells were isolated by density gradient separation, cryopreserved, and stored in liquid nitrogen.	True
FH1005_BM_TRN90	zenodo:14872876:FH1005_BM_TRN90	sample_preservation	cryopreserved	file	evidence/biorxiv_2024.06.03.597178.txt		Mononuclear cells were isolated by density gradient separation, cryopreserved, and stored in liquid nitrogen.	True
FH1005_PB_EIND2	zenodo:14872876:FH1005_PB_EIND2	sample_preservation	cryopreserved	file	evidence/biorxiv_2024.06.03.597178.txt		Mononuclear cells were isolated by density gradient separation, cryopreserved, and stored in liquid nitrogen.	True
FH1005_PB_INDC3	zenodo:14872876:FH1005_PB_INDC3	sample_preservation	cryopreserved	file	evidence/biorxiv_2024.06.03.597178.txt		Mononuclear cells were isolated by density gradient separation, cryopreserved, and stored in liquid nitrogen.	True
FH1005_PB_PRETX	zenodo:14872876:FH1005_PB_PRETX	sample_preservation	cryopreserved	file	evidence/biorxiv_2024.06.03.597178.txt		Mononuclear cells were isolated by density gradient separation, cryopreserved, and stored in liquid nitrogen.	True
FH1005_PB_PoCo15	zenodo:14872876:FH1005_PB_PoCo15	sample_preservation	cryopreserved	file	evidence/biorxiv_2024.06.03.597178.txt		Mononuclear cells were isolated by density gradient separation, cryopreserved, and stored in liquid nitrogen.	True
FH1005_PB_TRN90	zenodo:14872876:FH1005_PB_TRN90	sample_preservation	cryopreserved	file	evidence/biorxiv_2024.06.03.597178.txt		Mononuclear cells were isolated by density gradient separation, cryopreserved, and stored in liquid nitrogen.	True
FH1006_PB_EIND1	zenodo:14872876:FH1006_PB_EIND1	sample_preservation	cryopreserved	file	evidence/biorxiv_2024.06.03.597178.txt		Mononuclear cells were isolated by density gradient separation, cryopreserved, and stored in liquid nitrogen.	True
FH1006_PB_EIND2	zenodo:14872876:FH1006_PB_EIND2	sample_preservation	cryopreserved	file	evidence/biorxiv_2024.06.03.597178.txt		Mononuclear cells were isolated by density gradient separation, cryopreserved, and stored in liquid nitrogen.	True
FH1006_PB_INDC3	zenodo:14872876:FH1006_PB_INDC3	sample_preservation	cryopreserved	file	evidence/biorxiv_2024.06.03.597178.txt		Mononuclear cells were isolated by density gradient separation, cryopreserved, and stored in liquid nitrogen.	True
FH1006_PB_PRETX	zenodo:14872876:FH1006_PB_PRETX	sample_preservation	cryopreserved	file	evidence/biorxiv_2024.06.03.597178.txt		Mononuclear cells were isolated by density gradient separation, cryopreserved, and stored in liquid nitrogen.	True
FH1006_PB_TRN60	zenodo:14872876:FH1006_PB_TRN60	sample_preservation	cryopreserved	file	evidence/biorxiv_2024.06.03.597178.txt		Mononuclear cells were isolated by density gradient separation, cryopreserved, and stored in liquid nitrogen.	True
FH1006_PB_TRN90	zenodo:14872876:FH1006_PB_TRN90	sample_preservation	cryopreserved	file	evidence/biorxiv_2024.06.03.597178.txt		Mononuclear cells were isolated by density gradient separation, cryopreserved, and stored in liquid nitrogen.	True
FH1006_PB_TRNY1	zenodo:14872876:FH1006_PB_TRNY1	sample_preservation	cryopreserved	file	evidence/biorxiv_2024.06.03.597178.txt		Mononuclear cells were isolated by density gradient separation, cryopreserved, and stored in liquid nitrogen.	True
FH1007_BM_PRETX	zenodo:14872876:FH1007_BM_PRETX	sample_preservation	cryopreserved	file	evidence/biorxiv_2024.06.03.597178.txt		Mononuclear cells were isolated by density gradient separation, cryopreserved, and stored in liquid nitrogen.	True
FH1007_BM_TRN90	zenodo:14872876:FH1007_BM_TRN90	sample_preservation	cryopreserved	file	evidence/biorxiv_2024.06.03.597178.txt		Mononuclear cells were isolated by density gradient separation, cryopreserved, and stored in liquid nitrogen.	True
FH1007_BM_TRNY1	zenodo:14872876:FH1007_BM_TRNY1	sample_preservation	cryopreserved	file	evidence/biorxiv_2024.06.03.597178.txt		Mononuclear cells were isolated by density gradient separation, cryopreserved, and stored in liquid nitrogen.	True
FH1007_PB_EIND1	zenodo:14872876:FH1007_PB_EIND1	sample_preservation	cryopreserved	file	evidence/biorxiv_2024.06.03.597178.txt		Mononuclear cells were isolated by density gradient separation, cryopreserved, and stored in liquid nitrogen.	True
FH1007_PB_EIND2	zenodo:14872876:FH1007_PB_EIND2	sample_preservation	cryopreserved	file	evidence/biorxiv_2024.06.03.597178.txt		Mononuclear cells were isolated by density gradient separation, cryopreserved, and stored in liquid nitrogen.	True
FH1007_PB_PRETX	zenodo:14872876:FH1007_PB_PRETX	sample_preservation	cryopreserved	file	evidence/biorxiv_2024.06.03.597178.txt		Mononuclear cells were isolated by density gradient separation, cryopreserved, and stored in liquid nitrogen.	True
FH1007_PB_TRN90	zenodo:14872876:FH1007_PB_TRN90	sample_preservation	cryopreserved	file	evidence/biorxiv_2024.06.03.597178.txt		Mononuclear cells were isolated by density gradient separation, cryopreserved, and stored in liquid nitrogen.	True
FH1007_PB_Y1D90	zenodo:14872876:FH1007_PB_Y1D90	sample_preservation	cryopreserved	file	evidence/biorxiv_2024.06.03.597178.txt		Mononuclear cells were isolated by density gradient separation, cryopreserved, and stored in liquid nitrogen.	True
FH1008_BM_EIND1	zenodo:14872876:FH1008_BM_EIND1	sample_preservation	cryopreserved	file	evidence/biorxiv_2024.06.03.597178.txt		Mononuclear cells were isolated by density gradient separation, cryopreserved, and stored in liquid nitrogen.	True
FH1008_BM_PRETX	zenodo:14872876:FH1008_BM_PRETX	sample_preservation	cryopreserved	file	evidence/biorxiv_2024.06.03.597178.txt		Mononuclear cells were isolated by density gradient separation, cryopreserved, and stored in liquid nitrogen.	True
FH1008_BM_TRN90	zenodo:14872876:FH1008_BM_TRN90	sample_preservation	cryopreserved	file	evidence/biorxiv_2024.06.03.597178.txt		Mononuclear cells were isolated by density gradient separation, cryopreserved, and stored in liquid nitrogen.	True
FH1008_BM_TRNY1	zenodo:14872876:FH1008_BM_TRNY1	sample_preservation	cryopreserved	file	evidence/biorxiv_2024.06.03.597178.txt		Mononuclear cells were isolated by density gradient separation, cryopreserved, and stored in liquid nitrogen.	True
FH1008_PB_EIND1	zenodo:14872876:FH1008_PB_EIND1	sample_preservation	cryopreserved	file	evidence/biorxiv_2024.06.03.597178.txt		Mononuclear cells were isolated by density gradient separation, cryopreserved, and stored in liquid nitrogen.	True
FH1008_PB_EIND2	zenodo:14872876:FH1008_PB_EIND2	sample_preservation	cryopreserved	file	evidence/biorxiv_2024.06.03.597178.txt		Mononuclear cells were isolated by density gradient separation, cryopreserved, and stored in liquid nitrogen.	True
FH1008_PB_INDC3	zenodo:14872876:FH1008_PB_INDC3	sample_preservation	cryopreserved	file	evidence/biorxiv_2024.06.03.597178.txt		Mononuclear cells were isolated by density gradient separation, cryopreserved, and stored in liquid nitrogen.	True
FH1008_PB_PRETX	zenodo:14872876:FH1008_PB_PRETX	sample_preservation	cryopreserved	file	evidence/biorxiv_2024.06.03.597178.txt		Mononuclear cells were isolated by density gradient separation, cryopreserved, and stored in liquid nitrogen.	True
FH1008_PB_TRN90	zenodo:14872876:FH1008_PB_TRN90	sample_preservation	cryopreserved	file	evidence/biorxiv_2024.06.03.597178.txt		Mononuclear cells were isolated by density gradient separation, cryopreserved, and stored in liquid nitrogen.	True
FH1008_PB_TRNY1	zenodo:14872876:FH1008_PB_TRNY1	sample_preservation	cryopreserved	file	evidence/biorxiv_2024.06.03.597178.txt		Mononuclear cells were isolated by density gradient separation, cryopreserved, and stored in liquid nitrogen.	True
FH1009_BM_PRETX	zenodo:14872876:FH1009_BM_PRETX	sample_preservation	cryopreserved	file	evidence/biorxiv_2024.06.03.597178.txt		Mononuclear cells were isolated by density gradient separation, cryopreserved, and stored in liquid nitrogen.	True
FH1009_BM_TRN90	zenodo:14872876:FH1009_BM_TRN90	sample_preservation	cryopreserved	file	evidence/biorxiv_2024.06.03.597178.txt		Mononuclear cells were isolated by density gradient separation, cryopreserved, and stored in liquid nitrogen.	True
FH1009_PB_EIND2	zenodo:14872876:FH1009_PB_EIND2	sample_preservation	cryopreserved	file	evidence/biorxiv_2024.06.03.597178.txt		Mononuclear cells were isolated by density gradient separation, cryopreserved, and stored in liquid nitrogen.	True
FH1009_PB_PRETX	zenodo:14872876:FH1009_PB_PRETX	sample_preservation	cryopreserved	file	evidence/biorxiv_2024.06.03.597178.txt		Mononuclear cells were isolated by density gradient separation, cryopreserved, and stored in liquid nitrogen.	True
FH1009_PB_TRN90	zenodo:14872876:FH1009_PB_TRN90	sample_preservation	cryopreserved	file	evidence/biorxiv_2024.06.03.597178.txt		Mononuclear cells were isolated by density gradient separation, cryopreserved, and stored in liquid nitrogen.	True
FH1011_BM_EIND1	zenodo:14872876:FH1011_BM_EIND1	sample_preservation	cryopreserved	file	evidence/biorxiv_2024.06.03.597178.txt		Mononuclear cells were isolated by density gradient separation, cryopreserved, and stored in liquid nitrogen.	True
FH1011_BM_PRETX	zenodo:14872876:FH1011_BM_PRETX	sample_preservation	cryopreserved	file	evidence/biorxiv_2024.06.03.597178.txt		Mononuclear cells were isolated by density gradient separation, cryopreserved, and stored in liquid nitrogen.	True
FH1011_BM_TRNY1	zenodo:14872876:FH1011_BM_TRNY1	sample_preservation	cryopreserved	file	evidence/biorxiv_2024.06.03.597178.txt		Mononuclear cells were isolated by density gradient separation, cryopreserved, and stored in liquid nitrogen.	True
FH1011_PB_EIND2	zenodo:14872876:FH1011_PB_EIND2	sample_preservation	cryopreserved	file	evidence/biorxiv_2024.06.03.597178.txt		Mononuclear cells were isolated by density gradient separation, cryopreserved, and stored in liquid nitrogen.	True
FH1011_PB_INDC3	zenodo:14872876:FH1011_PB_INDC3	sample_preservation	cryopreserved	file	evidence/biorxiv_2024.06.03.597178.txt		Mononuclear cells were isolated by density gradient separation, cryopreserved, and stored in liquid nitrogen.	True
FH1011_PB_PRETX	zenodo:14872876:FH1011_PB_PRETX	sample_preservation	cryopreserved	file	evidence/biorxiv_2024.06.03.597178.txt		Mononuclear cells were isolated by density gradient separation, cryopreserved, and stored in liquid nitrogen.	True
FH1011_PB_TRN90	zenodo:14872876:FH1011_PB_TRN90	sample_preservation	cryopreserved	file	evidence/biorxiv_2024.06.03.597178.txt		Mononuclear cells were isolated by density gradient separation, cryopreserved, and stored in liquid nitrogen.	True
FH1011_PB_TRNY1	zenodo:14872876:FH1011_PB_TRNY1	sample_preservation	cryopreserved	file	evidence/biorxiv_2024.06.03.597178.txt		Mononuclear cells were isolated by density gradient separation, cryopreserved, and stored in liquid nitrogen.	True
FH1016_BM_EIND1	zenodo:14872876:FH1016_BM_EIND1	sample_preservation	cryopreserved	file	evidence/biorxiv_2024.06.03.597178.txt		Mononuclear cells were isolated by density gradient separation, cryopreserved, and stored in liquid nitrogen.	True
FH1016_BM_PRETX	zenodo:14872876:FH1016_BM_PRETX	sample_preservation	cryopreserved	file	evidence/biorxiv_2024.06.03.597178.txt		Mononuclear cells were isolated by density gradient separation, cryopreserved, and stored in liquid nitrogen.	True
FH1016_BM_TRN90	zenodo:14872876:FH1016_BM_TRN90	sample_preservation	cryopreserved	file	evidence/biorxiv_2024.06.03.597178.txt		Mononuclear cells were isolated by density gradient separation, cryopreserved, and stored in liquid nitrogen.	True
FH1016_BM_TRNY1	zenodo:14872876:FH1016_BM_TRNY1	sample_preservation	cryopreserved	file	evidence/biorxiv_2024.06.03.597178.txt		Mononuclear cells were isolated by density gradient separation, cryopreserved, and stored in liquid nitrogen.	True
FH1016_PB_EIND2	zenodo:14872876:FH1016_PB_EIND2	sample_preservation	cryopreserved	file	evidence/biorxiv_2024.06.03.597178.txt		Mononuclear cells were isolated by density gradient separation, cryopreserved, and stored in liquid nitrogen.	True
FH1016_PB_PRETX	zenodo:14872876:FH1016_PB_PRETX	sample_preservation	cryopreserved	file	evidence/biorxiv_2024.06.03.597178.txt		Mononuclear cells were isolated by density gradient separation, cryopreserved, and stored in liquid nitrogen.	True
FH1016_PB_TRN90	zenodo:14872876:FH1016_PB_TRN90	sample_preservation	cryopreserved	file	evidence/biorxiv_2024.06.03.597178.txt		Mononuclear cells were isolated by density gradient separation, cryopreserved, and stored in liquid nitrogen.	True
FH1016_PB_TRNY1	zenodo:14872876:FH1016_PB_TRNY1	sample_preservation	cryopreserved	file	evidence/biorxiv_2024.06.03.597178.txt		Mononuclear cells were isolated by density gradient separation, cryopreserved, and stored in liquid nitrogen.	True
FH1022_BM_EIND1	zenodo:14872876:FH1022_BM_EIND1	sample_preservation	cryopreserved	file	evidence/biorxiv_2024.06.03.597178.txt		Mononuclear cells were isolated by density gradient separation, cryopreserved, and stored in liquid nitrogen.	True
FH1022_BM_PRETX	zenodo:14872876:FH1022_BM_PRETX	sample_preservation	cryopreserved	file	evidence/biorxiv_2024.06.03.597178.txt		Mononuclear cells were isolated by density gradient separation, cryopreserved, and stored in liquid nitrogen.	True
FH1022_BM_TRN90	zenodo:14872876:FH1022_BM_TRN90	sample_preservation	cryopreserved	file	evidence/biorxiv_2024.06.03.597178.txt		Mononuclear cells were isolated by density gradient separation, cryopreserved, and stored in liquid nitrogen.	True
FH1022_BM_TRNY1	zenodo:14872876:FH1022_BM_TRNY1	sample_preservation	cryopreserved	file	evidence/biorxiv_2024.06.03.597178.txt		Mononuclear cells were isolated by density gradient separation, cryopreserved, and stored in liquid nitrogen.	True
FH1022_PB_EIND1	zenodo:14872876:FH1022_PB_EIND1	sample_preservation	cryopreserved	file	evidence/biorxiv_2024.06.03.597178.txt		Mononuclear cells were isolated by density gradient separation, cryopreserved, and stored in liquid nitrogen.	True
FH1022_PB_PRETX	zenodo:14872876:FH1022_PB_PRETX	sample_preservation	cryopreserved	file	evidence/biorxiv_2024.06.03.597178.txt		Mononuclear cells were isolated by density gradient separation, cryopreserved, and stored in liquid nitrogen.	True
FH1022_PB_TRN90	zenodo:14872876:FH1022_PB_TRN90	sample_preservation	cryopreserved	file	evidence/biorxiv_2024.06.03.597178.txt		Mononuclear cells were isolated by density gradient separation, cryopreserved, and stored in liquid nitrogen.	True
HC_BM_1	zenodo:14872876:HC_BM_1	sample_preservation	cryopreserved	file	evidence/biorxiv_2024.06.03.597178.txt		Mononuclear cells were isolated by density gradient separation, cryopreserved, and stored in liquid nitrogen.	True
HC_BM_2	zenodo:14872876:HC_BM_2	sample_preservation	cryopreserved	file	evidence/biorxiv_2024.06.03.597178.txt		Mononuclear cells were isolated by density gradient separation, cryopreserved, and stored in liquid nitrogen.	True
HC_BM_3	zenodo:14872876:HC_BM_3	sample_preservation	cryopreserved	file	evidence/biorxiv_2024.06.03.597178.txt		Mononuclear cells were isolated by density gradient separation, cryopreserved, and stored in liquid nitrogen.	True
HC_BM_4	zenodo:14872876:HC_BM_4	sample_preservation	cryopreserved	file	evidence/biorxiv_2024.06.03.597178.txt		Mononuclear cells were isolated by density gradient separation, cryopreserved, and stored in liquid nitrogen.	True
HC_BM_5	zenodo:14872876:HC_BM_5	sample_preservation	cryopreserved	file	evidence/biorxiv_2024.06.03.597178.txt		Mononuclear cells were isolated by density gradient separation, cryopreserved, and stored in liquid nitrogen.	True
HC_BM_6	zenodo:14872876:HC_BM_6	sample_preservation	cryopreserved	file	evidence/biorxiv_2024.06.03.597178.txt		Mononuclear cells were isolated by density gradient separation, cryopreserved, and stored in liquid nitrogen.	True
HC_BM_7	zenodo:14872876:HC_BM_7	sample_preservation	cryopreserved	file	evidence/biorxiv_2024.06.03.597178.txt		Mononuclear cells were isolated by density gradient separation, cryopreserved, and stored in liquid nitrogen.	True
HC_BM_8	zenodo:14872876:HC_BM_8	sample_preservation	cryopreserved	file	evidence/biorxiv_2024.06.03.597178.txt		Mononuclear cells were isolated by density gradient separation, cryopreserved, and stored in liquid nitrogen.	True
HC_PB_1	zenodo:14872876:HC_PB_1	sample_preservation	cryopreserved	file	evidence/biorxiv_2024.06.03.597178.txt		Mononuclear cells were isolated by density gradient separation, cryopreserved, and stored in liquid nitrogen.	True
HC_PB_2	zenodo:14872876:HC_PB_2	sample_preservation	cryopreserved	file	evidence/biorxiv_2024.06.03.597178.txt		Mononuclear cells were isolated by density gradient separation, cryopreserved, and stored in liquid nitrogen.	True
HC_PB_3	zenodo:14872876:HC_PB_3	sample_preservation	cryopreserved	file	evidence/biorxiv_2024.06.03.597178.txt		Mononuclear cells were isolated by density gradient separation, cryopreserved, and stored in liquid nitrogen.	True
HC_PB_4	zenodo:14872876:HC_PB_4	sample_preservation	cryopreserved	file	evidence/biorxiv_2024.06.03.597178.txt		Mononuclear cells were isolated by density gradient separation, cryopreserved, and stored in liquid nitrogen.	True
HC_PB_5	zenodo:14872876:HC_PB_5	sample_preservation	cryopreserved	file	evidence/biorxiv_2024.06.03.597178.txt		Mononuclear cells were isolated by density gradient separation, cryopreserved, and stored in liquid nitrogen.	True
HC_PB_6	zenodo:14872876:HC_PB_6	sample_preservation	cryopreserved	file	evidence/biorxiv_2024.06.03.597178.txt		Mononuclear cells were isolated by density gradient separation, cryopreserved, and stored in liquid nitrogen.	True
HC_PB_7	zenodo:14872876:HC_PB_7	sample_preservation	cryopreserved	file	evidence/biorxiv_2024.06.03.597178.txt		Mononuclear cells were isolated by density gradient separation, cryopreserved, and stored in liquid nitrogen.	True
HC_PB_8	zenodo:14872876:HC_PB_8	sample_preservation	cryopreserved	file	evidence/biorxiv_2024.06.03.597178.txt		Mononuclear cells were isolated by density gradient separation, cryopreserved, and stored in liquid nitrogen.	True
FH1002_BM_TRNY1	zenodo:14872876:FH1002_BM_TRNY1	suspension_type	cell	file	evidence/biorxiv_2024.06.03.597178.txt		then CD8+ T cells were isolated by fluorescence-activated cell sorting (Fig. S4B).	True
FH1002_PB_Y2D90	zenodo:14872876:FH1002_PB_Y2D90	suspension_type	cell	file	evidence/biorxiv_2024.06.03.597178.txt		then CD8+ T cells were isolated by fluorescence-activated cell sorting (Fig. S4B).	True
FH1003_BM_EIND1	zenodo:14872876:FH1003_BM_EIND1	suspension_type	cell	file	evidence/biorxiv_2024.06.03.597178.txt		then CD8+ T cells were isolated by fluorescence-activated cell sorting (Fig. S4B).	True
FH1003_BM_PRETX	zenodo:14872876:FH1003_BM_PRETX	suspension_type	cell	file	evidence/biorxiv_2024.06.03.597178.txt		then CD8+ T cells were isolated by fluorescence-activated cell sorting (Fig. S4B).	True
FH1003_BM_TRN90	zenodo:14872876:FH1003_BM_TRN90	suspension_type	cell	file	evidence/biorxiv_2024.06.03.597178.txt		then CD8+ T cells were isolated by fluorescence-activated cell sorting (Fig. S4B).	True
FH1003_BM_TRNY1	zenodo:14872876:FH1003_BM_TRNY1	suspension_type	cell	file	evidence/biorxiv_2024.06.03.597178.txt		then CD8+ T cells were isolated by fluorescence-activated cell sorting (Fig. S4B).	True
FH1003_PB_EIND1	zenodo:14872876:FH1003_PB_EIND1	suspension_type	cell	file	evidence/biorxiv_2024.06.03.597178.txt		then CD8+ T cells were isolated by fluorescence-activated cell sorting (Fig. S4B).	True
FH1003_PB_EIND2	zenodo:14872876:FH1003_PB_EIND2	suspension_type	cell	file	evidence/biorxiv_2024.06.03.597178.txt		then CD8+ T cells were isolated by fluorescence-activated cell sorting (Fig. S4B).	True
FH1003_PB_INDC3	zenodo:14872876:FH1003_PB_INDC3	suspension_type	cell	file	evidence/biorxiv_2024.06.03.597178.txt		then CD8+ T cells were isolated by fluorescence-activated cell sorting (Fig. S4B).	True
FH1003_PB_PRETX	zenodo:14872876:FH1003_PB_PRETX	suspension_type	cell	file	evidence/biorxiv_2024.06.03.597178.txt		then CD8+ T cells were isolated by fluorescence-activated cell sorting (Fig. S4B).	True
FH1003_PB_TRN90	zenodo:14872876:FH1003_PB_TRN90	suspension_type	cell	file	evidence/biorxiv_2024.06.03.597178.txt		then CD8+ T cells were isolated by fluorescence-activated cell sorting (Fig. S4B).	True
FH1003_PB_TRNY1	zenodo:14872876:FH1003_PB_TRNY1	suspension_type	cell	file	evidence/biorxiv_2024.06.03.597178.txt		then CD8+ T cells were isolated by fluorescence-activated cell sorting (Fig. S4B).	True
FH1004_PB_EIND1	zenodo:14872876:FH1004_PB_EIND1	suspension_type	cell	file	evidence/biorxiv_2024.06.03.597178.txt		then CD8+ T cells were isolated by fluorescence-activated cell sorting (Fig. S4B).	True
FH1004_PB_EIND2	zenodo:14872876:FH1004_PB_EIND2	suspension_type	cell	file	evidence/biorxiv_2024.06.03.597178.txt		then CD8+ T cells were isolated by fluorescence-activated cell sorting (Fig. S4B).	True
FH1004_PB_INDC2	zenodo:14872876:FH1004_PB_INDC2	suspension_type	cell	file	evidence/biorxiv_2024.06.03.597178.txt		then CD8+ T cells were isolated by fluorescence-activated cell sorting (Fig. S4B).	True
FH1004_PB_INDC3	zenodo:14872876:FH1004_PB_INDC3	suspension_type	cell	file	evidence/biorxiv_2024.06.03.597178.txt		then CD8+ T cells were isolated by fluorescence-activated cell sorting (Fig. S4B).	True
FH1004_PB_PRETX	zenodo:14872876:FH1004_PB_PRETX	suspension_type	cell	file	evidence/biorxiv_2024.06.03.597178.txt		then CD8+ T cells were isolated by fluorescence-activated cell sorting (Fig. S4B).	True
FH1004_PB_TRN90	zenodo:14872876:FH1004_PB_TRN90	suspension_type	cell	file	evidence/biorxiv_2024.06.03.597178.txt		then CD8+ T cells were isolated by fluorescence-activated cell sorting (Fig. S4B).	True
FH1005_BM_EIND1	zenodo:14872876:FH1005_BM_EIND1	suspension_type	cell	file	evidence/biorxiv_2024.06.03.597178.txt		then CD8+ T cells were isolated by fluorescence-activated cell sorting (Fig. S4B).	True
FH1005_BM_PRETX	zenodo:14872876:FH1005_BM_PRETX	suspension_type	cell	file	evidence/biorxiv_2024.06.03.597178.txt		then CD8+ T cells were isolated by fluorescence-activated cell sorting (Fig. S4B).	True
FH1005_BM_TRN90	zenodo:14872876:FH1005_BM_TRN90	suspension_type	cell	file	evidence/biorxiv_2024.06.03.597178.txt		then CD8+ T cells were isolated by fluorescence-activated cell sorting (Fig. S4B).	True
FH1005_PB_EIND2	zenodo:14872876:FH1005_PB_EIND2	suspension_type	cell	file	evidence/biorxiv_2024.06.03.597178.txt		then CD8+ T cells were isolated by fluorescence-activated cell sorting (Fig. S4B).	True
FH1005_PB_INDC3	zenodo:14872876:FH1005_PB_INDC3	suspension_type	cell	file	evidence/biorxiv_2024.06.03.597178.txt		then CD8+ T cells were isolated by fluorescence-activated cell sorting (Fig. S4B).	True
FH1005_PB_PRETX	zenodo:14872876:FH1005_PB_PRETX	suspension_type	cell	file	evidence/biorxiv_2024.06.03.597178.txt		then CD8+ T cells were isolated by fluorescence-activated cell sorting (Fig. S4B).	True
FH1005_PB_PoCo15	zenodo:14872876:FH1005_PB_PoCo15	suspension_type	cell	file	evidence/biorxiv_2024.06.03.597178.txt		then CD8+ T cells were isolated by fluorescence-activated cell sorting (Fig. S4B).	True
FH1005_PB_TRN90	zenodo:14872876:FH1005_PB_TRN90	suspension_type	cell	file	evidence/biorxiv_2024.06.03.597178.txt		then CD8+ T cells were isolated by fluorescence-activated cell sorting (Fig. S4B).	True
FH1006_PB_EIND1	zenodo:14872876:FH1006_PB_EIND1	suspension_type	cell	file	evidence/biorxiv_2024.06.03.597178.txt		then CD8+ T cells were isolated by fluorescence-activated cell sorting (Fig. S4B).	True
FH1006_PB_EIND2	zenodo:14872876:FH1006_PB_EIND2	suspension_type	cell	file	evidence/biorxiv_2024.06.03.597178.txt		then CD8+ T cells were isolated by fluorescence-activated cell sorting (Fig. S4B).	True
FH1006_PB_INDC3	zenodo:14872876:FH1006_PB_INDC3	suspension_type	cell	file	evidence/biorxiv_2024.06.03.597178.txt		then CD8+ T cells were isolated by fluorescence-activated cell sorting (Fig. S4B).	True
FH1006_PB_PRETX	zenodo:14872876:FH1006_PB_PRETX	suspension_type	cell	file	evidence/biorxiv_2024.06.03.597178.txt		then CD8+ T cells were isolated by fluorescence-activated cell sorting (Fig. S4B).	True
FH1006_PB_TRN60	zenodo:14872876:FH1006_PB_TRN60	suspension_type	cell	file	evidence/biorxiv_2024.06.03.597178.txt		then CD8+ T cells were isolated by fluorescence-activated cell sorting (Fig. S4B).	True
FH1006_PB_TRN90	zenodo:14872876:FH1006_PB_TRN90	suspension_type	cell	file	evidence/biorxiv_2024.06.03.597178.txt		then CD8+ T cells were isolated by fluorescence-activated cell sorting (Fig. S4B).	True
FH1006_PB_TRNY1	zenodo:14872876:FH1006_PB_TRNY1	suspension_type	cell	file	evidence/biorxiv_2024.06.03.597178.txt		then CD8+ T cells were isolated by fluorescence-activated cell sorting (Fig. S4B).	True
FH1007_BM_PRETX	zenodo:14872876:FH1007_BM_PRETX	suspension_type	cell	file	evidence/biorxiv_2024.06.03.597178.txt		then CD8+ T cells were isolated by fluorescence-activated cell sorting (Fig. S4B).	True
FH1007_BM_TRN90	zenodo:14872876:FH1007_BM_TRN90	suspension_type	cell	file	evidence/biorxiv_2024.06.03.597178.txt		then CD8+ T cells were isolated by fluorescence-activated cell sorting (Fig. S4B).	True
FH1007_BM_TRNY1	zenodo:14872876:FH1007_BM_TRNY1	suspension_type	cell	file	evidence/biorxiv_2024.06.03.597178.txt		then CD8+ T cells were isolated by fluorescence-activated cell sorting (Fig. S4B).	True
FH1007_PB_EIND1	zenodo:14872876:FH1007_PB_EIND1	suspension_type	cell	file	evidence/biorxiv_2024.06.03.597178.txt		then CD8+ T cells were isolated by fluorescence-activated cell sorting (Fig. S4B).	True
FH1007_PB_EIND2	zenodo:14872876:FH1007_PB_EIND2	suspension_type	cell	file	evidence/biorxiv_2024.06.03.597178.txt		then CD8+ T cells were isolated by fluorescence-activated cell sorting (Fig. S4B).	True
FH1007_PB_PRETX	zenodo:14872876:FH1007_PB_PRETX	suspension_type	cell	file	evidence/biorxiv_2024.06.03.597178.txt		then CD8+ T cells were isolated by fluorescence-activated cell sorting (Fig. S4B).	True
FH1007_PB_TRN90	zenodo:14872876:FH1007_PB_TRN90	suspension_type	cell	file	evidence/biorxiv_2024.06.03.597178.txt		then CD8+ T cells were isolated by fluorescence-activated cell sorting (Fig. S4B).	True
FH1007_PB_Y1D90	zenodo:14872876:FH1007_PB_Y1D90	suspension_type	cell	file	evidence/biorxiv_2024.06.03.597178.txt		then CD8+ T cells were isolated by fluorescence-activated cell sorting (Fig. S4B).	True
FH1008_BM_EIND1	zenodo:14872876:FH1008_BM_EIND1	suspension_type	cell	file	evidence/biorxiv_2024.06.03.597178.txt		then CD8+ T cells were isolated by fluorescence-activated cell sorting (Fig. S4B).	True
FH1008_BM_PRETX	zenodo:14872876:FH1008_BM_PRETX	suspension_type	cell	file	evidence/biorxiv_2024.06.03.597178.txt		then CD8+ T cells were isolated by fluorescence-activated cell sorting (Fig. S4B).	True
FH1008_BM_TRN90	zenodo:14872876:FH1008_BM_TRN90	suspension_type	cell	file	evidence/biorxiv_2024.06.03.597178.txt		then CD8+ T cells were isolated by fluorescence-activated cell sorting (Fig. S4B).	True
FH1008_BM_TRNY1	zenodo:14872876:FH1008_BM_TRNY1	suspension_type	cell	file	evidence/biorxiv_2024.06.03.597178.txt		then CD8+ T cells were isolated by fluorescence-activated cell sorting (Fig. S4B).	True
FH1008_PB_EIND1	zenodo:14872876:FH1008_PB_EIND1	suspension_type	cell	file	evidence/biorxiv_2024.06.03.597178.txt		then CD8+ T cells were isolated by fluorescence-activated cell sorting (Fig. S4B).	True
FH1008_PB_EIND2	zenodo:14872876:FH1008_PB_EIND2	suspension_type	cell	file	evidence/biorxiv_2024.06.03.597178.txt		then CD8+ T cells were isolated by fluorescence-activated cell sorting (Fig. S4B).	True
FH1008_PB_INDC3	zenodo:14872876:FH1008_PB_INDC3	suspension_type	cell	file	evidence/biorxiv_2024.06.03.597178.txt		then CD8+ T cells were isolated by fluorescence-activated cell sorting (Fig. S4B).	True
FH1008_PB_PRETX	zenodo:14872876:FH1008_PB_PRETX	suspension_type	cell	file	evidence/biorxiv_2024.06.03.597178.txt		then CD8+ T cells were isolated by fluorescence-activated cell sorting (Fig. S4B).	True
FH1008_PB_TRN90	zenodo:14872876:FH1008_PB_TRN90	suspension_type	cell	file	evidence/biorxiv_2024.06.03.597178.txt		then CD8+ T cells were isolated by fluorescence-activated cell sorting (Fig. S4B).	True
FH1008_PB_TRNY1	zenodo:14872876:FH1008_PB_TRNY1	suspension_type	cell	file	evidence/biorxiv_2024.06.03.597178.txt		then CD8+ T cells were isolated by fluorescence-activated cell sorting (Fig. S4B).	True
FH1009_BM_PRETX	zenodo:14872876:FH1009_BM_PRETX	suspension_type	cell	file	evidence/biorxiv_2024.06.03.597178.txt		then CD8+ T cells were isolated by fluorescence-activated cell sorting (Fig. S4B).	True
FH1009_BM_TRN90	zenodo:14872876:FH1009_BM_TRN90	suspension_type	cell	file	evidence/biorxiv_2024.06.03.597178.txt		then CD8+ T cells were isolated by fluorescence-activated cell sorting (Fig. S4B).	True
FH1009_PB_EIND2	zenodo:14872876:FH1009_PB_EIND2	suspension_type	cell	file	evidence/biorxiv_2024.06.03.597178.txt		then CD8+ T cells were isolated by fluorescence-activated cell sorting (Fig. S4B).	True
FH1009_PB_PRETX	zenodo:14872876:FH1009_PB_PRETX	suspension_type	cell	file	evidence/biorxiv_2024.06.03.597178.txt		then CD8+ T cells were isolated by fluorescence-activated cell sorting (Fig. S4B).	True
FH1009_PB_TRN90	zenodo:14872876:FH1009_PB_TRN90	suspension_type	cell	file	evidence/biorxiv_2024.06.03.597178.txt		then CD8+ T cells were isolated by fluorescence-activated cell sorting (Fig. S4B).	True
FH1011_BM_EIND1	zenodo:14872876:FH1011_BM_EIND1	suspension_type	cell	file	evidence/biorxiv_2024.06.03.597178.txt		then CD8+ T cells were isolated by fluorescence-activated cell sorting (Fig. S4B).	True
FH1011_BM_PRETX	zenodo:14872876:FH1011_BM_PRETX	suspension_type	cell	file	evidence/biorxiv_2024.06.03.597178.txt		then CD8+ T cells were isolated by fluorescence-activated cell sorting (Fig. S4B).	True
FH1011_BM_TRNY1	zenodo:14872876:FH1011_BM_TRNY1	suspension_type	cell	file	evidence/biorxiv_2024.06.03.597178.txt		then CD8+ T cells were isolated by fluorescence-activated cell sorting (Fig. S4B).	True
FH1011_PB_EIND2	zenodo:14872876:FH1011_PB_EIND2	suspension_type	cell	file	evidence/biorxiv_2024.06.03.597178.txt		then CD8+ T cells were isolated by fluorescence-activated cell sorting (Fig. S4B).	True
FH1011_PB_INDC3	zenodo:14872876:FH1011_PB_INDC3	suspension_type	cell	file	evidence/biorxiv_2024.06.03.597178.txt		then CD8+ T cells were isolated by fluorescence-activated cell sorting (Fig. S4B).	True
FH1011_PB_PRETX	zenodo:14872876:FH1011_PB_PRETX	suspension_type	cell	file	evidence/biorxiv_2024.06.03.597178.txt		then CD8+ T cells were isolated by fluorescence-activated cell sorting (Fig. S4B).	True
FH1011_PB_TRN90	zenodo:14872876:FH1011_PB_TRN90	suspension_type	cell	file	evidence/biorxiv_2024.06.03.597178.txt		then CD8+ T cells were isolated by fluorescence-activated cell sorting (Fig. S4B).	True
FH1011_PB_TRNY1	zenodo:14872876:FH1011_PB_TRNY1	suspension_type	cell	file	evidence/biorxiv_2024.06.03.597178.txt		then CD8+ T cells were isolated by fluorescence-activated cell sorting (Fig. S4B).	True
FH1016_BM_EIND1	zenodo:14872876:FH1016_BM_EIND1	suspension_type	cell	file	evidence/biorxiv_2024.06.03.597178.txt		then CD8+ T cells were isolated by fluorescence-activated cell sorting (Fig. S4B).	True
FH1016_BM_PRETX	zenodo:14872876:FH1016_BM_PRETX	suspension_type	cell	file	evidence/biorxiv_2024.06.03.597178.txt		then CD8+ T cells were isolated by fluorescence-activated cell sorting (Fig. S4B).	True
FH1016_BM_TRN90	zenodo:14872876:FH1016_BM_TRN90	suspension_type	cell	file	evidence/biorxiv_2024.06.03.597178.txt		then CD8+ T cells were isolated by fluorescence-activated cell sorting (Fig. S4B).	True
FH1016_BM_TRNY1	zenodo:14872876:FH1016_BM_TRNY1	suspension_type	cell	file	evidence/biorxiv_2024.06.03.597178.txt		then CD8+ T cells were isolated by fluorescence-activated cell sorting (Fig. S4B).	True
FH1016_PB_EIND2	zenodo:14872876:FH1016_PB_EIND2	suspension_type	cell	file	evidence/biorxiv_2024.06.03.597178.txt		then CD8+ T cells were isolated by fluorescence-activated cell sorting (Fig. S4B).	True
FH1016_PB_PRETX	zenodo:14872876:FH1016_PB_PRETX	suspension_type	cell	file	evidence/biorxiv_2024.06.03.597178.txt		then CD8+ T cells were isolated by fluorescence-activated cell sorting (Fig. S4B).	True
FH1016_PB_TRN90	zenodo:14872876:FH1016_PB_TRN90	suspension_type	cell	file	evidence/biorxiv_2024.06.03.597178.txt		then CD8+ T cells were isolated by fluorescence-activated cell sorting (Fig. S4B).	True
FH1016_PB_TRNY1	zenodo:14872876:FH1016_PB_TRNY1	suspension_type	cell	file	evidence/biorxiv_2024.06.03.597178.txt		then CD8+ T cells were isolated by fluorescence-activated cell sorting (Fig. S4B).	True
FH1022_BM_EIND1	zenodo:14872876:FH1022_BM_EIND1	suspension_type	cell	file	evidence/biorxiv_2024.06.03.597178.txt		then CD8+ T cells were isolated by fluorescence-activated cell sorting (Fig. S4B).	True
FH1022_BM_PRETX	zenodo:14872876:FH1022_BM_PRETX	suspension_type	cell	file	evidence/biorxiv_2024.06.03.597178.txt		then CD8+ T cells were isolated by fluorescence-activated cell sorting (Fig. S4B).	True
FH1022_BM_TRN90	zenodo:14872876:FH1022_BM_TRN90	suspension_type	cell	file	evidence/biorxiv_2024.06.03.597178.txt		then CD8+ T cells were isolated by fluorescence-activated cell sorting (Fig. S4B).	True
FH1022_BM_TRNY1	zenodo:14872876:FH1022_BM_TRNY1	suspension_type	cell	file	evidence/biorxiv_2024.06.03.597178.txt		then CD8+ T cells were isolated by fluorescence-activated cell sorting (Fig. S4B).	True
FH1022_PB_EIND1	zenodo:14872876:FH1022_PB_EIND1	suspension_type	cell	file	evidence/biorxiv_2024.06.03.597178.txt		then CD8+ T cells were isolated by fluorescence-activated cell sorting (Fig. S4B).	True
FH1022_PB_PRETX	zenodo:14872876:FH1022_PB_PRETX	suspension_type	cell	file	evidence/biorxiv_2024.06.03.597178.txt		then CD8+ T cells were isolated by fluorescence-activated cell sorting (Fig. S4B).	True
FH1022_PB_TRN90	zenodo:14872876:FH1022_PB_TRN90	suspension_type	cell	file	evidence/biorxiv_2024.06.03.597178.txt		then CD8+ T cells were isolated by fluorescence-activated cell sorting (Fig. S4B).	True
HC_BM_1	zenodo:14872876:HC_BM_1	suspension_type	cell	file	evidence/biorxiv_2024.06.03.597178.txt		then CD8+ T cells were isolated by fluorescence-activated cell sorting (Fig. S4B).	True
HC_BM_2	zenodo:14872876:HC_BM_2	suspension_type	cell	file	evidence/biorxiv_2024.06.03.597178.txt		then CD8+ T cells were isolated by fluorescence-activated cell sorting (Fig. S4B).	True
HC_BM_3	zenodo:14872876:HC_BM_3	suspension_type	cell	file	evidence/biorxiv_2024.06.03.597178.txt		then CD8+ T cells were isolated by fluorescence-activated cell sorting (Fig. S4B).	True
HC_BM_4	zenodo:14872876:HC_BM_4	suspension_type	cell	file	evidence/biorxiv_2024.06.03.597178.txt		then CD8+ T cells were isolated by fluorescence-activated cell sorting (Fig. S4B).	True
HC_BM_5	zenodo:14872876:HC_BM_5	suspension_type	cell	file	evidence/biorxiv_2024.06.03.597178.txt		then CD8+ T cells were isolated by fluorescence-activated cell sorting (Fig. S4B).	True
HC_BM_6	zenodo:14872876:HC_BM_6	suspension_type	cell	file	evidence/biorxiv_2024.06.03.597178.txt		then CD8+ T cells were isolated by fluorescence-activated cell sorting (Fig. S4B).	True
HC_BM_7	zenodo:14872876:HC_BM_7	suspension_type	cell	file	evidence/biorxiv_2024.06.03.597178.txt		then CD8+ T cells were isolated by fluorescence-activated cell sorting (Fig. S4B).	True
HC_BM_8	zenodo:14872876:HC_BM_8	suspension_type	cell	file	evidence/biorxiv_2024.06.03.597178.txt		then CD8+ T cells were isolated by fluorescence-activated cell sorting (Fig. S4B).	True
HC_PB_1	zenodo:14872876:HC_PB_1	suspension_type	cell	file	evidence/biorxiv_2024.06.03.597178.txt		then CD8+ T cells were isolated by fluorescence-activated cell sorting (Fig. S4B).	True
HC_PB_2	zenodo:14872876:HC_PB_2	suspension_type	cell	file	evidence/biorxiv_2024.06.03.597178.txt		then CD8+ T cells were isolated by fluorescence-activated cell sorting (Fig. S4B).	True
HC_PB_3	zenodo:14872876:HC_PB_3	suspension_type	cell	file	evidence/biorxiv_2024.06.03.597178.txt		then CD8+ T cells were isolated by fluorescence-activated cell sorting (Fig. S4B).	True
HC_PB_4	zenodo:14872876:HC_PB_4	suspension_type	cell	file	evidence/biorxiv_2024.06.03.597178.txt		then CD8+ T cells were isolated by fluorescence-activated cell sorting (Fig. S4B).	True
HC_PB_5	zenodo:14872876:HC_PB_5	suspension_type	cell	file	evidence/biorxiv_2024.06.03.597178.txt		then CD8+ T cells were isolated by fluorescence-activated cell sorting (Fig. S4B).	True
HC_PB_6	zenodo:14872876:HC_PB_6	suspension_type	cell	file	evidence/biorxiv_2024.06.03.597178.txt		then CD8+ T cells were isolated by fluorescence-activated cell sorting (Fig. S4B).	True
HC_PB_7	zenodo:14872876:HC_PB_7	suspension_type	cell	file	evidence/biorxiv_2024.06.03.597178.txt		then CD8+ T cells were isolated by fluorescence-activated cell sorting (Fig. S4B).	True
HC_PB_8	zenodo:14872876:HC_PB_8	suspension_type	cell	file	evidence/biorxiv_2024.06.03.597178.txt		then CD8+ T cells were isolated by fluorescence-activated cell sorting (Fig. S4B).	True
FH1002_BM_TRNY1	zenodo:14872876:FH1002_BM_TRNY1	suspension_type	cell	file	evidence/biorxiv_2024.06.03.597178.txt		Sorted cells were subjected to 10x library preparation	True
FH1002_PB_Y2D90	zenodo:14872876:FH1002_PB_Y2D90	suspension_type	cell	file	evidence/biorxiv_2024.06.03.597178.txt		Sorted cells were subjected to 10x library preparation	True
FH1003_BM_EIND1	zenodo:14872876:FH1003_BM_EIND1	suspension_type	cell	file	evidence/biorxiv_2024.06.03.597178.txt		Sorted cells were subjected to 10x library preparation	True
FH1003_BM_PRETX	zenodo:14872876:FH1003_BM_PRETX	suspension_type	cell	file	evidence/biorxiv_2024.06.03.597178.txt		Sorted cells were subjected to 10x library preparation	True
FH1003_BM_TRN90	zenodo:14872876:FH1003_BM_TRN90	suspension_type	cell	file	evidence/biorxiv_2024.06.03.597178.txt		Sorted cells were subjected to 10x library preparation	True
FH1003_BM_TRNY1	zenodo:14872876:FH1003_BM_TRNY1	suspension_type	cell	file	evidence/biorxiv_2024.06.03.597178.txt		Sorted cells were subjected to 10x library preparation	True
FH1003_PB_EIND1	zenodo:14872876:FH1003_PB_EIND1	suspension_type	cell	file	evidence/biorxiv_2024.06.03.597178.txt		Sorted cells were subjected to 10x library preparation	True
FH1003_PB_EIND2	zenodo:14872876:FH1003_PB_EIND2	suspension_type	cell	file	evidence/biorxiv_2024.06.03.597178.txt		Sorted cells were subjected to 10x library preparation	True
FH1003_PB_INDC3	zenodo:14872876:FH1003_PB_INDC3	suspension_type	cell	file	evidence/biorxiv_2024.06.03.597178.txt		Sorted cells were subjected to 10x library preparation	True
FH1003_PB_PRETX	zenodo:14872876:FH1003_PB_PRETX	suspension_type	cell	file	evidence/biorxiv_2024.06.03.597178.txt		Sorted cells were subjected to 10x library preparation	True
FH1003_PB_TRN90	zenodo:14872876:FH1003_PB_TRN90	suspension_type	cell	file	evidence/biorxiv_2024.06.03.597178.txt		Sorted cells were subjected to 10x library preparation	True
FH1003_PB_TRNY1	zenodo:14872876:FH1003_PB_TRNY1	suspension_type	cell	file	evidence/biorxiv_2024.06.03.597178.txt		Sorted cells were subjected to 10x library preparation	True
FH1004_PB_EIND1	zenodo:14872876:FH1004_PB_EIND1	suspension_type	cell	file	evidence/biorxiv_2024.06.03.597178.txt		Sorted cells were subjected to 10x library preparation	True
FH1004_PB_EIND2	zenodo:14872876:FH1004_PB_EIND2	suspension_type	cell	file	evidence/biorxiv_2024.06.03.597178.txt		Sorted cells were subjected to 10x library preparation	True
FH1004_PB_INDC2	zenodo:14872876:FH1004_PB_INDC2	suspension_type	cell	file	evidence/biorxiv_2024.06.03.597178.txt		Sorted cells were subjected to 10x library preparation	True
FH1004_PB_INDC3	zenodo:14872876:FH1004_PB_INDC3	suspension_type	cell	file	evidence/biorxiv_2024.06.03.597178.txt		Sorted cells were subjected to 10x library preparation	True
FH1004_PB_PRETX	zenodo:14872876:FH1004_PB_PRETX	suspension_type	cell	file	evidence/biorxiv_2024.06.03.597178.txt		Sorted cells were subjected to 10x library preparation	True
FH1004_PB_TRN90	zenodo:14872876:FH1004_PB_TRN90	suspension_type	cell	file	evidence/biorxiv_2024.06.03.597178.txt		Sorted cells were subjected to 10x library preparation	True
FH1005_BM_EIND1	zenodo:14872876:FH1005_BM_EIND1	suspension_type	cell	file	evidence/biorxiv_2024.06.03.597178.txt		Sorted cells were subjected to 10x library preparation	True
FH1005_BM_PRETX	zenodo:14872876:FH1005_BM_PRETX	suspension_type	cell	file	evidence/biorxiv_2024.06.03.597178.txt		Sorted cells were subjected to 10x library preparation	True
FH1005_BM_TRN90	zenodo:14872876:FH1005_BM_TRN90	suspension_type	cell	file	evidence/biorxiv_2024.06.03.597178.txt		Sorted cells were subjected to 10x library preparation	True
FH1005_PB_EIND2	zenodo:14872876:FH1005_PB_EIND2	suspension_type	cell	file	evidence/biorxiv_2024.06.03.597178.txt		Sorted cells were subjected to 10x library preparation	True
FH1005_PB_INDC3	zenodo:14872876:FH1005_PB_INDC3	suspension_type	cell	file	evidence/biorxiv_2024.06.03.597178.txt		Sorted cells were subjected to 10x library preparation	True
FH1005_PB_PRETX	zenodo:14872876:FH1005_PB_PRETX	suspension_type	cell	file	evidence/biorxiv_2024.06.03.597178.txt		Sorted cells were subjected to 10x library preparation	True
FH1005_PB_PoCo15	zenodo:14872876:FH1005_PB_PoCo15	suspension_type	cell	file	evidence/biorxiv_2024.06.03.597178.txt		Sorted cells were subjected to 10x library preparation	True
FH1005_PB_TRN90	zenodo:14872876:FH1005_PB_TRN90	suspension_type	cell	file	evidence/biorxiv_2024.06.03.597178.txt		Sorted cells were subjected to 10x library preparation	True
FH1006_PB_EIND1	zenodo:14872876:FH1006_PB_EIND1	suspension_type	cell	file	evidence/biorxiv_2024.06.03.597178.txt		Sorted cells were subjected to 10x library preparation	True
FH1006_PB_EIND2	zenodo:14872876:FH1006_PB_EIND2	suspension_type	cell	file	evidence/biorxiv_2024.06.03.597178.txt		Sorted cells were subjected to 10x library preparation	True
FH1006_PB_INDC3	zenodo:14872876:FH1006_PB_INDC3	suspension_type	cell	file	evidence/biorxiv_2024.06.03.597178.txt		Sorted cells were subjected to 10x library preparation	True
FH1006_PB_PRETX	zenodo:14872876:FH1006_PB_PRETX	suspension_type	cell	file	evidence/biorxiv_2024.06.03.597178.txt		Sorted cells were subjected to 10x library preparation	True
FH1006_PB_TRN60	zenodo:14872876:FH1006_PB_TRN60	suspension_type	cell	file	evidence/biorxiv_2024.06.03.597178.txt		Sorted cells were subjected to 10x library preparation	True
FH1006_PB_TRN90	zenodo:14872876:FH1006_PB_TRN90	suspension_type	cell	file	evidence/biorxiv_2024.06.03.597178.txt		Sorted cells were subjected to 10x library preparation	True
FH1006_PB_TRNY1	zenodo:14872876:FH1006_PB_TRNY1	suspension_type	cell	file	evidence/biorxiv_2024.06.03.597178.txt		Sorted cells were subjected to 10x library preparation	True
FH1007_BM_PRETX	zenodo:14872876:FH1007_BM_PRETX	suspension_type	cell	file	evidence/biorxiv_2024.06.03.597178.txt		Sorted cells were subjected to 10x library preparation	True
FH1007_BM_TRN90	zenodo:14872876:FH1007_BM_TRN90	suspension_type	cell	file	evidence/biorxiv_2024.06.03.597178.txt		Sorted cells were subjected to 10x library preparation	True
FH1007_BM_TRNY1	zenodo:14872876:FH1007_BM_TRNY1	suspension_type	cell	file	evidence/biorxiv_2024.06.03.597178.txt		Sorted cells were subjected to 10x library preparation	True
FH1007_PB_EIND1	zenodo:14872876:FH1007_PB_EIND1	suspension_type	cell	file	evidence/biorxiv_2024.06.03.597178.txt		Sorted cells were subjected to 10x library preparation	True
FH1007_PB_EIND2	zenodo:14872876:FH1007_PB_EIND2	suspension_type	cell	file	evidence/biorxiv_2024.06.03.597178.txt		Sorted cells were subjected to 10x library preparation	True
FH1007_PB_PRETX	zenodo:14872876:FH1007_PB_PRETX	suspension_type	cell	file	evidence/biorxiv_2024.06.03.597178.txt		Sorted cells were subjected to 10x library preparation	True
FH1007_PB_TRN90	zenodo:14872876:FH1007_PB_TRN90	suspension_type	cell	file	evidence/biorxiv_2024.06.03.597178.txt		Sorted cells were subjected to 10x library preparation	True
FH1007_PB_Y1D90	zenodo:14872876:FH1007_PB_Y1D90	suspension_type	cell	file	evidence/biorxiv_2024.06.03.597178.txt		Sorted cells were subjected to 10x library preparation	True
FH1008_BM_EIND1	zenodo:14872876:FH1008_BM_EIND1	suspension_type	cell	file	evidence/biorxiv_2024.06.03.597178.txt		Sorted cells were subjected to 10x library preparation	True
FH1008_BM_PRETX	zenodo:14872876:FH1008_BM_PRETX	suspension_type	cell	file	evidence/biorxiv_2024.06.03.597178.txt		Sorted cells were subjected to 10x library preparation	True
FH1008_BM_TRN90	zenodo:14872876:FH1008_BM_TRN90	suspension_type	cell	file	evidence/biorxiv_2024.06.03.597178.txt		Sorted cells were subjected to 10x library preparation	True
FH1008_BM_TRNY1	zenodo:14872876:FH1008_BM_TRNY1	suspension_type	cell	file	evidence/biorxiv_2024.06.03.597178.txt		Sorted cells were subjected to 10x library preparation	True
FH1008_PB_EIND1	zenodo:14872876:FH1008_PB_EIND1	suspension_type	cell	file	evidence/biorxiv_2024.06.03.597178.txt		Sorted cells were subjected to 10x library preparation	True
FH1008_PB_EIND2	zenodo:14872876:FH1008_PB_EIND2	suspension_type	cell	file	evidence/biorxiv_2024.06.03.597178.txt		Sorted cells were subjected to 10x library preparation	True
FH1008_PB_INDC3	zenodo:14872876:FH1008_PB_INDC3	suspension_type	cell	file	evidence/biorxiv_2024.06.03.597178.txt		Sorted cells were subjected to 10x library preparation	True
FH1008_PB_PRETX	zenodo:14872876:FH1008_PB_PRETX	suspension_type	cell	file	evidence/biorxiv_2024.06.03.597178.txt		Sorted cells were subjected to 10x library preparation	True
FH1008_PB_TRN90	zenodo:14872876:FH1008_PB_TRN90	suspension_type	cell	file	evidence/biorxiv_2024.06.03.597178.txt		Sorted cells were subjected to 10x library preparation	True
FH1008_PB_TRNY1	zenodo:14872876:FH1008_PB_TRNY1	suspension_type	cell	file	evidence/biorxiv_2024.06.03.597178.txt		Sorted cells were subjected to 10x library preparation	True
FH1009_BM_PRETX	zenodo:14872876:FH1009_BM_PRETX	suspension_type	cell	file	evidence/biorxiv_2024.06.03.597178.txt		Sorted cells were subjected to 10x library preparation	True
FH1009_BM_TRN90	zenodo:14872876:FH1009_BM_TRN90	suspension_type	cell	file	evidence/biorxiv_2024.06.03.597178.txt		Sorted cells were subjected to 10x library preparation	True
FH1009_PB_EIND2	zenodo:14872876:FH1009_PB_EIND2	suspension_type	cell	file	evidence/biorxiv_2024.06.03.597178.txt		Sorted cells were subjected to 10x library preparation	True
FH1009_PB_PRETX	zenodo:14872876:FH1009_PB_PRETX	suspension_type	cell	file	evidence/biorxiv_2024.06.03.597178.txt		Sorted cells were subjected to 10x library preparation	True
FH1009_PB_TRN90	zenodo:14872876:FH1009_PB_TRN90	suspension_type	cell	file	evidence/biorxiv_2024.06.03.597178.txt		Sorted cells were subjected to 10x library preparation	True
FH1011_BM_EIND1	zenodo:14872876:FH1011_BM_EIND1	suspension_type	cell	file	evidence/biorxiv_2024.06.03.597178.txt		Sorted cells were subjected to 10x library preparation	True
FH1011_BM_PRETX	zenodo:14872876:FH1011_BM_PRETX	suspension_type	cell	file	evidence/biorxiv_2024.06.03.597178.txt		Sorted cells were subjected to 10x library preparation	True
FH1011_BM_TRNY1	zenodo:14872876:FH1011_BM_TRNY1	suspension_type	cell	file	evidence/biorxiv_2024.06.03.597178.txt		Sorted cells were subjected to 10x library preparation	True
FH1011_PB_EIND2	zenodo:14872876:FH1011_PB_EIND2	suspension_type	cell	file	evidence/biorxiv_2024.06.03.597178.txt		Sorted cells were subjected to 10x library preparation	True
FH1011_PB_INDC3	zenodo:14872876:FH1011_PB_INDC3	suspension_type	cell	file	evidence/biorxiv_2024.06.03.597178.txt		Sorted cells were subjected to 10x library preparation	True
FH1011_PB_PRETX	zenodo:14872876:FH1011_PB_PRETX	suspension_type	cell	file	evidence/biorxiv_2024.06.03.597178.txt		Sorted cells were subjected to 10x library preparation	True
FH1011_PB_TRN90	zenodo:14872876:FH1011_PB_TRN90	suspension_type	cell	file	evidence/biorxiv_2024.06.03.597178.txt		Sorted cells were subjected to 10x library preparation	True
FH1011_PB_TRNY1	zenodo:14872876:FH1011_PB_TRNY1	suspension_type	cell	file	evidence/biorxiv_2024.06.03.597178.txt		Sorted cells were subjected to 10x library preparation	True
FH1016_BM_EIND1	zenodo:14872876:FH1016_BM_EIND1	suspension_type	cell	file	evidence/biorxiv_2024.06.03.597178.txt		Sorted cells were subjected to 10x library preparation	True
FH1016_BM_PRETX	zenodo:14872876:FH1016_BM_PRETX	suspension_type	cell	file	evidence/biorxiv_2024.06.03.597178.txt		Sorted cells were subjected to 10x library preparation	True
FH1016_BM_TRN90	zenodo:14872876:FH1016_BM_TRN90	suspension_type	cell	file	evidence/biorxiv_2024.06.03.597178.txt		Sorted cells were subjected to 10x library preparation	True
FH1016_BM_TRNY1	zenodo:14872876:FH1016_BM_TRNY1	suspension_type	cell	file	evidence/biorxiv_2024.06.03.597178.txt		Sorted cells were subjected to 10x library preparation	True
FH1016_PB_EIND2	zenodo:14872876:FH1016_PB_EIND2	suspension_type	cell	file	evidence/biorxiv_2024.06.03.597178.txt		Sorted cells were subjected to 10x library preparation	True
FH1016_PB_PRETX	zenodo:14872876:FH1016_PB_PRETX	suspension_type	cell	file	evidence/biorxiv_2024.06.03.597178.txt		Sorted cells were subjected to 10x library preparation	True
FH1016_PB_TRN90	zenodo:14872876:FH1016_PB_TRN90	suspension_type	cell	file	evidence/biorxiv_2024.06.03.597178.txt		Sorted cells were subjected to 10x library preparation	True
FH1016_PB_TRNY1	zenodo:14872876:FH1016_PB_TRNY1	suspension_type	cell	file	evidence/biorxiv_2024.06.03.597178.txt		Sorted cells were subjected to 10x library preparation	True
FH1022_BM_EIND1	zenodo:14872876:FH1022_BM_EIND1	suspension_type	cell	file	evidence/biorxiv_2024.06.03.597178.txt		Sorted cells were subjected to 10x library preparation	True
FH1022_BM_PRETX	zenodo:14872876:FH1022_BM_PRETX	suspension_type	cell	file	evidence/biorxiv_2024.06.03.597178.txt		Sorted cells were subjected to 10x library preparation	True
FH1022_BM_TRN90	zenodo:14872876:FH1022_BM_TRN90	suspension_type	cell	file	evidence/biorxiv_2024.06.03.597178.txt		Sorted cells were subjected to 10x library preparation	True
FH1022_BM_TRNY1	zenodo:14872876:FH1022_BM_TRNY1	suspension_type	cell	file	evidence/biorxiv_2024.06.03.597178.txt		Sorted cells were subjected to 10x library preparation	True
FH1022_PB_EIND1	zenodo:14872876:FH1022_PB_EIND1	suspension_type	cell	file	evidence/biorxiv_2024.06.03.597178.txt		Sorted cells were subjected to 10x library preparation	True
FH1022_PB_PRETX	zenodo:14872876:FH1022_PB_PRETX	suspension_type	cell	file	evidence/biorxiv_2024.06.03.597178.txt		Sorted cells were subjected to 10x library preparation	True
FH1022_PB_TRN90	zenodo:14872876:FH1022_PB_TRN90	suspension_type	cell	file	evidence/biorxiv_2024.06.03.597178.txt		Sorted cells were subjected to 10x library preparation	True
HC_BM_1	zenodo:14872876:HC_BM_1	suspension_type	cell	file	evidence/biorxiv_2024.06.03.597178.txt		Sorted cells were subjected to 10x library preparation	True
HC_BM_2	zenodo:14872876:HC_BM_2	suspension_type	cell	file	evidence/biorxiv_2024.06.03.597178.txt		Sorted cells were subjected to 10x library preparation	True
HC_BM_3	zenodo:14872876:HC_BM_3	suspension_type	cell	file	evidence/biorxiv_2024.06.03.597178.txt		Sorted cells were subjected to 10x library preparation	True
HC_BM_4	zenodo:14872876:HC_BM_4	suspension_type	cell	file	evidence/biorxiv_2024.06.03.597178.txt		Sorted cells were subjected to 10x library preparation	True
HC_BM_5	zenodo:14872876:HC_BM_5	suspension_type	cell	file	evidence/biorxiv_2024.06.03.597178.txt		Sorted cells were subjected to 10x library preparation	True
HC_BM_6	zenodo:14872876:HC_BM_6	suspension_type	cell	file	evidence/biorxiv_2024.06.03.597178.txt		Sorted cells were subjected to 10x library preparation	True
HC_BM_7	zenodo:14872876:HC_BM_7	suspension_type	cell	file	evidence/biorxiv_2024.06.03.597178.txt		Sorted cells were subjected to 10x library preparation	True
HC_BM_8	zenodo:14872876:HC_BM_8	suspension_type	cell	file	evidence/biorxiv_2024.06.03.597178.txt		Sorted cells were subjected to 10x library preparation	True
HC_PB_1	zenodo:14872876:HC_PB_1	suspension_type	cell	file	evidence/biorxiv_2024.06.03.597178.txt		Sorted cells were subjected to 10x library preparation	True
HC_PB_2	zenodo:14872876:HC_PB_2	suspension_type	cell	file	evidence/biorxiv_2024.06.03.597178.txt		Sorted cells were subjected to 10x library preparation	True
HC_PB_3	zenodo:14872876:HC_PB_3	suspension_type	cell	file	evidence/biorxiv_2024.06.03.597178.txt		Sorted cells were subjected to 10x library preparation	True
HC_PB_4	zenodo:14872876:HC_PB_4	suspension_type	cell	file	evidence/biorxiv_2024.06.03.597178.txt		Sorted cells were subjected to 10x library preparation	True
HC_PB_5	zenodo:14872876:HC_PB_5	suspension_type	cell	file	evidence/biorxiv_2024.06.03.597178.txt		Sorted cells were subjected to 10x library preparation	True
HC_PB_6	zenodo:14872876:HC_PB_6	suspension_type	cell	file	evidence/biorxiv_2024.06.03.597178.txt		Sorted cells were subjected to 10x library preparation	True
HC_PB_7	zenodo:14872876:HC_PB_7	suspension_type	cell	file	evidence/biorxiv_2024.06.03.597178.txt		Sorted cells were subjected to 10x library preparation	True
HC_PB_8	zenodo:14872876:HC_PB_8	suspension_type	cell	file	evidence/biorxiv_2024.06.03.597178.txt		Sorted cells were subjected to 10x library preparation	True
FH1002_BM_TRNY1	zenodo:14872876:FH1002_BM_TRNY1	cell_enrichment	CD8+ T cells (FACS-sorted)	file	evidence/biorxiv_2024.06.03.597178.txt		then CD8+ T cells were isolated by fluorescence-activated cell sorting (Fig. S4B).	True
FH1002_PB_Y2D90	zenodo:14872876:FH1002_PB_Y2D90	cell_enrichment	CD8+ T cells (FACS-sorted)	file	evidence/biorxiv_2024.06.03.597178.txt		then CD8+ T cells were isolated by fluorescence-activated cell sorting (Fig. S4B).	True
FH1003_BM_EIND1	zenodo:14872876:FH1003_BM_EIND1	cell_enrichment	CD8+ T cells (FACS-sorted)	file	evidence/biorxiv_2024.06.03.597178.txt		then CD8+ T cells were isolated by fluorescence-activated cell sorting (Fig. S4B).	True
FH1003_BM_PRETX	zenodo:14872876:FH1003_BM_PRETX	cell_enrichment	CD8+ T cells (FACS-sorted)	file	evidence/biorxiv_2024.06.03.597178.txt		then CD8+ T cells were isolated by fluorescence-activated cell sorting (Fig. S4B).	True
FH1003_BM_TRN90	zenodo:14872876:FH1003_BM_TRN90	cell_enrichment	CD8+ T cells (FACS-sorted)	file	evidence/biorxiv_2024.06.03.597178.txt		then CD8+ T cells were isolated by fluorescence-activated cell sorting (Fig. S4B).	True
FH1003_BM_TRNY1	zenodo:14872876:FH1003_BM_TRNY1	cell_enrichment	CD8+ T cells (FACS-sorted)	file	evidence/biorxiv_2024.06.03.597178.txt		then CD8+ T cells were isolated by fluorescence-activated cell sorting (Fig. S4B).	True
FH1003_PB_EIND1	zenodo:14872876:FH1003_PB_EIND1	cell_enrichment	CD8+ T cells (FACS-sorted)	file	evidence/biorxiv_2024.06.03.597178.txt		then CD8+ T cells were isolated by fluorescence-activated cell sorting (Fig. S4B).	True
FH1003_PB_EIND2	zenodo:14872876:FH1003_PB_EIND2	cell_enrichment	CD8+ T cells (FACS-sorted)	file	evidence/biorxiv_2024.06.03.597178.txt		then CD8+ T cells were isolated by fluorescence-activated cell sorting (Fig. S4B).	True
FH1003_PB_INDC3	zenodo:14872876:FH1003_PB_INDC3	cell_enrichment	CD8+ T cells (FACS-sorted)	file	evidence/biorxiv_2024.06.03.597178.txt		then CD8+ T cells were isolated by fluorescence-activated cell sorting (Fig. S4B).	True
FH1003_PB_PRETX	zenodo:14872876:FH1003_PB_PRETX	cell_enrichment	CD8+ T cells (FACS-sorted)	file	evidence/biorxiv_2024.06.03.597178.txt		then CD8+ T cells were isolated by fluorescence-activated cell sorting (Fig. S4B).	True
FH1003_PB_TRN90	zenodo:14872876:FH1003_PB_TRN90	cell_enrichment	CD8+ T cells (FACS-sorted)	file	evidence/biorxiv_2024.06.03.597178.txt		then CD8+ T cells were isolated by fluorescence-activated cell sorting (Fig. S4B).	True
FH1003_PB_TRNY1	zenodo:14872876:FH1003_PB_TRNY1	cell_enrichment	CD8+ T cells (FACS-sorted)	file	evidence/biorxiv_2024.06.03.597178.txt		then CD8+ T cells were isolated by fluorescence-activated cell sorting (Fig. S4B).	True
FH1004_PB_EIND1	zenodo:14872876:FH1004_PB_EIND1	cell_enrichment	CD8+ T cells (FACS-sorted)	file	evidence/biorxiv_2024.06.03.597178.txt		then CD8+ T cells were isolated by fluorescence-activated cell sorting (Fig. S4B).	True
FH1004_PB_EIND2	zenodo:14872876:FH1004_PB_EIND2	cell_enrichment	CD8+ T cells (FACS-sorted)	file	evidence/biorxiv_2024.06.03.597178.txt		then CD8+ T cells were isolated by fluorescence-activated cell sorting (Fig. S4B).	True
FH1004_PB_INDC2	zenodo:14872876:FH1004_PB_INDC2	cell_enrichment	CD8+ T cells (FACS-sorted)	file	evidence/biorxiv_2024.06.03.597178.txt		then CD8+ T cells were isolated by fluorescence-activated cell sorting (Fig. S4B).	True
FH1004_PB_INDC3	zenodo:14872876:FH1004_PB_INDC3	cell_enrichment	CD8+ T cells (FACS-sorted)	file	evidence/biorxiv_2024.06.03.597178.txt		then CD8+ T cells were isolated by fluorescence-activated cell sorting (Fig. S4B).	True
FH1004_PB_PRETX	zenodo:14872876:FH1004_PB_PRETX	cell_enrichment	CD8+ T cells (FACS-sorted)	file	evidence/biorxiv_2024.06.03.597178.txt		then CD8+ T cells were isolated by fluorescence-activated cell sorting (Fig. S4B).	True
FH1004_PB_TRN90	zenodo:14872876:FH1004_PB_TRN90	cell_enrichment	CD8+ T cells (FACS-sorted)	file	evidence/biorxiv_2024.06.03.597178.txt		then CD8+ T cells were isolated by fluorescence-activated cell sorting (Fig. S4B).	True
FH1005_BM_EIND1	zenodo:14872876:FH1005_BM_EIND1	cell_enrichment	CD8+ T cells (FACS-sorted)	file	evidence/biorxiv_2024.06.03.597178.txt		then CD8+ T cells were isolated by fluorescence-activated cell sorting (Fig. S4B).	True
FH1005_BM_PRETX	zenodo:14872876:FH1005_BM_PRETX	cell_enrichment	CD8+ T cells (FACS-sorted)	file	evidence/biorxiv_2024.06.03.597178.txt		then CD8+ T cells were isolated by fluorescence-activated cell sorting (Fig. S4B).	True
FH1005_BM_TRN90	zenodo:14872876:FH1005_BM_TRN90	cell_enrichment	CD8+ T cells (FACS-sorted)	file	evidence/biorxiv_2024.06.03.597178.txt		then CD8+ T cells were isolated by fluorescence-activated cell sorting (Fig. S4B).	True
FH1005_PB_EIND2	zenodo:14872876:FH1005_PB_EIND2	cell_enrichment	CD8+ T cells (FACS-sorted)	file	evidence/biorxiv_2024.06.03.597178.txt		then CD8+ T cells were isolated by fluorescence-activated cell sorting (Fig. S4B).	True
FH1005_PB_INDC3	zenodo:14872876:FH1005_PB_INDC3	cell_enrichment	CD8+ T cells (FACS-sorted)	file	evidence/biorxiv_2024.06.03.597178.txt		then CD8+ T cells were isolated by fluorescence-activated cell sorting (Fig. S4B).	True
FH1005_PB_PRETX	zenodo:14872876:FH1005_PB_PRETX	cell_enrichment	CD8+ T cells (FACS-sorted)	file	evidence/biorxiv_2024.06.03.597178.txt		then CD8+ T cells were isolated by fluorescence-activated cell sorting (Fig. S4B).	True
FH1005_PB_PoCo15	zenodo:14872876:FH1005_PB_PoCo15	cell_enrichment	CD8+ T cells (FACS-sorted)	file	evidence/biorxiv_2024.06.03.597178.txt		then CD8+ T cells were isolated by fluorescence-activated cell sorting (Fig. S4B).	True
FH1005_PB_TRN90	zenodo:14872876:FH1005_PB_TRN90	cell_enrichment	CD8+ T cells (FACS-sorted)	file	evidence/biorxiv_2024.06.03.597178.txt		then CD8+ T cells were isolated by fluorescence-activated cell sorting (Fig. S4B).	True
FH1006_PB_EIND1	zenodo:14872876:FH1006_PB_EIND1	cell_enrichment	CD8+ T cells (FACS-sorted)	file	evidence/biorxiv_2024.06.03.597178.txt		then CD8+ T cells were isolated by fluorescence-activated cell sorting (Fig. S4B).	True
FH1006_PB_EIND2	zenodo:14872876:FH1006_PB_EIND2	cell_enrichment	CD8+ T cells (FACS-sorted)	file	evidence/biorxiv_2024.06.03.597178.txt		then CD8+ T cells were isolated by fluorescence-activated cell sorting (Fig. S4B).	True
FH1006_PB_INDC3	zenodo:14872876:FH1006_PB_INDC3	cell_enrichment	CD8+ T cells (FACS-sorted)	file	evidence/biorxiv_2024.06.03.597178.txt		then CD8+ T cells were isolated by fluorescence-activated cell sorting (Fig. S4B).	True
FH1006_PB_PRETX	zenodo:14872876:FH1006_PB_PRETX	cell_enrichment	CD8+ T cells (FACS-sorted)	file	evidence/biorxiv_2024.06.03.597178.txt		then CD8+ T cells were isolated by fluorescence-activated cell sorting (Fig. S4B).	True
FH1006_PB_TRN60	zenodo:14872876:FH1006_PB_TRN60	cell_enrichment	CD8+ T cells (FACS-sorted)	file	evidence/biorxiv_2024.06.03.597178.txt		then CD8+ T cells were isolated by fluorescence-activated cell sorting (Fig. S4B).	True
FH1006_PB_TRN90	zenodo:14872876:FH1006_PB_TRN90	cell_enrichment	CD8+ T cells (FACS-sorted)	file	evidence/biorxiv_2024.06.03.597178.txt		then CD8+ T cells were isolated by fluorescence-activated cell sorting (Fig. S4B).	True
FH1006_PB_TRNY1	zenodo:14872876:FH1006_PB_TRNY1	cell_enrichment	CD8+ T cells (FACS-sorted)	file	evidence/biorxiv_2024.06.03.597178.txt		then CD8+ T cells were isolated by fluorescence-activated cell sorting (Fig. S4B).	True
FH1007_BM_PRETX	zenodo:14872876:FH1007_BM_PRETX	cell_enrichment	CD8+ T cells (FACS-sorted)	file	evidence/biorxiv_2024.06.03.597178.txt		then CD8+ T cells were isolated by fluorescence-activated cell sorting (Fig. S4B).	True
FH1007_BM_TRN90	zenodo:14872876:FH1007_BM_TRN90	cell_enrichment	CD8+ T cells (FACS-sorted)	file	evidence/biorxiv_2024.06.03.597178.txt		then CD8+ T cells were isolated by fluorescence-activated cell sorting (Fig. S4B).	True
FH1007_BM_TRNY1	zenodo:14872876:FH1007_BM_TRNY1	cell_enrichment	CD8+ T cells (FACS-sorted)	file	evidence/biorxiv_2024.06.03.597178.txt		then CD8+ T cells were isolated by fluorescence-activated cell sorting (Fig. S4B).	True
FH1007_PB_EIND1	zenodo:14872876:FH1007_PB_EIND1	cell_enrichment	CD8+ T cells (FACS-sorted)	file	evidence/biorxiv_2024.06.03.597178.txt		then CD8+ T cells were isolated by fluorescence-activated cell sorting (Fig. S4B).	True
FH1007_PB_EIND2	zenodo:14872876:FH1007_PB_EIND2	cell_enrichment	CD8+ T cells (FACS-sorted)	file	evidence/biorxiv_2024.06.03.597178.txt		then CD8+ T cells were isolated by fluorescence-activated cell sorting (Fig. S4B).	True
FH1007_PB_PRETX	zenodo:14872876:FH1007_PB_PRETX	cell_enrichment	CD8+ T cells (FACS-sorted)	file	evidence/biorxiv_2024.06.03.597178.txt		then CD8+ T cells were isolated by fluorescence-activated cell sorting (Fig. S4B).	True
FH1007_PB_TRN90	zenodo:14872876:FH1007_PB_TRN90	cell_enrichment	CD8+ T cells (FACS-sorted)	file	evidence/biorxiv_2024.06.03.597178.txt		then CD8+ T cells were isolated by fluorescence-activated cell sorting (Fig. S4B).	True
FH1007_PB_Y1D90	zenodo:14872876:FH1007_PB_Y1D90	cell_enrichment	CD8+ T cells (FACS-sorted)	file	evidence/biorxiv_2024.06.03.597178.txt		then CD8+ T cells were isolated by fluorescence-activated cell sorting (Fig. S4B).	True
FH1008_BM_EIND1	zenodo:14872876:FH1008_BM_EIND1	cell_enrichment	CD8+ T cells (FACS-sorted)	file	evidence/biorxiv_2024.06.03.597178.txt		then CD8+ T cells were isolated by fluorescence-activated cell sorting (Fig. S4B).	True
FH1008_BM_PRETX	zenodo:14872876:FH1008_BM_PRETX	cell_enrichment	CD8+ T cells (FACS-sorted)	file	evidence/biorxiv_2024.06.03.597178.txt		then CD8+ T cells were isolated by fluorescence-activated cell sorting (Fig. S4B).	True
FH1008_BM_TRN90	zenodo:14872876:FH1008_BM_TRN90	cell_enrichment	CD8+ T cells (FACS-sorted)	file	evidence/biorxiv_2024.06.03.597178.txt		then CD8+ T cells were isolated by fluorescence-activated cell sorting (Fig. S4B).	True
FH1008_BM_TRNY1	zenodo:14872876:FH1008_BM_TRNY1	cell_enrichment	CD8+ T cells (FACS-sorted)	file	evidence/biorxiv_2024.06.03.597178.txt		then CD8+ T cells were isolated by fluorescence-activated cell sorting (Fig. S4B).	True
FH1008_PB_EIND1	zenodo:14872876:FH1008_PB_EIND1	cell_enrichment	CD8+ T cells (FACS-sorted)	file	evidence/biorxiv_2024.06.03.597178.txt		then CD8+ T cells were isolated by fluorescence-activated cell sorting (Fig. S4B).	True
FH1008_PB_EIND2	zenodo:14872876:FH1008_PB_EIND2	cell_enrichment	CD8+ T cells (FACS-sorted)	file	evidence/biorxiv_2024.06.03.597178.txt		then CD8+ T cells were isolated by fluorescence-activated cell sorting (Fig. S4B).	True
FH1008_PB_INDC3	zenodo:14872876:FH1008_PB_INDC3	cell_enrichment	CD8+ T cells (FACS-sorted)	file	evidence/biorxiv_2024.06.03.597178.txt		then CD8+ T cells were isolated by fluorescence-activated cell sorting (Fig. S4B).	True
FH1008_PB_PRETX	zenodo:14872876:FH1008_PB_PRETX	cell_enrichment	CD8+ T cells (FACS-sorted)	file	evidence/biorxiv_2024.06.03.597178.txt		then CD8+ T cells were isolated by fluorescence-activated cell sorting (Fig. S4B).	True
FH1008_PB_TRN90	zenodo:14872876:FH1008_PB_TRN90	cell_enrichment	CD8+ T cells (FACS-sorted)	file	evidence/biorxiv_2024.06.03.597178.txt		then CD8+ T cells were isolated by fluorescence-activated cell sorting (Fig. S4B).	True
FH1008_PB_TRNY1	zenodo:14872876:FH1008_PB_TRNY1	cell_enrichment	CD8+ T cells (FACS-sorted)	file	evidence/biorxiv_2024.06.03.597178.txt		then CD8+ T cells were isolated by fluorescence-activated cell sorting (Fig. S4B).	True
FH1009_BM_PRETX	zenodo:14872876:FH1009_BM_PRETX	cell_enrichment	CD8+ T cells (FACS-sorted)	file	evidence/biorxiv_2024.06.03.597178.txt		then CD8+ T cells were isolated by fluorescence-activated cell sorting (Fig. S4B).	True
FH1009_BM_TRN90	zenodo:14872876:FH1009_BM_TRN90	cell_enrichment	CD8+ T cells (FACS-sorted)	file	evidence/biorxiv_2024.06.03.597178.txt		then CD8+ T cells were isolated by fluorescence-activated cell sorting (Fig. S4B).	True
FH1009_PB_EIND2	zenodo:14872876:FH1009_PB_EIND2	cell_enrichment	CD8+ T cells (FACS-sorted)	file	evidence/biorxiv_2024.06.03.597178.txt		then CD8+ T cells were isolated by fluorescence-activated cell sorting (Fig. S4B).	True
FH1009_PB_PRETX	zenodo:14872876:FH1009_PB_PRETX	cell_enrichment	CD8+ T cells (FACS-sorted)	file	evidence/biorxiv_2024.06.03.597178.txt		then CD8+ T cells were isolated by fluorescence-activated cell sorting (Fig. S4B).	True
FH1009_PB_TRN90	zenodo:14872876:FH1009_PB_TRN90	cell_enrichment	CD8+ T cells (FACS-sorted)	file	evidence/biorxiv_2024.06.03.597178.txt		then CD8+ T cells were isolated by fluorescence-activated cell sorting (Fig. S4B).	True
FH1011_BM_EIND1	zenodo:14872876:FH1011_BM_EIND1	cell_enrichment	CD8+ T cells (FACS-sorted)	file	evidence/biorxiv_2024.06.03.597178.txt		then CD8+ T cells were isolated by fluorescence-activated cell sorting (Fig. S4B).	True
FH1011_BM_PRETX	zenodo:14872876:FH1011_BM_PRETX	cell_enrichment	CD8+ T cells (FACS-sorted)	file	evidence/biorxiv_2024.06.03.597178.txt		then CD8+ T cells were isolated by fluorescence-activated cell sorting (Fig. S4B).	True
FH1011_BM_TRNY1	zenodo:14872876:FH1011_BM_TRNY1	cell_enrichment	CD8+ T cells (FACS-sorted)	file	evidence/biorxiv_2024.06.03.597178.txt		then CD8+ T cells were isolated by fluorescence-activated cell sorting (Fig. S4B).	True
FH1011_PB_EIND2	zenodo:14872876:FH1011_PB_EIND2	cell_enrichment	CD8+ T cells (FACS-sorted)	file	evidence/biorxiv_2024.06.03.597178.txt		then CD8+ T cells were isolated by fluorescence-activated cell sorting (Fig. S4B).	True
FH1011_PB_INDC3	zenodo:14872876:FH1011_PB_INDC3	cell_enrichment	CD8+ T cells (FACS-sorted)	file	evidence/biorxiv_2024.06.03.597178.txt		then CD8+ T cells were isolated by fluorescence-activated cell sorting (Fig. S4B).	True
FH1011_PB_PRETX	zenodo:14872876:FH1011_PB_PRETX	cell_enrichment	CD8+ T cells (FACS-sorted)	file	evidence/biorxiv_2024.06.03.597178.txt		then CD8+ T cells were isolated by fluorescence-activated cell sorting (Fig. S4B).	True
FH1011_PB_TRN90	zenodo:14872876:FH1011_PB_TRN90	cell_enrichment	CD8+ T cells (FACS-sorted)	file	evidence/biorxiv_2024.06.03.597178.txt		then CD8+ T cells were isolated by fluorescence-activated cell sorting (Fig. S4B).	True
FH1011_PB_TRNY1	zenodo:14872876:FH1011_PB_TRNY1	cell_enrichment	CD8+ T cells (FACS-sorted)	file	evidence/biorxiv_2024.06.03.597178.txt		then CD8+ T cells were isolated by fluorescence-activated cell sorting (Fig. S4B).	True
FH1016_BM_EIND1	zenodo:14872876:FH1016_BM_EIND1	cell_enrichment	CD8+ T cells (FACS-sorted)	file	evidence/biorxiv_2024.06.03.597178.txt		then CD8+ T cells were isolated by fluorescence-activated cell sorting (Fig. S4B).	True
FH1016_BM_PRETX	zenodo:14872876:FH1016_BM_PRETX	cell_enrichment	CD8+ T cells (FACS-sorted)	file	evidence/biorxiv_2024.06.03.597178.txt		then CD8+ T cells were isolated by fluorescence-activated cell sorting (Fig. S4B).	True
FH1016_BM_TRN90	zenodo:14872876:FH1016_BM_TRN90	cell_enrichment	CD8+ T cells (FACS-sorted)	file	evidence/biorxiv_2024.06.03.597178.txt		then CD8+ T cells were isolated by fluorescence-activated cell sorting (Fig. S4B).	True
FH1016_BM_TRNY1	zenodo:14872876:FH1016_BM_TRNY1	cell_enrichment	CD8+ T cells (FACS-sorted)	file	evidence/biorxiv_2024.06.03.597178.txt		then CD8+ T cells were isolated by fluorescence-activated cell sorting (Fig. S4B).	True
FH1016_PB_EIND2	zenodo:14872876:FH1016_PB_EIND2	cell_enrichment	CD8+ T cells (FACS-sorted)	file	evidence/biorxiv_2024.06.03.597178.txt		then CD8+ T cells were isolated by fluorescence-activated cell sorting (Fig. S4B).	True
FH1016_PB_PRETX	zenodo:14872876:FH1016_PB_PRETX	cell_enrichment	CD8+ T cells (FACS-sorted)	file	evidence/biorxiv_2024.06.03.597178.txt		then CD8+ T cells were isolated by fluorescence-activated cell sorting (Fig. S4B).	True
FH1016_PB_TRN90	zenodo:14872876:FH1016_PB_TRN90	cell_enrichment	CD8+ T cells (FACS-sorted)	file	evidence/biorxiv_2024.06.03.597178.txt		then CD8+ T cells were isolated by fluorescence-activated cell sorting (Fig. S4B).	True
FH1016_PB_TRNY1	zenodo:14872876:FH1016_PB_TRNY1	cell_enrichment	CD8+ T cells (FACS-sorted)	file	evidence/biorxiv_2024.06.03.597178.txt		then CD8+ T cells were isolated by fluorescence-activated cell sorting (Fig. S4B).	True
FH1022_BM_EIND1	zenodo:14872876:FH1022_BM_EIND1	cell_enrichment	CD8+ T cells (FACS-sorted)	file	evidence/biorxiv_2024.06.03.597178.txt		then CD8+ T cells were isolated by fluorescence-activated cell sorting (Fig. S4B).	True
FH1022_BM_PRETX	zenodo:14872876:FH1022_BM_PRETX	cell_enrichment	CD8+ T cells (FACS-sorted)	file	evidence/biorxiv_2024.06.03.597178.txt		then CD8+ T cells were isolated by fluorescence-activated cell sorting (Fig. S4B).	True
FH1022_BM_TRN90	zenodo:14872876:FH1022_BM_TRN90	cell_enrichment	CD8+ T cells (FACS-sorted)	file	evidence/biorxiv_2024.06.03.597178.txt		then CD8+ T cells were isolated by fluorescence-activated cell sorting (Fig. S4B).	True
FH1022_BM_TRNY1	zenodo:14872876:FH1022_BM_TRNY1	cell_enrichment	CD8+ T cells (FACS-sorted)	file	evidence/biorxiv_2024.06.03.597178.txt		then CD8+ T cells were isolated by fluorescence-activated cell sorting (Fig. S4B).	True
FH1022_PB_EIND1	zenodo:14872876:FH1022_PB_EIND1	cell_enrichment	CD8+ T cells (FACS-sorted)	file	evidence/biorxiv_2024.06.03.597178.txt		then CD8+ T cells were isolated by fluorescence-activated cell sorting (Fig. S4B).	True
FH1022_PB_PRETX	zenodo:14872876:FH1022_PB_PRETX	cell_enrichment	CD8+ T cells (FACS-sorted)	file	evidence/biorxiv_2024.06.03.597178.txt		then CD8+ T cells were isolated by fluorescence-activated cell sorting (Fig. S4B).	True
FH1022_PB_TRN90	zenodo:14872876:FH1022_PB_TRN90	cell_enrichment	CD8+ T cells (FACS-sorted)	file	evidence/biorxiv_2024.06.03.597178.txt		then CD8+ T cells were isolated by fluorescence-activated cell sorting (Fig. S4B).	True
HC_BM_1	zenodo:14872876:HC_BM_1	cell_enrichment	CD8+ T cells (FACS-sorted)	file	evidence/biorxiv_2024.06.03.597178.txt		then CD8+ T cells were isolated by fluorescence-activated cell sorting (Fig. S4B).	True
HC_BM_2	zenodo:14872876:HC_BM_2	cell_enrichment	CD8+ T cells (FACS-sorted)	file	evidence/biorxiv_2024.06.03.597178.txt		then CD8+ T cells were isolated by fluorescence-activated cell sorting (Fig. S4B).	True
HC_BM_3	zenodo:14872876:HC_BM_3	cell_enrichment	CD8+ T cells (FACS-sorted)	file	evidence/biorxiv_2024.06.03.597178.txt		then CD8+ T cells were isolated by fluorescence-activated cell sorting (Fig. S4B).	True
HC_BM_4	zenodo:14872876:HC_BM_4	cell_enrichment	CD8+ T cells (FACS-sorted)	file	evidence/biorxiv_2024.06.03.597178.txt		then CD8+ T cells were isolated by fluorescence-activated cell sorting (Fig. S4B).	True
HC_BM_5	zenodo:14872876:HC_BM_5	cell_enrichment	CD8+ T cells (FACS-sorted)	file	evidence/biorxiv_2024.06.03.597178.txt		then CD8+ T cells were isolated by fluorescence-activated cell sorting (Fig. S4B).	True
HC_BM_6	zenodo:14872876:HC_BM_6	cell_enrichment	CD8+ T cells (FACS-sorted)	file	evidence/biorxiv_2024.06.03.597178.txt		then CD8+ T cells were isolated by fluorescence-activated cell sorting (Fig. S4B).	True
HC_BM_7	zenodo:14872876:HC_BM_7	cell_enrichment	CD8+ T cells (FACS-sorted)	file	evidence/biorxiv_2024.06.03.597178.txt		then CD8+ T cells were isolated by fluorescence-activated cell sorting (Fig. S4B).	True
HC_BM_8	zenodo:14872876:HC_BM_8	cell_enrichment	CD8+ T cells (FACS-sorted)	file	evidence/biorxiv_2024.06.03.597178.txt		then CD8+ T cells were isolated by fluorescence-activated cell sorting (Fig. S4B).	True
HC_PB_1	zenodo:14872876:HC_PB_1	cell_enrichment	CD8+ T cells (FACS-sorted)	file	evidence/biorxiv_2024.06.03.597178.txt		then CD8+ T cells were isolated by fluorescence-activated cell sorting (Fig. S4B).	True
HC_PB_2	zenodo:14872876:HC_PB_2	cell_enrichment	CD8+ T cells (FACS-sorted)	file	evidence/biorxiv_2024.06.03.597178.txt		then CD8+ T cells were isolated by fluorescence-activated cell sorting (Fig. S4B).	True
HC_PB_3	zenodo:14872876:HC_PB_3	cell_enrichment	CD8+ T cells (FACS-sorted)	file	evidence/biorxiv_2024.06.03.597178.txt		then CD8+ T cells were isolated by fluorescence-activated cell sorting (Fig. S4B).	True
HC_PB_4	zenodo:14872876:HC_PB_4	cell_enrichment	CD8+ T cells (FACS-sorted)	file	evidence/biorxiv_2024.06.03.597178.txt		then CD8+ T cells were isolated by fluorescence-activated cell sorting (Fig. S4B).	True
HC_PB_5	zenodo:14872876:HC_PB_5	cell_enrichment	CD8+ T cells (FACS-sorted)	file	evidence/biorxiv_2024.06.03.597178.txt		then CD8+ T cells were isolated by fluorescence-activated cell sorting (Fig. S4B).	True
HC_PB_6	zenodo:14872876:HC_PB_6	cell_enrichment	CD8+ T cells (FACS-sorted)	file	evidence/biorxiv_2024.06.03.597178.txt		then CD8+ T cells were isolated by fluorescence-activated cell sorting (Fig. S4B).	True
HC_PB_7	zenodo:14872876:HC_PB_7	cell_enrichment	CD8+ T cells (FACS-sorted)	file	evidence/biorxiv_2024.06.03.597178.txt		then CD8+ T cells were isolated by fluorescence-activated cell sorting (Fig. S4B).	True
HC_PB_8	zenodo:14872876:HC_PB_8	cell_enrichment	CD8+ T cells (FACS-sorted)	file	evidence/biorxiv_2024.06.03.597178.txt		then CD8+ T cells were isolated by fluorescence-activated cell sorting (Fig. S4B).	True
FH1002_BM_TRNY1	zenodo:14872876:FH1002_BM_TRNY1	assay	10x 5' v2	file	evidence/biorxiv_2024.06.03.597178.txt		loaded onto the 10x Chromium controller using Chromium Next GEM Single Cell 5” Reagent Kits v2 (Dual Index) with Feature Barcoding technology for Cell-Surface Protein and Immune Receptor Mapping	True
FH1002_PB_Y2D90	zenodo:14872876:FH1002_PB_Y2D90	assay	10x 5' v2	file	evidence/biorxiv_2024.06.03.597178.txt		loaded onto the 10x Chromium controller using Chromium Next GEM Single Cell 5” Reagent Kits v2 (Dual Index) with Feature Barcoding technology for Cell-Surface Protein and Immune Receptor Mapping	True
FH1003_BM_EIND1	zenodo:14872876:FH1003_BM_EIND1	assay	10x 5' v2	file	evidence/biorxiv_2024.06.03.597178.txt		loaded onto the 10x Chromium controller using Chromium Next GEM Single Cell 5” Reagent Kits v2 (Dual Index) with Feature Barcoding technology for Cell-Surface Protein and Immune Receptor Mapping	True
FH1003_BM_PRETX	zenodo:14872876:FH1003_BM_PRETX	assay	10x 5' v2	file	evidence/biorxiv_2024.06.03.597178.txt		loaded onto the 10x Chromium controller using Chromium Next GEM Single Cell 5” Reagent Kits v2 (Dual Index) with Feature Barcoding technology for Cell-Surface Protein and Immune Receptor Mapping	True
FH1003_BM_TRN90	zenodo:14872876:FH1003_BM_TRN90	assay	10x 5' v2	file	evidence/biorxiv_2024.06.03.597178.txt		loaded onto the 10x Chromium controller using Chromium Next GEM Single Cell 5” Reagent Kits v2 (Dual Index) with Feature Barcoding technology for Cell-Surface Protein and Immune Receptor Mapping	True
FH1003_BM_TRNY1	zenodo:14872876:FH1003_BM_TRNY1	assay	10x 5' v2	file	evidence/biorxiv_2024.06.03.597178.txt		loaded onto the 10x Chromium controller using Chromium Next GEM Single Cell 5” Reagent Kits v2 (Dual Index) with Feature Barcoding technology for Cell-Surface Protein and Immune Receptor Mapping	True
FH1003_PB_EIND1	zenodo:14872876:FH1003_PB_EIND1	assay	10x 5' v2	file	evidence/biorxiv_2024.06.03.597178.txt		loaded onto the 10x Chromium controller using Chromium Next GEM Single Cell 5” Reagent Kits v2 (Dual Index) with Feature Barcoding technology for Cell-Surface Protein and Immune Receptor Mapping	True
FH1003_PB_EIND2	zenodo:14872876:FH1003_PB_EIND2	assay	10x 5' v2	file	evidence/biorxiv_2024.06.03.597178.txt		loaded onto the 10x Chromium controller using Chromium Next GEM Single Cell 5” Reagent Kits v2 (Dual Index) with Feature Barcoding technology for Cell-Surface Protein and Immune Receptor Mapping	True
FH1003_PB_INDC3	zenodo:14872876:FH1003_PB_INDC3	assay	10x 5' v2	file	evidence/biorxiv_2024.06.03.597178.txt		loaded onto the 10x Chromium controller using Chromium Next GEM Single Cell 5” Reagent Kits v2 (Dual Index) with Feature Barcoding technology for Cell-Surface Protein and Immune Receptor Mapping	True
FH1003_PB_PRETX	zenodo:14872876:FH1003_PB_PRETX	assay	10x 5' v2	file	evidence/biorxiv_2024.06.03.597178.txt		loaded onto the 10x Chromium controller using Chromium Next GEM Single Cell 5” Reagent Kits v2 (Dual Index) with Feature Barcoding technology for Cell-Surface Protein and Immune Receptor Mapping	True
FH1003_PB_TRN90	zenodo:14872876:FH1003_PB_TRN90	assay	10x 5' v2	file	evidence/biorxiv_2024.06.03.597178.txt		loaded onto the 10x Chromium controller using Chromium Next GEM Single Cell 5” Reagent Kits v2 (Dual Index) with Feature Barcoding technology for Cell-Surface Protein and Immune Receptor Mapping	True
FH1003_PB_TRNY1	zenodo:14872876:FH1003_PB_TRNY1	assay	10x 5' v2	file	evidence/biorxiv_2024.06.03.597178.txt		loaded onto the 10x Chromium controller using Chromium Next GEM Single Cell 5” Reagent Kits v2 (Dual Index) with Feature Barcoding technology for Cell-Surface Protein and Immune Receptor Mapping	True
FH1004_PB_EIND1	zenodo:14872876:FH1004_PB_EIND1	assay	10x 5' v2	file	evidence/biorxiv_2024.06.03.597178.txt		loaded onto the 10x Chromium controller using Chromium Next GEM Single Cell 5” Reagent Kits v2 (Dual Index) with Feature Barcoding technology for Cell-Surface Protein and Immune Receptor Mapping	True
FH1004_PB_EIND2	zenodo:14872876:FH1004_PB_EIND2	assay	10x 5' v2	file	evidence/biorxiv_2024.06.03.597178.txt		loaded onto the 10x Chromium controller using Chromium Next GEM Single Cell 5” Reagent Kits v2 (Dual Index) with Feature Barcoding technology for Cell-Surface Protein and Immune Receptor Mapping	True
FH1004_PB_INDC2	zenodo:14872876:FH1004_PB_INDC2	assay	10x 5' v2	file	evidence/biorxiv_2024.06.03.597178.txt		loaded onto the 10x Chromium controller using Chromium Next GEM Single Cell 5” Reagent Kits v2 (Dual Index) with Feature Barcoding technology for Cell-Surface Protein and Immune Receptor Mapping	True
FH1004_PB_INDC3	zenodo:14872876:FH1004_PB_INDC3	assay	10x 5' v2	file	evidence/biorxiv_2024.06.03.597178.txt		loaded onto the 10x Chromium controller using Chromium Next GEM Single Cell 5” Reagent Kits v2 (Dual Index) with Feature Barcoding technology for Cell-Surface Protein and Immune Receptor Mapping	True
FH1004_PB_PRETX	zenodo:14872876:FH1004_PB_PRETX	assay	10x 5' v2	file	evidence/biorxiv_2024.06.03.597178.txt		loaded onto the 10x Chromium controller using Chromium Next GEM Single Cell 5” Reagent Kits v2 (Dual Index) with Feature Barcoding technology for Cell-Surface Protein and Immune Receptor Mapping	True
FH1004_PB_TRN90	zenodo:14872876:FH1004_PB_TRN90	assay	10x 5' v2	file	evidence/biorxiv_2024.06.03.597178.txt		loaded onto the 10x Chromium controller using Chromium Next GEM Single Cell 5” Reagent Kits v2 (Dual Index) with Feature Barcoding technology for Cell-Surface Protein and Immune Receptor Mapping	True
FH1005_BM_EIND1	zenodo:14872876:FH1005_BM_EIND1	assay	10x 5' v2	file	evidence/biorxiv_2024.06.03.597178.txt		loaded onto the 10x Chromium controller using Chromium Next GEM Single Cell 5” Reagent Kits v2 (Dual Index) with Feature Barcoding technology for Cell-Surface Protein and Immune Receptor Mapping	True
FH1005_BM_PRETX	zenodo:14872876:FH1005_BM_PRETX	assay	10x 5' v2	file	evidence/biorxiv_2024.06.03.597178.txt		loaded onto the 10x Chromium controller using Chromium Next GEM Single Cell 5” Reagent Kits v2 (Dual Index) with Feature Barcoding technology for Cell-Surface Protein and Immune Receptor Mapping	True
FH1005_BM_TRN90	zenodo:14872876:FH1005_BM_TRN90	assay	10x 5' v2	file	evidence/biorxiv_2024.06.03.597178.txt		loaded onto the 10x Chromium controller using Chromium Next GEM Single Cell 5” Reagent Kits v2 (Dual Index) with Feature Barcoding technology for Cell-Surface Protein and Immune Receptor Mapping	True
FH1005_PB_EIND2	zenodo:14872876:FH1005_PB_EIND2	assay	10x 5' v2	file	evidence/biorxiv_2024.06.03.597178.txt		loaded onto the 10x Chromium controller using Chromium Next GEM Single Cell 5” Reagent Kits v2 (Dual Index) with Feature Barcoding technology for Cell-Surface Protein and Immune Receptor Mapping	True
FH1005_PB_INDC3	zenodo:14872876:FH1005_PB_INDC3	assay	10x 5' v2	file	evidence/biorxiv_2024.06.03.597178.txt		loaded onto the 10x Chromium controller using Chromium Next GEM Single Cell 5” Reagent Kits v2 (Dual Index) with Feature Barcoding technology for Cell-Surface Protein and Immune Receptor Mapping	True
FH1005_PB_PRETX	zenodo:14872876:FH1005_PB_PRETX	assay	10x 5' v2	file	evidence/biorxiv_2024.06.03.597178.txt		loaded onto the 10x Chromium controller using Chromium Next GEM Single Cell 5” Reagent Kits v2 (Dual Index) with Feature Barcoding technology for Cell-Surface Protein and Immune Receptor Mapping	True
FH1005_PB_PoCo15	zenodo:14872876:FH1005_PB_PoCo15	assay	10x 5' v2	file	evidence/biorxiv_2024.06.03.597178.txt		loaded onto the 10x Chromium controller using Chromium Next GEM Single Cell 5” Reagent Kits v2 (Dual Index) with Feature Barcoding technology for Cell-Surface Protein and Immune Receptor Mapping	True
FH1005_PB_TRN90	zenodo:14872876:FH1005_PB_TRN90	assay	10x 5' v2	file	evidence/biorxiv_2024.06.03.597178.txt		loaded onto the 10x Chromium controller using Chromium Next GEM Single Cell 5” Reagent Kits v2 (Dual Index) with Feature Barcoding technology for Cell-Surface Protein and Immune Receptor Mapping	True
FH1006_PB_EIND1	zenodo:14872876:FH1006_PB_EIND1	assay	10x 5' v2	file	evidence/biorxiv_2024.06.03.597178.txt		loaded onto the 10x Chromium controller using Chromium Next GEM Single Cell 5” Reagent Kits v2 (Dual Index) with Feature Barcoding technology for Cell-Surface Protein and Immune Receptor Mapping	True
FH1006_PB_EIND2	zenodo:14872876:FH1006_PB_EIND2	assay	10x 5' v2	file	evidence/biorxiv_2024.06.03.597178.txt		loaded onto the 10x Chromium controller using Chromium Next GEM Single Cell 5” Reagent Kits v2 (Dual Index) with Feature Barcoding technology for Cell-Surface Protein and Immune Receptor Mapping	True
FH1006_PB_INDC3	zenodo:14872876:FH1006_PB_INDC3	assay	10x 5' v2	file	evidence/biorxiv_2024.06.03.597178.txt		loaded onto the 10x Chromium controller using Chromium Next GEM Single Cell 5” Reagent Kits v2 (Dual Index) with Feature Barcoding technology for Cell-Surface Protein and Immune Receptor Mapping	True
FH1006_PB_PRETX	zenodo:14872876:FH1006_PB_PRETX	assay	10x 5' v2	file	evidence/biorxiv_2024.06.03.597178.txt		loaded onto the 10x Chromium controller using Chromium Next GEM Single Cell 5” Reagent Kits v2 (Dual Index) with Feature Barcoding technology for Cell-Surface Protein and Immune Receptor Mapping	True
FH1006_PB_TRN60	zenodo:14872876:FH1006_PB_TRN60	assay	10x 5' v2	file	evidence/biorxiv_2024.06.03.597178.txt		loaded onto the 10x Chromium controller using Chromium Next GEM Single Cell 5” Reagent Kits v2 (Dual Index) with Feature Barcoding technology for Cell-Surface Protein and Immune Receptor Mapping	True
FH1006_PB_TRN90	zenodo:14872876:FH1006_PB_TRN90	assay	10x 5' v2	file	evidence/biorxiv_2024.06.03.597178.txt		loaded onto the 10x Chromium controller using Chromium Next GEM Single Cell 5” Reagent Kits v2 (Dual Index) with Feature Barcoding technology for Cell-Surface Protein and Immune Receptor Mapping	True
FH1006_PB_TRNY1	zenodo:14872876:FH1006_PB_TRNY1	assay	10x 5' v2	file	evidence/biorxiv_2024.06.03.597178.txt		loaded onto the 10x Chromium controller using Chromium Next GEM Single Cell 5” Reagent Kits v2 (Dual Index) with Feature Barcoding technology for Cell-Surface Protein and Immune Receptor Mapping	True
FH1007_BM_PRETX	zenodo:14872876:FH1007_BM_PRETX	assay	10x 5' v2	file	evidence/biorxiv_2024.06.03.597178.txt		loaded onto the 10x Chromium controller using Chromium Next GEM Single Cell 5” Reagent Kits v2 (Dual Index) with Feature Barcoding technology for Cell-Surface Protein and Immune Receptor Mapping	True
FH1007_BM_TRN90	zenodo:14872876:FH1007_BM_TRN90	assay	10x 5' v2	file	evidence/biorxiv_2024.06.03.597178.txt		loaded onto the 10x Chromium controller using Chromium Next GEM Single Cell 5” Reagent Kits v2 (Dual Index) with Feature Barcoding technology for Cell-Surface Protein and Immune Receptor Mapping	True
FH1007_BM_TRNY1	zenodo:14872876:FH1007_BM_TRNY1	assay	10x 5' v2	file	evidence/biorxiv_2024.06.03.597178.txt		loaded onto the 10x Chromium controller using Chromium Next GEM Single Cell 5” Reagent Kits v2 (Dual Index) with Feature Barcoding technology for Cell-Surface Protein and Immune Receptor Mapping	True
FH1007_PB_EIND1	zenodo:14872876:FH1007_PB_EIND1	assay	10x 5' v2	file	evidence/biorxiv_2024.06.03.597178.txt		loaded onto the 10x Chromium controller using Chromium Next GEM Single Cell 5” Reagent Kits v2 (Dual Index) with Feature Barcoding technology for Cell-Surface Protein and Immune Receptor Mapping	True
FH1007_PB_EIND2	zenodo:14872876:FH1007_PB_EIND2	assay	10x 5' v2	file	evidence/biorxiv_2024.06.03.597178.txt		loaded onto the 10x Chromium controller using Chromium Next GEM Single Cell 5” Reagent Kits v2 (Dual Index) with Feature Barcoding technology for Cell-Surface Protein and Immune Receptor Mapping	True
FH1007_PB_PRETX	zenodo:14872876:FH1007_PB_PRETX	assay	10x 5' v2	file	evidence/biorxiv_2024.06.03.597178.txt		loaded onto the 10x Chromium controller using Chromium Next GEM Single Cell 5” Reagent Kits v2 (Dual Index) with Feature Barcoding technology for Cell-Surface Protein and Immune Receptor Mapping	True
FH1007_PB_TRN90	zenodo:14872876:FH1007_PB_TRN90	assay	10x 5' v2	file	evidence/biorxiv_2024.06.03.597178.txt		loaded onto the 10x Chromium controller using Chromium Next GEM Single Cell 5” Reagent Kits v2 (Dual Index) with Feature Barcoding technology for Cell-Surface Protein and Immune Receptor Mapping	True
FH1007_PB_Y1D90	zenodo:14872876:FH1007_PB_Y1D90	assay	10x 5' v2	file	evidence/biorxiv_2024.06.03.597178.txt		loaded onto the 10x Chromium controller using Chromium Next GEM Single Cell 5” Reagent Kits v2 (Dual Index) with Feature Barcoding technology for Cell-Surface Protein and Immune Receptor Mapping	True
FH1008_BM_EIND1	zenodo:14872876:FH1008_BM_EIND1	assay	10x 5' v2	file	evidence/biorxiv_2024.06.03.597178.txt		loaded onto the 10x Chromium controller using Chromium Next GEM Single Cell 5” Reagent Kits v2 (Dual Index) with Feature Barcoding technology for Cell-Surface Protein and Immune Receptor Mapping	True
FH1008_BM_PRETX	zenodo:14872876:FH1008_BM_PRETX	assay	10x 5' v2	file	evidence/biorxiv_2024.06.03.597178.txt		loaded onto the 10x Chromium controller using Chromium Next GEM Single Cell 5” Reagent Kits v2 (Dual Index) with Feature Barcoding technology for Cell-Surface Protein and Immune Receptor Mapping	True
FH1008_BM_TRN90	zenodo:14872876:FH1008_BM_TRN90	assay	10x 5' v2	file	evidence/biorxiv_2024.06.03.597178.txt		loaded onto the 10x Chromium controller using Chromium Next GEM Single Cell 5” Reagent Kits v2 (Dual Index) with Feature Barcoding technology for Cell-Surface Protein and Immune Receptor Mapping	True
FH1008_BM_TRNY1	zenodo:14872876:FH1008_BM_TRNY1	assay	10x 5' v2	file	evidence/biorxiv_2024.06.03.597178.txt		loaded onto the 10x Chromium controller using Chromium Next GEM Single Cell 5” Reagent Kits v2 (Dual Index) with Feature Barcoding technology for Cell-Surface Protein and Immune Receptor Mapping	True
FH1008_PB_EIND1	zenodo:14872876:FH1008_PB_EIND1	assay	10x 5' v2	file	evidence/biorxiv_2024.06.03.597178.txt		loaded onto the 10x Chromium controller using Chromium Next GEM Single Cell 5” Reagent Kits v2 (Dual Index) with Feature Barcoding technology for Cell-Surface Protein and Immune Receptor Mapping	True
FH1008_PB_EIND2	zenodo:14872876:FH1008_PB_EIND2	assay	10x 5' v2	file	evidence/biorxiv_2024.06.03.597178.txt		loaded onto the 10x Chromium controller using Chromium Next GEM Single Cell 5” Reagent Kits v2 (Dual Index) with Feature Barcoding technology for Cell-Surface Protein and Immune Receptor Mapping	True
FH1008_PB_INDC3	zenodo:14872876:FH1008_PB_INDC3	assay	10x 5' v2	file	evidence/biorxiv_2024.06.03.597178.txt		loaded onto the 10x Chromium controller using Chromium Next GEM Single Cell 5” Reagent Kits v2 (Dual Index) with Feature Barcoding technology for Cell-Surface Protein and Immune Receptor Mapping	True
FH1008_PB_PRETX	zenodo:14872876:FH1008_PB_PRETX	assay	10x 5' v2	file	evidence/biorxiv_2024.06.03.597178.txt		loaded onto the 10x Chromium controller using Chromium Next GEM Single Cell 5” Reagent Kits v2 (Dual Index) with Feature Barcoding technology for Cell-Surface Protein and Immune Receptor Mapping	True
FH1008_PB_TRN90	zenodo:14872876:FH1008_PB_TRN90	assay	10x 5' v2	file	evidence/biorxiv_2024.06.03.597178.txt		loaded onto the 10x Chromium controller using Chromium Next GEM Single Cell 5” Reagent Kits v2 (Dual Index) with Feature Barcoding technology for Cell-Surface Protein and Immune Receptor Mapping	True
FH1008_PB_TRNY1	zenodo:14872876:FH1008_PB_TRNY1	assay	10x 5' v2	file	evidence/biorxiv_2024.06.03.597178.txt		loaded onto the 10x Chromium controller using Chromium Next GEM Single Cell 5” Reagent Kits v2 (Dual Index) with Feature Barcoding technology for Cell-Surface Protein and Immune Receptor Mapping	True
FH1009_BM_PRETX	zenodo:14872876:FH1009_BM_PRETX	assay	10x 5' v2	file	evidence/biorxiv_2024.06.03.597178.txt		loaded onto the 10x Chromium controller using Chromium Next GEM Single Cell 5” Reagent Kits v2 (Dual Index) with Feature Barcoding technology for Cell-Surface Protein and Immune Receptor Mapping	True
FH1009_BM_TRN90	zenodo:14872876:FH1009_BM_TRN90	assay	10x 5' v2	file	evidence/biorxiv_2024.06.03.597178.txt		loaded onto the 10x Chromium controller using Chromium Next GEM Single Cell 5” Reagent Kits v2 (Dual Index) with Feature Barcoding technology for Cell-Surface Protein and Immune Receptor Mapping	True
FH1009_PB_EIND2	zenodo:14872876:FH1009_PB_EIND2	assay	10x 5' v2	file	evidence/biorxiv_2024.06.03.597178.txt		loaded onto the 10x Chromium controller using Chromium Next GEM Single Cell 5” Reagent Kits v2 (Dual Index) with Feature Barcoding technology for Cell-Surface Protein and Immune Receptor Mapping	True
FH1009_PB_PRETX	zenodo:14872876:FH1009_PB_PRETX	assay	10x 5' v2	file	evidence/biorxiv_2024.06.03.597178.txt		loaded onto the 10x Chromium controller using Chromium Next GEM Single Cell 5” Reagent Kits v2 (Dual Index) with Feature Barcoding technology for Cell-Surface Protein and Immune Receptor Mapping	True
FH1009_PB_TRN90	zenodo:14872876:FH1009_PB_TRN90	assay	10x 5' v2	file	evidence/biorxiv_2024.06.03.597178.txt		loaded onto the 10x Chromium controller using Chromium Next GEM Single Cell 5” Reagent Kits v2 (Dual Index) with Feature Barcoding technology for Cell-Surface Protein and Immune Receptor Mapping	True
FH1011_BM_EIND1	zenodo:14872876:FH1011_BM_EIND1	assay	10x 5' v2	file	evidence/biorxiv_2024.06.03.597178.txt		loaded onto the 10x Chromium controller using Chromium Next GEM Single Cell 5” Reagent Kits v2 (Dual Index) with Feature Barcoding technology for Cell-Surface Protein and Immune Receptor Mapping	True
FH1011_BM_PRETX	zenodo:14872876:FH1011_BM_PRETX	assay	10x 5' v2	file	evidence/biorxiv_2024.06.03.597178.txt		loaded onto the 10x Chromium controller using Chromium Next GEM Single Cell 5” Reagent Kits v2 (Dual Index) with Feature Barcoding technology for Cell-Surface Protein and Immune Receptor Mapping	True
FH1011_BM_TRNY1	zenodo:14872876:FH1011_BM_TRNY1	assay	10x 5' v2	file	evidence/biorxiv_2024.06.03.597178.txt		loaded onto the 10x Chromium controller using Chromium Next GEM Single Cell 5” Reagent Kits v2 (Dual Index) with Feature Barcoding technology for Cell-Surface Protein and Immune Receptor Mapping	True
FH1011_PB_EIND2	zenodo:14872876:FH1011_PB_EIND2	assay	10x 5' v2	file	evidence/biorxiv_2024.06.03.597178.txt		loaded onto the 10x Chromium controller using Chromium Next GEM Single Cell 5” Reagent Kits v2 (Dual Index) with Feature Barcoding technology for Cell-Surface Protein and Immune Receptor Mapping	True
FH1011_PB_INDC3	zenodo:14872876:FH1011_PB_INDC3	assay	10x 5' v2	file	evidence/biorxiv_2024.06.03.597178.txt		loaded onto the 10x Chromium controller using Chromium Next GEM Single Cell 5” Reagent Kits v2 (Dual Index) with Feature Barcoding technology for Cell-Surface Protein and Immune Receptor Mapping	True
FH1011_PB_PRETX	zenodo:14872876:FH1011_PB_PRETX	assay	10x 5' v2	file	evidence/biorxiv_2024.06.03.597178.txt		loaded onto the 10x Chromium controller using Chromium Next GEM Single Cell 5” Reagent Kits v2 (Dual Index) with Feature Barcoding technology for Cell-Surface Protein and Immune Receptor Mapping	True
FH1011_PB_TRN90	zenodo:14872876:FH1011_PB_TRN90	assay	10x 5' v2	file	evidence/biorxiv_2024.06.03.597178.txt		loaded onto the 10x Chromium controller using Chromium Next GEM Single Cell 5” Reagent Kits v2 (Dual Index) with Feature Barcoding technology for Cell-Surface Protein and Immune Receptor Mapping	True
FH1011_PB_TRNY1	zenodo:14872876:FH1011_PB_TRNY1	assay	10x 5' v2	file	evidence/biorxiv_2024.06.03.597178.txt		loaded onto the 10x Chromium controller using Chromium Next GEM Single Cell 5” Reagent Kits v2 (Dual Index) with Feature Barcoding technology for Cell-Surface Protein and Immune Receptor Mapping	True
FH1016_BM_EIND1	zenodo:14872876:FH1016_BM_EIND1	assay	10x 5' v2	file	evidence/biorxiv_2024.06.03.597178.txt		loaded onto the 10x Chromium controller using Chromium Next GEM Single Cell 5” Reagent Kits v2 (Dual Index) with Feature Barcoding technology for Cell-Surface Protein and Immune Receptor Mapping	True
FH1016_BM_PRETX	zenodo:14872876:FH1016_BM_PRETX	assay	10x 5' v2	file	evidence/biorxiv_2024.06.03.597178.txt		loaded onto the 10x Chromium controller using Chromium Next GEM Single Cell 5” Reagent Kits v2 (Dual Index) with Feature Barcoding technology for Cell-Surface Protein and Immune Receptor Mapping	True
FH1016_BM_TRN90	zenodo:14872876:FH1016_BM_TRN90	assay	10x 5' v2	file	evidence/biorxiv_2024.06.03.597178.txt		loaded onto the 10x Chromium controller using Chromium Next GEM Single Cell 5” Reagent Kits v2 (Dual Index) with Feature Barcoding technology for Cell-Surface Protein and Immune Receptor Mapping	True
FH1016_BM_TRNY1	zenodo:14872876:FH1016_BM_TRNY1	assay	10x 5' v2	file	evidence/biorxiv_2024.06.03.597178.txt		loaded onto the 10x Chromium controller using Chromium Next GEM Single Cell 5” Reagent Kits v2 (Dual Index) with Feature Barcoding technology for Cell-Surface Protein and Immune Receptor Mapping	True
FH1016_PB_EIND2	zenodo:14872876:FH1016_PB_EIND2	assay	10x 5' v2	file	evidence/biorxiv_2024.06.03.597178.txt		loaded onto the 10x Chromium controller using Chromium Next GEM Single Cell 5” Reagent Kits v2 (Dual Index) with Feature Barcoding technology for Cell-Surface Protein and Immune Receptor Mapping	True
FH1016_PB_PRETX	zenodo:14872876:FH1016_PB_PRETX	assay	10x 5' v2	file	evidence/biorxiv_2024.06.03.597178.txt		loaded onto the 10x Chromium controller using Chromium Next GEM Single Cell 5” Reagent Kits v2 (Dual Index) with Feature Barcoding technology for Cell-Surface Protein and Immune Receptor Mapping	True
FH1016_PB_TRN90	zenodo:14872876:FH1016_PB_TRN90	assay	10x 5' v2	file	evidence/biorxiv_2024.06.03.597178.txt		loaded onto the 10x Chromium controller using Chromium Next GEM Single Cell 5” Reagent Kits v2 (Dual Index) with Feature Barcoding technology for Cell-Surface Protein and Immune Receptor Mapping	True
FH1016_PB_TRNY1	zenodo:14872876:FH1016_PB_TRNY1	assay	10x 5' v2	file	evidence/biorxiv_2024.06.03.597178.txt		loaded onto the 10x Chromium controller using Chromium Next GEM Single Cell 5” Reagent Kits v2 (Dual Index) with Feature Barcoding technology for Cell-Surface Protein and Immune Receptor Mapping	True
FH1022_BM_EIND1	zenodo:14872876:FH1022_BM_EIND1	assay	10x 5' v2	file	evidence/biorxiv_2024.06.03.597178.txt		loaded onto the 10x Chromium controller using Chromium Next GEM Single Cell 5” Reagent Kits v2 (Dual Index) with Feature Barcoding technology for Cell-Surface Protein and Immune Receptor Mapping	True
FH1022_BM_PRETX	zenodo:14872876:FH1022_BM_PRETX	assay	10x 5' v2	file	evidence/biorxiv_2024.06.03.597178.txt		loaded onto the 10x Chromium controller using Chromium Next GEM Single Cell 5” Reagent Kits v2 (Dual Index) with Feature Barcoding technology for Cell-Surface Protein and Immune Receptor Mapping	True
FH1022_BM_TRN90	zenodo:14872876:FH1022_BM_TRN90	assay	10x 5' v2	file	evidence/biorxiv_2024.06.03.597178.txt		loaded onto the 10x Chromium controller using Chromium Next GEM Single Cell 5” Reagent Kits v2 (Dual Index) with Feature Barcoding technology for Cell-Surface Protein and Immune Receptor Mapping	True
FH1022_BM_TRNY1	zenodo:14872876:FH1022_BM_TRNY1	assay	10x 5' v2	file	evidence/biorxiv_2024.06.03.597178.txt		loaded onto the 10x Chromium controller using Chromium Next GEM Single Cell 5” Reagent Kits v2 (Dual Index) with Feature Barcoding technology for Cell-Surface Protein and Immune Receptor Mapping	True
FH1022_PB_EIND1	zenodo:14872876:FH1022_PB_EIND1	assay	10x 5' v2	file	evidence/biorxiv_2024.06.03.597178.txt		loaded onto the 10x Chromium controller using Chromium Next GEM Single Cell 5” Reagent Kits v2 (Dual Index) with Feature Barcoding technology for Cell-Surface Protein and Immune Receptor Mapping	True
FH1022_PB_PRETX	zenodo:14872876:FH1022_PB_PRETX	assay	10x 5' v2	file	evidence/biorxiv_2024.06.03.597178.txt		loaded onto the 10x Chromium controller using Chromium Next GEM Single Cell 5” Reagent Kits v2 (Dual Index) with Feature Barcoding technology for Cell-Surface Protein and Immune Receptor Mapping	True
FH1022_PB_TRN90	zenodo:14872876:FH1022_PB_TRN90	assay	10x 5' v2	file	evidence/biorxiv_2024.06.03.597178.txt		loaded onto the 10x Chromium controller using Chromium Next GEM Single Cell 5” Reagent Kits v2 (Dual Index) with Feature Barcoding technology for Cell-Surface Protein and Immune Receptor Mapping	True
HC_BM_1	zenodo:14872876:HC_BM_1	assay	10x 5' v2	file	evidence/biorxiv_2024.06.03.597178.txt		loaded onto the 10x Chromium controller using Chromium Next GEM Single Cell 5” Reagent Kits v2 (Dual Index) with Feature Barcoding technology for Cell-Surface Protein and Immune Receptor Mapping	True
HC_BM_2	zenodo:14872876:HC_BM_2	assay	10x 5' v2	file	evidence/biorxiv_2024.06.03.597178.txt		loaded onto the 10x Chromium controller using Chromium Next GEM Single Cell 5” Reagent Kits v2 (Dual Index) with Feature Barcoding technology for Cell-Surface Protein and Immune Receptor Mapping	True
HC_BM_3	zenodo:14872876:HC_BM_3	assay	10x 5' v2	file	evidence/biorxiv_2024.06.03.597178.txt		loaded onto the 10x Chromium controller using Chromium Next GEM Single Cell 5” Reagent Kits v2 (Dual Index) with Feature Barcoding technology for Cell-Surface Protein and Immune Receptor Mapping	True
HC_BM_4	zenodo:14872876:HC_BM_4	assay	10x 5' v2	file	evidence/biorxiv_2024.06.03.597178.txt		loaded onto the 10x Chromium controller using Chromium Next GEM Single Cell 5” Reagent Kits v2 (Dual Index) with Feature Barcoding technology for Cell-Surface Protein and Immune Receptor Mapping	True
HC_BM_5	zenodo:14872876:HC_BM_5	assay	10x 5' v2	file	evidence/biorxiv_2024.06.03.597178.txt		loaded onto the 10x Chromium controller using Chromium Next GEM Single Cell 5” Reagent Kits v2 (Dual Index) with Feature Barcoding technology for Cell-Surface Protein and Immune Receptor Mapping	True
HC_BM_6	zenodo:14872876:HC_BM_6	assay	10x 5' v2	file	evidence/biorxiv_2024.06.03.597178.txt		loaded onto the 10x Chromium controller using Chromium Next GEM Single Cell 5” Reagent Kits v2 (Dual Index) with Feature Barcoding technology for Cell-Surface Protein and Immune Receptor Mapping	True
HC_BM_7	zenodo:14872876:HC_BM_7	assay	10x 5' v2	file	evidence/biorxiv_2024.06.03.597178.txt		loaded onto the 10x Chromium controller using Chromium Next GEM Single Cell 5” Reagent Kits v2 (Dual Index) with Feature Barcoding technology for Cell-Surface Protein and Immune Receptor Mapping	True
HC_BM_8	zenodo:14872876:HC_BM_8	assay	10x 5' v2	file	evidence/biorxiv_2024.06.03.597178.txt		loaded onto the 10x Chromium controller using Chromium Next GEM Single Cell 5” Reagent Kits v2 (Dual Index) with Feature Barcoding technology for Cell-Surface Protein and Immune Receptor Mapping	True
HC_PB_1	zenodo:14872876:HC_PB_1	assay	10x 5' v2	file	evidence/biorxiv_2024.06.03.597178.txt		loaded onto the 10x Chromium controller using Chromium Next GEM Single Cell 5” Reagent Kits v2 (Dual Index) with Feature Barcoding technology for Cell-Surface Protein and Immune Receptor Mapping	True
HC_PB_2	zenodo:14872876:HC_PB_2	assay	10x 5' v2	file	evidence/biorxiv_2024.06.03.597178.txt		loaded onto the 10x Chromium controller using Chromium Next GEM Single Cell 5” Reagent Kits v2 (Dual Index) with Feature Barcoding technology for Cell-Surface Protein and Immune Receptor Mapping	True
HC_PB_3	zenodo:14872876:HC_PB_3	assay	10x 5' v2	file	evidence/biorxiv_2024.06.03.597178.txt		loaded onto the 10x Chromium controller using Chromium Next GEM Single Cell 5” Reagent Kits v2 (Dual Index) with Feature Barcoding technology for Cell-Surface Protein and Immune Receptor Mapping	True
HC_PB_4	zenodo:14872876:HC_PB_4	assay	10x 5' v2	file	evidence/biorxiv_2024.06.03.597178.txt		loaded onto the 10x Chromium controller using Chromium Next GEM Single Cell 5” Reagent Kits v2 (Dual Index) with Feature Barcoding technology for Cell-Surface Protein and Immune Receptor Mapping	True
HC_PB_5	zenodo:14872876:HC_PB_5	assay	10x 5' v2	file	evidence/biorxiv_2024.06.03.597178.txt		loaded onto the 10x Chromium controller using Chromium Next GEM Single Cell 5” Reagent Kits v2 (Dual Index) with Feature Barcoding technology for Cell-Surface Protein and Immune Receptor Mapping	True
HC_PB_6	zenodo:14872876:HC_PB_6	assay	10x 5' v2	file	evidence/biorxiv_2024.06.03.597178.txt		loaded onto the 10x Chromium controller using Chromium Next GEM Single Cell 5” Reagent Kits v2 (Dual Index) with Feature Barcoding technology for Cell-Surface Protein and Immune Receptor Mapping	True
HC_PB_7	zenodo:14872876:HC_PB_7	assay	10x 5' v2	file	evidence/biorxiv_2024.06.03.597178.txt		loaded onto the 10x Chromium controller using Chromium Next GEM Single Cell 5” Reagent Kits v2 (Dual Index) with Feature Barcoding technology for Cell-Surface Protein and Immune Receptor Mapping	True
HC_PB_8	zenodo:14872876:HC_PB_8	assay	10x 5' v2	file	evidence/biorxiv_2024.06.03.597178.txt		loaded onto the 10x Chromium controller using Chromium Next GEM Single Cell 5” Reagent Kits v2 (Dual Index) with Feature Barcoding technology for Cell-Surface Protein and Immune Receptor Mapping	True
FH1002_BM_TRNY1	zenodo:14872876:FH1002_BM_TRNY1	gene_annotation_version	GRCh38	file	evidence/biorxiv_2024.06.03.597178.txt		aligned to the GRCh38 reference genome using Cell Ranger v6.0.1 (10x Genomics)	True
FH1002_PB_Y2D90	zenodo:14872876:FH1002_PB_Y2D90	gene_annotation_version	GRCh38	file	evidence/biorxiv_2024.06.03.597178.txt		aligned to the GRCh38 reference genome using Cell Ranger v6.0.1 (10x Genomics)	True
FH1003_BM_EIND1	zenodo:14872876:FH1003_BM_EIND1	gene_annotation_version	GRCh38	file	evidence/biorxiv_2024.06.03.597178.txt		aligned to the GRCh38 reference genome using Cell Ranger v6.0.1 (10x Genomics)	True
FH1003_BM_PRETX	zenodo:14872876:FH1003_BM_PRETX	gene_annotation_version	GRCh38	file	evidence/biorxiv_2024.06.03.597178.txt		aligned to the GRCh38 reference genome using Cell Ranger v6.0.1 (10x Genomics)	True
FH1003_BM_TRN90	zenodo:14872876:FH1003_BM_TRN90	gene_annotation_version	GRCh38	file	evidence/biorxiv_2024.06.03.597178.txt		aligned to the GRCh38 reference genome using Cell Ranger v6.0.1 (10x Genomics)	True
FH1003_BM_TRNY1	zenodo:14872876:FH1003_BM_TRNY1	gene_annotation_version	GRCh38	file	evidence/biorxiv_2024.06.03.597178.txt		aligned to the GRCh38 reference genome using Cell Ranger v6.0.1 (10x Genomics)	True
FH1003_PB_EIND1	zenodo:14872876:FH1003_PB_EIND1	gene_annotation_version	GRCh38	file	evidence/biorxiv_2024.06.03.597178.txt		aligned to the GRCh38 reference genome using Cell Ranger v6.0.1 (10x Genomics)	True
FH1003_PB_EIND2	zenodo:14872876:FH1003_PB_EIND2	gene_annotation_version	GRCh38	file	evidence/biorxiv_2024.06.03.597178.txt		aligned to the GRCh38 reference genome using Cell Ranger v6.0.1 (10x Genomics)	True
FH1003_PB_INDC3	zenodo:14872876:FH1003_PB_INDC3	gene_annotation_version	GRCh38	file	evidence/biorxiv_2024.06.03.597178.txt		aligned to the GRCh38 reference genome using Cell Ranger v6.0.1 (10x Genomics)	True
FH1003_PB_PRETX	zenodo:14872876:FH1003_PB_PRETX	gene_annotation_version	GRCh38	file	evidence/biorxiv_2024.06.03.597178.txt		aligned to the GRCh38 reference genome using Cell Ranger v6.0.1 (10x Genomics)	True
FH1003_PB_TRN90	zenodo:14872876:FH1003_PB_TRN90	gene_annotation_version	GRCh38	file	evidence/biorxiv_2024.06.03.597178.txt		aligned to the GRCh38 reference genome using Cell Ranger v6.0.1 (10x Genomics)	True
FH1003_PB_TRNY1	zenodo:14872876:FH1003_PB_TRNY1	gene_annotation_version	GRCh38	file	evidence/biorxiv_2024.06.03.597178.txt		aligned to the GRCh38 reference genome using Cell Ranger v6.0.1 (10x Genomics)	True
FH1004_PB_EIND1	zenodo:14872876:FH1004_PB_EIND1	gene_annotation_version	GRCh38	file	evidence/biorxiv_2024.06.03.597178.txt		aligned to the GRCh38 reference genome using Cell Ranger v6.0.1 (10x Genomics)	True
FH1004_PB_EIND2	zenodo:14872876:FH1004_PB_EIND2	gene_annotation_version	GRCh38	file	evidence/biorxiv_2024.06.03.597178.txt		aligned to the GRCh38 reference genome using Cell Ranger v6.0.1 (10x Genomics)	True
FH1004_PB_INDC2	zenodo:14872876:FH1004_PB_INDC2	gene_annotation_version	GRCh38	file	evidence/biorxiv_2024.06.03.597178.txt		aligned to the GRCh38 reference genome using Cell Ranger v6.0.1 (10x Genomics)	True
FH1004_PB_INDC3	zenodo:14872876:FH1004_PB_INDC3	gene_annotation_version	GRCh38	file	evidence/biorxiv_2024.06.03.597178.txt		aligned to the GRCh38 reference genome using Cell Ranger v6.0.1 (10x Genomics)	True
FH1004_PB_PRETX	zenodo:14872876:FH1004_PB_PRETX	gene_annotation_version	GRCh38	file	evidence/biorxiv_2024.06.03.597178.txt		aligned to the GRCh38 reference genome using Cell Ranger v6.0.1 (10x Genomics)	True
FH1004_PB_TRN90	zenodo:14872876:FH1004_PB_TRN90	gene_annotation_version	GRCh38	file	evidence/biorxiv_2024.06.03.597178.txt		aligned to the GRCh38 reference genome using Cell Ranger v6.0.1 (10x Genomics)	True
FH1005_BM_EIND1	zenodo:14872876:FH1005_BM_EIND1	gene_annotation_version	GRCh38	file	evidence/biorxiv_2024.06.03.597178.txt		aligned to the GRCh38 reference genome using Cell Ranger v6.0.1 (10x Genomics)	True
FH1005_BM_PRETX	zenodo:14872876:FH1005_BM_PRETX	gene_annotation_version	GRCh38	file	evidence/biorxiv_2024.06.03.597178.txt		aligned to the GRCh38 reference genome using Cell Ranger v6.0.1 (10x Genomics)	True
FH1005_BM_TRN90	zenodo:14872876:FH1005_BM_TRN90	gene_annotation_version	GRCh38	file	evidence/biorxiv_2024.06.03.597178.txt		aligned to the GRCh38 reference genome using Cell Ranger v6.0.1 (10x Genomics)	True
FH1005_PB_EIND2	zenodo:14872876:FH1005_PB_EIND2	gene_annotation_version	GRCh38	file	evidence/biorxiv_2024.06.03.597178.txt		aligned to the GRCh38 reference genome using Cell Ranger v6.0.1 (10x Genomics)	True
FH1005_PB_INDC3	zenodo:14872876:FH1005_PB_INDC3	gene_annotation_version	GRCh38	file	evidence/biorxiv_2024.06.03.597178.txt		aligned to the GRCh38 reference genome using Cell Ranger v6.0.1 (10x Genomics)	True
FH1005_PB_PRETX	zenodo:14872876:FH1005_PB_PRETX	gene_annotation_version	GRCh38	file	evidence/biorxiv_2024.06.03.597178.txt		aligned to the GRCh38 reference genome using Cell Ranger v6.0.1 (10x Genomics)	True
FH1005_PB_PoCo15	zenodo:14872876:FH1005_PB_PoCo15	gene_annotation_version	GRCh38	file	evidence/biorxiv_2024.06.03.597178.txt		aligned to the GRCh38 reference genome using Cell Ranger v6.0.1 (10x Genomics)	True
FH1005_PB_TRN90	zenodo:14872876:FH1005_PB_TRN90	gene_annotation_version	GRCh38	file	evidence/biorxiv_2024.06.03.597178.txt		aligned to the GRCh38 reference genome using Cell Ranger v6.0.1 (10x Genomics)	True
FH1006_PB_EIND1	zenodo:14872876:FH1006_PB_EIND1	gene_annotation_version	GRCh38	file	evidence/biorxiv_2024.06.03.597178.txt		aligned to the GRCh38 reference genome using Cell Ranger v6.0.1 (10x Genomics)	True
FH1006_PB_EIND2	zenodo:14872876:FH1006_PB_EIND2	gene_annotation_version	GRCh38	file	evidence/biorxiv_2024.06.03.597178.txt		aligned to the GRCh38 reference genome using Cell Ranger v6.0.1 (10x Genomics)	True
FH1006_PB_INDC3	zenodo:14872876:FH1006_PB_INDC3	gene_annotation_version	GRCh38	file	evidence/biorxiv_2024.06.03.597178.txt		aligned to the GRCh38 reference genome using Cell Ranger v6.0.1 (10x Genomics)	True
FH1006_PB_PRETX	zenodo:14872876:FH1006_PB_PRETX	gene_annotation_version	GRCh38	file	evidence/biorxiv_2024.06.03.597178.txt		aligned to the GRCh38 reference genome using Cell Ranger v6.0.1 (10x Genomics)	True
FH1006_PB_TRN60	zenodo:14872876:FH1006_PB_TRN60	gene_annotation_version	GRCh38	file	evidence/biorxiv_2024.06.03.597178.txt		aligned to the GRCh38 reference genome using Cell Ranger v6.0.1 (10x Genomics)	True
FH1006_PB_TRN90	zenodo:14872876:FH1006_PB_TRN90	gene_annotation_version	GRCh38	file	evidence/biorxiv_2024.06.03.597178.txt		aligned to the GRCh38 reference genome using Cell Ranger v6.0.1 (10x Genomics)	True
FH1006_PB_TRNY1	zenodo:14872876:FH1006_PB_TRNY1	gene_annotation_version	GRCh38	file	evidence/biorxiv_2024.06.03.597178.txt		aligned to the GRCh38 reference genome using Cell Ranger v6.0.1 (10x Genomics)	True
FH1007_BM_PRETX	zenodo:14872876:FH1007_BM_PRETX	gene_annotation_version	GRCh38	file	evidence/biorxiv_2024.06.03.597178.txt		aligned to the GRCh38 reference genome using Cell Ranger v6.0.1 (10x Genomics)	True
FH1007_BM_TRN90	zenodo:14872876:FH1007_BM_TRN90	gene_annotation_version	GRCh38	file	evidence/biorxiv_2024.06.03.597178.txt		aligned to the GRCh38 reference genome using Cell Ranger v6.0.1 (10x Genomics)	True
FH1007_BM_TRNY1	zenodo:14872876:FH1007_BM_TRNY1	gene_annotation_version	GRCh38	file	evidence/biorxiv_2024.06.03.597178.txt		aligned to the GRCh38 reference genome using Cell Ranger v6.0.1 (10x Genomics)	True
FH1007_PB_EIND1	zenodo:14872876:FH1007_PB_EIND1	gene_annotation_version	GRCh38	file	evidence/biorxiv_2024.06.03.597178.txt		aligned to the GRCh38 reference genome using Cell Ranger v6.0.1 (10x Genomics)	True
FH1007_PB_EIND2	zenodo:14872876:FH1007_PB_EIND2	gene_annotation_version	GRCh38	file	evidence/biorxiv_2024.06.03.597178.txt		aligned to the GRCh38 reference genome using Cell Ranger v6.0.1 (10x Genomics)	True
FH1007_PB_PRETX	zenodo:14872876:FH1007_PB_PRETX	gene_annotation_version	GRCh38	file	evidence/biorxiv_2024.06.03.597178.txt		aligned to the GRCh38 reference genome using Cell Ranger v6.0.1 (10x Genomics)	True
FH1007_PB_TRN90	zenodo:14872876:FH1007_PB_TRN90	gene_annotation_version	GRCh38	file	evidence/biorxiv_2024.06.03.597178.txt		aligned to the GRCh38 reference genome using Cell Ranger v6.0.1 (10x Genomics)	True
FH1007_PB_Y1D90	zenodo:14872876:FH1007_PB_Y1D90	gene_annotation_version	GRCh38	file	evidence/biorxiv_2024.06.03.597178.txt		aligned to the GRCh38 reference genome using Cell Ranger v6.0.1 (10x Genomics)	True
FH1008_BM_EIND1	zenodo:14872876:FH1008_BM_EIND1	gene_annotation_version	GRCh38	file	evidence/biorxiv_2024.06.03.597178.txt		aligned to the GRCh38 reference genome using Cell Ranger v6.0.1 (10x Genomics)	True
FH1008_BM_PRETX	zenodo:14872876:FH1008_BM_PRETX	gene_annotation_version	GRCh38	file	evidence/biorxiv_2024.06.03.597178.txt		aligned to the GRCh38 reference genome using Cell Ranger v6.0.1 (10x Genomics)	True
FH1008_BM_TRN90	zenodo:14872876:FH1008_BM_TRN90	gene_annotation_version	GRCh38	file	evidence/biorxiv_2024.06.03.597178.txt		aligned to the GRCh38 reference genome using Cell Ranger v6.0.1 (10x Genomics)	True
FH1008_BM_TRNY1	zenodo:14872876:FH1008_BM_TRNY1	gene_annotation_version	GRCh38	file	evidence/biorxiv_2024.06.03.597178.txt		aligned to the GRCh38 reference genome using Cell Ranger v6.0.1 (10x Genomics)	True
FH1008_PB_EIND1	zenodo:14872876:FH1008_PB_EIND1	gene_annotation_version	GRCh38	file	evidence/biorxiv_2024.06.03.597178.txt		aligned to the GRCh38 reference genome using Cell Ranger v6.0.1 (10x Genomics)	True
FH1008_PB_EIND2	zenodo:14872876:FH1008_PB_EIND2	gene_annotation_version	GRCh38	file	evidence/biorxiv_2024.06.03.597178.txt		aligned to the GRCh38 reference genome using Cell Ranger v6.0.1 (10x Genomics)	True
FH1008_PB_INDC3	zenodo:14872876:FH1008_PB_INDC3	gene_annotation_version	GRCh38	file	evidence/biorxiv_2024.06.03.597178.txt		aligned to the GRCh38 reference genome using Cell Ranger v6.0.1 (10x Genomics)	True
FH1008_PB_PRETX	zenodo:14872876:FH1008_PB_PRETX	gene_annotation_version	GRCh38	file	evidence/biorxiv_2024.06.03.597178.txt		aligned to the GRCh38 reference genome using Cell Ranger v6.0.1 (10x Genomics)	True
FH1008_PB_TRN90	zenodo:14872876:FH1008_PB_TRN90	gene_annotation_version	GRCh38	file	evidence/biorxiv_2024.06.03.597178.txt		aligned to the GRCh38 reference genome using Cell Ranger v6.0.1 (10x Genomics)	True
FH1008_PB_TRNY1	zenodo:14872876:FH1008_PB_TRNY1	gene_annotation_version	GRCh38	file	evidence/biorxiv_2024.06.03.597178.txt		aligned to the GRCh38 reference genome using Cell Ranger v6.0.1 (10x Genomics)	True
FH1009_BM_PRETX	zenodo:14872876:FH1009_BM_PRETX	gene_annotation_version	GRCh38	file	evidence/biorxiv_2024.06.03.597178.txt		aligned to the GRCh38 reference genome using Cell Ranger v6.0.1 (10x Genomics)	True
FH1009_BM_TRN90	zenodo:14872876:FH1009_BM_TRN90	gene_annotation_version	GRCh38	file	evidence/biorxiv_2024.06.03.597178.txt		aligned to the GRCh38 reference genome using Cell Ranger v6.0.1 (10x Genomics)	True
FH1009_PB_EIND2	zenodo:14872876:FH1009_PB_EIND2	gene_annotation_version	GRCh38	file	evidence/biorxiv_2024.06.03.597178.txt		aligned to the GRCh38 reference genome using Cell Ranger v6.0.1 (10x Genomics)	True
FH1009_PB_PRETX	zenodo:14872876:FH1009_PB_PRETX	gene_annotation_version	GRCh38	file	evidence/biorxiv_2024.06.03.597178.txt		aligned to the GRCh38 reference genome using Cell Ranger v6.0.1 (10x Genomics)	True
FH1009_PB_TRN90	zenodo:14872876:FH1009_PB_TRN90	gene_annotation_version	GRCh38	file	evidence/biorxiv_2024.06.03.597178.txt		aligned to the GRCh38 reference genome using Cell Ranger v6.0.1 (10x Genomics)	True
FH1011_BM_EIND1	zenodo:14872876:FH1011_BM_EIND1	gene_annotation_version	GRCh38	file	evidence/biorxiv_2024.06.03.597178.txt		aligned to the GRCh38 reference genome using Cell Ranger v6.0.1 (10x Genomics)	True
FH1011_BM_PRETX	zenodo:14872876:FH1011_BM_PRETX	gene_annotation_version	GRCh38	file	evidence/biorxiv_2024.06.03.597178.txt		aligned to the GRCh38 reference genome using Cell Ranger v6.0.1 (10x Genomics)	True
FH1011_BM_TRNY1	zenodo:14872876:FH1011_BM_TRNY1	gene_annotation_version	GRCh38	file	evidence/biorxiv_2024.06.03.597178.txt		aligned to the GRCh38 reference genome using Cell Ranger v6.0.1 (10x Genomics)	True
FH1011_PB_EIND2	zenodo:14872876:FH1011_PB_EIND2	gene_annotation_version	GRCh38	file	evidence/biorxiv_2024.06.03.597178.txt		aligned to the GRCh38 reference genome using Cell Ranger v6.0.1 (10x Genomics)	True
FH1011_PB_INDC3	zenodo:14872876:FH1011_PB_INDC3	gene_annotation_version	GRCh38	file	evidence/biorxiv_2024.06.03.597178.txt		aligned to the GRCh38 reference genome using Cell Ranger v6.0.1 (10x Genomics)	True
FH1011_PB_PRETX	zenodo:14872876:FH1011_PB_PRETX	gene_annotation_version	GRCh38	file	evidence/biorxiv_2024.06.03.597178.txt		aligned to the GRCh38 reference genome using Cell Ranger v6.0.1 (10x Genomics)	True
FH1011_PB_TRN90	zenodo:14872876:FH1011_PB_TRN90	gene_annotation_version	GRCh38	file	evidence/biorxiv_2024.06.03.597178.txt		aligned to the GRCh38 reference genome using Cell Ranger v6.0.1 (10x Genomics)	True
FH1011_PB_TRNY1	zenodo:14872876:FH1011_PB_TRNY1	gene_annotation_version	GRCh38	file	evidence/biorxiv_2024.06.03.597178.txt		aligned to the GRCh38 reference genome using Cell Ranger v6.0.1 (10x Genomics)	True
FH1016_BM_EIND1	zenodo:14872876:FH1016_BM_EIND1	gene_annotation_version	GRCh38	file	evidence/biorxiv_2024.06.03.597178.txt		aligned to the GRCh38 reference genome using Cell Ranger v6.0.1 (10x Genomics)	True
FH1016_BM_PRETX	zenodo:14872876:FH1016_BM_PRETX	gene_annotation_version	GRCh38	file	evidence/biorxiv_2024.06.03.597178.txt		aligned to the GRCh38 reference genome using Cell Ranger v6.0.1 (10x Genomics)	True
FH1016_BM_TRN90	zenodo:14872876:FH1016_BM_TRN90	gene_annotation_version	GRCh38	file	evidence/biorxiv_2024.06.03.597178.txt		aligned to the GRCh38 reference genome using Cell Ranger v6.0.1 (10x Genomics)	True
FH1016_BM_TRNY1	zenodo:14872876:FH1016_BM_TRNY1	gene_annotation_version	GRCh38	file	evidence/biorxiv_2024.06.03.597178.txt		aligned to the GRCh38 reference genome using Cell Ranger v6.0.1 (10x Genomics)	True
FH1016_PB_EIND2	zenodo:14872876:FH1016_PB_EIND2	gene_annotation_version	GRCh38	file	evidence/biorxiv_2024.06.03.597178.txt		aligned to the GRCh38 reference genome using Cell Ranger v6.0.1 (10x Genomics)	True
FH1016_PB_PRETX	zenodo:14872876:FH1016_PB_PRETX	gene_annotation_version	GRCh38	file	evidence/biorxiv_2024.06.03.597178.txt		aligned to the GRCh38 reference genome using Cell Ranger v6.0.1 (10x Genomics)	True
FH1016_PB_TRN90	zenodo:14872876:FH1016_PB_TRN90	gene_annotation_version	GRCh38	file	evidence/biorxiv_2024.06.03.597178.txt		aligned to the GRCh38 reference genome using Cell Ranger v6.0.1 (10x Genomics)	True
FH1016_PB_TRNY1	zenodo:14872876:FH1016_PB_TRNY1	gene_annotation_version	GRCh38	file	evidence/biorxiv_2024.06.03.597178.txt		aligned to the GRCh38 reference genome using Cell Ranger v6.0.1 (10x Genomics)	True
FH1022_BM_EIND1	zenodo:14872876:FH1022_BM_EIND1	gene_annotation_version	GRCh38	file	evidence/biorxiv_2024.06.03.597178.txt		aligned to the GRCh38 reference genome using Cell Ranger v6.0.1 (10x Genomics)	True
FH1022_BM_PRETX	zenodo:14872876:FH1022_BM_PRETX	gene_annotation_version	GRCh38	file	evidence/biorxiv_2024.06.03.597178.txt		aligned to the GRCh38 reference genome using Cell Ranger v6.0.1 (10x Genomics)	True
FH1022_BM_TRN90	zenodo:14872876:FH1022_BM_TRN90	gene_annotation_version	GRCh38	file	evidence/biorxiv_2024.06.03.597178.txt		aligned to the GRCh38 reference genome using Cell Ranger v6.0.1 (10x Genomics)	True
FH1022_BM_TRNY1	zenodo:14872876:FH1022_BM_TRNY1	gene_annotation_version	GRCh38	file	evidence/biorxiv_2024.06.03.597178.txt		aligned to the GRCh38 reference genome using Cell Ranger v6.0.1 (10x Genomics)	True
FH1022_PB_EIND1	zenodo:14872876:FH1022_PB_EIND1	gene_annotation_version	GRCh38	file	evidence/biorxiv_2024.06.03.597178.txt		aligned to the GRCh38 reference genome using Cell Ranger v6.0.1 (10x Genomics)	True
FH1022_PB_PRETX	zenodo:14872876:FH1022_PB_PRETX	gene_annotation_version	GRCh38	file	evidence/biorxiv_2024.06.03.597178.txt		aligned to the GRCh38 reference genome using Cell Ranger v6.0.1 (10x Genomics)	True
FH1022_PB_TRN90	zenodo:14872876:FH1022_PB_TRN90	gene_annotation_version	GRCh38	file	evidence/biorxiv_2024.06.03.597178.txt		aligned to the GRCh38 reference genome using Cell Ranger v6.0.1 (10x Genomics)	True
HC_BM_1	zenodo:14872876:HC_BM_1	gene_annotation_version	GRCh38	file	evidence/biorxiv_2024.06.03.597178.txt		aligned to the GRCh38 reference genome using Cell Ranger v6.0.1 (10x Genomics)	True
HC_BM_2	zenodo:14872876:HC_BM_2	gene_annotation_version	GRCh38	file	evidence/biorxiv_2024.06.03.597178.txt		aligned to the GRCh38 reference genome using Cell Ranger v6.0.1 (10x Genomics)	True
HC_BM_3	zenodo:14872876:HC_BM_3	gene_annotation_version	GRCh38	file	evidence/biorxiv_2024.06.03.597178.txt		aligned to the GRCh38 reference genome using Cell Ranger v6.0.1 (10x Genomics)	True
HC_BM_4	zenodo:14872876:HC_BM_4	gene_annotation_version	GRCh38	file	evidence/biorxiv_2024.06.03.597178.txt		aligned to the GRCh38 reference genome using Cell Ranger v6.0.1 (10x Genomics)	True
HC_BM_5	zenodo:14872876:HC_BM_5	gene_annotation_version	GRCh38	file	evidence/biorxiv_2024.06.03.597178.txt		aligned to the GRCh38 reference genome using Cell Ranger v6.0.1 (10x Genomics)	True
HC_BM_6	zenodo:14872876:HC_BM_6	gene_annotation_version	GRCh38	file	evidence/biorxiv_2024.06.03.597178.txt		aligned to the GRCh38 reference genome using Cell Ranger v6.0.1 (10x Genomics)	True
HC_BM_7	zenodo:14872876:HC_BM_7	gene_annotation_version	GRCh38	file	evidence/biorxiv_2024.06.03.597178.txt		aligned to the GRCh38 reference genome using Cell Ranger v6.0.1 (10x Genomics)	True
HC_BM_8	zenodo:14872876:HC_BM_8	gene_annotation_version	GRCh38	file	evidence/biorxiv_2024.06.03.597178.txt		aligned to the GRCh38 reference genome using Cell Ranger v6.0.1 (10x Genomics)	True
HC_PB_1	zenodo:14872876:HC_PB_1	gene_annotation_version	GRCh38	file	evidence/biorxiv_2024.06.03.597178.txt		aligned to the GRCh38 reference genome using Cell Ranger v6.0.1 (10x Genomics)	True
HC_PB_2	zenodo:14872876:HC_PB_2	gene_annotation_version	GRCh38	file	evidence/biorxiv_2024.06.03.597178.txt		aligned to the GRCh38 reference genome using Cell Ranger v6.0.1 (10x Genomics)	True
HC_PB_3	zenodo:14872876:HC_PB_3	gene_annotation_version	GRCh38	file	evidence/biorxiv_2024.06.03.597178.txt		aligned to the GRCh38 reference genome using Cell Ranger v6.0.1 (10x Genomics)	True
HC_PB_4	zenodo:14872876:HC_PB_4	gene_annotation_version	GRCh38	file	evidence/biorxiv_2024.06.03.597178.txt		aligned to the GRCh38 reference genome using Cell Ranger v6.0.1 (10x Genomics)	True
HC_PB_5	zenodo:14872876:HC_PB_5	gene_annotation_version	GRCh38	file	evidence/biorxiv_2024.06.03.597178.txt		aligned to the GRCh38 reference genome using Cell Ranger v6.0.1 (10x Genomics)	True
HC_PB_6	zenodo:14872876:HC_PB_6	gene_annotation_version	GRCh38	file	evidence/biorxiv_2024.06.03.597178.txt		aligned to the GRCh38 reference genome using Cell Ranger v6.0.1 (10x Genomics)	True
HC_PB_7	zenodo:14872876:HC_PB_7	gene_annotation_version	GRCh38	file	evidence/biorxiv_2024.06.03.597178.txt		aligned to the GRCh38 reference genome using Cell Ranger v6.0.1 (10x Genomics)	True
HC_PB_8	zenodo:14872876:HC_PB_8	gene_annotation_version	GRCh38	file	evidence/biorxiv_2024.06.03.597178.txt		aligned to the GRCh38 reference genome using Cell Ranger v6.0.1 (10x Genomics)	True
